driver_id,join_at,service_tier,airport_eligible,ingested_at
D00001,2024-05-14T10:18:19+08:00,Taxi,false,2024-05-14T10:23:19+08:00
D00002,2023-10-16T04:59:18+08:00,Taxi,false,2023-10-16T05:04:18+08:00
D00003,2024-09-17T02:09:29+08:00,Comfort,false,2024-09-17T02:14:29+08:00
D00004,2024-08-05T21:05:34+08:00,Taxi,true,2024-08-05T21:10:34+08:00
D00005,2024-02-04T21:02:24+08:00,Taxi,false,2024-02-04T21:07:24+08:00
D00006,2023-04-07T21:41:41+08:00,Taxi,false,2023-04-07T21:46:41+08:00
D00007,2023-03-22T15:44:11+08:00,Taxi,true,2023-03-22T15:49:11+08:00
D00008,2024-01-26T16:59:30+08:00,Taxi,true,2024-01-26T17:04:30+08:00
D00009,2024-05-18T05:31:00+08:00,Taxi,true,2024-05-18T05:36:00+08:00
D00010,2023-11-26T04:27:46+08:00,Taxi,true,2023-11-26T04:32:46+08:00
D00011,2024-02-03T17:10:55+08:00,Taxi,true,2024-02-03T17:15:55+08:00
D00012,2024-03-02T06:53:02+08:00,Taxi,true,2024-03-02T06:58:02+08:00
D00013,2023-07-08T15:25:44+08:00,Taxi,false,2023-07-08T15:30:44+08:00
D00014,2023-08-15T14:42:20+08:00,Taxi,true,2023-08-15T14:47:20+08:00
D00015,2024-05-12T08:15:15+08:00,Taxi,false,2024-05-12T08:20:15+08:00
D00016,2024-03-10T12:15:27+08:00,Taxi,true,2024-03-10T12:20:27+08:00
D00017,2024-11-25T18:16:24+08:00,Taxi,true,2024-11-25T18:21:24+08:00
D00018,2023-03-07T07:00:41+08:00,Taxi,false,2023-03-07T07:05:41+08:00
D00019,2024-03-03T14:56:00+08:00,Taxi,true,2024-03-03T15:01:00+08:00
D00020,2023-04-12T22:19:51+08:00,Taxi,true,2023-04-12T22:24:51+08:00
D00021,2023-07-19T15:55:23+08:00,Taxi,false,2023-07-19T16:00:23+08:00
D00022,2023-09-10T12:48:54+08:00,Taxi,true,2023-09-10T12:53:54+08:00
D00023,2024-06-17T03:16:55+08:00,Taxi,false,2024-06-17T03:21:55+08:00
D00024,2024-08-03T16:52:26+08:00,Taxi,true,2024-08-03T16:57:26+08:00
D00025,2024-03-12T21:52:56+08:00,Taxi,true,2024-03-12T21:57:56+08:00
D00026,2024-01-12T16:20:08+08:00,Comfort,true,2024-01-12T16:25:08+08:00
D00027,2023-12-31T17:53:42+08:00,Taxi,true,2023-12-31T17:58:42+08:00
D00028,2024-10-02T23:48:25+08:00,Comfort,true,2024-10-02T23:53:25+08:00
D00029,2024-09-03T18:47:16+08:00,Taxi,true,2024-09-03T18:52:16+08:00
D00030,2023-06-07T07:40:48+08:00,Taxi,true,2023-06-07T07:45:48+08:00
D00031,2023-10-13T21:19:27+08:00,Taxi,true,2023-10-13T21:24:27+08:00
D00032,2023-02-22T01:39:25+08:00,Taxi,true,2023-02-22T01:44:25+08:00
D00033,2024-11-16T04:30:01+08:00,Comfort,true,2024-11-16T04:35:01+08:00
D00034,2023-02-14T04:28:59+08:00,Taxi,false,2023-02-14T04:33:59+08:00
D00035,2023-10-06T06:31:30+08:00,Taxi,true,2023-10-06T06:36:30+08:00
D00036,2024-11-11T03:14:22+08:00,Taxi,true,2024-11-11T03:19:22+08:00
D00037,2024-07-05T14:05:50+08:00,XL,true,2024-07-05T14:10:50+08:00
D00038,2023-08-23T03:03:51+08:00,Taxi,true,2023-08-23T03:08:51+08:00
D00039,2023-01-31T20:25:26+08:00,Comfort,true,2023-01-31T20:30:26+08:00
D00040,2024-10-18T02:39:50+08:00,Taxi,true,2024-10-18T02:44:50+08:00
D00041,2023-11-14T06:47:42+08:00,Taxi,true,2023-11-14T06:52:42+08:00
D00042,2023-01-29T05:43:43+08:00,Taxi,false,2023-01-29T05:48:43+08:00
D00043,2024-09-19T04:57:56+08:00,Comfort,true,2024-09-19T05:02:56+08:00
D00044,2024-11-12T23:57:10+08:00,Comfort,true,2024-11-13T00:02:10+08:00
D00045,2024-01-18T09:36:49+08:00,Taxi,true,2024-01-18T09:41:49+08:00
D00046,2023-01-22T09:45:36+08:00,Taxi,true,2023-01-22T09:50:36+08:00
D00047,2024-08-28T06:30:48+08:00,Taxi,true,2024-08-28T06:35:48+08:00
D00048,2023-02-13T01:43:16+08:00,Taxi,false,2023-02-13T01:48:16+08:00
D00049,2024-08-02T00:19:35+08:00,Comfort,true,2024-08-02T00:24:35+08:00
D00050,2023-12-05T12:00:33+08:00,Taxi,false,2023-12-05T12:05:33+08:00
D00051,2024-05-28T14:33:28+08:00,Taxi,true,2024-05-28T14:38:28+08:00
D00052,2023-05-26T23:54:14+08:00,Comfort,true,2023-05-26T23:59:14+08:00
D00053,2024-07-12T04:44:10+08:00,Taxi,false,2024-07-12T04:49:10+08:00
D00054,2024-08-22T05:51:46+08:00,Taxi,true,2024-08-22T05:56:46+08:00
D00055,2024-01-16T12:35:46+08:00,Taxi,true,2024-01-16T12:40:46+08:00
D00056,2023-11-14T09:13:17+08:00,Taxi,true,2023-11-14T09:18:17+08:00
D00057,2024-01-16T22:21:54+08:00,Taxi,true,2024-01-16T22:26:54+08:00
D00058,2024-07-23T03:10:05+08:00,Comfort,true,2024-07-23T03:15:05+08:00
D00059,2023-12-27T15:03:45+08:00,Taxi,true,2023-12-27T15:08:45+08:00
D00060,2023-06-15T07:45:37+08:00,Taxi,false,2023-06-15T07:50:37+08:00
D00061,2023-05-03T04:25:06+08:00,Taxi,true,2023-05-03T04:30:06+08:00
D00062,2024-02-23T20:24:29+08:00,XL,false,2024-02-23T20:29:29+08:00
D00063,2023-05-12T03:38:28+08:00,Taxi,false,2023-05-12T03:43:28+08:00
D00064,2024-02-17T11:22:21+08:00,Comfort,true,2024-02-17T11:27:21+08:00
D00065,2024-02-18T09:26:02+08:00,Taxi,false,2024-02-18T09:31:02+08:00
D00066,2024-11-13T09:30:35+08:00,Taxi,false,2024-11-13T09:35:35+08:00
D00067,2023-07-03T06:08:27+08:00,Comfort,false,2023-07-03T06:13:27+08:00
D00068,2024-07-07T15:18:28+08:00,Taxi,false,2024-07-07T15:23:28+08:00
D00069,2024-05-20T08:24:49+08:00,Comfort,false,2024-05-20T08:29:49+08:00
D00070,2024-02-29T01:50:54+08:00,Taxi,true,2024-02-29T01:55:54+08:00
D00071,2023-03-04T03:29:46+08:00,Taxi,true,2023-03-04T03:34:46+08:00
D00072,2024-09-16T06:08:16+08:00,Taxi,true,2024-09-16T06:13:16+08:00
D00073,2024-04-18T10:36:13+08:00,Comfort,false,2024-04-18T10:41:13+08:00
D00074,2024-01-10T08:59:44+08:00,XL,true,2024-01-10T09:04:44+08:00
D00075,2024-06-27T11:58:31+08:00,Taxi,true,2024-06-27T12:03:31+08:00
D00076,2023-05-01T05:53:26+08:00,Taxi,true,2023-05-01T05:58:26+08:00
D00077,2023-12-05T12:31:51+08:00,Comfort,true,2023-12-05T12:36:51+08:00
D00078,2024-04-05T11:52:20+08:00,Taxi,true,2024-04-05T11:57:20+08:00
D00079,2023-10-18T01:51:43+08:00,Taxi,true,2023-10-18T01:56:43+08:00
D00080,2023-03-15T12:55:51+08:00,XL,false,2023-03-15T13:00:51+08:00
D00081,2024-06-23T13:14:07+08:00,Taxi,true,2024-06-23T13:19:07+08:00
D00082,2023-11-27T12:57:07+08:00,Taxi,true,2023-11-27T13:02:07+08:00
D00083,2023-01-21T21:39:04+08:00,Taxi,false,2023-01-21T21:44:04+08:00
D00084,2024-02-11T08:52:25+08:00,Taxi,true,2024-02-11T08:57:25+08:00
D00085,2024-02-13T00:47:04+08:00,Taxi,true,2024-02-13T00:52:04+08:00
D00086,2023-05-18T11:14:41+08:00,Taxi,false,2023-05-18T11:19:41+08:00
D00087,2023-05-05T19:24:57+08:00,Taxi,true,2023-05-05T19:29:57+08:00
D00088,2023-11-30T17:02:56+08:00,Taxi,true,2023-11-30T17:07:56+08:00
D00089,2024-10-04T16:08:50+08:00,Taxi,false,2024-10-04T16:13:50+08:00
D00090,2023-10-23T13:20:17+08:00,Taxi,true,2023-10-23T13:25:17+08:00
D00091,2023-12-28T19:15:57+08:00,Comfort,true,2023-12-28T19:20:57+08:00
D00092,2024-10-24T09:12:26+08:00,Taxi,true,2024-10-24T09:17:26+08:00
D00093,2024-11-17T12:17:48+08:00,Taxi,true,2024-11-17T12:22:48+08:00
D00094,2024-02-14T11:10:09+08:00,XL,false,2024-02-14T11:15:09+08:00
D00095,2024-09-28T05:30:56+08:00,XL,true,2024-09-28T05:35:56+08:00
D00096,2024-04-13T09:35:27+08:00,Taxi,true,2024-04-13T09:40:27+08:00
D00097,2024-01-01T13:19:00+08:00,Taxi,true,2024-01-01T13:24:00+08:00
D00098,2023-06-21T22:01:11+08:00,Comfort,true,2023-06-21T22:06:11+08:00
D00099,2023-01-20T09:29:25+08:00,Taxi,true,2023-01-20T09:34:25+08:00
D00100,2024-06-23T04:57:00+08:00,Taxi,true,2024-06-23T05:02:00+08:00
D00101,2023-02-15T11:48:43+08:00,Taxi,true,2023-02-15T11:53:43+08:00
D00102,2024-03-07T03:07:00+08:00,Taxi,false,2024-03-07T03:12:00+08:00
D00103,2024-03-30T00:22:06+08:00,Taxi,true,2024-03-30T00:27:06+08:00
D00104,2024-05-06T23:45:36+08:00,Taxi,true,2024-05-06T23:50:36+08:00
D00105,2023-07-22T08:25:19+08:00,XL,true,2023-07-22T08:30:19+08:00
D00106,2023-03-02T12:39:55+08:00,XL,true,2023-03-02T12:44:55+08:00
D00107,2024-09-11T18:29:59+08:00,Taxi,true,2024-09-11T18:34:59+08:00
D00108,2023-12-02T03:38:14+08:00,Taxi,true,2023-12-02T03:43:14+08:00
D00109,2024-05-21T01:24:58+08:00,Taxi,true,2024-05-21T01:29:58+08:00
D00110,2023-08-14T16:51:50+08:00,Taxi,true,2023-08-14T16:56:50+08:00
D00111,2024-03-30T00:37:30+08:00,Taxi,true,2024-03-30T00:42:30+08:00
D00112,2024-03-30T03:38:51+08:00,Taxi,true,2024-03-30T03:43:51+08:00
D00113,2023-07-25T03:56:05+08:00,XL,false,2023-07-25T04:01:05+08:00
D00114,2023-04-08T14:22:28+08:00,Comfort,true,2023-04-08T14:27:28+08:00
D00115,2023-03-16T06:46:41+08:00,Taxi,true,2023-03-16T06:51:41+08:00
D00116,2024-06-07T05:31:49+08:00,Taxi,false,2024-06-07T05:36:49+08:00
D00117,2024-02-06T03:01:15+08:00,Taxi,true,2024-02-06T03:06:15+08:00
D00118,2024-10-18T02:55:37+08:00,Taxi,false,2024-10-18T03:00:37+08:00
D00119,2024-03-06T16:00:57+08:00,Taxi,false,2024-03-06T16:05:57+08:00
D00120,2023-02-23T11:51:50+08:00,Taxi,true,2023-02-23T11:56:50+08:00
D00121,2024-08-01T21:34:54+08:00,Taxi,false,2024-08-01T21:39:54+08:00
D00122,2024-10-24T10:00:35+08:00,Taxi,true,2024-10-24T10:05:35+08:00
D00123,2023-02-09T19:34:07+08:00,Taxi,false,2023-02-09T19:39:07+08:00
D00124,2024-07-01T17:37:10+08:00,Taxi,true,2024-07-01T17:42:10+08:00
D00125,2023-10-24T08:11:57+08:00,Comfort,true,2023-10-24T08:16:57+08:00
D00126,2023-02-12T18:08:48+08:00,Taxi,true,2023-02-12T18:13:48+08:00
D00127,2024-05-21T06:01:49+08:00,Comfort,true,2024-05-21T06:06:49+08:00
D00128,2023-12-23T00:06:59+08:00,Comfort,true,2023-12-23T00:11:59+08:00
D00129,2024-04-13T08:00:23+08:00,Taxi,true,2024-04-13T08:05:23+08:00
D00130,2023-03-17T12:18:29+08:00,Taxi,true,2023-03-17T12:23:29+08:00
D00131,2023-04-15T08:49:27+08:00,Comfort,true,2023-04-15T08:54:27+08:00
D00132,2024-07-29T20:55:48+08:00,Taxi,true,2024-07-29T21:00:48+08:00
D00133,2024-08-23T14:48:43+08:00,Comfort,true,2024-08-23T14:53:43+08:00
D00134,2023-04-22T13:04:37+08:00,Taxi,true,2023-04-22T13:09:37+08:00
D00135,2024-04-17T02:34:38+08:00,Taxi,true,2024-04-17T02:39:38+08:00
D00136,2023-03-02T18:00:23+08:00,Taxi,true,2023-03-02T18:05:23+08:00
D00137,2023-12-19T20:33:02+08:00,Comfort,false,2023-12-19T20:38:02+08:00
D00138,2024-04-15T23:32:01+08:00,Taxi,false,2024-04-15T23:37:01+08:00
D00139,2024-10-23T23:01:43+08:00,Comfort,true,2024-10-23T23:06:43+08:00
D00140,2023-10-11T12:50:41+08:00,Taxi,true,2023-10-11T12:55:41+08:00
D00141,2023-06-17T03:40:41+08:00,Taxi,true,2023-06-17T03:45:41+08:00
D00142,2024-02-25T23:34:02+08:00,Taxi,false,2024-02-25T23:39:02+08:00
D00143,2024-04-20T03:49:28+08:00,Taxi,false,2024-04-20T03:54:28+08:00
D00144,2024-04-30T22:31:48+08:00,XL,true,2024-04-30T22:36:48+08:00
D00145,2024-02-20T16:11:44+08:00,Taxi,false,2024-02-20T16:16:44+08:00
D00146,2024-02-27T10:20:02+08:00,Taxi,true,2024-02-27T10:25:02+08:00
D00147,2024-01-24T15:46:36+08:00,Taxi,true,2024-01-24T15:51:36+08:00
D00148,2024-05-09T13:27:08+08:00,Taxi,false,2024-05-09T13:32:08+08:00
D00149,2024-01-08T09:51:39+08:00,Comfort,true,2024-01-08T09:56:39+08:00
D00150,2023-09-28T03:02:23+08:00,Taxi,true,2023-09-28T03:07:23+08:00
D00151,2023-04-11T11:16:30+08:00,Taxi,true,2023-04-11T11:21:30+08:00
D00152,2023-09-19T20:25:32+08:00,Taxi,false,2023-09-19T20:30:32+08:00
D00153,2023-11-14T07:05:51+08:00,Taxi,false,2023-11-14T07:10:51+08:00
D00154,2023-12-13T13:22:05+08:00,Taxi,false,2023-12-13T13:27:05+08:00
D00155,2023-05-16T12:48:40+08:00,Taxi,true,2023-05-16T12:53:40+08:00
D00156,2023-06-02T00:38:59+08:00,Taxi,true,2023-06-02T00:43:59+08:00
D00157,2024-03-06T22:44:40+08:00,Comfort,true,2024-03-06T22:49:40+08:00
D00158,2023-05-30T03:19:07+08:00,Comfort,true,2023-05-30T03:24:07+08:00
D00159,2024-11-09T18:33:05+08:00,Taxi,false,2024-11-09T18:38:05+08:00
D00160,2024-02-03T13:48:25+08:00,Taxi,true,2024-02-03T13:53:25+08:00
D00161,2023-08-17T12:11:22+08:00,Taxi,true,2023-08-17T12:16:22+08:00
D00162,2024-04-09T23:38:16+08:00,Taxi,true,2024-04-09T23:43:16+08:00
D00163,2023-02-13T17:02:11+08:00,Comfort,true,2023-02-13T17:07:11+08:00
D00164,2024-09-03T05:43:12+08:00,Taxi,true,2024-09-03T05:48:12+08:00
D00165,2023-05-02T13:43:39+08:00,Taxi,true,2023-05-02T13:48:39+08:00
D00166,2024-05-03T19:36:35+08:00,Taxi,true,2024-05-03T19:41:35+08:00
D00167,2023-03-26T17:10:03+08:00,Taxi,true,2023-03-26T17:15:03+08:00
D00168,2023-10-06T02:34:56+08:00,Taxi,false,2023-10-06T02:39:56+08:00
D00169,2024-09-03T05:02:29+08:00,Comfort,false,2024-09-03T05:07:29+08:00
D00170,2024-02-13T20:21:56+08:00,XL,true,2024-02-13T20:26:56+08:00
D00171,2024-05-13T06:24:37+08:00,Taxi,true,2024-05-13T06:29:37+08:00
D00172,2023-06-24T01:05:01+08:00,Taxi,true,2023-06-24T01:10:01+08:00
D00173,2024-11-12T20:21:00+08:00,Comfort,true,2024-11-12T20:26:00+08:00
D00174,2024-07-29T05:45:32+08:00,Taxi,false,2024-07-29T05:50:32+08:00
D00175,2023-08-21T00:12:25+08:00,Comfort,true,2023-08-21T00:17:25+08:00
D00176,2024-06-14T13:32:40+08:00,XL,false,2024-06-14T13:37:40+08:00
D00177,2023-12-12T04:55:17+08:00,Taxi,true,2023-12-12T05:00:17+08:00
D00178,2023-01-20T18:02:50+08:00,Taxi,true,2023-01-20T18:07:50+08:00
D00179,2023-11-22T04:52:36+08:00,Taxi,false,2023-11-22T04:57:36+08:00
D00180,2023-02-10T05:56:02+08:00,Taxi,true,2023-02-10T06:01:02+08:00
D00181,2024-08-06T14:04:02+08:00,Taxi,true,2024-08-06T14:09:02+08:00
D00182,2024-11-21T23:56:49+08:00,Taxi,false,2024-11-22T00:01:49+08:00
D00183,2024-10-30T13:08:54+08:00,Taxi,false,2024-10-30T13:13:54+08:00
D00184,2024-05-21T23:30:46+08:00,Taxi,true,2024-05-21T23:35:46+08:00
D00185,2024-11-05T00:46:30+08:00,XL,true,2024-11-05T00:51:30+08:00
D00186,2023-02-12T06:24:49+08:00,Taxi,true,2023-02-12T06:29:49+08:00
D00187,2023-09-06T11:50:59+08:00,Taxi,true,2023-09-06T11:55:59+08:00
D00188,2024-04-07T13:13:46+08:00,Taxi,true,2024-04-07T13:18:46+08:00
D00189,2024-05-23T05:20:35+08:00,Taxi,true,2024-05-23T05:25:35+08:00
D00190,2024-08-02T19:27:36+08:00,Taxi,true,2024-08-02T19:32:36+08:00
D00191,2023-01-18T13:07:57+08:00,Taxi,true,2023-01-18T13:12:57+08:00
D00192,2023-07-16T07:38:40+08:00,Taxi,true,2023-07-16T07:43:40+08:00
D00193,2023-01-23T13:15:15+08:00,XL,false,2023-01-23T13:20:15+08:00
D00194,2023-07-31T04:32:57+08:00,Comfort,true,2023-07-31T04:37:57+08:00
D00195,2023-10-14T06:40:48+08:00,Comfort,true,2023-10-14T06:45:48+08:00
D00196,2023-11-30T06:32:08+08:00,Taxi,true,2023-11-30T06:37:08+08:00
D00197,2024-06-12T10:44:11+08:00,Taxi,true,2024-06-12T10:49:11+08:00
D00198,2024-07-22T21:30:23+08:00,Comfort,false,2024-07-22T21:35:23+08:00
D00199,2023-05-28T13:17:53+08:00,Taxi,true,2023-05-28T13:22:53+08:00
D00200,2024-05-10T00:41:26+08:00,Taxi,true,2024-05-10T00:46:26+08:00
D00201,2024-01-01T19:27:21+08:00,Comfort,false,2024-01-01T19:32:21+08:00
D00202,2023-01-12T07:11:23+08:00,Taxi,false,2023-01-12T07:16:23+08:00
D00203,2023-12-01T17:03:05+08:00,Taxi,true,2023-12-01T17:08:05+08:00
D00204,2024-06-26T07:02:11+08:00,Taxi,true,2024-06-26T07:07:11+08:00
D00205,2023-10-18T15:34:13+08:00,Taxi,true,2023-10-18T15:39:13+08:00
D00206,2024-02-16T17:58:59+08:00,Taxi,false,2024-02-16T18:03:59+08:00
D00207,2024-05-05T02:20:31+08:00,Taxi,true,2024-05-05T02:25:31+08:00
D00208,2024-09-08T15:54:53+08:00,Taxi,true,2024-09-08T15:59:53+08:00
D00209,2023-11-04T07:57:29+08:00,Taxi,true,2023-11-04T08:02:29+08:00
D00210,2024-07-03T16:04:43+08:00,Taxi,true,2024-07-03T16:09:43+08:00
D00211,2023-12-03T15:51:17+08:00,Taxi,false,2023-12-03T15:56:17+08:00
D00212,2024-01-29T08:18:14+08:00,Comfort,true,2024-01-29T08:23:14+08:00
D00213,2024-10-05T09:28:25+08:00,Taxi,false,2024-10-05T09:33:25+08:00
D00214,2023-05-25T13:30:43+08:00,Comfort,true,2023-05-25T13:35:43+08:00
D00215,2023-12-26T03:18:58+08:00,Taxi,true,2023-12-26T03:23:58+08:00
D00216,2023-05-13T21:20:56+08:00,Comfort,true,2023-05-13T21:25:56+08:00
D00217,2024-07-04T16:08:16+08:00,Taxi,true,2024-07-04T16:13:16+08:00
D00218,2023-12-26T01:59:14+08:00,Taxi,true,2023-12-26T02:04:14+08:00
D00219,2023-05-03T02:25:07+08:00,Comfort,false,2023-05-03T02:30:07+08:00
D00220,2023-12-21T19:30:23+08:00,XL,true,2023-12-21T19:35:23+08:00
D00221,2023-08-31T07:55:16+08:00,Taxi,false,2023-08-31T08:00:16+08:00
D00222,2023-12-31T15:45:58+08:00,Taxi,false,2023-12-31T15:50:58+08:00
D00223,2023-09-14T12:06:18+08:00,Taxi,true,2023-09-14T12:11:18+08:00
D00224,2023-02-22T16:03:16+08:00,Taxi,true,2023-02-22T16:08:16+08:00
D00225,2023-01-16T03:41:30+08:00,Taxi,true,2023-01-16T03:46:30+08:00
D00226,2024-11-26T02:57:50+08:00,Taxi,false,2024-11-26T03:02:50+08:00
D00227,2024-04-18T02:43:34+08:00,Taxi,true,2024-04-18T02:48:34+08:00
D00228,2023-10-25T11:49:32+08:00,Taxi,true,2023-10-25T11:54:32+08:00
D00229,2023-10-04T10:00:09+08:00,Taxi,true,2023-10-04T10:05:09+08:00
D00230,2023-04-05T10:21:20+08:00,Comfort,true,2023-04-05T10:26:20+08:00
D00231,2024-10-27T08:26:35+08:00,Comfort,true,2024-10-27T08:31:35+08:00
D00232,2023-09-05T05:54:34+08:00,Comfort,true,2023-09-05T05:59:34+08:00
D00233,2023-09-11T08:48:15+08:00,Taxi,false,2023-09-11T08:53:15+08:00
D00234,2023-03-06T01:43:26+08:00,Taxi,true,2023-03-06T01:48:26+08:00
D00235,2024-04-05T04:11:48+08:00,Taxi,true,2024-04-05T04:16:48+08:00
D00236,2024-05-29T16:57:52+08:00,Taxi,true,2024-05-29T17:02:52+08:00
D00237,2023-10-27T15:39:38+08:00,Comfort,false,2023-10-27T15:44:38+08:00
D00238,2023-02-17T09:41:26+08:00,Comfort,true,2023-02-17T09:46:26+08:00
D00239,2024-01-21T04:12:08+08:00,Taxi,true,2024-01-21T04:17:08+08:00
D00240,2023-05-03T23:58:49+08:00,Taxi,false,2023-05-04T00:03:49+08:00
D00241,2023-01-26T19:29:16+08:00,Taxi,true,2023-01-26T19:34:16+08:00
D00242,2023-09-13T08:35:58+08:00,Taxi,true,2023-09-13T08:40:58+08:00
D00243,2024-02-03T08:54:48+08:00,Taxi,true,2024-02-03T08:59:48+08:00
D00244,2023-06-07T00:20:24+08:00,Taxi,false,2023-06-07T00:25:24+08:00
D00245,2023-03-23T13:02:37+08:00,Taxi,true,2023-03-23T13:07:37+08:00
D00246,2024-01-17T09:59:37+08:00,XL,true,2024-01-17T10:04:37+08:00
D00247,2024-03-21T03:33:15+08:00,Taxi,true,2024-03-21T03:38:15+08:00
D00248,2024-05-13T05:20:03+08:00,Taxi,false,2024-05-13T05:25:03+08:00
D00249,2023-05-01T19:19:18+08:00,Comfort,false,2023-05-01T19:24:18+08:00
D00250,2024-04-30T21:41:33+08:00,Taxi,true,2024-04-30T21:46:33+08:00
D00251,2024-02-27T03:45:17+08:00,Taxi,true,2024-02-27T03:50:17+08:00
D00252,2024-07-02T09:50:48+08:00,Taxi,true,2024-07-02T09:55:48+08:00
D00253,2023-08-02T15:43:39+08:00,Comfort,true,2023-08-02T15:48:39+08:00
D00254,2023-04-08T12:29:55+08:00,Taxi,false,2023-04-08T12:34:55+08:00
D00255,2024-11-03T03:52:44+08:00,Taxi,false,2024-11-03T03:57:44+08:00
D00256,2024-10-01T02:21:46+08:00,Taxi,true,2024-10-01T02:26:46+08:00
D00257,2023-12-23T05:42:57+08:00,Taxi,true,2023-12-23T05:47:57+08:00
D00258,2023-11-22T13:08:23+08:00,Taxi,false,2023-11-22T13:13:23+08:00
D00259,2023-07-13T11:42:38+08:00,XL,false,2023-07-13T11:47:38+08:00
D00260,2023-08-08T18:26:41+08:00,XL,true,2023-08-08T18:31:41+08:00
D00261,2024-08-25T09:33:05+08:00,Taxi,true,2024-08-25T09:38:05+08:00
D00262,2023-05-19T22:34:51+08:00,Comfort,true,2023-05-19T22:39:51+08:00
D00263,2024-07-26T11:44:05+08:00,Taxi,true,2024-07-26T11:49:05+08:00
D00264,2024-04-21T15:24:36+08:00,Taxi,true,2024-04-21T15:29:36+08:00
D00265,2023-09-27T20:19:57+08:00,Comfort,true,2023-09-27T20:24:57+08:00
D00266,2023-12-14T04:48:57+08:00,Taxi,true,2023-12-14T04:53:57+08:00
D00267,2023-12-13T18:52:54+08:00,Taxi,true,2023-12-13T18:57:54+08:00
D00268,2023-03-23T09:22:42+08:00,Comfort,true,2023-03-23T09:27:42+08:00
D00269,2024-10-29T06:48:49+08:00,Taxi,true,2024-10-29T06:53:49+08:00
D00270,2023-09-06T17:40:05+08:00,Comfort,true,2023-09-06T17:45:05+08:00
D00271,2023-10-15T15:43:32+08:00,Comfort,true,2023-10-15T15:48:32+08:00
D00272,2023-08-05T23:11:13+08:00,Taxi,true,2023-08-05T23:16:13+08:00
D00273,2023-11-29T17:25:53+08:00,Comfort,true,2023-11-29T17:30:53+08:00
D00274,2023-02-22T21:39:08+08:00,Taxi,true,2023-02-22T21:44:08+08:00
D00275,2024-11-19T23:01:24+08:00,Taxi,true,2024-11-19T23:06:24+08:00
D00276,2023-01-24T10:57:51+08:00,Comfort,true,2023-01-24T11:02:51+08:00
D00277,2024-07-14T21:04:44+08:00,Taxi,false,2024-07-14T21:09:44+08:00
D00278,2024-10-21T13:56:58+08:00,Comfort,false,2024-10-21T14:01:58+08:00
D00279,2024-07-06T00:14:41+08:00,Comfort,true,2024-07-06T00:19:41+08:00
D00280,2023-07-07T13:34:43+08:00,Taxi,true,2023-07-07T13:39:43+08:00
D00281,2024-05-08T13:18:27+08:00,Comfort,false,2024-05-08T13:23:27+08:00
D00282,2023-05-04T14:48:15+08:00,Taxi,true,2023-05-04T14:53:15+08:00
D00283,2023-08-25T07:37:29+08:00,Taxi,true,2023-08-25T07:42:29+08:00
D00284,2024-09-07T22:04:26+08:00,Taxi,true,2024-09-07T22:09:26+08:00
D00285,2024-04-13T08:46:39+08:00,Comfort,true,2024-04-13T08:51:39+08:00
D00286,2023-11-20T20:27:39+08:00,Taxi,true,2023-11-20T20:32:39+08:00
D00287,2024-02-15T17:49:15+08:00,Taxi,true,2024-02-15T17:54:15+08:00
D00288,2024-08-21T09:26:10+08:00,Taxi,true,2024-08-21T09:31:10+08:00
D00289,2024-01-24T17:24:51+08:00,Taxi,true,2024-01-24T17:29:51+08:00
D00290,2023-12-07T06:41:38+08:00,Taxi,false,2023-12-07T06:46:38+08:00
D00291,2023-07-08T23:45:16+08:00,Taxi,true,2023-07-08T23:50:16+08:00
D00292,2023-06-26T22:13:00+08:00,Comfort,false,2023-06-26T22:18:00+08:00
D00293,2023-02-17T19:01:57+08:00,Taxi,true,2023-02-17T19:06:57+08:00
D00294,2023-03-08T05:25:01+08:00,Taxi,false,2023-03-08T05:30:01+08:00
D00295,2023-05-09T10:23:31+08:00,Taxi,true,2023-05-09T10:28:31+08:00
D00296,2023-06-27T01:09:02+08:00,Taxi,false,2023-06-27T01:14:02+08:00
D00297,2024-11-30T13:07:29+08:00,Taxi,true,2024-11-30T13:12:29+08:00
D00298,2024-07-05T22:16:35+08:00,Taxi,false,2024-07-05T22:21:35+08:00
D00299,2023-11-08T19:00:03+08:00,Taxi,false,2023-11-08T19:05:03+08:00
D00300,2024-01-26T20:04:46+08:00,Taxi,false,2024-01-26T20:09:46+08:00
D00301,2024-08-14T10:51:47+08:00,Taxi,true,2024-08-14T10:56:47+08:00
D00302,2024-04-30T05:04:42+08:00,Taxi,true,2024-04-30T05:09:42+08:00
D00303,2024-02-09T08:00:39+08:00,Taxi,true,2024-02-09T08:05:39+08:00
D00304,2024-04-23T22:04:42+08:00,Taxi,true,2024-04-23T22:09:42+08:00
D00305,2024-04-13T00:46:38+08:00,Taxi,true,2024-04-13T00:51:38+08:00
D00306,2023-12-04T18:57:25+08:00,XL,true,2023-12-04T19:02:25+08:00
D00307,2024-08-12T18:25:59+08:00,Taxi,true,2024-08-12T18:30:59+08:00
D00308,2023-06-09T01:45:30+08:00,Taxi,false,2023-06-09T01:50:30+08:00
D00309,2024-03-01T19:05:19+08:00,Taxi,true,2024-03-01T19:10:19+08:00
D00310,2023-03-24T15:42:12+08:00,Comfort,true,2023-03-24T15:47:12+08:00
D00311,2023-08-26T08:50:27+08:00,Taxi,true,2023-08-26T08:55:27+08:00
D00312,2024-03-03T21:13:59+08:00,XL,true,2024-03-03T21:18:59+08:00
D00313,2023-12-07T23:01:58+08:00,Taxi,true,2023-12-07T23:06:58+08:00
D00314,2023-05-19T12:23:16+08:00,Taxi,false,2023-05-19T12:28:16+08:00
D00315,2024-03-27T08:03:52+08:00,Comfort,true,2024-03-27T08:08:52+08:00
D00316,2023-12-14T09:32:43+08:00,Taxi,true,2023-12-14T09:37:43+08:00
D00317,2023-06-13T00:53:37+08:00,Taxi,false,2023-06-13T00:58:37+08:00
D00318,2024-01-18T04:15:08+08:00,Taxi,false,2024-01-18T04:20:08+08:00
D00319,2023-07-31T20:34:49+08:00,Comfort,true,2023-07-31T20:39:49+08:00
D00320,2023-08-30T02:17:42+08:00,Taxi,true,2023-08-30T02:22:42+08:00
D00321,2024-06-19T05:11:46+08:00,Taxi,true,2024-06-19T05:16:46+08:00
D00322,2023-10-13T12:51:46+08:00,Comfort,true,2023-10-13T12:56:46+08:00
D00323,2023-08-11T18:16:07+08:00,Taxi,false,2023-08-11T18:21:07+08:00
D00324,2023-11-11T16:01:57+08:00,Taxi,false,2023-11-11T16:06:57+08:00
D00325,2024-11-30T18:59:27+08:00,Taxi,true,2024-11-30T19:04:27+08:00
D00326,2023-07-28T06:17:04+08:00,Taxi,false,2023-07-28T06:22:04+08:00
D00327,2023-03-30T22:53:29+08:00,Comfort,true,2023-03-30T22:58:29+08:00
D00328,2024-07-31T06:03:46+08:00,Taxi,true,2024-07-31T06:08:46+08:00
D00329,2023-08-17T02:10:33+08:00,XL,true,2023-08-17T02:15:33+08:00
D00330,2023-07-24T02:17:24+08:00,Comfort,true,2023-07-24T02:22:24+08:00
D00331,2023-12-22T23:09:35+08:00,Taxi,true,2023-12-22T23:14:35+08:00
D00332,2024-07-14T18:02:10+08:00,Taxi,false,2024-07-14T18:07:10+08:00
D00333,2023-12-30T17:30:19+08:00,Comfort,true,2023-12-30T17:35:19+08:00
D00334,2023-06-13T23:36:58+08:00,XL,false,2023-06-13T23:41:58+08:00
D00335,2023-07-14T15:29:54+08:00,Taxi,true,2023-07-14T15:34:54+08:00
D00336,2023-03-29T02:54:14+08:00,Comfort,true,2023-03-29T02:59:14+08:00
D00337,2023-03-26T21:34:46+08:00,Taxi,false,2023-03-26T21:39:46+08:00
D00338,2024-04-23T14:42:15+08:00,Taxi,true,2024-04-23T14:47:15+08:00
D00339,2024-04-01T19:51:07+08:00,Taxi,true,2024-04-01T19:56:07+08:00
D00340,2023-04-06T05:37:41+08:00,Taxi,true,2023-04-06T05:42:41+08:00
D00341,2023-04-07T08:03:38+08:00,Taxi,false,2023-04-07T08:08:38+08:00
D00342,2024-11-11T23:11:58+08:00,Taxi,false,2024-11-11T23:16:58+08:00
D00343,2023-11-23T06:43:35+08:00,Taxi,false,2023-11-23T06:48:35+08:00
D00344,2023-04-28T00:27:35+08:00,Taxi,true,2023-04-28T00:32:35+08:00
D00345,2023-12-23T04:45:50+08:00,Taxi,false,2023-12-23T04:50:50+08:00
D00346,2023-03-26T09:29:07+08:00,Taxi,true,2023-03-26T09:34:07+08:00
D00347,2024-07-26T15:18:34+08:00,XL,false,2024-07-26T15:23:34+08:00
D00348,2023-02-05T01:35:40+08:00,Comfort,true,2023-02-05T01:40:40+08:00
D00349,2024-11-20T23:16:14+08:00,Taxi,true,2024-11-20T23:21:14+08:00
D00350,2024-02-24T23:47:20+08:00,Taxi,false,2024-02-24T23:52:20+08:00
D00351,2023-06-11T14:48:52+08:00,Taxi,true,2023-06-11T14:53:52+08:00
D00352,2024-06-17T13:36:29+08:00,Taxi,true,2024-06-17T13:41:29+08:00
D00353,2023-12-16T13:46:44+08:00,Taxi,true,2023-12-16T13:51:44+08:00
D00354,2023-07-16T14:41:37+08:00,Taxi,false,2023-07-16T14:46:37+08:00
D00355,2023-06-22T12:42:05+08:00,Taxi,true,2023-06-22T12:47:05+08:00
D00356,2024-08-08T19:16:30+08:00,Taxi,true,2024-08-08T19:21:30+08:00
D00357,2024-02-02T19:22:04+08:00,Comfort,false,2024-02-02T19:27:04+08:00
D00358,2024-06-01T09:04:49+08:00,Comfort,true,2024-06-01T09:09:49+08:00
D00359,2023-05-16T02:58:04+08:00,Comfort,false,2023-05-16T03:03:04+08:00
D00360,2023-10-11T16:52:39+08:00,Taxi,true,2023-10-11T16:57:39+08:00
D00361,2023-06-12T06:41:37+08:00,Taxi,true,2023-06-12T06:46:37+08:00
D00362,2023-04-30T05:31:30+08:00,Comfort,false,2023-04-30T05:36:30+08:00
D00363,2024-01-10T23:42:31+08:00,Taxi,true,2024-01-10T23:47:31+08:00
D00364,2024-09-26T18:49:28+08:00,Taxi,false,2024-09-26T18:54:28+08:00
D00365,2023-10-02T08:55:07+08:00,Taxi,true,2023-10-02T09:00:07+08:00
D00366,2023-05-28T13:06:25+08:00,Comfort,true,2023-05-28T13:11:25+08:00
D00367,2024-05-02T01:41:46+08:00,Taxi,true,2024-05-02T01:46:46+08:00
D00368,2023-05-07T01:21:32+08:00,Taxi,true,2023-05-07T01:26:32+08:00
D00369,2023-04-26T16:00:04+08:00,Taxi,true,2023-04-26T16:05:04+08:00
D00370,2023-07-17T00:32:18+08:00,Taxi,false,2023-07-17T00:37:18+08:00
D00371,2024-11-13T03:18:22+08:00,Taxi,true,2024-11-13T03:23:22+08:00
D00372,2023-09-11T20:21:50+08:00,Taxi,true,2023-09-11T20:26:50+08:00
D00373,2023-01-12T04:10:19+08:00,Taxi,true,2023-01-12T04:15:19+08:00
D00374,2023-07-15T22:27:02+08:00,Taxi,false,2023-07-15T22:32:02+08:00
D00375,2024-07-09T19:58:11+08:00,Comfort,true,2024-07-09T20:03:11+08:00
D00376,2023-10-23T09:55:36+08:00,Comfort,false,2023-10-23T10:00:36+08:00
D00377,2024-08-16T06:28:53+08:00,Taxi,false,2024-08-16T06:33:53+08:00
D00378,2024-07-01T19:30:34+08:00,Taxi,true,2024-07-01T19:35:34+08:00
D00379,2024-06-26T17:08:45+08:00,Taxi,true,2024-06-26T17:13:45+08:00
D00380,2024-09-22T20:32:28+08:00,Taxi,true,2024-09-22T20:37:28+08:00
D00381,2023-08-02T04:42:59+08:00,Taxi,true,2023-08-02T04:47:59+08:00
D00382,2023-12-04T00:18:28+08:00,Taxi,true,2023-12-04T00:23:28+08:00
D00383,2024-10-11T20:03:19+08:00,Taxi,true,2024-10-11T20:08:19+08:00
D00384,2024-09-11T19:42:51+08:00,Taxi,true,2024-09-11T19:47:51+08:00
D00385,2023-07-12T23:00:20+08:00,Taxi,false,2023-07-12T23:05:20+08:00
D00386,2024-08-02T10:43:50+08:00,Taxi,true,2024-08-02T10:48:50+08:00
D00387,2024-11-06T18:29:57+08:00,Taxi,false,2024-11-06T18:34:57+08:00
D00388,2023-10-02T20:26:49+08:00,Taxi,true,2023-10-02T20:31:49+08:00
D00389,2024-03-06T03:42:36+08:00,Taxi,false,2024-03-06T03:47:36+08:00
D00390,2024-08-16T17:35:15+08:00,Taxi,true,2024-08-16T17:40:15+08:00
D00391,2023-09-21T05:27:41+08:00,Comfort,true,2023-09-21T05:32:41+08:00
D00392,2024-06-05T14:29:24+08:00,Comfort,true,2024-06-05T14:34:24+08:00
D00393,2024-04-26T12:10:09+08:00,Taxi,true,2024-04-26T12:15:09+08:00
D00394,2024-05-04T19:43:43+08:00,Taxi,true,2024-05-04T19:48:43+08:00
D00395,2024-07-28T03:51:54+08:00,Taxi,true,2024-07-28T03:56:54+08:00
D00396,2024-04-16T01:12:22+08:00,Comfort,false,2024-04-16T01:17:22+08:00
D00397,2023-05-29T10:09:52+08:00,Taxi,false,2023-05-29T10:14:52+08:00
D00398,2023-05-22T21:51:37+08:00,Taxi,true,2023-05-22T21:56:37+08:00
D00399,2024-01-21T07:56:44+08:00,Comfort,true,2024-01-21T08:01:44+08:00
D00400,2023-07-23T09:34:56+08:00,Taxi,true,2023-07-23T09:39:56+08:00
D00401,2023-05-28T18:14:17+08:00,Taxi,false,2023-05-28T18:19:17+08:00
D00402,2023-11-26T13:27:33+08:00,Taxi,false,2023-11-26T13:32:33+08:00
D00403,2023-11-26T09:43:34+08:00,XL,true,2023-11-26T09:48:34+08:00
D00404,2024-06-03T20:42:39+08:00,Taxi,true,2024-06-03T20:47:39+08:00
D00405,2024-04-17T05:57:12+08:00,Taxi,true,2024-04-17T06:02:12+08:00
D00406,2024-07-27T10:05:56+08:00,Comfort,false,2024-07-27T10:10:56+08:00
D00407,2024-04-20T22:57:28+08:00,Taxi,true,2024-04-20T23:02:28+08:00
D00408,2024-03-07T10:46:36+08:00,Taxi,true,2024-03-07T10:51:36+08:00
D00409,2023-01-17T07:35:12+08:00,Taxi,false,2023-01-17T07:40:12+08:00
D00410,2024-05-20T06:00:27+08:00,Taxi,true,2024-05-20T06:05:27+08:00
D00411,2024-06-20T10:42:05+08:00,Taxi,true,2024-06-20T10:47:05+08:00
D00412,2023-11-01T20:48:18+08:00,Taxi,true,2023-11-01T20:53:18+08:00
D00413,2024-01-25T16:11:11+08:00,XL,true,2024-01-25T16:16:11+08:00
D00414,2024-05-22T14:17:28+08:00,Comfort,true,2024-05-22T14:22:28+08:00
D00415,2024-06-19T04:33:01+08:00,Taxi,true,2024-06-19T04:38:01+08:00
D00416,2023-02-05T15:39:06+08:00,XL,false,2023-02-05T15:44:06+08:00
D00417,2023-05-14T23:39:41+08:00,Comfort,true,2023-05-14T23:44:41+08:00
D00418,2024-11-14T02:51:02+08:00,Taxi,true,2024-11-14T02:56:02+08:00
D00419,2024-07-14T21:54:59+08:00,Comfort,false,2024-07-14T21:59:59+08:00
D00420,2023-02-22T02:44:51+08:00,XL,true,2023-02-22T02:49:51+08:00
D00421,2023-07-30T05:48:44+08:00,Comfort,true,2023-07-30T05:53:44+08:00
D00422,2023-10-23T02:52:13+08:00,Taxi,true,2023-10-23T02:57:13+08:00
D00423,2024-05-17T04:48:58+08:00,Taxi,true,2024-05-17T04:53:58+08:00
D00424,2023-08-10T17:05:15+08:00,Taxi,false,2023-08-10T17:10:15+08:00
D00425,2024-01-08T21:43:13+08:00,Taxi,true,2024-01-08T21:48:13+08:00
D00426,2023-06-01T13:19:34+08:00,Taxi,true,2023-06-01T13:24:34+08:00
D00427,2023-12-16T07:11:10+08:00,Taxi,false,2023-12-16T07:16:10+08:00
D00428,2023-08-19T22:29:49+08:00,Taxi,true,2023-08-19T22:34:49+08:00
D00429,2023-03-03T07:28:53+08:00,Taxi,true,2023-03-03T07:33:53+08:00
D00430,2024-04-01T13:46:47+08:00,XL,false,2024-04-01T13:51:47+08:00
D00431,2024-07-29T12:55:14+08:00,Comfort,true,2024-07-29T13:00:14+08:00
D00432,2024-09-14T11:39:02+08:00,Comfort,false,2024-09-14T11:44:02+08:00
D00433,2024-07-09T13:06:17+08:00,Taxi,false,2024-07-09T13:11:17+08:00
D00434,2024-05-16T21:02:13+08:00,Taxi,true,2024-05-16T21:07:13+08:00
D00435,2024-09-24T10:55:02+08:00,Taxi,true,2024-09-24T11:00:02+08:00
D00436,2024-01-31T13:03:27+08:00,Taxi,true,2024-01-31T13:08:27+08:00
D00437,2024-11-27T03:25:55+08:00,Comfort,false,2024-11-27T03:30:55+08:00
D00438,2023-12-10T17:46:57+08:00,Taxi,false,2023-12-10T17:51:57+08:00
D00439,2024-10-30T22:03:22+08:00,Comfort,true,2024-10-30T22:08:22+08:00
D00440,2024-11-05T03:55:59+08:00,Comfort,true,2024-11-05T04:00:59+08:00
D00441,2023-03-13T01:50:27+08:00,Taxi,false,2023-03-13T01:55:27+08:00
D00442,2024-03-31T14:22:05+08:00,XL,true,2024-03-31T14:27:05+08:00
D00443,2024-05-15T10:49:43+08:00,Taxi,true,2024-05-15T10:54:43+08:00
D00444,2024-10-11T09:32:24+08:00,Taxi,true,2024-10-11T09:37:24+08:00
D00445,2024-11-08T03:23:05+08:00,Taxi,true,2024-11-08T03:28:05+08:00
D00446,2024-01-27T09:31:46+08:00,Taxi,true,2024-01-27T09:36:46+08:00
D00447,2023-04-26T13:24:22+08:00,Taxi,true,2023-04-26T13:29:22+08:00
D00448,2024-09-08T15:57:35+08:00,Taxi,false,2024-09-08T16:02:35+08:00
D00449,2024-08-12T11:04:47+08:00,Taxi,false,2024-08-12T11:09:47+08:00
D00450,2024-06-01T16:59:01+08:00,Taxi,true,2024-06-01T17:04:01+08:00
D00451,2024-11-19T04:37:18+08:00,Taxi,true,2024-11-19T04:42:18+08:00
D00452,2023-05-04T03:31:42+08:00,Taxi,false,2023-05-04T03:36:42+08:00
D00453,2024-04-23T10:26:36+08:00,Taxi,true,2024-04-23T10:31:36+08:00
D00454,2024-01-19T14:46:09+08:00,XL,true,2024-01-19T14:51:09+08:00
D00455,2023-05-25T00:07:05+08:00,Taxi,true,2023-05-25T00:12:05+08:00
D00456,2024-04-24T05:34:42+08:00,Taxi,true,2024-04-24T05:39:42+08:00
D00457,2024-07-09T19:37:32+08:00,Comfort,true,2024-07-09T19:42:32+08:00
D00458,2024-02-18T00:23:02+08:00,Taxi,false,2024-02-18T00:28:02+08:00
D00459,2023-01-15T16:58:09+08:00,Taxi,true,2023-01-15T17:03:09+08:00
D00460,2023-12-06T14:48:38+08:00,Comfort,false,2023-12-06T14:53:38+08:00
D00461,2024-06-03T02:21:31+08:00,Taxi,false,2024-06-03T02:26:31+08:00
D00462,2024-10-17T11:53:14+08:00,Taxi,true,2024-10-17T11:58:14+08:00
D00463,2023-12-30T16:45:07+08:00,Taxi,false,2023-12-30T16:50:07+08:00
D00464,2023-01-29T20:07:25+08:00,Taxi,false,2023-01-29T20:12:25+08:00
D00465,2024-10-13T06:00:19+08:00,Taxi,true,2024-10-13T06:05:19+08:00
D00466,2024-05-22T23:52:36+08:00,Taxi,true,2024-05-22T23:57:36+08:00
D00467,2024-11-07T22:33:28+08:00,Taxi,true,2024-11-07T22:38:28+08:00
D00468,2023-10-16T05:26:48+08:00,Taxi,true,2023-10-16T05:31:48+08:00
D00469,2024-09-17T05:46:17+08:00,Taxi,true,2024-09-17T05:51:17+08:00
D00470,2024-02-27T06:25:21+08:00,Taxi,true,2024-02-27T06:30:21+08:00
D00471,2024-05-25T03:13:12+08:00,Taxi,true,2024-05-25T03:18:12+08:00
D00472,2024-09-20T11:34:26+08:00,Taxi,true,2024-09-20T11:39:26+08:00
D00473,2024-09-18T19:20:55+08:00,Comfort,true,2024-09-18T19:25:55+08:00
D00474,2024-04-08T00:43:27+08:00,Taxi,true,2024-04-08T00:48:27+08:00
D00475,2023-04-29T06:29:29+08:00,Taxi,true,2023-04-29T06:34:29+08:00
D00476,2023-03-10T20:18:33+08:00,Taxi,true,2023-03-10T20:23:33+08:00
D00477,2023-07-06T20:05:56+08:00,Taxi,true,2023-07-06T20:10:56+08:00
D00478,2023-02-02T15:05:35+08:00,Taxi,true,2023-02-02T15:10:35+08:00
D00479,2024-03-07T15:50:20+08:00,Taxi,true,2024-03-07T15:55:20+08:00
D00480,2024-03-21T10:40:20+08:00,Taxi,false,2024-03-21T10:45:20+08:00
D00481,2024-10-23T11:55:39+08:00,Taxi,true,2024-10-23T12:00:39+08:00
D00482,2024-10-13T19:21:00+08:00,Taxi,true,2024-10-13T19:26:00+08:00
D00483,2023-01-19T02:00:01+08:00,Taxi,true,2023-01-19T02:05:01+08:00
D00484,2023-11-26T10:38:54+08:00,Comfort,true,2023-11-26T10:43:54+08:00
D00485,2024-03-16T02:25:01+08:00,Taxi,true,2024-03-16T02:30:01+08:00
D00486,2023-05-29T19:17:16+08:00,Taxi,true,2023-05-29T19:22:16+08:00
D00487,2023-09-07T01:05:45+08:00,Taxi,true,2023-09-07T01:10:45+08:00
D00488,2023-04-05T17:24:32+08:00,Comfort,true,2023-04-05T17:29:32+08:00
D00489,2023-02-22T05:09:19+08:00,Comfort,true,2023-02-22T05:14:19+08:00
D00490,2024-07-08T03:54:11+08:00,Taxi,true,2024-07-08T03:59:11+08:00
D00491,2023-12-14T07:53:00+08:00,Taxi,true,2023-12-14T07:58:00+08:00
D00492,2023-12-04T19:47:04+08:00,Comfort,false,2023-12-04T19:52:04+08:00
D00493,2023-07-16T14:34:37+08:00,Comfort,true,2023-07-16T14:39:37+08:00
D00494,2024-09-17T18:00:24+08:00,Taxi,true,2024-09-17T18:05:24+08:00
D00495,2023-08-02T18:10:21+08:00,Taxi,false,2023-08-02T18:15:21+08:00
D00496,2023-02-23T02:17:37+08:00,Taxi,true,2023-02-23T02:22:37+08:00
D00497,2023-12-09T23:43:18+08:00,Taxi,true,2023-12-09T23:48:18+08:00
D00498,2024-04-17T02:11:42+08:00,Taxi,true,2024-04-17T02:16:42+08:00
D00499,2024-04-02T10:52:35+08:00,Taxi,true,2024-04-02T10:57:35+08:00
D00500,2024-07-01T10:11:28+08:00,Comfort,false,2024-07-01T10:16:28+08:00
D00501,2023-05-06T16:40:08+08:00,Comfort,true,2023-05-06T16:45:08+08:00
D00502,2023-05-25T18:04:26+08:00,Taxi,false,2023-05-25T18:09:26+08:00
D00503,2023-11-25T11:40:06+08:00,Taxi,true,2023-11-25T11:45:06+08:00
D00504,2023-05-25T06:45:45+08:00,Taxi,true,2023-05-25T06:50:45+08:00
D00505,2024-09-18T02:01:56+08:00,XL,true,2024-09-18T02:06:56+08:00
D00506,2024-06-08T03:48:09+08:00,Taxi,false,2024-06-08T03:53:09+08:00
D00507,2024-02-12T05:04:37+08:00,Taxi,false,2024-02-12T05:09:37+08:00
D00508,2023-09-19T15:26:13+08:00,Taxi,true,2023-09-19T15:31:13+08:00
D00509,2023-09-23T13:00:27+08:00,XL,true,2023-09-23T13:05:27+08:00
D00510,2024-06-29T11:48:45+08:00,Comfort,false,2024-06-29T11:53:45+08:00
D00511,2024-06-11T06:34:16+08:00,Taxi,true,2024-06-11T06:39:16+08:00
D00512,2023-06-11T06:57:02+08:00,Taxi,true,2023-06-11T07:02:02+08:00
D00513,2024-07-26T07:14:34+08:00,Taxi,true,2024-07-26T07:19:34+08:00
D00514,2024-07-01T10:34:45+08:00,Comfort,true,2024-07-01T10:39:45+08:00
D00515,2024-08-17T11:02:36+08:00,Taxi,true,2024-08-17T11:07:36+08:00
D00516,2024-02-09T03:40:13+08:00,Taxi,true,2024-02-09T03:45:13+08:00
D00517,2023-05-07T12:50:54+08:00,Comfort,true,2023-05-07T12:55:54+08:00
D00518,2024-05-10T09:46:56+08:00,Taxi,true,2024-05-10T09:51:56+08:00
D00519,2023-02-02T06:59:18+08:00,Comfort,true,2023-02-02T07:04:18+08:00
D00520,2023-02-28T19:08:13+08:00,Taxi,false,2023-02-28T19:13:13+08:00
D00521,2023-12-25T20:24:48+08:00,Taxi,true,2023-12-25T20:29:48+08:00
D00522,2023-05-10T21:53:14+08:00,Taxi,false,2023-05-10T21:58:14+08:00
D00523,2023-05-02T21:07:24+08:00,Taxi,true,2023-05-02T21:12:24+08:00
D00524,2023-12-25T04:34:18+08:00,Taxi,false,2023-12-25T04:39:18+08:00
D00525,2024-02-21T02:05:09+08:00,Taxi,true,2024-02-21T02:10:09+08:00
D00526,2024-07-17T02:13:17+08:00,Comfort,true,2024-07-17T02:18:17+08:00
D00527,2023-04-04T16:08:42+08:00,Taxi,true,2023-04-04T16:13:42+08:00
D00528,2024-10-23T18:02:42+08:00,Taxi,false,2024-10-23T18:07:42+08:00
D00529,2023-09-13T13:21:29+08:00,Taxi,false,2023-09-13T13:26:29+08:00
D00530,2023-04-10T11:57:54+08:00,Taxi,true,2023-04-10T12:02:54+08:00
D00531,2023-04-18T12:07:08+08:00,Taxi,true,2023-04-18T12:12:08+08:00
D00532,2024-02-21T23:42:10+08:00,Taxi,true,2024-02-21T23:47:10+08:00
D00533,2023-09-17T21:35:06+08:00,Taxi,true,2023-09-17T21:40:06+08:00
D00534,2023-06-12T16:50:47+08:00,Comfort,false,2023-06-12T16:55:47+08:00
D00535,2023-04-06T11:52:00+08:00,Taxi,true,2023-04-06T11:57:00+08:00
D00536,2023-11-14T10:03:04+08:00,Taxi,true,2023-11-14T10:08:04+08:00
D00537,2023-04-20T13:18:27+08:00,Taxi,true,2023-04-20T13:23:27+08:00
D00538,2024-09-07T07:37:28+08:00,Taxi,true,2024-09-07T07:42:28+08:00
D00539,2023-04-23T05:02:26+08:00,Taxi,true,2023-04-23T05:07:26+08:00
D00540,2024-07-15T01:04:06+08:00,Taxi,false,2024-07-15T01:09:06+08:00
D00541,2024-10-15T17:35:01+08:00,Taxi,true,2024-10-15T17:40:01+08:00
D00542,2024-08-15T23:00:15+08:00,Taxi,true,2024-08-15T23:05:15+08:00
D00543,2024-05-03T18:31:17+08:00,Taxi,true,2024-05-03T18:36:17+08:00
D00544,2024-05-21T06:39:06+08:00,Taxi,true,2024-05-21T06:44:06+08:00
D00545,2024-06-21T14:39:57+08:00,Taxi,true,2024-06-21T14:44:57+08:00
D00546,2024-10-10T01:32:56+08:00,Comfort,true,2024-10-10T01:37:56+08:00
D00547,2024-05-03T04:06:16+08:00,XL,true,2024-05-03T04:11:16+08:00
D00548,2024-06-18T16:46:27+08:00,Taxi,true,2024-06-18T16:51:27+08:00
D00549,2023-01-13T23:51:22+08:00,Taxi,false,2023-01-13T23:56:22+08:00
D00550,2023-02-20T20:58:13+08:00,Taxi,true,2023-02-20T21:03:13+08:00
D00551,2023-11-28T20:19:20+08:00,Comfort,true,2023-11-28T20:24:20+08:00
D00552,2024-06-10T12:40:43+08:00,Taxi,true,2024-06-10T12:45:43+08:00
D00553,2024-11-03T20:14:21+08:00,Taxi,true,2024-11-03T20:19:21+08:00
D00554,2024-09-27T09:57:00+08:00,Taxi,true,2024-09-27T10:02:00+08:00
D00555,2023-04-20T01:59:52+08:00,Taxi,true,2023-04-20T02:04:52+08:00
D00556,2024-09-02T03:22:39+08:00,Taxi,true,2024-09-02T03:27:39+08:00
D00557,2024-09-14T03:29:51+08:00,Taxi,false,2024-09-14T03:34:51+08:00
D00558,2024-06-27T09:24:15+08:00,Taxi,false,2024-06-27T09:29:15+08:00
D00559,2024-01-09T20:11:39+08:00,Taxi,true,2024-01-09T20:16:39+08:00
D00560,2023-10-31T10:29:10+08:00,Taxi,true,2023-10-31T10:34:10+08:00
D00561,2023-12-01T16:46:42+08:00,Taxi,true,2023-12-01T16:51:42+08:00
D00562,2023-06-17T22:28:43+08:00,Comfort,false,2023-06-17T22:33:43+08:00
D00563,2024-06-01T20:38:32+08:00,Taxi,false,2024-06-01T20:43:32+08:00
D00564,2024-09-09T15:56:38+08:00,Taxi,true,2024-09-09T16:01:38+08:00
D00565,2023-06-11T02:51:54+08:00,Taxi,false,2023-06-11T02:56:54+08:00
D00566,2023-03-18T06:03:49+08:00,Taxi,false,2023-03-18T06:08:49+08:00
D00567,2024-07-16T18:03:17+08:00,Taxi,true,2024-07-16T18:08:17+08:00
D00568,2023-01-23T21:10:27+08:00,Taxi,true,2023-01-23T21:15:27+08:00
D00569,2023-09-13T07:52:41+08:00,Taxi,true,2023-09-13T07:57:41+08:00
D00570,2023-07-02T16:53:43+08:00,Comfort,false,2023-07-02T16:58:43+08:00
D00571,2023-04-07T01:36:54+08:00,Taxi,true,2023-04-07T01:41:54+08:00
D00572,2023-12-25T09:38:12+08:00,Taxi,true,2023-12-25T09:43:12+08:00
D00573,2024-10-23T16:11:30+08:00,Taxi,true,2024-10-23T16:16:30+08:00
D00574,2023-03-06T23:04:57+08:00,Taxi,true,2023-03-06T23:09:57+08:00
D00575,2024-08-02T16:45:41+08:00,Comfort,true,2024-08-02T16:50:41+08:00
D00576,2023-07-25T20:46:01+08:00,Taxi,true,2023-07-25T20:51:01+08:00
D00577,2024-03-06T14:19:50+08:00,Taxi,false,2024-03-06T14:24:50+08:00
D00578,2023-06-13T08:46:20+08:00,Taxi,true,2023-06-13T08:51:20+08:00
D00579,2023-01-25T10:31:28+08:00,Taxi,true,2023-01-25T10:36:28+08:00
D00580,2024-11-27T00:52:15+08:00,Comfort,false,2024-11-27T00:57:15+08:00
D00581,2023-02-18T19:49:04+08:00,Taxi,false,2023-02-18T19:54:04+08:00
D00582,2023-02-10T08:56:29+08:00,Taxi,true,2023-02-10T09:01:29+08:00
D00583,2023-10-24T09:41:04+08:00,Comfort,true,2023-10-24T09:46:04+08:00
D00584,2023-12-26T09:20:48+08:00,Taxi,true,2023-12-26T09:25:48+08:00
D00585,2024-09-18T06:12:00+08:00,Comfort,true,2024-09-18T06:17:00+08:00
D00586,2024-07-25T16:44:29+08:00,XL,false,2024-07-25T16:49:29+08:00
D00587,2024-03-15T18:53:40+08:00,Taxi,false,2024-03-15T18:58:40+08:00
D00588,2024-04-16T21:11:06+08:00,XL,true,2024-04-16T21:16:06+08:00
D00589,2023-06-23T13:14:30+08:00,Comfort,false,2023-06-23T13:19:30+08:00
D00590,2023-10-12T13:49:27+08:00,Taxi,true,2023-10-12T13:54:27+08:00
D00591,2023-02-10T06:10:11+08:00,Taxi,true,2023-02-10T06:15:11+08:00
D00592,2024-02-15T07:33:20+08:00,Taxi,true,2024-02-15T07:38:20+08:00
D00593,2024-11-14T18:19:59+08:00,Taxi,true,2024-11-14T18:24:59+08:00
D00594,2024-08-11T13:45:15+08:00,Comfort,true,2024-08-11T13:50:15+08:00
D00595,2024-09-27T23:17:25+08:00,Taxi,true,2024-09-27T23:22:25+08:00
D00596,2024-03-30T14:18:43+08:00,Taxi,true,2024-03-30T14:23:43+08:00
D00597,2023-03-03T10:49:05+08:00,Taxi,true,2023-03-03T10:54:05+08:00
D00598,2024-02-26T02:01:24+08:00,Taxi,true,2024-02-26T02:06:24+08:00
D00599,2024-03-24T21:14:43+08:00,Taxi,true,2024-03-24T21:19:43+08:00
D00600,2023-06-19T14:16:20+08:00,Comfort,true,2023-06-19T14:21:20+08:00
D00601,2024-03-26T20:08:10+08:00,Taxi,false,2024-03-26T20:13:10+08:00
D00602,2024-05-17T13:00:06+08:00,Taxi,true,2024-05-17T13:05:06+08:00
D00603,2023-07-25T05:20:53+08:00,Taxi,true,2023-07-25T05:25:53+08:00
D00604,2024-06-11T22:04:24+08:00,Taxi,true,2024-06-11T22:09:24+08:00
D00605,2024-10-24T20:20:35+08:00,Taxi,false,2024-10-24T20:25:35+08:00
D00606,2024-02-27T11:02:09+08:00,Taxi,false,2024-02-27T11:07:09+08:00
D00607,2023-07-19T08:56:26+08:00,Comfort,true,2023-07-19T09:01:26+08:00
D00608,2024-04-07T12:51:27+08:00,Taxi,true,2024-04-07T12:56:27+08:00
D00609,2023-10-05T07:30:07+08:00,Comfort,true,2023-10-05T07:35:07+08:00
D00610,2023-06-22T17:36:07+08:00,Taxi,true,2023-06-22T17:41:07+08:00
D00611,2024-06-21T02:50:42+08:00,Taxi,true,2024-06-21T02:55:42+08:00
D00612,2023-07-16T08:06:27+08:00,Taxi,true,2023-07-16T08:11:27+08:00
D00613,2024-04-19T08:33:20+08:00,Taxi,false,2024-04-19T08:38:20+08:00
D00614,2023-07-13T18:15:13+08:00,Comfort,false,2023-07-13T18:20:13+08:00
D00615,2024-04-11T03:41:36+08:00,Taxi,true,2024-04-11T03:46:36+08:00
D00616,2023-03-26T22:01:31+08:00,Taxi,false,2023-03-26T22:06:31+08:00
D00617,2023-12-06T12:34:06+08:00,Taxi,true,2023-12-06T12:39:06+08:00
D00618,2024-04-03T08:12:37+08:00,XL,true,2024-04-03T08:17:37+08:00
D00619,2023-12-23T18:45:56+08:00,Taxi,true,2023-12-23T18:50:56+08:00
D00620,2024-03-03T17:12:20+08:00,XL,false,2024-03-03T17:17:20+08:00
D00621,2024-04-07T08:27:48+08:00,Taxi,true,2024-04-07T08:32:48+08:00
D00622,2023-01-26T08:36:58+08:00,Taxi,false,2023-01-26T08:41:58+08:00
D00623,2023-08-21T12:39:53+08:00,Taxi,false,2023-08-21T12:44:53+08:00
D00624,2023-05-09T04:30:25+08:00,Taxi,true,2023-05-09T04:35:25+08:00
D00625,2023-05-11T11:22:33+08:00,Taxi,true,2023-05-11T11:27:33+08:00
D00626,2024-05-27T03:13:27+08:00,Taxi,true,2024-05-27T03:18:27+08:00
D00627,2024-06-20T05:56:46+08:00,Comfort,false,2024-06-20T06:01:46+08:00
D00628,2023-05-30T09:36:07+08:00,Taxi,true,2023-05-30T09:41:07+08:00
D00629,2024-03-12T21:46:01+08:00,Taxi,true,2024-03-12T21:51:01+08:00
D00630,2023-08-05T20:23:30+08:00,Taxi,false,2023-08-05T20:28:30+08:00
D00631,2023-09-05T14:09:16+08:00,Taxi,true,2023-09-05T14:14:16+08:00
D00632,2024-11-11T12:09:20+08:00,XL,false,2024-11-11T12:14:20+08:00
D00633,2023-02-14T03:45:50+08:00,Taxi,true,2023-02-14T03:50:50+08:00
D00634,2024-07-24T18:21:55+08:00,Comfort,true,2024-07-24T18:26:55+08:00
D00635,2023-08-13T17:38:52+08:00,Taxi,true,2023-08-13T17:43:52+08:00
D00636,2024-02-25T15:33:56+08:00,Taxi,true,2024-02-25T15:38:56+08:00
D00637,2023-12-23T12:40:08+08:00,Comfort,true,2023-12-23T12:45:08+08:00
D00638,2024-06-14T14:05:53+08:00,Taxi,true,2024-06-14T14:10:53+08:00
D00639,2023-07-02T22:42:33+08:00,Taxi,true,2023-07-02T22:47:33+08:00
D00640,2023-10-24T15:41:00+08:00,Taxi,false,2023-10-24T15:46:00+08:00
D00641,2024-01-26T13:56:02+08:00,Comfort,true,2024-01-26T14:01:02+08:00
D00642,2023-08-07T21:30:45+08:00,Taxi,true,2023-08-07T21:35:45+08:00
D00643,2023-11-27T19:36:25+08:00,Taxi,true,2023-11-27T19:41:25+08:00
D00644,2023-09-27T19:47:56+08:00,Taxi,true,2023-09-27T19:52:56+08:00
D00645,2024-08-06T21:18:16+08:00,Taxi,true,2024-08-06T21:23:16+08:00
D00646,2024-04-27T00:35:18+08:00,Taxi,true,2024-04-27T00:40:18+08:00
D00647,2024-07-06T03:41:20+08:00,XL,true,2024-07-06T03:46:20+08:00
D00648,2024-08-16T09:41:38+08:00,Taxi,false,2024-08-16T09:46:38+08:00
D00649,2023-03-01T10:30:43+08:00,XL,false,2023-03-01T10:35:43+08:00
D00650,2024-03-24T22:40:50+08:00,Taxi,true,2024-03-24T22:45:50+08:00
D00651,2024-04-21T22:54:40+08:00,Taxi,false,2024-04-21T22:59:40+08:00
D00652,2024-03-07T22:42:55+08:00,Taxi,true,2024-03-07T22:47:55+08:00
D00653,2024-09-08T15:25:50+08:00,Taxi,false,2024-09-08T15:30:50+08:00
D00654,2024-09-15T23:26:29+08:00,XL,true,2024-09-15T23:31:29+08:00
D00655,2023-11-06T18:51:53+08:00,Taxi,true,2023-11-06T18:56:53+08:00
D00656,2023-01-18T22:01:31+08:00,Taxi,true,2023-01-18T22:06:31+08:00
D00657,2024-10-01T06:42:28+08:00,Taxi,false,2024-10-01T06:47:28+08:00
D00658,2023-12-28T13:19:45+08:00,Taxi,false,2023-12-28T13:24:45+08:00
D00659,2024-05-12T10:55:50+08:00,XL,true,2024-05-12T11:00:50+08:00
D00660,2024-01-14T11:40:19+08:00,Comfort,true,2024-01-14T11:45:19+08:00
D00661,2024-02-19T09:01:29+08:00,Taxi,true,2024-02-19T09:06:29+08:00
D00662,2024-11-05T23:36:43+08:00,Taxi,true,2024-11-05T23:41:43+08:00
D00663,2024-04-23T05:06:12+08:00,Comfort,true,2024-04-23T05:11:12+08:00
D00664,2024-01-01T05:34:14+08:00,Taxi,true,2024-01-01T05:39:14+08:00
D00665,2024-05-01T11:39:15+08:00,Comfort,true,2024-05-01T11:44:15+08:00
D00666,2024-10-20T10:33:58+08:00,Taxi,false,2024-10-20T10:38:58+08:00
D00667,2024-10-23T15:10:05+08:00,XL,false,2024-10-23T15:15:05+08:00
D00668,2024-11-02T21:08:59+08:00,Taxi,true,2024-11-02T21:13:59+08:00
D00669,2023-06-09T15:20:30+08:00,Comfort,true,2023-06-09T15:25:30+08:00
D00670,2023-12-31T03:08:48+08:00,Comfort,true,2023-12-31T03:13:48+08:00
D00671,2024-07-31T00:25:25+08:00,Taxi,true,2024-07-31T00:30:25+08:00
D00672,2023-01-27T00:46:11+08:00,Taxi,true,2023-01-27T00:51:11+08:00
D00673,2024-07-31T06:20:13+08:00,Taxi,true,2024-07-31T06:25:13+08:00
D00674,2023-12-28T20:27:50+08:00,Taxi,false,2023-12-28T20:32:50+08:00
D00675,2023-05-06T17:54:03+08:00,Comfort,true,2023-05-06T17:59:03+08:00
D00676,2023-06-28T03:56:59+08:00,Taxi,true,2023-06-28T04:01:59+08:00
D00677,2023-02-10T02:04:23+08:00,Taxi,false,2023-02-10T02:09:23+08:00
D00678,2024-05-19T17:28:49+08:00,Comfort,true,2024-05-19T17:33:49+08:00
D00679,2023-03-29T05:19:20+08:00,Comfort,true,2023-03-29T05:24:20+08:00
D00680,2024-03-14T17:40:21+08:00,Comfort,true,2024-03-14T17:45:21+08:00
D00681,2024-04-19T18:42:54+08:00,Taxi,true,2024-04-19T18:47:54+08:00
D00682,2023-03-15T01:09:50+08:00,Comfort,false,2023-03-15T01:14:50+08:00
D00683,2024-04-30T03:03:51+08:00,Taxi,true,2024-04-30T03:08:51+08:00
D00684,2024-03-21T22:09:37+08:00,Taxi,true,2024-03-21T22:14:37+08:00
D00685,2024-05-09T13:10:09+08:00,Comfort,true,2024-05-09T13:15:09+08:00
D00686,2024-03-24T14:34:55+08:00,Taxi,false,2024-03-24T14:39:55+08:00
D00687,2023-02-16T08:14:19+08:00,Taxi,false,2023-02-16T08:19:19+08:00
D00688,2024-03-17T17:52:38+08:00,Comfort,true,2024-03-17T17:57:38+08:00
D00689,2024-02-17T00:22:54+08:00,Taxi,false,2024-02-17T00:27:54+08:00
D00690,2024-10-17T05:10:52+08:00,Taxi,false,2024-10-17T05:15:52+08:00
D00691,2023-04-25T17:12:49+08:00,Taxi,true,2023-04-25T17:17:49+08:00
D00692,2024-10-04T17:47:59+08:00,Comfort,true,2024-10-04T17:52:59+08:00
D00693,2023-03-24T19:06:07+08:00,Taxi,true,2023-03-24T19:11:07+08:00
D00694,2023-08-29T17:29:44+08:00,Taxi,true,2023-08-29T17:34:44+08:00
D00695,2023-06-19T13:59:36+08:00,Taxi,true,2023-06-19T14:04:36+08:00
D00696,2024-06-04T12:53:26+08:00,Comfort,true,2024-06-04T12:58:26+08:00
D00697,2024-10-02T08:47:11+08:00,Taxi,false,2024-10-02T08:52:11+08:00
D00698,2023-08-27T09:32:03+08:00,Taxi,false,2023-08-27T09:37:03+08:00
D00699,2023-06-13T02:23:50+08:00,Taxi,true,2023-06-13T02:28:50+08:00
D00700,2023-12-09T05:12:02+08:00,Taxi,true,2023-12-09T05:17:02+08:00
D00701,2024-09-30T09:36:43+08:00,Taxi,false,2024-09-30T09:41:43+08:00
D00702,2023-09-22T05:20:11+08:00,Taxi,false,2023-09-22T05:25:11+08:00
D00703,2024-04-28T20:02:24+08:00,Taxi,false,2024-04-28T20:07:24+08:00
D00704,2024-02-01T15:10:08+08:00,Taxi,true,2024-02-01T15:15:08+08:00
D00705,2024-07-15T15:45:31+08:00,Taxi,false,2024-07-15T15:50:31+08:00
D00706,2024-04-10T15:14:39+08:00,Taxi,true,2024-04-10T15:19:39+08:00
D00707,2024-05-12T04:32:12+08:00,Taxi,false,2024-05-12T04:37:12+08:00
D00708,2024-07-03T01:02:02+08:00,Taxi,true,2024-07-03T01:07:02+08:00
D00709,2024-05-25T04:08:30+08:00,Taxi,false,2024-05-25T04:13:30+08:00
D00710,2023-04-19T17:01:10+08:00,Taxi,true,2023-04-19T17:06:10+08:00
D00711,2024-08-09T19:04:57+08:00,Taxi,false,2024-08-09T19:09:57+08:00
D00712,2023-12-26T07:04:14+08:00,Taxi,false,2023-12-26T07:09:14+08:00
D00713,2024-03-06T16:57:42+08:00,Taxi,true,2024-03-06T17:02:42+08:00
D00714,2024-11-17T10:55:14+08:00,Comfort,true,2024-11-17T11:00:14+08:00
D00715,2023-09-06T09:46:28+08:00,Taxi,false,2023-09-06T09:51:28+08:00
D00716,2024-11-07T17:35:50+08:00,Taxi,true,2024-11-07T17:40:50+08:00
D00717,2023-07-26T15:17:39+08:00,Taxi,false,2023-07-26T15:22:39+08:00
D00718,2023-01-26T08:29:47+08:00,Taxi,false,2023-01-26T08:34:47+08:00
D00719,2024-03-17T10:46:46+08:00,Taxi,true,2024-03-17T10:51:46+08:00
D00720,2024-11-14T18:32:19+08:00,Comfort,true,2024-11-14T18:37:19+08:00
D00721,2024-04-21T02:55:25+08:00,Taxi,true,2024-04-21T03:00:25+08:00
D00722,2023-03-02T12:38:24+08:00,XL,true,2023-03-02T12:43:24+08:00
D00723,2023-09-28T17:40:04+08:00,XL,true,2023-09-28T17:45:04+08:00
D00724,2023-04-05T14:36:41+08:00,Taxi,false,2023-04-05T14:41:41+08:00
D00725,2023-10-10T20:41:23+08:00,Taxi,false,2023-10-10T20:46:23+08:00
D00726,2024-01-16T00:19:43+08:00,Taxi,true,2024-01-16T00:24:43+08:00
D00727,2024-10-02T11:09:49+08:00,Taxi,true,2024-10-02T11:14:49+08:00
D00728,2023-06-05T01:34:07+08:00,Taxi,true,2023-06-05T01:39:07+08:00
D00729,2024-06-10T12:51:28+08:00,Taxi,false,2024-06-10T12:56:28+08:00
D00730,2023-07-19T15:15:04+08:00,Comfort,true,2023-07-19T15:20:04+08:00
D00731,2023-12-19T02:59:07+08:00,Taxi,false,2023-12-19T03:04:07+08:00
D00732,2023-12-22T12:44:27+08:00,Taxi,false,2023-12-22T12:49:27+08:00
D00733,2024-08-01T13:30:40+08:00,Taxi,false,2024-08-01T13:35:40+08:00
D00734,2023-06-25T08:48:07+08:00,Comfort,true,2023-06-25T08:53:07+08:00
D00735,2023-09-25T10:39:29+08:00,Comfort,false,2023-09-25T10:44:29+08:00
D00736,2024-08-24T01:35:41+08:00,Taxi,false,2024-08-24T01:40:41+08:00
D00737,2023-02-18T22:41:12+08:00,Taxi,false,2023-02-18T22:46:12+08:00
D00738,2023-08-16T01:33:59+08:00,XL,false,2023-08-16T01:38:59+08:00
D00739,2023-06-02T16:04:17+08:00,Comfort,false,2023-06-02T16:09:17+08:00
D00740,2024-03-21T18:52:07+08:00,Taxi,false,2024-03-21T18:57:07+08:00
D00741,2024-04-22T18:23:12+08:00,Taxi,false,2024-04-22T18:28:12+08:00
D00742,2024-09-27T11:51:17+08:00,Taxi,false,2024-09-27T11:56:17+08:00
D00743,2023-11-13T21:02:33+08:00,Taxi,false,2023-11-13T21:07:33+08:00
D00744,2024-07-26T01:31:37+08:00,Taxi,true,2024-07-26T01:36:37+08:00
D00745,2024-08-17T05:53:17+08:00,Comfort,true,2024-08-17T05:58:17+08:00
D00746,2024-11-15T10:21:19+08:00,Comfort,true,2024-11-15T10:26:19+08:00
D00747,2023-11-28T08:06:19+08:00,Taxi,true,2023-11-28T08:11:19+08:00
D00748,2023-06-09T10:30:21+08:00,Taxi,true,2023-06-09T10:35:21+08:00
D00749,2024-08-27T10:18:56+08:00,Taxi,true,2024-08-27T10:23:56+08:00
D00750,2024-10-25T08:57:43+08:00,Comfort,true,2024-10-25T09:02:43+08:00
D00751,2024-06-02T18:56:43+08:00,Taxi,false,2024-06-02T19:01:43+08:00
D00752,2024-11-16T17:25:07+08:00,Taxi,true,2024-11-16T17:30:07+08:00
D00753,2024-04-03T03:41:43+08:00,Taxi,false,2024-04-03T03:46:43+08:00
D00754,2024-04-13T14:13:02+08:00,Taxi,true,2024-04-13T14:18:02+08:00
D00755,2024-09-22T08:33:13+08:00,Taxi,true,2024-09-22T08:38:13+08:00
D00756,2023-11-27T14:30:21+08:00,Taxi,true,2023-11-27T14:35:21+08:00
D00757,2024-11-11T18:56:52+08:00,Taxi,true,2024-11-11T19:01:52+08:00
D00758,2024-07-13T20:43:29+08:00,Comfort,false,2024-07-13T20:48:29+08:00
D00759,2023-09-01T02:20:05+08:00,Comfort,false,2023-09-01T02:25:05+08:00
D00760,2023-09-08T07:44:36+08:00,XL,true,2023-09-08T07:49:36+08:00
D00761,2024-05-04T15:50:22+08:00,Taxi,true,2024-05-04T15:55:22+08:00
D00762,2024-04-08T10:03:29+08:00,Taxi,true,2024-04-08T10:08:29+08:00
D00763,2024-10-07T10:09:31+08:00,Comfort,false,2024-10-07T10:14:31+08:00
D00764,2023-08-11T12:17:47+08:00,Taxi,true,2023-08-11T12:22:47+08:00
D00765,2023-12-03T04:03:37+08:00,Taxi,true,2023-12-03T04:08:37+08:00
D00766,2023-02-27T16:38:46+08:00,Taxi,true,2023-02-27T16:43:46+08:00
D00767,2023-05-13T00:50:34+08:00,Comfort,true,2023-05-13T00:55:34+08:00
D00768,2023-11-09T20:00:27+08:00,Taxi,true,2023-11-09T20:05:27+08:00
D00769,2023-09-25T12:58:03+08:00,Taxi,true,2023-09-25T13:03:03+08:00
D00770,2024-07-12T02:16:34+08:00,XL,true,2024-07-12T02:21:34+08:00
D00771,2024-02-09T03:01:40+08:00,Taxi,false,2024-02-09T03:06:40+08:00
D00772,2024-11-15T18:27:00+08:00,Taxi,false,2024-11-15T18:32:00+08:00
D00773,2024-09-05T13:47:40+08:00,Taxi,true,2024-09-05T13:52:40+08:00
D00774,2023-12-25T06:30:46+08:00,Taxi,true,2023-12-25T06:35:46+08:00
D00775,2023-12-03T13:31:28+08:00,Taxi,true,2023-12-03T13:36:28+08:00
D00776,2023-11-04T08:12:43+08:00,Taxi,true,2023-11-04T08:17:43+08:00
D00777,2023-09-26T01:38:29+08:00,XL,false,2023-09-26T01:43:29+08:00
D00778,2023-06-15T17:30:58+08:00,Taxi,true,2023-06-15T17:35:58+08:00
D00779,2023-04-14T17:02:57+08:00,Taxi,true,2023-04-14T17:07:57+08:00
D00780,2024-03-30T05:14:13+08:00,Comfort,true,2024-03-30T05:19:13+08:00
D00781,2023-08-04T18:41:07+08:00,Comfort,true,2023-08-04T18:46:07+08:00
D00782,2024-05-25T13:58:56+08:00,Taxi,true,2024-05-25T14:03:56+08:00
D00783,2024-10-29T19:17:48+08:00,Comfort,true,2024-10-29T19:22:48+08:00
D00784,2024-07-08T17:17:20+08:00,Comfort,true,2024-07-08T17:22:20+08:00
D00785,2024-05-03T23:46:13+08:00,Taxi,true,2024-05-03T23:51:13+08:00
D00786,2024-04-05T09:56:24+08:00,Taxi,false,2024-04-05T10:01:24+08:00
D00787,2024-02-25T00:28:17+08:00,Taxi,false,2024-02-25T00:33:17+08:00
D00788,2024-10-13T23:35:07+08:00,XL,true,2024-10-13T23:40:07+08:00
D00789,2023-12-29T21:19:42+08:00,Taxi,true,2023-12-29T21:24:42+08:00
D00790,2024-05-05T09:50:12+08:00,Comfort,true,2024-05-05T09:55:12+08:00
D00791,2023-06-04T12:12:38+08:00,XL,true,2023-06-04T12:17:38+08:00
D00792,2024-05-24T22:15:31+08:00,Taxi,true,2024-05-24T22:20:31+08:00
D00793,2023-03-25T07:02:24+08:00,Taxi,true,2023-03-25T07:07:24+08:00
D00794,2024-01-29T00:10:59+08:00,Taxi,true,2024-01-29T00:15:59+08:00
D00795,2024-05-12T15:08:29+08:00,XL,true,2024-05-12T15:13:29+08:00
D00796,2023-12-21T06:15:21+08:00,Taxi,false,2023-12-21T06:20:21+08:00
D00797,2023-05-14T13:11:57+08:00,Taxi,false,2023-05-14T13:16:57+08:00
D00798,2024-06-19T10:33:31+08:00,Taxi,true,2024-06-19T10:38:31+08:00
D00799,2024-08-18T02:34:10+08:00,Comfort,false,2024-08-18T02:39:10+08:00
D00800,2023-11-24T23:18:47+08:00,Taxi,false,2023-11-24T23:23:47+08:00
D00801,2023-05-22T17:00:32+08:00,Comfort,true,2023-05-22T17:05:32+08:00
D00802,2024-03-24T14:42:47+08:00,Taxi,false,2024-03-24T14:47:47+08:00
D00803,2024-10-25T21:25:19+08:00,Taxi,true,2024-10-25T21:30:19+08:00
D00804,2023-12-15T22:50:27+08:00,XL,true,2023-12-15T22:55:27+08:00
D00805,2023-06-02T06:57:33+08:00,Comfort,true,2023-06-02T07:02:33+08:00
D00806,2023-09-07T05:04:24+08:00,XL,true,2023-09-07T05:09:24+08:00
D00807,2023-01-22T05:47:04+08:00,Taxi,true,2023-01-22T05:52:04+08:00
D00808,2023-06-20T21:46:42+08:00,Taxi,true,2023-06-20T21:51:42+08:00
D00809,2023-11-18T20:25:23+08:00,Comfort,true,2023-11-18T20:30:23+08:00
D00810,2023-11-23T00:23:30+08:00,Comfort,true,2023-11-23T00:28:30+08:00
D00811,2023-05-08T21:51:35+08:00,Taxi,false,2023-05-08T21:56:35+08:00
D00812,2024-06-30T18:44:17+08:00,Taxi,true,2024-06-30T18:49:17+08:00
D00813,2024-01-10T06:16:02+08:00,XL,false,2024-01-10T06:21:02+08:00
D00814,2024-10-23T17:52:02+08:00,Taxi,false,2024-10-23T17:57:02+08:00
D00815,2023-12-19T20:01:31+08:00,Taxi,true,2023-12-19T20:06:31+08:00
D00816,2024-06-11T06:37:42+08:00,Taxi,false,2024-06-11T06:42:42+08:00
D00817,2024-06-09T08:10:26+08:00,Taxi,false,2024-06-09T08:15:26+08:00
D00818,2024-08-11T22:16:05+08:00,Taxi,true,2024-08-11T22:21:05+08:00
D00819,2024-10-14T12:37:10+08:00,Taxi,false,2024-10-14T12:42:10+08:00
D00820,2024-03-06T12:38:11+08:00,Taxi,false,2024-03-06T12:43:11+08:00
D00821,2024-01-22T06:50:41+08:00,Taxi,true,2024-01-22T06:55:41+08:00
D00822,2023-05-18T03:37:26+08:00,Taxi,true,2023-05-18T03:42:26+08:00
D00823,2024-01-07T23:14:06+08:00,Taxi,false,2024-01-07T23:19:06+08:00
D00824,2023-07-08T22:19:56+08:00,Taxi,false,2023-07-08T22:24:56+08:00
D00825,2024-01-12T17:35:08+08:00,Taxi,false,2024-01-12T17:40:08+08:00
D00826,2024-05-14T02:53:02+08:00,Taxi,true,2024-05-14T02:58:02+08:00
D00827,2023-07-17T18:01:07+08:00,Taxi,false,2023-07-17T18:06:07+08:00
D00828,2024-07-18T16:45:32+08:00,Comfort,true,2024-07-18T16:50:32+08:00
D00829,2024-09-28T03:25:04+08:00,Taxi,false,2024-09-28T03:30:04+08:00
D00830,2024-08-11T01:38:53+08:00,Taxi,true,2024-08-11T01:43:53+08:00
D00831,2023-05-30T20:01:46+08:00,Taxi,true,2023-05-30T20:06:46+08:00
D00832,2024-11-26T21:23:17+08:00,Taxi,false,2024-11-26T21:28:17+08:00
D00833,2023-04-27T15:53:16+08:00,Taxi,false,2023-04-27T15:58:16+08:00
D00834,2024-01-27T22:36:36+08:00,Taxi,true,2024-01-27T22:41:36+08:00
D00835,2024-02-07T21:45:46+08:00,Taxi,true,2024-02-07T21:50:46+08:00
D00836,2023-03-15T13:26:41+08:00,Taxi,true,2023-03-15T13:31:41+08:00
D00837,2024-06-06T01:51:28+08:00,Taxi,false,2024-06-06T01:56:28+08:00
D00838,2023-05-06T02:38:53+08:00,Taxi,true,2023-05-06T02:43:53+08:00
D00839,2023-05-23T22:12:40+08:00,Taxi,false,2023-05-23T22:17:40+08:00
D00840,2024-08-07T17:31:40+08:00,Taxi,true,2024-08-07T17:36:40+08:00
D00841,2023-08-31T12:23:03+08:00,Taxi,true,2023-08-31T12:28:03+08:00
D00842,2024-06-17T12:22:53+08:00,Comfort,true,2024-06-17T12:27:53+08:00
D00843,2024-04-26T13:23:24+08:00,Taxi,true,2024-04-26T13:28:24+08:00
D00844,2023-01-28T18:06:15+08:00,Taxi,true,2023-01-28T18:11:15+08:00
D00845,2023-05-17T05:03:19+08:00,Comfort,true,2023-05-17T05:08:19+08:00
D00846,2024-08-23T03:49:02+08:00,Taxi,true,2024-08-23T03:54:02+08:00
D00847,2024-01-21T18:30:15+08:00,Taxi,true,2024-01-21T18:35:15+08:00
D00848,2024-09-21T01:56:06+08:00,Taxi,false,2024-09-21T02:01:06+08:00
D00849,2023-02-17T23:13:28+08:00,Taxi,true,2023-02-17T23:18:28+08:00
D00850,2024-04-03T11:51:00+08:00,Taxi,true,2024-04-03T11:56:00+08:00
D00851,2024-09-24T02:37:55+08:00,Taxi,true,2024-09-24T02:42:55+08:00
D00852,2023-10-16T04:24:21+08:00,Comfort,false,2023-10-16T04:29:21+08:00
D00853,2023-12-16T13:18:17+08:00,Taxi,true,2023-12-16T13:23:17+08:00
D00854,2023-06-09T13:38:46+08:00,Taxi,false,2023-06-09T13:43:46+08:00
D00855,2023-03-31T22:02:40+08:00,Taxi,true,2023-03-31T22:07:40+08:00
D00856,2024-06-25T14:37:35+08:00,Taxi,true,2024-06-25T14:42:35+08:00
D00857,2024-05-14T05:07:12+08:00,Taxi,false,2024-05-14T05:12:12+08:00
D00858,2024-07-01T19:03:11+08:00,Taxi,true,2024-07-01T19:08:11+08:00
D00859,2024-07-21T08:45:16+08:00,Taxi,true,2024-07-21T08:50:16+08:00
D00860,2024-01-09T22:37:22+08:00,Comfort,true,2024-01-09T22:42:22+08:00
D00861,2023-04-24T02:03:28+08:00,Taxi,true,2023-04-24T02:08:28+08:00
D00862,2024-01-03T14:03:13+08:00,Taxi,true,2024-01-03T14:08:13+08:00
D00863,2024-01-14T22:06:02+08:00,Comfort,true,2024-01-14T22:11:02+08:00
D00864,2023-03-08T02:23:59+08:00,Taxi,true,2023-03-08T02:28:59+08:00
D00865,2024-05-16T09:47:03+08:00,Taxi,true,2024-05-16T09:52:03+08:00
D00866,2024-06-12T03:37:05+08:00,Comfort,true,2024-06-12T03:42:05+08:00
D00867,2024-01-12T11:29:20+08:00,XL,true,2024-01-12T11:34:20+08:00
D00868,2024-04-14T17:24:33+08:00,Taxi,true,2024-04-14T17:29:33+08:00
D00869,2023-08-01T09:25:44+08:00,Taxi,true,2023-08-01T09:30:44+08:00
D00870,2023-11-16T02:32:44+08:00,Taxi,true,2023-11-16T02:37:44+08:00
D00871,2023-04-16T00:33:22+08:00,Taxi,true,2023-04-16T00:38:22+08:00
D00872,2023-05-01T15:26:54+08:00,Taxi,true,2023-05-01T15:31:54+08:00
D00873,2023-07-15T19:47:22+08:00,Taxi,false,2023-07-15T19:52:22+08:00
D00874,2023-11-01T10:14:50+08:00,Taxi,true,2023-11-01T10:19:50+08:00
D00875,2023-04-07T20:41:45+08:00,Taxi,true,2023-04-07T20:46:45+08:00
D00876,2024-11-23T21:15:54+08:00,Taxi,true,2024-11-23T21:20:54+08:00
D00877,2024-11-23T01:09:18+08:00,Taxi,true,2024-11-23T01:14:18+08:00
D00878,2024-09-03T03:06:45+08:00,Taxi,false,2024-09-03T03:11:45+08:00
D00879,2023-08-28T00:46:44+08:00,Taxi,false,2023-08-28T00:51:44+08:00
D00880,2023-12-31T12:58:44+08:00,Taxi,true,2023-12-31T13:03:44+08:00
D00881,2024-03-09T11:40:22+08:00,Taxi,false,2024-03-09T11:45:22+08:00
D00882,2024-05-04T08:36:43+08:00,Comfort,true,2024-05-04T08:41:43+08:00
D00883,2023-07-01T22:05:19+08:00,Taxi,true,2023-07-01T22:10:19+08:00
D00884,2024-03-14T04:40:56+08:00,Comfort,true,2024-03-14T04:45:56+08:00
D00885,2024-01-12T00:54:19+08:00,Comfort,false,2024-01-12T00:59:19+08:00
D00886,2023-05-27T21:04:55+08:00,Taxi,true,2023-05-27T21:09:55+08:00
D00887,2024-10-14T02:03:11+08:00,Taxi,true,2024-10-14T02:08:11+08:00
D00888,2023-08-12T04:28:25+08:00,Comfort,true,2023-08-12T04:33:25+08:00
D00889,2023-01-28T12:34:11+08:00,Taxi,true,2023-01-28T12:39:11+08:00
D00890,2023-07-23T14:56:57+08:00,Taxi,true,2023-07-23T15:01:57+08:00
D00891,2024-06-12T19:54:21+08:00,Taxi,false,2024-06-12T19:59:21+08:00
D00892,2024-10-28T23:09:27+08:00,Taxi,true,2024-10-28T23:14:27+08:00
D00893,2023-07-01T10:48:59+08:00,Comfort,true,2023-07-01T10:53:59+08:00
D00894,2023-04-07T15:17:38+08:00,Taxi,false,2023-04-07T15:22:38+08:00
D00895,2023-11-22T09:22:21+08:00,Taxi,true,2023-11-22T09:27:21+08:00
D00896,2024-08-21T04:13:04+08:00,Taxi,true,2024-08-21T04:18:04+08:00
D00897,2024-09-03T17:39:34+08:00,Comfort,true,2024-09-03T17:44:34+08:00
D00898,2023-10-30T04:06:51+08:00,Taxi,true,2023-10-30T04:11:51+08:00
D00899,2024-09-02T04:28:50+08:00,XL,true,2024-09-02T04:33:50+08:00
D00900,2023-05-16T23:24:53+08:00,Taxi,true,2023-05-16T23:29:53+08:00
D00901,2023-12-04T10:28:49+08:00,Taxi,false,2023-12-04T10:33:49+08:00
D00902,2023-02-25T18:08:54+08:00,Comfort,true,2023-02-25T18:13:54+08:00
D00903,2023-03-14T17:43:08+08:00,Taxi,true,2023-03-14T17:48:08+08:00
D00904,2024-06-09T22:46:10+08:00,Taxi,true,2024-06-09T22:51:10+08:00
D00905,2024-09-05T15:11:52+08:00,Taxi,true,2024-09-05T15:16:52+08:00
D00906,2023-01-23T04:41:53+08:00,Taxi,false,2023-01-23T04:46:53+08:00
D00907,2023-06-19T04:25:36+08:00,Taxi,true,2023-06-19T04:30:36+08:00
D00908,2023-10-28T17:29:08+08:00,Comfort,true,2023-10-28T17:34:08+08:00
D00909,2024-12-01T05:53:25+08:00,Taxi,true,2024-12-01T05:58:25+08:00
D00910,2023-12-19T01:06:54+08:00,Taxi,true,2023-12-19T01:11:54+08:00
D00911,2024-04-30T00:09:34+08:00,Comfort,false,2024-04-30T00:14:34+08:00
D00912,2023-06-28T21:03:52+08:00,Taxi,false,2023-06-28T21:08:52+08:00
D00913,2024-08-31T23:26:53+08:00,Taxi,true,2024-08-31T23:31:53+08:00
D00914,2024-05-12T16:49:41+08:00,Taxi,true,2024-05-12T16:54:41+08:00
D00915,2023-01-18T19:37:47+08:00,Taxi,true,2023-01-18T19:42:47+08:00
D00916,2024-04-03T18:35:46+08:00,Taxi,false,2024-04-03T18:40:46+08:00
D00917,2024-04-12T04:39:36+08:00,Taxi,true,2024-04-12T04:44:36+08:00
D00918,2023-05-06T23:15:16+08:00,Taxi,true,2023-05-06T23:20:16+08:00
D00919,2024-05-30T11:51:44+08:00,Taxi,true,2024-05-30T11:56:44+08:00
D00920,2023-09-12T01:44:23+08:00,Taxi,true,2023-09-12T01:49:23+08:00
D00921,2024-08-30T21:39:02+08:00,Taxi,true,2024-08-30T21:44:02+08:00
D00922,2023-06-16T19:36:27+08:00,Taxi,false,2023-06-16T19:41:27+08:00
D00923,2023-01-12T21:18:58+08:00,Taxi,false,2023-01-12T21:23:58+08:00
D00924,2023-12-11T00:44:13+08:00,Taxi,true,2023-12-11T00:49:13+08:00
D00925,2024-05-19T07:54:55+08:00,Taxi,true,2024-05-19T07:59:55+08:00
D00926,2024-09-05T10:16:59+08:00,Taxi,true,2024-09-05T10:21:59+08:00
D00927,2023-09-14T01:08:48+08:00,Comfort,true,2023-09-14T01:13:48+08:00
D00928,2024-07-14T04:51:55+08:00,Taxi,true,2024-07-14T04:56:55+08:00
D00929,2023-03-15T18:43:59+08:00,Taxi,true,2023-03-15T18:48:59+08:00
D00930,2023-10-27T13:22:44+08:00,Taxi,false,2023-10-27T13:27:44+08:00
D00931,2023-01-22T11:40:25+08:00,Taxi,true,2023-01-22T11:45:25+08:00
D00932,2024-03-20T06:13:25+08:00,Taxi,true,2024-03-20T06:18:25+08:00
D00933,2024-04-12T20:31:54+08:00,Taxi,false,2024-04-12T20:36:54+08:00
D00934,2024-06-07T04:13:43+08:00,Comfort,true,2024-06-07T04:18:43+08:00
D00935,2024-08-15T06:52:10+08:00,Comfort,true,2024-08-15T06:57:10+08:00
D00936,2023-12-05T23:23:20+08:00,Comfort,true,2023-12-05T23:28:20+08:00
D00937,2024-12-01T19:49:22+08:00,Taxi,true,2024-12-01T19:54:22+08:00
D00938,2024-02-21T12:26:37+08:00,Taxi,true,2024-02-21T12:31:37+08:00
D00939,2023-02-09T04:37:05+08:00,Taxi,true,2023-02-09T04:42:05+08:00
D00940,2023-05-27T19:47:44+08:00,Comfort,true,2023-05-27T19:52:44+08:00
D00941,2024-02-26T11:50:08+08:00,Taxi,true,2024-02-26T11:55:08+08:00
D00942,2023-12-19T03:20:36+08:00,Taxi,true,2023-12-19T03:25:36+08:00
D00943,2023-08-09T22:11:50+08:00,Taxi,true,2023-08-09T22:16:50+08:00
D00944,2023-12-24T03:25:15+08:00,Comfort,true,2023-12-24T03:30:15+08:00
D00945,2023-04-22T03:55:21+08:00,Taxi,true,2023-04-22T04:00:21+08:00
D00946,2023-09-13T04:44:21+08:00,Taxi,false,2023-09-13T04:49:21+08:00
D00947,2023-09-15T10:25:17+08:00,Taxi,false,2023-09-15T10:30:17+08:00
D00948,2024-01-30T08:05:26+08:00,Comfort,false,2024-01-30T08:10:26+08:00
D00949,2024-02-28T16:23:33+08:00,Taxi,false,2024-02-28T16:28:33+08:00
D00950,2023-06-26T17:44:29+08:00,Taxi,true,2023-06-26T17:49:29+08:00
D00951,2023-11-03T20:59:17+08:00,XL,true,2023-11-03T21:04:17+08:00
D00952,2024-01-11T07:30:14+08:00,Taxi,true,2024-01-11T07:35:14+08:00
D00953,2024-06-07T09:45:30+08:00,Taxi,true,2024-06-07T09:50:30+08:00
D00954,2023-03-27T20:28:32+08:00,Taxi,true,2023-03-27T20:33:32+08:00
D00955,2023-06-12T13:45:13+08:00,Taxi,true,2023-06-12T13:50:13+08:00
D00956,2023-12-16T17:29:03+08:00,Taxi,true,2023-12-16T17:34:03+08:00
D00957,2024-04-29T19:38:35+08:00,Taxi,true,2024-04-29T19:43:35+08:00
D00958,2024-10-14T09:48:32+08:00,Taxi,false,2024-10-14T09:53:32+08:00
D00959,2023-05-30T01:23:29+08:00,Taxi,true,2023-05-30T01:28:29+08:00
D00960,2024-03-25T21:46:32+08:00,Taxi,false,2024-03-25T21:51:32+08:00
D00961,2023-07-08T19:16:14+08:00,Taxi,false,2023-07-08T19:21:14+08:00
D00962,2023-12-29T12:57:56+08:00,Taxi,true,2023-12-29T13:02:56+08:00
D00963,2023-09-23T10:04:38+08:00,Taxi,true,2023-09-23T10:09:38+08:00
D00964,2024-04-05T11:07:58+08:00,Taxi,true,2024-04-05T11:12:58+08:00
D00965,2024-10-29T18:13:07+08:00,Taxi,false,2024-10-29T18:18:07+08:00
D00966,2024-05-22T06:57:20+08:00,Taxi,false,2024-05-22T07:02:20+08:00
D00967,2024-10-31T09:03:11+08:00,Comfort,true,2024-10-31T09:08:11+08:00
D00968,2023-03-02T22:48:16+08:00,Comfort,false,2023-03-02T22:53:16+08:00
D00969,2024-04-02T22:53:54+08:00,Taxi,false,2024-04-02T22:58:54+08:00
D00970,2024-07-05T13:47:55+08:00,Comfort,false,2024-07-05T13:52:55+08:00
D00971,2023-05-25T16:36:15+08:00,Taxi,true,2023-05-25T16:41:15+08:00
D00972,2023-05-05T16:59:12+08:00,Taxi,true,2023-05-05T17:04:12+08:00
D00973,2023-09-05T13:33:07+08:00,Taxi,false,2023-09-05T13:38:07+08:00
D00974,2023-02-11T15:48:43+08:00,Taxi,false,2023-02-11T15:53:43+08:00
D00975,2023-05-24T13:24:34+08:00,Comfort,false,2023-05-24T13:29:34+08:00
D00976,2023-03-08T22:34:45+08:00,Taxi,true,2023-03-08T22:39:45+08:00
D00977,2023-08-08T20:08:06+08:00,Taxi,true,2023-08-08T20:13:06+08:00
D00978,2024-04-15T04:42:21+08:00,Taxi,false,2024-04-15T04:47:21+08:00
D00979,2024-07-10T18:32:26+08:00,Taxi,false,2024-07-10T18:37:26+08:00
D00980,2024-11-09T17:05:16+08:00,Taxi,true,2024-11-09T17:10:16+08:00
D00981,2023-06-22T22:57:42+08:00,Taxi,true,2023-06-22T23:02:42+08:00
D00982,2024-04-10T20:07:56+08:00,Taxi,true,2024-04-10T20:12:56+08:00
D00983,2024-11-20T16:29:57+08:00,Taxi,true,2024-11-20T16:34:57+08:00
D00984,2024-02-21T20:29:47+08:00,Comfort,false,2024-02-21T20:34:47+08:00
D00985,2024-06-24T23:06:49+08:00,Taxi,true,2024-06-24T23:11:49+08:00
D00986,2023-11-29T07:00:14+08:00,Comfort,true,2023-11-29T07:05:14+08:00
D00987,2024-03-11T22:40:48+08:00,Taxi,true,2024-03-11T22:45:48+08:00
D00988,2023-09-28T16:39:26+08:00,Taxi,true,2023-09-28T16:44:26+08:00
D00989,2023-12-13T09:33:38+08:00,Taxi,true,2023-12-13T09:38:38+08:00
D00990,2024-11-10T09:26:45+08:00,Comfort,true,2024-11-10T09:31:45+08:00
D00991,2023-09-14T20:24:03+08:00,Comfort,true,2023-09-14T20:29:03+08:00
D00992,2024-10-08T02:24:15+08:00,XL,true,2024-10-08T02:29:15+08:00
D00993,2023-12-08T12:53:33+08:00,Taxi,true,2023-12-08T12:58:33+08:00
D00994,2024-08-24T12:09:04+08:00,Comfort,true,2024-08-24T12:14:04+08:00
D00995,2023-06-12T09:12:41+08:00,XL,true,2023-06-12T09:17:41+08:00
D00996,2024-10-23T19:47:16+08:00,Comfort,true,2024-10-23T19:52:16+08:00
D00997,2024-06-13T09:08:54+08:00,Taxi,true,2024-06-13T09:13:54+08:00
D00998,2024-08-05T19:19:08+08:00,Comfort,true,2024-08-05T19:24:08+08:00
D00999,2024-02-29T13:11:05+08:00,Comfort,true,2024-02-29T13:16:05+08:00
D01000,2024-06-25T11:24:45+08:00,Comfort,true,2024-06-25T11:29:45+08:00
D01001,2023-07-17T23:59:02+08:00,Taxi,false,2023-07-18T00:04:02+08:00
D01002,2024-10-09T21:38:36+08:00,Comfort,true,2024-10-09T21:43:36+08:00
D01003,2024-05-08T15:59:44+08:00,Taxi,false,2024-05-08T16:04:44+08:00
D01004,2023-07-22T14:50:42+08:00,Taxi,false,2023-07-22T14:55:42+08:00
D01005,2023-02-23T16:22:53+08:00,Taxi,false,2023-02-23T16:27:53+08:00
D01006,2023-02-03T16:38:50+08:00,Taxi,true,2023-02-03T16:43:50+08:00
D01007,2024-08-08T13:52:07+08:00,Taxi,true,2024-08-08T13:57:07+08:00
D01008,2024-04-12T06:13:12+08:00,Comfort,false,2024-04-12T06:18:12+08:00
D01009,2023-05-27T12:31:08+08:00,Taxi,true,2023-05-27T12:36:08+08:00
D01010,2023-03-27T21:06:00+08:00,Comfort,false,2023-03-27T21:11:00+08:00
D01011,2023-08-27T19:34:45+08:00,Taxi,false,2023-08-27T19:39:45+08:00
D01012,2024-11-15T20:20:59+08:00,Comfort,true,2024-11-15T20:25:59+08:00
D01013,2023-08-20T15:12:30+08:00,Taxi,false,2023-08-20T15:17:30+08:00
D01014,2024-11-24T08:23:06+08:00,Taxi,true,2024-11-24T08:28:06+08:00
D01015,2023-06-08T09:31:17+08:00,Taxi,false,2023-06-08T09:36:17+08:00
D01016,2024-01-12T22:02:45+08:00,Taxi,false,2024-01-12T22:07:45+08:00
D01017,2023-04-26T08:42:06+08:00,Taxi,true,2023-04-26T08:47:06+08:00
D01018,2023-10-03T22:47:16+08:00,Taxi,true,2023-10-03T22:52:16+08:00
D01019,2024-05-10T11:18:06+08:00,Taxi,true,2024-05-10T11:23:06+08:00
D01020,2024-05-09T15:50:45+08:00,Taxi,true,2024-05-09T15:55:45+08:00
D01021,2023-06-24T23:56:06+08:00,Taxi,false,2023-06-25T00:01:06+08:00
D01022,2023-07-07T10:54:36+08:00,Taxi,true,2023-07-07T10:59:36+08:00
D01023,2023-07-23T07:24:21+08:00,Taxi,false,2023-07-23T07:29:21+08:00
D01024,2024-10-05T16:28:00+08:00,Taxi,true,2024-10-05T16:33:00+08:00
D01025,2023-09-07T15:01:32+08:00,Comfort,true,2023-09-07T15:06:32+08:00
D01026,2024-08-28T21:06:51+08:00,Taxi,false,2024-08-28T21:11:51+08:00
D01027,2023-04-10T00:56:42+08:00,Taxi,true,2023-04-10T01:01:42+08:00
D01028,2023-12-14T10:22:05+08:00,Taxi,true,2023-12-14T10:27:05+08:00
D01029,2024-10-25T23:05:57+08:00,Taxi,true,2024-10-25T23:10:57+08:00
D01030,2024-11-12T02:51:56+08:00,Taxi,false,2024-11-12T02:56:56+08:00
D01031,2023-03-17T23:13:49+08:00,Comfort,false,2023-03-17T23:18:49+08:00
D01032,2024-05-19T20:30:26+08:00,Taxi,true,2024-05-19T20:35:26+08:00
D01033,2024-05-18T02:36:06+08:00,Taxi,false,2024-05-18T02:41:06+08:00
D01034,2024-02-10T05:13:30+08:00,Taxi,true,2024-02-10T05:18:30+08:00
D01035,2023-11-08T14:41:47+08:00,Taxi,false,2023-11-08T14:46:47+08:00
D01036,2023-11-03T03:22:17+08:00,Taxi,true,2023-11-03T03:27:17+08:00
D01037,2023-08-02T12:26:43+08:00,Taxi,true,2023-08-02T12:31:43+08:00
D01038,2024-11-26T08:25:19+08:00,Comfort,true,2024-11-26T08:30:19+08:00
D01039,2023-06-15T10:37:09+08:00,Taxi,false,2023-06-15T10:42:09+08:00
D01040,2023-12-01T21:58:49+08:00,Comfort,true,2023-12-01T22:03:49+08:00
D01041,2024-06-13T02:05:18+08:00,Taxi,true,2024-06-13T02:10:18+08:00
D01042,2024-11-11T06:03:56+08:00,Taxi,true,2024-11-11T06:08:56+08:00
D01043,2024-04-03T05:46:52+08:00,Taxi,true,2024-04-03T05:51:52+08:00
D01044,2024-08-15T23:42:30+08:00,Taxi,true,2024-08-15T23:47:30+08:00
D01045,2024-10-02T01:46:42+08:00,Taxi,false,2024-10-02T01:51:42+08:00
D01046,2023-01-16T08:14:59+08:00,XL,false,2023-01-16T08:19:59+08:00
D01047,2023-05-12T06:32:51+08:00,Taxi,true,2023-05-12T06:37:51+08:00
D01048,2024-02-10T19:22:09+08:00,Taxi,false,2024-02-10T19:27:09+08:00
D01049,2024-01-05T20:08:57+08:00,Taxi,true,2024-01-05T20:13:57+08:00
D01050,2023-07-14T04:51:14+08:00,Taxi,true,2023-07-14T04:56:14+08:00
D01051,2024-10-30T11:32:43+08:00,XL,true,2024-10-30T11:37:43+08:00
D01052,2024-01-27T11:55:28+08:00,Taxi,true,2024-01-27T12:00:28+08:00
D01053,2024-01-26T10:15:21+08:00,Comfort,false,2024-01-26T10:20:21+08:00
D01054,2023-03-31T07:17:44+08:00,Taxi,false,2023-03-31T07:22:44+08:00
D01055,2024-01-06T22:25:49+08:00,Taxi,true,2024-01-06T22:30:49+08:00
D01056,2023-06-28T06:27:59+08:00,Taxi,true,2023-06-28T06:32:59+08:00
D01057,2023-08-09T23:16:45+08:00,Taxi,false,2023-08-09T23:21:45+08:00
D01058,2023-11-29T19:06:45+08:00,Taxi,true,2023-11-29T19:11:45+08:00
D01059,2024-06-08T06:06:14+08:00,Taxi,true,2024-06-08T06:11:14+08:00
D01060,2023-03-03T11:44:56+08:00,Taxi,true,2023-03-03T11:49:56+08:00
D01061,2023-12-11T14:59:43+08:00,Taxi,false,2023-12-11T15:04:43+08:00
D01062,2023-09-13T06:32:59+08:00,Taxi,true,2023-09-13T06:37:59+08:00
D01063,2024-02-15T04:36:03+08:00,Taxi,true,2024-02-15T04:41:03+08:00
D01064,2023-01-31T07:23:59+08:00,Taxi,true,2023-01-31T07:28:59+08:00
D01065,2023-12-19T20:43:44+08:00,Taxi,false,2023-12-19T20:48:44+08:00
D01066,2024-09-12T20:08:13+08:00,Taxi,true,2024-09-12T20:13:13+08:00
D01067,2024-05-03T02:16:41+08:00,Taxi,false,2024-05-03T02:21:41+08:00
D01068,2024-03-23T17:41:13+08:00,Taxi,true,2024-03-23T17:46:13+08:00
D01069,2023-12-12T09:56:12+08:00,Taxi,true,2023-12-12T10:01:12+08:00
D01070,2023-10-22T09:34:33+08:00,Taxi,false,2023-10-22T09:39:33+08:00
D01071,2024-04-09T19:03:19+08:00,Taxi,false,2024-04-09T19:08:19+08:00
D01072,2024-04-27T15:36:50+08:00,Comfort,true,2024-04-27T15:41:50+08:00
D01073,2024-08-12T15:26:24+08:00,Taxi,true,2024-08-12T15:31:24+08:00
D01074,2023-08-22T06:10:06+08:00,Taxi,true,2023-08-22T06:15:06+08:00
D01075,2024-07-03T17:57:15+08:00,Taxi,true,2024-07-03T18:02:15+08:00
D01076,2023-04-04T13:15:06+08:00,Comfort,true,2023-04-04T13:20:06+08:00
D01077,2023-06-26T00:00:31+08:00,Taxi,true,2023-06-26T00:05:31+08:00
D01078,2024-07-21T11:40:50+08:00,Taxi,true,2024-07-21T11:45:50+08:00
D01079,2024-01-10T21:41:27+08:00,Comfort,false,2024-01-10T21:46:27+08:00
D01080,2023-08-10T14:04:19+08:00,Taxi,true,2023-08-10T14:09:19+08:00
D01081,2023-09-16T18:56:54+08:00,Comfort,true,2023-09-16T19:01:54+08:00
D01082,2024-02-18T00:42:38+08:00,Taxi,false,2024-02-18T00:47:38+08:00
D01083,2024-05-01T11:38:46+08:00,XL,false,2024-05-01T11:43:46+08:00
D01084,2024-09-28T19:39:52+08:00,Taxi,true,2024-09-28T19:44:52+08:00
D01085,2023-11-23T00:26:08+08:00,Taxi,true,2023-11-23T00:31:08+08:00
D01086,2024-01-23T19:36:39+08:00,Taxi,true,2024-01-23T19:41:39+08:00
D01087,2023-06-18T22:03:04+08:00,Taxi,true,2023-06-18T22:08:04+08:00
D01088,2024-05-16T12:28:46+08:00,XL,false,2024-05-16T12:33:46+08:00
D01089,2023-01-27T20:44:11+08:00,Taxi,false,2023-01-27T20:49:11+08:00
D01090,2024-02-14T23:16:20+08:00,Comfort,true,2024-02-14T23:21:20+08:00
D01091,2024-05-27T08:05:19+08:00,Taxi,true,2024-05-27T08:10:19+08:00
D01092,2023-11-28T09:51:20+08:00,Taxi,true,2023-11-28T09:56:20+08:00
D01093,2023-04-15T00:16:29+08:00,Taxi,false,2023-04-15T00:21:29+08:00
D01094,2023-01-18T10:32:06+08:00,Taxi,true,2023-01-18T10:37:06+08:00
D01095,2024-05-26T05:27:39+08:00,Taxi,true,2024-05-26T05:32:39+08:00
D01096,2024-08-14T23:09:48+08:00,Taxi,false,2024-08-14T23:14:48+08:00
D01097,2023-09-12T15:50:16+08:00,Taxi,false,2023-09-12T15:55:16+08:00
D01098,2024-09-23T03:27:25+08:00,Taxi,true,2024-09-23T03:32:25+08:00
D01099,2024-02-05T06:46:35+08:00,Taxi,true,2024-02-05T06:51:35+08:00
D01100,2023-12-08T03:02:26+08:00,XL,false,2023-12-08T03:07:26+08:00
D01101,2024-11-04T08:52:54+08:00,Comfort,true,2024-11-04T08:57:54+08:00
D01102,2023-09-16T03:53:09+08:00,Taxi,false,2023-09-16T03:58:09+08:00
D01103,2024-03-05T03:00:03+08:00,Taxi,false,2024-03-05T03:05:03+08:00
D01104,2023-02-06T14:06:54+08:00,Taxi,false,2023-02-06T14:11:54+08:00
D01105,2024-07-10T15:57:49+08:00,Taxi,false,2024-07-10T16:02:49+08:00
D01106,2023-06-05T00:10:05+08:00,Taxi,false,2023-06-05T00:15:05+08:00
D01107,2023-02-04T22:38:28+08:00,Comfort,true,2023-02-04T22:43:28+08:00
D01108,2024-06-15T04:10:30+08:00,Comfort,true,2024-06-15T04:15:30+08:00
D01109,2024-10-05T20:08:14+08:00,Taxi,false,2024-10-05T20:13:14+08:00
D01110,2024-05-30T08:01:00+08:00,Comfort,false,2024-05-30T08:06:00+08:00
D01111,2024-07-21T18:22:48+08:00,Taxi,true,2024-07-21T18:27:48+08:00
D01112,2024-05-17T02:07:27+08:00,Taxi,false,2024-05-17T02:12:27+08:00
D01113,2023-07-26T18:03:09+08:00,Taxi,false,2023-07-26T18:08:09+08:00
D01114,2023-06-29T21:15:42+08:00,Taxi,false,2023-06-29T21:20:42+08:00
D01115,2023-10-23T22:27:10+08:00,Taxi,false,2023-10-23T22:32:10+08:00
D01116,2023-07-10T18:54:56+08:00,Taxi,true,2023-07-10T18:59:56+08:00
D01117,2024-08-02T03:20:08+08:00,Comfort,true,2024-08-02T03:25:08+08:00
D01118,2023-12-31T13:42:56+08:00,Comfort,true,2023-12-31T13:47:56+08:00
D01119,2024-09-13T06:59:00+08:00,Taxi,true,2024-09-13T07:04:00+08:00
D01120,2023-09-21T09:20:50+08:00,Taxi,true,2023-09-21T09:25:50+08:00
D01121,2023-02-18T02:45:55+08:00,Taxi,false,2023-02-18T02:50:55+08:00
D01122,2024-06-19T09:36:24+08:00,Taxi,true,2024-06-19T09:41:24+08:00
D01123,2023-08-31T18:26:49+08:00,Taxi,true,2023-08-31T18:31:49+08:00
D01124,2023-07-24T02:45:30+08:00,Comfort,true,2023-07-24T02:50:30+08:00
D01125,2024-02-10T13:17:23+08:00,Taxi,true,2024-02-10T13:22:23+08:00
D01126,2024-11-14T10:42:39+08:00,Comfort,false,2024-11-14T10:47:39+08:00
D01127,2024-06-15T20:43:54+08:00,Taxi,true,2024-06-15T20:48:54+08:00
D01128,2023-11-05T20:41:06+08:00,Taxi,true,2023-11-05T20:46:06+08:00
D01129,2023-03-21T07:08:12+08:00,Taxi,true,2023-03-21T07:13:12+08:00
D01130,2023-04-06T02:04:30+08:00,Taxi,true,2023-04-06T02:09:30+08:00
D01131,2024-04-01T09:06:20+08:00,Taxi,false,2024-04-01T09:11:20+08:00
D01132,2024-11-03T18:32:10+08:00,Taxi,false,2024-11-03T18:37:10+08:00
D01133,2023-05-17T16:00:01+08:00,Taxi,false,2023-05-17T16:05:01+08:00
D01134,2024-05-21T18:38:46+08:00,Taxi,true,2024-05-21T18:43:46+08:00
D01135,2024-06-22T16:24:53+08:00,Comfort,true,2024-06-22T16:29:53+08:00
D01136,2023-12-31T03:04:22+08:00,Taxi,false,2023-12-31T03:09:22+08:00
D01137,2024-07-17T00:17:00+08:00,Taxi,true,2024-07-17T00:22:00+08:00
D01138,2024-02-10T13:43:42+08:00,Taxi,true,2024-02-10T13:48:42+08:00
D01139,2023-10-31T05:30:44+08:00,Taxi,true,2023-10-31T05:35:44+08:00
D01140,2023-02-12T18:43:02+08:00,Taxi,true,2023-02-12T18:48:02+08:00
D01141,2023-08-10T00:55:03+08:00,Taxi,true,2023-08-10T01:00:03+08:00
D01142,2024-01-04T07:26:01+08:00,Taxi,true,2024-01-04T07:31:01+08:00
D01143,2023-10-07T03:06:59+08:00,Comfort,true,2023-10-07T03:11:59+08:00
D01144,2024-07-09T18:07:25+08:00,Taxi,true,2024-07-09T18:12:25+08:00
D01145,2024-06-19T11:00:46+08:00,Taxi,true,2024-06-19T11:05:46+08:00
D01146,2024-02-21T13:54:03+08:00,Taxi,true,2024-02-21T13:59:03+08:00
D01147,2023-11-14T16:35:03+08:00,Taxi,true,2023-11-14T16:40:03+08:00
D01148,2023-11-16T02:30:21+08:00,Taxi,false,2023-11-16T02:35:21+08:00
D01149,2024-04-06T11:07:52+08:00,Taxi,true,2024-04-06T11:12:52+08:00
D01150,2023-12-06T15:28:16+08:00,Taxi,true,2023-12-06T15:33:16+08:00
D01151,2023-12-17T02:37:08+08:00,Comfort,true,2023-12-17T02:42:08+08:00
D01152,2024-03-06T07:08:48+08:00,Comfort,true,2024-03-06T07:13:48+08:00
D01153,2024-04-01T19:19:18+08:00,Taxi,false,2024-04-01T19:24:18+08:00
D01154,2023-05-04T05:55:10+08:00,Comfort,true,2023-05-04T06:00:10+08:00
D01155,2023-05-11T22:48:36+08:00,Taxi,false,2023-05-11T22:53:36+08:00
D01156,2023-02-12T14:41:40+08:00,XL,true,2023-02-12T14:46:40+08:00
D01157,2024-06-27T13:27:46+08:00,Taxi,true,2024-06-27T13:32:46+08:00
D01158,2024-03-15T15:18:31+08:00,Taxi,false,2024-03-15T15:23:31+08:00
D01159,2023-02-26T22:27:23+08:00,Taxi,false,2023-02-26T22:32:23+08:00
D01160,2023-11-11T15:30:41+08:00,Comfort,false,2023-11-11T15:35:41+08:00
D01161,2024-07-07T22:52:49+08:00,Taxi,true,2024-07-07T22:57:49+08:00
D01162,2024-10-20T01:44:41+08:00,Comfort,true,2024-10-20T01:49:41+08:00
D01163,2024-06-21T11:51:07+08:00,Taxi,true,2024-06-21T11:56:07+08:00
D01164,2023-06-04T11:56:15+08:00,Comfort,true,2023-06-04T12:01:15+08:00
D01165,2024-11-03T05:38:10+08:00,Taxi,true,2024-11-03T05:43:10+08:00
D01166,2024-05-13T17:33:20+08:00,Taxi,true,2024-05-13T17:38:20+08:00
D01167,2024-04-29T13:18:23+08:00,Taxi,true,2024-04-29T13:23:23+08:00
D01168,2024-10-25T21:31:04+08:00,Comfort,true,2024-10-25T21:36:04+08:00
D01169,2024-11-03T18:05:06+08:00,Taxi,true,2024-11-03T18:10:06+08:00
D01170,2023-08-20T11:11:16+08:00,Taxi,false,2023-08-20T11:16:16+08:00
D01171,2024-09-14T17:41:11+08:00,Taxi,true,2024-09-14T17:46:11+08:00
D01172,2024-07-21T17:21:39+08:00,Taxi,true,2024-07-21T17:26:39+08:00
D01173,2023-12-15T20:26:36+08:00,Taxi,true,2023-12-15T20:31:36+08:00
D01174,2023-12-07T01:45:06+08:00,Taxi,true,2023-12-07T01:50:06+08:00
D01175,2024-10-02T20:37:26+08:00,Taxi,true,2024-10-02T20:42:26+08:00
D01176,2023-06-20T03:55:02+08:00,Taxi,true,2023-06-20T04:00:02+08:00
D01177,2023-06-18T07:00:48+08:00,Taxi,true,2023-06-18T07:05:48+08:00
D01178,2024-07-15T03:43:11+08:00,Taxi,true,2024-07-15T03:48:11+08:00
D01179,2023-08-19T17:23:35+08:00,Taxi,true,2023-08-19T17:28:35+08:00
D01180,2024-01-23T09:01:51+08:00,Taxi,true,2024-01-23T09:06:51+08:00
D01181,2024-07-08T04:43:27+08:00,Taxi,true,2024-07-08T04:48:27+08:00
D01182,2023-05-06T05:38:13+08:00,Taxi,true,2023-05-06T05:43:13+08:00
D01183,2023-01-16T05:08:21+08:00,Taxi,true,2023-01-16T05:13:21+08:00
D01184,2023-12-28T04:19:19+08:00,Comfort,false,2023-12-28T04:24:19+08:00
D01185,2024-04-16T22:49:03+08:00,Taxi,false,2024-04-16T22:54:03+08:00
D01186,2024-06-12T11:47:08+08:00,Taxi,true,2024-06-12T11:52:08+08:00
D01187,2024-03-21T11:04:21+08:00,Taxi,true,2024-03-21T11:09:21+08:00
D01188,2024-04-27T09:50:10+08:00,Taxi,true,2024-04-27T09:55:10+08:00
D01189,2024-04-19T10:42:12+08:00,Taxi,true,2024-04-19T10:47:12+08:00
D01190,2024-02-06T15:45:10+08:00,Taxi,true,2024-02-06T15:50:10+08:00
D01191,2023-06-26T22:44:32+08:00,Comfort,false,2023-06-26T22:49:32+08:00
D01192,2023-10-06T19:35:43+08:00,XL,true,2023-10-06T19:40:43+08:00
D01193,2024-04-17T13:07:52+08:00,Taxi,true,2024-04-17T13:12:52+08:00
D01194,2024-09-16T04:32:06+08:00,Comfort,true,2024-09-16T04:37:06+08:00
D01195,2024-06-24T23:58:00+08:00,Taxi,false,2024-06-25T00:03:00+08:00
D01196,2023-07-25T04:28:28+08:00,Taxi,true,2023-07-25T04:33:28+08:00
D01197,2024-08-28T12:50:01+08:00,Taxi,true,2024-08-28T12:55:01+08:00
D01198,2023-02-27T22:18:40+08:00,Taxi,true,2023-02-27T22:23:40+08:00
D01199,2024-07-03T00:40:32+08:00,Taxi,true,2024-07-03T00:45:32+08:00
D01200,2023-12-16T13:45:52+08:00,Taxi,true,2023-12-16T13:50:52+08:00
D01201,2024-08-01T10:48:37+08:00,Taxi,true,2024-08-01T10:53:37+08:00
D01202,2024-02-23T03:52:32+08:00,Taxi,true,2024-02-23T03:57:32+08:00
D01203,2023-09-10T16:29:45+08:00,Taxi,true,2023-09-10T16:34:45+08:00
D01204,2023-09-26T16:43:24+08:00,Taxi,false,2023-09-26T16:48:24+08:00
D01205,2023-06-25T07:17:06+08:00,Taxi,true,2023-06-25T07:22:06+08:00
D01206,2023-07-08T05:27:37+08:00,Comfort,true,2023-07-08T05:32:37+08:00
D01207,2024-11-25T14:10:03+08:00,Taxi,true,2024-11-25T14:15:03+08:00
D01208,2024-03-13T07:51:08+08:00,Taxi,false,2024-03-13T07:56:08+08:00
D01209,2024-07-13T17:59:06+08:00,Taxi,true,2024-07-13T18:04:06+08:00
D01210,2024-11-04T11:23:42+08:00,Taxi,true,2024-11-04T11:28:42+08:00
D01211,2023-09-29T23:11:10+08:00,Comfort,false,2023-09-29T23:16:10+08:00
D01212,2023-06-07T16:00:54+08:00,Comfort,false,2023-06-07T16:05:54+08:00
D01213,2023-04-28T06:49:18+08:00,Comfort,true,2023-04-28T06:54:18+08:00
D01214,2024-04-07T20:35:26+08:00,Taxi,false,2024-04-07T20:40:26+08:00
D01215,2023-08-11T20:38:55+08:00,Taxi,false,2023-08-11T20:43:55+08:00
D01216,2023-01-24T03:47:37+08:00,Taxi,true,2023-01-24T03:52:37+08:00
D01217,2024-03-27T16:17:37+08:00,XL,true,2024-03-27T16:22:37+08:00
D01218,2024-03-16T11:09:54+08:00,Comfort,false,2024-03-16T11:14:54+08:00
D01219,2024-06-21T15:52:22+08:00,Taxi,true,2024-06-21T15:57:22+08:00
D01220,2024-11-15T08:46:13+08:00,Comfort,true,2024-11-15T08:51:13+08:00
D01221,2023-11-28T14:39:19+08:00,Taxi,true,2023-11-28T14:44:19+08:00
D01222,2023-03-27T17:20:41+08:00,Taxi,true,2023-03-27T17:25:41+08:00
D01223,2023-08-04T08:47:05+08:00,Taxi,true,2023-08-04T08:52:05+08:00
D01224,2023-07-10T02:56:15+08:00,XL,true,2023-07-10T03:01:15+08:00
D01225,2023-05-16T12:41:59+08:00,Comfort,false,2023-05-16T12:46:59+08:00
D01226,2024-08-12T18:00:32+08:00,XL,false,2024-08-12T18:05:32+08:00
D01227,2024-11-13T09:51:30+08:00,Taxi,true,2024-11-13T09:56:30+08:00
D01228,2023-07-17T20:50:53+08:00,Taxi,true,2023-07-17T20:55:53+08:00
D01229,2023-03-14T23:05:50+08:00,Taxi,true,2023-03-14T23:10:50+08:00
D01230,2024-03-23T23:17:56+08:00,Taxi,false,2024-03-23T23:22:56+08:00
D01231,2024-11-17T04:10:42+08:00,Taxi,true,2024-11-17T04:15:42+08:00
D01232,2024-11-10T21:07:26+08:00,Taxi,true,2024-11-10T21:12:26+08:00
D01233,2024-11-08T21:27:26+08:00,Taxi,true,2024-11-08T21:32:26+08:00
D01234,2023-08-29T06:27:59+08:00,Taxi,true,2023-08-29T06:32:59+08:00
D01235,2024-06-09T21:16:54+08:00,Taxi,true,2024-06-09T21:21:54+08:00
D01236,2023-10-06T03:47:19+08:00,Comfort,true,2023-10-06T03:52:19+08:00
D01237,2023-09-07T06:46:52+08:00,Taxi,false,2023-09-07T06:51:52+08:00
D01238,2024-01-02T06:05:27+08:00,XL,true,2024-01-02T06:10:27+08:00
D01239,2024-10-10T14:18:18+08:00,Taxi,true,2024-10-10T14:23:18+08:00
D01240,2024-03-05T03:25:54+08:00,Taxi,true,2024-03-05T03:30:54+08:00
D01241,2024-07-17T10:55:28+08:00,Taxi,true,2024-07-17T11:00:28+08:00
D01242,2023-09-30T01:04:57+08:00,Comfort,true,2023-09-30T01:09:57+08:00
D01243,2023-08-01T19:30:03+08:00,Comfort,true,2023-08-01T19:35:03+08:00
D01244,2024-09-20T04:35:04+08:00,Taxi,true,2024-09-20T04:40:04+08:00
D01245,2024-01-10T02:18:32+08:00,Taxi,false,2024-01-10T02:23:32+08:00
D01246,2023-08-04T10:26:24+08:00,Taxi,true,2023-08-04T10:31:24+08:00
D01247,2023-05-18T21:50:09+08:00,Taxi,true,2023-05-18T21:55:09+08:00
D01248,2023-09-27T01:57:16+08:00,Comfort,true,2023-09-27T02:02:16+08:00
D01249,2024-05-04T06:19:40+08:00,Taxi,false,2024-05-04T06:24:40+08:00
D01250,2024-01-09T03:06:48+08:00,Taxi,true,2024-01-09T03:11:48+08:00
D01251,2024-06-27T07:43:22+08:00,Taxi,true,2024-06-27T07:48:22+08:00
D01252,2024-01-11T03:57:43+08:00,Taxi,true,2024-01-11T04:02:43+08:00
D01253,2023-04-01T15:03:01+08:00,Taxi,true,2023-04-01T15:08:01+08:00
D01254,2024-01-14T00:03:39+08:00,Taxi,false,2024-01-14T00:08:39+08:00
D01255,2024-05-11T17:06:01+08:00,Taxi,true,2024-05-11T17:11:01+08:00
D01256,2023-09-03T05:49:48+08:00,Taxi,false,2023-09-03T05:54:48+08:00
D01257,2023-07-17T04:10:53+08:00,Comfort,true,2023-07-17T04:15:53+08:00
D01258,2024-09-13T05:30:02+08:00,Taxi,false,2024-09-13T05:35:02+08:00
D01259,2024-08-13T10:46:03+08:00,Taxi,true,2024-08-13T10:51:03+08:00
D01260,2023-06-09T08:14:53+08:00,Taxi,true,2023-06-09T08:19:53+08:00
D01261,2023-01-23T18:58:06+08:00,Taxi,true,2023-01-23T19:03:06+08:00
D01262,2023-07-12T20:13:19+08:00,Taxi,false,2023-07-12T20:18:19+08:00
D01263,2023-02-20T23:55:24+08:00,Taxi,true,2023-02-21T00:00:24+08:00
D01264,2023-02-18T09:26:02+08:00,Comfort,true,2023-02-18T09:31:02+08:00
D01265,2023-10-03T22:22:33+08:00,Comfort,true,2023-10-03T22:27:33+08:00
D01266,2023-06-19T07:21:02+08:00,Taxi,true,2023-06-19T07:26:02+08:00
D01267,2024-08-12T14:09:14+08:00,Taxi,false,2024-08-12T14:14:14+08:00
D01268,2023-05-12T01:10:02+08:00,Taxi,true,2023-05-12T01:15:02+08:00
D01269,2023-11-21T01:18:08+08:00,Taxi,true,2023-11-21T01:23:08+08:00
D01270,2024-11-30T10:51:35+08:00,Taxi,false,2024-11-30T10:56:35+08:00
D01271,2024-03-28T05:09:17+08:00,Taxi,true,2024-03-28T05:14:17+08:00
D01272,2023-10-21T14:15:33+08:00,Taxi,true,2023-10-21T14:20:33+08:00
D01273,2023-03-10T21:01:56+08:00,Taxi,false,2023-03-10T21:06:56+08:00
D01274,2023-01-23T15:10:09+08:00,Taxi,true,2023-01-23T15:15:09+08:00
D01275,2024-08-25T11:44:01+08:00,XL,true,2024-08-25T11:49:01+08:00
D01276,2024-09-01T07:10:49+08:00,Taxi,true,2024-09-01T07:15:49+08:00
D01277,2023-05-17T00:27:53+08:00,Comfort,false,2023-05-17T00:32:53+08:00
D01278,2024-04-29T11:53:59+08:00,Taxi,true,2024-04-29T11:58:59+08:00
D01279,2023-04-16T14:44:39+08:00,Taxi,false,2023-04-16T14:49:39+08:00
D01280,2024-02-09T00:24:08+08:00,Taxi,true,2024-02-09T00:29:08+08:00
D01281,2024-07-14T09:29:31+08:00,Taxi,true,2024-07-14T09:34:31+08:00
D01282,2024-09-25T02:43:12+08:00,Taxi,true,2024-09-25T02:48:12+08:00
D01283,2024-06-11T09:45:28+08:00,Taxi,true,2024-06-11T09:50:28+08:00
D01284,2023-11-28T02:55:31+08:00,Taxi,true,2023-11-28T03:00:31+08:00
D01285,2023-09-13T05:02:02+08:00,Comfort,true,2023-09-13T05:07:02+08:00
D01286,2023-12-28T08:18:36+08:00,Taxi,false,2023-12-28T08:23:36+08:00
D01287,2024-07-15T19:48:30+08:00,Taxi,true,2024-07-15T19:53:30+08:00
D01288,2024-08-19T06:07:44+08:00,Taxi,false,2024-08-19T06:12:44+08:00
D01289,2024-01-05T11:22:22+08:00,Taxi,true,2024-01-05T11:27:22+08:00
D01290,2023-07-02T07:22:44+08:00,Taxi,false,2023-07-02T07:27:44+08:00
D01291,2023-02-04T04:44:15+08:00,Taxi,true,2023-02-04T04:49:15+08:00
D01292,2023-09-14T10:37:31+08:00,Taxi,true,2023-09-14T10:42:31+08:00
D01293,2023-08-24T02:26:04+08:00,Comfort,true,2023-08-24T02:31:04+08:00
D01294,2024-09-29T18:35:05+08:00,XL,true,2024-09-29T18:40:05+08:00
D01295,2024-09-24T16:21:28+08:00,Taxi,false,2024-09-24T16:26:28+08:00
D01296,2024-07-13T05:33:24+08:00,Taxi,true,2024-07-13T05:38:24+08:00
D01297,2023-01-23T07:45:01+08:00,Taxi,false,2023-01-23T07:50:01+08:00
D01298,2024-08-09T10:27:30+08:00,Comfort,true,2024-08-09T10:32:30+08:00
D01299,2024-04-25T07:24:22+08:00,Taxi,true,2024-04-25T07:29:22+08:00
D01300,2023-02-05T04:14:44+08:00,Taxi,false,2023-02-05T04:19:44+08:00
D01301,2024-04-03T19:59:42+08:00,Taxi,false,2024-04-03T20:04:42+08:00
D01302,2024-05-27T02:51:59+08:00,Taxi,true,2024-05-27T02:56:59+08:00
D01303,2024-05-20T16:56:37+08:00,Taxi,true,2024-05-20T17:01:37+08:00
D01304,2023-03-16T04:43:31+08:00,Taxi,true,2023-03-16T04:48:31+08:00
D01305,2024-06-04T04:48:50+08:00,Taxi,true,2024-06-04T04:53:50+08:00
D01306,2023-10-07T22:28:04+08:00,Comfort,false,2023-10-07T22:33:04+08:00
D01307,2023-08-31T09:26:46+08:00,Taxi,true,2023-08-31T09:31:46+08:00
D01308,2024-04-29T14:41:11+08:00,Comfort,false,2024-04-29T14:46:11+08:00
D01309,2023-12-07T17:45:52+08:00,Taxi,true,2023-12-07T17:50:52+08:00
D01310,2023-02-07T07:39:34+08:00,Comfort,true,2023-02-07T07:44:34+08:00
D01311,2024-07-11T04:31:39+08:00,Taxi,true,2024-07-11T04:36:39+08:00
D01312,2024-05-20T19:30:10+08:00,Comfort,true,2024-05-20T19:35:10+08:00
D01313,2023-04-01T21:24:54+08:00,Taxi,true,2023-04-01T21:29:54+08:00
D01314,2024-06-22T17:32:12+08:00,Taxi,true,2024-06-22T17:37:12+08:00
D01315,2024-04-10T19:19:01+08:00,Taxi,true,2024-04-10T19:24:01+08:00
D01316,2024-07-11T18:37:44+08:00,Comfort,true,2024-07-11T18:42:44+08:00
D01317,2023-06-04T15:00:44+08:00,Taxi,true,2023-06-04T15:05:44+08:00
D01318,2024-05-11T13:50:09+08:00,Taxi,true,2024-05-11T13:55:09+08:00
D01319,2023-07-06T21:46:00+08:00,Taxi,false,2023-07-06T21:51:00+08:00
D01320,2024-10-28T08:32:45+08:00,Comfort,true,2024-10-28T08:37:45+08:00
D01321,2023-04-09T13:13:09+08:00,Taxi,true,2023-04-09T13:18:09+08:00
D01322,2023-12-13T21:46:15+08:00,Taxi,false,2023-12-13T21:51:15+08:00
D01323,2023-10-15T12:40:01+08:00,Taxi,true,2023-10-15T12:45:01+08:00
D01324,2024-07-05T05:07:29+08:00,Taxi,false,2024-07-05T05:12:29+08:00
D01325,2023-09-28T20:25:44+08:00,Taxi,true,2023-09-28T20:30:44+08:00
D01326,2023-12-03T02:09:27+08:00,Taxi,true,2023-12-03T02:14:27+08:00
D01327,2023-05-10T15:13:07+08:00,Taxi,true,2023-05-10T15:18:07+08:00
D01328,2023-07-05T14:09:19+08:00,Taxi,true,2023-07-05T14:14:19+08:00
D01329,2024-03-02T19:06:19+08:00,Taxi,false,2024-03-02T19:11:19+08:00
D01330,2024-04-13T04:35:02+08:00,Taxi,true,2024-04-13T04:40:02+08:00
D01331,2023-11-04T17:01:31+08:00,Taxi,true,2023-11-04T17:06:31+08:00
D01332,2023-03-13T05:13:57+08:00,Taxi,true,2023-03-13T05:18:57+08:00
D01333,2024-09-27T02:09:22+08:00,Taxi,true,2024-09-27T02:14:22+08:00
D01334,2024-09-18T23:31:51+08:00,Taxi,true,2024-09-18T23:36:51+08:00
D01335,2024-09-01T06:48:28+08:00,Comfort,false,2024-09-01T06:53:28+08:00
D01336,2023-03-23T10:21:25+08:00,Taxi,true,2023-03-23T10:26:25+08:00
D01337,2023-01-30T19:48:09+08:00,Comfort,false,2023-01-30T19:53:09+08:00
D01338,2024-06-24T03:41:02+08:00,Taxi,false,2024-06-24T03:46:02+08:00
D01339,2024-07-09T11:12:47+08:00,Taxi,true,2024-07-09T11:17:47+08:00
D01340,2024-06-05T03:50:42+08:00,XL,false,2024-06-05T03:55:42+08:00
D01341,2024-11-06T11:01:01+08:00,Taxi,true,2024-11-06T11:06:01+08:00
D01342,2023-06-26T13:54:01+08:00,Taxi,false,2023-06-26T13:59:01+08:00
D01343,2024-07-18T08:58:23+08:00,Taxi,true,2024-07-18T09:03:23+08:00
D01344,2024-11-09T10:23:48+08:00,Comfort,true,2024-11-09T10:28:48+08:00
D01345,2023-08-11T00:08:17+08:00,Taxi,false,2023-08-11T00:13:17+08:00
D01346,2024-05-05T23:22:51+08:00,Taxi,true,2024-05-05T23:27:51+08:00
D01347,2024-04-23T14:13:07+08:00,Taxi,false,2024-04-23T14:18:07+08:00
D01348,2024-05-07T12:33:27+08:00,Taxi,true,2024-05-07T12:38:27+08:00
D01349,2024-08-04T11:43:45+08:00,Taxi,true,2024-08-04T11:48:45+08:00
D01350,2024-02-13T08:05:58+08:00,Taxi,true,2024-02-13T08:10:58+08:00
D01351,2023-09-18T23:19:19+08:00,Taxi,true,2023-09-18T23:24:19+08:00
D01352,2024-10-25T11:09:07+08:00,Taxi,true,2024-10-25T11:14:07+08:00
D01353,2024-10-21T13:53:45+08:00,Taxi,true,2024-10-21T13:58:45+08:00
D01354,2023-09-14T15:21:59+08:00,Taxi,true,2023-09-14T15:26:59+08:00
D01355,2024-09-17T23:02:35+08:00,Taxi,true,2024-09-17T23:07:35+08:00
D01356,2024-04-15T01:50:00+08:00,Taxi,true,2024-04-15T01:55:00+08:00
D01357,2024-02-11T05:00:20+08:00,XL,true,2024-02-11T05:05:20+08:00
D01358,2024-10-21T03:45:44+08:00,Comfort,true,2024-10-21T03:50:44+08:00
D01359,2023-02-20T22:56:05+08:00,Taxi,true,2023-02-20T23:01:05+08:00
D01360,2024-04-21T21:50:36+08:00,Comfort,false,2024-04-21T21:55:36+08:00
D01361,2024-03-25T21:18:31+08:00,Taxi,true,2024-03-25T21:23:31+08:00
D01362,2024-07-28T21:47:34+08:00,XL,true,2024-07-28T21:52:34+08:00
D01363,2024-08-19T13:23:47+08:00,Taxi,false,2024-08-19T13:28:47+08:00
D01364,2024-02-21T17:27:30+08:00,Taxi,false,2024-02-21T17:32:30+08:00
D01365,2023-01-17T11:24:37+08:00,Comfort,true,2023-01-17T11:29:37+08:00
D01366,2024-05-16T06:20:33+08:00,Comfort,true,2024-05-16T06:25:33+08:00
D01367,2024-10-04T00:07:37+08:00,Taxi,true,2024-10-04T00:12:37+08:00
D01368,2024-01-13T23:31:35+08:00,Taxi,false,2024-01-13T23:36:35+08:00
D01369,2023-06-09T06:30:51+08:00,Taxi,true,2023-06-09T06:35:51+08:00
D01370,2023-08-29T17:05:34+08:00,Taxi,true,2023-08-29T17:10:34+08:00
D01371,2024-01-17T11:21:46+08:00,Taxi,true,2024-01-17T11:26:46+08:00
D01372,2023-05-14T09:09:34+08:00,Taxi,false,2023-05-14T09:14:34+08:00
D01373,2024-05-02T11:27:22+08:00,Taxi,true,2024-05-02T11:32:22+08:00
D01374,2024-04-24T03:11:49+08:00,Taxi,true,2024-04-24T03:16:49+08:00
D01375,2023-08-14T03:37:01+08:00,Taxi,true,2023-08-14T03:42:01+08:00
D01376,2024-06-18T18:36:40+08:00,Taxi,true,2024-06-18T18:41:40+08:00
D01377,2023-05-09T15:54:57+08:00,Taxi,true,2023-05-09T15:59:57+08:00
D01378,2023-08-05T10:01:27+08:00,Taxi,false,2023-08-05T10:06:27+08:00
D01379,2023-10-24T06:00:13+08:00,Taxi,true,2023-10-24T06:05:13+08:00
D01380,2024-11-01T05:50:24+08:00,Comfort,true,2024-11-01T05:55:24+08:00
D01381,2024-07-04T22:23:11+08:00,Taxi,true,2024-07-04T22:28:11+08:00
D01382,2024-08-31T08:53:07+08:00,Taxi,true,2024-08-31T08:58:07+08:00
D01383,2024-11-21T05:31:16+08:00,Taxi,true,2024-11-21T05:36:16+08:00
D01384,2024-10-24T12:01:05+08:00,XL,true,2024-10-24T12:06:05+08:00
D01385,2023-03-19T17:35:01+08:00,Taxi,true,2023-03-19T17:40:01+08:00
D01386,2024-02-25T02:33:31+08:00,XL,false,2024-02-25T02:38:31+08:00
D01387,2024-04-12T02:28:17+08:00,Taxi,false,2024-04-12T02:33:17+08:00
D01388,2023-06-11T13:39:27+08:00,Taxi,true,2023-06-11T13:44:27+08:00
D01389,2024-06-27T10:12:52+08:00,Taxi,false,2024-06-27T10:17:52+08:00
D01390,2024-04-15T15:36:12+08:00,Taxi,false,2024-04-15T15:41:12+08:00
D01391,2023-05-30T05:18:15+08:00,Taxi,true,2023-05-30T05:23:15+08:00
D01392,2024-10-17T05:25:08+08:00,Taxi,true,2024-10-17T05:30:08+08:00
D01393,2024-08-15T07:18:31+08:00,Taxi,true,2024-08-15T07:23:31+08:00
D01394,2023-06-20T06:53:58+08:00,Taxi,true,2023-06-20T06:58:58+08:00
D01395,2024-04-02T10:28:56+08:00,Comfort,true,2024-04-02T10:33:56+08:00
D01396,2023-11-22T10:21:40+08:00,Comfort,false,2023-11-22T10:26:40+08:00
D01397,2024-11-06T12:11:10+08:00,Taxi,false,2024-11-06T12:16:10+08:00
D01398,2023-07-11T14:21:11+08:00,Taxi,true,2023-07-11T14:26:11+08:00
D01399,2023-12-11T03:51:02+08:00,Taxi,true,2023-12-11T03:56:02+08:00
D01400,2023-06-13T22:45:27+08:00,Comfort,true,2023-06-13T22:50:27+08:00
D01401,2024-11-25T03:22:45+08:00,Taxi,true,2024-11-25T03:27:45+08:00
D01402,2023-10-28T16:50:14+08:00,Comfort,true,2023-10-28T16:55:14+08:00
D01403,2024-09-10T08:23:32+08:00,XL,true,2024-09-10T08:28:32+08:00
D01404,2023-04-15T13:03:52+08:00,XL,true,2023-04-15T13:08:52+08:00
D01405,2023-09-02T01:21:23+08:00,Comfort,false,2023-09-02T01:26:23+08:00
D01406,2023-11-20T19:26:37+08:00,Taxi,true,2023-11-20T19:31:37+08:00
D01407,2023-10-28T17:24:44+08:00,Comfort,true,2023-10-28T17:29:44+08:00
D01408,2024-02-14T04:50:29+08:00,Taxi,true,2024-02-14T04:55:29+08:00
D01409,2024-08-31T13:16:37+08:00,Taxi,false,2024-08-31T13:21:37+08:00
D01410,2024-04-28T22:09:38+08:00,Comfort,true,2024-04-28T22:14:38+08:00
D01411,2024-07-04T20:33:43+08:00,Taxi,true,2024-07-04T20:38:43+08:00
D01412,2023-04-11T07:42:00+08:00,Comfort,true,2023-04-11T07:47:00+08:00
D01413,2024-01-22T02:07:48+08:00,Comfort,false,2024-01-22T02:12:48+08:00
D01414,2024-09-24T11:47:00+08:00,Taxi,true,2024-09-24T11:52:00+08:00
D01415,2023-10-14T23:52:49+08:00,Comfort,true,2023-10-14T23:57:49+08:00
D01416,2024-06-22T23:45:45+08:00,Taxi,false,2024-06-22T23:50:45+08:00
D01417,2024-08-16T01:43:28+08:00,Taxi,true,2024-08-16T01:48:28+08:00
D01418,2024-01-01T05:54:16+08:00,Taxi,true,2024-01-01T05:59:16+08:00
D01419,2023-04-06T13:36:52+08:00,Comfort,false,2023-04-06T13:41:52+08:00
D01420,2023-04-12T03:52:28+08:00,Taxi,true,2023-04-12T03:57:28+08:00
D01421,2023-09-09T04:06:28+08:00,Taxi,true,2023-09-09T04:11:28+08:00
D01422,2023-12-23T01:48:16+08:00,Taxi,true,2023-12-23T01:53:16+08:00
D01423,2023-06-04T12:56:01+08:00,Taxi,false,2023-06-04T13:01:01+08:00
D01424,2024-07-26T14:54:40+08:00,Taxi,true,2024-07-26T14:59:40+08:00
D01425,2024-01-05T06:04:17+08:00,Taxi,true,2024-01-05T06:09:17+08:00
D01426,2024-05-29T14:15:18+08:00,Taxi,true,2024-05-29T14:20:18+08:00
D01427,2023-08-20T06:19:28+08:00,Taxi,true,2023-08-20T06:24:28+08:00
D01428,2024-04-01T15:08:39+08:00,Taxi,false,2024-04-01T15:13:39+08:00
D01429,2023-03-03T23:17:49+08:00,Taxi,true,2023-03-03T23:22:49+08:00
D01430,2023-05-05T08:57:11+08:00,Taxi,true,2023-05-05T09:02:11+08:00
D01431,2024-07-20T01:03:15+08:00,Comfort,true,2024-07-20T01:08:15+08:00
D01432,2024-02-22T14:55:25+08:00,Taxi,true,2024-02-22T15:00:25+08:00
D01433,2023-05-30T01:03:58+08:00,Taxi,true,2023-05-30T01:08:58+08:00
D01434,2024-05-22T19:01:50+08:00,Taxi,true,2024-05-22T19:06:50+08:00
D01435,2023-06-17T22:36:58+08:00,Taxi,true,2023-06-17T22:41:58+08:00
D01436,2023-08-24T09:34:18+08:00,Taxi,false,2023-08-24T09:39:18+08:00
D01437,2024-03-16T00:00:42+08:00,Taxi,true,2024-03-16T00:05:42+08:00
D01438,2024-03-20T15:24:42+08:00,Taxi,true,2024-03-20T15:29:42+08:00
D01439,2024-07-13T17:38:43+08:00,Taxi,false,2024-07-13T17:43:43+08:00
D01440,2024-08-11T03:03:07+08:00,Taxi,true,2024-08-11T03:08:07+08:00
D01441,2024-01-29T12:48:33+08:00,Taxi,false,2024-01-29T12:53:33+08:00
D01442,2023-05-31T05:10:19+08:00,Comfort,true,2023-05-31T05:15:19+08:00
D01443,2023-12-24T17:58:48+08:00,Comfort,false,2023-12-24T18:03:48+08:00
D01444,2024-07-03T07:07:52+08:00,Taxi,true,2024-07-03T07:12:52+08:00
D01445,2024-11-18T04:19:53+08:00,Taxi,false,2024-11-18T04:24:53+08:00
D01446,2023-07-19T13:24:27+08:00,Comfort,true,2023-07-19T13:29:27+08:00
D01447,2024-07-04T06:47:07+08:00,Taxi,true,2024-07-04T06:52:07+08:00
D01448,2024-09-05T15:37:29+08:00,Taxi,true,2024-09-05T15:42:29+08:00
D01449,2023-11-01T06:48:36+08:00,Taxi,true,2023-11-01T06:53:36+08:00
D01450,2023-02-01T03:11:35+08:00,Taxi,true,2023-02-01T03:16:35+08:00
D01451,2023-09-07T19:15:17+08:00,Taxi,true,2023-09-07T19:20:17+08:00
D01452,2023-08-20T15:52:39+08:00,Taxi,true,2023-08-20T15:57:39+08:00
D01453,2023-12-07T22:11:47+08:00,Taxi,true,2023-12-07T22:16:47+08:00
D01454,2023-08-02T11:14:00+08:00,Taxi,true,2023-08-02T11:19:00+08:00
D01455,2024-11-25T05:37:05+08:00,Taxi,true,2024-11-25T05:42:05+08:00
D01456,2023-12-19T08:18:11+08:00,Taxi,true,2023-12-19T08:23:11+08:00
D01457,2024-02-08T03:30:50+08:00,Taxi,true,2024-02-08T03:35:50+08:00
D01458,2023-10-28T01:31:29+08:00,Taxi,true,2023-10-28T01:36:29+08:00
D01459,2024-06-25T06:51:57+08:00,Comfort,true,2024-06-25T06:56:57+08:00
D01460,2023-07-29T17:00:55+08:00,Taxi,true,2023-07-29T17:05:55+08:00
D01461,2023-08-06T23:47:38+08:00,XL,true,2023-08-06T23:52:38+08:00
D01462,2023-04-26T11:50:02+08:00,Comfort,false,2023-04-26T11:55:02+08:00
D01463,2023-10-26T05:14:46+08:00,Taxi,false,2023-10-26T05:19:46+08:00
D01464,2024-07-01T06:04:08+08:00,Taxi,false,2024-07-01T06:09:08+08:00
D01465,2023-08-25T08:58:18+08:00,Taxi,true,2023-08-25T09:03:18+08:00
D01466,2024-07-18T14:29:46+08:00,Taxi,false,2024-07-18T14:34:46+08:00
D01467,2023-11-08T16:05:31+08:00,Taxi,true,2023-11-08T16:10:31+08:00
D01468,2024-05-07T20:04:00+08:00,Taxi,true,2024-05-07T20:09:00+08:00
D01469,2024-02-22T21:07:48+08:00,Taxi,true,2024-02-22T21:12:48+08:00
D01470,2023-08-19T13:34:11+08:00,Taxi,true,2023-08-19T13:39:11+08:00
D01471,2024-04-04T21:07:12+08:00,Comfort,false,2024-04-04T21:12:12+08:00
D01472,2023-05-23T10:40:38+08:00,XL,true,2023-05-23T10:45:38+08:00
D01473,2024-10-14T01:42:13+08:00,Taxi,false,2024-10-14T01:47:13+08:00
D01474,2024-02-14T23:25:30+08:00,Taxi,true,2024-02-14T23:30:30+08:00
D01475,2023-02-03T00:32:47+08:00,Taxi,true,2023-02-03T00:37:47+08:00
D01476,2023-12-28T11:13:00+08:00,Taxi,true,2023-12-28T11:18:00+08:00
D01477,2024-10-11T09:40:07+08:00,Taxi,true,2024-10-11T09:45:07+08:00
D01478,2023-07-25T23:29:28+08:00,Comfort,false,2023-07-25T23:34:28+08:00
D01479,2024-04-23T05:48:56+08:00,Taxi,true,2024-04-23T05:53:56+08:00
D01480,2024-10-15T13:54:20+08:00,Taxi,true,2024-10-15T13:59:20+08:00
D01481,2023-09-23T17:12:25+08:00,Comfort,true,2023-09-23T17:17:25+08:00
D01482,2024-01-24T04:18:17+08:00,Taxi,true,2024-01-24T04:23:17+08:00
D01483,2023-01-13T13:55:13+08:00,Taxi,false,2023-01-13T14:00:13+08:00
D01484,2024-01-09T17:48:53+08:00,Taxi,true,2024-01-09T17:53:53+08:00
D01485,2024-03-31T14:12:45+08:00,Taxi,true,2024-03-31T14:17:45+08:00
D01486,2024-07-27T12:05:49+08:00,Comfort,true,2024-07-27T12:10:49+08:00
D01487,2024-07-31T11:23:23+08:00,Comfort,true,2024-07-31T11:28:23+08:00
D01488,2023-10-30T20:04:41+08:00,Comfort,false,2023-10-30T20:09:41+08:00
D01489,2024-04-03T18:31:48+08:00,Taxi,true,2024-04-03T18:36:48+08:00
D01490,2024-08-04T01:31:52+08:00,XL,true,2024-08-04T01:36:52+08:00
D01491,2023-04-18T10:31:44+08:00,Taxi,true,2023-04-18T10:36:44+08:00
D01492,2024-03-18T07:42:20+08:00,Taxi,true,2024-03-18T07:47:20+08:00
D01493,2024-07-14T21:47:05+08:00,Taxi,true,2024-07-14T21:52:05+08:00
D01494,2023-09-15T03:40:36+08:00,Comfort,true,2023-09-15T03:45:36+08:00
D01495,2023-02-25T19:07:59+08:00,Taxi,true,2023-02-25T19:12:59+08:00
D01496,2023-07-28T01:24:09+08:00,Taxi,true,2023-07-28T01:29:09+08:00
D01497,2023-01-30T16:32:08+08:00,Taxi,true,2023-01-30T16:37:08+08:00
D01498,2023-04-11T15:54:39+08:00,Taxi,false,2023-04-11T15:59:39+08:00
D01499,2024-11-14T17:14:15+08:00,Comfort,true,2024-11-14T17:19:15+08:00
D01500,2024-11-02T14:10:14+08:00,Comfort,true,2024-11-02T14:15:14+08:00
D01501,2024-02-24T18:09:54+08:00,Taxi,true,2024-02-24T18:14:54+08:00
D01502,2023-05-29T04:05:29+08:00,Comfort,false,2023-05-29T04:10:29+08:00
D01503,2024-04-29T00:02:47+08:00,Taxi,true,2024-04-29T00:07:47+08:00
D01504,2024-01-25T10:27:51+08:00,Taxi,true,2024-01-25T10:32:51+08:00
D01505,2024-11-09T05:33:24+08:00,Comfort,true,2024-11-09T05:38:24+08:00
D01506,2023-08-19T11:36:55+08:00,Taxi,false,2023-08-19T11:41:55+08:00
D01507,2023-07-09T22:25:18+08:00,Taxi,true,2023-07-09T22:30:18+08:00
D01508,2024-10-14T04:49:40+08:00,Taxi,true,2024-10-14T04:54:40+08:00
D01509,2024-03-28T03:54:24+08:00,Taxi,false,2024-03-28T03:59:24+08:00
D01510,2023-05-15T10:29:44+08:00,Taxi,true,2023-05-15T10:34:44+08:00
D01511,2023-03-21T09:36:22+08:00,Taxi,true,2023-03-21T09:41:22+08:00
D01512,2024-06-13T19:57:35+08:00,Taxi,true,2024-06-13T20:02:35+08:00
D01513,2023-11-04T04:40:18+08:00,Taxi,true,2023-11-04T04:45:18+08:00
D01514,2024-10-14T17:55:46+08:00,Comfort,true,2024-10-14T18:00:46+08:00
D01515,2023-01-17T21:21:16+08:00,Taxi,true,2023-01-17T21:26:16+08:00
D01516,2024-03-29T10:48:18+08:00,Taxi,true,2024-03-29T10:53:18+08:00
D01517,2023-06-30T03:06:16+08:00,Taxi,true,2023-06-30T03:11:16+08:00
D01518,2023-08-14T21:46:46+08:00,Taxi,true,2023-08-14T21:51:46+08:00
D01519,2023-07-07T07:57:56+08:00,Taxi,true,2023-07-07T08:02:56+08:00
D01520,2023-11-01T18:01:27+08:00,Taxi,true,2023-11-01T18:06:27+08:00
D01521,2024-04-05T01:20:19+08:00,Comfort,true,2024-04-05T01:25:19+08:00
D01522,2024-03-27T17:03:05+08:00,Taxi,true,2024-03-27T17:08:05+08:00
D01523,2023-01-13T11:54:45+08:00,Taxi,true,2023-01-13T11:59:45+08:00
D01524,2023-01-29T04:01:45+08:00,Comfort,true,2023-01-29T04:06:45+08:00
D01525,2023-10-25T05:24:07+08:00,Comfort,true,2023-10-25T05:29:07+08:00
D01526,2023-10-01T04:50:54+08:00,Taxi,false,2023-10-01T04:55:54+08:00
D01527,2023-11-22T16:51:04+08:00,Comfort,false,2023-11-22T16:56:04+08:00
D01528,2024-10-11T13:49:07+08:00,Taxi,true,2024-10-11T13:54:07+08:00
D01529,2024-01-01T11:35:58+08:00,Taxi,false,2024-01-01T11:40:58+08:00
D01530,2023-12-17T23:41:59+08:00,Taxi,true,2023-12-17T23:46:59+08:00
D01531,2024-05-01T02:11:02+08:00,XL,false,2024-05-01T02:16:02+08:00
D01532,2024-03-28T23:55:34+08:00,Taxi,true,2024-03-29T00:00:34+08:00
D01533,2024-01-10T17:15:03+08:00,Taxi,true,2024-01-10T17:20:03+08:00
D01534,2024-10-29T17:04:35+08:00,Comfort,false,2024-10-29T17:09:35+08:00
D01535,2023-09-18T14:28:03+08:00,Taxi,true,2023-09-18T14:33:03+08:00
D01536,2024-05-09T03:36:21+08:00,Taxi,false,2024-05-09T03:41:21+08:00
D01537,2023-01-19T04:19:54+08:00,Taxi,true,2023-01-19T04:24:54+08:00
D01538,2023-08-13T06:43:16+08:00,Taxi,true,2023-08-13T06:48:16+08:00
D01539,2023-07-17T04:46:32+08:00,Taxi,true,2023-07-17T04:51:32+08:00
D01540,2023-11-30T23:25:33+08:00,Comfort,true,2023-11-30T23:30:33+08:00
D01541,2024-07-26T09:19:54+08:00,Taxi,true,2024-07-26T09:24:54+08:00
D01542,2023-05-18T17:13:39+08:00,Taxi,true,2023-05-18T17:18:39+08:00
D01543,2023-09-14T07:39:13+08:00,Comfort,true,2023-09-14T07:44:13+08:00
D01544,2024-06-25T09:35:43+08:00,Taxi,true,2024-06-25T09:40:43+08:00
D01545,2023-09-12T15:46:33+08:00,Taxi,true,2023-09-12T15:51:33+08:00
D01546,2024-04-27T20:59:55+08:00,Taxi,true,2024-04-27T21:04:55+08:00
D01547,2024-11-12T23:15:57+08:00,Taxi,true,2024-11-12T23:20:57+08:00
D01548,2023-11-17T02:18:31+08:00,Taxi,true,2023-11-17T02:23:31+08:00
D01549,2023-01-18T09:56:36+08:00,Taxi,true,2023-01-18T10:01:36+08:00
D01550,2023-08-11T21:15:02+08:00,Taxi,true,2023-08-11T21:20:02+08:00
D01551,2024-05-15T13:25:14+08:00,Taxi,true,2024-05-15T13:30:14+08:00
D01552,2023-10-09T06:29:07+08:00,Comfort,true,2023-10-09T06:34:07+08:00
D01553,2024-11-14T15:37:37+08:00,Taxi,true,2024-11-14T15:42:37+08:00
D01554,2024-01-16T09:29:07+08:00,Taxi,true,2024-01-16T09:34:07+08:00
D01555,2024-05-29T21:42:03+08:00,Taxi,false,2024-05-29T21:47:03+08:00
D01556,2024-03-13T19:13:50+08:00,Taxi,true,2024-03-13T19:18:50+08:00
D01557,2023-02-17T09:01:43+08:00,Taxi,true,2023-02-17T09:06:43+08:00
D01558,2024-03-08T23:41:30+08:00,Comfort,true,2024-03-08T23:46:30+08:00
D01559,2023-01-21T23:49:17+08:00,Comfort,true,2023-01-21T23:54:17+08:00
D01560,2023-04-13T20:59:21+08:00,Taxi,false,2023-04-13T21:04:21+08:00
D01561,2024-08-20T22:25:27+08:00,Comfort,false,2024-08-20T22:30:27+08:00
D01562,2024-11-23T08:12:47+08:00,XL,false,2024-11-23T08:17:47+08:00
D01563,2023-02-03T19:13:34+08:00,Taxi,true,2023-02-03T19:18:34+08:00
D01564,2024-04-17T20:07:17+08:00,Comfort,true,2024-04-17T20:12:17+08:00
D01565,2023-10-01T09:37:10+08:00,Taxi,false,2023-10-01T09:42:10+08:00
D01566,2024-02-01T12:00:48+08:00,Taxi,true,2024-02-01T12:05:48+08:00
D01567,2023-06-30T19:09:46+08:00,Taxi,false,2023-06-30T19:14:46+08:00
D01568,2024-01-29T19:15:51+08:00,Taxi,true,2024-01-29T19:20:51+08:00
D01569,2023-09-06T02:00:17+08:00,Taxi,false,2023-09-06T02:05:17+08:00
D01570,2024-04-29T08:02:03+08:00,Taxi,true,2024-04-29T08:07:03+08:00
D01571,2023-05-22T17:48:26+08:00,Comfort,true,2023-05-22T17:53:26+08:00
D01572,2023-07-04T19:40:47+08:00,Comfort,false,2023-07-04T19:45:47+08:00
D01573,2023-02-25T23:14:28+08:00,Comfort,true,2023-02-25T23:19:28+08:00
D01574,2024-07-11T16:12:43+08:00,Taxi,false,2024-07-11T16:17:43+08:00
D01575,2024-06-20T01:23:36+08:00,Taxi,false,2024-06-20T01:28:36+08:00
D01576,2024-10-13T18:26:58+08:00,Taxi,true,2024-10-13T18:31:58+08:00
D01577,2024-03-06T17:38:35+08:00,Taxi,false,2024-03-06T17:43:35+08:00
D01578,2023-11-10T19:54:44+08:00,Taxi,true,2023-11-10T19:59:44+08:00
D01579,2024-03-30T22:56:18+08:00,Taxi,true,2024-03-30T23:01:18+08:00
D01580,2023-04-23T15:02:16+08:00,Taxi,true,2023-04-23T15:07:16+08:00
D01581,2024-10-31T04:16:48+08:00,Taxi,true,2024-10-31T04:21:48+08:00
D01582,2023-04-10T11:10:37+08:00,Taxi,true,2023-04-10T11:15:37+08:00
D01583,2023-12-14T00:17:45+08:00,Taxi,true,2023-12-14T00:22:45+08:00
D01584,2023-07-14T20:07:16+08:00,Taxi,true,2023-07-14T20:12:16+08:00
D01585,2024-03-23T01:45:00+08:00,Taxi,true,2024-03-23T01:50:00+08:00
D01586,2024-11-18T02:37:27+08:00,Taxi,false,2024-11-18T02:42:27+08:00
D01587,2023-03-08T03:32:14+08:00,Taxi,true,2023-03-08T03:37:14+08:00
D01588,2023-01-15T22:14:34+08:00,Taxi,true,2023-01-15T22:19:34+08:00
D01589,2024-06-16T03:41:02+08:00,Taxi,true,2024-06-16T03:46:02+08:00
D01590,2024-05-13T09:48:12+08:00,Taxi,true,2024-05-13T09:53:12+08:00
D01591,2023-09-01T11:07:37+08:00,Taxi,true,2023-09-01T11:12:37+08:00
D01592,2023-10-04T16:37:04+08:00,Taxi,true,2023-10-04T16:42:04+08:00
D01593,2023-04-09T06:20:15+08:00,Taxi,true,2023-04-09T06:25:15+08:00
D01594,2023-10-05T07:39:18+08:00,Comfort,true,2023-10-05T07:44:18+08:00
D01595,2023-06-18T20:20:45+08:00,Taxi,false,2023-06-18T20:25:45+08:00
D01596,2024-07-29T03:47:29+08:00,Taxi,false,2024-07-29T03:52:29+08:00
D01597,2023-08-18T13:07:20+08:00,Comfort,false,2023-08-18T13:12:20+08:00
D01598,2024-04-27T03:34:10+08:00,Taxi,true,2024-04-27T03:39:10+08:00
D01599,2023-06-13T06:59:05+08:00,Taxi,false,2023-06-13T07:04:05+08:00
D01600,2023-11-03T17:33:09+08:00,Comfort,true,2023-11-03T17:38:09+08:00
D01601,2023-06-10T01:43:32+08:00,Taxi,true,2023-06-10T01:48:32+08:00
D01602,2023-12-22T03:49:26+08:00,Comfort,true,2023-12-22T03:54:26+08:00
D01603,2024-06-26T07:11:45+08:00,Taxi,true,2024-06-26T07:16:45+08:00
D01604,2024-11-02T07:47:33+08:00,Comfort,true,2024-11-02T07:52:33+08:00
D01605,2024-11-28T03:20:03+08:00,Taxi,true,2024-11-28T03:25:03+08:00
D01606,2024-08-22T10:33:34+08:00,Taxi,false,2024-08-22T10:38:34+08:00
D01607,2023-04-14T05:32:27+08:00,XL,true,2023-04-14T05:37:27+08:00
D01608,2023-11-05T22:58:34+08:00,Taxi,false,2023-11-05T23:03:34+08:00
D01609,2024-03-24T12:11:45+08:00,Taxi,false,2024-03-24T12:16:45+08:00
D01610,2024-07-17T16:27:09+08:00,Taxi,false,2024-07-17T16:32:09+08:00
D01611,2024-02-05T00:23:48+08:00,Taxi,false,2024-02-05T00:28:48+08:00
D01612,2023-12-29T10:02:37+08:00,Comfort,true,2023-12-29T10:07:37+08:00
D01613,2023-05-17T07:25:57+08:00,Taxi,false,2023-05-17T07:30:57+08:00
D01614,2024-03-19T07:56:35+08:00,Taxi,false,2024-03-19T08:01:35+08:00
D01615,2024-01-11T22:52:53+08:00,Taxi,true,2024-01-11T22:57:53+08:00
D01616,2024-05-09T22:57:47+08:00,Taxi,true,2024-05-09T23:02:47+08:00
D01617,2023-03-16T09:39:24+08:00,XL,false,2023-03-16T09:44:24+08:00
D01618,2024-10-17T01:29:18+08:00,Taxi,true,2024-10-17T01:34:18+08:00
D01619,2023-07-04T23:11:38+08:00,Taxi,true,2023-07-04T23:16:38+08:00
D01620,2024-05-02T17:16:58+08:00,Taxi,false,2024-05-02T17:21:58+08:00
D01621,2023-06-16T13:09:43+08:00,Comfort,true,2023-06-16T13:14:43+08:00
D01622,2023-12-22T04:51:57+08:00,Taxi,true,2023-12-22T04:56:57+08:00
D01623,2023-11-16T05:35:04+08:00,Taxi,true,2023-11-16T05:40:04+08:00
D01624,2023-01-27T16:10:14+08:00,Comfort,true,2023-01-27T16:15:14+08:00
D01625,2024-11-23T18:02:10+08:00,Comfort,true,2024-11-23T18:07:10+08:00
D01626,2024-10-21T20:08:09+08:00,Comfort,true,2024-10-21T20:13:09+08:00
D01627,2024-08-22T01:01:38+08:00,Taxi,true,2024-08-22T01:06:38+08:00
D01628,2024-10-14T12:32:57+08:00,Comfort,true,2024-10-14T12:37:57+08:00
D01629,2024-01-04T17:09:26+08:00,Taxi,true,2024-01-04T17:14:26+08:00
D01630,2023-06-25T00:02:23+08:00,Taxi,true,2023-06-25T00:07:23+08:00
D01631,2024-09-03T11:23:53+08:00,Comfort,true,2024-09-03T11:28:53+08:00
D01632,2024-09-10T04:49:13+08:00,Taxi,false,2024-09-10T04:54:13+08:00
D01633,2024-04-26T23:37:15+08:00,Taxi,true,2024-04-26T23:42:15+08:00
D01634,2024-04-13T13:43:16+08:00,Taxi,false,2024-04-13T13:48:16+08:00
D01635,2023-08-17T02:25:00+08:00,Taxi,true,2023-08-17T02:30:00+08:00
D01636,2023-09-24T14:36:48+08:00,Taxi,true,2023-09-24T14:41:48+08:00
D01637,2023-11-19T11:15:35+08:00,Taxi,true,2023-11-19T11:20:35+08:00
D01638,2024-10-09T02:43:06+08:00,Comfort,true,2024-10-09T02:48:06+08:00
D01639,2023-10-17T09:08:48+08:00,Taxi,true,2023-10-17T09:13:48+08:00
D01640,2024-09-12T23:24:46+08:00,Taxi,false,2024-09-12T23:29:46+08:00
D01641,2024-07-24T08:12:02+08:00,Comfort,true,2024-07-24T08:17:02+08:00
D01642,2024-10-13T08:45:26+08:00,Comfort,true,2024-10-13T08:50:26+08:00
D01643,2024-10-29T19:09:20+08:00,Taxi,false,2024-10-29T19:14:20+08:00
D01644,2023-05-12T09:24:31+08:00,Taxi,false,2023-05-12T09:29:31+08:00
D01645,2024-06-26T05:00:03+08:00,Taxi,true,2024-06-26T05:05:03+08:00
D01646,2023-07-24T15:55:15+08:00,Taxi,false,2023-07-24T16:00:15+08:00
D01647,2023-02-26T03:52:47+08:00,Taxi,true,2023-02-26T03:57:47+08:00
D01648,2024-10-23T18:10:25+08:00,Comfort,false,2024-10-23T18:15:25+08:00
D01649,2024-05-29T11:54:19+08:00,XL,true,2024-05-29T11:59:19+08:00
D01650,2023-12-01T19:40:06+08:00,Taxi,false,2023-12-01T19:45:06+08:00
D01651,2024-03-03T21:57:35+08:00,Taxi,false,2024-03-03T22:02:35+08:00
D01652,2024-09-03T08:05:09+08:00,Taxi,true,2024-09-03T08:10:09+08:00
D01653,2024-05-27T06:13:34+08:00,Taxi,true,2024-05-27T06:18:34+08:00
D01654,2023-08-19T05:36:30+08:00,Comfort,true,2023-08-19T05:41:30+08:00
D01655,2024-03-22T21:46:58+08:00,Taxi,false,2024-03-22T21:51:58+08:00
D01656,2023-10-09T23:25:11+08:00,Taxi,true,2023-10-09T23:30:11+08:00
D01657,2024-03-05T16:20:12+08:00,Taxi,true,2024-03-05T16:25:12+08:00
D01658,2023-07-11T17:31:57+08:00,Taxi,true,2023-07-11T17:36:57+08:00
D01659,2023-08-31T04:18:14+08:00,Taxi,true,2023-08-31T04:23:14+08:00
D01660,2023-04-11T02:26:06+08:00,Taxi,true,2023-04-11T02:31:06+08:00
D01661,2024-02-10T05:31:08+08:00,Taxi,true,2024-02-10T05:36:08+08:00
D01662,2023-09-18T03:22:09+08:00,Taxi,true,2023-09-18T03:27:09+08:00
D01663,2024-06-27T16:15:02+08:00,Taxi,true,2024-06-27T16:20:02+08:00
D01664,2024-09-15T19:03:49+08:00,Taxi,true,2024-09-15T19:08:49+08:00
D01665,2023-08-11T22:50:25+08:00,Taxi,true,2023-08-11T22:55:25+08:00
D01666,2023-04-16T08:51:15+08:00,Taxi,false,2023-04-16T08:56:15+08:00
D01667,2024-01-10T04:29:05+08:00,Taxi,false,2024-01-10T04:34:05+08:00
D01668,2023-04-27T19:06:06+08:00,Taxi,true,2023-04-27T19:11:06+08:00
D01669,2024-03-28T10:08:47+08:00,Comfort,false,2024-03-28T10:13:47+08:00
D01670,2023-03-22T02:48:56+08:00,Taxi,false,2023-03-22T02:53:56+08:00
D01671,2023-11-26T11:04:23+08:00,Comfort,false,2023-11-26T11:09:23+08:00
D01672,2024-07-08T15:34:52+08:00,XL,true,2024-07-08T15:39:52+08:00
D01673,2023-09-10T16:54:57+08:00,Taxi,true,2023-09-10T16:59:57+08:00
D01674,2023-09-19T19:08:59+08:00,Taxi,false,2023-09-19T19:13:59+08:00
D01675,2024-06-27T02:03:21+08:00,Taxi,true,2024-06-27T02:08:21+08:00
D01676,2023-06-02T12:56:29+08:00,Comfort,true,2023-06-02T13:01:29+08:00
D01677,2024-01-06T13:45:19+08:00,Taxi,true,2024-01-06T13:50:19+08:00
D01678,2024-02-19T09:01:40+08:00,Taxi,true,2024-02-19T09:06:40+08:00
D01679,2024-10-29T02:30:24+08:00,Taxi,true,2024-10-29T02:35:24+08:00
D01680,2024-04-21T10:09:09+08:00,Comfort,true,2024-04-21T10:14:09+08:00
D01681,2024-03-13T21:16:37+08:00,Taxi,true,2024-03-13T21:21:37+08:00
D01682,2023-10-26T01:20:35+08:00,Taxi,true,2023-10-26T01:25:35+08:00
D01683,2023-05-17T14:18:14+08:00,XL,false,2023-05-17T14:23:14+08:00
D01684,2023-03-25T13:31:12+08:00,Taxi,false,2023-03-25T13:36:12+08:00
D01685,2023-04-14T04:23:29+08:00,Taxi,true,2023-04-14T04:28:29+08:00
D01686,2024-09-19T04:20:12+08:00,Taxi,true,2024-09-19T04:25:12+08:00
D01687,2023-11-27T12:36:57+08:00,Comfort,true,2023-11-27T12:41:57+08:00
D01688,2023-09-06T10:53:01+08:00,Comfort,true,2023-09-06T10:58:01+08:00
D01689,2023-04-06T19:45:30+08:00,Taxi,true,2023-04-06T19:50:30+08:00
D01690,2023-05-31T16:03:03+08:00,Taxi,false,2023-05-31T16:08:03+08:00
D01691,2023-08-19T11:21:34+08:00,Comfort,false,2023-08-19T11:26:34+08:00
D01692,2023-09-02T21:45:02+08:00,Taxi,true,2023-09-02T21:50:02+08:00
D01693,2024-03-21T02:48:04+08:00,Comfort,true,2024-03-21T02:53:04+08:00
D01694,2024-10-27T22:57:30+08:00,Taxi,true,2024-10-27T23:02:30+08:00
D01695,2024-11-11T01:34:19+08:00,Taxi,true,2024-11-11T01:39:19+08:00
D01696,2023-04-30T13:58:22+08:00,Comfort,true,2023-04-30T14:03:22+08:00
D01697,2024-10-21T11:03:33+08:00,Taxi,true,2024-10-21T11:08:33+08:00
D01698,2024-07-04T16:32:17+08:00,Comfort,true,2024-07-04T16:37:17+08:00
D01699,2024-09-04T13:50:48+08:00,Comfort,false,2024-09-04T13:55:48+08:00
D01700,2024-05-31T06:54:40+08:00,Taxi,true,2024-05-31T06:59:40+08:00
D01701,2024-10-16T19:11:38+08:00,Taxi,true,2024-10-16T19:16:38+08:00
D01702,2023-12-19T06:21:49+08:00,Taxi,true,2023-12-19T06:26:49+08:00
D01703,2023-07-08T17:43:46+08:00,Taxi,false,2023-07-08T17:48:46+08:00
D01704,2023-10-27T09:33:48+08:00,Taxi,true,2023-10-27T09:38:48+08:00
D01705,2023-02-02T03:59:08+08:00,Taxi,true,2023-02-02T04:04:08+08:00
D01706,2024-08-28T18:50:00+08:00,Taxi,true,2024-08-28T18:55:00+08:00
D01707,2024-09-21T17:36:34+08:00,Taxi,true,2024-09-21T17:41:34+08:00
D01708,2024-11-29T07:37:33+08:00,Taxi,true,2024-11-29T07:42:33+08:00
D01709,2024-06-12T04:15:25+08:00,Taxi,true,2024-06-12T04:20:25+08:00
D01710,2023-02-01T19:50:48+08:00,Taxi,true,2023-02-01T19:55:48+08:00
D01711,2024-03-01T20:40:15+08:00,Comfort,true,2024-03-01T20:45:15+08:00
D01712,2023-07-16T15:20:54+08:00,Taxi,true,2023-07-16T15:25:54+08:00
D01713,2023-06-24T13:35:08+08:00,Taxi,true,2023-06-24T13:40:08+08:00
D01714,2023-12-26T10:51:59+08:00,Taxi,true,2023-12-26T10:56:59+08:00
D01715,2024-08-01T22:07:48+08:00,Taxi,false,2024-08-01T22:12:48+08:00
D01716,2023-03-19T19:23:21+08:00,Comfort,true,2023-03-19T19:28:21+08:00
D01717,2024-06-09T13:07:29+08:00,Taxi,true,2024-06-09T13:12:29+08:00
D01718,2024-10-13T18:47:10+08:00,Taxi,true,2024-10-13T18:52:10+08:00
D01719,2024-05-06T22:24:16+08:00,Comfort,false,2024-05-06T22:29:16+08:00
D01720,2024-11-27T09:03:10+08:00,Taxi,true,2024-11-27T09:08:10+08:00
D01721,2024-03-13T03:01:52+08:00,Taxi,true,2024-03-13T03:06:52+08:00
D01722,2024-11-08T22:36:14+08:00,Taxi,true,2024-11-08T22:41:14+08:00
D01723,2023-06-24T00:53:02+08:00,Taxi,true,2023-06-24T00:58:02+08:00
D01724,2024-05-24T23:19:20+08:00,Taxi,false,2024-05-24T23:24:20+08:00
D01725,2024-10-22T03:50:27+08:00,Taxi,true,2024-10-22T03:55:27+08:00
D01726,2024-10-19T12:18:41+08:00,Taxi,true,2024-10-19T12:23:41+08:00
D01727,2024-09-29T02:02:16+08:00,Taxi,true,2024-09-29T02:07:16+08:00
D01728,2024-05-23T22:59:23+08:00,Taxi,true,2024-05-23T23:04:23+08:00
D01729,2024-11-09T02:33:45+08:00,Comfort,true,2024-11-09T02:38:45+08:00
D01730,2023-02-21T05:12:06+08:00,Taxi,true,2023-02-21T05:17:06+08:00
D01731,2023-09-16T17:27:50+08:00,Taxi,true,2023-09-16T17:32:50+08:00
D01732,2023-02-17T04:41:54+08:00,Taxi,true,2023-02-17T04:46:54+08:00
D01733,2024-06-10T16:30:17+08:00,Taxi,false,2024-06-10T16:35:17+08:00
D01734,2024-04-26T07:33:51+08:00,Taxi,true,2024-04-26T07:38:51+08:00
D01735,2024-09-27T14:25:12+08:00,Taxi,true,2024-09-27T14:30:12+08:00
D01736,2023-03-31T16:11:34+08:00,Taxi,false,2023-03-31T16:16:34+08:00
D01737,2023-11-13T20:26:35+08:00,Taxi,true,2023-11-13T20:31:35+08:00
D01738,2023-11-15T06:58:51+08:00,Taxi,false,2023-11-15T07:03:51+08:00
D01739,2023-11-05T07:44:53+08:00,Taxi,true,2023-11-05T07:49:53+08:00
D01740,2024-03-18T17:20:07+08:00,Taxi,true,2024-03-18T17:25:07+08:00
D01741,2023-04-28T13:10:09+08:00,Taxi,false,2023-04-28T13:15:09+08:00
D01742,2023-12-15T00:30:30+08:00,Taxi,false,2023-12-15T00:35:30+08:00
D01743,2024-10-23T08:19:54+08:00,Comfort,true,2024-10-23T08:24:54+08:00
D01744,2024-01-08T04:32:02+08:00,Taxi,true,2024-01-08T04:37:02+08:00
D01745,2024-03-08T18:36:04+08:00,Taxi,true,2024-03-08T18:41:04+08:00
D01746,2024-01-01T15:22:24+08:00,Comfort,false,2024-01-01T15:27:24+08:00
D01747,2023-08-06T12:00:47+08:00,Taxi,true,2023-08-06T12:05:47+08:00
D01748,2023-12-23T05:07:12+08:00,Taxi,false,2023-12-23T05:12:12+08:00
D01749,2023-08-11T22:12:54+08:00,Comfort,false,2023-08-11T22:17:54+08:00
D01750,2023-01-23T09:08:50+08:00,Taxi,true,2023-01-23T09:13:50+08:00
D01751,2024-09-09T13:59:13+08:00,Taxi,false,2024-09-09T14:04:13+08:00
D01752,2024-09-13T16:10:51+08:00,Taxi,true,2024-09-13T16:15:51+08:00
D01753,2023-07-05T00:27:34+08:00,Taxi,false,2023-07-05T00:32:34+08:00
D01754,2024-08-21T10:55:03+08:00,Comfort,false,2024-08-21T11:00:03+08:00
D01755,2024-07-22T03:40:20+08:00,Taxi,false,2024-07-22T03:45:20+08:00
D01756,2023-03-27T19:52:53+08:00,Taxi,false,2023-03-27T19:57:53+08:00
D01757,2023-11-09T16:20:12+08:00,Taxi,true,2023-11-09T16:25:12+08:00
D01758,2024-04-19T19:36:42+08:00,Taxi,true,2024-04-19T19:41:42+08:00
D01759,2023-12-02T13:58:07+08:00,Taxi,false,2023-12-02T14:03:07+08:00
D01760,2024-10-22T06:18:09+08:00,Taxi,true,2024-10-22T06:23:09+08:00
D01761,2024-01-24T17:09:16+08:00,Taxi,false,2024-01-24T17:14:16+08:00
D01762,2024-08-17T02:46:54+08:00,Taxi,false,2024-08-17T02:51:54+08:00
D01763,2023-08-10T17:53:55+08:00,Taxi,true,2023-08-10T17:58:55+08:00
D01764,2023-01-22T04:38:08+08:00,Taxi,true,2023-01-22T04:43:08+08:00
D01765,2023-04-05T23:11:32+08:00,Taxi,true,2023-04-05T23:16:32+08:00
D01766,2024-01-21T06:19:54+08:00,Taxi,true,2024-01-21T06:24:54+08:00
D01767,2024-10-13T19:45:19+08:00,Taxi,false,2024-10-13T19:50:19+08:00
D01768,2024-09-30T18:29:12+08:00,Taxi,true,2024-09-30T18:34:12+08:00
D01769,2024-09-03T18:07:57+08:00,Taxi,true,2024-09-03T18:12:57+08:00
D01770,2023-06-04T16:29:28+08:00,Taxi,true,2023-06-04T16:34:28+08:00
D01771,2023-09-08T10:10:10+08:00,Taxi,true,2023-09-08T10:15:10+08:00
D01772,2023-12-14T13:27:38+08:00,Taxi,true,2023-12-14T13:32:38+08:00
D01773,2024-07-19T05:19:58+08:00,Taxi,true,2024-07-19T05:24:58+08:00
D01774,2024-11-26T00:35:04+08:00,Taxi,true,2024-11-26T00:40:04+08:00
D01775,2023-04-27T12:41:31+08:00,Taxi,true,2023-04-27T12:46:31+08:00
D01776,2023-04-13T22:43:05+08:00,Taxi,true,2023-04-13T22:48:05+08:00
D01777,2023-01-17T18:15:39+08:00,Taxi,true,2023-01-17T18:20:39+08:00
D01778,2023-12-19T18:47:50+08:00,Taxi,true,2023-12-19T18:52:50+08:00
D01779,2023-03-23T02:38:34+08:00,Taxi,true,2023-03-23T02:43:34+08:00
D01780,2023-12-15T20:46:57+08:00,Comfort,true,2023-12-15T20:51:57+08:00
D01781,2024-07-18T08:44:35+08:00,Comfort,true,2024-07-18T08:49:35+08:00
D01782,2023-05-23T12:29:47+08:00,Comfort,false,2023-05-23T12:34:47+08:00
D01783,2024-02-29T14:29:06+08:00,Taxi,true,2024-02-29T14:34:06+08:00
D01784,2024-05-09T03:35:46+08:00,Taxi,true,2024-05-09T03:40:46+08:00
D01785,2023-07-23T15:57:08+08:00,Taxi,true,2023-07-23T16:02:08+08:00
D01786,2023-10-24T08:32:22+08:00,Comfort,true,2023-10-24T08:37:22+08:00
D01787,2023-08-02T06:44:02+08:00,Comfort,false,2023-08-02T06:49:02+08:00
D01788,2024-04-26T05:51:59+08:00,Comfort,false,2024-04-26T05:56:59+08:00
D01789,2024-02-29T12:19:39+08:00,Taxi,false,2024-02-29T12:24:39+08:00
D01790,2023-11-05T19:08:45+08:00,Taxi,true,2023-11-05T19:13:45+08:00
D01791,2024-03-31T14:29:03+08:00,XL,true,2024-03-31T14:34:03+08:00
D01792,2024-03-05T15:59:03+08:00,Taxi,true,2024-03-05T16:04:03+08:00
D01793,2024-11-02T10:22:11+08:00,Taxi,true,2024-11-02T10:27:11+08:00
D01794,2023-09-23T22:01:22+08:00,Taxi,true,2023-09-23T22:06:22+08:00
D01795,2023-08-26T14:54:39+08:00,Comfort,true,2023-08-26T14:59:39+08:00
D01796,2023-08-11T20:27:58+08:00,Taxi,true,2023-08-11T20:32:58+08:00
D01797,2023-03-27T02:07:27+08:00,Taxi,false,2023-03-27T02:12:27+08:00
D01798,2024-06-21T19:40:55+08:00,Taxi,true,2024-06-21T19:45:55+08:00
D01799,2024-09-05T10:09:34+08:00,Taxi,true,2024-09-05T10:14:34+08:00
D01800,2023-04-26T13:51:49+08:00,Taxi,true,2023-04-26T13:56:49+08:00
D01801,2023-02-05T00:49:46+08:00,Taxi,true,2023-02-05T00:54:46+08:00
D01802,2023-04-18T21:46:50+08:00,Taxi,true,2023-04-18T21:51:50+08:00
D01803,2023-10-18T03:55:13+08:00,Taxi,false,2023-10-18T04:00:13+08:00
D01804,2024-06-23T13:00:23+08:00,Taxi,true,2024-06-23T13:05:23+08:00
D01805,2023-03-03T06:33:56+08:00,Taxi,true,2023-03-03T06:38:56+08:00
D01806,2024-07-05T14:13:27+08:00,Taxi,false,2024-07-05T14:18:27+08:00
D01807,2023-12-09T03:00:39+08:00,Taxi,true,2023-12-09T03:05:39+08:00
D01808,2023-01-17T18:03:42+08:00,Taxi,false,2023-01-17T18:08:42+08:00
D01809,2023-11-26T16:16:04+08:00,Taxi,true,2023-11-26T16:21:04+08:00
D01810,2023-06-19T04:56:26+08:00,Taxi,false,2023-06-19T05:01:26+08:00
D01811,2023-05-19T03:32:31+08:00,Taxi,false,2023-05-19T03:37:31+08:00
D01812,2023-08-05T23:03:43+08:00,Taxi,true,2023-08-05T23:08:43+08:00
D01813,2024-07-20T01:46:57+08:00,Taxi,true,2024-07-20T01:51:57+08:00
D01814,2023-10-10T02:53:37+08:00,Comfort,true,2023-10-10T02:58:37+08:00
D01815,2024-06-18T20:40:41+08:00,Taxi,false,2024-06-18T20:45:41+08:00
D01816,2024-08-31T22:00:45+08:00,Taxi,true,2024-08-31T22:05:45+08:00
D01817,2023-07-23T20:56:57+08:00,Taxi,true,2023-07-23T21:01:57+08:00
D01818,2024-11-30T19:12:48+08:00,Comfort,true,2024-11-30T19:17:48+08:00
D01819,2024-06-23T13:48:31+08:00,Taxi,false,2024-06-23T13:53:31+08:00
D01820,2023-03-20T20:15:34+08:00,Taxi,true,2023-03-20T20:20:34+08:00
D01821,2024-05-31T03:45:43+08:00,XL,true,2024-05-31T03:50:43+08:00
D01822,2024-06-28T18:12:24+08:00,Taxi,true,2024-06-28T18:17:24+08:00
D01823,2024-09-18T08:46:27+08:00,Comfort,true,2024-09-18T08:51:27+08:00
D01824,2023-06-04T00:13:57+08:00,Taxi,true,2023-06-04T00:18:57+08:00
D01825,2024-11-04T01:06:55+08:00,Comfort,true,2024-11-04T01:11:55+08:00
D01826,2023-03-22T14:21:54+08:00,Taxi,true,2023-03-22T14:26:54+08:00
D01827,2023-04-28T08:44:29+08:00,Comfort,false,2023-04-28T08:49:29+08:00
D01828,2024-06-07T00:49:43+08:00,Taxi,true,2024-06-07T00:54:43+08:00
D01829,2024-02-16T20:24:45+08:00,Taxi,true,2024-02-16T20:29:45+08:00
D01830,2024-05-06T16:47:19+08:00,Taxi,false,2024-05-06T16:52:19+08:00
D01831,2023-07-16T18:19:09+08:00,Taxi,false,2023-07-16T18:24:09+08:00
D01832,2023-05-18T02:36:31+08:00,Taxi,true,2023-05-18T02:41:31+08:00
D01833,2023-10-31T00:36:05+08:00,Taxi,true,2023-10-31T00:41:05+08:00
D01834,2023-01-12T08:10:08+08:00,XL,false,2023-01-12T08:15:08+08:00
D01835,2023-10-14T01:59:48+08:00,Comfort,true,2023-10-14T02:04:48+08:00
D01836,2024-09-17T16:58:22+08:00,XL,false,2024-09-17T17:03:22+08:00
D01837,2023-03-05T17:17:08+08:00,Taxi,true,2023-03-05T17:22:08+08:00
D01838,2024-06-07T16:29:24+08:00,Taxi,true,2024-06-07T16:34:24+08:00
D01839,2024-02-02T00:16:01+08:00,Taxi,true,2024-02-02T00:21:01+08:00
D01840,2024-11-02T18:54:42+08:00,Taxi,true,2024-11-02T18:59:42+08:00
D01841,2024-08-01T16:01:18+08:00,Taxi,false,2024-08-01T16:06:18+08:00
D01842,2023-07-30T03:32:19+08:00,XL,true,2023-07-30T03:37:19+08:00
D01843,2023-03-06T14:20:17+08:00,Taxi,true,2023-03-06T14:25:17+08:00
D01844,2023-06-22T19:19:27+08:00,Taxi,true,2023-06-22T19:24:27+08:00
D01845,2024-07-04T21:14:52+08:00,Taxi,true,2024-07-04T21:19:52+08:00
D01846,2023-08-15T12:36:40+08:00,Taxi,true,2023-08-15T12:41:40+08:00
D01847,2023-02-07T06:08:29+08:00,Comfort,true,2023-02-07T06:13:29+08:00
D01848,2023-12-24T04:58:11+08:00,Taxi,true,2023-12-24T05:03:11+08:00
D01849,2023-10-29T10:37:13+08:00,Comfort,true,2023-10-29T10:42:13+08:00
D01850,2023-07-18T22:39:13+08:00,XL,false,2023-07-18T22:44:13+08:00
D01851,2024-10-11T23:36:31+08:00,Taxi,true,2024-10-11T23:41:31+08:00
D01852,2024-09-02T23:03:17+08:00,XL,true,2024-09-02T23:08:17+08:00
D01853,2023-04-06T15:24:07+08:00,Taxi,false,2023-04-06T15:29:07+08:00
D01854,2024-07-06T16:59:23+08:00,XL,false,2024-07-06T17:04:23+08:00
D01855,2023-04-03T04:55:21+08:00,Taxi,true,2023-04-03T05:00:21+08:00
D01856,2024-06-21T13:06:43+08:00,Taxi,false,2024-06-21T13:11:43+08:00
D01857,2023-06-12T19:48:21+08:00,Taxi,true,2023-06-12T19:53:21+08:00
D01858,2024-07-10T14:13:43+08:00,Taxi,true,2024-07-10T14:18:43+08:00
D01859,2024-01-24T22:51:21+08:00,Taxi,true,2024-01-24T22:56:21+08:00
D01860,2023-12-05T18:50:07+08:00,XL,true,2023-12-05T18:55:07+08:00
D01861,2024-01-30T14:18:08+08:00,Comfort,true,2024-01-30T14:23:08+08:00
D01862,2024-06-13T22:10:49+08:00,Taxi,true,2024-06-13T22:15:49+08:00
D01863,2023-04-04T04:37:05+08:00,Comfort,true,2023-04-04T04:42:05+08:00
D01864,2023-10-29T12:12:01+08:00,Taxi,false,2023-10-29T12:17:01+08:00
D01865,2023-04-12T20:12:47+08:00,Comfort,true,2023-04-12T20:17:47+08:00
D01866,2024-07-29T21:52:14+08:00,Taxi,true,2024-07-29T21:57:14+08:00
D01867,2024-03-12T18:18:37+08:00,Taxi,true,2024-03-12T18:23:37+08:00
D01868,2023-01-29T16:39:10+08:00,XL,true,2023-01-29T16:44:10+08:00
D01869,2024-10-16T16:25:11+08:00,Taxi,true,2024-10-16T16:30:11+08:00
D01870,2024-06-07T14:54:14+08:00,Taxi,false,2024-06-07T14:59:14+08:00
D01871,2024-02-21T01:18:24+08:00,Taxi,false,2024-02-21T01:23:24+08:00
D01872,2024-11-16T17:21:08+08:00,Comfort,false,2024-11-16T17:26:08+08:00
D01873,2024-02-21T02:51:41+08:00,Taxi,false,2024-02-21T02:56:41+08:00
D01874,2023-06-07T05:50:27+08:00,Comfort,true,2023-06-07T05:55:27+08:00
D01875,2023-11-07T10:24:11+08:00,Taxi,false,2023-11-07T10:29:11+08:00
D01876,2023-05-15T19:19:14+08:00,Taxi,false,2023-05-15T19:24:14+08:00
D01877,2024-05-07T03:06:16+08:00,Taxi,true,2024-05-07T03:11:16+08:00
D01878,2024-11-15T20:58:32+08:00,Comfort,true,2024-11-15T21:03:32+08:00
D01879,2023-01-16T05:24:34+08:00,XL,true,2023-01-16T05:29:34+08:00
D01880,2024-08-01T18:43:04+08:00,Taxi,true,2024-08-01T18:48:04+08:00
D01881,2023-06-22T20:22:27+08:00,XL,false,2023-06-22T20:27:27+08:00
D01882,2024-05-31T14:22:30+08:00,Taxi,true,2024-05-31T14:27:30+08:00
D01883,2024-06-23T00:17:21+08:00,Taxi,true,2024-06-23T00:22:21+08:00
D01884,2023-05-28T00:51:30+08:00,Taxi,true,2023-05-28T00:56:30+08:00
D01885,2024-07-04T15:36:12+08:00,Taxi,false,2024-07-04T15:41:12+08:00
D01886,2024-04-16T17:02:49+08:00,Taxi,true,2024-04-16T17:07:49+08:00
D01887,2024-04-13T02:24:09+08:00,Taxi,true,2024-04-13T02:29:09+08:00
D01888,2024-11-28T02:26:26+08:00,Taxi,true,2024-11-28T02:31:26+08:00
D01889,2023-10-21T09:46:22+08:00,XL,true,2023-10-21T09:51:22+08:00
D01890,2023-10-30T18:09:15+08:00,Taxi,true,2023-10-30T18:14:15+08:00
D01891,2024-01-14T07:37:17+08:00,Taxi,true,2024-01-14T07:42:17+08:00
D01892,2024-04-22T08:38:16+08:00,Taxi,true,2024-04-22T08:43:16+08:00
D01893,2024-08-25T05:00:43+08:00,Taxi,false,2024-08-25T05:05:43+08:00
D01894,2023-06-06T07:24:28+08:00,Comfort,false,2023-06-06T07:29:28+08:00
D01895,2024-04-02T11:47:34+08:00,Taxi,false,2024-04-02T11:52:34+08:00
D01896,2023-10-12T05:41:45+08:00,Taxi,true,2023-10-12T05:46:45+08:00
D01897,2024-06-20T08:41:04+08:00,Taxi,false,2024-06-20T08:46:04+08:00
D01898,2023-12-28T16:39:06+08:00,Taxi,false,2023-12-28T16:44:06+08:00
D01899,2023-08-19T07:34:17+08:00,Taxi,false,2023-08-19T07:39:17+08:00
D01900,2024-06-30T22:45:28+08:00,Taxi,false,2024-06-30T22:50:28+08:00
D01901,2024-11-02T17:12:21+08:00,Taxi,true,2024-11-02T17:17:21+08:00
D01902,2024-02-28T17:35:07+08:00,Comfort,true,2024-02-28T17:40:07+08:00
D01903,2023-10-18T19:40:11+08:00,Taxi,true,2023-10-18T19:45:11+08:00
D01904,2023-02-27T12:20:15+08:00,Taxi,true,2023-02-27T12:25:15+08:00
D01905,2024-10-02T05:06:15+08:00,Taxi,true,2024-10-02T05:11:15+08:00
D01906,2023-11-07T10:31:22+08:00,Taxi,false,2023-11-07T10:36:22+08:00
D01907,2024-02-15T13:36:48+08:00,Taxi,false,2024-02-15T13:41:48+08:00
D01908,2023-03-26T01:01:02+08:00,Comfort,false,2023-03-26T01:06:02+08:00
D01909,2024-06-20T01:46:24+08:00,Taxi,false,2024-06-20T01:51:24+08:00
D01910,2024-11-30T20:34:34+08:00,Taxi,true,2024-11-30T20:39:34+08:00
D01911,2024-03-30T16:41:59+08:00,XL,true,2024-03-30T16:46:59+08:00
D01912,2024-09-06T22:44:57+08:00,Taxi,true,2024-09-06T22:49:57+08:00
D01913,2024-11-08T01:29:07+08:00,Taxi,true,2024-11-08T01:34:07+08:00
D01914,2023-02-11T14:38:29+08:00,Taxi,true,2023-02-11T14:43:29+08:00
D01915,2023-07-29T14:23:52+08:00,Taxi,true,2023-07-29T14:28:52+08:00
D01916,2024-06-04T18:36:01+08:00,XL,true,2024-06-04T18:41:01+08:00
D01917,2023-06-14T06:44:19+08:00,Taxi,false,2023-06-14T06:49:19+08:00
D01918,2024-03-24T13:48:20+08:00,Taxi,true,2024-03-24T13:53:20+08:00
D01919,2024-06-01T22:20:54+08:00,Taxi,true,2024-06-01T22:25:54+08:00
D01920,2024-07-28T07:17:18+08:00,Comfort,true,2024-07-28T07:22:18+08:00
D01921,2024-09-26T07:17:05+08:00,Taxi,true,2024-09-26T07:22:05+08:00
D01922,2024-10-23T09:59:24+08:00,Taxi,true,2024-10-23T10:04:24+08:00
D01923,2023-02-09T14:11:22+08:00,Taxi,true,2023-02-09T14:16:22+08:00
D01924,2024-10-26T06:57:59+08:00,Taxi,true,2024-10-26T07:02:59+08:00
D01925,2024-07-01T13:59:08+08:00,Comfort,true,2024-07-01T14:04:08+08:00
D01926,2024-09-09T04:42:28+08:00,Taxi,true,2024-09-09T04:47:28+08:00
D01927,2024-08-08T10:29:51+08:00,Comfort,false,2024-08-08T10:34:51+08:00
D01928,2024-02-29T09:12:21+08:00,Taxi,true,2024-02-29T09:17:21+08:00
D01929,2024-02-18T04:54:01+08:00,XL,true,2024-02-18T04:59:01+08:00
D01930,2024-06-25T03:18:40+08:00,Taxi,false,2024-06-25T03:23:40+08:00
D01931,2023-11-17T05:13:59+08:00,Taxi,false,2023-11-17T05:18:59+08:00
D01932,2024-09-06T18:09:33+08:00,Taxi,true,2024-09-06T18:14:33+08:00
D01933,2023-08-06T10:56:56+08:00,Taxi,true,2023-08-06T11:01:56+08:00
D01934,2024-06-15T23:37:19+08:00,Taxi,true,2024-06-15T23:42:19+08:00
D01935,2023-02-10T20:41:00+08:00,Comfort,true,2023-02-10T20:46:00+08:00
D01936,2023-06-15T09:48:34+08:00,Taxi,true,2023-06-15T09:53:34+08:00
D01937,2023-07-25T03:30:05+08:00,Taxi,true,2023-07-25T03:35:05+08:00
D01938,2024-04-23T18:43:31+08:00,Comfort,false,2024-04-23T18:48:31+08:00
D01939,2023-11-15T01:07:37+08:00,Taxi,true,2023-11-15T01:12:37+08:00
D01940,2024-03-30T06:24:06+08:00,Taxi,true,2024-03-30T06:29:06+08:00
D01941,2024-01-15T08:19:37+08:00,Taxi,true,2024-01-15T08:24:37+08:00
D01942,2024-08-26T09:27:12+08:00,Taxi,false,2024-08-26T09:32:12+08:00
D01943,2024-05-17T12:47:01+08:00,Comfort,true,2024-05-17T12:52:01+08:00
D01944,2023-07-28T19:42:15+08:00,Taxi,true,2023-07-28T19:47:15+08:00
D01945,2023-03-15T08:16:07+08:00,XL,true,2023-03-15T08:21:07+08:00
D01946,2024-09-28T02:58:43+08:00,Taxi,false,2024-09-28T03:03:43+08:00
D01947,2024-05-06T13:23:56+08:00,Comfort,true,2024-05-06T13:28:56+08:00
D01948,2023-10-22T19:57:48+08:00,Taxi,false,2023-10-22T20:02:48+08:00
D01949,2023-11-22T17:52:20+08:00,Taxi,true,2023-11-22T17:57:20+08:00
D01950,2023-04-04T03:12:33+08:00,Taxi,true,2023-04-04T03:17:33+08:00
D01951,2023-08-14T03:25:15+08:00,Taxi,false,2023-08-14T03:30:15+08:00
D01952,2023-07-25T12:09:47+08:00,Taxi,true,2023-07-25T12:14:47+08:00
D01953,2023-11-12T07:45:22+08:00,Taxi,true,2023-11-12T07:50:22+08:00
D01954,2024-11-11T19:46:01+08:00,Taxi,true,2024-11-11T19:51:01+08:00
D01955,2024-03-14T13:13:17+08:00,Taxi,true,2024-03-14T13:18:17+08:00
D01956,2024-08-02T14:51:11+08:00,XL,true,2024-08-02T14:56:11+08:00
D01957,2023-04-30T00:17:42+08:00,Comfort,false,2023-04-30T00:22:42+08:00
D01958,2023-10-25T19:59:08+08:00,Taxi,true,2023-10-25T20:04:08+08:00
D01959,2024-08-01T00:17:09+08:00,Comfort,true,2024-08-01T00:22:09+08:00
D01960,2024-10-24T13:45:05+08:00,Taxi,true,2024-10-24T13:50:05+08:00
D01961,2023-03-23T01:24:57+08:00,Taxi,true,2023-03-23T01:29:57+08:00
D01962,2023-01-30T11:58:21+08:00,Taxi,true,2023-01-30T12:03:21+08:00
D01963,2023-08-17T13:09:29+08:00,XL,false,2023-08-17T13:14:29+08:00
D01964,2023-08-20T23:00:27+08:00,Taxi,true,2023-08-20T23:05:27+08:00
D01965,2023-06-03T11:08:41+08:00,Taxi,true,2023-06-03T11:13:41+08:00
D01966,2024-07-17T18:11:48+08:00,Taxi,true,2024-07-17T18:16:48+08:00
D01967,2023-03-07T21:32:01+08:00,Taxi,true,2023-03-07T21:37:01+08:00
D01968,2023-11-09T11:05:14+08:00,Comfort,true,2023-11-09T11:10:14+08:00
D01969,2024-09-23T03:16:57+08:00,Comfort,true,2024-09-23T03:21:57+08:00
D01970,2024-10-03T06:16:11+08:00,Comfort,true,2024-10-03T06:21:11+08:00
D01971,2024-10-29T08:23:23+08:00,Taxi,true,2024-10-29T08:28:23+08:00
D01972,2024-09-19T11:25:51+08:00,Taxi,true,2024-09-19T11:30:51+08:00
D01973,2023-01-26T19:04:44+08:00,Taxi,true,2023-01-26T19:09:44+08:00
D01974,2024-05-02T23:22:37+08:00,Comfort,true,2024-05-02T23:27:37+08:00
D01975,2024-08-21T07:15:48+08:00,Taxi,false,2024-08-21T07:20:48+08:00
D01976,2024-06-08T09:48:33+08:00,Taxi,true,2024-06-08T09:53:33+08:00
D01977,2023-11-27T04:25:58+08:00,Comfort,false,2023-11-27T04:30:58+08:00
D01978,2023-01-22T10:30:24+08:00,Taxi,true,2023-01-22T10:35:24+08:00
D01979,2023-10-08T01:23:09+08:00,Taxi,true,2023-10-08T01:28:09+08:00
D01980,2023-06-29T17:32:39+08:00,Taxi,true,2023-06-29T17:37:39+08:00
D01981,2023-05-05T18:08:52+08:00,Comfort,true,2023-05-05T18:13:52+08:00
D01982,2024-04-28T02:15:06+08:00,Comfort,false,2024-04-28T02:20:06+08:00
D01983,2023-07-21T07:21:43+08:00,Taxi,true,2023-07-21T07:26:43+08:00
D01984,2024-05-07T05:16:02+08:00,Taxi,true,2024-05-07T05:21:02+08:00
D01985,2024-02-17T18:10:23+08:00,Comfort,false,2024-02-17T18:15:23+08:00
D01986,2023-09-03T20:17:31+08:00,Taxi,true,2023-09-03T20:22:31+08:00
D01987,2023-08-16T13:14:31+08:00,Taxi,false,2023-08-16T13:19:31+08:00
D01988,2023-03-14T10:31:58+08:00,Taxi,false,2023-03-14T10:36:58+08:00
D01989,2024-11-18T16:50:09+08:00,Taxi,false,2024-11-18T16:55:09+08:00
D01990,2024-06-06T10:45:29+08:00,XL,true,2024-06-06T10:50:29+08:00
D01991,2023-10-08T02:28:55+08:00,Taxi,false,2023-10-08T02:33:55+08:00
D01992,2023-12-20T04:24:48+08:00,Taxi,true,2023-12-20T04:29:48+08:00
D01993,2023-09-21T03:41:40+08:00,Taxi,true,2023-09-21T03:46:40+08:00
D01994,2024-06-23T08:59:09+08:00,Taxi,true,2024-06-23T09:04:09+08:00
D01995,2024-10-12T17:48:48+08:00,Taxi,false,2024-10-12T17:53:48+08:00
D01996,2024-11-07T19:23:40+08:00,Taxi,true,2024-11-07T19:28:40+08:00
D01997,2023-12-13T09:24:23+08:00,Taxi,true,2023-12-13T09:29:23+08:00
D01998,2023-07-16T10:01:12+08:00,Taxi,true,2023-07-16T10:06:12+08:00
D01999,2024-04-13T16:21:47+08:00,Comfort,true,2024-04-13T16:26:47+08:00
D02000,2023-02-21T09:49:39+08:00,Taxi,true,2023-02-21T09:54:39+08:00
D02001,2023-02-08T21:04:04+08:00,Taxi,true,2023-02-08T21:09:04+08:00
D02002,2023-08-09T04:51:00+08:00,Taxi,false,2023-08-09T04:56:00+08:00
D02003,2023-06-01T18:08:25+08:00,Comfort,false,2023-06-01T18:13:25+08:00
D02004,2023-05-04T11:02:01+08:00,Taxi,true,2023-05-04T11:07:01+08:00
D02005,2024-10-01T09:44:48+08:00,Taxi,false,2024-10-01T09:49:48+08:00
D02006,2024-06-02T04:29:47+08:00,Taxi,true,2024-06-02T04:34:47+08:00
D02007,2023-03-13T12:28:38+08:00,Comfort,true,2023-03-13T12:33:38+08:00
D02008,2024-10-01T05:09:50+08:00,Taxi,false,2024-10-01T05:14:50+08:00
D02009,2024-07-06T05:52:38+08:00,XL,false,2024-07-06T05:57:38+08:00
D02010,2024-02-14T10:21:42+08:00,Comfort,true,2024-02-14T10:26:42+08:00
D02011,2024-04-12T22:13:14+08:00,Taxi,false,2024-04-12T22:18:14+08:00
D02012,2024-09-23T07:30:55+08:00,Taxi,false,2024-09-23T07:35:55+08:00
D02013,2023-04-03T20:55:57+08:00,Taxi,true,2023-04-03T21:00:57+08:00
D02014,2024-04-10T22:22:47+08:00,Taxi,true,2024-04-10T22:27:47+08:00
D02015,2024-11-02T23:03:39+08:00,Taxi,false,2024-11-02T23:08:39+08:00
D02016,2023-04-09T19:52:32+08:00,Taxi,true,2023-04-09T19:57:32+08:00
D02017,2023-04-23T05:05:43+08:00,Taxi,true,2023-04-23T05:10:43+08:00
D02018,2024-11-23T01:47:43+08:00,Taxi,true,2024-11-23T01:52:43+08:00
D02019,2023-09-13T17:22:44+08:00,Taxi,true,2023-09-13T17:27:44+08:00
D02020,2023-04-13T18:54:43+08:00,Taxi,false,2023-04-13T18:59:43+08:00
D02021,2024-07-12T13:43:28+08:00,Taxi,true,2024-07-12T13:48:28+08:00
D02022,2023-03-03T09:15:08+08:00,Comfort,false,2023-03-03T09:20:08+08:00
D02023,2024-11-08T23:44:51+08:00,Taxi,true,2024-11-08T23:49:51+08:00
D02024,2023-01-18T17:32:10+08:00,XL,false,2023-01-18T17:37:10+08:00
D02025,2023-04-19T20:16:11+08:00,Comfort,true,2023-04-19T20:21:11+08:00
D02026,2024-02-02T16:32:22+08:00,Taxi,true,2024-02-02T16:37:22+08:00
D02027,2024-01-06T23:52:08+08:00,Comfort,false,2024-01-06T23:57:08+08:00
D02028,2024-08-11T22:30:08+08:00,Taxi,true,2024-08-11T22:35:08+08:00
D02029,2024-03-15T16:10:08+08:00,Taxi,true,2024-03-15T16:15:08+08:00
D02030,2023-08-20T17:41:29+08:00,XL,true,2023-08-20T17:46:29+08:00
D02031,2023-10-19T21:20:44+08:00,Taxi,false,2023-10-19T21:25:44+08:00
D02032,2024-04-12T02:38:37+08:00,XL,true,2024-04-12T02:43:37+08:00
D02033,2023-11-19T00:53:16+08:00,Taxi,true,2023-11-19T00:58:16+08:00
D02034,2023-07-03T00:28:06+08:00,Taxi,true,2023-07-03T00:33:06+08:00
D02035,2024-11-04T22:41:31+08:00,Taxi,true,2024-11-04T22:46:31+08:00
D02036,2023-06-02T10:31:34+08:00,Taxi,false,2023-06-02T10:36:34+08:00
D02037,2023-02-02T00:35:50+08:00,Taxi,false,2023-02-02T00:40:50+08:00
D02038,2023-04-09T03:03:10+08:00,Taxi,false,2023-04-09T03:08:10+08:00
D02039,2023-11-06T08:01:23+08:00,Taxi,true,2023-11-06T08:06:23+08:00
D02040,2024-11-29T13:29:08+08:00,Taxi,false,2024-11-29T13:34:08+08:00
D02041,2023-08-31T13:38:50+08:00,Taxi,true,2023-08-31T13:43:50+08:00
D02042,2024-09-30T16:20:58+08:00,Taxi,false,2024-09-30T16:25:58+08:00
D02043,2024-06-19T20:36:05+08:00,Taxi,true,2024-06-19T20:41:05+08:00
D02044,2024-02-14T11:46:27+08:00,Comfort,true,2024-02-14T11:51:27+08:00
D02045,2024-04-03T05:42:28+08:00,Taxi,true,2024-04-03T05:47:28+08:00
D02046,2023-09-24T02:44:56+08:00,Taxi,true,2023-09-24T02:49:56+08:00
D02047,2023-03-18T06:18:28+08:00,Taxi,false,2023-03-18T06:23:28+08:00
D02048,2024-02-26T03:30:09+08:00,Taxi,false,2024-02-26T03:35:09+08:00
D02049,2023-04-12T12:39:23+08:00,Taxi,false,2023-04-12T12:44:23+08:00
D02050,2023-07-16T04:18:43+08:00,Taxi,true,2023-07-16T04:23:43+08:00
D02051,2023-09-22T06:10:42+08:00,Taxi,true,2023-09-22T06:15:42+08:00
D02052,2023-03-04T07:41:01+08:00,Taxi,true,2023-03-04T07:46:01+08:00
D02053,2023-05-02T00:42:50+08:00,Comfort,true,2023-05-02T00:47:50+08:00
D02054,2023-10-18T20:48:50+08:00,Taxi,false,2023-10-18T20:53:50+08:00
D02055,2024-10-15T11:15:39+08:00,Comfort,true,2024-10-15T11:20:39+08:00
D02056,2023-06-16T05:14:30+08:00,Taxi,true,2023-06-16T05:19:30+08:00
D02057,2024-10-29T12:57:22+08:00,Taxi,false,2024-10-29T13:02:22+08:00
D02058,2023-03-21T14:04:05+08:00,Comfort,false,2023-03-21T14:09:05+08:00
D02059,2024-01-28T21:03:40+08:00,Taxi,true,2024-01-28T21:08:40+08:00
D02060,2023-06-16T19:35:59+08:00,Comfort,false,2023-06-16T19:40:59+08:00
D02061,2023-06-28T03:51:08+08:00,Taxi,false,2023-06-28T03:56:08+08:00
D02062,2024-07-13T15:18:09+08:00,Taxi,true,2024-07-13T15:23:09+08:00
D02063,2023-05-14T23:26:00+08:00,Taxi,true,2023-05-14T23:31:00+08:00
D02064,2023-05-04T18:48:55+08:00,Taxi,false,2023-05-04T18:53:55+08:00
D02065,2023-03-04T18:20:52+08:00,Comfort,false,2023-03-04T18:25:52+08:00
D02066,2024-10-16T23:49:15+08:00,Taxi,false,2024-10-16T23:54:15+08:00
D02067,2024-11-17T07:32:18+08:00,Taxi,true,2024-11-17T07:37:18+08:00
D02068,2024-06-19T03:33:14+08:00,Comfort,true,2024-06-19T03:38:14+08:00
D02069,2024-11-21T16:28:43+08:00,Comfort,true,2024-11-21T16:33:43+08:00
D02070,2024-09-13T09:06:19+08:00,Comfort,true,2024-09-13T09:11:19+08:00
D02071,2024-06-14T19:49:50+08:00,Taxi,true,2024-06-14T19:54:50+08:00
D02072,2023-03-30T02:15:10+08:00,Taxi,true,2023-03-30T02:20:10+08:00
D02073,2023-03-08T10:42:20+08:00,Comfort,true,2023-03-08T10:47:20+08:00
D02074,2024-06-20T21:15:23+08:00,Taxi,false,2024-06-20T21:20:23+08:00
D02075,2023-05-30T10:16:09+08:00,Taxi,true,2023-05-30T10:21:09+08:00
D02076,2023-09-07T00:48:01+08:00,Taxi,false,2023-09-07T00:53:01+08:00
D02077,2023-11-26T17:28:47+08:00,Taxi,true,2023-11-26T17:33:47+08:00
D02078,2023-03-22T11:04:07+08:00,Taxi,false,2023-03-22T11:09:07+08:00
D02079,2023-04-23T08:28:44+08:00,Taxi,false,2023-04-23T08:33:44+08:00
D02080,2024-09-17T20:35:15+08:00,Taxi,true,2024-09-17T20:40:15+08:00
D02081,2023-01-20T19:58:51+08:00,Taxi,true,2023-01-20T20:03:51+08:00
D02082,2024-11-28T22:28:18+08:00,Taxi,true,2024-11-28T22:33:18+08:00
D02083,2023-07-27T19:36:47+08:00,Taxi,true,2023-07-27T19:41:47+08:00
D02084,2024-05-23T01:31:10+08:00,Comfort,false,2024-05-23T01:36:10+08:00
D02085,2024-04-10T20:03:06+08:00,Comfort,true,2024-04-10T20:08:06+08:00
D02086,2023-04-17T10:30:48+08:00,Taxi,true,2023-04-17T10:35:48+08:00
D02087,2023-06-24T02:27:36+08:00,Comfort,true,2023-06-24T02:32:36+08:00
D02088,2024-10-11T19:23:59+08:00,Taxi,true,2024-10-11T19:28:59+08:00
D02089,2023-06-09T16:43:43+08:00,Taxi,true,2023-06-09T16:48:43+08:00
D02090,2023-07-05T11:15:43+08:00,Taxi,true,2023-07-05T11:20:43+08:00
D02091,2023-11-29T14:14:50+08:00,XL,true,2023-11-29T14:19:50+08:00
D02092,2024-08-28T12:01:39+08:00,Comfort,false,2024-08-28T12:06:39+08:00
D02093,2023-03-14T19:08:38+08:00,Taxi,true,2023-03-14T19:13:38+08:00
D02094,2023-03-22T01:56:02+08:00,Taxi,true,2023-03-22T02:01:02+08:00
D02095,2023-12-05T16:44:31+08:00,Taxi,true,2023-12-05T16:49:31+08:00
D02096,2023-09-02T23:11:51+08:00,Taxi,true,2023-09-02T23:16:51+08:00
D02097,2024-09-04T12:17:09+08:00,Taxi,true,2024-09-04T12:22:09+08:00
D02098,2023-08-06T18:53:42+08:00,Taxi,false,2023-08-06T18:58:42+08:00
D02099,2024-10-04T22:08:57+08:00,Taxi,true,2024-10-04T22:13:57+08:00
D02100,2024-10-02T13:31:09+08:00,Taxi,false,2024-10-02T13:36:09+08:00
D02101,2024-08-09T21:17:53+08:00,Taxi,true,2024-08-09T21:22:53+08:00
D02102,2024-03-14T12:11:06+08:00,Taxi,true,2024-03-14T12:16:06+08:00
D02103,2024-02-14T02:00:08+08:00,Taxi,true,2024-02-14T02:05:08+08:00
D02104,2024-10-11T02:53:30+08:00,Taxi,true,2024-10-11T02:58:30+08:00
D02105,2023-08-02T17:43:05+08:00,Taxi,true,2023-08-02T17:48:05+08:00
D02106,2023-05-23T10:48:08+08:00,Taxi,true,2023-05-23T10:53:08+08:00
D02107,2023-04-04T22:00:24+08:00,Taxi,true,2023-04-04T22:05:24+08:00
D02108,2024-09-12T08:42:55+08:00,Taxi,true,2024-09-12T08:47:55+08:00
D02109,2024-01-24T18:52:36+08:00,Taxi,false,2024-01-24T18:57:36+08:00
D02110,2023-08-18T14:07:17+08:00,Taxi,false,2023-08-18T14:12:17+08:00
D02111,2024-06-02T17:37:17+08:00,Taxi,true,2024-06-02T17:42:17+08:00
D02112,2024-10-25T05:45:21+08:00,Taxi,true,2024-10-25T05:50:21+08:00
D02113,2023-12-01T00:26:13+08:00,Taxi,true,2023-12-01T00:31:13+08:00
D02114,2024-03-02T08:30:19+08:00,Comfort,true,2024-03-02T08:35:19+08:00
D02115,2024-08-20T05:05:09+08:00,Taxi,true,2024-08-20T05:10:09+08:00
D02116,2023-03-17T22:54:57+08:00,Taxi,false,2023-03-17T22:59:57+08:00
D02117,2023-11-21T10:22:14+08:00,Comfort,true,2023-11-21T10:27:14+08:00
D02118,2024-09-03T01:06:33+08:00,Taxi,true,2024-09-03T01:11:33+08:00
D02119,2023-03-12T15:34:19+08:00,Comfort,true,2023-03-12T15:39:19+08:00
D02120,2024-10-10T01:19:25+08:00,Taxi,true,2024-10-10T01:24:25+08:00
D02121,2023-11-01T00:28:47+08:00,Taxi,true,2023-11-01T00:33:47+08:00
D02122,2023-07-23T05:12:47+08:00,Taxi,true,2023-07-23T05:17:47+08:00
D02123,2023-04-01T22:01:21+08:00,Taxi,true,2023-04-01T22:06:21+08:00
D02124,2023-07-25T00:00:06+08:00,Taxi,true,2023-07-25T00:05:06+08:00
D02125,2023-08-21T14:54:36+08:00,Taxi,true,2023-08-21T14:59:36+08:00
D02126,2023-03-20T03:25:17+08:00,Taxi,true,2023-03-20T03:30:17+08:00
D02127,2023-06-22T10:55:53+08:00,Taxi,true,2023-06-22T11:00:53+08:00
D02128,2023-06-04T17:32:18+08:00,Taxi,true,2023-06-04T17:37:18+08:00
D02129,2023-09-02T07:29:03+08:00,Taxi,false,2023-09-02T07:34:03+08:00
D02130,2024-11-10T08:43:07+08:00,Taxi,false,2024-11-10T08:48:07+08:00
D02131,2023-01-13T00:32:02+08:00,Taxi,true,2023-01-13T00:37:02+08:00
D02132,2023-07-04T14:23:44+08:00,Comfort,true,2023-07-04T14:28:44+08:00
D02133,2023-08-23T01:46:56+08:00,Comfort,false,2023-08-23T01:51:56+08:00
D02134,2024-10-15T11:27:36+08:00,XL,true,2024-10-15T11:32:36+08:00
D02135,2024-07-16T13:00:32+08:00,Comfort,false,2024-07-16T13:05:32+08:00
D02136,2024-09-03T22:17:43+08:00,Taxi,false,2024-09-03T22:22:43+08:00
D02137,2023-06-09T01:55:48+08:00,Comfort,false,2023-06-09T02:00:48+08:00
D02138,2023-04-29T21:08:42+08:00,Taxi,false,2023-04-29T21:13:42+08:00
D02139,2024-09-01T07:39:02+08:00,Taxi,true,2024-09-01T07:44:02+08:00
D02140,2024-08-15T18:36:36+08:00,Taxi,true,2024-08-15T18:41:36+08:00
D02141,2023-05-20T23:30:21+08:00,Comfort,true,2023-05-20T23:35:21+08:00
D02142,2024-11-09T18:10:25+08:00,Taxi,true,2024-11-09T18:15:25+08:00
D02143,2024-09-06T07:08:32+08:00,Taxi,false,2024-09-06T07:13:32+08:00
D02144,2023-12-25T22:05:16+08:00,Taxi,false,2023-12-25T22:10:16+08:00
D02145,2023-08-08T08:03:07+08:00,Taxi,false,2023-08-08T08:08:07+08:00
D02146,2023-03-17T01:25:10+08:00,Taxi,true,2023-03-17T01:30:10+08:00
D02147,2023-03-22T18:49:34+08:00,XL,true,2023-03-22T18:54:34+08:00
D02148,2023-04-24T10:01:50+08:00,XL,true,2023-04-24T10:06:50+08:00
D02149,2024-06-02T13:11:55+08:00,Taxi,true,2024-06-02T13:16:55+08:00
D02150,2024-01-03T11:32:24+08:00,Taxi,true,2024-01-03T11:37:24+08:00
D02151,2024-05-07T09:01:27+08:00,Taxi,false,2024-05-07T09:06:27+08:00
D02152,2023-02-07T15:53:58+08:00,Taxi,false,2023-02-07T15:58:58+08:00
D02153,2024-03-08T10:19:11+08:00,Taxi,true,2024-03-08T10:24:11+08:00
D02154,2023-04-22T09:55:45+08:00,Taxi,true,2023-04-22T10:00:45+08:00
D02155,2023-11-21T04:59:50+08:00,Taxi,true,2023-11-21T05:04:50+08:00
D02156,2023-09-22T13:41:05+08:00,Taxi,true,2023-09-22T13:46:05+08:00
D02157,2023-06-15T05:26:20+08:00,Taxi,true,2023-06-15T05:31:20+08:00
D02158,2024-01-21T13:55:59+08:00,Taxi,true,2024-01-21T14:00:59+08:00
D02159,2023-08-26T23:57:28+08:00,Taxi,true,2023-08-27T00:02:28+08:00
D02160,2023-12-20T21:34:55+08:00,Comfort,true,2023-12-20T21:39:55+08:00
D02161,2023-09-28T15:54:30+08:00,Taxi,true,2023-09-28T15:59:30+08:00
D02162,2024-11-03T14:13:57+08:00,Taxi,true,2024-11-03T14:18:57+08:00
D02163,2024-07-11T04:24:38+08:00,Comfort,true,2024-07-11T04:29:38+08:00
D02164,2024-08-02T03:28:59+08:00,Taxi,false,2024-08-02T03:33:59+08:00
D02165,2023-06-13T19:33:24+08:00,Taxi,true,2023-06-13T19:38:24+08:00
D02166,2023-07-01T10:46:46+08:00,Taxi,true,2023-07-01T10:51:46+08:00
D02167,2024-07-17T15:43:46+08:00,Taxi,true,2024-07-17T15:48:46+08:00
D02168,2024-02-25T23:17:07+08:00,Comfort,true,2024-02-25T23:22:07+08:00
D02169,2023-01-20T05:30:09+08:00,Taxi,true,2023-01-20T05:35:09+08:00
D02170,2024-01-03T13:51:16+08:00,Taxi,true,2024-01-03T13:56:16+08:00
D02171,2023-05-01T07:14:17+08:00,Taxi,true,2023-05-01T07:19:17+08:00
D02172,2023-03-31T17:14:47+08:00,Taxi,true,2023-03-31T17:19:47+08:00
D02173,2024-08-18T16:59:21+08:00,Taxi,true,2024-08-18T17:04:21+08:00
D02174,2024-07-09T04:03:41+08:00,Taxi,false,2024-07-09T04:08:41+08:00
D02175,2024-02-28T16:36:04+08:00,Taxi,false,2024-02-28T16:41:04+08:00
D02176,2023-07-28T07:00:16+08:00,Taxi,true,2023-07-28T07:05:16+08:00
D02177,2023-09-24T06:01:16+08:00,Comfort,true,2023-09-24T06:06:16+08:00
D02178,2023-12-28T07:02:07+08:00,Taxi,false,2023-12-28T07:07:07+08:00
D02179,2023-01-28T07:26:37+08:00,Comfort,true,2023-01-28T07:31:37+08:00
D02180,2024-01-20T19:25:32+08:00,Taxi,true,2024-01-20T19:30:32+08:00
D02181,2023-04-05T16:37:59+08:00,Taxi,true,2023-04-05T16:42:59+08:00
D02182,2023-10-25T22:10:23+08:00,Taxi,true,2023-10-25T22:15:23+08:00
D02183,2024-05-27T02:32:40+08:00,Taxi,true,2024-05-27T02:37:40+08:00
D02184,2023-12-08T22:40:50+08:00,XL,true,2023-12-08T22:45:50+08:00
D02185,2023-03-29T13:43:35+08:00,Taxi,false,2023-03-29T13:48:35+08:00
D02186,2023-07-10T20:11:08+08:00,XL,true,2023-07-10T20:16:08+08:00
D02187,2023-04-06T06:52:33+08:00,Taxi,true,2023-04-06T06:57:33+08:00
D02188,2024-03-07T12:56:03+08:00,Comfort,true,2024-03-07T13:01:03+08:00
D02189,2023-11-05T01:35:45+08:00,Taxi,true,2023-11-05T01:40:45+08:00
D02190,2023-01-12T14:44:47+08:00,Taxi,false,2023-01-12T14:49:47+08:00
D02191,2023-07-13T02:46:24+08:00,Comfort,true,2023-07-13T02:51:24+08:00
D02192,2024-01-25T02:52:30+08:00,Taxi,true,2024-01-25T02:57:30+08:00
D02193,2023-03-30T12:34:26+08:00,Taxi,true,2023-03-30T12:39:26+08:00
D02194,2024-08-04T00:57:34+08:00,Taxi,false,2024-08-04T01:02:34+08:00
D02195,2023-10-05T07:15:46+08:00,Taxi,true,2023-10-05T07:20:46+08:00
D02196,2024-06-24T04:52:51+08:00,Taxi,true,2024-06-24T04:57:51+08:00
D02197,2024-06-20T18:26:50+08:00,Taxi,true,2024-06-20T18:31:50+08:00
D02198,2023-09-05T04:32:25+08:00,Taxi,true,2023-09-05T04:37:25+08:00
D02199,2024-08-06T13:59:37+08:00,Comfort,true,2024-08-06T14:04:37+08:00
D02200,2024-08-13T02:02:24+08:00,Taxi,false,2024-08-13T02:07:24+08:00
D02201,2024-01-30T06:54:13+08:00,Taxi,true,2024-01-30T06:59:13+08:00
D02202,2024-10-10T21:26:28+08:00,Taxi,true,2024-10-10T21:31:28+08:00
D02203,2023-05-09T21:55:14+08:00,Taxi,false,2023-05-09T22:00:14+08:00
D02204,2023-04-15T16:39:04+08:00,Taxi,true,2023-04-15T16:44:04+08:00
D02205,2024-11-03T11:50:57+08:00,Taxi,false,2024-11-03T11:55:57+08:00
D02206,2024-01-28T19:32:20+08:00,Comfort,true,2024-01-28T19:37:20+08:00
D02207,2024-09-02T02:23:56+08:00,Taxi,true,2024-09-02T02:28:56+08:00
D02208,2024-11-07T04:17:23+08:00,Taxi,true,2024-11-07T04:22:23+08:00
D02209,2024-02-25T18:55:08+08:00,Taxi,true,2024-02-25T19:00:08+08:00
D02210,2024-03-08T18:46:42+08:00,Taxi,false,2024-03-08T18:51:42+08:00
D02211,2024-07-11T23:37:51+08:00,Taxi,true,2024-07-11T23:42:51+08:00
D02212,2024-07-25T21:25:51+08:00,Taxi,false,2024-07-25T21:30:51+08:00
D02213,2024-10-24T19:51:38+08:00,Taxi,true,2024-10-24T19:56:38+08:00
D02214,2023-03-03T00:39:07+08:00,Taxi,true,2023-03-03T00:44:07+08:00
D02215,2023-01-14T06:21:01+08:00,Comfort,true,2023-01-14T06:26:01+08:00
D02216,2023-11-03T17:49:50+08:00,Taxi,true,2023-11-03T17:54:50+08:00
D02217,2024-02-10T14:55:50+08:00,Comfort,true,2024-02-10T15:00:50+08:00
D02218,2024-07-13T06:47:16+08:00,Taxi,true,2024-07-13T06:52:16+08:00
D02219,2023-07-27T22:16:44+08:00,Taxi,true,2023-07-27T22:21:44+08:00
D02220,2023-05-19T17:39:34+08:00,Comfort,true,2023-05-19T17:44:34+08:00
D02221,2023-12-07T03:06:48+08:00,Taxi,true,2023-12-07T03:11:48+08:00
D02222,2023-10-06T12:59:10+08:00,Taxi,true,2023-10-06T13:04:10+08:00
D02223,2024-07-22T12:52:54+08:00,Taxi,false,2024-07-22T12:57:54+08:00
D02224,2023-06-12T10:22:45+08:00,Taxi,false,2023-06-12T10:27:45+08:00
D02225,2024-11-19T00:47:00+08:00,Taxi,true,2024-11-19T00:52:00+08:00
D02226,2023-10-26T03:56:45+08:00,Comfort,true,2023-10-26T04:01:45+08:00
D02227,2024-01-17T16:57:41+08:00,Comfort,false,2024-01-17T17:02:41+08:00
D02228,2024-04-06T12:35:44+08:00,Comfort,true,2024-04-06T12:40:44+08:00
D02229,2024-10-20T03:11:04+08:00,Taxi,true,2024-10-20T03:16:04+08:00
D02230,2024-04-05T23:53:23+08:00,Taxi,false,2024-04-05T23:58:23+08:00
D02231,2023-11-02T16:04:16+08:00,Taxi,true,2023-11-02T16:09:16+08:00
D02232,2024-09-10T07:59:52+08:00,Taxi,true,2024-09-10T08:04:52+08:00
D02233,2024-08-15T01:59:34+08:00,Taxi,false,2024-08-15T02:04:34+08:00
D02234,2023-10-26T22:40:34+08:00,Taxi,true,2023-10-26T22:45:34+08:00
D02235,2024-10-07T23:15:46+08:00,Taxi,true,2024-10-07T23:20:46+08:00
D02236,2023-08-19T12:35:21+08:00,Comfort,false,2023-08-19T12:40:21+08:00
D02237,2024-09-07T15:23:34+08:00,Taxi,false,2024-09-07T15:28:34+08:00
D02238,2023-06-25T04:29:34+08:00,Taxi,true,2023-06-25T04:34:34+08:00
D02239,2024-09-01T23:06:26+08:00,Taxi,true,2024-09-01T23:11:26+08:00
D02240,2023-03-27T14:02:45+08:00,Taxi,false,2023-03-27T14:07:45+08:00
D02241,2023-03-29T18:05:15+08:00,Taxi,true,2023-03-29T18:10:15+08:00
D02242,2024-09-12T02:15:26+08:00,XL,true,2024-09-12T02:20:26+08:00
D02243,2024-01-11T23:13:42+08:00,XL,true,2024-01-11T23:18:42+08:00
D02244,2024-06-25T22:17:27+08:00,Comfort,false,2024-06-25T22:22:27+08:00
D02245,2023-06-23T18:06:26+08:00,Taxi,false,2023-06-23T18:11:26+08:00
D02246,2024-01-21T07:42:18+08:00,Comfort,true,2024-01-21T07:47:18+08:00
D02247,2024-08-27T09:13:38+08:00,Comfort,true,2024-08-27T09:18:38+08:00
D02248,2024-01-18T23:41:18+08:00,Taxi,true,2024-01-18T23:46:18+08:00
D02249,2023-08-08T00:49:54+08:00,Taxi,true,2023-08-08T00:54:54+08:00
D02250,2024-06-23T16:38:06+08:00,Taxi,true,2024-06-23T16:43:06+08:00
D02251,2024-07-01T01:30:54+08:00,Taxi,true,2024-07-01T01:35:54+08:00
D02252,2023-09-13T10:37:50+08:00,Taxi,false,2023-09-13T10:42:50+08:00
D02253,2024-10-13T04:54:10+08:00,Comfort,false,2024-10-13T04:59:10+08:00
D02254,2023-05-23T08:16:19+08:00,Taxi,false,2023-05-23T08:21:19+08:00
D02255,2024-02-23T09:17:33+08:00,Taxi,false,2024-02-23T09:22:33+08:00
D02256,2023-08-06T03:21:10+08:00,Taxi,true,2023-08-06T03:26:10+08:00
D02257,2024-06-15T16:32:48+08:00,Taxi,true,2024-06-15T16:37:48+08:00
D02258,2024-06-07T23:00:14+08:00,Taxi,true,2024-06-07T23:05:14+08:00
D02259,2024-09-26T15:53:03+08:00,Taxi,true,2024-09-26T15:58:03+08:00
D02260,2023-04-20T21:43:07+08:00,Taxi,false,2023-04-20T21:48:07+08:00
D02261,2023-09-29T17:35:05+08:00,Comfort,true,2023-09-29T17:40:05+08:00
D02262,2023-04-30T10:59:15+08:00,Comfort,true,2023-04-30T11:04:15+08:00
D02263,2023-04-03T07:41:42+08:00,Taxi,true,2023-04-03T07:46:42+08:00
D02264,2023-02-26T14:45:32+08:00,Taxi,true,2023-02-26T14:50:32+08:00
D02265,2024-11-14T07:14:30+08:00,Taxi,true,2024-11-14T07:19:30+08:00
D02266,2023-11-06T06:45:28+08:00,Taxi,true,2023-11-06T06:50:28+08:00
D02267,2023-10-21T23:10:29+08:00,Taxi,true,2023-10-21T23:15:29+08:00
D02268,2023-12-28T03:04:00+08:00,XL,true,2023-12-28T03:09:00+08:00
D02269,2024-09-14T17:51:58+08:00,Taxi,true,2024-09-14T17:56:58+08:00
D02270,2024-11-24T22:18:49+08:00,Taxi,true,2024-11-24T22:23:49+08:00
D02271,2024-11-22T12:34:17+08:00,Taxi,false,2024-11-22T12:39:17+08:00
D02272,2023-07-06T12:10:43+08:00,Taxi,true,2023-07-06T12:15:43+08:00
D02273,2024-04-16T23:28:24+08:00,Taxi,true,2024-04-16T23:33:24+08:00
D02274,2023-03-20T17:15:16+08:00,Taxi,true,2023-03-20T17:20:16+08:00
D02275,2023-07-09T22:09:02+08:00,Taxi,true,2023-07-09T22:14:02+08:00
D02276,2024-08-22T23:42:15+08:00,Taxi,false,2024-08-22T23:47:15+08:00
D02277,2024-08-10T14:23:53+08:00,Comfort,true,2024-08-10T14:28:53+08:00
D02278,2023-01-15T08:59:45+08:00,Taxi,true,2023-01-15T09:04:45+08:00
D02279,2024-05-27T13:46:18+08:00,Comfort,true,2024-05-27T13:51:18+08:00
D02280,2023-07-06T04:34:16+08:00,Taxi,true,2023-07-06T04:39:16+08:00
D02281,2024-02-03T11:35:28+08:00,Taxi,true,2024-02-03T11:40:28+08:00
D02282,2024-05-12T08:33:05+08:00,XL,true,2024-05-12T08:38:05+08:00
D02283,2023-08-21T10:23:56+08:00,Taxi,true,2023-08-21T10:28:56+08:00
D02284,2024-02-04T03:35:01+08:00,Taxi,true,2024-02-04T03:40:01+08:00
D02285,2023-05-12T06:38:56+08:00,Taxi,true,2023-05-12T06:43:56+08:00
D02286,2024-10-24T04:54:24+08:00,Taxi,false,2024-10-24T04:59:24+08:00
D02287,2024-06-29T07:22:55+08:00,Taxi,false,2024-06-29T07:27:55+08:00
D02288,2023-10-25T16:23:37+08:00,Taxi,true,2023-10-25T16:28:37+08:00
D02289,2024-06-27T18:10:59+08:00,Taxi,true,2024-06-27T18:15:59+08:00
D02290,2024-09-25T00:20:04+08:00,Taxi,true,2024-09-25T00:25:04+08:00
D02291,2023-04-05T20:34:13+08:00,Taxi,true,2023-04-05T20:39:13+08:00
D02292,2023-06-22T07:30:45+08:00,Taxi,false,2023-06-22T07:35:45+08:00
D02293,2024-11-30T12:02:54+08:00,Taxi,false,2024-11-30T12:07:54+08:00
D02294,2023-06-23T20:06:26+08:00,Taxi,true,2023-06-23T20:11:26+08:00
D02295,2023-02-19T09:05:52+08:00,Comfort,true,2023-02-19T09:10:52+08:00
D02296,2024-05-02T04:10:34+08:00,Taxi,false,2024-05-02T04:15:34+08:00
D02297,2023-04-13T21:10:41+08:00,Taxi,true,2023-04-13T21:15:41+08:00
D02298,2024-11-24T14:29:34+08:00,Taxi,true,2024-11-24T14:34:34+08:00
D02299,2023-03-08T17:42:16+08:00,Taxi,true,2023-03-08T17:47:16+08:00
D02300,2024-09-17T11:05:55+08:00,Comfort,false,2024-09-17T11:10:55+08:00
D02301,2024-02-10T03:23:17+08:00,Taxi,true,2024-02-10T03:28:17+08:00
D02302,2024-06-06T19:54:57+08:00,Taxi,true,2024-06-06T19:59:57+08:00
D02303,2023-08-24T10:45:53+08:00,Taxi,false,2023-08-24T10:50:53+08:00
D02304,2024-07-21T00:32:14+08:00,Taxi,true,2024-07-21T00:37:14+08:00
D02305,2023-06-03T09:08:36+08:00,Taxi,true,2023-06-03T09:13:36+08:00
D02306,2023-05-24T19:55:40+08:00,Taxi,true,2023-05-24T20:00:40+08:00
D02307,2024-05-11T10:23:02+08:00,Taxi,true,2024-05-11T10:28:02+08:00
D02308,2023-11-10T23:27:02+08:00,Taxi,true,2023-11-10T23:32:02+08:00
D02309,2023-02-11T10:40:06+08:00,Taxi,true,2023-02-11T10:45:06+08:00
D02310,2024-02-24T01:59:48+08:00,XL,false,2024-02-24T02:04:48+08:00
D02311,2024-09-05T21:24:57+08:00,Taxi,true,2024-09-05T21:29:57+08:00
D02312,2024-01-09T21:11:06+08:00,Taxi,true,2024-01-09T21:16:06+08:00
D02313,2023-09-09T02:41:44+08:00,Taxi,true,2023-09-09T02:46:44+08:00
D02314,2023-06-22T19:48:09+08:00,Taxi,true,2023-06-22T19:53:09+08:00
D02315,2023-04-01T11:30:30+08:00,Taxi,true,2023-04-01T11:35:30+08:00
D02316,2023-09-15T23:08:48+08:00,Taxi,true,2023-09-15T23:13:48+08:00
D02317,2023-03-12T09:58:33+08:00,Taxi,true,2023-03-12T10:03:33+08:00
D02318,2023-02-17T20:16:47+08:00,Taxi,true,2023-02-17T20:21:47+08:00
D02319,2023-11-03T21:06:14+08:00,Taxi,true,2023-11-03T21:11:14+08:00
D02320,2023-10-05T18:44:33+08:00,Taxi,true,2023-10-05T18:49:33+08:00
D02321,2024-10-23T20:02:03+08:00,Taxi,true,2024-10-23T20:07:03+08:00
D02322,2023-06-07T14:55:26+08:00,Taxi,true,2023-06-07T15:00:26+08:00
D02323,2024-07-05T19:59:39+08:00,Taxi,true,2024-07-05T20:04:39+08:00
D02324,2023-06-25T02:05:02+08:00,Taxi,false,2023-06-25T02:10:02+08:00
D02325,2024-10-02T03:40:15+08:00,Comfort,true,2024-10-02T03:45:15+08:00
D02326,2024-04-26T09:24:13+08:00,Taxi,true,2024-04-26T09:29:13+08:00
D02327,2024-08-16T20:11:28+08:00,Taxi,true,2024-08-16T20:16:28+08:00
D02328,2023-02-24T15:00:05+08:00,Taxi,false,2023-02-24T15:05:05+08:00
D02329,2024-10-05T19:58:11+08:00,Comfort,true,2024-10-05T20:03:11+08:00
D02330,2023-06-23T07:06:51+08:00,Taxi,true,2023-06-23T07:11:51+08:00
D02331,2023-09-07T20:23:05+08:00,Comfort,true,2023-09-07T20:28:05+08:00
D02332,2024-08-20T00:38:38+08:00,Taxi,true,2024-08-20T00:43:38+08:00
D02333,2024-07-31T11:18:52+08:00,Taxi,true,2024-07-31T11:23:52+08:00
D02334,2023-12-20T13:12:07+08:00,Comfort,false,2023-12-20T13:17:07+08:00
D02335,2023-06-03T10:37:45+08:00,Taxi,true,2023-06-03T10:42:45+08:00
D02336,2024-04-28T17:45:43+08:00,XL,true,2024-04-28T17:50:43+08:00
D02337,2023-10-18T22:10:05+08:00,Taxi,false,2023-10-18T22:15:05+08:00
D02338,2024-02-09T22:16:56+08:00,Taxi,true,2024-02-09T22:21:56+08:00
D02339,2023-03-25T09:00:53+08:00,Taxi,false,2023-03-25T09:05:53+08:00
D02340,2023-03-19T12:48:57+08:00,Taxi,true,2023-03-19T12:53:57+08:00
D02341,2024-11-04T23:21:35+08:00,Taxi,false,2024-11-04T23:26:35+08:00
D02342,2024-08-24T21:52:56+08:00,Taxi,true,2024-08-24T21:57:56+08:00
D02343,2024-12-01T16:03:48+08:00,Taxi,false,2024-12-01T16:08:48+08:00
D02344,2024-11-09T19:59:16+08:00,Taxi,false,2024-11-09T20:04:16+08:00
D02345,2024-06-29T19:36:19+08:00,Taxi,true,2024-06-29T19:41:19+08:00
D02346,2024-03-31T15:18:02+08:00,Taxi,false,2024-03-31T15:23:02+08:00
D02347,2024-05-09T03:27:25+08:00,Taxi,true,2024-05-09T03:32:25+08:00
D02348,2024-01-09T04:18:37+08:00,Taxi,false,2024-01-09T04:23:37+08:00
D02349,2024-03-22T03:02:06+08:00,Taxi,false,2024-03-22T03:07:06+08:00
D02350,2024-01-01T20:19:41+08:00,Taxi,false,2024-01-01T20:24:41+08:00
D02351,2024-09-03T21:47:38+08:00,XL,false,2024-09-03T21:52:38+08:00
D02352,2024-01-19T23:04:02+08:00,Taxi,true,2024-01-19T23:09:02+08:00
D02353,2024-07-11T19:55:45+08:00,Taxi,false,2024-07-11T20:00:45+08:00
D02354,2023-11-19T17:30:42+08:00,Taxi,true,2023-11-19T17:35:42+08:00
D02355,2023-03-31T09:20:30+08:00,Taxi,true,2023-03-31T09:25:30+08:00
D02356,2024-02-17T14:38:51+08:00,Taxi,true,2024-02-17T14:43:51+08:00
D02357,2023-12-17T19:39:29+08:00,Taxi,true,2023-12-17T19:44:29+08:00
D02358,2023-08-26T03:08:03+08:00,Taxi,true,2023-08-26T03:13:03+08:00
D02359,2023-05-26T12:15:02+08:00,Taxi,false,2023-05-26T12:20:02+08:00
D02360,2023-09-18T21:28:58+08:00,Comfort,true,2023-09-18T21:33:58+08:00
D02361,2023-03-11T03:59:26+08:00,Taxi,true,2023-03-11T04:04:26+08:00
D02362,2023-09-30T15:31:58+08:00,Taxi,false,2023-09-30T15:36:58+08:00
D02363,2024-01-13T02:03:54+08:00,Taxi,true,2024-01-13T02:08:54+08:00
D02364,2023-10-06T17:54:06+08:00,Taxi,true,2023-10-06T17:59:06+08:00
D02365,2023-03-27T01:29:59+08:00,Taxi,false,2023-03-27T01:34:59+08:00
D02366,2023-02-26T14:13:11+08:00,Taxi,true,2023-02-26T14:18:11+08:00
D02367,2023-04-20T15:57:38+08:00,Taxi,false,2023-04-20T16:02:38+08:00
D02368,2023-12-24T23:28:39+08:00,Taxi,true,2023-12-24T23:33:39+08:00
D02369,2023-05-21T20:48:07+08:00,Comfort,false,2023-05-21T20:53:07+08:00
D02370,2024-10-26T19:09:04+08:00,Taxi,true,2024-10-26T19:14:04+08:00
D02371,2024-10-24T18:53:06+08:00,Taxi,false,2024-10-24T18:58:06+08:00
D02372,2023-02-16T12:59:36+08:00,Taxi,true,2023-02-16T13:04:36+08:00
D02373,2023-07-18T17:05:57+08:00,Comfort,true,2023-07-18T17:10:57+08:00
D02374,2023-07-09T07:26:56+08:00,Taxi,true,2023-07-09T07:31:56+08:00
D02375,2023-11-27T12:01:15+08:00,Taxi,true,2023-11-27T12:06:15+08:00
D02376,2023-10-11T12:42:28+08:00,Taxi,true,2023-10-11T12:47:28+08:00
D02377,2024-10-09T18:31:24+08:00,Taxi,false,2024-10-09T18:36:24+08:00
D02378,2024-01-29T15:49:49+08:00,Taxi,true,2024-01-29T15:54:49+08:00
D02379,2024-06-27T03:20:51+08:00,Taxi,true,2024-06-27T03:25:51+08:00
D02380,2024-02-22T22:36:02+08:00,Comfort,true,2024-02-22T22:41:02+08:00
D02381,2024-06-03T15:37:56+08:00,Taxi,true,2024-06-03T15:42:56+08:00
D02382,2024-03-14T01:27:20+08:00,Taxi,true,2024-03-14T01:32:20+08:00
D02383,2023-11-14T07:14:44+08:00,Taxi,true,2023-11-14T07:19:44+08:00
D02384,2024-08-01T12:04:21+08:00,Comfort,true,2024-08-01T12:09:21+08:00
D02385,2024-04-11T05:27:09+08:00,Taxi,false,2024-04-11T05:32:09+08:00
D02386,2023-08-12T09:06:37+08:00,Taxi,false,2023-08-12T09:11:37+08:00
D02387,2024-03-19T13:01:27+08:00,Comfort,true,2024-03-19T13:06:27+08:00
D02388,2024-07-09T12:01:19+08:00,Taxi,true,2024-07-09T12:06:19+08:00
D02389,2024-05-11T00:31:31+08:00,Taxi,true,2024-05-11T00:36:31+08:00
D02390,2024-07-06T06:11:04+08:00,Taxi,true,2024-07-06T06:16:04+08:00
D02391,2023-10-22T11:50:35+08:00,Taxi,false,2023-10-22T11:55:35+08:00
D02392,2023-06-25T01:07:51+08:00,Taxi,false,2023-06-25T01:12:51+08:00
D02393,2023-06-20T11:00:46+08:00,Taxi,true,2023-06-20T11:05:46+08:00
D02394,2023-04-07T15:25:04+08:00,XL,true,2023-04-07T15:30:04+08:00
D02395,2023-06-27T20:34:16+08:00,Comfort,true,2023-06-27T20:39:16+08:00
D02396,2023-03-31T12:48:55+08:00,Comfort,true,2023-03-31T12:53:55+08:00
D02397,2024-01-26T02:56:20+08:00,Taxi,false,2024-01-26T03:01:20+08:00
D02398,2024-09-24T08:52:58+08:00,Comfort,true,2024-09-24T08:57:58+08:00
D02399,2023-08-29T16:52:58+08:00,Taxi,true,2023-08-29T16:57:58+08:00
D02400,2024-02-05T23:29:46+08:00,Taxi,true,2024-02-05T23:34:46+08:00
D02401,2023-07-11T05:53:56+08:00,Taxi,true,2023-07-11T05:58:56+08:00
D02402,2024-04-08T13:30:43+08:00,Comfort,true,2024-04-08T13:35:43+08:00
D02403,2023-10-25T06:29:31+08:00,Comfort,false,2023-10-25T06:34:31+08:00
D02404,2024-01-09T19:25:13+08:00,Taxi,true,2024-01-09T19:30:13+08:00
D02405,2023-10-07T21:56:48+08:00,Taxi,true,2023-10-07T22:01:48+08:00
D02406,2024-06-23T20:35:57+08:00,XL,true,2024-06-23T20:40:57+08:00
D02407,2023-10-28T08:30:36+08:00,Taxi,true,2023-10-28T08:35:36+08:00
D02408,2023-09-07T17:46:36+08:00,Taxi,true,2023-09-07T17:51:36+08:00
D02409,2023-10-19T16:14:45+08:00,Comfort,false,2023-10-19T16:19:45+08:00
D02410,2023-06-21T12:09:15+08:00,Taxi,false,2023-06-21T12:14:15+08:00
D02411,2023-04-23T18:05:52+08:00,Taxi,true,2023-04-23T18:10:52+08:00
D02412,2023-09-23T13:33:16+08:00,Comfort,true,2023-09-23T13:38:16+08:00
D02413,2023-08-06T03:08:05+08:00,Taxi,true,2023-08-06T03:13:05+08:00
D02414,2024-08-04T10:23:16+08:00,Comfort,true,2024-08-04T10:28:16+08:00
D02415,2024-08-28T18:46:30+08:00,Taxi,true,2024-08-28T18:51:30+08:00
D02416,2024-04-07T09:05:27+08:00,Taxi,true,2024-04-07T09:10:27+08:00
D02417,2024-05-04T13:23:30+08:00,Comfort,true,2024-05-04T13:28:30+08:00
D02418,2024-01-14T07:25:00+08:00,Taxi,false,2024-01-14T07:30:00+08:00
D02419,2023-04-23T16:02:30+08:00,Taxi,true,2023-04-23T16:07:30+08:00
D02420,2023-01-18T01:56:07+08:00,Comfort,true,2023-01-18T02:01:07+08:00
D02421,2023-07-16T19:31:06+08:00,Taxi,false,2023-07-16T19:36:06+08:00
D02422,2023-02-15T12:19:29+08:00,XL,false,2023-02-15T12:24:29+08:00
D02423,2023-07-13T21:57:51+08:00,Taxi,false,2023-07-13T22:02:51+08:00
D02424,2024-06-20T19:16:56+08:00,Taxi,true,2024-06-20T19:21:56+08:00
D02425,2023-10-20T11:23:26+08:00,Taxi,true,2023-10-20T11:28:26+08:00
D02426,2024-05-06T13:37:11+08:00,Taxi,true,2024-05-06T13:42:11+08:00
D02427,2023-09-21T13:33:57+08:00,Taxi,true,2023-09-21T13:38:57+08:00
D02428,2024-03-22T07:37:47+08:00,Taxi,true,2024-03-22T07:42:47+08:00
D02429,2024-01-20T15:57:06+08:00,Taxi,false,2024-01-20T16:02:06+08:00
D02430,2024-02-04T02:13:13+08:00,Taxi,true,2024-02-04T02:18:13+08:00
D02431,2024-07-15T22:47:50+08:00,Taxi,true,2024-07-15T22:52:50+08:00
D02432,2024-03-09T14:10:05+08:00,Taxi,true,2024-03-09T14:15:05+08:00
D02433,2024-02-02T08:32:16+08:00,Taxi,false,2024-02-02T08:37:16+08:00
D02434,2024-03-31T06:29:43+08:00,Comfort,false,2024-03-31T06:34:43+08:00
D02435,2023-03-06T03:10:27+08:00,Taxi,true,2023-03-06T03:15:27+08:00
D02436,2023-05-25T13:16:31+08:00,Comfort,true,2023-05-25T13:21:31+08:00
D02437,2023-03-03T05:21:56+08:00,Comfort,true,2023-03-03T05:26:56+08:00
D02438,2023-06-30T13:58:20+08:00,Taxi,false,2023-06-30T14:03:20+08:00
D02439,2024-09-17T03:42:16+08:00,Comfort,false,2024-09-17T03:47:16+08:00
D02440,2024-08-25T23:48:31+08:00,Taxi,true,2024-08-25T23:53:31+08:00
D02441,2024-06-23T03:39:30+08:00,Taxi,false,2024-06-23T03:44:30+08:00
D02442,2023-01-22T01:18:49+08:00,Taxi,false,2023-01-22T01:23:49+08:00
D02443,2023-06-15T12:54:25+08:00,Taxi,true,2023-06-15T12:59:25+08:00
D02444,2023-09-28T07:32:15+08:00,XL,true,2023-09-28T07:37:15+08:00
D02445,2023-04-09T14:42:57+08:00,Taxi,false,2023-04-09T14:47:57+08:00
D02446,2023-03-13T04:48:14+08:00,XL,true,2023-03-13T04:53:14+08:00
D02447,2023-04-02T00:48:59+08:00,Comfort,true,2023-04-02T00:53:59+08:00
D02448,2024-03-11T14:29:14+08:00,Taxi,true,2024-03-11T14:34:14+08:00
D02449,2023-04-21T16:12:57+08:00,Taxi,true,2023-04-21T16:17:57+08:00
D02450,2023-10-27T05:17:01+08:00,Comfort,true,2023-10-27T05:22:01+08:00
D02451,2023-06-20T09:59:05+08:00,Comfort,true,2023-06-20T10:04:05+08:00
D02452,2023-01-19T20:42:46+08:00,Taxi,true,2023-01-19T20:47:46+08:00
D02453,2023-02-17T17:29:21+08:00,Taxi,true,2023-02-17T17:34:21+08:00
D02454,2024-03-26T07:28:46+08:00,Taxi,false,2024-03-26T07:33:46+08:00
D02455,2023-01-17T20:02:35+08:00,Taxi,true,2023-01-17T20:07:35+08:00
D02456,2023-03-12T04:00:03+08:00,Taxi,true,2023-03-12T04:05:03+08:00
D02457,2024-04-06T02:26:07+08:00,Comfort,false,2024-04-06T02:31:07+08:00
D02458,2024-07-11T04:01:44+08:00,Comfort,true,2024-07-11T04:06:44+08:00
D02459,2024-07-03T06:51:50+08:00,Taxi,true,2024-07-03T06:56:50+08:00
D02460,2024-06-03T01:06:19+08:00,Taxi,true,2024-06-03T01:11:19+08:00
D02461,2024-08-31T10:44:59+08:00,Taxi,true,2024-08-31T10:49:59+08:00
D02462,2024-02-04T11:08:47+08:00,Taxi,true,2024-02-04T11:13:47+08:00
D02463,2024-06-21T16:48:34+08:00,Taxi,true,2024-06-21T16:53:34+08:00
D02464,2024-11-23T18:10:09+08:00,Taxi,false,2024-11-23T18:15:09+08:00
D02465,2024-02-11T15:17:56+08:00,Taxi,false,2024-02-11T15:22:56+08:00
D02466,2023-11-24T02:06:43+08:00,Taxi,true,2023-11-24T02:11:43+08:00
D02467,2023-07-19T16:19:45+08:00,Taxi,false,2023-07-19T16:24:45+08:00
D02468,2024-02-15T07:53:22+08:00,Taxi,true,2024-02-15T07:58:22+08:00
D02469,2023-02-17T05:04:44+08:00,Taxi,true,2023-02-17T05:09:44+08:00
D02470,2024-02-23T19:29:46+08:00,Taxi,true,2024-02-23T19:34:46+08:00
D02471,2023-05-26T18:12:20+08:00,Taxi,false,2023-05-26T18:17:20+08:00
D02472,2023-12-24T02:18:24+08:00,Taxi,true,2023-12-24T02:23:24+08:00
D02473,2024-04-27T00:17:37+08:00,Taxi,true,2024-04-27T00:22:37+08:00
D02474,2023-05-20T01:10:13+08:00,Comfort,true,2023-05-20T01:15:13+08:00
D02475,2024-11-15T08:17:06+08:00,XL,true,2024-11-15T08:22:06+08:00
D02476,2024-05-18T02:25:05+08:00,Taxi,true,2024-05-18T02:30:05+08:00
D02477,2024-05-01T07:47:56+08:00,Taxi,true,2024-05-01T07:52:56+08:00
D02478,2024-09-21T16:55:25+08:00,Taxi,false,2024-09-21T17:00:25+08:00
D02479,2023-09-15T02:25:31+08:00,Comfort,true,2023-09-15T02:30:31+08:00
D02480,2023-07-15T08:38:49+08:00,Taxi,true,2023-07-15T08:43:49+08:00
D02481,2024-05-16T18:07:18+08:00,Taxi,false,2024-05-16T18:12:18+08:00
D02482,2023-02-07T16:27:14+08:00,Taxi,true,2023-02-07T16:32:14+08:00
D02483,2023-07-19T23:57:45+08:00,Taxi,true,2023-07-20T00:02:45+08:00
D02484,2024-05-17T23:43:35+08:00,XL,true,2024-05-17T23:48:35+08:00
D02485,2023-09-16T00:53:41+08:00,Taxi,false,2023-09-16T00:58:41+08:00
D02486,2023-02-04T13:25:07+08:00,Comfort,false,2023-02-04T13:30:07+08:00
D02487,2023-11-10T23:55:21+08:00,Taxi,true,2023-11-11T00:00:21+08:00
D02488,2023-07-14T09:43:16+08:00,Taxi,true,2023-07-14T09:48:16+08:00
D02489,2023-09-15T07:54:49+08:00,Comfort,false,2023-09-15T07:59:49+08:00
D02490,2023-10-25T08:36:00+08:00,Comfort,true,2023-10-25T08:41:00+08:00
D02491,2023-01-13T19:31:23+08:00,Taxi,true,2023-01-13T19:36:23+08:00
D02492,2023-02-17T20:22:51+08:00,Taxi,false,2023-02-17T20:27:51+08:00
D02493,2023-06-15T23:33:13+08:00,Taxi,true,2023-06-15T23:38:13+08:00
D02494,2023-10-05T05:46:18+08:00,Comfort,true,2023-10-05T05:51:18+08:00
D02495,2023-04-21T16:37:55+08:00,Comfort,true,2023-04-21T16:42:55+08:00
D02496,2023-12-04T17:34:33+08:00,Taxi,true,2023-12-04T17:39:33+08:00
D02497,2024-08-18T06:09:18+08:00,Comfort,false,2024-08-18T06:14:18+08:00
D02498,2023-12-04T12:38:20+08:00,Taxi,true,2023-12-04T12:43:20+08:00
D02499,2024-07-15T00:08:10+08:00,Taxi,true,2024-07-15T00:13:10+08:00
D02500,2023-06-08T10:05:15+08:00,Taxi,false,2023-06-08T10:10:15+08:00
D02501,2023-07-25T04:36:35+08:00,Taxi,true,2023-07-25T04:41:35+08:00
D02502,2024-07-19T19:14:43+08:00,Taxi,true,2024-07-19T19:19:43+08:00
D02503,2023-09-04T08:21:32+08:00,Comfort,true,2023-09-04T08:26:32+08:00
D02504,2023-05-09T18:56:45+08:00,Comfort,true,2023-05-09T19:01:45+08:00
D02505,2023-11-12T22:16:00+08:00,Taxi,true,2023-11-12T22:21:00+08:00
D02506,2023-03-28T01:52:01+08:00,Taxi,false,2023-03-28T01:57:01+08:00
D02507,2024-04-13T05:32:29+08:00,Taxi,true,2024-04-13T05:37:29+08:00
D02508,2023-05-15T02:44:52+08:00,Taxi,true,2023-05-15T02:49:52+08:00
D02509,2023-12-12T14:44:05+08:00,Taxi,true,2023-12-12T14:49:05+08:00
D02510,2023-09-22T15:12:40+08:00,Taxi,false,2023-09-22T15:17:40+08:00
D02511,2023-12-31T21:07:59+08:00,Comfort,true,2023-12-31T21:12:59+08:00
D02512,2024-08-29T02:07:52+08:00,Taxi,true,2024-08-29T02:12:52+08:00
D02513,2023-12-08T07:32:38+08:00,Comfort,false,2023-12-08T07:37:38+08:00
D02514,2024-02-19T13:13:44+08:00,Taxi,false,2024-02-19T13:18:44+08:00
D02515,2024-11-03T06:31:00+08:00,Comfort,true,2024-11-03T06:36:00+08:00
D02516,2024-07-08T15:39:33+08:00,Taxi,true,2024-07-08T15:44:33+08:00
D02517,2023-09-21T07:35:10+08:00,Taxi,true,2023-09-21T07:40:10+08:00
D02518,2024-09-18T21:46:12+08:00,Taxi,true,2024-09-18T21:51:12+08:00
D02519,2023-08-10T05:20:23+08:00,Taxi,true,2023-08-10T05:25:23+08:00
D02520,2024-03-22T08:36:05+08:00,Taxi,true,2024-03-22T08:41:05+08:00
D02521,2024-11-23T04:27:59+08:00,Comfort,false,2024-11-23T04:32:59+08:00
D02522,2023-06-13T08:35:38+08:00,Taxi,true,2023-06-13T08:40:38+08:00
D02523,2023-06-07T10:02:55+08:00,Comfort,false,2023-06-07T10:07:55+08:00
D02524,2024-11-22T12:49:22+08:00,Taxi,false,2024-11-22T12:54:22+08:00
D02525,2024-05-02T15:32:10+08:00,Taxi,true,2024-05-02T15:37:10+08:00
D02526,2023-10-02T00:48:59+08:00,XL,true,2023-10-02T00:53:59+08:00
D02527,2023-07-16T15:43:15+08:00,Taxi,false,2023-07-16T15:48:15+08:00
D02528,2023-09-13T02:24:55+08:00,Taxi,true,2023-09-13T02:29:55+08:00
D02529,2023-01-29T19:29:57+08:00,Taxi,false,2023-01-29T19:34:57+08:00
D02530,2023-01-25T04:45:34+08:00,Taxi,true,2023-01-25T04:50:34+08:00
D02531,2024-09-14T11:27:18+08:00,Comfort,false,2024-09-14T11:32:18+08:00
D02532,2023-09-19T14:27:00+08:00,Taxi,true,2023-09-19T14:32:00+08:00
D02533,2023-11-27T12:50:25+08:00,Taxi,false,2023-11-27T12:55:25+08:00
D02534,2023-11-18T17:02:35+08:00,Comfort,true,2023-11-18T17:07:35+08:00
D02535,2023-05-28T09:13:31+08:00,Taxi,false,2023-05-28T09:18:31+08:00
D02536,2024-10-02T07:18:56+08:00,Taxi,true,2024-10-02T07:23:56+08:00
D02537,2023-12-20T10:09:00+08:00,Taxi,true,2023-12-20T10:14:00+08:00
D02538,2024-06-10T09:26:12+08:00,Taxi,false,2024-06-10T09:31:12+08:00
D02539,2024-06-07T15:14:19+08:00,Taxi,true,2024-06-07T15:19:19+08:00
D02540,2023-08-27T04:50:57+08:00,Taxi,true,2023-08-27T04:55:57+08:00
D02541,2023-11-27T05:03:10+08:00,Taxi,false,2023-11-27T05:08:10+08:00
D02542,2023-03-14T22:49:44+08:00,Taxi,true,2023-03-14T22:54:44+08:00
D02543,2023-08-30T07:30:04+08:00,Taxi,true,2023-08-30T07:35:04+08:00
D02544,2023-02-08T11:27:16+08:00,Taxi,true,2023-02-08T11:32:16+08:00
D02545,2023-02-03T11:11:26+08:00,Taxi,true,2023-02-03T11:16:26+08:00
D02546,2024-02-01T13:29:48+08:00,Taxi,false,2024-02-01T13:34:48+08:00
D02547,2024-01-20T00:58:04+08:00,Taxi,true,2024-01-20T01:03:04+08:00
D02548,2024-06-28T22:52:39+08:00,Taxi,true,2024-06-28T22:57:39+08:00
D02549,2024-11-23T04:28:24+08:00,XL,true,2024-11-23T04:33:24+08:00
D02550,2024-07-13T10:09:54+08:00,Taxi,false,2024-07-13T10:14:54+08:00
D02551,2023-11-29T21:52:51+08:00,Taxi,false,2023-11-29T21:57:51+08:00
D02552,2023-05-19T07:24:28+08:00,Taxi,true,2023-05-19T07:29:28+08:00
D02553,2024-10-20T22:18:01+08:00,Taxi,true,2024-10-20T22:23:01+08:00
D02554,2024-04-25T18:12:35+08:00,Taxi,true,2024-04-25T18:17:35+08:00
D02555,2023-12-03T23:13:02+08:00,Taxi,true,2023-12-03T23:18:02+08:00
D02556,2024-08-03T16:27:23+08:00,Taxi,true,2024-08-03T16:32:23+08:00
D02557,2023-06-08T14:27:31+08:00,Comfort,true,2023-06-08T14:32:31+08:00
D02558,2023-08-22T07:49:38+08:00,Taxi,false,2023-08-22T07:54:38+08:00
D02559,2024-09-10T13:56:04+08:00,Taxi,true,2024-09-10T14:01:04+08:00
D02560,2023-01-28T12:39:18+08:00,Taxi,false,2023-01-28T12:44:18+08:00
D02561,2023-03-23T09:25:11+08:00,Taxi,false,2023-03-23T09:30:11+08:00
D02562,2024-03-30T08:43:08+08:00,Taxi,true,2024-03-30T08:48:08+08:00
D02563,2023-04-14T03:37:28+08:00,Taxi,true,2023-04-14T03:42:28+08:00
D02564,2024-05-04T04:16:41+08:00,Comfort,true,2024-05-04T04:21:41+08:00
D02565,2024-11-27T08:32:16+08:00,Taxi,true,2024-11-27T08:37:16+08:00
D02566,2024-07-23T05:49:33+08:00,Taxi,true,2024-07-23T05:54:33+08:00
D02567,2023-03-29T12:09:17+08:00,Taxi,false,2023-03-29T12:14:17+08:00
D02568,2024-03-10T06:57:37+08:00,Comfort,false,2024-03-10T07:02:37+08:00
D02569,2023-07-04T16:04:14+08:00,XL,true,2023-07-04T16:09:14+08:00
D02570,2023-12-18T05:58:27+08:00,Taxi,true,2023-12-18T06:03:27+08:00
D02571,2023-07-03T12:09:39+08:00,Comfort,false,2023-07-03T12:14:39+08:00
D02572,2023-10-03T05:09:45+08:00,Comfort,true,2023-10-03T05:14:45+08:00
D02573,2023-12-12T04:37:24+08:00,Taxi,false,2023-12-12T04:42:24+08:00
D02574,2024-03-09T23:09:04+08:00,Taxi,true,2024-03-09T23:14:04+08:00
D02575,2023-04-27T21:43:58+08:00,Comfort,true,2023-04-27T21:48:58+08:00
D02576,2023-10-30T05:31:58+08:00,Comfort,false,2023-10-30T05:36:58+08:00
D02577,2024-06-01T08:04:29+08:00,Comfort,false,2024-06-01T08:09:29+08:00
D02578,2024-04-05T15:21:26+08:00,Comfort,true,2024-04-05T15:26:26+08:00
D02579,2024-03-14T16:06:17+08:00,Taxi,false,2024-03-14T16:11:17+08:00
D02580,2024-10-23T10:34:48+08:00,Taxi,true,2024-10-23T10:39:48+08:00
D02581,2024-07-25T11:36:38+08:00,Taxi,true,2024-07-25T11:41:38+08:00
D02582,2024-08-12T18:47:31+08:00,Comfort,true,2024-08-12T18:52:31+08:00
D02583,2023-09-26T01:31:30+08:00,Taxi,true,2023-09-26T01:36:30+08:00
D02584,2023-05-13T20:17:25+08:00,Taxi,false,2023-05-13T20:22:25+08:00
D02585,2023-07-12T16:42:05+08:00,XL,false,2023-07-12T16:47:05+08:00
D02586,2024-09-03T03:17:04+08:00,Comfort,true,2024-09-03T03:22:04+08:00
D02587,2024-04-01T14:40:06+08:00,Taxi,true,2024-04-01T14:45:06+08:00
D02588,2023-02-07T13:09:49+08:00,Comfort,true,2023-02-07T13:14:49+08:00
D02589,2023-03-28T19:08:46+08:00,Taxi,true,2023-03-28T19:13:46+08:00
D02590,2023-08-19T11:08:30+08:00,Taxi,false,2023-08-19T11:13:30+08:00
D02591,2024-06-12T02:47:57+08:00,Taxi,false,2024-06-12T02:52:57+08:00
D02592,2024-05-03T16:54:57+08:00,Taxi,true,2024-05-03T16:59:57+08:00
D02593,2024-08-26T05:43:08+08:00,Comfort,false,2024-08-26T05:48:08+08:00
D02594,2024-04-18T02:01:28+08:00,Taxi,true,2024-04-18T02:06:28+08:00
D02595,2023-08-13T19:15:45+08:00,Taxi,true,2023-08-13T19:20:45+08:00
D02596,2024-11-24T10:31:56+08:00,Taxi,true,2024-11-24T10:36:56+08:00
D02597,2023-09-06T19:27:23+08:00,XL,true,2023-09-06T19:32:23+08:00
D02598,2023-04-20T18:51:24+08:00,Taxi,true,2023-04-20T18:56:24+08:00
D02599,2023-06-16T03:58:36+08:00,Comfort,false,2023-06-16T04:03:36+08:00
D02600,2024-01-17T17:53:53+08:00,Taxi,true,2024-01-17T17:58:53+08:00
D02601,2024-09-13T08:47:18+08:00,XL,false,2024-09-13T08:52:18+08:00
D02602,2024-08-03T16:00:51+08:00,Taxi,true,2024-08-03T16:05:51+08:00
D02603,2024-07-03T20:55:04+08:00,Taxi,true,2024-07-03T21:00:04+08:00
D02604,2023-05-12T07:38:06+08:00,Taxi,true,2023-05-12T07:43:06+08:00
D02605,2023-10-27T02:14:47+08:00,Taxi,true,2023-10-27T02:19:47+08:00
D02606,2024-01-28T08:06:57+08:00,Taxi,false,2024-01-28T08:11:57+08:00
D02607,2024-02-12T22:17:54+08:00,Taxi,true,2024-02-12T22:22:54+08:00
D02608,2024-10-31T18:52:13+08:00,Taxi,true,2024-10-31T18:57:13+08:00
D02609,2023-03-16T08:24:15+08:00,Taxi,true,2023-03-16T08:29:15+08:00
D02610,2023-08-29T01:06:34+08:00,Taxi,true,2023-08-29T01:11:34+08:00
D02611,2024-01-15T23:20:22+08:00,Taxi,true,2024-01-15T23:25:22+08:00
D02612,2024-09-13T00:20:18+08:00,Taxi,true,2024-09-13T00:25:18+08:00
D02613,2024-10-25T00:38:19+08:00,Taxi,true,2024-10-25T00:43:19+08:00
D02614,2024-06-18T16:26:50+08:00,Taxi,true,2024-06-18T16:31:50+08:00
D02615,2024-06-14T21:22:43+08:00,Taxi,false,2024-06-14T21:27:43+08:00
D02616,2023-12-08T11:44:07+08:00,Comfort,false,2023-12-08T11:49:07+08:00
D02617,2023-03-19T08:26:22+08:00,Taxi,false,2023-03-19T08:31:22+08:00
D02618,2024-02-27T00:28:50+08:00,Taxi,true,2024-02-27T00:33:50+08:00
D02619,2023-08-22T01:18:27+08:00,Taxi,true,2023-08-22T01:23:27+08:00
D02620,2024-08-24T09:43:17+08:00,Taxi,false,2024-08-24T09:48:17+08:00
D02621,2023-08-01T22:48:34+08:00,Comfort,true,2023-08-01T22:53:34+08:00
D02622,2023-05-02T06:26:09+08:00,Taxi,true,2023-05-02T06:31:09+08:00
D02623,2024-04-22T00:18:04+08:00,Taxi,true,2024-04-22T00:23:04+08:00
D02624,2024-07-08T03:14:34+08:00,Taxi,true,2024-07-08T03:19:34+08:00
D02625,2023-09-23T17:59:27+08:00,Taxi,false,2023-09-23T18:04:27+08:00
D02626,2024-08-24T06:09:51+08:00,Comfort,true,2024-08-24T06:14:51+08:00
D02627,2024-06-16T03:03:03+08:00,Taxi,true,2024-06-16T03:08:03+08:00
D02628,2024-09-19T19:27:54+08:00,Taxi,false,2024-09-19T19:32:54+08:00
D02629,2023-01-23T06:26:57+08:00,Taxi,true,2023-01-23T06:31:57+08:00
D02630,2023-08-09T14:32:22+08:00,Taxi,false,2023-08-09T14:37:22+08:00
D02631,2023-04-06T01:35:54+08:00,Taxi,false,2023-04-06T01:40:54+08:00
D02632,2024-10-30T12:47:00+08:00,Taxi,true,2024-10-30T12:52:00+08:00
D02633,2024-02-23T12:22:41+08:00,Taxi,false,2024-02-23T12:27:41+08:00
D02634,2024-09-22T19:06:13+08:00,Taxi,true,2024-09-22T19:11:13+08:00
D02635,2024-08-22T03:19:06+08:00,Taxi,false,2024-08-22T03:24:06+08:00
D02636,2024-08-15T11:21:58+08:00,Comfort,true,2024-08-15T11:26:58+08:00
D02637,2024-04-19T04:51:57+08:00,Taxi,false,2024-04-19T04:56:57+08:00
D02638,2024-01-19T11:34:30+08:00,Taxi,false,2024-01-19T11:39:30+08:00
D02639,2023-11-16T07:01:23+08:00,Taxi,true,2023-11-16T07:06:23+08:00
D02640,2023-02-02T01:34:51+08:00,Taxi,false,2023-02-02T01:39:51+08:00
D02641,2023-06-04T14:25:07+08:00,Taxi,true,2023-06-04T14:30:07+08:00
D02642,2024-09-04T09:35:22+08:00,Taxi,true,2024-09-04T09:40:22+08:00
D02643,2024-04-02T04:54:39+08:00,Taxi,true,2024-04-02T04:59:39+08:00
D02644,2024-05-11T22:17:50+08:00,Taxi,false,2024-05-11T22:22:50+08:00
D02645,2023-03-31T03:44:16+08:00,Taxi,true,2023-03-31T03:49:16+08:00
D02646,2023-11-25T15:39:12+08:00,Taxi,false,2023-11-25T15:44:12+08:00
D02647,2023-02-23T13:05:09+08:00,Taxi,false,2023-02-23T13:10:09+08:00
D02648,2023-08-13T12:24:06+08:00,Taxi,false,2023-08-13T12:29:06+08:00
D02649,2024-03-25T02:04:05+08:00,Taxi,false,2024-03-25T02:09:05+08:00
D02650,2024-09-21T22:13:46+08:00,Taxi,false,2024-09-21T22:18:46+08:00
D02651,2024-03-15T17:22:50+08:00,Taxi,true,2024-03-15T17:27:50+08:00
D02652,2024-07-19T13:22:15+08:00,Taxi,true,2024-07-19T13:27:15+08:00
D02653,2023-07-16T00:26:02+08:00,Taxi,true,2023-07-16T00:31:02+08:00
D02654,2023-11-14T22:31:28+08:00,Taxi,true,2023-11-14T22:36:28+08:00
D02655,2023-05-30T20:15:22+08:00,Comfort,false,2023-05-30T20:20:22+08:00
D02656,2023-04-08T21:26:38+08:00,Taxi,true,2023-04-08T21:31:38+08:00
D02657,2024-02-26T07:13:49+08:00,Taxi,true,2024-02-26T07:18:49+08:00
D02658,2024-05-05T11:28:41+08:00,Comfort,false,2024-05-05T11:33:41+08:00
D02659,2023-08-06T06:55:58+08:00,Comfort,false,2023-08-06T07:00:58+08:00
D02660,2024-07-19T13:35:22+08:00,Taxi,true,2024-07-19T13:40:22+08:00
D02661,2023-12-07T12:05:49+08:00,Taxi,true,2023-12-07T12:10:49+08:00
D02662,2023-03-21T10:07:00+08:00,Taxi,true,2023-03-21T10:12:00+08:00
D02663,2023-10-07T13:32:02+08:00,Comfort,true,2023-10-07T13:37:02+08:00
D02664,2024-06-11T07:43:18+08:00,Taxi,true,2024-06-11T07:48:18+08:00
D02665,2024-06-08T01:02:46+08:00,Taxi,true,2024-06-08T01:07:46+08:00
D02666,2024-01-22T03:40:17+08:00,Taxi,true,2024-01-22T03:45:17+08:00
D02667,2023-05-13T07:19:25+08:00,Taxi,false,2023-05-13T07:24:25+08:00
D02668,2024-10-14T13:53:28+08:00,Comfort,false,2024-10-14T13:58:28+08:00
D02669,2023-12-31T05:33:50+08:00,Taxi,false,2023-12-31T05:38:50+08:00
D02670,2024-10-21T05:04:08+08:00,XL,false,2024-10-21T05:09:08+08:00
D02671,2024-06-10T05:14:33+08:00,Taxi,false,2024-06-10T05:19:33+08:00
D02672,2023-03-10T15:59:29+08:00,Taxi,true,2023-03-10T16:04:29+08:00
D02673,2024-04-28T02:06:57+08:00,Comfort,true,2024-04-28T02:11:57+08:00
D02674,2023-07-09T17:54:29+08:00,Taxi,false,2023-07-09T17:59:29+08:00
D02675,2023-02-12T16:47:09+08:00,Taxi,false,2023-02-12T16:52:09+08:00
D02676,2023-02-16T15:45:54+08:00,Taxi,false,2023-02-16T15:50:54+08:00
D02677,2024-06-05T05:31:44+08:00,Taxi,true,2024-06-05T05:36:44+08:00
D02678,2024-10-27T17:12:40+08:00,Taxi,true,2024-10-27T17:17:40+08:00
D02679,2023-09-05T11:54:03+08:00,Taxi,true,2023-09-05T11:59:03+08:00
D02680,2024-12-01T08:44:25+08:00,Taxi,false,2024-12-01T08:49:25+08:00
D02681,2023-03-23T06:30:28+08:00,Taxi,true,2023-03-23T06:35:28+08:00
D02682,2024-05-04T19:57:12+08:00,Taxi,true,2024-05-04T20:02:12+08:00
D02683,2023-05-28T04:25:12+08:00,Comfort,false,2023-05-28T04:30:12+08:00
D02684,2024-09-08T15:20:40+08:00,Comfort,true,2024-09-08T15:25:40+08:00
D02685,2023-03-24T13:30:27+08:00,Taxi,false,2023-03-24T13:35:27+08:00
D02686,2023-09-10T06:44:14+08:00,Comfort,true,2023-09-10T06:49:14+08:00
D02687,2023-09-09T04:51:37+08:00,Taxi,false,2023-09-09T04:56:37+08:00
D02688,2024-03-16T18:08:08+08:00,Taxi,true,2024-03-16T18:13:08+08:00
D02689,2024-02-23T02:37:46+08:00,Taxi,true,2024-02-23T02:42:46+08:00
D02690,2023-05-27T10:36:12+08:00,XL,true,2023-05-27T10:41:12+08:00
D02691,2024-02-02T08:12:03+08:00,Taxi,false,2024-02-02T08:17:03+08:00
D02692,2024-07-14T20:47:06+08:00,Comfort,false,2024-07-14T20:52:06+08:00
D02693,2024-07-16T00:20:37+08:00,Taxi,false,2024-07-16T00:25:37+08:00
D02694,2024-11-12T01:27:52+08:00,Comfort,true,2024-11-12T01:32:52+08:00
D02695,2024-02-26T12:57:45+08:00,Taxi,true,2024-02-26T13:02:45+08:00
D02696,2023-04-26T02:37:47+08:00,Taxi,true,2023-04-26T02:42:47+08:00
D02697,2024-07-14T18:19:48+08:00,Taxi,true,2024-07-14T18:24:48+08:00
D02698,2023-08-22T09:14:05+08:00,Taxi,true,2023-08-22T09:19:05+08:00
D02699,2024-04-24T03:46:53+08:00,Taxi,false,2024-04-24T03:51:53+08:00
D02700,2023-01-31T18:33:07+08:00,Taxi,true,2023-01-31T18:38:07+08:00
D02701,2024-08-26T02:00:49+08:00,Comfort,true,2024-08-26T02:05:49+08:00
D02702,2023-02-04T06:40:11+08:00,Taxi,false,2023-02-04T06:45:11+08:00
D02703,2023-01-19T19:15:18+08:00,Comfort,true,2023-01-19T19:20:18+08:00
D02704,2023-10-13T21:24:53+08:00,Taxi,true,2023-10-13T21:29:53+08:00
D02705,2023-01-20T00:43:15+08:00,Taxi,false,2023-01-20T00:48:15+08:00
D02706,2024-06-05T23:17:35+08:00,Comfort,true,2024-06-05T23:22:35+08:00
D02707,2023-07-25T23:41:16+08:00,Taxi,false,2023-07-25T23:46:16+08:00
D02708,2024-09-27T01:10:06+08:00,Taxi,false,2024-09-27T01:15:06+08:00
D02709,2024-10-03T19:56:13+08:00,Comfort,true,2024-10-03T20:01:13+08:00
D02710,2023-04-09T06:21:43+08:00,Comfort,true,2023-04-09T06:26:43+08:00
D02711,2023-12-02T11:43:51+08:00,Taxi,true,2023-12-02T11:48:51+08:00
D02712,2023-04-02T04:00:14+08:00,Comfort,true,2023-04-02T04:05:14+08:00
D02713,2023-05-14T08:14:16+08:00,Taxi,true,2023-05-14T08:19:16+08:00
D02714,2023-10-18T20:21:40+08:00,Taxi,true,2023-10-18T20:26:40+08:00
D02715,2023-03-25T14:46:20+08:00,Comfort,true,2023-03-25T14:51:20+08:00
D02716,2023-10-08T09:38:40+08:00,Taxi,true,2023-10-08T09:43:40+08:00
D02717,2024-07-05T14:24:08+08:00,Taxi,true,2024-07-05T14:29:08+08:00
D02718,2024-08-23T00:20:19+08:00,Taxi,true,2024-08-23T00:25:19+08:00
D02719,2024-03-12T19:09:16+08:00,Taxi,true,2024-03-12T19:14:16+08:00
D02720,2023-01-16T12:49:10+08:00,Taxi,true,2023-01-16T12:54:10+08:00
D02721,2024-06-02T11:48:35+08:00,Taxi,false,2024-06-02T11:53:35+08:00
D02722,2024-04-19T18:53:45+08:00,Taxi,true,2024-04-19T18:58:45+08:00
D02723,2024-03-30T15:09:42+08:00,Taxi,true,2024-03-30T15:14:42+08:00
D02724,2024-09-23T10:32:21+08:00,Taxi,true,2024-09-23T10:37:21+08:00
D02725,2023-03-04T02:40:51+08:00,Taxi,true,2023-03-04T02:45:51+08:00
D02726,2023-06-14T17:29:38+08:00,Taxi,false,2023-06-14T17:34:38+08:00
D02727,2024-01-04T15:31:38+08:00,XL,true,2024-01-04T15:36:38+08:00
D02728,2024-03-10T15:36:46+08:00,Comfort,true,2024-03-10T15:41:46+08:00
D02729,2024-05-20T17:54:42+08:00,Taxi,true,2024-05-20T17:59:42+08:00
D02730,2023-11-13T11:45:34+08:00,Taxi,false,2023-11-13T11:50:34+08:00
D02731,2023-10-28T13:03:17+08:00,Comfort,true,2023-10-28T13:08:17+08:00
D02732,2023-08-13T01:33:29+08:00,Taxi,true,2023-08-13T01:38:29+08:00
D02733,2024-02-06T14:09:22+08:00,Taxi,false,2024-02-06T14:14:22+08:00
D02734,2024-10-22T01:21:28+08:00,Taxi,true,2024-10-22T01:26:28+08:00
D02735,2023-02-22T13:38:31+08:00,Taxi,true,2023-02-22T13:43:31+08:00
D02736,2023-02-17T15:02:20+08:00,Taxi,true,2023-02-17T15:07:20+08:00
D02737,2024-03-20T16:56:22+08:00,Taxi,false,2024-03-20T17:01:22+08:00
D02738,2023-06-28T08:47:07+08:00,Taxi,true,2023-06-28T08:52:07+08:00
D02739,2023-10-19T13:00:18+08:00,Taxi,true,2023-10-19T13:05:18+08:00
D02740,2023-06-02T21:17:47+08:00,Taxi,false,2023-06-02T21:22:47+08:00
D02741,2023-05-08T23:27:30+08:00,Comfort,false,2023-05-08T23:32:30+08:00
D02742,2024-05-11T17:41:45+08:00,XL,false,2024-05-11T17:46:45+08:00
D02743,2024-01-30T21:15:25+08:00,Taxi,false,2024-01-30T21:20:25+08:00
D02744,2024-09-13T00:16:11+08:00,Comfort,false,2024-09-13T00:21:11+08:00
D02745,2023-11-28T04:53:42+08:00,Taxi,true,2023-11-28T04:58:42+08:00
D02746,2024-08-04T23:47:13+08:00,Taxi,false,2024-08-04T23:52:13+08:00
D02747,2023-06-05T07:08:28+08:00,Taxi,true,2023-06-05T07:13:28+08:00
D02748,2024-05-13T03:31:34+08:00,Taxi,true,2024-05-13T03:36:34+08:00
D02749,2023-03-13T23:00:27+08:00,Taxi,false,2023-03-13T23:05:27+08:00
D02750,2023-06-23T05:32:51+08:00,Taxi,false,2023-06-23T05:37:51+08:00
D02751,2023-02-27T07:44:07+08:00,Taxi,true,2023-02-27T07:49:07+08:00
D02752,2023-09-20T13:30:38+08:00,Taxi,false,2023-09-20T13:35:38+08:00
D02753,2024-05-08T21:10:10+08:00,Taxi,true,2024-05-08T21:15:10+08:00
D02754,2024-09-06T06:47:19+08:00,Taxi,false,2024-09-06T06:52:19+08:00
D02755,2024-05-24T10:55:56+08:00,Taxi,true,2024-05-24T11:00:56+08:00
D02756,2024-08-24T08:42:48+08:00,Comfort,true,2024-08-24T08:47:48+08:00
D02757,2023-12-03T04:55:06+08:00,Taxi,true,2023-12-03T05:00:06+08:00
D02758,2024-09-11T15:49:33+08:00,Taxi,true,2024-09-11T15:54:33+08:00
D02759,2024-05-11T11:40:02+08:00,Taxi,true,2024-05-11T11:45:02+08:00
D02760,2023-02-05T17:25:24+08:00,Comfort,true,2023-02-05T17:30:24+08:00
D02761,2023-03-26T12:11:26+08:00,Taxi,true,2023-03-26T12:16:26+08:00
D02762,2024-10-06T16:48:17+08:00,Taxi,true,2024-10-06T16:53:17+08:00
D02763,2024-02-18T09:42:34+08:00,Taxi,true,2024-02-18T09:47:34+08:00
D02764,2023-03-27T04:35:32+08:00,Taxi,true,2023-03-27T04:40:32+08:00
D02765,2023-05-21T19:28:13+08:00,Comfort,true,2023-05-21T19:33:13+08:00
D02766,2024-01-30T16:49:18+08:00,Taxi,true,2024-01-30T16:54:18+08:00
D02767,2023-11-13T12:56:54+08:00,Taxi,false,2023-11-13T13:01:54+08:00
D02768,2023-09-12T12:25:59+08:00,Taxi,true,2023-09-12T12:30:59+08:00
D02769,2023-01-12T21:14:43+08:00,Taxi,true,2023-01-12T21:19:43+08:00
D02770,2024-05-02T05:24:01+08:00,Taxi,true,2024-05-02T05:29:01+08:00
D02771,2024-01-22T15:02:54+08:00,Taxi,false,2024-01-22T15:07:54+08:00
D02772,2023-12-18T07:19:48+08:00,Taxi,false,2023-12-18T07:24:48+08:00
D02773,2023-04-17T06:23:51+08:00,Taxi,true,2023-04-17T06:28:51+08:00
D02774,2024-07-31T22:22:33+08:00,Taxi,true,2024-07-31T22:27:33+08:00
D02775,2024-06-07T16:57:38+08:00,Taxi,true,2024-06-07T17:02:38+08:00
D02776,2023-02-15T03:08:31+08:00,Taxi,true,2023-02-15T03:13:31+08:00
D02777,2024-06-28T17:33:28+08:00,Taxi,true,2024-06-28T17:38:28+08:00
D02778,2023-12-31T00:23:39+08:00,Taxi,false,2023-12-31T00:28:39+08:00
D02779,2024-06-30T21:50:29+08:00,Taxi,true,2024-06-30T21:55:29+08:00
D02780,2023-11-18T13:20:19+08:00,Taxi,true,2023-11-18T13:25:19+08:00
D02781,2024-01-16T02:04:02+08:00,Taxi,false,2024-01-16T02:09:02+08:00
D02782,2023-06-15T02:01:23+08:00,Taxi,true,2023-06-15T02:06:23+08:00
D02783,2024-09-05T11:19:52+08:00,Taxi,true,2024-09-05T11:24:52+08:00
D02784,2024-07-02T22:43:35+08:00,Taxi,true,2024-07-02T22:48:35+08:00
D02785,2024-07-22T22:15:20+08:00,Taxi,true,2024-07-22T22:20:20+08:00
D02786,2023-06-19T06:25:02+08:00,Taxi,true,2023-06-19T06:30:02+08:00
D02787,2023-10-24T18:13:06+08:00,Taxi,false,2023-10-24T18:18:06+08:00
D02788,2024-02-17T14:11:00+08:00,Taxi,false,2024-02-17T14:16:00+08:00
D02789,2024-01-09T11:45:38+08:00,Taxi,false,2024-01-09T11:50:38+08:00
D02790,2024-10-10T23:31:02+08:00,Taxi,true,2024-10-10T23:36:02+08:00
D02791,2023-05-06T02:12:38+08:00,Taxi,true,2023-05-06T02:17:38+08:00
D02792,2024-11-05T19:22:42+08:00,Taxi,true,2024-11-05T19:27:42+08:00
D02793,2023-10-21T19:26:44+08:00,Taxi,false,2023-10-21T19:31:44+08:00
D02794,2024-11-29T16:05:10+08:00,Taxi,false,2024-11-29T16:10:10+08:00
D02795,2023-02-18T18:18:19+08:00,Taxi,true,2023-02-18T18:23:19+08:00
D02796,2023-04-05T13:17:07+08:00,Taxi,true,2023-04-05T13:22:07+08:00
D02797,2024-09-08T22:21:33+08:00,Taxi,false,2024-09-08T22:26:33+08:00
D02798,2024-02-24T04:02:48+08:00,Taxi,true,2024-02-24T04:07:48+08:00
D02799,2023-06-18T10:08:32+08:00,XL,false,2023-06-18T10:13:32+08:00
D02800,2024-04-08T07:04:51+08:00,XL,false,2024-04-08T07:09:51+08:00
D02801,2024-01-14T15:49:57+08:00,Taxi,false,2024-01-14T15:54:57+08:00
D02802,2023-10-24T08:20:45+08:00,Comfort,false,2023-10-24T08:25:45+08:00
D02803,2023-04-22T21:12:28+08:00,Comfort,true,2023-04-22T21:17:28+08:00
D02804,2023-09-23T22:10:50+08:00,Taxi,true,2023-09-23T22:15:50+08:00
D02805,2023-11-28T21:13:39+08:00,Taxi,true,2023-11-28T21:18:39+08:00
D02806,2023-04-02T03:56:38+08:00,XL,true,2023-04-02T04:01:38+08:00
D02807,2024-09-26T08:20:31+08:00,Taxi,true,2024-09-26T08:25:31+08:00
D02808,2023-09-07T10:01:40+08:00,Comfort,true,2023-09-07T10:06:40+08:00
D02809,2023-12-28T23:58:37+08:00,Taxi,false,2023-12-29T00:03:37+08:00
D02810,2023-10-12T15:34:03+08:00,Taxi,true,2023-10-12T15:39:03+08:00
D02811,2024-02-17T19:25:47+08:00,Taxi,true,2024-02-17T19:30:47+08:00
D02812,2023-07-03T14:15:48+08:00,Taxi,true,2023-07-03T14:20:48+08:00
D02813,2024-03-21T07:32:25+08:00,Taxi,false,2024-03-21T07:37:25+08:00
D02814,2024-10-18T05:29:49+08:00,Comfort,true,2024-10-18T05:34:49+08:00
D02815,2024-05-06T04:10:16+08:00,Taxi,true,2024-05-06T04:15:16+08:00
D02816,2024-05-12T16:03:52+08:00,Taxi,true,2024-05-12T16:08:52+08:00
D02817,2023-11-11T21:58:33+08:00,XL,true,2023-11-11T22:03:33+08:00
D02818,2024-06-30T12:53:12+08:00,Taxi,true,2024-06-30T12:58:12+08:00
D02819,2023-02-24T00:28:25+08:00,Comfort,false,2023-02-24T00:33:25+08:00
D02820,2024-07-02T02:40:59+08:00,Taxi,false,2024-07-02T02:45:59+08:00
D02821,2024-07-27T01:26:50+08:00,Taxi,true,2024-07-27T01:31:50+08:00
D02822,2024-10-04T03:33:16+08:00,Taxi,true,2024-10-04T03:38:16+08:00
D02823,2024-02-15T19:10:31+08:00,Taxi,true,2024-02-15T19:15:31+08:00
D02824,2024-01-19T09:12:42+08:00,Taxi,true,2024-01-19T09:17:42+08:00
D02825,2024-11-26T04:50:47+08:00,Comfort,false,2024-11-26T04:55:47+08:00
D02826,2024-06-16T03:18:13+08:00,Taxi,true,2024-06-16T03:23:13+08:00
D02827,2024-04-19T18:54:32+08:00,Taxi,true,2024-04-19T18:59:32+08:00
D02828,2023-03-18T05:20:36+08:00,Taxi,true,2023-03-18T05:25:36+08:00
D02829,2023-04-29T05:15:56+08:00,Taxi,false,2023-04-29T05:20:56+08:00
D02830,2023-04-19T12:30:30+08:00,Comfort,false,2023-04-19T12:35:30+08:00
D02831,2024-03-13T05:53:39+08:00,Comfort,true,2024-03-13T05:58:39+08:00
D02832,2023-05-08T05:48:11+08:00,Comfort,true,2023-05-08T05:53:11+08:00
D02833,2023-12-26T23:10:07+08:00,Taxi,true,2023-12-26T23:15:07+08:00
D02834,2023-05-25T03:18:00+08:00,Taxi,false,2023-05-25T03:23:00+08:00
D02835,2024-04-08T02:34:27+08:00,Taxi,true,2024-04-08T02:39:27+08:00
D02836,2024-01-16T03:19:31+08:00,Taxi,true,2024-01-16T03:24:31+08:00
D02837,2023-02-17T14:33:37+08:00,Comfort,false,2023-02-17T14:38:37+08:00
D02838,2024-06-22T01:17:15+08:00,Comfort,true,2024-06-22T01:22:15+08:00
D02839,2024-04-15T04:11:44+08:00,Taxi,true,2024-04-15T04:16:44+08:00
D02840,2024-09-25T19:36:18+08:00,Taxi,true,2024-09-25T19:41:18+08:00
D02841,2023-06-17T23:45:20+08:00,Taxi,true,2023-06-17T23:50:20+08:00
D02842,2023-10-18T11:31:19+08:00,Taxi,false,2023-10-18T11:36:19+08:00
D02843,2023-01-22T13:08:25+08:00,Taxi,true,2023-01-22T13:13:25+08:00
D02844,2023-11-27T13:21:11+08:00,Taxi,true,2023-11-27T13:26:11+08:00
D02845,2024-10-14T10:18:36+08:00,Taxi,true,2024-10-14T10:23:36+08:00
D02846,2024-11-17T20:48:46+08:00,Taxi,true,2024-11-17T20:53:46+08:00
D02847,2023-12-06T22:12:03+08:00,Taxi,false,2023-12-06T22:17:03+08:00
D02848,2023-03-25T05:35:15+08:00,Taxi,true,2023-03-25T05:40:15+08:00
D02849,2023-10-11T15:28:35+08:00,Taxi,true,2023-10-11T15:33:35+08:00
D02850,2023-09-19T01:58:19+08:00,Taxi,true,2023-09-19T02:03:19+08:00
D02851,2024-03-26T02:39:51+08:00,Taxi,true,2024-03-26T02:44:51+08:00
D02852,2024-09-06T09:22:57+08:00,Comfort,true,2024-09-06T09:27:57+08:00
D02853,2023-01-21T13:38:44+08:00,Taxi,false,2023-01-21T13:43:44+08:00
D02854,2024-09-23T22:25:21+08:00,Taxi,true,2024-09-23T22:30:21+08:00
D02855,2023-01-25T05:12:52+08:00,Taxi,true,2023-01-25T05:17:52+08:00
D02856,2024-04-15T09:33:38+08:00,Taxi,true,2024-04-15T09:38:38+08:00
D02857,2023-01-31T00:51:33+08:00,Comfort,true,2023-01-31T00:56:33+08:00
D02858,2024-10-18T08:22:13+08:00,Taxi,true,2024-10-18T08:27:13+08:00
D02859,2023-05-28T10:22:09+08:00,Comfort,true,2023-05-28T10:27:09+08:00
D02860,2023-09-25T15:42:13+08:00,Taxi,true,2023-09-25T15:47:13+08:00
D02861,2023-08-31T07:42:32+08:00,Taxi,true,2023-08-31T07:47:32+08:00
D02862,2024-05-05T16:57:05+08:00,Taxi,true,2024-05-05T17:02:05+08:00
D02863,2024-03-10T00:27:08+08:00,Taxi,false,2024-03-10T00:32:08+08:00
D02864,2024-07-22T20:50:52+08:00,Comfort,false,2024-07-22T20:55:52+08:00
D02865,2024-10-26T11:24:00+08:00,Comfort,true,2024-10-26T11:29:00+08:00
D02866,2024-03-08T03:07:56+08:00,Taxi,false,2024-03-08T03:12:56+08:00
D02867,2023-08-18T04:41:07+08:00,Taxi,true,2023-08-18T04:46:07+08:00
D02868,2024-05-15T09:42:32+08:00,Taxi,true,2024-05-15T09:47:32+08:00
D02869,2024-04-14T10:40:33+08:00,Taxi,true,2024-04-14T10:45:33+08:00
D02870,2023-06-07T21:31:29+08:00,Taxi,false,2023-06-07T21:36:29+08:00
D02871,2023-08-15T02:03:11+08:00,Taxi,true,2023-08-15T02:08:11+08:00
D02872,2024-03-12T08:40:21+08:00,Taxi,true,2024-03-12T08:45:21+08:00
D02873,2023-06-10T03:19:18+08:00,Taxi,false,2023-06-10T03:24:18+08:00
D02874,2024-04-21T19:39:27+08:00,Comfort,true,2024-04-21T19:44:27+08:00
D02875,2023-09-25T18:25:18+08:00,Taxi,true,2023-09-25T18:30:18+08:00
D02876,2024-11-04T17:06:37+08:00,Taxi,true,2024-11-04T17:11:37+08:00
D02877,2023-10-07T12:25:03+08:00,Taxi,true,2023-10-07T12:30:03+08:00
D02878,2023-03-25T23:32:39+08:00,Taxi,true,2023-03-25T23:37:39+08:00
D02879,2024-03-17T16:00:35+08:00,Taxi,true,2024-03-17T16:05:35+08:00
D02880,2023-03-11T17:37:04+08:00,Taxi,true,2023-03-11T17:42:04+08:00
D02881,2023-03-18T11:12:06+08:00,Taxi,false,2023-03-18T11:17:06+08:00
D02882,2023-12-19T10:23:36+08:00,Taxi,false,2023-12-19T10:28:36+08:00
D02883,2024-06-22T10:54:41+08:00,Taxi,true,2024-06-22T10:59:41+08:00
D02884,2024-02-06T03:55:19+08:00,Taxi,false,2024-02-06T04:00:19+08:00
D02885,2024-09-08T18:27:46+08:00,Taxi,true,2024-09-08T18:32:46+08:00
D02886,2024-07-11T16:47:23+08:00,Taxi,true,2024-07-11T16:52:23+08:00
D02887,2023-08-25T01:33:40+08:00,Taxi,true,2023-08-25T01:38:40+08:00
D02888,2023-01-23T16:44:34+08:00,Taxi,false,2023-01-23T16:49:34+08:00
D02889,2024-11-09T05:03:41+08:00,Taxi,false,2024-11-09T05:08:41+08:00
D02890,2024-10-28T05:45:41+08:00,Taxi,false,2024-10-28T05:50:41+08:00
D02891,2023-06-25T05:59:23+08:00,Taxi,true,2023-06-25T06:04:23+08:00
D02892,2024-01-31T04:12:09+08:00,Taxi,true,2024-01-31T04:17:09+08:00
D02893,2024-04-12T15:16:12+08:00,Taxi,true,2024-04-12T15:21:12+08:00
D02894,2024-09-22T09:33:49+08:00,Comfort,true,2024-09-22T09:38:49+08:00
D02895,2024-10-10T19:11:04+08:00,Taxi,true,2024-10-10T19:16:04+08:00
D02896,2024-07-11T11:58:15+08:00,Taxi,true,2024-07-11T12:03:15+08:00
D02897,2023-02-22T23:20:00+08:00,Comfort,true,2023-02-22T23:25:00+08:00
D02898,2023-10-08T07:42:26+08:00,Taxi,false,2023-10-08T07:47:26+08:00
D02899,2024-02-20T03:22:11+08:00,Taxi,true,2024-02-20T03:27:11+08:00
D02900,2023-09-12T06:14:03+08:00,Taxi,true,2023-09-12T06:19:03+08:00
D02901,2024-05-12T07:39:22+08:00,Comfort,false,2024-05-12T07:44:22+08:00
D02902,2024-10-20T13:42:28+08:00,Taxi,true,2024-10-20T13:47:28+08:00
D02903,2023-06-20T00:54:12+08:00,Taxi,false,2023-06-20T00:59:12+08:00
D02904,2023-07-27T22:01:41+08:00,Taxi,true,2023-07-27T22:06:41+08:00
D02905,2024-01-26T07:39:12+08:00,Taxi,false,2024-01-26T07:44:12+08:00
D02906,2023-03-12T08:44:30+08:00,Taxi,true,2023-03-12T08:49:30+08:00
D02907,2024-05-11T06:49:44+08:00,XL,true,2024-05-11T06:54:44+08:00
D02908,2024-05-01T18:34:56+08:00,Comfort,true,2024-05-01T18:39:56+08:00
D02909,2024-04-20T07:18:08+08:00,XL,true,2024-04-20T07:23:08+08:00
D02910,2024-08-29T11:51:51+08:00,Taxi,true,2024-08-29T11:56:51+08:00
D02911,2024-11-01T07:14:03+08:00,Comfort,true,2024-11-01T07:19:03+08:00
D02912,2023-02-22T16:42:20+08:00,Taxi,false,2023-02-22T16:47:20+08:00
D02913,2023-10-18T18:05:01+08:00,Taxi,true,2023-10-18T18:10:01+08:00
D02914,2024-02-03T01:38:13+08:00,Taxi,true,2024-02-03T01:43:13+08:00
D02915,2023-11-26T07:50:38+08:00,Taxi,true,2023-11-26T07:55:38+08:00
D02916,2023-06-14T20:08:43+08:00,Taxi,true,2023-06-14T20:13:43+08:00
D02917,2024-05-31T13:27:06+08:00,Taxi,false,2024-05-31T13:32:06+08:00
D02918,2023-06-03T10:01:54+08:00,XL,true,2023-06-03T10:06:54+08:00
D02919,2024-05-04T08:00:04+08:00,Comfort,false,2024-05-04T08:05:04+08:00
D02920,2023-11-21T18:06:16+08:00,Taxi,true,2023-11-21T18:11:16+08:00
D02921,2023-03-06T12:12:36+08:00,Comfort,false,2023-03-06T12:17:36+08:00
D02922,2024-05-05T04:25:59+08:00,Taxi,true,2024-05-05T04:30:59+08:00
D02923,2023-07-20T03:43:33+08:00,Taxi,false,2023-07-20T03:48:33+08:00
D02924,2023-07-09T22:24:53+08:00,Taxi,true,2023-07-09T22:29:53+08:00
D02925,2023-11-20T13:29:41+08:00,Taxi,false,2023-11-20T13:34:41+08:00
D02926,2024-02-14T00:41:32+08:00,Taxi,true,2024-02-14T00:46:32+08:00
D02927,2023-10-11T01:45:34+08:00,Comfort,true,2023-10-11T01:50:34+08:00
D02928,2024-08-07T17:07:39+08:00,Taxi,true,2024-08-07T17:12:39+08:00
D02929,2024-10-30T00:37:17+08:00,Taxi,true,2024-10-30T00:42:17+08:00
D02930,2023-01-25T21:53:06+08:00,Taxi,true,2023-01-25T21:58:06+08:00
D02931,2024-04-28T14:26:34+08:00,Comfort,true,2024-04-28T14:31:34+08:00
D02932,2024-07-15T10:53:06+08:00,Taxi,true,2024-07-15T10:58:06+08:00
D02933,2024-07-03T07:06:25+08:00,Taxi,false,2024-07-03T07:11:25+08:00
D02934,2023-11-15T08:03:26+08:00,Taxi,true,2023-11-15T08:08:26+08:00
D02935,2023-02-13T01:55:08+08:00,XL,false,2023-02-13T02:00:08+08:00
D02936,2023-04-14T18:41:18+08:00,Taxi,true,2023-04-14T18:46:18+08:00
D02937,2023-12-02T03:35:40+08:00,Taxi,true,2023-12-02T03:40:40+08:00
D02938,2023-09-26T16:02:58+08:00,Taxi,true,2023-09-26T16:07:58+08:00
D02939,2024-06-18T00:37:10+08:00,Taxi,true,2024-06-18T00:42:10+08:00
D02940,2023-05-24T11:52:47+08:00,Taxi,true,2023-05-24T11:57:47+08:00
D02941,2023-12-30T01:36:57+08:00,Taxi,true,2023-12-30T01:41:57+08:00
D02942,2024-04-30T06:26:05+08:00,Taxi,false,2024-04-30T06:31:05+08:00
D02943,2024-09-14T10:18:17+08:00,Taxi,true,2024-09-14T10:23:17+08:00
D02944,2024-11-09T20:32:23+08:00,Taxi,false,2024-11-09T20:37:23+08:00
D02945,2024-02-18T15:54:27+08:00,Taxi,false,2024-02-18T15:59:27+08:00
D02946,2024-06-05T19:16:46+08:00,Comfort,true,2024-06-05T19:21:46+08:00
D02947,2024-04-01T21:23:38+08:00,Comfort,true,2024-04-01T21:28:38+08:00
D02948,2024-08-30T06:58:00+08:00,Taxi,true,2024-08-30T07:03:00+08:00
D02949,2023-01-22T00:54:28+08:00,Taxi,true,2023-01-22T00:59:28+08:00
D02950,2024-08-27T06:45:22+08:00,Taxi,true,2024-08-27T06:50:22+08:00
D02951,2023-07-15T05:44:47+08:00,Taxi,true,2023-07-15T05:49:47+08:00
D02952,2023-08-24T05:48:19+08:00,Comfort,false,2023-08-24T05:53:19+08:00
D02953,2023-11-12T07:39:35+08:00,Taxi,false,2023-11-12T07:44:35+08:00
D02954,2024-06-21T17:38:50+08:00,Taxi,true,2024-06-21T17:43:50+08:00
D02955,2024-05-19T18:43:22+08:00,Taxi,false,2024-05-19T18:48:22+08:00
D02956,2023-11-17T13:42:12+08:00,Taxi,true,2023-11-17T13:47:12+08:00
D02957,2023-03-07T13:26:44+08:00,Taxi,true,2023-03-07T13:31:44+08:00
D02958,2023-03-14T08:39:13+08:00,Taxi,true,2023-03-14T08:44:13+08:00
D02959,2024-08-26T17:03:24+08:00,Taxi,false,2024-08-26T17:08:24+08:00
D02960,2023-11-19T14:19:15+08:00,Taxi,true,2023-11-19T14:24:15+08:00
D02961,2024-09-01T16:10:40+08:00,Taxi,false,2024-09-01T16:15:40+08:00
D02962,2023-10-29T05:48:10+08:00,Comfort,true,2023-10-29T05:53:10+08:00
D02963,2023-06-24T11:00:27+08:00,Taxi,true,2023-06-24T11:05:27+08:00
D02964,2023-12-24T11:03:37+08:00,Taxi,true,2023-12-24T11:08:37+08:00
D02965,2024-06-15T09:47:10+08:00,XL,true,2024-06-15T09:52:10+08:00
D02966,2024-06-09T04:13:51+08:00,Taxi,true,2024-06-09T04:18:51+08:00
D02967,2024-08-05T18:45:48+08:00,Comfort,false,2024-08-05T18:50:48+08:00
D02968,2023-11-01T00:52:35+08:00,Taxi,true,2023-11-01T00:57:35+08:00
D02969,2023-12-05T10:07:21+08:00,Taxi,false,2023-12-05T10:12:21+08:00
D02970,2024-04-16T10:24:58+08:00,Taxi,true,2024-04-16T10:29:58+08:00
D02971,2023-08-04T01:03:11+08:00,Taxi,true,2023-08-04T01:08:11+08:00
D02972,2023-11-21T11:12:43+08:00,Taxi,true,2023-11-21T11:17:43+08:00
D02973,2024-06-05T07:25:00+08:00,Taxi,true,2024-06-05T07:30:00+08:00
D02974,2024-07-25T18:30:24+08:00,Taxi,true,2024-07-25T18:35:24+08:00
D02975,2023-10-24T20:17:42+08:00,Taxi,true,2023-10-24T20:22:42+08:00
D02976,2024-03-11T17:15:30+08:00,Taxi,true,2024-03-11T17:20:30+08:00
D02977,2023-05-03T06:36:02+08:00,Comfort,true,2023-05-03T06:41:02+08:00
D02978,2024-07-17T12:59:09+08:00,Taxi,true,2024-07-17T13:04:09+08:00
D02979,2023-10-24T18:33:24+08:00,Taxi,true,2023-10-24T18:38:24+08:00
D02980,2023-08-04T13:09:24+08:00,Taxi,true,2023-08-04T13:14:24+08:00
D02981,2024-01-04T03:12:21+08:00,XL,true,2024-01-04T03:17:21+08:00
D02982,2023-04-01T11:20:10+08:00,Taxi,true,2023-04-01T11:25:10+08:00
D02983,2024-10-29T17:02:28+08:00,Taxi,true,2024-10-29T17:07:28+08:00
D02984,2023-05-29T01:19:25+08:00,Taxi,false,2023-05-29T01:24:25+08:00
D02985,2024-10-25T05:28:37+08:00,Comfort,true,2024-10-25T05:33:37+08:00
D02986,2023-12-27T21:28:47+08:00,Taxi,true,2023-12-27T21:33:47+08:00
D02987,2023-08-10T01:24:44+08:00,Taxi,false,2023-08-10T01:29:44+08:00
D02988,2023-05-21T04:35:33+08:00,Comfort,true,2023-05-21T04:40:33+08:00
D02989,2024-07-01T05:00:39+08:00,Comfort,false,2024-07-01T05:05:39+08:00
D02990,2024-10-12T10:20:43+08:00,Taxi,true,2024-10-12T10:25:43+08:00
D02991,2024-11-03T11:57:19+08:00,Taxi,false,2024-11-03T12:02:19+08:00
D02992,2024-10-28T09:08:45+08:00,Taxi,true,2024-10-28T09:13:45+08:00
D02993,2024-01-05T07:05:17+08:00,Taxi,true,2024-01-05T07:10:17+08:00
D02994,2023-10-04T15:00:31+08:00,Comfort,false,2023-10-04T15:05:31+08:00
D02995,2023-05-24T02:09:38+08:00,Taxi,true,2023-05-24T02:14:38+08:00
D02996,2024-02-13T02:14:44+08:00,Taxi,true,2024-02-13T02:19:44+08:00
D02997,2024-08-10T04:55:39+08:00,Taxi,false,2024-08-10T05:00:39+08:00
D02998,2024-04-15T09:09:16+08:00,Taxi,true,2024-04-15T09:14:16+08:00
D02999,2024-08-07T17:20:23+08:00,XL,true,2024-08-07T17:25:23+08:00
D03000,2023-11-11T10:50:51+08:00,Comfort,true,2023-11-11T10:55:51+08:00
