snapshot_hour,service_zone,available_drivers,requests,completed_trips,ingested_at
2025-08-04T00:00:00+08:00,TPE_AIRPORT,105,107,85,2025-08-04T00:05:00+08:00
2025-08-04T00:00:00+08:00,TAIPEI_MAIN,142,99,71,2025-08-04T00:05:00+08:00
2025-08-04T00:00:00+08:00,XIMENDING,177,102,86,2025-08-04T00:05:00+08:00
2025-08-04T00:00:00+08:00,TAIPEI_101,146,130,113,2025-08-04T00:05:00+08:00
2025-08-04T01:00:00+08:00,TPE_AIRPORT,118,92,80,2025-08-04T01:05:00+08:00
2025-08-04T01:00:00+08:00,TAIPEI_MAIN,153,71,61,2025-08-04T01:05:00+08:00
2025-08-04T01:00:00+08:00,XIMENDING,135,97,76,2025-08-04T01:05:00+08:00
2025-08-04T01:00:00+08:00,TAIPEI_101,159,119,103,2025-08-04T01:05:00+08:00
2025-08-04T02:00:00+08:00,TPE_AIRPORT,145,59,45,2025-08-04T02:05:00+08:00
2025-08-04T02:00:00+08:00,TAIPEI_MAIN,158,98,84,2025-08-04T02:05:00+08:00
2025-08-04T02:00:00+08:00,XIMENDING,162,127,94,2025-08-04T02:05:00+08:00
2025-08-04T02:00:00+08:00,TAIPEI_101,174,76,61,2025-08-04T02:05:00+08:00
2025-08-04T03:00:00+08:00,TPE_AIRPORT,113,104,81,2025-08-04T03:05:00+08:00
2025-08-04T03:00:00+08:00,TAIPEI_MAIN,196,156,133,2025-08-04T03:05:00+08:00
2025-08-04T03:00:00+08:00,XIMENDING,131,99,76,2025-08-04T03:05:00+08:00
2025-08-04T03:00:00+08:00,TAIPEI_101,169,95,84,2025-08-04T03:05:00+08:00
2025-08-04T04:00:00+08:00,TPE_AIRPORT,101,104,75,2025-08-04T04:05:00+08:00
2025-08-04T04:00:00+08:00,TAIPEI_MAIN,167,172,126,2025-08-04T04:05:00+08:00
2025-08-04T04:00:00+08:00,XIMENDING,150,139,112,2025-08-04T04:05:00+08:00
2025-08-04T04:00:00+08:00,TAIPEI_101,145,119,99,2025-08-04T04:05:00+08:00
2025-08-04T05:00:00+08:00,TPE_AIRPORT,57,117,101,2025-08-04T05:05:00+08:00
2025-08-04T05:00:00+08:00,TAIPEI_MAIN,88,205,149,2025-08-04T05:05:00+08:00
2025-08-04T05:00:00+08:00,XIMENDING,131,174,150,2025-08-04T05:05:00+08:00
2025-08-04T05:00:00+08:00,TAIPEI_101,123,195,164,2025-08-04T05:05:00+08:00
2025-08-04T06:00:00+08:00,TPE_AIRPORT,87,122,91,2025-08-04T06:05:00+08:00
2025-08-04T06:00:00+08:00,TAIPEI_MAIN,157,191,164,2025-08-04T06:05:00+08:00
2025-08-04T06:00:00+08:00,XIMENDING,138,183,136,2025-08-04T06:05:00+08:00
2025-08-04T06:00:00+08:00,TAIPEI_101,174,219,183,2025-08-04T06:05:00+08:00
2025-08-04T07:00:00+08:00,TPE_AIRPORT,91,127,114,2025-08-04T07:05:00+08:00
2025-08-04T07:00:00+08:00,TAIPEI_MAIN,109,235,187,2025-08-04T07:05:00+08:00
2025-08-04T07:00:00+08:00,XIMENDING,112,188,157,2025-08-04T07:05:00+08:00
2025-08-04T07:00:00+08:00,TAIPEI_101,116,176,137,2025-08-04T07:05:00+08:00
2025-08-04T08:00:00+08:00,TPE_AIRPORT,103,127,100,2025-08-04T08:05:00+08:00
2025-08-04T08:00:00+08:00,TAIPEI_MAIN,118,155,133,2025-08-04T08:05:00+08:00
2025-08-04T08:00:00+08:00,XIMENDING,146,191,162,2025-08-04T08:05:00+08:00
2025-08-04T08:00:00+08:00,TAIPEI_101,160,197,170,2025-08-04T08:05:00+08:00
2025-08-04T09:00:00+08:00,TPE_AIRPORT,120,89,64,2025-08-04T09:05:00+08:00
2025-08-04T09:00:00+08:00,TAIPEI_MAIN,159,113,96,2025-08-04T09:05:00+08:00
2025-08-04T09:00:00+08:00,XIMENDING,191,90,69,2025-08-04T09:05:00+08:00
2025-08-04T09:00:00+08:00,TAIPEI_101,167,133,101,2025-08-04T09:05:00+08:00
2025-08-04T10:00:00+08:00,TPE_AIRPORT,135,120,94,2025-08-04T10:05:00+08:00
2025-08-04T10:00:00+08:00,TAIPEI_MAIN,146,110,91,2025-08-04T10:05:00+08:00
2025-08-04T10:00:00+08:00,XIMENDING,157,105,78,2025-08-04T10:05:00+08:00
2025-08-04T10:00:00+08:00,TAIPEI_101,151,147,118,2025-08-04T10:05:00+08:00
2025-08-04T11:00:00+08:00,TPE_AIRPORT,136,78,67,2025-08-04T11:05:00+08:00
2025-08-04T11:00:00+08:00,TAIPEI_MAIN,161,79,57,2025-08-04T11:05:00+08:00
2025-08-04T11:00:00+08:00,XIMENDING,155,148,109,2025-08-04T11:05:00+08:00
2025-08-04T11:00:00+08:00,TAIPEI_101,182,80,71,2025-08-04T11:05:00+08:00
2025-08-04T12:00:00+08:00,TPE_AIRPORT,77,119,107,2025-08-04T12:05:00+08:00
2025-08-04T12:00:00+08:00,TAIPEI_MAIN,201,132,107,2025-08-04T12:05:00+08:00
2025-08-04T12:00:00+08:00,XIMENDING,185,106,84,2025-08-04T12:05:00+08:00
2025-08-04T12:00:00+08:00,TAIPEI_101,164,80,63,2025-08-04T12:05:00+08:00
2025-08-04T13:00:00+08:00,TPE_AIRPORT,95,46,35,2025-08-04T13:05:00+08:00
2025-08-04T13:00:00+08:00,TAIPEI_MAIN,128,121,87,2025-08-04T13:05:00+08:00
2025-08-04T13:00:00+08:00,XIMENDING,155,150,130,2025-08-04T13:05:00+08:00
2025-08-04T13:00:00+08:00,TAIPEI_101,209,113,99,2025-08-04T13:05:00+08:00
2025-08-04T14:00:00+08:00,TPE_AIRPORT,133,82,63,2025-08-04T14:05:00+08:00
2025-08-04T14:00:00+08:00,TAIPEI_MAIN,177,128,98,2025-08-04T14:05:00+08:00
2025-08-04T14:00:00+08:00,XIMENDING,182,130,101,2025-08-04T14:05:00+08:00
2025-08-04T14:00:00+08:00,TAIPEI_101,179,122,92,2025-08-04T14:05:00+08:00
2025-08-04T15:00:00+08:00,TPE_AIRPORT,84,87,66,2025-08-04T15:05:00+08:00
2025-08-04T15:00:00+08:00,TAIPEI_MAIN,171,92,73,2025-08-04T15:05:00+08:00
2025-08-04T15:00:00+08:00,XIMENDING,139,89,78,2025-08-04T15:05:00+08:00
2025-08-04T15:00:00+08:00,TAIPEI_101,184,89,75,2025-08-04T15:05:00+08:00
2025-08-04T16:00:00+08:00,TPE_AIRPORT,120,36,30,2025-08-04T16:05:00+08:00
2025-08-04T16:00:00+08:00,TAIPEI_MAIN,169,128,93,2025-08-04T16:05:00+08:00
2025-08-04T16:00:00+08:00,XIMENDING,170,99,74,2025-08-04T16:05:00+08:00
2025-08-04T16:00:00+08:00,TAIPEI_101,180,120,101,2025-08-04T16:05:00+08:00
2025-08-04T17:00:00+08:00,TPE_AIRPORT,116,91,70,2025-08-04T17:05:00+08:00
2025-08-04T17:00:00+08:00,TAIPEI_MAIN,159,75,57,2025-08-04T17:05:00+08:00
2025-08-04T17:00:00+08:00,XIMENDING,163,111,80,2025-08-04T17:05:00+08:00
2025-08-04T17:00:00+08:00,TAIPEI_101,132,143,116,2025-08-04T17:05:00+08:00
2025-08-04T18:00:00+08:00,TPE_AIRPORT,135,67,59,2025-08-04T18:05:00+08:00
2025-08-04T18:00:00+08:00,TAIPEI_MAIN,141,91,76,2025-08-04T18:05:00+08:00
2025-08-04T18:00:00+08:00,XIMENDING,147,84,72,2025-08-04T18:05:00+08:00
2025-08-04T18:00:00+08:00,TAIPEI_101,132,109,89,2025-08-04T18:05:00+08:00
2025-08-04T19:00:00+08:00,TPE_AIRPORT,94,35,26,2025-08-04T19:05:00+08:00
2025-08-04T19:00:00+08:00,TAIPEI_MAIN,155,67,56,2025-08-04T19:05:00+08:00
2025-08-04T19:00:00+08:00,XIMENDING,157,142,111,2025-08-04T19:05:00+08:00
2025-08-04T19:00:00+08:00,TAIPEI_101,178,163,133,2025-08-04T19:05:00+08:00
2025-08-04T20:00:00+08:00,TPE_AIRPORT,87,153,133,2025-08-04T20:05:00+08:00
2025-08-04T20:00:00+08:00,TAIPEI_MAIN,139,170,145,2025-08-04T20:05:00+08:00
2025-08-04T20:00:00+08:00,XIMENDING,123,227,197,2025-08-04T20:05:00+08:00
2025-08-04T20:00:00+08:00,TAIPEI_101,136,177,149,2025-08-04T20:05:00+08:00
2025-08-04T21:00:00+08:00,TPE_AIRPORT,90,110,80,2025-08-04T21:05:00+08:00
2025-08-04T21:00:00+08:00,TAIPEI_MAIN,139,184,162,2025-08-04T21:05:00+08:00
2025-08-04T21:00:00+08:00,XIMENDING,163,230,198,2025-08-04T21:05:00+08:00
2025-08-04T21:00:00+08:00,TAIPEI_101,150,184,140,2025-08-04T21:05:00+08:00
2025-08-04T22:00:00+08:00,TPE_AIRPORT,97,116,97,2025-08-04T22:05:00+08:00
2025-08-04T22:00:00+08:00,TAIPEI_MAIN,110,199,176,2025-08-04T22:05:00+08:00
2025-08-04T22:00:00+08:00,XIMENDING,143,174,127,2025-08-04T22:05:00+08:00
2025-08-04T22:00:00+08:00,TAIPEI_101,152,159,136,2025-08-04T22:05:00+08:00
2025-08-04T23:00:00+08:00,TPE_AIRPORT,67,88,67,2025-08-04T23:05:00+08:00
2025-08-04T23:00:00+08:00,TAIPEI_MAIN,118,158,139,2025-08-04T23:05:00+08:00
2025-08-04T23:00:00+08:00,XIMENDING,133,191,154,2025-08-04T23:05:00+08:00
2025-08-04T23:00:00+08:00,TAIPEI_101,120,142,113,2025-08-04T23:05:00+08:00
2025-08-05T00:00:00+08:00,TPE_AIRPORT,116,49,41,2025-08-05T00:05:00+08:00
2025-08-05T00:00:00+08:00,TAIPEI_MAIN,161,123,98,2025-08-05T00:05:00+08:00
2025-08-05T00:00:00+08:00,XIMENDING,182,140,107,2025-08-05T00:05:00+08:00
2025-08-05T00:00:00+08:00,TAIPEI_101,178,150,129,2025-08-05T00:05:00+08:00
2025-08-05T01:00:00+08:00,TPE_AIRPORT,129,83,73,2025-08-05T01:05:00+08:00
2025-08-05T01:00:00+08:00,TAIPEI_MAIN,158,70,60,2025-08-05T01:05:00+08:00
2025-08-05T01:00:00+08:00,XIMENDING,177,127,94,2025-08-05T01:05:00+08:00
2025-08-05T01:00:00+08:00,TAIPEI_101,161,123,108,2025-08-05T01:05:00+08:00
2025-08-05T02:00:00+08:00,TPE_AIRPORT,110,47,38,2025-08-05T02:05:00+08:00
2025-08-05T02:00:00+08:00,TAIPEI_MAIN,177,135,102,2025-08-05T02:05:00+08:00
2025-08-05T02:00:00+08:00,XIMENDING,178,124,95,2025-08-05T02:05:00+08:00
2025-08-05T02:00:00+08:00,TAIPEI_101,192,121,97,2025-08-05T02:05:00+08:00
2025-08-05T03:00:00+08:00,TPE_AIRPORT,136,54,38,2025-08-05T03:05:00+08:00
2025-08-05T03:00:00+08:00,TAIPEI_MAIN,170,140,125,2025-08-05T03:05:00+08:00
2025-08-05T03:00:00+08:00,XIMENDING,178,113,96,2025-08-05T03:05:00+08:00
2025-08-05T03:00:00+08:00,TAIPEI_101,149,95,72,2025-08-05T03:05:00+08:00
2025-08-05T04:00:00+08:00,TPE_AIRPORT,130,57,45,2025-08-05T04:05:00+08:00
2025-08-05T04:00:00+08:00,TAIPEI_MAIN,140,95,71,2025-08-05T04:05:00+08:00
2025-08-05T04:00:00+08:00,XIMENDING,181,114,85,2025-08-05T04:05:00+08:00
2025-08-05T04:00:00+08:00,TAIPEI_101,152,113,92,2025-08-05T04:05:00+08:00
2025-08-05T05:00:00+08:00,TPE_AIRPORT,86,160,127,2025-08-05T05:05:00+08:00
2025-08-05T05:00:00+08:00,TAIPEI_MAIN,128,163,118,2025-08-05T05:05:00+08:00
2025-08-05T05:00:00+08:00,XIMENDING,149,214,170,2025-08-05T05:05:00+08:00
2025-08-05T05:00:00+08:00,TAIPEI_101,118,153,127,2025-08-05T05:05:00+08:00
2025-08-05T06:00:00+08:00,TPE_AIRPORT,84,165,140,2025-08-05T06:05:00+08:00
2025-08-05T06:00:00+08:00,TAIPEI_MAIN,135,138,111,2025-08-05T06:05:00+08:00
2025-08-05T06:00:00+08:00,XIMENDING,132,197,149,2025-08-05T06:05:00+08:00
2025-08-05T06:00:00+08:00,TAIPEI_101,142,176,137,2025-08-05T06:05:00+08:00
2025-08-05T07:00:00+08:00,TPE_AIRPORT,71,154,120,2025-08-05T07:05:00+08:00
2025-08-05T07:00:00+08:00,TAIPEI_MAIN,136,181,160,2025-08-05T07:05:00+08:00
2025-08-05T07:00:00+08:00,XIMENDING,124,154,134,2025-08-05T07:05:00+08:00
2025-08-05T07:00:00+08:00,TAIPEI_101,152,216,168,2025-08-05T07:05:00+08:00
2025-08-05T08:00:00+08:00,TPE_AIRPORT,76,79,65,2025-08-05T08:05:00+08:00
2025-08-05T08:00:00+08:00,TAIPEI_MAIN,116,189,153,2025-08-05T08:05:00+08:00
2025-08-05T08:00:00+08:00,XIMENDING,146,170,143,2025-08-05T08:05:00+08:00
2025-08-05T08:00:00+08:00,TAIPEI_101,102,174,132,2025-08-05T08:05:00+08:00
2025-08-05T09:00:00+08:00,TPE_AIRPORT,113,62,54,2025-08-05T09:05:00+08:00
2025-08-05T09:00:00+08:00,TAIPEI_MAIN,142,104,77,2025-08-05T09:05:00+08:00
2025-08-05T09:00:00+08:00,XIMENDING,178,103,79,2025-08-05T09:05:00+08:00
2025-08-05T09:00:00+08:00,TAIPEI_101,188,161,133,2025-08-05T09:05:00+08:00
2025-08-05T10:00:00+08:00,TPE_AIRPORT,125,74,60,2025-08-05T10:05:00+08:00
2025-08-05T10:00:00+08:00,TAIPEI_MAIN,161,120,88,2025-08-05T10:05:00+08:00
2025-08-05T10:00:00+08:00,XIMENDING,156,116,91,2025-08-05T10:05:00+08:00
2025-08-05T10:00:00+08:00,TAIPEI_101,162,139,103,2025-08-05T10:05:00+08:00
2025-08-05T11:00:00+08:00,TPE_AIRPORT,118,74,59,2025-08-05T11:05:00+08:00
2025-08-05T11:00:00+08:00,TAIPEI_MAIN,144,75,67,2025-08-05T11:05:00+08:00
2025-08-05T11:00:00+08:00,XIMENDING,159,86,62,2025-08-05T11:05:00+08:00
2025-08-05T11:00:00+08:00,TAIPEI_101,161,86,63,2025-08-05T11:05:00+08:00
2025-08-05T12:00:00+08:00,TPE_AIRPORT,83,52,45,2025-08-05T12:05:00+08:00
2025-08-05T12:00:00+08:00,TAIPEI_MAIN,187,122,101,2025-08-05T12:05:00+08:00
2025-08-05T12:00:00+08:00,XIMENDING,168,81,65,2025-08-05T12:05:00+08:00
2025-08-05T12:00:00+08:00,TAIPEI_101,176,130,114,2025-08-05T12:05:00+08:00
2025-08-05T13:00:00+08:00,TPE_AIRPORT,90,97,70,2025-08-05T13:05:00+08:00
2025-08-05T13:00:00+08:00,TAIPEI_MAIN,140,80,66,2025-08-05T13:05:00+08:00
2025-08-05T13:00:00+08:00,XIMENDING,156,133,107,2025-08-05T13:05:00+08:00
2025-08-05T13:00:00+08:00,TAIPEI_101,157,133,114,2025-08-05T13:05:00+08:00
2025-08-05T14:00:00+08:00,TPE_AIRPORT,127,70,53,2025-08-05T14:05:00+08:00
2025-08-05T14:00:00+08:00,TAIPEI_MAIN,172,104,76,2025-08-05T14:05:00+08:00
2025-08-05T14:00:00+08:00,XIMENDING,157,124,106,2025-08-05T14:05:00+08:00
2025-08-05T14:00:00+08:00,TAIPEI_101,163,148,121,2025-08-05T14:05:00+08:00
2025-08-05T15:00:00+08:00,TPE_AIRPORT,89,107,91,2025-08-05T15:05:00+08:00
2025-08-05T15:00:00+08:00,TAIPEI_MAIN,160,118,93,2025-08-05T15:05:00+08:00
2025-08-05T15:00:00+08:00,XIMENDING,149,116,100,2025-08-05T15:05:00+08:00
2025-08-05T15:00:00+08:00,TAIPEI_101,155,112,84,2025-08-05T15:05:00+08:00
2025-08-05T16:00:00+08:00,TPE_AIRPORT,97,66,56,2025-08-05T16:05:00+08:00
2025-08-05T16:00:00+08:00,TAIPEI_MAIN,149,127,109,2025-08-05T16:05:00+08:00
2025-08-05T16:00:00+08:00,XIMENDING,161,146,121,2025-08-05T16:05:00+08:00
2025-08-05T16:00:00+08:00,TAIPEI_101,177,73,53,2025-08-05T16:05:00+08:00
2025-08-05T17:00:00+08:00,TPE_AIRPORT,122,74,59,2025-08-05T17:05:00+08:00
2025-08-05T17:00:00+08:00,TAIPEI_MAIN,189,115,85,2025-08-05T17:05:00+08:00
2025-08-05T17:00:00+08:00,XIMENDING,172,117,85,2025-08-05T17:05:00+08:00
2025-08-05T17:00:00+08:00,TAIPEI_101,146,96,83,2025-08-05T17:05:00+08:00
2025-08-05T18:00:00+08:00,TPE_AIRPORT,111,64,51,2025-08-05T18:05:00+08:00
2025-08-05T18:00:00+08:00,TAIPEI_MAIN,171,130,117,2025-08-05T18:05:00+08:00
2025-08-05T18:00:00+08:00,XIMENDING,138,109,86,2025-08-05T18:05:00+08:00
2025-08-05T18:00:00+08:00,TAIPEI_101,138,67,55,2025-08-05T18:05:00+08:00
2025-08-05T19:00:00+08:00,TPE_AIRPORT,77,84,72,2025-08-05T19:05:00+08:00
2025-08-05T19:00:00+08:00,TAIPEI_MAIN,131,113,82,2025-08-05T19:05:00+08:00
2025-08-05T19:00:00+08:00,XIMENDING,156,100,89,2025-08-05T19:05:00+08:00
2025-08-05T19:00:00+08:00,TAIPEI_101,146,140,121,2025-08-05T19:05:00+08:00
2025-08-05T20:00:00+08:00,TPE_AIRPORT,114,129,94,2025-08-05T20:05:00+08:00
2025-08-05T20:00:00+08:00,TAIPEI_MAIN,144,164,137,2025-08-05T20:05:00+08:00
2025-08-05T20:00:00+08:00,XIMENDING,108,162,135,2025-08-05T20:05:00+08:00
2025-08-05T20:00:00+08:00,TAIPEI_101,148,205,183,2025-08-05T20:05:00+08:00
2025-08-05T21:00:00+08:00,TPE_AIRPORT,87,122,100,2025-08-05T21:05:00+08:00
2025-08-05T21:00:00+08:00,TAIPEI_MAIN,132,161,116,2025-08-05T21:05:00+08:00
2025-08-05T21:00:00+08:00,XIMENDING,149,162,132,2025-08-05T21:05:00+08:00
2025-08-05T21:00:00+08:00,TAIPEI_101,118,193,142,2025-08-05T21:05:00+08:00
2025-08-05T22:00:00+08:00,TPE_AIRPORT,88,171,151,2025-08-05T22:05:00+08:00
2025-08-05T22:00:00+08:00,TAIPEI_MAIN,144,184,136,2025-08-05T22:05:00+08:00
2025-08-05T22:00:00+08:00,XIMENDING,173,208,176,2025-08-05T22:05:00+08:00
2025-08-05T22:00:00+08:00,TAIPEI_101,133,195,160,2025-08-05T22:05:00+08:00
2025-08-05T23:00:00+08:00,TPE_AIRPORT,87,121,99,2025-08-05T23:05:00+08:00
2025-08-05T23:00:00+08:00,TAIPEI_MAIN,117,171,138,2025-08-05T23:05:00+08:00
2025-08-05T23:00:00+08:00,XIMENDING,153,198,158,2025-08-05T23:05:00+08:00
2025-08-05T23:00:00+08:00,TAIPEI_101,144,154,126,2025-08-05T23:05:00+08:00
2025-08-06T00:00:00+08:00,TPE_AIRPORT,139,89,70,2025-08-06T00:05:00+08:00
2025-08-06T00:00:00+08:00,TAIPEI_MAIN,142,95,76,2025-08-06T00:05:00+08:00
2025-08-06T00:00:00+08:00,XIMENDING,163,96,80,2025-08-06T00:05:00+08:00
2025-08-06T00:00:00+08:00,TAIPEI_101,155,74,60,2025-08-06T00:05:00+08:00
2025-08-06T01:00:00+08:00,TPE_AIRPORT,115,87,78,2025-08-06T01:05:00+08:00
2025-08-06T01:00:00+08:00,TAIPEI_MAIN,175,135,107,2025-08-06T01:05:00+08:00
2025-08-06T01:00:00+08:00,XIMENDING,180,72,62,2025-08-06T01:05:00+08:00
2025-08-06T01:00:00+08:00,TAIPEI_101,178,145,129,2025-08-06T01:05:00+08:00
2025-08-06T02:00:00+08:00,TPE_AIRPORT,148,34,24,2025-08-06T02:05:00+08:00
2025-08-06T02:00:00+08:00,TAIPEI_MAIN,152,162,138,2025-08-06T02:05:00+08:00
2025-08-06T02:00:00+08:00,XIMENDING,171,139,115,2025-08-06T02:05:00+08:00
2025-08-06T02:00:00+08:00,TAIPEI_101,160,73,62,2025-08-06T02:05:00+08:00
2025-08-06T03:00:00+08:00,TPE_AIRPORT,108,62,47,2025-08-06T03:05:00+08:00
2025-08-06T03:00:00+08:00,TAIPEI_MAIN,137,153,132,2025-08-06T03:05:00+08:00
2025-08-06T03:00:00+08:00,XIMENDING,153,134,98,2025-08-06T03:05:00+08:00
2025-08-06T03:00:00+08:00,TAIPEI_101,164,125,111,2025-08-06T03:05:00+08:00
2025-08-06T04:00:00+08:00,TPE_AIRPORT,114,117,90,2025-08-06T04:05:00+08:00
2025-08-06T04:00:00+08:00,TAIPEI_MAIN,167,103,79,2025-08-06T04:05:00+08:00
2025-08-06T04:00:00+08:00,XIMENDING,164,89,65,2025-08-06T04:05:00+08:00
2025-08-06T04:00:00+08:00,TAIPEI_101,140,104,76,2025-08-06T04:05:00+08:00
2025-08-06T05:00:00+08:00,TPE_AIRPORT,115,125,90,2025-08-06T05:05:00+08:00
2025-08-06T05:00:00+08:00,TAIPEI_MAIN,165,193,163,2025-08-06T05:05:00+08:00
2025-08-06T05:00:00+08:00,XIMENDING,157,188,145,2025-08-06T05:05:00+08:00
2025-08-06T05:00:00+08:00,TAIPEI_101,114,157,139,2025-08-06T05:05:00+08:00
2025-08-06T06:00:00+08:00,TPE_AIRPORT,82,144,104,2025-08-06T06:05:00+08:00
2025-08-06T06:00:00+08:00,TAIPEI_MAIN,137,199,176,2025-08-06T06:05:00+08:00
2025-08-06T06:00:00+08:00,XIMENDING,132,187,151,2025-08-06T06:05:00+08:00
2025-08-06T06:00:00+08:00,TAIPEI_101,143,221,183,2025-08-06T06:05:00+08:00
2025-08-06T07:00:00+08:00,TPE_AIRPORT,77,119,100,2025-08-06T07:05:00+08:00
2025-08-06T07:00:00+08:00,TAIPEI_MAIN,149,152,127,2025-08-06T07:05:00+08:00
2025-08-06T07:00:00+08:00,XIMENDING,130,173,139,2025-08-06T07:05:00+08:00
2025-08-06T07:00:00+08:00,TAIPEI_101,114,157,141,2025-08-06T07:05:00+08:00
2025-08-06T08:00:00+08:00,TPE_AIRPORT,92,93,78,2025-08-06T08:05:00+08:00
2025-08-06T08:00:00+08:00,TAIPEI_MAIN,108,165,127,2025-08-06T08:05:00+08:00
2025-08-06T08:00:00+08:00,XIMENDING,94,171,154,2025-08-06T08:05:00+08:00
2025-08-06T08:00:00+08:00,TAIPEI_101,176,182,147,2025-08-06T08:05:00+08:00
2025-08-06T09:00:00+08:00,TPE_AIRPORT,130,74,62,2025-08-06T09:05:00+08:00
2025-08-06T09:00:00+08:00,TAIPEI_MAIN,177,99,79,2025-08-06T09:05:00+08:00
2025-08-06T09:00:00+08:00,XIMENDING,194,98,72,2025-08-06T09:05:00+08:00
2025-08-06T09:00:00+08:00,TAIPEI_101,131,104,87,2025-08-06T09:05:00+08:00
2025-08-06T10:00:00+08:00,TPE_AIRPORT,120,53,42,2025-08-06T10:05:00+08:00
2025-08-06T10:00:00+08:00,TAIPEI_MAIN,175,109,89,2025-08-06T10:05:00+08:00
2025-08-06T10:00:00+08:00,XIMENDING,160,106,85,2025-08-06T10:05:00+08:00
2025-08-06T10:00:00+08:00,TAIPEI_101,156,132,113,2025-08-06T10:05:00+08:00
2025-08-06T11:00:00+08:00,TPE_AIRPORT,122,115,88,2025-08-06T11:05:00+08:00
2025-08-06T11:00:00+08:00,TAIPEI_MAIN,181,125,97,2025-08-06T11:05:00+08:00
2025-08-06T11:00:00+08:00,XIMENDING,185,112,97,2025-08-06T11:05:00+08:00
2025-08-06T11:00:00+08:00,TAIPEI_101,136,78,61,2025-08-06T11:05:00+08:00
2025-08-06T12:00:00+08:00,TPE_AIRPORT,115,72,65,2025-08-06T12:05:00+08:00
2025-08-06T12:00:00+08:00,TAIPEI_MAIN,141,111,92,2025-08-06T12:05:00+08:00
2025-08-06T12:00:00+08:00,XIMENDING,170,139,104,2025-08-06T12:05:00+08:00
2025-08-06T12:00:00+08:00,TAIPEI_101,133,102,92,2025-08-06T12:05:00+08:00
2025-08-06T13:00:00+08:00,TPE_AIRPORT,111,25,22,2025-08-06T13:05:00+08:00
2025-08-06T13:00:00+08:00,TAIPEI_MAIN,127,158,128,2025-08-06T13:05:00+08:00
2025-08-06T13:00:00+08:00,XIMENDING,155,69,56,2025-08-06T13:05:00+08:00
2025-08-06T13:00:00+08:00,TAIPEI_101,157,71,57,2025-08-06T13:05:00+08:00
2025-08-06T14:00:00+08:00,TPE_AIRPORT,141,83,68,2025-08-06T14:05:00+08:00
2025-08-06T14:00:00+08:00,TAIPEI_MAIN,140,104,86,2025-08-06T14:05:00+08:00
2025-08-06T14:00:00+08:00,XIMENDING,153,91,80,2025-08-06T14:05:00+08:00
2025-08-06T14:00:00+08:00,TAIPEI_101,150,87,67,2025-08-06T14:05:00+08:00
2025-08-06T15:00:00+08:00,TPE_AIRPORT,120,70,61,2025-08-06T15:05:00+08:00
2025-08-06T15:00:00+08:00,TAIPEI_MAIN,154,107,83,2025-08-06T15:05:00+08:00
2025-08-06T15:00:00+08:00,XIMENDING,146,101,81,2025-08-06T15:05:00+08:00
2025-08-06T15:00:00+08:00,TAIPEI_101,141,166,121,2025-08-06T15:05:00+08:00
2025-08-06T16:00:00+08:00,TPE_AIRPORT,105,81,58,2025-08-06T16:05:00+08:00
2025-08-06T16:00:00+08:00,TAIPEI_MAIN,152,103,88,2025-08-06T16:05:00+08:00
2025-08-06T16:00:00+08:00,XIMENDING,128,161,134,2025-08-06T16:05:00+08:00
2025-08-06T16:00:00+08:00,TAIPEI_101,158,81,65,2025-08-06T16:05:00+08:00
2025-08-06T17:00:00+08:00,TPE_AIRPORT,93,69,56,2025-08-06T17:05:00+08:00
2025-08-06T17:00:00+08:00,TAIPEI_MAIN,140,108,90,2025-08-06T17:05:00+08:00
2025-08-06T17:00:00+08:00,XIMENDING,145,105,80,2025-08-06T17:05:00+08:00
2025-08-06T17:00:00+08:00,TAIPEI_101,148,74,61,2025-08-06T17:05:00+08:00
2025-08-06T18:00:00+08:00,TPE_AIRPORT,88,59,45,2025-08-06T18:05:00+08:00
2025-08-06T18:00:00+08:00,TAIPEI_MAIN,153,134,115,2025-08-06T18:05:00+08:00
2025-08-06T18:00:00+08:00,XIMENDING,140,105,86,2025-08-06T18:05:00+08:00
2025-08-06T18:00:00+08:00,TAIPEI_101,168,144,112,2025-08-06T18:05:00+08:00
2025-08-06T19:00:00+08:00,TPE_AIRPORT,111,55,42,2025-08-06T19:05:00+08:00
2025-08-06T19:00:00+08:00,TAIPEI_MAIN,161,97,72,2025-08-06T19:05:00+08:00
2025-08-06T19:00:00+08:00,XIMENDING,171,131,111,2025-08-06T19:05:00+08:00
2025-08-06T19:00:00+08:00,TAIPEI_101,149,115,92,2025-08-06T19:05:00+08:00
2025-08-06T20:00:00+08:00,TPE_AIRPORT,86,80,63,2025-08-06T20:05:00+08:00
2025-08-06T20:00:00+08:00,TAIPEI_MAIN,120,191,172,2025-08-06T20:05:00+08:00
2025-08-06T20:00:00+08:00,XIMENDING,141,187,135,2025-08-06T20:05:00+08:00
2025-08-06T20:00:00+08:00,TAIPEI_101,136,184,155,2025-08-06T20:05:00+08:00
2025-08-06T21:00:00+08:00,TPE_AIRPORT,85,131,101,2025-08-06T21:05:00+08:00
2025-08-06T21:00:00+08:00,TAIPEI_MAIN,112,172,149,2025-08-06T21:05:00+08:00
2025-08-06T21:00:00+08:00,XIMENDING,109,170,148,2025-08-06T21:05:00+08:00
2025-08-06T21:00:00+08:00,TAIPEI_101,131,153,117,2025-08-06T21:05:00+08:00
2025-08-06T22:00:00+08:00,TPE_AIRPORT,60,87,65,2025-08-06T22:05:00+08:00
2025-08-06T22:00:00+08:00,TAIPEI_MAIN,138,242,217,2025-08-06T22:05:00+08:00
2025-08-06T22:00:00+08:00,XIMENDING,150,187,160,2025-08-06T22:05:00+08:00
2025-08-06T22:00:00+08:00,TAIPEI_101,119,136,115,2025-08-06T22:05:00+08:00
2025-08-06T23:00:00+08:00,TPE_AIRPORT,73,83,69,2025-08-06T23:05:00+08:00
2025-08-06T23:00:00+08:00,TAIPEI_MAIN,136,193,151,2025-08-06T23:05:00+08:00
2025-08-06T23:00:00+08:00,XIMENDING,142,171,129,2025-08-06T23:05:00+08:00
2025-08-06T23:00:00+08:00,TAIPEI_101,141,192,154,2025-08-06T23:05:00+08:00
2025-08-07T00:00:00+08:00,TPE_AIRPORT,103,52,44,2025-08-07T00:05:00+08:00
2025-08-07T00:00:00+08:00,TAIPEI_MAIN,159,115,100,2025-08-07T00:05:00+08:00
2025-08-07T00:00:00+08:00,XIMENDING,178,127,113,2025-08-07T00:05:00+08:00
2025-08-07T00:00:00+08:00,TAIPEI_101,134,109,91,2025-08-07T00:05:00+08:00
2025-08-07T01:00:00+08:00,TPE_AIRPORT,79,98,72,2025-08-07T01:05:00+08:00
2025-08-07T01:00:00+08:00,TAIPEI_MAIN,175,90,73,2025-08-07T01:05:00+08:00
2025-08-07T01:00:00+08:00,XIMENDING,161,82,64,2025-08-07T01:05:00+08:00
2025-08-07T01:00:00+08:00,TAIPEI_101,146,133,120,2025-08-07T01:05:00+08:00
2025-08-07T02:00:00+08:00,TPE_AIRPORT,132,91,68,2025-08-07T02:05:00+08:00
2025-08-07T02:00:00+08:00,TAIPEI_MAIN,153,143,103,2025-08-07T02:05:00+08:00
2025-08-07T02:00:00+08:00,XIMENDING,160,128,101,2025-08-07T02:05:00+08:00
2025-08-07T02:00:00+08:00,TAIPEI_101,166,103,89,2025-08-07T02:05:00+08:00
2025-08-07T03:00:00+08:00,TPE_AIRPORT,76,127,113,2025-08-07T03:05:00+08:00
2025-08-07T03:00:00+08:00,TAIPEI_MAIN,146,49,41,2025-08-07T03:05:00+08:00
2025-08-07T03:00:00+08:00,XIMENDING,187,111,90,2025-08-07T03:05:00+08:00
2025-08-07T03:00:00+08:00,TAIPEI_101,153,148,122,2025-08-07T03:05:00+08:00
2025-08-07T04:00:00+08:00,TPE_AIRPORT,51,66,49,2025-08-07T04:05:00+08:00
2025-08-07T04:00:00+08:00,TAIPEI_MAIN,162,117,92,2025-08-07T04:05:00+08:00
2025-08-07T04:00:00+08:00,XIMENDING,166,121,88,2025-08-07T04:05:00+08:00
2025-08-07T04:00:00+08:00,TAIPEI_101,133,82,60,2025-08-07T04:05:00+08:00
2025-08-07T05:00:00+08:00,TPE_AIRPORT,82,169,142,2025-08-07T05:05:00+08:00
2025-08-07T05:00:00+08:00,TAIPEI_MAIN,138,188,144,2025-08-07T05:05:00+08:00
2025-08-07T05:00:00+08:00,XIMENDING,157,193,151,2025-08-07T05:05:00+08:00
2025-08-07T05:00:00+08:00,TAIPEI_101,148,138,104,2025-08-07T05:05:00+08:00
2025-08-07T06:00:00+08:00,TPE_AIRPORT,85,156,122,2025-08-07T06:05:00+08:00
2025-08-07T06:00:00+08:00,TAIPEI_MAIN,135,187,142,2025-08-07T06:05:00+08:00
2025-08-07T06:00:00+08:00,XIMENDING,105,163,142,2025-08-07T06:05:00+08:00
2025-08-07T06:00:00+08:00,TAIPEI_101,124,188,143,2025-08-07T06:05:00+08:00
2025-08-07T07:00:00+08:00,TPE_AIRPORT,95,111,85,2025-08-07T07:05:00+08:00
2025-08-07T07:00:00+08:00,TAIPEI_MAIN,152,173,128,2025-08-07T07:05:00+08:00
2025-08-07T07:00:00+08:00,XIMENDING,121,156,113,2025-08-07T07:05:00+08:00
2025-08-07T07:00:00+08:00,TAIPEI_101,150,187,140,2025-08-07T07:05:00+08:00
2025-08-07T08:00:00+08:00,TPE_AIRPORT,104,141,127,2025-08-07T08:05:00+08:00
2025-08-07T08:00:00+08:00,TAIPEI_MAIN,138,180,162,2025-08-07T08:05:00+08:00
2025-08-07T08:00:00+08:00,XIMENDING,131,169,140,2025-08-07T08:05:00+08:00
2025-08-07T08:00:00+08:00,TAIPEI_101,155,144,105,2025-08-07T08:05:00+08:00
2025-08-07T09:00:00+08:00,TPE_AIRPORT,122,67,49,2025-08-07T09:05:00+08:00
2025-08-07T09:00:00+08:00,TAIPEI_MAIN,157,144,116,2025-08-07T09:05:00+08:00
2025-08-07T09:00:00+08:00,XIMENDING,111,155,140,2025-08-07T09:05:00+08:00
2025-08-07T09:00:00+08:00,TAIPEI_101,158,141,103,2025-08-07T09:05:00+08:00
2025-08-07T10:00:00+08:00,TPE_AIRPORT,74,84,75,2025-08-07T10:05:00+08:00
2025-08-07T10:00:00+08:00,TAIPEI_MAIN,147,97,87,2025-08-07T10:05:00+08:00
2025-08-07T10:00:00+08:00,XIMENDING,164,112,96,2025-08-07T10:05:00+08:00
2025-08-07T10:00:00+08:00,TAIPEI_101,159,95,70,2025-08-07T10:05:00+08:00
2025-08-07T11:00:00+08:00,TPE_AIRPORT,79,124,89,2025-08-07T11:05:00+08:00
2025-08-07T11:00:00+08:00,TAIPEI_MAIN,148,116,104,2025-08-07T11:05:00+08:00
2025-08-07T11:00:00+08:00,XIMENDING,164,124,104,2025-08-07T11:05:00+08:00
2025-08-07T11:00:00+08:00,TAIPEI_101,137,116,91,2025-08-07T11:05:00+08:00
2025-08-07T12:00:00+08:00,TPE_AIRPORT,119,73,65,2025-08-07T12:05:00+08:00
2025-08-07T12:00:00+08:00,TAIPEI_MAIN,169,99,82,2025-08-07T12:05:00+08:00
2025-08-07T12:00:00+08:00,XIMENDING,156,120,95,2025-08-07T12:05:00+08:00
2025-08-07T12:00:00+08:00,TAIPEI_101,161,124,89,2025-08-07T12:05:00+08:00
2025-08-07T13:00:00+08:00,TPE_AIRPORT,116,65,57,2025-08-07T13:05:00+08:00
2025-08-07T13:00:00+08:00,TAIPEI_MAIN,174,110,81,2025-08-07T13:05:00+08:00
2025-08-07T13:00:00+08:00,XIMENDING,155,124,104,2025-08-07T13:05:00+08:00
2025-08-07T13:00:00+08:00,TAIPEI_101,180,111,93,2025-08-07T13:05:00+08:00
2025-08-07T14:00:00+08:00,TPE_AIRPORT,117,73,54,2025-08-07T14:05:00+08:00
2025-08-07T14:00:00+08:00,TAIPEI_MAIN,162,122,102,2025-08-07T14:05:00+08:00
2025-08-07T14:00:00+08:00,XIMENDING,142,63,51,2025-08-07T14:05:00+08:00
2025-08-07T14:00:00+08:00,TAIPEI_101,148,128,116,2025-08-07T14:05:00+08:00
2025-08-07T15:00:00+08:00,TPE_AIRPORT,88,74,63,2025-08-07T15:05:00+08:00
2025-08-07T15:00:00+08:00,TAIPEI_MAIN,175,148,112,2025-08-07T15:05:00+08:00
2025-08-07T15:00:00+08:00,XIMENDING,158,108,80,2025-08-07T15:05:00+08:00
2025-08-07T15:00:00+08:00,TAIPEI_101,170,110,84,2025-08-07T15:05:00+08:00
2025-08-07T16:00:00+08:00,TPE_AIRPORT,118,75,54,2025-08-07T16:05:00+08:00
2025-08-07T16:00:00+08:00,TAIPEI_MAIN,139,120,108,2025-08-07T16:05:00+08:00
2025-08-07T16:00:00+08:00,XIMENDING,151,127,93,2025-08-07T16:05:00+08:00
2025-08-07T16:00:00+08:00,TAIPEI_101,162,148,114,2025-08-07T16:05:00+08:00
2025-08-07T17:00:00+08:00,TPE_AIRPORT,120,85,76,2025-08-07T17:05:00+08:00
2025-08-07T17:00:00+08:00,TAIPEI_MAIN,174,117,97,2025-08-07T17:05:00+08:00
2025-08-07T17:00:00+08:00,XIMENDING,143,80,70,2025-08-07T17:05:00+08:00
2025-08-07T17:00:00+08:00,TAIPEI_101,143,120,98,2025-08-07T17:05:00+08:00
2025-08-07T18:00:00+08:00,TPE_AIRPORT,135,75,68,2025-08-07T18:05:00+08:00
2025-08-07T18:00:00+08:00,TAIPEI_MAIN,162,128,93,2025-08-07T18:05:00+08:00
2025-08-07T18:00:00+08:00,XIMENDING,168,148,126,2025-08-07T18:05:00+08:00
2025-08-07T18:00:00+08:00,TAIPEI_101,173,144,126,2025-08-07T18:05:00+08:00
2025-08-07T19:00:00+08:00,TPE_AIRPORT,99,70,51,2025-08-07T19:05:00+08:00
2025-08-07T19:00:00+08:00,TAIPEI_MAIN,149,83,59,2025-08-07T19:05:00+08:00
2025-08-07T19:00:00+08:00,XIMENDING,186,134,98,2025-08-07T19:05:00+08:00
2025-08-07T19:00:00+08:00,TAIPEI_101,160,92,74,2025-08-07T19:05:00+08:00
2025-08-07T20:00:00+08:00,TPE_AIRPORT,77,81,67,2025-08-07T20:05:00+08:00
2025-08-07T20:00:00+08:00,TAIPEI_MAIN,139,196,148,2025-08-07T20:05:00+08:00
2025-08-07T20:00:00+08:00,XIMENDING,105,176,131,2025-08-07T20:05:00+08:00
2025-08-07T20:00:00+08:00,TAIPEI_101,165,163,123,2025-08-07T20:05:00+08:00
2025-08-07T21:00:00+08:00,TPE_AIRPORT,77,140,126,2025-08-07T21:05:00+08:00
2025-08-07T21:00:00+08:00,TAIPEI_MAIN,142,149,131,2025-08-07T21:05:00+08:00
2025-08-07T21:00:00+08:00,XIMENDING,139,191,162,2025-08-07T21:05:00+08:00
2025-08-07T21:00:00+08:00,TAIPEI_101,130,209,182,2025-08-07T21:05:00+08:00
2025-08-07T22:00:00+08:00,TPE_AIRPORT,74,135,99,2025-08-07T22:05:00+08:00
2025-08-07T22:00:00+08:00,TAIPEI_MAIN,148,180,159,2025-08-07T22:05:00+08:00
2025-08-07T22:00:00+08:00,XIMENDING,115,186,160,2025-08-07T22:05:00+08:00
2025-08-07T22:00:00+08:00,TAIPEI_101,127,193,151,2025-08-07T22:05:00+08:00
2025-08-07T23:00:00+08:00,TPE_AIRPORT,72,187,157,2025-08-07T23:05:00+08:00
2025-08-07T23:00:00+08:00,TAIPEI_MAIN,124,211,189,2025-08-07T23:05:00+08:00
2025-08-07T23:00:00+08:00,XIMENDING,102,149,116,2025-08-07T23:05:00+08:00
2025-08-07T23:00:00+08:00,TAIPEI_101,137,151,128,2025-08-07T23:05:00+08:00
2025-08-08T00:00:00+08:00,TPE_AIRPORT,113,72,59,2025-08-08T00:05:00+08:00
2025-08-08T00:00:00+08:00,TAIPEI_MAIN,159,108,91,2025-08-08T00:05:00+08:00
2025-08-08T00:00:00+08:00,XIMENDING,158,105,91,2025-08-08T00:05:00+08:00
2025-08-08T00:00:00+08:00,TAIPEI_101,142,131,107,2025-08-08T00:05:00+08:00
2025-08-08T01:00:00+08:00,TPE_AIRPORT,115,86,75,2025-08-08T01:05:00+08:00
2025-08-08T01:00:00+08:00,TAIPEI_MAIN,168,76,61,2025-08-08T01:05:00+08:00
2025-08-08T01:00:00+08:00,XIMENDING,193,74,56,2025-08-08T01:05:00+08:00
2025-08-08T01:00:00+08:00,TAIPEI_101,154,109,93,2025-08-08T01:05:00+08:00
2025-08-08T02:00:00+08:00,TPE_AIRPORT,99,51,42,2025-08-08T02:05:00+08:00
2025-08-08T02:00:00+08:00,TAIPEI_MAIN,162,109,87,2025-08-08T02:05:00+08:00
2025-08-08T02:00:00+08:00,XIMENDING,175,161,124,2025-08-08T02:05:00+08:00
2025-08-08T02:00:00+08:00,TAIPEI_101,164,125,111,2025-08-08T02:05:00+08:00
2025-08-08T03:00:00+08:00,TPE_AIRPORT,116,112,86,2025-08-08T03:05:00+08:00
2025-08-08T03:00:00+08:00,TAIPEI_MAIN,137,127,91,2025-08-08T03:05:00+08:00
2025-08-08T03:00:00+08:00,XIMENDING,166,71,61,2025-08-08T03:05:00+08:00
2025-08-08T03:00:00+08:00,TAIPEI_101,182,80,70,2025-08-08T03:05:00+08:00
2025-08-08T04:00:00+08:00,TPE_AIRPORT,102,35,29,2025-08-08T04:05:00+08:00
2025-08-08T04:00:00+08:00,TAIPEI_MAIN,123,126,103,2025-08-08T04:05:00+08:00
2025-08-08T04:00:00+08:00,XIMENDING,114,118,106,2025-08-08T04:05:00+08:00
2025-08-08T04:00:00+08:00,TAIPEI_101,186,110,90,2025-08-08T04:05:00+08:00
2025-08-08T05:00:00+08:00,TPE_AIRPORT,82,107,86,2025-08-08T05:05:00+08:00
2025-08-08T05:00:00+08:00,TAIPEI_MAIN,143,187,155,2025-08-08T05:05:00+08:00
2025-08-08T05:00:00+08:00,XIMENDING,182,209,162,2025-08-08T05:05:00+08:00
2025-08-08T05:00:00+08:00,TAIPEI_101,151,173,126,2025-08-08T05:05:00+08:00
2025-08-08T06:00:00+08:00,TPE_AIRPORT,97,111,92,2025-08-08T06:05:00+08:00
2025-08-08T06:00:00+08:00,TAIPEI_MAIN,130,165,141,2025-08-08T06:05:00+08:00
2025-08-08T06:00:00+08:00,XIMENDING,129,176,136,2025-08-08T06:05:00+08:00
2025-08-08T06:00:00+08:00,TAIPEI_101,151,157,116,2025-08-08T06:05:00+08:00
2025-08-08T07:00:00+08:00,TPE_AIRPORT,77,172,144,2025-08-08T07:05:00+08:00
2025-08-08T07:00:00+08:00,TAIPEI_MAIN,123,171,146,2025-08-08T07:05:00+08:00
2025-08-08T07:00:00+08:00,XIMENDING,138,175,158,2025-08-08T07:05:00+08:00
2025-08-08T07:00:00+08:00,TAIPEI_101,153,152,135,2025-08-08T07:05:00+08:00
2025-08-08T08:00:00+08:00,TPE_AIRPORT,80,106,94,2025-08-08T08:05:00+08:00
2025-08-08T08:00:00+08:00,TAIPEI_MAIN,141,167,124,2025-08-08T08:05:00+08:00
2025-08-08T08:00:00+08:00,XIMENDING,121,200,160,2025-08-08T08:05:00+08:00
2025-08-08T08:00:00+08:00,TAIPEI_101,117,182,148,2025-08-08T08:05:00+08:00
2025-08-08T09:00:00+08:00,TPE_AIRPORT,97,106,82,2025-08-08T09:05:00+08:00
2025-08-08T09:00:00+08:00,TAIPEI_MAIN,185,122,92,2025-08-08T09:05:00+08:00
2025-08-08T09:00:00+08:00,XIMENDING,187,96,83,2025-08-08T09:05:00+08:00
2025-08-08T09:00:00+08:00,TAIPEI_101,192,122,104,2025-08-08T09:05:00+08:00
2025-08-08T10:00:00+08:00,TPE_AIRPORT,125,50,39,2025-08-08T10:05:00+08:00
2025-08-08T10:00:00+08:00,TAIPEI_MAIN,155,180,150,2025-08-08T10:05:00+08:00
2025-08-08T10:00:00+08:00,XIMENDING,156,124,108,2025-08-08T10:05:00+08:00
2025-08-08T10:00:00+08:00,TAIPEI_101,142,100,73,2025-08-08T10:05:00+08:00
2025-08-08T11:00:00+08:00,TPE_AIRPORT,110,66,51,2025-08-08T11:05:00+08:00
2025-08-08T11:00:00+08:00,TAIPEI_MAIN,163,77,68,2025-08-08T11:05:00+08:00
2025-08-08T11:00:00+08:00,XIMENDING,145,102,88,2025-08-08T11:05:00+08:00
2025-08-08T11:00:00+08:00,TAIPEI_101,180,151,132,2025-08-08T11:05:00+08:00
2025-08-08T12:00:00+08:00,TPE_AIRPORT,82,81,73,2025-08-08T12:05:00+08:00
2025-08-08T12:00:00+08:00,TAIPEI_MAIN,133,100,78,2025-08-08T12:05:00+08:00
2025-08-08T12:00:00+08:00,XIMENDING,170,92,67,2025-08-08T12:05:00+08:00
2025-08-08T12:00:00+08:00,TAIPEI_101,169,111,99,2025-08-08T12:05:00+08:00
2025-08-08T13:00:00+08:00,TPE_AIRPORT,107,42,37,2025-08-08T13:05:00+08:00
2025-08-08T13:00:00+08:00,TAIPEI_MAIN,144,147,122,2025-08-08T13:05:00+08:00
2025-08-08T13:00:00+08:00,XIMENDING,161,130,117,2025-08-08T13:05:00+08:00
2025-08-08T13:00:00+08:00,TAIPEI_101,169,74,61,2025-08-08T13:05:00+08:00
2025-08-08T14:00:00+08:00,TPE_AIRPORT,114,125,104,2025-08-08T14:05:00+08:00
2025-08-08T14:00:00+08:00,TAIPEI_MAIN,174,122,107,2025-08-08T14:05:00+08:00
2025-08-08T14:00:00+08:00,XIMENDING,152,134,118,2025-08-08T14:05:00+08:00
2025-08-08T14:00:00+08:00,TAIPEI_101,150,103,93,2025-08-08T14:05:00+08:00
2025-08-08T15:00:00+08:00,TPE_AIRPORT,90,63,54,2025-08-08T15:05:00+08:00
2025-08-08T15:00:00+08:00,TAIPEI_MAIN,141,130,114,2025-08-08T15:05:00+08:00
2025-08-08T15:00:00+08:00,XIMENDING,169,142,103,2025-08-08T15:05:00+08:00
2025-08-08T15:00:00+08:00,TAIPEI_101,193,106,77,2025-08-08T15:05:00+08:00
2025-08-08T16:00:00+08:00,TPE_AIRPORT,130,55,45,2025-08-08T16:05:00+08:00
2025-08-08T16:00:00+08:00,TAIPEI_MAIN,161,125,94,2025-08-08T16:05:00+08:00
2025-08-08T16:00:00+08:00,XIMENDING,161,147,128,2025-08-08T16:05:00+08:00
2025-08-08T16:00:00+08:00,TAIPEI_101,162,78,66,2025-08-08T16:05:00+08:00
2025-08-08T17:00:00+08:00,TPE_AIRPORT,143,63,53,2025-08-08T17:05:00+08:00
2025-08-08T17:00:00+08:00,TAIPEI_MAIN,187,90,81,2025-08-08T17:05:00+08:00
2025-08-08T17:00:00+08:00,XIMENDING,169,90,67,2025-08-08T17:05:00+08:00
2025-08-08T17:00:00+08:00,TAIPEI_101,176,118,98,2025-08-08T17:05:00+08:00
2025-08-08T18:00:00+08:00,TPE_AIRPORT,98,61,53,2025-08-08T18:05:00+08:00
2025-08-08T18:00:00+08:00,TAIPEI_MAIN,129,121,107,2025-08-08T18:05:00+08:00
2025-08-08T18:00:00+08:00,XIMENDING,154,121,95,2025-08-08T18:05:00+08:00
2025-08-08T18:00:00+08:00,TAIPEI_101,173,92,79,2025-08-08T18:05:00+08:00
2025-08-08T19:00:00+08:00,TPE_AIRPORT,113,71,59,2025-08-08T19:05:00+08:00
2025-08-08T19:00:00+08:00,TAIPEI_MAIN,177,60,50,2025-08-08T19:05:00+08:00
2025-08-08T19:00:00+08:00,XIMENDING,205,122,100,2025-08-08T19:05:00+08:00
2025-08-08T19:00:00+08:00,TAIPEI_101,138,101,87,2025-08-08T19:05:00+08:00
2025-08-08T20:00:00+08:00,TPE_AIRPORT,79,113,89,2025-08-08T20:05:00+08:00
2025-08-08T20:00:00+08:00,TAIPEI_MAIN,172,183,137,2025-08-08T20:05:00+08:00
2025-08-08T20:00:00+08:00,XIMENDING,152,160,123,2025-08-08T20:05:00+08:00
2025-08-08T20:00:00+08:00,TAIPEI_101,151,198,158,2025-08-08T20:05:00+08:00
2025-08-08T21:00:00+08:00,TPE_AIRPORT,86,125,110,2025-08-08T21:05:00+08:00
2025-08-08T21:00:00+08:00,TAIPEI_MAIN,128,211,173,2025-08-08T21:05:00+08:00
2025-08-08T21:00:00+08:00,XIMENDING,156,172,149,2025-08-08T21:05:00+08:00
2025-08-08T21:00:00+08:00,TAIPEI_101,141,204,157,2025-08-08T21:05:00+08:00
2025-08-08T22:00:00+08:00,TPE_AIRPORT,114,162,124,2025-08-08T22:05:00+08:00
2025-08-08T22:00:00+08:00,TAIPEI_MAIN,114,214,172,2025-08-08T22:05:00+08:00
2025-08-08T22:00:00+08:00,XIMENDING,134,190,171,2025-08-08T22:05:00+08:00
2025-08-08T22:00:00+08:00,TAIPEI_101,133,149,126,2025-08-08T22:05:00+08:00
2025-08-08T23:00:00+08:00,TPE_AIRPORT,99,108,93,2025-08-08T23:05:00+08:00
2025-08-08T23:00:00+08:00,TAIPEI_MAIN,137,182,146,2025-08-08T23:05:00+08:00
2025-08-08T23:00:00+08:00,XIMENDING,165,197,174,2025-08-08T23:05:00+08:00
2025-08-08T23:00:00+08:00,TAIPEI_101,111,142,111,2025-08-08T23:05:00+08:00
2025-08-09T00:00:00+08:00,TPE_AIRPORT,110,92,78,2025-08-09T00:05:00+08:00
2025-08-09T00:00:00+08:00,TAIPEI_MAIN,182,141,110,2025-08-09T00:05:00+08:00
2025-08-09T00:00:00+08:00,XIMENDING,159,48,38,2025-08-09T00:05:00+08:00
2025-08-09T00:00:00+08:00,TAIPEI_101,144,115,97,2025-08-09T00:05:00+08:00
2025-08-09T01:00:00+08:00,TPE_AIRPORT,140,52,40,2025-08-09T01:05:00+08:00
2025-08-09T01:00:00+08:00,TAIPEI_MAIN,190,124,99,2025-08-09T01:05:00+08:00
2025-08-09T01:00:00+08:00,XIMENDING,138,75,63,2025-08-09T01:05:00+08:00
2025-08-09T01:00:00+08:00,TAIPEI_101,145,111,91,2025-08-09T01:05:00+08:00
2025-08-09T02:00:00+08:00,TPE_AIRPORT,137,62,48,2025-08-09T02:05:00+08:00
2025-08-09T02:00:00+08:00,TAIPEI_MAIN,182,126,103,2025-08-09T02:05:00+08:00
2025-08-09T02:00:00+08:00,XIMENDING,167,143,118,2025-08-09T02:05:00+08:00
2025-08-09T02:00:00+08:00,TAIPEI_101,148,100,84,2025-08-09T02:05:00+08:00
2025-08-09T03:00:00+08:00,TPE_AIRPORT,96,86,67,2025-08-09T03:05:00+08:00
2025-08-09T03:00:00+08:00,TAIPEI_MAIN,168,119,105,2025-08-09T03:05:00+08:00
2025-08-09T03:00:00+08:00,XIMENDING,164,120,106,2025-08-09T03:05:00+08:00
2025-08-09T03:00:00+08:00,TAIPEI_101,159,128,97,2025-08-09T03:05:00+08:00
2025-08-09T04:00:00+08:00,TPE_AIRPORT,115,81,63,2025-08-09T04:05:00+08:00
2025-08-09T04:00:00+08:00,TAIPEI_MAIN,154,134,102,2025-08-09T04:05:00+08:00
2025-08-09T04:00:00+08:00,XIMENDING,174,133,101,2025-08-09T04:05:00+08:00
2025-08-09T04:00:00+08:00,TAIPEI_101,152,130,108,2025-08-09T04:05:00+08:00
2025-08-09T05:00:00+08:00,TPE_AIRPORT,123,124,110,2025-08-09T05:05:00+08:00
2025-08-09T05:00:00+08:00,TAIPEI_MAIN,146,180,143,2025-08-09T05:05:00+08:00
2025-08-09T05:00:00+08:00,XIMENDING,97,170,154,2025-08-09T05:05:00+08:00
2025-08-09T05:00:00+08:00,TAIPEI_101,153,210,166,2025-08-09T05:05:00+08:00
2025-08-09T06:00:00+08:00,TPE_AIRPORT,81,121,91,2025-08-09T06:05:00+08:00
2025-08-09T06:00:00+08:00,TAIPEI_MAIN,162,218,167,2025-08-09T06:05:00+08:00
2025-08-09T06:00:00+08:00,XIMENDING,135,180,155,2025-08-09T06:05:00+08:00
2025-08-09T06:00:00+08:00,TAIPEI_101,148,206,182,2025-08-09T06:05:00+08:00
2025-08-09T07:00:00+08:00,TPE_AIRPORT,63,115,90,2025-08-09T07:05:00+08:00
2025-08-09T07:00:00+08:00,TAIPEI_MAIN,135,155,133,2025-08-09T07:05:00+08:00
2025-08-09T07:00:00+08:00,XIMENDING,131,194,139,2025-08-09T07:05:00+08:00
2025-08-09T07:00:00+08:00,TAIPEI_101,157,160,132,2025-08-09T07:05:00+08:00
2025-08-09T08:00:00+08:00,TPE_AIRPORT,102,136,118,2025-08-09T08:05:00+08:00
2025-08-09T08:00:00+08:00,TAIPEI_MAIN,135,234,197,2025-08-09T08:05:00+08:00
2025-08-09T08:00:00+08:00,XIMENDING,124,164,138,2025-08-09T08:05:00+08:00
2025-08-09T08:00:00+08:00,TAIPEI_101,123,173,140,2025-08-09T08:05:00+08:00
2025-08-09T09:00:00+08:00,TPE_AIRPORT,137,75,59,2025-08-09T09:05:00+08:00
2025-08-09T09:00:00+08:00,TAIPEI_MAIN,149,105,95,2025-08-09T09:05:00+08:00
2025-08-09T09:00:00+08:00,XIMENDING,163,86,73,2025-08-09T09:05:00+08:00
2025-08-09T09:00:00+08:00,TAIPEI_101,151,104,84,2025-08-09T09:05:00+08:00
2025-08-09T10:00:00+08:00,TPE_AIRPORT,108,66,58,2025-08-09T10:05:00+08:00
2025-08-09T10:00:00+08:00,TAIPEI_MAIN,165,135,118,2025-08-09T10:05:00+08:00
2025-08-09T10:00:00+08:00,XIMENDING,161,97,84,2025-08-09T10:05:00+08:00
2025-08-09T10:00:00+08:00,TAIPEI_101,176,141,126,2025-08-09T10:05:00+08:00
2025-08-09T11:00:00+08:00,TPE_AIRPORT,114,65,50,2025-08-09T11:05:00+08:00
2025-08-09T11:00:00+08:00,TAIPEI_MAIN,158,107,79,2025-08-09T11:05:00+08:00
2025-08-09T11:00:00+08:00,XIMENDING,173,119,102,2025-08-09T11:05:00+08:00
2025-08-09T11:00:00+08:00,TAIPEI_101,103,89,72,2025-08-09T11:05:00+08:00
2025-08-09T12:00:00+08:00,TPE_AIRPORT,61,49,38,2025-08-09T12:05:00+08:00
2025-08-09T12:00:00+08:00,TAIPEI_MAIN,194,119,89,2025-08-09T12:05:00+08:00
2025-08-09T12:00:00+08:00,XIMENDING,143,93,83,2025-08-09T12:05:00+08:00
2025-08-09T12:00:00+08:00,TAIPEI_101,147,80,58,2025-08-09T12:05:00+08:00
2025-08-09T13:00:00+08:00,TPE_AIRPORT,86,107,97,2025-08-09T13:05:00+08:00
2025-08-09T13:00:00+08:00,TAIPEI_MAIN,181,132,106,2025-08-09T13:05:00+08:00
2025-08-09T13:00:00+08:00,XIMENDING,137,90,68,2025-08-09T13:05:00+08:00
2025-08-09T13:00:00+08:00,TAIPEI_101,156,126,113,2025-08-09T13:05:00+08:00
2025-08-09T14:00:00+08:00,TPE_AIRPORT,85,82,68,2025-08-09T14:05:00+08:00
2025-08-09T14:00:00+08:00,TAIPEI_MAIN,156,132,112,2025-08-09T14:05:00+08:00
2025-08-09T14:00:00+08:00,XIMENDING,154,144,119,2025-08-09T14:05:00+08:00
2025-08-09T14:00:00+08:00,TAIPEI_101,181,105,79,2025-08-09T14:05:00+08:00
2025-08-09T15:00:00+08:00,TPE_AIRPORT,135,79,63,2025-08-09T15:05:00+08:00
2025-08-09T15:00:00+08:00,TAIPEI_MAIN,169,83,60,2025-08-09T15:05:00+08:00
2025-08-09T15:00:00+08:00,XIMENDING,194,190,165,2025-08-09T15:05:00+08:00
2025-08-09T15:00:00+08:00,TAIPEI_101,141,144,107,2025-08-09T15:05:00+08:00
2025-08-09T16:00:00+08:00,TPE_AIRPORT,133,65,58,2025-08-09T16:05:00+08:00
2025-08-09T16:00:00+08:00,TAIPEI_MAIN,136,92,69,2025-08-09T16:05:00+08:00
2025-08-09T16:00:00+08:00,XIMENDING,130,119,97,2025-08-09T16:05:00+08:00
2025-08-09T16:00:00+08:00,TAIPEI_101,169,129,102,2025-08-09T16:05:00+08:00
2025-08-09T17:00:00+08:00,TPE_AIRPORT,133,116,84,2025-08-09T17:05:00+08:00
2025-08-09T17:00:00+08:00,TAIPEI_MAIN,125,90,66,2025-08-09T17:05:00+08:00
2025-08-09T17:00:00+08:00,XIMENDING,175,100,78,2025-08-09T17:05:00+08:00
2025-08-09T17:00:00+08:00,TAIPEI_101,172,133,105,2025-08-09T17:05:00+08:00
2025-08-09T18:00:00+08:00,TPE_AIRPORT,93,51,37,2025-08-09T18:05:00+08:00
2025-08-09T18:00:00+08:00,TAIPEI_MAIN,174,108,95,2025-08-09T18:05:00+08:00
2025-08-09T18:00:00+08:00,XIMENDING,153,130,104,2025-08-09T18:05:00+08:00
2025-08-09T18:00:00+08:00,TAIPEI_101,152,91,81,2025-08-09T18:05:00+08:00
2025-08-09T19:00:00+08:00,TPE_AIRPORT,106,45,33,2025-08-09T19:05:00+08:00
2025-08-09T19:00:00+08:00,TAIPEI_MAIN,159,120,105,2025-08-09T19:05:00+08:00
2025-08-09T19:00:00+08:00,XIMENDING,173,112,96,2025-08-09T19:05:00+08:00
2025-08-09T19:00:00+08:00,TAIPEI_101,152,92,81,2025-08-09T19:05:00+08:00
2025-08-09T20:00:00+08:00,TPE_AIRPORT,63,122,99,2025-08-09T20:05:00+08:00
2025-08-09T20:00:00+08:00,TAIPEI_MAIN,145,182,152,2025-08-09T20:05:00+08:00
2025-08-09T20:00:00+08:00,XIMENDING,153,205,151,2025-08-09T20:05:00+08:00
2025-08-09T20:00:00+08:00,TAIPEI_101,142,186,168,2025-08-09T20:05:00+08:00
2025-08-09T21:00:00+08:00,TPE_AIRPORT,82,128,115,2025-08-09T21:05:00+08:00
2025-08-09T21:00:00+08:00,TAIPEI_MAIN,137,198,147,2025-08-09T21:05:00+08:00
2025-08-09T21:00:00+08:00,XIMENDING,100,157,128,2025-08-09T21:05:00+08:00
2025-08-09T21:00:00+08:00,TAIPEI_101,142,206,171,2025-08-09T21:05:00+08:00
2025-08-09T22:00:00+08:00,TPE_AIRPORT,107,130,109,2025-08-09T22:05:00+08:00
2025-08-09T22:00:00+08:00,TAIPEI_MAIN,154,207,158,2025-08-09T22:05:00+08:00
2025-08-09T22:00:00+08:00,XIMENDING,108,235,208,2025-08-09T22:05:00+08:00
2025-08-09T22:00:00+08:00,TAIPEI_101,118,163,125,2025-08-09T22:05:00+08:00
2025-08-09T23:00:00+08:00,TPE_AIRPORT,54,134,114,2025-08-09T23:05:00+08:00
2025-08-09T23:00:00+08:00,TAIPEI_MAIN,172,204,161,2025-08-09T23:05:00+08:00
2025-08-09T23:00:00+08:00,XIMENDING,159,172,126,2025-08-09T23:05:00+08:00
2025-08-09T23:00:00+08:00,TAIPEI_101,116,222,196,2025-08-09T23:05:00+08:00
2025-08-10T00:00:00+08:00,TPE_AIRPORT,125,48,37,2025-08-10T00:05:00+08:00
2025-08-10T00:00:00+08:00,TAIPEI_MAIN,140,112,89,2025-08-10T00:05:00+08:00
2025-08-10T00:00:00+08:00,XIMENDING,146,85,70,2025-08-10T00:05:00+08:00
2025-08-10T00:00:00+08:00,TAIPEI_101,136,127,95,2025-08-10T00:05:00+08:00
2025-08-10T01:00:00+08:00,TPE_AIRPORT,109,63,49,2025-08-10T01:05:00+08:00
2025-08-10T01:00:00+08:00,TAIPEI_MAIN,176,103,74,2025-08-10T01:05:00+08:00
2025-08-10T01:00:00+08:00,XIMENDING,175,100,84,2025-08-10T01:05:00+08:00
2025-08-10T01:00:00+08:00,TAIPEI_101,185,123,111,2025-08-10T01:05:00+08:00
2025-08-10T02:00:00+08:00,TPE_AIRPORT,92,96,82,2025-08-10T02:05:00+08:00
2025-08-10T02:00:00+08:00,TAIPEI_MAIN,157,109,90,2025-08-10T02:05:00+08:00
2025-08-10T02:00:00+08:00,XIMENDING,156,128,115,2025-08-10T02:05:00+08:00
2025-08-10T02:00:00+08:00,TAIPEI_101,166,50,38,2025-08-10T02:05:00+08:00
2025-08-10T03:00:00+08:00,TPE_AIRPORT,102,73,60,2025-08-10T03:05:00+08:00
2025-08-10T03:00:00+08:00,TAIPEI_MAIN,175,133,120,2025-08-10T03:05:00+08:00
2025-08-10T03:00:00+08:00,XIMENDING,149,155,112,2025-08-10T03:05:00+08:00
2025-08-10T03:00:00+08:00,TAIPEI_101,144,98,81,2025-08-10T03:05:00+08:00
2025-08-10T04:00:00+08:00,TPE_AIRPORT,117,35,29,2025-08-10T04:05:00+08:00
2025-08-10T04:00:00+08:00,TAIPEI_MAIN,162,116,104,2025-08-10T04:05:00+08:00
2025-08-10T04:00:00+08:00,XIMENDING,162,137,109,2025-08-10T04:05:00+08:00
2025-08-10T04:00:00+08:00,TAIPEI_101,176,155,125,2025-08-10T04:05:00+08:00
2025-08-10T05:00:00+08:00,TPE_AIRPORT,101,119,95,2025-08-10T05:05:00+08:00
2025-08-10T05:00:00+08:00,TAIPEI_MAIN,120,165,140,2025-08-10T05:05:00+08:00
2025-08-10T05:00:00+08:00,XIMENDING,133,200,158,2025-08-10T05:05:00+08:00
2025-08-10T05:00:00+08:00,TAIPEI_101,123,198,152,2025-08-10T05:05:00+08:00
2025-08-10T06:00:00+08:00,TPE_AIRPORT,74,123,102,2025-08-10T06:05:00+08:00
2025-08-10T06:00:00+08:00,TAIPEI_MAIN,132,190,167,2025-08-10T06:05:00+08:00
2025-08-10T06:00:00+08:00,XIMENDING,115,207,177,2025-08-10T06:05:00+08:00
2025-08-10T06:00:00+08:00,TAIPEI_101,170,204,158,2025-08-10T06:05:00+08:00
2025-08-10T07:00:00+08:00,TPE_AIRPORT,96,114,93,2025-08-10T07:05:00+08:00
2025-08-10T07:00:00+08:00,TAIPEI_MAIN,151,140,113,2025-08-10T07:05:00+08:00
2025-08-10T07:00:00+08:00,XIMENDING,147,186,146,2025-08-10T07:05:00+08:00
2025-08-10T07:00:00+08:00,TAIPEI_101,117,159,132,2025-08-10T07:05:00+08:00
2025-08-10T08:00:00+08:00,TPE_AIRPORT,69,130,113,2025-08-10T08:05:00+08:00
2025-08-10T08:00:00+08:00,TAIPEI_MAIN,128,191,146,2025-08-10T08:05:00+08:00
2025-08-10T08:00:00+08:00,XIMENDING,116,201,176,2025-08-10T08:05:00+08:00
2025-08-10T08:00:00+08:00,TAIPEI_101,121,158,137,2025-08-10T08:05:00+08:00
2025-08-10T09:00:00+08:00,TPE_AIRPORT,119,114,82,2025-08-10T09:05:00+08:00
2025-08-10T09:00:00+08:00,TAIPEI_MAIN,153,107,96,2025-08-10T09:05:00+08:00
2025-08-10T09:00:00+08:00,XIMENDING,159,115,90,2025-08-10T09:05:00+08:00
2025-08-10T09:00:00+08:00,TAIPEI_101,148,125,97,2025-08-10T09:05:00+08:00
2025-08-10T10:00:00+08:00,TPE_AIRPORT,87,51,37,2025-08-10T10:05:00+08:00
2025-08-10T10:00:00+08:00,TAIPEI_MAIN,157,153,133,2025-08-10T10:05:00+08:00
2025-08-10T10:00:00+08:00,XIMENDING,151,116,98,2025-08-10T10:05:00+08:00
2025-08-10T10:00:00+08:00,TAIPEI_101,170,93,83,2025-08-10T10:05:00+08:00
2025-08-10T11:00:00+08:00,TPE_AIRPORT,114,82,74,2025-08-10T11:05:00+08:00
2025-08-10T11:00:00+08:00,TAIPEI_MAIN,189,90,71,2025-08-10T11:05:00+08:00
2025-08-10T11:00:00+08:00,XIMENDING,166,156,112,2025-08-10T11:05:00+08:00
2025-08-10T11:00:00+08:00,TAIPEI_101,171,104,77,2025-08-10T11:05:00+08:00
2025-08-10T12:00:00+08:00,TPE_AIRPORT,95,66,50,2025-08-10T12:05:00+08:00
2025-08-10T12:00:00+08:00,TAIPEI_MAIN,150,117,84,2025-08-10T12:05:00+08:00
2025-08-10T12:00:00+08:00,XIMENDING,150,122,106,2025-08-10T12:05:00+08:00
2025-08-10T12:00:00+08:00,TAIPEI_101,164,124,102,2025-08-10T12:05:00+08:00
2025-08-10T13:00:00+08:00,TPE_AIRPORT,106,106,83,2025-08-10T13:05:00+08:00
2025-08-10T13:00:00+08:00,TAIPEI_MAIN,151,127,91,2025-08-10T13:05:00+08:00
2025-08-10T13:00:00+08:00,XIMENDING,133,121,102,2025-08-10T13:05:00+08:00
2025-08-10T13:00:00+08:00,TAIPEI_101,164,128,93,2025-08-10T13:05:00+08:00
2025-08-10T14:00:00+08:00,TPE_AIRPORT,127,56,45,2025-08-10T14:05:00+08:00
2025-08-10T14:00:00+08:00,TAIPEI_MAIN,160,133,120,2025-08-10T14:05:00+08:00
2025-08-10T14:00:00+08:00,XIMENDING,155,119,94,2025-08-10T14:05:00+08:00
2025-08-10T14:00:00+08:00,TAIPEI_101,149,119,96,2025-08-10T14:05:00+08:00
2025-08-10T15:00:00+08:00,TPE_AIRPORT,117,85,61,2025-08-10T15:05:00+08:00
2025-08-10T15:00:00+08:00,TAIPEI_MAIN,147,107,82,2025-08-10T15:05:00+08:00
2025-08-10T15:00:00+08:00,XIMENDING,159,107,90,2025-08-10T15:05:00+08:00
2025-08-10T15:00:00+08:00,TAIPEI_101,171,135,99,2025-08-10T15:05:00+08:00
2025-08-10T16:00:00+08:00,TPE_AIRPORT,122,77,64,2025-08-10T16:05:00+08:00
2025-08-10T16:00:00+08:00,TAIPEI_MAIN,161,81,73,2025-08-10T16:05:00+08:00
2025-08-10T16:00:00+08:00,XIMENDING,183,82,72,2025-08-10T16:05:00+08:00
2025-08-10T16:00:00+08:00,TAIPEI_101,198,70,61,2025-08-10T16:05:00+08:00
2025-08-10T17:00:00+08:00,TPE_AIRPORT,142,84,67,2025-08-10T17:05:00+08:00
2025-08-10T17:00:00+08:00,TAIPEI_MAIN,146,116,83,2025-08-10T17:05:00+08:00
2025-08-10T17:00:00+08:00,XIMENDING,149,112,100,2025-08-10T17:05:00+08:00
2025-08-10T17:00:00+08:00,TAIPEI_101,194,70,59,2025-08-10T17:05:00+08:00
2025-08-10T18:00:00+08:00,TPE_AIRPORT,95,99,75,2025-08-10T18:05:00+08:00
2025-08-10T18:00:00+08:00,TAIPEI_MAIN,146,97,77,2025-08-10T18:05:00+08:00
2025-08-10T18:00:00+08:00,XIMENDING,157,137,120,2025-08-10T18:05:00+08:00
2025-08-10T18:00:00+08:00,TAIPEI_101,180,65,50,2025-08-10T18:05:00+08:00
2025-08-10T19:00:00+08:00,TPE_AIRPORT,83,67,48,2025-08-10T19:05:00+08:00
2025-08-10T19:00:00+08:00,TAIPEI_MAIN,181,95,75,2025-08-10T19:05:00+08:00
2025-08-10T19:00:00+08:00,XIMENDING,172,68,49,2025-08-10T19:05:00+08:00
2025-08-10T19:00:00+08:00,TAIPEI_101,147,109,91,2025-08-10T19:05:00+08:00
2025-08-10T20:00:00+08:00,TPE_AIRPORT,60,125,91,2025-08-10T20:05:00+08:00
2025-08-10T20:00:00+08:00,TAIPEI_MAIN,111,207,188,2025-08-10T20:05:00+08:00
2025-08-10T20:00:00+08:00,XIMENDING,125,179,132,2025-08-10T20:05:00+08:00
2025-08-10T20:00:00+08:00,TAIPEI_101,125,180,153,2025-08-10T20:05:00+08:00
2025-08-10T21:00:00+08:00,TPE_AIRPORT,64,90,67,2025-08-10T21:05:00+08:00
2025-08-10T21:00:00+08:00,TAIPEI_MAIN,127,189,159,2025-08-10T21:05:00+08:00
2025-08-10T21:00:00+08:00,XIMENDING,142,192,154,2025-08-10T21:05:00+08:00
2025-08-10T21:00:00+08:00,TAIPEI_101,128,160,124,2025-08-10T21:05:00+08:00
2025-08-10T22:00:00+08:00,TPE_AIRPORT,86,154,121,2025-08-10T22:05:00+08:00
2025-08-10T22:00:00+08:00,TAIPEI_MAIN,125,200,165,2025-08-10T22:05:00+08:00
2025-08-10T22:00:00+08:00,XIMENDING,145,216,180,2025-08-10T22:05:00+08:00
2025-08-10T22:00:00+08:00,TAIPEI_101,150,173,129,2025-08-10T22:05:00+08:00
2025-08-10T23:00:00+08:00,TPE_AIRPORT,75,139,119,2025-08-10T23:05:00+08:00
2025-08-10T23:00:00+08:00,TAIPEI_MAIN,151,179,152,2025-08-10T23:05:00+08:00
2025-08-10T23:00:00+08:00,XIMENDING,106,204,162,2025-08-10T23:05:00+08:00
2025-08-10T23:00:00+08:00,TAIPEI_101,107,184,140,2025-08-10T23:05:00+08:00
2025-08-11T00:00:00+08:00,TPE_AIRPORT,99,68,56,2025-08-11T00:05:00+08:00
2025-08-11T00:00:00+08:00,TAIPEI_MAIN,147,108,95,2025-08-11T00:05:00+08:00
2025-08-11T00:00:00+08:00,XIMENDING,159,77,66,2025-08-11T00:05:00+08:00
2025-08-11T00:00:00+08:00,TAIPEI_101,149,134,103,2025-08-11T00:05:00+08:00
2025-08-11T01:00:00+08:00,TPE_AIRPORT,123,60,49,2025-08-11T01:05:00+08:00
2025-08-11T01:00:00+08:00,TAIPEI_MAIN,120,120,109,2025-08-11T01:05:00+08:00
2025-08-11T01:00:00+08:00,XIMENDING,166,136,117,2025-08-11T01:05:00+08:00
2025-08-11T01:00:00+08:00,TAIPEI_101,161,103,76,2025-08-11T01:05:00+08:00
2025-08-11T02:00:00+08:00,TPE_AIRPORT,135,61,48,2025-08-11T02:05:00+08:00
2025-08-11T02:00:00+08:00,TAIPEI_MAIN,183,104,76,2025-08-11T02:05:00+08:00
2025-08-11T02:00:00+08:00,XIMENDING,149,78,61,2025-08-11T02:05:00+08:00
2025-08-11T02:00:00+08:00,TAIPEI_101,135,115,84,2025-08-11T02:05:00+08:00
2025-08-11T03:00:00+08:00,TPE_AIRPORT,88,85,77,2025-08-11T03:05:00+08:00
2025-08-11T03:00:00+08:00,TAIPEI_MAIN,178,127,111,2025-08-11T03:05:00+08:00
2025-08-11T03:00:00+08:00,XIMENDING,143,101,75,2025-08-11T03:05:00+08:00
2025-08-11T03:00:00+08:00,TAIPEI_101,153,114,90,2025-08-11T03:05:00+08:00
2025-08-11T04:00:00+08:00,TPE_AIRPORT,113,63,57,2025-08-11T04:05:00+08:00
2025-08-11T04:00:00+08:00,TAIPEI_MAIN,152,147,122,2025-08-11T04:05:00+08:00
2025-08-11T04:00:00+08:00,XIMENDING,159,105,85,2025-08-11T04:05:00+08:00
2025-08-11T04:00:00+08:00,TAIPEI_101,160,116,100,2025-08-11T04:05:00+08:00
2025-08-11T05:00:00+08:00,TPE_AIRPORT,83,156,127,2025-08-11T05:05:00+08:00
2025-08-11T05:00:00+08:00,TAIPEI_MAIN,139,179,138,2025-08-11T05:05:00+08:00
2025-08-11T05:00:00+08:00,XIMENDING,121,185,134,2025-08-11T05:05:00+08:00
2025-08-11T05:00:00+08:00,TAIPEI_101,136,183,155,2025-08-11T05:05:00+08:00
2025-08-11T06:00:00+08:00,TPE_AIRPORT,89,122,96,2025-08-11T06:05:00+08:00
2025-08-11T06:00:00+08:00,TAIPEI_MAIN,103,172,148,2025-08-11T06:05:00+08:00
2025-08-11T06:00:00+08:00,XIMENDING,143,215,176,2025-08-11T06:05:00+08:00
2025-08-11T06:00:00+08:00,TAIPEI_101,100,183,153,2025-08-11T06:05:00+08:00
2025-08-11T07:00:00+08:00,TPE_AIRPORT,78,128,96,2025-08-11T07:05:00+08:00
2025-08-11T07:00:00+08:00,TAIPEI_MAIN,168,185,133,2025-08-11T07:05:00+08:00
2025-08-11T07:00:00+08:00,XIMENDING,108,174,131,2025-08-11T07:05:00+08:00
2025-08-11T07:00:00+08:00,TAIPEI_101,116,195,141,2025-08-11T07:05:00+08:00
2025-08-11T08:00:00+08:00,TPE_AIRPORT,75,132,107,2025-08-11T08:05:00+08:00
2025-08-11T08:00:00+08:00,TAIPEI_MAIN,134,250,198,2025-08-11T08:05:00+08:00
2025-08-11T08:00:00+08:00,XIMENDING,124,184,159,2025-08-11T08:05:00+08:00
2025-08-11T08:00:00+08:00,TAIPEI_101,136,202,165,2025-08-11T08:05:00+08:00
2025-08-11T09:00:00+08:00,TPE_AIRPORT,100,79,57,2025-08-11T09:05:00+08:00
2025-08-11T09:00:00+08:00,TAIPEI_MAIN,181,81,70,2025-08-11T09:05:00+08:00
2025-08-11T09:00:00+08:00,XIMENDING,153,121,99,2025-08-11T09:05:00+08:00
2025-08-11T09:00:00+08:00,TAIPEI_101,189,106,91,2025-08-11T09:05:00+08:00
2025-08-11T10:00:00+08:00,TPE_AIRPORT,111,85,73,2025-08-11T10:05:00+08:00
2025-08-11T10:00:00+08:00,TAIPEI_MAIN,187,123,98,2025-08-11T10:05:00+08:00
2025-08-11T10:00:00+08:00,XIMENDING,156,165,130,2025-08-11T10:05:00+08:00
2025-08-11T10:00:00+08:00,TAIPEI_101,156,112,83,2025-08-11T10:05:00+08:00
2025-08-11T11:00:00+08:00,TPE_AIRPORT,127,117,93,2025-08-11T11:05:00+08:00
2025-08-11T11:00:00+08:00,TAIPEI_MAIN,163,144,129,2025-08-11T11:05:00+08:00
2025-08-11T11:00:00+08:00,XIMENDING,159,98,84,2025-08-11T11:05:00+08:00
2025-08-11T11:00:00+08:00,TAIPEI_101,145,121,88,2025-08-11T11:05:00+08:00
2025-08-11T12:00:00+08:00,TPE_AIRPORT,106,88,65,2025-08-11T12:05:00+08:00
2025-08-11T12:00:00+08:00,TAIPEI_MAIN,153,165,139,2025-08-11T12:05:00+08:00
2025-08-11T12:00:00+08:00,XIMENDING,163,145,108,2025-08-11T12:05:00+08:00
2025-08-11T12:00:00+08:00,TAIPEI_101,107,124,111,2025-08-11T12:05:00+08:00
2025-08-11T13:00:00+08:00,TPE_AIRPORT,113,91,70,2025-08-11T13:05:00+08:00
2025-08-11T13:00:00+08:00,TAIPEI_MAIN,164,104,91,2025-08-11T13:05:00+08:00
2025-08-11T13:00:00+08:00,XIMENDING,149,94,74,2025-08-11T13:05:00+08:00
2025-08-11T13:00:00+08:00,TAIPEI_101,167,153,134,2025-08-11T13:05:00+08:00
2025-08-11T14:00:00+08:00,TPE_AIRPORT,126,59,42,2025-08-11T14:05:00+08:00
2025-08-11T14:00:00+08:00,TAIPEI_MAIN,140,125,105,2025-08-11T14:05:00+08:00
2025-08-11T14:00:00+08:00,XIMENDING,170,139,113,2025-08-11T14:05:00+08:00
2025-08-11T14:00:00+08:00,TAIPEI_101,146,126,113,2025-08-11T14:05:00+08:00
2025-08-11T15:00:00+08:00,TPE_AIRPORT,126,54,43,2025-08-11T15:05:00+08:00
2025-08-11T15:00:00+08:00,TAIPEI_MAIN,162,107,79,2025-08-11T15:05:00+08:00
2025-08-11T15:00:00+08:00,XIMENDING,160,133,109,2025-08-11T15:05:00+08:00
2025-08-11T15:00:00+08:00,TAIPEI_101,171,155,128,2025-08-11T15:05:00+08:00
2025-08-11T16:00:00+08:00,TPE_AIRPORT,120,115,84,2025-08-11T16:05:00+08:00
2025-08-11T16:00:00+08:00,TAIPEI_MAIN,169,134,103,2025-08-11T16:05:00+08:00
2025-08-11T16:00:00+08:00,XIMENDING,127,142,114,2025-08-11T16:05:00+08:00
2025-08-11T16:00:00+08:00,TAIPEI_101,139,128,108,2025-08-11T16:05:00+08:00
2025-08-11T17:00:00+08:00,TPE_AIRPORT,91,115,91,2025-08-11T17:05:00+08:00
2025-08-11T17:00:00+08:00,TAIPEI_MAIN,185,84,68,2025-08-11T17:05:00+08:00
2025-08-11T17:00:00+08:00,XIMENDING,156,117,87,2025-08-11T17:05:00+08:00
2025-08-11T17:00:00+08:00,TAIPEI_101,166,125,100,2025-08-11T17:05:00+08:00
2025-08-11T18:00:00+08:00,TPE_AIRPORT,130,44,34,2025-08-11T18:05:00+08:00
2025-08-11T18:00:00+08:00,TAIPEI_MAIN,189,78,70,2025-08-11T18:05:00+08:00
2025-08-11T18:00:00+08:00,XIMENDING,152,93,76,2025-08-11T18:05:00+08:00
2025-08-11T18:00:00+08:00,TAIPEI_101,157,129,108,2025-08-11T18:05:00+08:00
2025-08-11T19:00:00+08:00,TPE_AIRPORT,92,51,45,2025-08-11T19:05:00+08:00
2025-08-11T19:00:00+08:00,TAIPEI_MAIN,151,104,76,2025-08-11T19:05:00+08:00
2025-08-11T19:00:00+08:00,XIMENDING,128,109,88,2025-08-11T19:05:00+08:00
2025-08-11T19:00:00+08:00,TAIPEI_101,141,112,92,2025-08-11T19:05:00+08:00
2025-08-11T20:00:00+08:00,TPE_AIRPORT,80,117,103,2025-08-11T20:05:00+08:00
2025-08-11T20:00:00+08:00,TAIPEI_MAIN,121,174,157,2025-08-11T20:05:00+08:00
2025-08-11T20:00:00+08:00,XIMENDING,127,198,152,2025-08-11T20:05:00+08:00
2025-08-11T20:00:00+08:00,TAIPEI_101,142,240,218,2025-08-11T20:05:00+08:00
2025-08-11T21:00:00+08:00,TPE_AIRPORT,62,136,118,2025-08-11T21:05:00+08:00
2025-08-11T21:00:00+08:00,TAIPEI_MAIN,111,205,174,2025-08-11T21:05:00+08:00
2025-08-11T21:00:00+08:00,XIMENDING,112,198,171,2025-08-11T21:05:00+08:00
2025-08-11T21:00:00+08:00,TAIPEI_101,120,163,133,2025-08-11T21:05:00+08:00
2025-08-11T22:00:00+08:00,TPE_AIRPORT,74,103,80,2025-08-11T22:05:00+08:00
2025-08-11T22:00:00+08:00,TAIPEI_MAIN,115,225,197,2025-08-11T22:05:00+08:00
2025-08-11T22:00:00+08:00,XIMENDING,143,169,128,2025-08-11T22:05:00+08:00
2025-08-11T22:00:00+08:00,TAIPEI_101,155,198,177,2025-08-11T22:05:00+08:00
2025-08-11T23:00:00+08:00,TPE_AIRPORT,94,76,69,2025-08-11T23:05:00+08:00
2025-08-11T23:00:00+08:00,TAIPEI_MAIN,129,173,146,2025-08-11T23:05:00+08:00
2025-08-11T23:00:00+08:00,XIMENDING,116,245,207,2025-08-11T23:05:00+08:00
2025-08-11T23:00:00+08:00,TAIPEI_101,97,229,200,2025-08-11T23:05:00+08:00
2025-08-12T00:00:00+08:00,TPE_AIRPORT,97,68,50,2025-08-12T00:05:00+08:00
2025-08-12T00:00:00+08:00,TAIPEI_MAIN,154,154,127,2025-08-12T00:05:00+08:00
2025-08-12T00:00:00+08:00,XIMENDING,166,108,90,2025-08-12T00:05:00+08:00
2025-08-12T00:00:00+08:00,TAIPEI_101,164,143,107,2025-08-12T00:05:00+08:00
2025-08-12T01:00:00+08:00,TPE_AIRPORT,128,104,86,2025-08-12T01:05:00+08:00
2025-08-12T01:00:00+08:00,TAIPEI_MAIN,159,119,88,2025-08-12T01:05:00+08:00
2025-08-12T01:00:00+08:00,XIMENDING,160,81,71,2025-08-12T01:05:00+08:00
2025-08-12T01:00:00+08:00,TAIPEI_101,155,66,56,2025-08-12T01:05:00+08:00
2025-08-12T02:00:00+08:00,TPE_AIRPORT,85,67,58,2025-08-12T02:05:00+08:00
2025-08-12T02:00:00+08:00,TAIPEI_MAIN,137,113,102,2025-08-12T02:05:00+08:00
2025-08-12T02:00:00+08:00,XIMENDING,158,118,103,2025-08-12T02:05:00+08:00
2025-08-12T02:00:00+08:00,TAIPEI_101,188,138,123,2025-08-12T02:05:00+08:00
2025-08-12T03:00:00+08:00,TPE_AIRPORT,112,106,96,2025-08-12T03:05:00+08:00
2025-08-12T03:00:00+08:00,TAIPEI_MAIN,166,150,125,2025-08-12T03:05:00+08:00
2025-08-12T03:00:00+08:00,XIMENDING,167,110,95,2025-08-12T03:05:00+08:00
2025-08-12T03:00:00+08:00,TAIPEI_101,163,84,75,2025-08-12T03:05:00+08:00
2025-08-12T04:00:00+08:00,TPE_AIRPORT,81,48,43,2025-08-12T04:05:00+08:00
2025-08-12T04:00:00+08:00,TAIPEI_MAIN,145,151,118,2025-08-12T04:05:00+08:00
2025-08-12T04:00:00+08:00,XIMENDING,169,151,136,2025-08-12T04:05:00+08:00
2025-08-12T04:00:00+08:00,TAIPEI_101,122,107,81,2025-08-12T04:05:00+08:00
2025-08-12T05:00:00+08:00,TPE_AIRPORT,75,162,138,2025-08-12T05:05:00+08:00
2025-08-12T05:00:00+08:00,TAIPEI_MAIN,109,187,149,2025-08-12T05:05:00+08:00
2025-08-12T05:00:00+08:00,XIMENDING,116,207,188,2025-08-12T05:05:00+08:00
2025-08-12T05:00:00+08:00,TAIPEI_101,142,183,137,2025-08-12T05:05:00+08:00
2025-08-12T06:00:00+08:00,TPE_AIRPORT,61,140,124,2025-08-12T06:05:00+08:00
2025-08-12T06:00:00+08:00,TAIPEI_MAIN,139,182,144,2025-08-12T06:05:00+08:00
2025-08-12T06:00:00+08:00,XIMENDING,139,188,143,2025-08-12T06:05:00+08:00
2025-08-12T06:00:00+08:00,TAIPEI_101,150,169,146,2025-08-12T06:05:00+08:00
2025-08-12T07:00:00+08:00,TPE_AIRPORT,101,159,127,2025-08-12T07:05:00+08:00
2025-08-12T07:00:00+08:00,TAIPEI_MAIN,156,147,119,2025-08-12T07:05:00+08:00
2025-08-12T07:00:00+08:00,XIMENDING,132,163,133,2025-08-12T07:05:00+08:00
2025-08-12T07:00:00+08:00,TAIPEI_101,157,203,157,2025-08-12T07:05:00+08:00
2025-08-12T08:00:00+08:00,TPE_AIRPORT,72,129,97,2025-08-12T08:05:00+08:00
2025-08-12T08:00:00+08:00,TAIPEI_MAIN,136,200,176,2025-08-12T08:05:00+08:00
2025-08-12T08:00:00+08:00,XIMENDING,153,145,120,2025-08-12T08:05:00+08:00
2025-08-12T08:00:00+08:00,TAIPEI_101,135,174,141,2025-08-12T08:05:00+08:00
2025-08-12T09:00:00+08:00,TPE_AIRPORT,140,88,75,2025-08-12T09:05:00+08:00
2025-08-12T09:00:00+08:00,TAIPEI_MAIN,140,99,75,2025-08-12T09:05:00+08:00
2025-08-12T09:00:00+08:00,XIMENDING,181,132,101,2025-08-12T09:05:00+08:00
2025-08-12T09:00:00+08:00,TAIPEI_101,159,89,70,2025-08-12T09:05:00+08:00
2025-08-12T10:00:00+08:00,TPE_AIRPORT,115,116,98,2025-08-12T10:05:00+08:00
2025-08-12T10:00:00+08:00,TAIPEI_MAIN,147,41,31,2025-08-12T10:05:00+08:00
2025-08-12T10:00:00+08:00,XIMENDING,163,118,91,2025-08-12T10:05:00+08:00
2025-08-12T10:00:00+08:00,TAIPEI_101,141,101,90,2025-08-12T10:05:00+08:00
2025-08-12T11:00:00+08:00,TPE_AIRPORT,104,68,49,2025-08-12T11:05:00+08:00
2025-08-12T11:00:00+08:00,TAIPEI_MAIN,142,68,61,2025-08-12T11:05:00+08:00
2025-08-12T11:00:00+08:00,XIMENDING,114,180,161,2025-08-12T11:05:00+08:00
2025-08-12T11:00:00+08:00,TAIPEI_101,179,76,68,2025-08-12T11:05:00+08:00
2025-08-12T12:00:00+08:00,TPE_AIRPORT,114,83,73,2025-08-12T12:05:00+08:00
2025-08-12T12:00:00+08:00,TAIPEI_MAIN,172,135,108,2025-08-12T12:05:00+08:00
2025-08-12T12:00:00+08:00,XIMENDING,144,145,122,2025-08-12T12:05:00+08:00
2025-08-12T12:00:00+08:00,TAIPEI_101,164,92,82,2025-08-12T12:05:00+08:00
2025-08-12T13:00:00+08:00,TPE_AIRPORT,144,93,75,2025-08-12T13:05:00+08:00
2025-08-12T13:00:00+08:00,TAIPEI_MAIN,134,126,102,2025-08-12T13:05:00+08:00
2025-08-12T13:00:00+08:00,XIMENDING,161,127,107,2025-08-12T13:05:00+08:00
2025-08-12T13:00:00+08:00,TAIPEI_101,165,102,89,2025-08-12T13:05:00+08:00
2025-08-12T14:00:00+08:00,TPE_AIRPORT,117,66,51,2025-08-12T14:05:00+08:00
2025-08-12T14:00:00+08:00,TAIPEI_MAIN,161,129,111,2025-08-12T14:05:00+08:00
2025-08-12T14:00:00+08:00,XIMENDING,149,121,105,2025-08-12T14:05:00+08:00
2025-08-12T14:00:00+08:00,TAIPEI_101,165,102,84,2025-08-12T14:05:00+08:00
2025-08-12T15:00:00+08:00,TPE_AIRPORT,132,79,70,2025-08-12T15:05:00+08:00
2025-08-12T15:00:00+08:00,TAIPEI_MAIN,163,116,103,2025-08-12T15:05:00+08:00
2025-08-12T15:00:00+08:00,XIMENDING,132,90,69,2025-08-12T15:05:00+08:00
2025-08-12T15:00:00+08:00,TAIPEI_101,140,123,99,2025-08-12T15:05:00+08:00
2025-08-12T16:00:00+08:00,TPE_AIRPORT,97,117,93,2025-08-12T16:05:00+08:00
2025-08-12T16:00:00+08:00,TAIPEI_MAIN,164,105,81,2025-08-12T16:05:00+08:00
2025-08-12T16:00:00+08:00,XIMENDING,144,115,104,2025-08-12T16:05:00+08:00
2025-08-12T16:00:00+08:00,TAIPEI_101,163,134,120,2025-08-12T16:05:00+08:00
2025-08-12T17:00:00+08:00,TPE_AIRPORT,119,78,67,2025-08-12T17:05:00+08:00
2025-08-12T17:00:00+08:00,TAIPEI_MAIN,173,125,101,2025-08-12T17:05:00+08:00
2025-08-12T17:00:00+08:00,XIMENDING,197,84,61,2025-08-12T17:05:00+08:00
2025-08-12T17:00:00+08:00,TAIPEI_101,199,131,111,2025-08-12T17:05:00+08:00
2025-08-12T18:00:00+08:00,TPE_AIRPORT,133,69,50,2025-08-12T18:05:00+08:00
2025-08-12T18:00:00+08:00,TAIPEI_MAIN,165,120,99,2025-08-12T18:05:00+08:00
2025-08-12T18:00:00+08:00,XIMENDING,172,86,63,2025-08-12T18:05:00+08:00
2025-08-12T18:00:00+08:00,TAIPEI_101,173,114,85,2025-08-12T18:05:00+08:00
2025-08-12T19:00:00+08:00,TPE_AIRPORT,91,94,76,2025-08-12T19:05:00+08:00
2025-08-12T19:00:00+08:00,TAIPEI_MAIN,185,116,104,2025-08-12T19:05:00+08:00
2025-08-12T19:00:00+08:00,XIMENDING,117,101,80,2025-08-12T19:05:00+08:00
2025-08-12T19:00:00+08:00,TAIPEI_101,151,100,73,2025-08-12T19:05:00+08:00
2025-08-12T20:00:00+08:00,TPE_AIRPORT,59,92,71,2025-08-12T20:05:00+08:00
2025-08-12T20:00:00+08:00,TAIPEI_MAIN,135,205,174,2025-08-12T20:05:00+08:00
2025-08-12T20:00:00+08:00,XIMENDING,123,217,184,2025-08-12T20:05:00+08:00
2025-08-12T20:00:00+08:00,TAIPEI_101,111,210,157,2025-08-12T20:05:00+08:00
2025-08-12T21:00:00+08:00,TPE_AIRPORT,73,126,93,2025-08-12T21:05:00+08:00
2025-08-12T21:00:00+08:00,TAIPEI_MAIN,132,165,142,2025-08-12T21:05:00+08:00
2025-08-12T21:00:00+08:00,XIMENDING,136,193,143,2025-08-12T21:05:00+08:00
2025-08-12T21:00:00+08:00,TAIPEI_101,154,204,167,2025-08-12T21:05:00+08:00
2025-08-12T22:00:00+08:00,TPE_AIRPORT,49,121,92,2025-08-12T22:05:00+08:00
2025-08-12T22:00:00+08:00,TAIPEI_MAIN,137,176,144,2025-08-12T22:05:00+08:00
2025-08-12T22:00:00+08:00,XIMENDING,107,181,130,2025-08-12T22:05:00+08:00
2025-08-12T22:00:00+08:00,TAIPEI_101,140,176,142,2025-08-12T22:05:00+08:00
2025-08-12T23:00:00+08:00,TPE_AIRPORT,61,170,147,2025-08-12T23:05:00+08:00
2025-08-12T23:00:00+08:00,TAIPEI_MAIN,137,187,134,2025-08-12T23:05:00+08:00
2025-08-12T23:00:00+08:00,XIMENDING,135,169,139,2025-08-12T23:05:00+08:00
2025-08-12T23:00:00+08:00,TAIPEI_101,121,190,157,2025-08-12T23:05:00+08:00
2025-08-13T00:00:00+08:00,TPE_AIRPORT,124,79,64,2025-08-13T00:05:00+08:00
2025-08-13T00:00:00+08:00,TAIPEI_MAIN,141,131,115,2025-08-13T00:05:00+08:00
2025-08-13T00:00:00+08:00,XIMENDING,175,65,57,2025-08-13T00:05:00+08:00
2025-08-13T00:00:00+08:00,TAIPEI_101,144,145,128,2025-08-13T00:05:00+08:00
2025-08-13T01:00:00+08:00,TPE_AIRPORT,100,75,67,2025-08-13T01:05:00+08:00
2025-08-13T01:00:00+08:00,TAIPEI_MAIN,136,104,75,2025-08-13T01:05:00+08:00
2025-08-13T01:00:00+08:00,XIMENDING,182,105,78,2025-08-13T01:05:00+08:00
2025-08-13T01:00:00+08:00,TAIPEI_101,169,94,80,2025-08-13T01:05:00+08:00
2025-08-13T02:00:00+08:00,TPE_AIRPORT,103,68,49,2025-08-13T02:05:00+08:00
2025-08-13T02:00:00+08:00,TAIPEI_MAIN,136,71,56,2025-08-13T02:05:00+08:00
2025-08-13T02:00:00+08:00,XIMENDING,152,116,95,2025-08-13T02:05:00+08:00
2025-08-13T02:00:00+08:00,TAIPEI_101,157,119,87,2025-08-13T02:05:00+08:00
2025-08-13T03:00:00+08:00,TPE_AIRPORT,103,62,55,2025-08-13T03:05:00+08:00
2025-08-13T03:00:00+08:00,TAIPEI_MAIN,178,115,90,2025-08-13T03:05:00+08:00
2025-08-13T03:00:00+08:00,XIMENDING,165,138,118,2025-08-13T03:05:00+08:00
2025-08-13T03:00:00+08:00,TAIPEI_101,159,139,100,2025-08-13T03:05:00+08:00
2025-08-13T04:00:00+08:00,TPE_AIRPORT,132,81,58,2025-08-13T04:05:00+08:00
2025-08-13T04:00:00+08:00,TAIPEI_MAIN,162,113,97,2025-08-13T04:05:00+08:00
2025-08-13T04:00:00+08:00,XIMENDING,134,118,91,2025-08-13T04:05:00+08:00
2025-08-13T04:00:00+08:00,TAIPEI_101,136,132,101,2025-08-13T04:05:00+08:00
2025-08-13T05:00:00+08:00,TPE_AIRPORT,74,134,120,2025-08-13T05:05:00+08:00
2025-08-13T05:00:00+08:00,TAIPEI_MAIN,128,221,160,2025-08-13T05:05:00+08:00
2025-08-13T05:00:00+08:00,XIMENDING,123,263,231,2025-08-13T05:05:00+08:00
2025-08-13T05:00:00+08:00,TAIPEI_101,121,185,134,2025-08-13T05:05:00+08:00
2025-08-13T06:00:00+08:00,TPE_AIRPORT,65,77,59,2025-08-13T06:05:00+08:00
2025-08-13T06:00:00+08:00,TAIPEI_MAIN,163,166,132,2025-08-13T06:05:00+08:00
2025-08-13T06:00:00+08:00,XIMENDING,118,155,130,2025-08-13T06:05:00+08:00
2025-08-13T06:00:00+08:00,TAIPEI_101,105,175,129,2025-08-13T06:05:00+08:00
2025-08-13T07:00:00+08:00,TPE_AIRPORT,69,136,120,2025-08-13T07:05:00+08:00
2025-08-13T07:00:00+08:00,TAIPEI_MAIN,142,226,191,2025-08-13T07:05:00+08:00
2025-08-13T07:00:00+08:00,XIMENDING,144,182,148,2025-08-13T07:05:00+08:00
2025-08-13T07:00:00+08:00,TAIPEI_101,128,204,162,2025-08-13T07:05:00+08:00
2025-08-13T08:00:00+08:00,TPE_AIRPORT,59,135,105,2025-08-13T08:05:00+08:00
2025-08-13T08:00:00+08:00,TAIPEI_MAIN,119,207,176,2025-08-13T08:05:00+08:00
2025-08-13T08:00:00+08:00,XIMENDING,100,167,121,2025-08-13T08:05:00+08:00
2025-08-13T08:00:00+08:00,TAIPEI_101,161,150,129,2025-08-13T08:05:00+08:00
2025-08-13T09:00:00+08:00,TPE_AIRPORT,121,102,85,2025-08-13T09:05:00+08:00
2025-08-13T09:00:00+08:00,TAIPEI_MAIN,125,108,89,2025-08-13T09:05:00+08:00
2025-08-13T09:00:00+08:00,XIMENDING,168,125,108,2025-08-13T09:05:00+08:00
2025-08-13T09:00:00+08:00,TAIPEI_101,137,106,90,2025-08-13T09:05:00+08:00
2025-08-13T10:00:00+08:00,TPE_AIRPORT,135,113,96,2025-08-13T10:05:00+08:00
2025-08-13T10:00:00+08:00,TAIPEI_MAIN,132,79,63,2025-08-13T10:05:00+08:00
2025-08-13T10:00:00+08:00,XIMENDING,184,164,131,2025-08-13T10:05:00+08:00
2025-08-13T10:00:00+08:00,TAIPEI_101,146,143,110,2025-08-13T10:05:00+08:00
2025-08-13T11:00:00+08:00,TPE_AIRPORT,84,79,70,2025-08-13T11:05:00+08:00
2025-08-13T11:00:00+08:00,TAIPEI_MAIN,148,85,74,2025-08-13T11:05:00+08:00
2025-08-13T11:00:00+08:00,XIMENDING,182,70,59,2025-08-13T11:05:00+08:00
2025-08-13T11:00:00+08:00,TAIPEI_101,182,129,110,2025-08-13T11:05:00+08:00
2025-08-13T12:00:00+08:00,TPE_AIRPORT,143,99,74,2025-08-13T12:05:00+08:00
2025-08-13T12:00:00+08:00,TAIPEI_MAIN,174,101,85,2025-08-13T12:05:00+08:00
2025-08-13T12:00:00+08:00,XIMENDING,115,128,100,2025-08-13T12:05:00+08:00
2025-08-13T12:00:00+08:00,TAIPEI_101,196,143,124,2025-08-13T12:05:00+08:00
2025-08-13T13:00:00+08:00,TPE_AIRPORT,83,75,67,2025-08-13T13:05:00+08:00
2025-08-13T13:00:00+08:00,TAIPEI_MAIN,171,152,110,2025-08-13T13:05:00+08:00
2025-08-13T13:00:00+08:00,XIMENDING,135,95,84,2025-08-13T13:05:00+08:00
2025-08-13T13:00:00+08:00,TAIPEI_101,142,133,99,2025-08-13T13:05:00+08:00
2025-08-13T14:00:00+08:00,TPE_AIRPORT,82,91,80,2025-08-13T14:05:00+08:00
2025-08-13T14:00:00+08:00,TAIPEI_MAIN,201,121,107,2025-08-13T14:05:00+08:00
2025-08-13T14:00:00+08:00,XIMENDING,175,107,89,2025-08-13T14:05:00+08:00
2025-08-13T14:00:00+08:00,TAIPEI_101,184,131,102,2025-08-13T14:05:00+08:00
2025-08-13T15:00:00+08:00,TPE_AIRPORT,130,102,78,2025-08-13T15:05:00+08:00
2025-08-13T15:00:00+08:00,TAIPEI_MAIN,158,139,118,2025-08-13T15:05:00+08:00
2025-08-13T15:00:00+08:00,XIMENDING,154,134,100,2025-08-13T15:05:00+08:00
2025-08-13T15:00:00+08:00,TAIPEI_101,146,105,77,2025-08-13T15:05:00+08:00
2025-08-13T16:00:00+08:00,TPE_AIRPORT,102,89,80,2025-08-13T16:05:00+08:00
2025-08-13T16:00:00+08:00,TAIPEI_MAIN,156,68,55,2025-08-13T16:05:00+08:00
2025-08-13T16:00:00+08:00,XIMENDING,151,95,77,2025-08-13T16:05:00+08:00
2025-08-13T16:00:00+08:00,TAIPEI_101,144,63,46,2025-08-13T16:05:00+08:00
2025-08-13T17:00:00+08:00,TPE_AIRPORT,112,59,48,2025-08-13T17:05:00+08:00
2025-08-13T17:00:00+08:00,TAIPEI_MAIN,163,116,103,2025-08-13T17:05:00+08:00
2025-08-13T17:00:00+08:00,XIMENDING,157,142,118,2025-08-13T17:05:00+08:00
2025-08-13T17:00:00+08:00,TAIPEI_101,139,102,83,2025-08-13T17:05:00+08:00
2025-08-13T18:00:00+08:00,TPE_AIRPORT,112,74,60,2025-08-13T18:05:00+08:00
2025-08-13T18:00:00+08:00,TAIPEI_MAIN,147,156,141,2025-08-13T18:05:00+08:00
2025-08-13T18:00:00+08:00,XIMENDING,178,67,53,2025-08-13T18:05:00+08:00
2025-08-13T18:00:00+08:00,TAIPEI_101,145,62,51,2025-08-13T18:05:00+08:00
2025-08-13T19:00:00+08:00,TPE_AIRPORT,142,74,57,2025-08-13T19:05:00+08:00
2025-08-13T19:00:00+08:00,TAIPEI_MAIN,168,92,68,2025-08-13T19:05:00+08:00
2025-08-13T19:00:00+08:00,XIMENDING,178,107,94,2025-08-13T19:05:00+08:00
2025-08-13T19:00:00+08:00,TAIPEI_101,143,123,93,2025-08-13T19:05:00+08:00
2025-08-13T20:00:00+08:00,TPE_AIRPORT,65,102,90,2025-08-13T20:05:00+08:00
2025-08-13T20:00:00+08:00,TAIPEI_MAIN,142,177,160,2025-08-13T20:05:00+08:00
2025-08-13T20:00:00+08:00,XIMENDING,184,220,185,2025-08-13T20:05:00+08:00
2025-08-13T20:00:00+08:00,TAIPEI_101,166,187,141,2025-08-13T20:05:00+08:00
2025-08-13T21:00:00+08:00,TPE_AIRPORT,77,161,126,2025-08-13T21:05:00+08:00
2025-08-13T21:00:00+08:00,TAIPEI_MAIN,157,166,139,2025-08-13T21:05:00+08:00
2025-08-13T21:00:00+08:00,XIMENDING,103,198,148,2025-08-13T21:05:00+08:00
2025-08-13T21:00:00+08:00,TAIPEI_101,91,193,162,2025-08-13T21:05:00+08:00
2025-08-13T22:00:00+08:00,TPE_AIRPORT,83,140,106,2025-08-13T22:05:00+08:00
2025-08-13T22:00:00+08:00,TAIPEI_MAIN,141,199,143,2025-08-13T22:05:00+08:00
2025-08-13T22:00:00+08:00,XIMENDING,145,185,148,2025-08-13T22:05:00+08:00
2025-08-13T22:00:00+08:00,TAIPEI_101,114,225,186,2025-08-13T22:05:00+08:00
2025-08-13T23:00:00+08:00,TPE_AIRPORT,107,152,119,2025-08-13T23:05:00+08:00
2025-08-13T23:00:00+08:00,TAIPEI_MAIN,146,141,115,2025-08-13T23:05:00+08:00
2025-08-13T23:00:00+08:00,XIMENDING,120,202,155,2025-08-13T23:05:00+08:00
2025-08-13T23:00:00+08:00,TAIPEI_101,123,185,165,2025-08-13T23:05:00+08:00
2025-08-14T00:00:00+08:00,TPE_AIRPORT,122,104,88,2025-08-14T00:05:00+08:00
2025-08-14T00:00:00+08:00,TAIPEI_MAIN,180,101,86,2025-08-14T00:05:00+08:00
2025-08-14T00:00:00+08:00,XIMENDING,169,120,97,2025-08-14T00:05:00+08:00
2025-08-14T00:00:00+08:00,TAIPEI_101,175,136,104,2025-08-14T00:05:00+08:00
2025-08-14T01:00:00+08:00,TPE_AIRPORT,99,78,66,2025-08-14T01:05:00+08:00
2025-08-14T01:00:00+08:00,TAIPEI_MAIN,184,123,100,2025-08-14T01:05:00+08:00
2025-08-14T01:00:00+08:00,XIMENDING,184,134,96,2025-08-14T01:05:00+08:00
2025-08-14T01:00:00+08:00,TAIPEI_101,183,91,67,2025-08-14T01:05:00+08:00
2025-08-14T02:00:00+08:00,TPE_AIRPORT,107,83,73,2025-08-14T02:05:00+08:00
2025-08-14T02:00:00+08:00,TAIPEI_MAIN,172,138,104,2025-08-14T02:05:00+08:00
2025-08-14T02:00:00+08:00,XIMENDING,161,107,96,2025-08-14T02:05:00+08:00
2025-08-14T02:00:00+08:00,TAIPEI_101,136,116,86,2025-08-14T02:05:00+08:00
2025-08-14T03:00:00+08:00,TPE_AIRPORT,92,88,78,2025-08-14T03:05:00+08:00
2025-08-14T03:00:00+08:00,TAIPEI_MAIN,166,87,77,2025-08-14T03:05:00+08:00
2025-08-14T03:00:00+08:00,XIMENDING,172,141,127,2025-08-14T03:05:00+08:00
2025-08-14T03:00:00+08:00,TAIPEI_101,171,93,67,2025-08-14T03:05:00+08:00
2025-08-14T04:00:00+08:00,TPE_AIRPORT,151,94,68,2025-08-14T04:05:00+08:00
2025-08-14T04:00:00+08:00,TAIPEI_MAIN,166,106,88,2025-08-14T04:05:00+08:00
2025-08-14T04:00:00+08:00,XIMENDING,174,126,113,2025-08-14T04:05:00+08:00
2025-08-14T04:00:00+08:00,TAIPEI_101,149,103,92,2025-08-14T04:05:00+08:00
2025-08-14T05:00:00+08:00,TPE_AIRPORT,68,113,86,2025-08-14T05:05:00+08:00
2025-08-14T05:00:00+08:00,TAIPEI_MAIN,128,204,175,2025-08-14T05:05:00+08:00
2025-08-14T05:00:00+08:00,XIMENDING,129,170,131,2025-08-14T05:05:00+08:00
2025-08-14T05:00:00+08:00,TAIPEI_101,135,160,145,2025-08-14T05:05:00+08:00
2025-08-14T06:00:00+08:00,TPE_AIRPORT,101,114,103,2025-08-14T06:05:00+08:00
2025-08-14T06:00:00+08:00,TAIPEI_MAIN,163,186,139,2025-08-14T06:05:00+08:00
2025-08-14T06:00:00+08:00,XIMENDING,136,190,166,2025-08-14T06:05:00+08:00
2025-08-14T06:00:00+08:00,TAIPEI_101,112,217,161,2025-08-14T06:05:00+08:00
2025-08-14T07:00:00+08:00,TPE_AIRPORT,91,127,111,2025-08-14T07:05:00+08:00
2025-08-14T07:00:00+08:00,TAIPEI_MAIN,139,174,133,2025-08-14T07:05:00+08:00
2025-08-14T07:00:00+08:00,XIMENDING,161,182,153,2025-08-14T07:05:00+08:00
2025-08-14T07:00:00+08:00,TAIPEI_101,159,173,152,2025-08-14T07:05:00+08:00
2025-08-14T08:00:00+08:00,TPE_AIRPORT,105,138,123,2025-08-14T08:05:00+08:00
2025-08-14T08:00:00+08:00,TAIPEI_MAIN,98,167,136,2025-08-14T08:05:00+08:00
2025-08-14T08:00:00+08:00,XIMENDING,145,181,161,2025-08-14T08:05:00+08:00
2025-08-14T08:00:00+08:00,TAIPEI_101,115,171,145,2025-08-14T08:05:00+08:00
2025-08-14T09:00:00+08:00,TPE_AIRPORT,94,92,83,2025-08-14T09:05:00+08:00
2025-08-14T09:00:00+08:00,TAIPEI_MAIN,146,116,91,2025-08-14T09:05:00+08:00
2025-08-14T09:00:00+08:00,XIMENDING,174,109,93,2025-08-14T09:05:00+08:00
2025-08-14T09:00:00+08:00,TAIPEI_101,177,141,108,2025-08-14T09:05:00+08:00
2025-08-14T10:00:00+08:00,TPE_AIRPORT,86,101,79,2025-08-14T10:05:00+08:00
2025-08-14T10:00:00+08:00,TAIPEI_MAIN,178,115,93,2025-08-14T10:05:00+08:00
2025-08-14T10:00:00+08:00,XIMENDING,138,129,114,2025-08-14T10:05:00+08:00
2025-08-14T10:00:00+08:00,TAIPEI_101,169,104,85,2025-08-14T10:05:00+08:00
2025-08-14T11:00:00+08:00,TPE_AIRPORT,108,71,56,2025-08-14T11:05:00+08:00
2025-08-14T11:00:00+08:00,TAIPEI_MAIN,146,106,90,2025-08-14T11:05:00+08:00
2025-08-14T11:00:00+08:00,XIMENDING,147,151,111,2025-08-14T11:05:00+08:00
2025-08-14T11:00:00+08:00,TAIPEI_101,138,139,107,2025-08-14T11:05:00+08:00
2025-08-14T12:00:00+08:00,TPE_AIRPORT,106,47,36,2025-08-14T12:05:00+08:00
2025-08-14T12:00:00+08:00,TAIPEI_MAIN,152,108,80,2025-08-14T12:05:00+08:00
2025-08-14T12:00:00+08:00,XIMENDING,156,99,76,2025-08-14T12:05:00+08:00
2025-08-14T12:00:00+08:00,TAIPEI_101,167,134,116,2025-08-14T12:05:00+08:00
2025-08-14T13:00:00+08:00,TPE_AIRPORT,112,61,46,2025-08-14T13:05:00+08:00
2025-08-14T13:00:00+08:00,TAIPEI_MAIN,162,130,110,2025-08-14T13:05:00+08:00
2025-08-14T13:00:00+08:00,XIMENDING,182,148,124,2025-08-14T13:05:00+08:00
2025-08-14T13:00:00+08:00,TAIPEI_101,133,160,141,2025-08-14T13:05:00+08:00
2025-08-14T14:00:00+08:00,TPE_AIRPORT,132,83,61,2025-08-14T14:05:00+08:00
2025-08-14T14:00:00+08:00,TAIPEI_MAIN,184,167,133,2025-08-14T14:05:00+08:00
2025-08-14T14:00:00+08:00,XIMENDING,116,111,81,2025-08-14T14:05:00+08:00
2025-08-14T14:00:00+08:00,TAIPEI_101,139,54,45,2025-08-14T14:05:00+08:00
2025-08-14T15:00:00+08:00,TPE_AIRPORT,122,95,80,2025-08-14T15:05:00+08:00
2025-08-14T15:00:00+08:00,TAIPEI_MAIN,141,104,76,2025-08-14T15:05:00+08:00
2025-08-14T15:00:00+08:00,XIMENDING,167,54,44,2025-08-14T15:05:00+08:00
2025-08-14T15:00:00+08:00,TAIPEI_101,162,115,90,2025-08-14T15:05:00+08:00
2025-08-14T16:00:00+08:00,TPE_AIRPORT,116,102,86,2025-08-14T16:05:00+08:00
2025-08-14T16:00:00+08:00,TAIPEI_MAIN,158,79,65,2025-08-14T16:05:00+08:00
2025-08-14T16:00:00+08:00,XIMENDING,160,131,108,2025-08-14T16:05:00+08:00
2025-08-14T16:00:00+08:00,TAIPEI_101,178,145,122,2025-08-14T16:05:00+08:00
2025-08-14T17:00:00+08:00,TPE_AIRPORT,125,79,57,2025-08-14T17:05:00+08:00
2025-08-14T17:00:00+08:00,TAIPEI_MAIN,145,113,92,2025-08-14T17:05:00+08:00
2025-08-14T17:00:00+08:00,XIMENDING,180,112,93,2025-08-14T17:05:00+08:00
2025-08-14T17:00:00+08:00,TAIPEI_101,149,112,91,2025-08-14T17:05:00+08:00
2025-08-14T18:00:00+08:00,TPE_AIRPORT,94,71,53,2025-08-14T18:05:00+08:00
2025-08-14T18:00:00+08:00,TAIPEI_MAIN,167,96,81,2025-08-14T18:05:00+08:00
2025-08-14T18:00:00+08:00,XIMENDING,178,101,73,2025-08-14T18:05:00+08:00
2025-08-14T18:00:00+08:00,TAIPEI_101,158,139,107,2025-08-14T18:05:00+08:00
2025-08-14T19:00:00+08:00,TPE_AIRPORT,94,37,33,2025-08-14T19:05:00+08:00
2025-08-14T19:00:00+08:00,TAIPEI_MAIN,173,124,98,2025-08-14T19:05:00+08:00
2025-08-14T19:00:00+08:00,XIMENDING,134,127,105,2025-08-14T19:05:00+08:00
2025-08-14T19:00:00+08:00,TAIPEI_101,178,147,107,2025-08-14T19:05:00+08:00
2025-08-14T20:00:00+08:00,TPE_AIRPORT,45,108,87,2025-08-14T20:05:00+08:00
2025-08-14T20:00:00+08:00,TAIPEI_MAIN,119,193,171,2025-08-14T20:05:00+08:00
2025-08-14T20:00:00+08:00,XIMENDING,115,143,124,2025-08-14T20:05:00+08:00
2025-08-14T20:00:00+08:00,TAIPEI_101,125,144,130,2025-08-14T20:05:00+08:00
2025-08-14T21:00:00+08:00,TPE_AIRPORT,96,104,90,2025-08-14T21:05:00+08:00
2025-08-14T21:00:00+08:00,TAIPEI_MAIN,134,192,162,2025-08-14T21:05:00+08:00
2025-08-14T21:00:00+08:00,XIMENDING,144,193,155,2025-08-14T21:05:00+08:00
2025-08-14T21:00:00+08:00,TAIPEI_101,136,209,151,2025-08-14T21:05:00+08:00
2025-08-14T22:00:00+08:00,TPE_AIRPORT,71,136,107,2025-08-14T22:05:00+08:00
2025-08-14T22:00:00+08:00,TAIPEI_MAIN,113,164,146,2025-08-14T22:05:00+08:00
2025-08-14T22:00:00+08:00,XIMENDING,109,160,124,2025-08-14T22:05:00+08:00
2025-08-14T22:00:00+08:00,TAIPEI_101,171,195,156,2025-08-14T22:05:00+08:00
2025-08-14T23:00:00+08:00,TPE_AIRPORT,61,101,80,2025-08-14T23:05:00+08:00
2025-08-14T23:00:00+08:00,TAIPEI_MAIN,114,170,123,2025-08-14T23:05:00+08:00
2025-08-14T23:00:00+08:00,XIMENDING,101,167,145,2025-08-14T23:05:00+08:00
2025-08-14T23:00:00+08:00,TAIPEI_101,112,201,147,2025-08-14T23:05:00+08:00
2025-08-15T00:00:00+08:00,TPE_AIRPORT,104,82,70,2025-08-15T00:05:00+08:00
2025-08-15T00:00:00+08:00,TAIPEI_MAIN,160,120,100,2025-08-15T00:05:00+08:00
2025-08-15T00:00:00+08:00,XIMENDING,142,159,119,2025-08-15T00:05:00+08:00
2025-08-15T00:00:00+08:00,TAIPEI_101,141,105,81,2025-08-15T00:05:00+08:00
2025-08-15T01:00:00+08:00,TPE_AIRPORT,127,99,85,2025-08-15T01:05:00+08:00
2025-08-15T01:00:00+08:00,TAIPEI_MAIN,200,76,65,2025-08-15T01:05:00+08:00
2025-08-15T01:00:00+08:00,XIMENDING,133,97,75,2025-08-15T01:05:00+08:00
2025-08-15T01:00:00+08:00,TAIPEI_101,126,125,100,2025-08-15T01:05:00+08:00
2025-08-15T02:00:00+08:00,TPE_AIRPORT,102,78,67,2025-08-15T02:05:00+08:00
2025-08-15T02:00:00+08:00,TAIPEI_MAIN,191,108,96,2025-08-15T02:05:00+08:00
2025-08-15T02:00:00+08:00,XIMENDING,170,99,81,2025-08-15T02:05:00+08:00
2025-08-15T02:00:00+08:00,TAIPEI_101,157,136,108,2025-08-15T02:05:00+08:00
2025-08-15T03:00:00+08:00,TPE_AIRPORT,127,83,74,2025-08-15T03:05:00+08:00
2025-08-15T03:00:00+08:00,TAIPEI_MAIN,124,122,109,2025-08-15T03:05:00+08:00
2025-08-15T03:00:00+08:00,XIMENDING,134,98,78,2025-08-15T03:05:00+08:00
2025-08-15T03:00:00+08:00,TAIPEI_101,164,142,112,2025-08-15T03:05:00+08:00
2025-08-15T04:00:00+08:00,TPE_AIRPORT,103,112,83,2025-08-15T04:05:00+08:00
2025-08-15T04:00:00+08:00,TAIPEI_MAIN,157,128,95,2025-08-15T04:05:00+08:00
2025-08-15T04:00:00+08:00,XIMENDING,144,138,105,2025-08-15T04:05:00+08:00
2025-08-15T04:00:00+08:00,TAIPEI_101,120,137,116,2025-08-15T04:05:00+08:00
2025-08-15T05:00:00+08:00,TPE_AIRPORT,73,126,103,2025-08-15T05:05:00+08:00
2025-08-15T05:00:00+08:00,TAIPEI_MAIN,125,176,126,2025-08-15T05:05:00+08:00
2025-08-15T05:00:00+08:00,XIMENDING,136,173,152,2025-08-15T05:05:00+08:00
2025-08-15T05:00:00+08:00,TAIPEI_101,153,173,132,2025-08-15T05:05:00+08:00
2025-08-15T06:00:00+08:00,TPE_AIRPORT,68,129,106,2025-08-15T06:05:00+08:00
2025-08-15T06:00:00+08:00,TAIPEI_MAIN,141,205,169,2025-08-15T06:05:00+08:00
2025-08-15T06:00:00+08:00,XIMENDING,132,205,184,2025-08-15T06:05:00+08:00
2025-08-15T06:00:00+08:00,TAIPEI_101,162,171,131,2025-08-15T06:05:00+08:00
2025-08-15T07:00:00+08:00,TPE_AIRPORT,91,127,109,2025-08-15T07:05:00+08:00
2025-08-15T07:00:00+08:00,TAIPEI_MAIN,140,210,156,2025-08-15T07:05:00+08:00
2025-08-15T07:00:00+08:00,XIMENDING,162,165,136,2025-08-15T07:05:00+08:00
2025-08-15T07:00:00+08:00,TAIPEI_101,124,208,188,2025-08-15T07:05:00+08:00
2025-08-15T08:00:00+08:00,TPE_AIRPORT,70,166,124,2025-08-15T08:05:00+08:00
2025-08-15T08:00:00+08:00,TAIPEI_MAIN,153,165,133,2025-08-15T08:05:00+08:00
2025-08-15T08:00:00+08:00,XIMENDING,131,190,153,2025-08-15T08:05:00+08:00
2025-08-15T08:00:00+08:00,TAIPEI_101,137,177,143,2025-08-15T08:05:00+08:00
2025-08-15T09:00:00+08:00,TPE_AIRPORT,106,105,92,2025-08-15T09:05:00+08:00
2025-08-15T09:00:00+08:00,TAIPEI_MAIN,156,97,86,2025-08-15T09:05:00+08:00
2025-08-15T09:00:00+08:00,XIMENDING,139,108,80,2025-08-15T09:05:00+08:00
2025-08-15T09:00:00+08:00,TAIPEI_101,179,125,104,2025-08-15T09:05:00+08:00
2025-08-15T10:00:00+08:00,TPE_AIRPORT,146,87,78,2025-08-15T10:05:00+08:00
2025-08-15T10:00:00+08:00,TAIPEI_MAIN,180,92,72,2025-08-15T10:05:00+08:00
2025-08-15T10:00:00+08:00,XIMENDING,156,105,94,2025-08-15T10:05:00+08:00
2025-08-15T10:00:00+08:00,TAIPEI_101,174,137,120,2025-08-15T10:05:00+08:00
2025-08-15T11:00:00+08:00,TPE_AIRPORT,140,75,58,2025-08-15T11:05:00+08:00
2025-08-15T11:00:00+08:00,TAIPEI_MAIN,143,145,114,2025-08-15T11:05:00+08:00
2025-08-15T11:00:00+08:00,XIMENDING,180,73,58,2025-08-15T11:05:00+08:00
2025-08-15T11:00:00+08:00,TAIPEI_101,186,101,90,2025-08-15T11:05:00+08:00
2025-08-15T12:00:00+08:00,TPE_AIRPORT,128,110,82,2025-08-15T12:05:00+08:00
2025-08-15T12:00:00+08:00,TAIPEI_MAIN,144,128,113,2025-08-15T12:05:00+08:00
2025-08-15T12:00:00+08:00,XIMENDING,181,67,59,2025-08-15T12:05:00+08:00
2025-08-15T12:00:00+08:00,TAIPEI_101,167,131,104,2025-08-15T12:05:00+08:00
2025-08-15T13:00:00+08:00,TPE_AIRPORT,115,108,88,2025-08-15T13:05:00+08:00
2025-08-15T13:00:00+08:00,TAIPEI_MAIN,153,175,153,2025-08-15T13:05:00+08:00
2025-08-15T13:00:00+08:00,XIMENDING,151,119,93,2025-08-15T13:05:00+08:00
2025-08-15T13:00:00+08:00,TAIPEI_101,143,100,83,2025-08-15T13:05:00+08:00
2025-08-15T14:00:00+08:00,TPE_AIRPORT,139,103,80,2025-08-15T14:05:00+08:00
2025-08-15T14:00:00+08:00,TAIPEI_MAIN,165,116,100,2025-08-15T14:05:00+08:00
2025-08-15T14:00:00+08:00,XIMENDING,196,115,103,2025-08-15T14:05:00+08:00
2025-08-15T14:00:00+08:00,TAIPEI_101,145,84,61,2025-08-15T14:05:00+08:00
2025-08-15T15:00:00+08:00,TPE_AIRPORT,114,93,77,2025-08-15T15:05:00+08:00
2025-08-15T15:00:00+08:00,TAIPEI_MAIN,131,118,95,2025-08-15T15:05:00+08:00
2025-08-15T15:00:00+08:00,XIMENDING,190,131,115,2025-08-15T15:05:00+08:00
2025-08-15T15:00:00+08:00,TAIPEI_101,168,118,106,2025-08-15T15:05:00+08:00
2025-08-15T16:00:00+08:00,TPE_AIRPORT,140,64,48,2025-08-15T16:05:00+08:00
2025-08-15T16:00:00+08:00,TAIPEI_MAIN,131,137,119,2025-08-15T16:05:00+08:00
2025-08-15T16:00:00+08:00,XIMENDING,148,101,72,2025-08-15T16:05:00+08:00
2025-08-15T16:00:00+08:00,TAIPEI_101,190,106,78,2025-08-15T16:05:00+08:00
2025-08-15T17:00:00+08:00,TPE_AIRPORT,105,78,61,2025-08-15T17:05:00+08:00
2025-08-15T17:00:00+08:00,TAIPEI_MAIN,145,109,89,2025-08-15T17:05:00+08:00
2025-08-15T17:00:00+08:00,XIMENDING,147,116,85,2025-08-15T17:05:00+08:00
2025-08-15T17:00:00+08:00,TAIPEI_101,155,116,94,2025-08-15T17:05:00+08:00
2025-08-15T18:00:00+08:00,TPE_AIRPORT,104,95,82,2025-08-15T18:05:00+08:00
2025-08-15T18:00:00+08:00,TAIPEI_MAIN,172,142,105,2025-08-15T18:05:00+08:00
2025-08-15T18:00:00+08:00,XIMENDING,167,131,113,2025-08-15T18:05:00+08:00
2025-08-15T18:00:00+08:00,TAIPEI_101,190,99,85,2025-08-15T18:05:00+08:00
2025-08-15T19:00:00+08:00,TPE_AIRPORT,118,100,89,2025-08-15T19:05:00+08:00
2025-08-15T19:00:00+08:00,TAIPEI_MAIN,161,74,61,2025-08-15T19:05:00+08:00
2025-08-15T19:00:00+08:00,XIMENDING,158,90,79,2025-08-15T19:05:00+08:00
2025-08-15T19:00:00+08:00,TAIPEI_101,149,147,125,2025-08-15T19:05:00+08:00
2025-08-15T20:00:00+08:00,TPE_AIRPORT,99,131,107,2025-08-15T20:05:00+08:00
2025-08-15T20:00:00+08:00,TAIPEI_MAIN,141,165,136,2025-08-15T20:05:00+08:00
2025-08-15T20:00:00+08:00,XIMENDING,138,150,110,2025-08-15T20:05:00+08:00
2025-08-15T20:00:00+08:00,TAIPEI_101,178,199,160,2025-08-15T20:05:00+08:00
2025-08-15T21:00:00+08:00,TPE_AIRPORT,72,122,95,2025-08-15T21:05:00+08:00
2025-08-15T21:00:00+08:00,TAIPEI_MAIN,133,190,144,2025-08-15T21:05:00+08:00
2025-08-15T21:00:00+08:00,XIMENDING,133,186,150,2025-08-15T21:05:00+08:00
2025-08-15T21:00:00+08:00,TAIPEI_101,153,186,152,2025-08-15T21:05:00+08:00
2025-08-15T22:00:00+08:00,TPE_AIRPORT,94,126,95,2025-08-15T22:05:00+08:00
2025-08-15T22:00:00+08:00,TAIPEI_MAIN,147,207,187,2025-08-15T22:05:00+08:00
2025-08-15T22:00:00+08:00,XIMENDING,132,202,164,2025-08-15T22:05:00+08:00
2025-08-15T22:00:00+08:00,TAIPEI_101,132,153,122,2025-08-15T22:05:00+08:00
2025-08-15T23:00:00+08:00,TPE_AIRPORT,59,99,73,2025-08-15T23:05:00+08:00
2025-08-15T23:00:00+08:00,TAIPEI_MAIN,133,188,165,2025-08-15T23:05:00+08:00
2025-08-15T23:00:00+08:00,XIMENDING,121,201,175,2025-08-15T23:05:00+08:00
2025-08-15T23:00:00+08:00,TAIPEI_101,153,207,157,2025-08-15T23:05:00+08:00
2025-08-16T00:00:00+08:00,TPE_AIRPORT,82,44,36,2025-08-16T00:05:00+08:00
2025-08-16T00:00:00+08:00,TAIPEI_MAIN,183,128,101,2025-08-16T00:05:00+08:00
2025-08-16T00:00:00+08:00,XIMENDING,163,101,88,2025-08-16T00:05:00+08:00
2025-08-16T00:00:00+08:00,TAIPEI_101,142,111,91,2025-08-16T00:05:00+08:00
2025-08-16T01:00:00+08:00,TPE_AIRPORT,117,76,57,2025-08-16T01:05:00+08:00
2025-08-16T01:00:00+08:00,TAIPEI_MAIN,148,100,76,2025-08-16T01:05:00+08:00
2025-08-16T01:00:00+08:00,XIMENDING,155,153,112,2025-08-16T01:05:00+08:00
2025-08-16T01:00:00+08:00,TAIPEI_101,181,113,95,2025-08-16T01:05:00+08:00
2025-08-16T02:00:00+08:00,TPE_AIRPORT,109,63,49,2025-08-16T02:05:00+08:00
2025-08-16T02:00:00+08:00,TAIPEI_MAIN,164,164,126,2025-08-16T02:05:00+08:00
2025-08-16T02:00:00+08:00,XIMENDING,158,101,85,2025-08-16T02:05:00+08:00
2025-08-16T02:00:00+08:00,TAIPEI_101,167,114,94,2025-08-16T02:05:00+08:00
2025-08-16T03:00:00+08:00,TPE_AIRPORT,112,105,94,2025-08-16T03:05:00+08:00
2025-08-16T03:00:00+08:00,TAIPEI_MAIN,150,82,65,2025-08-16T03:05:00+08:00
2025-08-16T03:00:00+08:00,XIMENDING,142,85,66,2025-08-16T03:05:00+08:00
2025-08-16T03:00:00+08:00,TAIPEI_101,162,110,82,2025-08-16T03:05:00+08:00
2025-08-16T04:00:00+08:00,TPE_AIRPORT,119,81,69,2025-08-16T04:05:00+08:00
2025-08-16T04:00:00+08:00,TAIPEI_MAIN,176,157,135,2025-08-16T04:05:00+08:00
2025-08-16T04:00:00+08:00,XIMENDING,219,141,118,2025-08-16T04:05:00+08:00
2025-08-16T04:00:00+08:00,TAIPEI_101,196,139,113,2025-08-16T04:05:00+08:00
2025-08-16T05:00:00+08:00,TPE_AIRPORT,63,94,69,2025-08-16T05:05:00+08:00
2025-08-16T05:00:00+08:00,TAIPEI_MAIN,146,184,142,2025-08-16T05:05:00+08:00
2025-08-16T05:00:00+08:00,XIMENDING,109,213,186,2025-08-16T05:05:00+08:00
2025-08-16T05:00:00+08:00,TAIPEI_101,112,226,192,2025-08-16T05:05:00+08:00
2025-08-16T06:00:00+08:00,TPE_AIRPORT,53,141,120,2025-08-16T06:05:00+08:00
2025-08-16T06:00:00+08:00,TAIPEI_MAIN,130,177,158,2025-08-16T06:05:00+08:00
2025-08-16T06:00:00+08:00,XIMENDING,121,160,139,2025-08-16T06:05:00+08:00
2025-08-16T06:00:00+08:00,TAIPEI_101,103,186,139,2025-08-16T06:05:00+08:00
2025-08-16T07:00:00+08:00,TPE_AIRPORT,96,108,94,2025-08-16T07:05:00+08:00
2025-08-16T07:00:00+08:00,TAIPEI_MAIN,138,210,163,2025-08-16T07:05:00+08:00
2025-08-16T07:00:00+08:00,XIMENDING,99,211,176,2025-08-16T07:05:00+08:00
2025-08-16T07:00:00+08:00,TAIPEI_101,174,192,142,2025-08-16T07:05:00+08:00
2025-08-16T08:00:00+08:00,TPE_AIRPORT,88,144,128,2025-08-16T08:05:00+08:00
2025-08-16T08:00:00+08:00,TAIPEI_MAIN,128,183,144,2025-08-16T08:05:00+08:00
2025-08-16T08:00:00+08:00,XIMENDING,104,192,148,2025-08-16T08:05:00+08:00
2025-08-16T08:00:00+08:00,TAIPEI_101,159,172,152,2025-08-16T08:05:00+08:00
2025-08-16T09:00:00+08:00,TPE_AIRPORT,126,92,76,2025-08-16T09:05:00+08:00
2025-08-16T09:00:00+08:00,TAIPEI_MAIN,150,139,110,2025-08-16T09:05:00+08:00
2025-08-16T09:00:00+08:00,XIMENDING,154,146,125,2025-08-16T09:05:00+08:00
2025-08-16T09:00:00+08:00,TAIPEI_101,145,154,133,2025-08-16T09:05:00+08:00
2025-08-16T10:00:00+08:00,TPE_AIRPORT,107,106,84,2025-08-16T10:05:00+08:00
2025-08-16T10:00:00+08:00,TAIPEI_MAIN,144,154,120,2025-08-16T10:05:00+08:00
2025-08-16T10:00:00+08:00,XIMENDING,171,113,90,2025-08-16T10:05:00+08:00
2025-08-16T10:00:00+08:00,TAIPEI_101,175,135,107,2025-08-16T10:05:00+08:00
2025-08-16T11:00:00+08:00,TPE_AIRPORT,120,80,70,2025-08-16T11:05:00+08:00
2025-08-16T11:00:00+08:00,TAIPEI_MAIN,165,112,94,2025-08-16T11:05:00+08:00
2025-08-16T11:00:00+08:00,XIMENDING,129,139,104,2025-08-16T11:05:00+08:00
2025-08-16T11:00:00+08:00,TAIPEI_101,147,100,84,2025-08-16T11:05:00+08:00
2025-08-16T12:00:00+08:00,TPE_AIRPORT,144,84,70,2025-08-16T12:05:00+08:00
2025-08-16T12:00:00+08:00,TAIPEI_MAIN,174,121,106,2025-08-16T12:05:00+08:00
2025-08-16T12:00:00+08:00,XIMENDING,168,134,121,2025-08-16T12:05:00+08:00
2025-08-16T12:00:00+08:00,TAIPEI_101,146,102,79,2025-08-16T12:05:00+08:00
2025-08-16T13:00:00+08:00,TPE_AIRPORT,124,63,49,2025-08-16T13:05:00+08:00
2025-08-16T13:00:00+08:00,TAIPEI_MAIN,145,118,99,2025-08-16T13:05:00+08:00
2025-08-16T13:00:00+08:00,XIMENDING,146,134,106,2025-08-16T13:05:00+08:00
2025-08-16T13:00:00+08:00,TAIPEI_101,173,90,79,2025-08-16T13:05:00+08:00
2025-08-16T14:00:00+08:00,TPE_AIRPORT,148,71,55,2025-08-16T14:05:00+08:00
2025-08-16T14:00:00+08:00,TAIPEI_MAIN,181,131,117,2025-08-16T14:05:00+08:00
2025-08-16T14:00:00+08:00,XIMENDING,162,127,93,2025-08-16T14:05:00+08:00
2025-08-16T14:00:00+08:00,TAIPEI_101,192,113,88,2025-08-16T14:05:00+08:00
2025-08-16T15:00:00+08:00,TPE_AIRPORT,113,76,56,2025-08-16T15:05:00+08:00
2025-08-16T15:00:00+08:00,TAIPEI_MAIN,159,111,100,2025-08-16T15:05:00+08:00
2025-08-16T15:00:00+08:00,XIMENDING,164,95,68,2025-08-16T15:05:00+08:00
2025-08-16T15:00:00+08:00,TAIPEI_101,185,130,114,2025-08-16T15:05:00+08:00
2025-08-16T16:00:00+08:00,TPE_AIRPORT,126,112,85,2025-08-16T16:05:00+08:00
2025-08-16T16:00:00+08:00,TAIPEI_MAIN,173,122,98,2025-08-16T16:05:00+08:00
2025-08-16T16:00:00+08:00,XIMENDING,151,69,54,2025-08-16T16:05:00+08:00
2025-08-16T16:00:00+08:00,TAIPEI_101,155,92,75,2025-08-16T16:05:00+08:00
2025-08-16T17:00:00+08:00,TPE_AIRPORT,127,134,109,2025-08-16T17:05:00+08:00
2025-08-16T17:00:00+08:00,TAIPEI_MAIN,152,125,99,2025-08-16T17:05:00+08:00
2025-08-16T17:00:00+08:00,XIMENDING,176,124,109,2025-08-16T17:05:00+08:00
2025-08-16T17:00:00+08:00,TAIPEI_101,165,108,90,2025-08-16T17:05:00+08:00
2025-08-16T18:00:00+08:00,TPE_AIRPORT,116,98,82,2025-08-16T18:05:00+08:00
2025-08-16T18:00:00+08:00,TAIPEI_MAIN,151,61,48,2025-08-16T18:05:00+08:00
2025-08-16T18:00:00+08:00,XIMENDING,142,142,113,2025-08-16T18:05:00+08:00
2025-08-16T18:00:00+08:00,TAIPEI_101,174,152,135,2025-08-16T18:05:00+08:00
2025-08-16T19:00:00+08:00,TPE_AIRPORT,99,31,26,2025-08-16T19:05:00+08:00
2025-08-16T19:00:00+08:00,TAIPEI_MAIN,176,130,116,2025-08-16T19:05:00+08:00
2025-08-16T19:00:00+08:00,XIMENDING,157,108,85,2025-08-16T19:05:00+08:00
2025-08-16T19:00:00+08:00,TAIPEI_101,157,113,93,2025-08-16T19:05:00+08:00
2025-08-16T20:00:00+08:00,TPE_AIRPORT,64,105,92,2025-08-16T20:05:00+08:00
2025-08-16T20:00:00+08:00,TAIPEI_MAIN,127,149,116,2025-08-16T20:05:00+08:00
2025-08-16T20:00:00+08:00,XIMENDING,131,180,139,2025-08-16T20:05:00+08:00
2025-08-16T20:00:00+08:00,TAIPEI_101,120,177,153,2025-08-16T20:05:00+08:00
2025-08-16T21:00:00+08:00,TPE_AIRPORT,98,117,93,2025-08-16T21:05:00+08:00
2025-08-16T21:00:00+08:00,TAIPEI_MAIN,118,241,182,2025-08-16T21:05:00+08:00
2025-08-16T21:00:00+08:00,XIMENDING,118,172,130,2025-08-16T21:05:00+08:00
2025-08-16T21:00:00+08:00,TAIPEI_101,136,165,140,2025-08-16T21:05:00+08:00
2025-08-16T22:00:00+08:00,TPE_AIRPORT,95,138,101,2025-08-16T22:05:00+08:00
2025-08-16T22:00:00+08:00,TAIPEI_MAIN,135,201,148,2025-08-16T22:05:00+08:00
2025-08-16T22:00:00+08:00,XIMENDING,139,146,127,2025-08-16T22:05:00+08:00
2025-08-16T22:00:00+08:00,TAIPEI_101,137,186,159,2025-08-16T22:05:00+08:00
2025-08-16T23:00:00+08:00,TPE_AIRPORT,82,103,90,2025-08-16T23:05:00+08:00
2025-08-16T23:00:00+08:00,TAIPEI_MAIN,137,175,157,2025-08-16T23:05:00+08:00
2025-08-16T23:00:00+08:00,XIMENDING,128,185,158,2025-08-16T23:05:00+08:00
2025-08-16T23:00:00+08:00,TAIPEI_101,134,180,131,2025-08-16T23:05:00+08:00
2025-08-17T00:00:00+08:00,TPE_AIRPORT,112,82,71,2025-08-17T00:05:00+08:00
2025-08-17T00:00:00+08:00,TAIPEI_MAIN,186,104,93,2025-08-17T00:05:00+08:00
2025-08-17T00:00:00+08:00,XIMENDING,161,82,68,2025-08-17T00:05:00+08:00
2025-08-17T00:00:00+08:00,TAIPEI_101,168,107,94,2025-08-17T00:05:00+08:00
2025-08-17T01:00:00+08:00,TPE_AIRPORT,92,59,48,2025-08-17T01:05:00+08:00
2025-08-17T01:00:00+08:00,TAIPEI_MAIN,188,84,70,2025-08-17T01:05:00+08:00
2025-08-17T01:00:00+08:00,XIMENDING,153,147,118,2025-08-17T01:05:00+08:00
2025-08-17T01:00:00+08:00,TAIPEI_101,172,93,71,2025-08-17T01:05:00+08:00
2025-08-17T02:00:00+08:00,TPE_AIRPORT,128,62,55,2025-08-17T02:05:00+08:00
2025-08-17T02:00:00+08:00,TAIPEI_MAIN,177,124,101,2025-08-17T02:05:00+08:00
2025-08-17T02:00:00+08:00,XIMENDING,152,112,98,2025-08-17T02:05:00+08:00
2025-08-17T02:00:00+08:00,TAIPEI_101,184,129,112,2025-08-17T02:05:00+08:00
2025-08-17T03:00:00+08:00,TPE_AIRPORT,118,104,75,2025-08-17T03:05:00+08:00
2025-08-17T03:00:00+08:00,TAIPEI_MAIN,150,128,115,2025-08-17T03:05:00+08:00
2025-08-17T03:00:00+08:00,XIMENDING,177,152,122,2025-08-17T03:05:00+08:00
2025-08-17T03:00:00+08:00,TAIPEI_101,124,74,60,2025-08-17T03:05:00+08:00
2025-08-17T04:00:00+08:00,TPE_AIRPORT,123,40,35,2025-08-17T04:05:00+08:00
2025-08-17T04:00:00+08:00,TAIPEI_MAIN,146,170,154,2025-08-17T04:05:00+08:00
2025-08-17T04:00:00+08:00,XIMENDING,158,85,76,2025-08-17T04:05:00+08:00
2025-08-17T04:00:00+08:00,TAIPEI_101,168,96,69,2025-08-17T04:05:00+08:00
2025-08-17T05:00:00+08:00,TPE_AIRPORT,73,95,69,2025-08-17T05:05:00+08:00
2025-08-17T05:00:00+08:00,TAIPEI_MAIN,146,182,158,2025-08-17T05:05:00+08:00
2025-08-17T05:00:00+08:00,XIMENDING,140,213,171,2025-08-17T05:05:00+08:00
2025-08-17T05:00:00+08:00,TAIPEI_101,151,150,121,2025-08-17T05:05:00+08:00
2025-08-17T06:00:00+08:00,TPE_AIRPORT,64,140,120,2025-08-17T06:05:00+08:00
2025-08-17T06:00:00+08:00,TAIPEI_MAIN,147,146,129,2025-08-17T06:05:00+08:00
2025-08-17T06:00:00+08:00,XIMENDING,140,184,161,2025-08-17T06:05:00+08:00
2025-08-17T06:00:00+08:00,TAIPEI_101,158,163,146,2025-08-17T06:05:00+08:00
2025-08-17T07:00:00+08:00,TPE_AIRPORT,93,142,126,2025-08-17T07:05:00+08:00
2025-08-17T07:00:00+08:00,TAIPEI_MAIN,150,194,142,2025-08-17T07:05:00+08:00
2025-08-17T07:00:00+08:00,XIMENDING,169,133,107,2025-08-17T07:05:00+08:00
2025-08-17T07:00:00+08:00,TAIPEI_101,142,205,159,2025-08-17T07:05:00+08:00
2025-08-17T08:00:00+08:00,TPE_AIRPORT,84,128,116,2025-08-17T08:05:00+08:00
2025-08-17T08:00:00+08:00,TAIPEI_MAIN,150,211,169,2025-08-17T08:05:00+08:00
2025-08-17T08:00:00+08:00,XIMENDING,140,141,102,2025-08-17T08:05:00+08:00
2025-08-17T08:00:00+08:00,TAIPEI_101,141,161,130,2025-08-17T08:05:00+08:00
2025-08-17T09:00:00+08:00,TPE_AIRPORT,138,90,68,2025-08-17T09:05:00+08:00
2025-08-17T09:00:00+08:00,TAIPEI_MAIN,152,136,99,2025-08-17T09:05:00+08:00
2025-08-17T09:00:00+08:00,XIMENDING,147,139,110,2025-08-17T09:05:00+08:00
2025-08-17T09:00:00+08:00,TAIPEI_101,155,112,82,2025-08-17T09:05:00+08:00
2025-08-17T10:00:00+08:00,TPE_AIRPORT,116,91,72,2025-08-17T10:05:00+08:00
2025-08-17T10:00:00+08:00,TAIPEI_MAIN,151,158,143,2025-08-17T10:05:00+08:00
2025-08-17T10:00:00+08:00,XIMENDING,165,152,122,2025-08-17T10:05:00+08:00
2025-08-17T10:00:00+08:00,TAIPEI_101,169,117,94,2025-08-17T10:05:00+08:00
2025-08-17T11:00:00+08:00,TPE_AIRPORT,101,100,76,2025-08-17T11:05:00+08:00
2025-08-17T11:00:00+08:00,TAIPEI_MAIN,166,119,102,2025-08-17T11:05:00+08:00
2025-08-17T11:00:00+08:00,XIMENDING,141,143,109,2025-08-17T11:05:00+08:00
2025-08-17T11:00:00+08:00,TAIPEI_101,160,63,49,2025-08-17T11:05:00+08:00
2025-08-17T12:00:00+08:00,TPE_AIRPORT,121,41,35,2025-08-17T12:05:00+08:00
2025-08-17T12:00:00+08:00,TAIPEI_MAIN,149,107,77,2025-08-17T12:05:00+08:00
2025-08-17T12:00:00+08:00,XIMENDING,171,91,69,2025-08-17T12:05:00+08:00
2025-08-17T12:00:00+08:00,TAIPEI_101,161,88,70,2025-08-17T12:05:00+08:00
2025-08-17T13:00:00+08:00,TPE_AIRPORT,74,117,103,2025-08-17T13:05:00+08:00
2025-08-17T13:00:00+08:00,TAIPEI_MAIN,182,102,83,2025-08-17T13:05:00+08:00
2025-08-17T13:00:00+08:00,XIMENDING,166,156,131,2025-08-17T13:05:00+08:00
2025-08-17T13:00:00+08:00,TAIPEI_101,148,98,81,2025-08-17T13:05:00+08:00
2025-08-17T14:00:00+08:00,TPE_AIRPORT,113,73,57,2025-08-17T14:05:00+08:00
2025-08-17T14:00:00+08:00,TAIPEI_MAIN,138,77,65,2025-08-17T14:05:00+08:00
2025-08-17T14:00:00+08:00,XIMENDING,174,95,79,2025-08-17T14:05:00+08:00
2025-08-17T14:00:00+08:00,TAIPEI_101,150,125,90,2025-08-17T14:05:00+08:00
2025-08-17T15:00:00+08:00,TPE_AIRPORT,94,77,65,2025-08-17T15:05:00+08:00
2025-08-17T15:00:00+08:00,TAIPEI_MAIN,154,108,97,2025-08-17T15:05:00+08:00
2025-08-17T15:00:00+08:00,XIMENDING,131,120,106,2025-08-17T15:05:00+08:00
2025-08-17T15:00:00+08:00,TAIPEI_101,144,105,91,2025-08-17T15:05:00+08:00
2025-08-17T16:00:00+08:00,TPE_AIRPORT,90,77,58,2025-08-17T16:05:00+08:00
2025-08-17T16:00:00+08:00,TAIPEI_MAIN,179,137,110,2025-08-17T16:05:00+08:00
2025-08-17T16:00:00+08:00,XIMENDING,186,74,59,2025-08-17T16:05:00+08:00
2025-08-17T16:00:00+08:00,TAIPEI_101,169,128,92,2025-08-17T16:05:00+08:00
2025-08-17T17:00:00+08:00,TPE_AIRPORT,91,78,57,2025-08-17T17:05:00+08:00
2025-08-17T17:00:00+08:00,TAIPEI_MAIN,139,106,80,2025-08-17T17:05:00+08:00
2025-08-17T17:00:00+08:00,XIMENDING,141,65,54,2025-08-17T17:05:00+08:00
2025-08-17T17:00:00+08:00,TAIPEI_101,169,83,66,2025-08-17T17:05:00+08:00
2025-08-17T18:00:00+08:00,TPE_AIRPORT,102,68,54,2025-08-17T18:05:00+08:00
2025-08-17T18:00:00+08:00,TAIPEI_MAIN,155,144,121,2025-08-17T18:05:00+08:00
2025-08-17T18:00:00+08:00,XIMENDING,180,127,94,2025-08-17T18:05:00+08:00
2025-08-17T18:00:00+08:00,TAIPEI_101,159,81,63,2025-08-17T18:05:00+08:00
2025-08-17T19:00:00+08:00,TPE_AIRPORT,116,74,66,2025-08-17T19:05:00+08:00
2025-08-17T19:00:00+08:00,TAIPEI_MAIN,131,107,91,2025-08-17T19:05:00+08:00
2025-08-17T19:00:00+08:00,XIMENDING,158,140,114,2025-08-17T19:05:00+08:00
2025-08-17T19:00:00+08:00,TAIPEI_101,142,91,69,2025-08-17T19:05:00+08:00
2025-08-17T20:00:00+08:00,TPE_AIRPORT,111,143,109,2025-08-17T20:05:00+08:00
2025-08-17T20:00:00+08:00,TAIPEI_MAIN,160,168,135,2025-08-17T20:05:00+08:00
2025-08-17T20:00:00+08:00,XIMENDING,145,155,123,2025-08-17T20:05:00+08:00
2025-08-17T20:00:00+08:00,TAIPEI_101,146,174,135,2025-08-17T20:05:00+08:00
2025-08-17T21:00:00+08:00,TPE_AIRPORT,113,190,141,2025-08-17T21:05:00+08:00
2025-08-17T21:00:00+08:00,TAIPEI_MAIN,129,159,117,2025-08-17T21:05:00+08:00
2025-08-17T21:00:00+08:00,XIMENDING,146,149,117,2025-08-17T21:05:00+08:00
2025-08-17T21:00:00+08:00,TAIPEI_101,156,193,164,2025-08-17T21:05:00+08:00
2025-08-17T22:00:00+08:00,TPE_AIRPORT,83,100,90,2025-08-17T22:05:00+08:00
2025-08-17T22:00:00+08:00,TAIPEI_MAIN,149,210,170,2025-08-17T22:05:00+08:00
2025-08-17T22:00:00+08:00,XIMENDING,132,191,138,2025-08-17T22:05:00+08:00
2025-08-17T22:00:00+08:00,TAIPEI_101,133,214,175,2025-08-17T22:05:00+08:00
2025-08-17T23:00:00+08:00,TPE_AIRPORT,99,150,115,2025-08-17T23:05:00+08:00
2025-08-17T23:00:00+08:00,TAIPEI_MAIN,139,220,163,2025-08-17T23:05:00+08:00
2025-08-17T23:00:00+08:00,XIMENDING,122,160,116,2025-08-17T23:05:00+08:00
2025-08-17T23:00:00+08:00,TAIPEI_101,164,169,133,2025-08-17T23:05:00+08:00
2025-08-18T00:00:00+08:00,TPE_AIRPORT,94,128,110,2025-08-18T00:05:00+08:00
2025-08-18T00:00:00+08:00,TAIPEI_MAIN,196,130,117,2025-08-18T00:05:00+08:00
2025-08-18T00:00:00+08:00,XIMENDING,172,137,109,2025-08-18T00:05:00+08:00
2025-08-18T00:00:00+08:00,TAIPEI_101,129,139,116,2025-08-18T00:05:00+08:00
2025-08-18T01:00:00+08:00,TPE_AIRPORT,99,72,56,2025-08-18T01:05:00+08:00
2025-08-18T01:00:00+08:00,TAIPEI_MAIN,163,132,106,2025-08-18T01:05:00+08:00
2025-08-18T01:00:00+08:00,XIMENDING,174,99,82,2025-08-18T01:05:00+08:00
2025-08-18T01:00:00+08:00,TAIPEI_101,183,111,86,2025-08-18T01:05:00+08:00
2025-08-18T02:00:00+08:00,TPE_AIRPORT,105,48,37,2025-08-18T02:05:00+08:00
2025-08-18T02:00:00+08:00,TAIPEI_MAIN,165,128,105,2025-08-18T02:05:00+08:00
2025-08-18T02:00:00+08:00,XIMENDING,162,125,90,2025-08-18T02:05:00+08:00
2025-08-18T02:00:00+08:00,TAIPEI_101,153,107,90,2025-08-18T02:05:00+08:00
2025-08-18T03:00:00+08:00,TPE_AIRPORT,132,65,49,2025-08-18T03:05:00+08:00
2025-08-18T03:00:00+08:00,TAIPEI_MAIN,158,87,75,2025-08-18T03:05:00+08:00
2025-08-18T03:00:00+08:00,XIMENDING,151,124,112,2025-08-18T03:05:00+08:00
2025-08-18T03:00:00+08:00,TAIPEI_101,161,164,129,2025-08-18T03:05:00+08:00
2025-08-18T04:00:00+08:00,TPE_AIRPORT,117,61,45,2025-08-18T04:05:00+08:00
2025-08-18T04:00:00+08:00,TAIPEI_MAIN,124,136,115,2025-08-18T04:05:00+08:00
2025-08-18T04:00:00+08:00,XIMENDING,147,134,101,2025-08-18T04:05:00+08:00
2025-08-18T04:00:00+08:00,TAIPEI_101,156,144,109,2025-08-18T04:05:00+08:00
2025-08-18T05:00:00+08:00,TPE_AIRPORT,84,144,114,2025-08-18T05:05:00+08:00
2025-08-18T05:00:00+08:00,TAIPEI_MAIN,124,153,139,2025-08-18T05:05:00+08:00
2025-08-18T05:00:00+08:00,XIMENDING,132,162,135,2025-08-18T05:05:00+08:00
2025-08-18T05:00:00+08:00,TAIPEI_101,135,163,121,2025-08-18T05:05:00+08:00
2025-08-18T06:00:00+08:00,TPE_AIRPORT,98,137,109,2025-08-18T06:05:00+08:00
2025-08-18T06:00:00+08:00,TAIPEI_MAIN,150,153,127,2025-08-18T06:05:00+08:00
2025-08-18T06:00:00+08:00,XIMENDING,123,175,142,2025-08-18T06:05:00+08:00
2025-08-18T06:00:00+08:00,TAIPEI_101,138,215,155,2025-08-18T06:05:00+08:00
2025-08-18T07:00:00+08:00,TPE_AIRPORT,71,134,97,2025-08-18T07:05:00+08:00
2025-08-18T07:00:00+08:00,TAIPEI_MAIN,131,182,164,2025-08-18T07:05:00+08:00
2025-08-18T07:00:00+08:00,XIMENDING,144,194,143,2025-08-18T07:05:00+08:00
2025-08-18T07:00:00+08:00,TAIPEI_101,129,212,164,2025-08-18T07:05:00+08:00
2025-08-18T08:00:00+08:00,TPE_AIRPORT,81,122,95,2025-08-18T08:05:00+08:00
2025-08-18T08:00:00+08:00,TAIPEI_MAIN,111,197,153,2025-08-18T08:05:00+08:00
2025-08-18T08:00:00+08:00,XIMENDING,131,222,189,2025-08-18T08:05:00+08:00
2025-08-18T08:00:00+08:00,TAIPEI_101,137,213,180,2025-08-18T08:05:00+08:00
2025-08-18T09:00:00+08:00,TPE_AIRPORT,92,91,74,2025-08-18T09:05:00+08:00
2025-08-18T09:00:00+08:00,TAIPEI_MAIN,164,94,71,2025-08-18T09:05:00+08:00
2025-08-18T09:00:00+08:00,XIMENDING,189,126,98,2025-08-18T09:05:00+08:00
2025-08-18T09:00:00+08:00,TAIPEI_101,152,103,78,2025-08-18T09:05:00+08:00
2025-08-18T10:00:00+08:00,TPE_AIRPORT,119,45,37,2025-08-18T10:05:00+08:00
2025-08-18T10:00:00+08:00,TAIPEI_MAIN,157,118,95,2025-08-18T10:05:00+08:00
2025-08-18T10:00:00+08:00,XIMENDING,160,88,73,2025-08-18T10:05:00+08:00
2025-08-18T10:00:00+08:00,TAIPEI_101,163,140,104,2025-08-18T10:05:00+08:00
2025-08-18T11:00:00+08:00,TPE_AIRPORT,140,130,109,2025-08-18T11:05:00+08:00
2025-08-18T11:00:00+08:00,TAIPEI_MAIN,136,118,100,2025-08-18T11:05:00+08:00
2025-08-18T11:00:00+08:00,XIMENDING,162,130,112,2025-08-18T11:05:00+08:00
2025-08-18T11:00:00+08:00,TAIPEI_101,137,131,109,2025-08-18T11:05:00+08:00
2025-08-18T12:00:00+08:00,TPE_AIRPORT,97,106,93,2025-08-18T12:05:00+08:00
2025-08-18T12:00:00+08:00,TAIPEI_MAIN,151,91,65,2025-08-18T12:05:00+08:00
2025-08-18T12:00:00+08:00,XIMENDING,148,150,130,2025-08-18T12:05:00+08:00
2025-08-18T12:00:00+08:00,TAIPEI_101,166,141,103,2025-08-18T12:05:00+08:00
2025-08-18T13:00:00+08:00,TPE_AIRPORT,129,58,47,2025-08-18T13:05:00+08:00
2025-08-18T13:00:00+08:00,TAIPEI_MAIN,172,126,106,2025-08-18T13:05:00+08:00
2025-08-18T13:00:00+08:00,XIMENDING,132,126,105,2025-08-18T13:05:00+08:00
2025-08-18T13:00:00+08:00,TAIPEI_101,152,105,77,2025-08-18T13:05:00+08:00
2025-08-18T14:00:00+08:00,TPE_AIRPORT,126,57,41,2025-08-18T14:05:00+08:00
2025-08-18T14:00:00+08:00,TAIPEI_MAIN,159,92,66,2025-08-18T14:05:00+08:00
2025-08-18T14:00:00+08:00,XIMENDING,179,130,104,2025-08-18T14:05:00+08:00
2025-08-18T14:00:00+08:00,TAIPEI_101,156,139,104,2025-08-18T14:05:00+08:00
2025-08-18T15:00:00+08:00,TPE_AIRPORT,119,126,101,2025-08-18T15:05:00+08:00
2025-08-18T15:00:00+08:00,TAIPEI_MAIN,141,97,83,2025-08-18T15:05:00+08:00
2025-08-18T15:00:00+08:00,XIMENDING,143,128,104,2025-08-18T15:05:00+08:00
2025-08-18T15:00:00+08:00,TAIPEI_101,160,117,106,2025-08-18T15:05:00+08:00
2025-08-18T16:00:00+08:00,TPE_AIRPORT,121,69,50,2025-08-18T16:05:00+08:00
2025-08-18T16:00:00+08:00,TAIPEI_MAIN,189,86,75,2025-08-18T16:05:00+08:00
2025-08-18T16:00:00+08:00,XIMENDING,183,140,125,2025-08-18T16:05:00+08:00
2025-08-18T16:00:00+08:00,TAIPEI_101,169,101,79,2025-08-18T16:05:00+08:00
2025-08-18T17:00:00+08:00,TPE_AIRPORT,133,79,61,2025-08-18T17:05:00+08:00
2025-08-18T17:00:00+08:00,TAIPEI_MAIN,153,108,78,2025-08-18T17:05:00+08:00
2025-08-18T17:00:00+08:00,XIMENDING,169,153,111,2025-08-18T17:05:00+08:00
2025-08-18T17:00:00+08:00,TAIPEI_101,165,105,88,2025-08-18T17:05:00+08:00
2025-08-18T18:00:00+08:00,TPE_AIRPORT,76,57,44,2025-08-18T18:05:00+08:00
2025-08-18T18:00:00+08:00,TAIPEI_MAIN,144,78,70,2025-08-18T18:05:00+08:00
2025-08-18T18:00:00+08:00,XIMENDING,187,171,128,2025-08-18T18:05:00+08:00
2025-08-18T18:00:00+08:00,TAIPEI_101,199,124,100,2025-08-18T18:05:00+08:00
2025-08-18T19:00:00+08:00,TPE_AIRPORT,107,91,81,2025-08-18T19:05:00+08:00
2025-08-18T19:00:00+08:00,TAIPEI_MAIN,161,141,107,2025-08-18T19:05:00+08:00
2025-08-18T19:00:00+08:00,XIMENDING,162,153,138,2025-08-18T19:05:00+08:00
2025-08-18T19:00:00+08:00,TAIPEI_101,153,120,109,2025-08-18T19:05:00+08:00
2025-08-18T20:00:00+08:00,TPE_AIRPORT,75,168,143,2025-08-18T20:05:00+08:00
2025-08-18T20:00:00+08:00,TAIPEI_MAIN,116,189,171,2025-08-18T20:05:00+08:00
2025-08-18T20:00:00+08:00,XIMENDING,114,189,140,2025-08-18T20:05:00+08:00
2025-08-18T20:00:00+08:00,TAIPEI_101,141,184,164,2025-08-18T20:05:00+08:00
2025-08-18T21:00:00+08:00,TPE_AIRPORT,64,163,130,2025-08-18T21:05:00+08:00
2025-08-18T21:00:00+08:00,TAIPEI_MAIN,147,216,179,2025-08-18T21:05:00+08:00
2025-08-18T21:00:00+08:00,XIMENDING,129,146,121,2025-08-18T21:05:00+08:00
2025-08-18T21:00:00+08:00,TAIPEI_101,154,190,136,2025-08-18T21:05:00+08:00
2025-08-18T22:00:00+08:00,TPE_AIRPORT,99,130,97,2025-08-18T22:05:00+08:00
2025-08-18T22:00:00+08:00,TAIPEI_MAIN,152,199,168,2025-08-18T22:05:00+08:00
2025-08-18T22:00:00+08:00,XIMENDING,136,202,169,2025-08-18T22:05:00+08:00
2025-08-18T22:00:00+08:00,TAIPEI_101,174,200,168,2025-08-18T22:05:00+08:00
2025-08-18T23:00:00+08:00,TPE_AIRPORT,99,162,126,2025-08-18T23:05:00+08:00
2025-08-18T23:00:00+08:00,TAIPEI_MAIN,153,217,178,2025-08-18T23:05:00+08:00
2025-08-18T23:00:00+08:00,XIMENDING,140,199,147,2025-08-18T23:05:00+08:00
2025-08-18T23:00:00+08:00,TAIPEI_101,124,186,153,2025-08-18T23:05:00+08:00
2025-08-19T00:00:00+08:00,TPE_AIRPORT,101,108,91,2025-08-19T00:05:00+08:00
2025-08-19T00:00:00+08:00,TAIPEI_MAIN,187,123,104,2025-08-19T00:05:00+08:00
2025-08-19T00:00:00+08:00,XIMENDING,173,87,68,2025-08-19T00:05:00+08:00
2025-08-19T00:00:00+08:00,TAIPEI_101,181,118,85,2025-08-19T00:05:00+08:00
2025-08-19T01:00:00+08:00,TPE_AIRPORT,101,94,68,2025-08-19T01:05:00+08:00
2025-08-19T01:00:00+08:00,TAIPEI_MAIN,183,139,107,2025-08-19T01:05:00+08:00
2025-08-19T01:00:00+08:00,XIMENDING,194,105,93,2025-08-19T01:05:00+08:00
2025-08-19T01:00:00+08:00,TAIPEI_101,138,133,120,2025-08-19T01:05:00+08:00
2025-08-19T02:00:00+08:00,TPE_AIRPORT,90,92,70,2025-08-19T02:05:00+08:00
2025-08-19T02:00:00+08:00,TAIPEI_MAIN,155,76,64,2025-08-19T02:05:00+08:00
2025-08-19T02:00:00+08:00,XIMENDING,156,122,92,2025-08-19T02:05:00+08:00
2025-08-19T02:00:00+08:00,TAIPEI_101,141,145,128,2025-08-19T02:05:00+08:00
2025-08-19T03:00:00+08:00,TPE_AIRPORT,133,77,59,2025-08-19T03:05:00+08:00
2025-08-19T03:00:00+08:00,TAIPEI_MAIN,169,94,83,2025-08-19T03:05:00+08:00
2025-08-19T03:00:00+08:00,XIMENDING,185,109,87,2025-08-19T03:05:00+08:00
2025-08-19T03:00:00+08:00,TAIPEI_101,201,123,101,2025-08-19T03:05:00+08:00
2025-08-19T04:00:00+08:00,TPE_AIRPORT,125,78,65,2025-08-19T04:05:00+08:00
2025-08-19T04:00:00+08:00,TAIPEI_MAIN,165,113,97,2025-08-19T04:05:00+08:00
2025-08-19T04:00:00+08:00,XIMENDING,152,69,61,2025-08-19T04:05:00+08:00
2025-08-19T04:00:00+08:00,TAIPEI_101,177,85,64,2025-08-19T04:05:00+08:00
2025-08-19T05:00:00+08:00,TPE_AIRPORT,114,125,105,2025-08-19T05:05:00+08:00
2025-08-19T05:00:00+08:00,TAIPEI_MAIN,127,223,190,2025-08-19T05:05:00+08:00
2025-08-19T05:00:00+08:00,XIMENDING,142,131,113,2025-08-19T05:05:00+08:00
2025-08-19T05:00:00+08:00,TAIPEI_101,99,224,179,2025-08-19T05:05:00+08:00
2025-08-19T06:00:00+08:00,TPE_AIRPORT,78,115,101,2025-08-19T06:05:00+08:00
2025-08-19T06:00:00+08:00,TAIPEI_MAIN,138,165,136,2025-08-19T06:05:00+08:00
2025-08-19T06:00:00+08:00,XIMENDING,115,160,140,2025-08-19T06:05:00+08:00
2025-08-19T06:00:00+08:00,TAIPEI_101,114,170,127,2025-08-19T06:05:00+08:00
2025-08-19T07:00:00+08:00,TPE_AIRPORT,77,139,112,2025-08-19T07:05:00+08:00
2025-08-19T07:00:00+08:00,TAIPEI_MAIN,155,190,146,2025-08-19T07:05:00+08:00
2025-08-19T07:00:00+08:00,XIMENDING,142,181,155,2025-08-19T07:05:00+08:00
2025-08-19T07:00:00+08:00,TAIPEI_101,145,177,141,2025-08-19T07:05:00+08:00
2025-08-19T08:00:00+08:00,TPE_AIRPORT,121,130,95,2025-08-19T08:05:00+08:00
2025-08-19T08:00:00+08:00,TAIPEI_MAIN,125,182,143,2025-08-19T08:05:00+08:00
2025-08-19T08:00:00+08:00,XIMENDING,158,159,130,2025-08-19T08:05:00+08:00
2025-08-19T08:00:00+08:00,TAIPEI_101,143,171,144,2025-08-19T08:05:00+08:00
2025-08-19T09:00:00+08:00,TPE_AIRPORT,84,99,83,2025-08-19T09:05:00+08:00
2025-08-19T09:00:00+08:00,TAIPEI_MAIN,171,139,116,2025-08-19T09:05:00+08:00
2025-08-19T09:00:00+08:00,XIMENDING,177,67,60,2025-08-19T09:05:00+08:00
2025-08-19T09:00:00+08:00,TAIPEI_101,190,141,120,2025-08-19T09:05:00+08:00
2025-08-19T10:00:00+08:00,TPE_AIRPORT,84,51,40,2025-08-19T10:05:00+08:00
2025-08-19T10:00:00+08:00,TAIPEI_MAIN,128,141,102,2025-08-19T10:05:00+08:00
2025-08-19T10:00:00+08:00,XIMENDING,139,80,65,2025-08-19T10:05:00+08:00
2025-08-19T10:00:00+08:00,TAIPEI_101,127,87,75,2025-08-19T10:05:00+08:00
2025-08-19T11:00:00+08:00,TPE_AIRPORT,138,133,109,2025-08-19T11:05:00+08:00
2025-08-19T11:00:00+08:00,TAIPEI_MAIN,131,123,91,2025-08-19T11:05:00+08:00
2025-08-19T11:00:00+08:00,XIMENDING,151,145,110,2025-08-19T11:05:00+08:00
2025-08-19T11:00:00+08:00,TAIPEI_101,141,121,93,2025-08-19T11:05:00+08:00
2025-08-19T12:00:00+08:00,TPE_AIRPORT,132,60,49,2025-08-19T12:05:00+08:00
2025-08-19T12:00:00+08:00,TAIPEI_MAIN,168,112,100,2025-08-19T12:05:00+08:00
2025-08-19T12:00:00+08:00,XIMENDING,144,88,73,2025-08-19T12:05:00+08:00
2025-08-19T12:00:00+08:00,TAIPEI_101,159,134,112,2025-08-19T12:05:00+08:00
2025-08-19T13:00:00+08:00,TPE_AIRPORT,93,112,92,2025-08-19T13:05:00+08:00
2025-08-19T13:00:00+08:00,TAIPEI_MAIN,183,132,101,2025-08-19T13:05:00+08:00
2025-08-19T13:00:00+08:00,XIMENDING,147,160,141,2025-08-19T13:05:00+08:00
2025-08-19T13:00:00+08:00,TAIPEI_101,170,101,88,2025-08-19T13:05:00+08:00
2025-08-19T14:00:00+08:00,TPE_AIRPORT,107,53,39,2025-08-19T14:05:00+08:00
2025-08-19T14:00:00+08:00,TAIPEI_MAIN,147,107,92,2025-08-19T14:05:00+08:00
2025-08-19T14:00:00+08:00,XIMENDING,176,90,78,2025-08-19T14:05:00+08:00
2025-08-19T14:00:00+08:00,TAIPEI_101,123,113,86,2025-08-19T14:05:00+08:00
2025-08-19T15:00:00+08:00,TPE_AIRPORT,129,91,67,2025-08-19T15:05:00+08:00
2025-08-19T15:00:00+08:00,TAIPEI_MAIN,168,119,106,2025-08-19T15:05:00+08:00
2025-08-19T15:00:00+08:00,XIMENDING,160,139,125,2025-08-19T15:05:00+08:00
2025-08-19T15:00:00+08:00,TAIPEI_101,156,102,75,2025-08-19T15:05:00+08:00
2025-08-19T16:00:00+08:00,TPE_AIRPORT,66,97,80,2025-08-19T16:05:00+08:00
2025-08-19T16:00:00+08:00,TAIPEI_MAIN,149,114,83,2025-08-19T16:05:00+08:00
2025-08-19T16:00:00+08:00,XIMENDING,172,138,106,2025-08-19T16:05:00+08:00
2025-08-19T16:00:00+08:00,TAIPEI_101,164,75,54,2025-08-19T16:05:00+08:00
2025-08-19T17:00:00+08:00,TPE_AIRPORT,108,58,50,2025-08-19T17:05:00+08:00
2025-08-19T17:00:00+08:00,TAIPEI_MAIN,130,134,106,2025-08-19T17:05:00+08:00
2025-08-19T17:00:00+08:00,XIMENDING,181,129,106,2025-08-19T17:05:00+08:00
2025-08-19T17:00:00+08:00,TAIPEI_101,163,81,61,2025-08-19T17:05:00+08:00
2025-08-19T18:00:00+08:00,TPE_AIRPORT,93,120,86,2025-08-19T18:05:00+08:00
2025-08-19T18:00:00+08:00,TAIPEI_MAIN,165,131,104,2025-08-19T18:05:00+08:00
2025-08-19T18:00:00+08:00,XIMENDING,148,115,91,2025-08-19T18:05:00+08:00
2025-08-19T18:00:00+08:00,TAIPEI_101,168,97,78,2025-08-19T18:05:00+08:00
2025-08-19T19:00:00+08:00,TPE_AIRPORT,109,109,97,2025-08-19T19:05:00+08:00
2025-08-19T19:00:00+08:00,TAIPEI_MAIN,185,126,111,2025-08-19T19:05:00+08:00
2025-08-19T19:00:00+08:00,XIMENDING,134,157,115,2025-08-19T19:05:00+08:00
2025-08-19T19:00:00+08:00,TAIPEI_101,147,131,101,2025-08-19T19:05:00+08:00
2025-08-19T20:00:00+08:00,TPE_AIRPORT,60,109,93,2025-08-19T20:05:00+08:00
2025-08-19T20:00:00+08:00,TAIPEI_MAIN,144,224,201,2025-08-19T20:05:00+08:00
2025-08-19T20:00:00+08:00,XIMENDING,124,177,158,2025-08-19T20:05:00+08:00
2025-08-19T20:00:00+08:00,TAIPEI_101,146,185,145,2025-08-19T20:05:00+08:00
2025-08-19T21:00:00+08:00,TPE_AIRPORT,70,111,89,2025-08-19T21:05:00+08:00
2025-08-19T21:00:00+08:00,TAIPEI_MAIN,135,174,155,2025-08-19T21:05:00+08:00
2025-08-19T21:00:00+08:00,XIMENDING,114,173,153,2025-08-19T21:05:00+08:00
2025-08-19T21:00:00+08:00,TAIPEI_101,109,180,162,2025-08-19T21:05:00+08:00
2025-08-19T22:00:00+08:00,TPE_AIRPORT,79,101,80,2025-08-19T22:05:00+08:00
2025-08-19T22:00:00+08:00,TAIPEI_MAIN,111,167,136,2025-08-19T22:05:00+08:00
2025-08-19T22:00:00+08:00,XIMENDING,148,184,145,2025-08-19T22:05:00+08:00
2025-08-19T22:00:00+08:00,TAIPEI_101,112,158,118,2025-08-19T22:05:00+08:00
2025-08-19T23:00:00+08:00,TPE_AIRPORT,98,143,111,2025-08-19T23:05:00+08:00
2025-08-19T23:00:00+08:00,TAIPEI_MAIN,118,210,162,2025-08-19T23:05:00+08:00
2025-08-19T23:00:00+08:00,XIMENDING,106,181,148,2025-08-19T23:05:00+08:00
2025-08-19T23:00:00+08:00,TAIPEI_101,136,187,168,2025-08-19T23:05:00+08:00
2025-08-20T00:00:00+08:00,TPE_AIRPORT,137,72,60,2025-08-20T00:05:00+08:00
2025-08-20T00:00:00+08:00,TAIPEI_MAIN,165,126,95,2025-08-20T00:05:00+08:00
2025-08-20T00:00:00+08:00,XIMENDING,163,74,59,2025-08-20T00:05:00+08:00
2025-08-20T00:00:00+08:00,TAIPEI_101,142,135,113,2025-08-20T00:05:00+08:00
2025-08-20T01:00:00+08:00,TPE_AIRPORT,101,76,57,2025-08-20T01:05:00+08:00
2025-08-20T01:00:00+08:00,TAIPEI_MAIN,150,106,76,2025-08-20T01:05:00+08:00
2025-08-20T01:00:00+08:00,XIMENDING,164,139,106,2025-08-20T01:05:00+08:00
2025-08-20T01:00:00+08:00,TAIPEI_101,135,127,96,2025-08-20T01:05:00+08:00
2025-08-20T02:00:00+08:00,TPE_AIRPORT,113,42,33,2025-08-20T02:05:00+08:00
2025-08-20T02:00:00+08:00,TAIPEI_MAIN,158,91,72,2025-08-20T02:05:00+08:00
2025-08-20T02:00:00+08:00,XIMENDING,183,117,93,2025-08-20T02:05:00+08:00
2025-08-20T02:00:00+08:00,TAIPEI_101,137,158,140,2025-08-20T02:05:00+08:00
2025-08-20T03:00:00+08:00,TPE_AIRPORT,86,78,68,2025-08-20T03:05:00+08:00
2025-08-20T03:00:00+08:00,TAIPEI_MAIN,139,142,102,2025-08-20T03:05:00+08:00
2025-08-20T03:00:00+08:00,XIMENDING,164,109,90,2025-08-20T03:05:00+08:00
2025-08-20T03:00:00+08:00,TAIPEI_101,138,129,109,2025-08-20T03:05:00+08:00
2025-08-20T04:00:00+08:00,TPE_AIRPORT,128,71,58,2025-08-20T04:05:00+08:00
2025-08-20T04:00:00+08:00,TAIPEI_MAIN,179,113,85,2025-08-20T04:05:00+08:00
2025-08-20T04:00:00+08:00,XIMENDING,179,110,91,2025-08-20T04:05:00+08:00
2025-08-20T04:00:00+08:00,TAIPEI_101,147,143,103,2025-08-20T04:05:00+08:00
2025-08-20T05:00:00+08:00,TPE_AIRPORT,79,91,73,2025-08-20T05:05:00+08:00
2025-08-20T05:00:00+08:00,TAIPEI_MAIN,111,191,166,2025-08-20T05:05:00+08:00
2025-08-20T05:00:00+08:00,XIMENDING,131,187,157,2025-08-20T05:05:00+08:00
2025-08-20T05:00:00+08:00,TAIPEI_101,137,195,148,2025-08-20T05:05:00+08:00
2025-08-20T06:00:00+08:00,TPE_AIRPORT,104,159,142,2025-08-20T06:05:00+08:00
2025-08-20T06:00:00+08:00,TAIPEI_MAIN,135,168,125,2025-08-20T06:05:00+08:00
2025-08-20T06:00:00+08:00,XIMENDING,143,177,146,2025-08-20T06:05:00+08:00
2025-08-20T06:00:00+08:00,TAIPEI_101,152,181,141,2025-08-20T06:05:00+08:00
2025-08-20T07:00:00+08:00,TPE_AIRPORT,67,105,94,2025-08-20T07:05:00+08:00
2025-08-20T07:00:00+08:00,TAIPEI_MAIN,131,202,173,2025-08-20T07:05:00+08:00
2025-08-20T07:00:00+08:00,XIMENDING,152,182,155,2025-08-20T07:05:00+08:00
2025-08-20T07:00:00+08:00,TAIPEI_101,143,193,151,2025-08-20T07:05:00+08:00
2025-08-20T08:00:00+08:00,TPE_AIRPORT,85,116,87,2025-08-20T08:05:00+08:00
2025-08-20T08:00:00+08:00,TAIPEI_MAIN,137,208,182,2025-08-20T08:05:00+08:00
2025-08-20T08:00:00+08:00,XIMENDING,145,176,144,2025-08-20T08:05:00+08:00
2025-08-20T08:00:00+08:00,TAIPEI_101,166,221,194,2025-08-20T08:05:00+08:00
2025-08-20T09:00:00+08:00,TPE_AIRPORT,104,114,95,2025-08-20T09:05:00+08:00
2025-08-20T09:00:00+08:00,TAIPEI_MAIN,172,105,86,2025-08-20T09:05:00+08:00
2025-08-20T09:00:00+08:00,XIMENDING,150,108,81,2025-08-20T09:05:00+08:00
2025-08-20T09:00:00+08:00,TAIPEI_101,146,151,114,2025-08-20T09:05:00+08:00
2025-08-20T10:00:00+08:00,TPE_AIRPORT,112,64,55,2025-08-20T10:05:00+08:00
2025-08-20T10:00:00+08:00,TAIPEI_MAIN,162,88,70,2025-08-20T10:05:00+08:00
2025-08-20T10:00:00+08:00,XIMENDING,141,105,75,2025-08-20T10:05:00+08:00
2025-08-20T10:00:00+08:00,TAIPEI_101,184,87,68,2025-08-20T10:05:00+08:00
2025-08-20T11:00:00+08:00,TPE_AIRPORT,103,66,53,2025-08-20T11:05:00+08:00
2025-08-20T11:00:00+08:00,TAIPEI_MAIN,146,124,105,2025-08-20T11:05:00+08:00
2025-08-20T11:00:00+08:00,XIMENDING,135,142,123,2025-08-20T11:05:00+08:00
2025-08-20T11:00:00+08:00,TAIPEI_101,170,117,89,2025-08-20T11:05:00+08:00
2025-08-20T12:00:00+08:00,TPE_AIRPORT,80,49,39,2025-08-20T12:05:00+08:00
2025-08-20T12:00:00+08:00,TAIPEI_MAIN,154,99,83,2025-08-20T12:05:00+08:00
2025-08-20T12:00:00+08:00,XIMENDING,165,61,48,2025-08-20T12:05:00+08:00
2025-08-20T12:00:00+08:00,TAIPEI_101,179,109,93,2025-08-20T12:05:00+08:00
2025-08-20T13:00:00+08:00,TPE_AIRPORT,94,125,95,2025-08-20T13:05:00+08:00
2025-08-20T13:00:00+08:00,TAIPEI_MAIN,142,86,74,2025-08-20T13:05:00+08:00
2025-08-20T13:00:00+08:00,XIMENDING,176,155,135,2025-08-20T13:05:00+08:00
2025-08-20T13:00:00+08:00,TAIPEI_101,148,110,99,2025-08-20T13:05:00+08:00
2025-08-20T14:00:00+08:00,TPE_AIRPORT,98,95,76,2025-08-20T14:05:00+08:00
2025-08-20T14:00:00+08:00,TAIPEI_MAIN,140,77,58,2025-08-20T14:05:00+08:00
2025-08-20T14:00:00+08:00,XIMENDING,157,105,82,2025-08-20T14:05:00+08:00
2025-08-20T14:00:00+08:00,TAIPEI_101,181,160,131,2025-08-20T14:05:00+08:00
2025-08-20T15:00:00+08:00,TPE_AIRPORT,113,90,67,2025-08-20T15:05:00+08:00
2025-08-20T15:00:00+08:00,TAIPEI_MAIN,171,122,105,2025-08-20T15:05:00+08:00
2025-08-20T15:00:00+08:00,XIMENDING,171,90,71,2025-08-20T15:05:00+08:00
2025-08-20T15:00:00+08:00,TAIPEI_101,169,125,103,2025-08-20T15:05:00+08:00
2025-08-20T16:00:00+08:00,TPE_AIRPORT,111,65,48,2025-08-20T16:05:00+08:00
2025-08-20T16:00:00+08:00,TAIPEI_MAIN,151,92,80,2025-08-20T16:05:00+08:00
2025-08-20T16:00:00+08:00,XIMENDING,172,144,109,2025-08-20T16:05:00+08:00
2025-08-20T16:00:00+08:00,TAIPEI_101,163,157,130,2025-08-20T16:05:00+08:00
2025-08-20T17:00:00+08:00,TPE_AIRPORT,82,108,90,2025-08-20T17:05:00+08:00
2025-08-20T17:00:00+08:00,TAIPEI_MAIN,169,128,104,2025-08-20T17:05:00+08:00
2025-08-20T17:00:00+08:00,XIMENDING,155,110,83,2025-08-20T17:05:00+08:00
2025-08-20T17:00:00+08:00,TAIPEI_101,144,110,94,2025-08-20T17:05:00+08:00
2025-08-20T18:00:00+08:00,TPE_AIRPORT,74,78,59,2025-08-20T18:05:00+08:00
2025-08-20T18:00:00+08:00,TAIPEI_MAIN,161,106,80,2025-08-20T18:05:00+08:00
2025-08-20T18:00:00+08:00,XIMENDING,164,114,88,2025-08-20T18:05:00+08:00
2025-08-20T18:00:00+08:00,TAIPEI_101,169,94,69,2025-08-20T18:05:00+08:00
2025-08-20T19:00:00+08:00,TPE_AIRPORT,96,81,63,2025-08-20T19:05:00+08:00
2025-08-20T19:00:00+08:00,TAIPEI_MAIN,176,135,115,2025-08-20T19:05:00+08:00
2025-08-20T19:00:00+08:00,XIMENDING,190,93,71,2025-08-20T19:05:00+08:00
2025-08-20T19:00:00+08:00,TAIPEI_101,155,100,76,2025-08-20T19:05:00+08:00
2025-08-20T20:00:00+08:00,TPE_AIRPORT,80,154,125,2025-08-20T20:05:00+08:00
2025-08-20T20:00:00+08:00,TAIPEI_MAIN,156,172,147,2025-08-20T20:05:00+08:00
2025-08-20T20:00:00+08:00,XIMENDING,110,199,167,2025-08-20T20:05:00+08:00
2025-08-20T20:00:00+08:00,TAIPEI_101,122,202,152,2025-08-20T20:05:00+08:00
2025-08-20T21:00:00+08:00,TPE_AIRPORT,123,128,103,2025-08-20T21:05:00+08:00
2025-08-20T21:00:00+08:00,TAIPEI_MAIN,116,203,170,2025-08-20T21:05:00+08:00
2025-08-20T21:00:00+08:00,XIMENDING,101,208,166,2025-08-20T21:05:00+08:00
2025-08-20T21:00:00+08:00,TAIPEI_101,144,162,130,2025-08-20T21:05:00+08:00
2025-08-20T22:00:00+08:00,TPE_AIRPORT,89,143,116,2025-08-20T22:05:00+08:00
2025-08-20T22:00:00+08:00,TAIPEI_MAIN,127,210,159,2025-08-20T22:05:00+08:00
2025-08-20T22:00:00+08:00,XIMENDING,126,174,136,2025-08-20T22:05:00+08:00
2025-08-20T22:00:00+08:00,TAIPEI_101,134,232,193,2025-08-20T22:05:00+08:00
2025-08-20T23:00:00+08:00,TPE_AIRPORT,64,138,117,2025-08-20T23:05:00+08:00
2025-08-20T23:00:00+08:00,TAIPEI_MAIN,153,180,142,2025-08-20T23:05:00+08:00
2025-08-20T23:00:00+08:00,XIMENDING,124,220,190,2025-08-20T23:05:00+08:00
2025-08-20T23:00:00+08:00,TAIPEI_101,128,181,153,2025-08-20T23:05:00+08:00
2025-08-21T00:00:00+08:00,TPE_AIRPORT,127,75,61,2025-08-21T00:05:00+08:00
2025-08-21T00:00:00+08:00,TAIPEI_MAIN,155,94,70,2025-08-21T00:05:00+08:00
2025-08-21T00:00:00+08:00,XIMENDING,145,80,61,2025-08-21T00:05:00+08:00
2025-08-21T00:00:00+08:00,TAIPEI_101,162,121,99,2025-08-21T00:05:00+08:00
2025-08-21T01:00:00+08:00,TPE_AIRPORT,100,94,78,2025-08-21T01:05:00+08:00
2025-08-21T01:00:00+08:00,TAIPEI_MAIN,163,120,102,2025-08-21T01:05:00+08:00
2025-08-21T01:00:00+08:00,XIMENDING,146,110,90,2025-08-21T01:05:00+08:00
2025-08-21T01:00:00+08:00,TAIPEI_101,155,99,72,2025-08-21T01:05:00+08:00
2025-08-21T02:00:00+08:00,TPE_AIRPORT,107,69,59,2025-08-21T02:05:00+08:00
2025-08-21T02:00:00+08:00,TAIPEI_MAIN,164,126,99,2025-08-21T02:05:00+08:00
2025-08-21T02:00:00+08:00,XIMENDING,169,91,82,2025-08-21T02:05:00+08:00
2025-08-21T02:00:00+08:00,TAIPEI_101,156,106,91,2025-08-21T02:05:00+08:00
2025-08-21T03:00:00+08:00,TPE_AIRPORT,83,64,50,2025-08-21T03:05:00+08:00
2025-08-21T03:00:00+08:00,TAIPEI_MAIN,153,95,73,2025-08-21T03:05:00+08:00
2025-08-21T03:00:00+08:00,XIMENDING,154,111,84,2025-08-21T03:05:00+08:00
2025-08-21T03:00:00+08:00,TAIPEI_101,180,108,80,2025-08-21T03:05:00+08:00
2025-08-21T04:00:00+08:00,TPE_AIRPORT,119,80,59,2025-08-21T04:05:00+08:00
2025-08-21T04:00:00+08:00,TAIPEI_MAIN,156,109,88,2025-08-21T04:05:00+08:00
2025-08-21T04:00:00+08:00,XIMENDING,147,131,98,2025-08-21T04:05:00+08:00
2025-08-21T04:00:00+08:00,TAIPEI_101,161,114,86,2025-08-21T04:05:00+08:00
2025-08-21T05:00:00+08:00,TPE_AIRPORT,59,112,81,2025-08-21T05:05:00+08:00
2025-08-21T05:00:00+08:00,TAIPEI_MAIN,153,233,184,2025-08-21T05:05:00+08:00
2025-08-21T05:00:00+08:00,XIMENDING,151,191,163,2025-08-21T05:05:00+08:00
2025-08-21T05:00:00+08:00,TAIPEI_101,120,179,160,2025-08-21T05:05:00+08:00
2025-08-21T06:00:00+08:00,TPE_AIRPORT,107,102,86,2025-08-21T06:05:00+08:00
2025-08-21T06:00:00+08:00,TAIPEI_MAIN,160,205,171,2025-08-21T06:05:00+08:00
2025-08-21T06:00:00+08:00,XIMENDING,142,223,162,2025-08-21T06:05:00+08:00
2025-08-21T06:00:00+08:00,TAIPEI_101,139,157,134,2025-08-21T06:05:00+08:00
2025-08-21T07:00:00+08:00,TPE_AIRPORT,79,144,104,2025-08-21T07:05:00+08:00
2025-08-21T07:00:00+08:00,TAIPEI_MAIN,134,167,148,2025-08-21T07:05:00+08:00
2025-08-21T07:00:00+08:00,XIMENDING,119,180,152,2025-08-21T07:05:00+08:00
2025-08-21T07:00:00+08:00,TAIPEI_101,162,174,132,2025-08-21T07:05:00+08:00
2025-08-21T08:00:00+08:00,TPE_AIRPORT,99,118,86,2025-08-21T08:05:00+08:00
2025-08-21T08:00:00+08:00,TAIPEI_MAIN,121,187,136,2025-08-21T08:05:00+08:00
2025-08-21T08:00:00+08:00,XIMENDING,165,176,146,2025-08-21T08:05:00+08:00
2025-08-21T08:00:00+08:00,TAIPEI_101,92,184,147,2025-08-21T08:05:00+08:00
2025-08-21T09:00:00+08:00,TPE_AIRPORT,120,70,51,2025-08-21T09:05:00+08:00
2025-08-21T09:00:00+08:00,TAIPEI_MAIN,159,141,107,2025-08-21T09:05:00+08:00
2025-08-21T09:00:00+08:00,XIMENDING,175,98,88,2025-08-21T09:05:00+08:00
2025-08-21T09:00:00+08:00,TAIPEI_101,144,99,81,2025-08-21T09:05:00+08:00
2025-08-21T10:00:00+08:00,TPE_AIRPORT,110,79,66,2025-08-21T10:05:00+08:00
2025-08-21T10:00:00+08:00,TAIPEI_MAIN,129,117,98,2025-08-21T10:05:00+08:00
2025-08-21T10:00:00+08:00,XIMENDING,180,104,81,2025-08-21T10:05:00+08:00
2025-08-21T10:00:00+08:00,TAIPEI_101,145,149,118,2025-08-21T10:05:00+08:00
2025-08-21T11:00:00+08:00,TPE_AIRPORT,79,72,56,2025-08-21T11:05:00+08:00
2025-08-21T11:00:00+08:00,TAIPEI_MAIN,139,129,113,2025-08-21T11:05:00+08:00
2025-08-21T11:00:00+08:00,XIMENDING,148,122,102,2025-08-21T11:05:00+08:00
2025-08-21T11:00:00+08:00,TAIPEI_101,153,100,86,2025-08-21T11:05:00+08:00
2025-08-21T12:00:00+08:00,TPE_AIRPORT,102,80,60,2025-08-21T12:05:00+08:00
2025-08-21T12:00:00+08:00,TAIPEI_MAIN,164,125,95,2025-08-21T12:05:00+08:00
2025-08-21T12:00:00+08:00,XIMENDING,167,83,68,2025-08-21T12:05:00+08:00
2025-08-21T12:00:00+08:00,TAIPEI_101,200,78,68,2025-08-21T12:05:00+08:00
2025-08-21T13:00:00+08:00,TPE_AIRPORT,69,75,67,2025-08-21T13:05:00+08:00
2025-08-21T13:00:00+08:00,TAIPEI_MAIN,191,148,117,2025-08-21T13:05:00+08:00
2025-08-21T13:00:00+08:00,XIMENDING,158,105,89,2025-08-21T13:05:00+08:00
2025-08-21T13:00:00+08:00,TAIPEI_101,155,96,86,2025-08-21T13:05:00+08:00
2025-08-21T14:00:00+08:00,TPE_AIRPORT,74,39,29,2025-08-21T14:05:00+08:00
2025-08-21T14:00:00+08:00,TAIPEI_MAIN,139,118,94,2025-08-21T14:05:00+08:00
2025-08-21T14:00:00+08:00,XIMENDING,142,123,95,2025-08-21T14:05:00+08:00
2025-08-21T14:00:00+08:00,TAIPEI_101,155,123,96,2025-08-21T14:05:00+08:00
2025-08-21T15:00:00+08:00,TPE_AIRPORT,96,123,99,2025-08-21T15:05:00+08:00
2025-08-21T15:00:00+08:00,TAIPEI_MAIN,177,111,84,2025-08-21T15:05:00+08:00
2025-08-21T15:00:00+08:00,XIMENDING,192,87,70,2025-08-21T15:05:00+08:00
2025-08-21T15:00:00+08:00,TAIPEI_101,163,136,121,2025-08-21T15:05:00+08:00
2025-08-21T16:00:00+08:00,TPE_AIRPORT,80,59,51,2025-08-21T16:05:00+08:00
2025-08-21T16:00:00+08:00,TAIPEI_MAIN,161,92,77,2025-08-21T16:05:00+08:00
2025-08-21T16:00:00+08:00,XIMENDING,155,129,93,2025-08-21T16:05:00+08:00
2025-08-21T16:00:00+08:00,TAIPEI_101,150,115,100,2025-08-21T16:05:00+08:00
2025-08-21T17:00:00+08:00,TPE_AIRPORT,76,101,88,2025-08-21T17:05:00+08:00
2025-08-21T17:00:00+08:00,TAIPEI_MAIN,160,60,48,2025-08-21T17:05:00+08:00
2025-08-21T17:00:00+08:00,XIMENDING,190,83,74,2025-08-21T17:05:00+08:00
2025-08-21T17:00:00+08:00,TAIPEI_101,153,86,68,2025-08-21T17:05:00+08:00
2025-08-21T18:00:00+08:00,TPE_AIRPORT,114,59,48,2025-08-21T18:05:00+08:00
2025-08-21T18:00:00+08:00,TAIPEI_MAIN,129,130,98,2025-08-21T18:05:00+08:00
2025-08-21T18:00:00+08:00,XIMENDING,151,126,103,2025-08-21T18:05:00+08:00
2025-08-21T18:00:00+08:00,TAIPEI_101,160,141,105,2025-08-21T18:05:00+08:00
2025-08-21T19:00:00+08:00,TPE_AIRPORT,149,69,60,2025-08-21T19:05:00+08:00
2025-08-21T19:00:00+08:00,TAIPEI_MAIN,131,78,68,2025-08-21T19:05:00+08:00
2025-08-21T19:00:00+08:00,XIMENDING,159,122,102,2025-08-21T19:05:00+08:00
2025-08-21T19:00:00+08:00,TAIPEI_101,173,147,118,2025-08-21T19:05:00+08:00
2025-08-21T20:00:00+08:00,TPE_AIRPORT,73,131,110,2025-08-21T20:05:00+08:00
2025-08-21T20:00:00+08:00,TAIPEI_MAIN,178,189,169,2025-08-21T20:05:00+08:00
2025-08-21T20:00:00+08:00,XIMENDING,142,226,163,2025-08-21T20:05:00+08:00
2025-08-21T20:00:00+08:00,TAIPEI_101,144,209,177,2025-08-21T20:05:00+08:00
2025-08-21T21:00:00+08:00,TPE_AIRPORT,97,126,102,2025-08-21T21:05:00+08:00
2025-08-21T21:00:00+08:00,TAIPEI_MAIN,133,174,130,2025-08-21T21:05:00+08:00
2025-08-21T21:00:00+08:00,XIMENDING,134,176,137,2025-08-21T21:05:00+08:00
2025-08-21T21:00:00+08:00,TAIPEI_101,87,196,150,2025-08-21T21:05:00+08:00
2025-08-21T22:00:00+08:00,TPE_AIRPORT,117,98,82,2025-08-21T22:05:00+08:00
2025-08-21T22:00:00+08:00,TAIPEI_MAIN,130,146,128,2025-08-21T22:05:00+08:00
2025-08-21T22:00:00+08:00,XIMENDING,148,221,198,2025-08-21T22:05:00+08:00
2025-08-21T22:00:00+08:00,TAIPEI_101,115,182,164,2025-08-21T22:05:00+08:00
2025-08-21T23:00:00+08:00,TPE_AIRPORT,138,149,113,2025-08-21T23:05:00+08:00
2025-08-21T23:00:00+08:00,TAIPEI_MAIN,120,193,145,2025-08-21T23:05:00+08:00
2025-08-21T23:00:00+08:00,XIMENDING,118,197,176,2025-08-21T23:05:00+08:00
2025-08-21T23:00:00+08:00,TAIPEI_101,148,189,163,2025-08-21T23:05:00+08:00
2025-08-22T00:00:00+08:00,TPE_AIRPORT,124,106,89,2025-08-22T00:05:00+08:00
2025-08-22T00:00:00+08:00,TAIPEI_MAIN,156,111,83,2025-08-22T00:05:00+08:00
2025-08-22T00:00:00+08:00,XIMENDING,174,142,115,2025-08-22T00:05:00+08:00
2025-08-22T00:00:00+08:00,TAIPEI_101,177,87,78,2025-08-22T00:05:00+08:00
2025-08-22T01:00:00+08:00,TPE_AIRPORT,157,66,52,2025-08-22T01:05:00+08:00
2025-08-22T01:00:00+08:00,TAIPEI_MAIN,150,131,95,2025-08-22T01:05:00+08:00
2025-08-22T01:00:00+08:00,XIMENDING,159,156,118,2025-08-22T01:05:00+08:00
2025-08-22T01:00:00+08:00,TAIPEI_101,134,73,58,2025-08-22T01:05:00+08:00
2025-08-22T02:00:00+08:00,TPE_AIRPORT,102,54,40,2025-08-22T02:05:00+08:00
2025-08-22T02:00:00+08:00,TAIPEI_MAIN,171,159,130,2025-08-22T02:05:00+08:00
2025-08-22T02:00:00+08:00,XIMENDING,168,75,57,2025-08-22T02:05:00+08:00
2025-08-22T02:00:00+08:00,TAIPEI_101,162,150,113,2025-08-22T02:05:00+08:00
2025-08-22T03:00:00+08:00,TPE_AIRPORT,100,84,71,2025-08-22T03:05:00+08:00
2025-08-22T03:00:00+08:00,TAIPEI_MAIN,150,133,97,2025-08-22T03:05:00+08:00
2025-08-22T03:00:00+08:00,XIMENDING,163,100,74,2025-08-22T03:05:00+08:00
2025-08-22T03:00:00+08:00,TAIPEI_101,143,128,92,2025-08-22T03:05:00+08:00
2025-08-22T04:00:00+08:00,TPE_AIRPORT,111,67,59,2025-08-22T04:05:00+08:00
2025-08-22T04:00:00+08:00,TAIPEI_MAIN,178,102,83,2025-08-22T04:05:00+08:00
2025-08-22T04:00:00+08:00,XIMENDING,165,120,97,2025-08-22T04:05:00+08:00
2025-08-22T04:00:00+08:00,TAIPEI_101,152,127,107,2025-08-22T04:05:00+08:00
2025-08-22T05:00:00+08:00,TPE_AIRPORT,105,139,118,2025-08-22T05:05:00+08:00
2025-08-22T05:00:00+08:00,TAIPEI_MAIN,131,164,128,2025-08-22T05:05:00+08:00
2025-08-22T05:00:00+08:00,XIMENDING,144,215,185,2025-08-22T05:05:00+08:00
2025-08-22T05:00:00+08:00,TAIPEI_101,134,198,178,2025-08-22T05:05:00+08:00
2025-08-22T06:00:00+08:00,TPE_AIRPORT,92,139,105,2025-08-22T06:05:00+08:00
2025-08-22T06:00:00+08:00,TAIPEI_MAIN,156,174,142,2025-08-22T06:05:00+08:00
2025-08-22T06:00:00+08:00,XIMENDING,95,155,121,2025-08-22T06:05:00+08:00
2025-08-22T06:00:00+08:00,TAIPEI_101,122,153,126,2025-08-22T06:05:00+08:00
2025-08-22T07:00:00+08:00,TPE_AIRPORT,125,104,93,2025-08-22T07:05:00+08:00
2025-08-22T07:00:00+08:00,TAIPEI_MAIN,148,172,140,2025-08-22T07:05:00+08:00
2025-08-22T07:00:00+08:00,XIMENDING,152,178,143,2025-08-22T07:05:00+08:00
2025-08-22T07:00:00+08:00,TAIPEI_101,135,164,134,2025-08-22T07:05:00+08:00
2025-08-22T08:00:00+08:00,TPE_AIRPORT,86,152,130,2025-08-22T08:05:00+08:00
2025-08-22T08:00:00+08:00,TAIPEI_MAIN,136,172,132,2025-08-22T08:05:00+08:00
2025-08-22T08:00:00+08:00,XIMENDING,152,158,118,2025-08-22T08:05:00+08:00
2025-08-22T08:00:00+08:00,TAIPEI_101,125,169,123,2025-08-22T08:05:00+08:00
2025-08-22T09:00:00+08:00,TPE_AIRPORT,112,100,90,2025-08-22T09:05:00+08:00
2025-08-22T09:00:00+08:00,TAIPEI_MAIN,152,97,83,2025-08-22T09:05:00+08:00
2025-08-22T09:00:00+08:00,XIMENDING,141,149,134,2025-08-22T09:05:00+08:00
2025-08-22T09:00:00+08:00,TAIPEI_101,179,140,109,2025-08-22T09:05:00+08:00
2025-08-22T10:00:00+08:00,TPE_AIRPORT,109,78,69,2025-08-22T10:05:00+08:00
2025-08-22T10:00:00+08:00,TAIPEI_MAIN,174,127,110,2025-08-22T10:05:00+08:00
2025-08-22T10:00:00+08:00,XIMENDING,155,123,106,2025-08-22T10:05:00+08:00
2025-08-22T10:00:00+08:00,TAIPEI_101,185,113,89,2025-08-22T10:05:00+08:00
2025-08-22T11:00:00+08:00,TPE_AIRPORT,137,85,70,2025-08-22T11:05:00+08:00
2025-08-22T11:00:00+08:00,TAIPEI_MAIN,134,99,83,2025-08-22T11:05:00+08:00
2025-08-22T11:00:00+08:00,XIMENDING,175,157,122,2025-08-22T11:05:00+08:00
2025-08-22T11:00:00+08:00,TAIPEI_101,182,85,74,2025-08-22T11:05:00+08:00
2025-08-22T12:00:00+08:00,TPE_AIRPORT,84,53,43,2025-08-22T12:05:00+08:00
2025-08-22T12:00:00+08:00,TAIPEI_MAIN,158,76,67,2025-08-22T12:05:00+08:00
2025-08-22T12:00:00+08:00,XIMENDING,132,128,102,2025-08-22T12:05:00+08:00
2025-08-22T12:00:00+08:00,TAIPEI_101,166,125,100,2025-08-22T12:05:00+08:00
2025-08-22T13:00:00+08:00,TPE_AIRPORT,117,80,63,2025-08-22T13:05:00+08:00
2025-08-22T13:00:00+08:00,TAIPEI_MAIN,146,129,112,2025-08-22T13:05:00+08:00
2025-08-22T13:00:00+08:00,XIMENDING,164,66,54,2025-08-22T13:05:00+08:00
2025-08-22T13:00:00+08:00,TAIPEI_101,156,88,75,2025-08-22T13:05:00+08:00
2025-08-22T14:00:00+08:00,TPE_AIRPORT,113,94,72,2025-08-22T14:05:00+08:00
2025-08-22T14:00:00+08:00,TAIPEI_MAIN,137,113,90,2025-08-22T14:05:00+08:00
2025-08-22T14:00:00+08:00,XIMENDING,141,112,94,2025-08-22T14:05:00+08:00
2025-08-22T14:00:00+08:00,TAIPEI_101,162,134,108,2025-08-22T14:05:00+08:00
2025-08-22T15:00:00+08:00,TPE_AIRPORT,107,78,61,2025-08-22T15:05:00+08:00
2025-08-22T15:00:00+08:00,TAIPEI_MAIN,202,103,77,2025-08-22T15:05:00+08:00
2025-08-22T15:00:00+08:00,XIMENDING,126,148,107,2025-08-22T15:05:00+08:00
2025-08-22T15:00:00+08:00,TAIPEI_101,187,96,84,2025-08-22T15:05:00+08:00
2025-08-22T16:00:00+08:00,TPE_AIRPORT,85,82,68,2025-08-22T16:05:00+08:00
2025-08-22T16:00:00+08:00,TAIPEI_MAIN,180,130,115,2025-08-22T16:05:00+08:00
2025-08-22T16:00:00+08:00,XIMENDING,177,157,131,2025-08-22T16:05:00+08:00
2025-08-22T16:00:00+08:00,TAIPEI_101,162,157,123,2025-08-22T16:05:00+08:00
2025-08-22T17:00:00+08:00,TPE_AIRPORT,129,62,44,2025-08-22T17:05:00+08:00
2025-08-22T17:00:00+08:00,TAIPEI_MAIN,152,141,114,2025-08-22T17:05:00+08:00
2025-08-22T17:00:00+08:00,XIMENDING,161,137,113,2025-08-22T17:05:00+08:00
2025-08-22T17:00:00+08:00,TAIPEI_101,176,139,125,2025-08-22T17:05:00+08:00
2025-08-22T18:00:00+08:00,TPE_AIRPORT,145,103,90,2025-08-22T18:05:00+08:00
2025-08-22T18:00:00+08:00,TAIPEI_MAIN,136,128,116,2025-08-22T18:05:00+08:00
2025-08-22T18:00:00+08:00,XIMENDING,118,109,91,2025-08-22T18:05:00+08:00
2025-08-22T18:00:00+08:00,TAIPEI_101,170,157,135,2025-08-22T18:05:00+08:00
2025-08-22T19:00:00+08:00,TPE_AIRPORT,125,87,76,2025-08-22T19:05:00+08:00
2025-08-22T19:00:00+08:00,TAIPEI_MAIN,148,130,104,2025-08-22T19:05:00+08:00
2025-08-22T19:00:00+08:00,XIMENDING,203,141,119,2025-08-22T19:05:00+08:00
2025-08-22T19:00:00+08:00,TAIPEI_101,155,127,100,2025-08-22T19:05:00+08:00
2025-08-22T20:00:00+08:00,TPE_AIRPORT,110,142,107,2025-08-22T20:05:00+08:00
2025-08-22T20:00:00+08:00,TAIPEI_MAIN,186,181,151,2025-08-22T20:05:00+08:00
2025-08-22T20:00:00+08:00,XIMENDING,156,151,132,2025-08-22T20:05:00+08:00
2025-08-22T20:00:00+08:00,TAIPEI_101,139,182,152,2025-08-22T20:05:00+08:00
2025-08-22T21:00:00+08:00,TPE_AIRPORT,59,126,94,2025-08-22T21:05:00+08:00
2025-08-22T21:00:00+08:00,TAIPEI_MAIN,137,182,157,2025-08-22T21:05:00+08:00
2025-08-22T21:00:00+08:00,XIMENDING,144,192,139,2025-08-22T21:05:00+08:00
2025-08-22T21:00:00+08:00,TAIPEI_101,150,196,167,2025-08-22T21:05:00+08:00
2025-08-22T22:00:00+08:00,TPE_AIRPORT,91,108,85,2025-08-22T22:05:00+08:00
2025-08-22T22:00:00+08:00,TAIPEI_MAIN,147,209,156,2025-08-22T22:05:00+08:00
2025-08-22T22:00:00+08:00,XIMENDING,144,217,173,2025-08-22T22:05:00+08:00
2025-08-22T22:00:00+08:00,TAIPEI_101,131,209,178,2025-08-22T22:05:00+08:00
2025-08-22T23:00:00+08:00,TPE_AIRPORT,75,135,98,2025-08-22T23:05:00+08:00
2025-08-22T23:00:00+08:00,TAIPEI_MAIN,134,180,132,2025-08-22T23:05:00+08:00
2025-08-22T23:00:00+08:00,XIMENDING,168,178,151,2025-08-22T23:05:00+08:00
2025-08-22T23:00:00+08:00,TAIPEI_101,137,136,111,2025-08-22T23:05:00+08:00
2025-08-23T00:00:00+08:00,TPE_AIRPORT,109,85,69,2025-08-23T00:05:00+08:00
2025-08-23T00:00:00+08:00,TAIPEI_MAIN,132,129,101,2025-08-23T00:05:00+08:00
2025-08-23T00:00:00+08:00,XIMENDING,117,125,95,2025-08-23T00:05:00+08:00
2025-08-23T00:00:00+08:00,TAIPEI_101,157,106,80,2025-08-23T00:05:00+08:00
2025-08-23T01:00:00+08:00,TPE_AIRPORT,111,74,61,2025-08-23T01:05:00+08:00
2025-08-23T01:00:00+08:00,TAIPEI_MAIN,153,128,95,2025-08-23T01:05:00+08:00
2025-08-23T01:00:00+08:00,XIMENDING,149,76,67,2025-08-23T01:05:00+08:00
2025-08-23T01:00:00+08:00,TAIPEI_101,147,98,84,2025-08-23T01:05:00+08:00
2025-08-23T02:00:00+08:00,TPE_AIRPORT,92,96,75,2025-08-23T02:05:00+08:00
2025-08-23T02:00:00+08:00,TAIPEI_MAIN,160,79,56,2025-08-23T02:05:00+08:00
2025-08-23T02:00:00+08:00,XIMENDING,174,132,97,2025-08-23T02:05:00+08:00
2025-08-23T02:00:00+08:00,TAIPEI_101,167,127,94,2025-08-23T02:05:00+08:00
2025-08-23T03:00:00+08:00,TPE_AIRPORT,109,75,54,2025-08-23T03:05:00+08:00
2025-08-23T03:00:00+08:00,TAIPEI_MAIN,135,126,106,2025-08-23T03:05:00+08:00
2025-08-23T03:00:00+08:00,XIMENDING,124,104,87,2025-08-23T03:05:00+08:00
2025-08-23T03:00:00+08:00,TAIPEI_101,159,88,68,2025-08-23T03:05:00+08:00
2025-08-23T04:00:00+08:00,TPE_AIRPORT,100,87,77,2025-08-23T04:05:00+08:00
2025-08-23T04:00:00+08:00,TAIPEI_MAIN,176,82,69,2025-08-23T04:05:00+08:00
2025-08-23T04:00:00+08:00,XIMENDING,202,132,96,2025-08-23T04:05:00+08:00
2025-08-23T04:00:00+08:00,TAIPEI_101,154,138,119,2025-08-23T04:05:00+08:00
2025-08-23T05:00:00+08:00,TPE_AIRPORT,84,105,95,2025-08-23T05:05:00+08:00
2025-08-23T05:00:00+08:00,TAIPEI_MAIN,154,179,136,2025-08-23T05:05:00+08:00
2025-08-23T05:00:00+08:00,XIMENDING,111,166,119,2025-08-23T05:05:00+08:00
2025-08-23T05:00:00+08:00,TAIPEI_101,143,205,159,2025-08-23T05:05:00+08:00
2025-08-23T06:00:00+08:00,TPE_AIRPORT,76,123,90,2025-08-23T06:05:00+08:00
2025-08-23T06:00:00+08:00,TAIPEI_MAIN,119,189,154,2025-08-23T06:05:00+08:00
2025-08-23T06:00:00+08:00,XIMENDING,139,169,146,2025-08-23T06:05:00+08:00
2025-08-23T06:00:00+08:00,TAIPEI_101,139,173,124,2025-08-23T06:05:00+08:00
2025-08-23T07:00:00+08:00,TPE_AIRPORT,113,162,122,2025-08-23T07:05:00+08:00
2025-08-23T07:00:00+08:00,TAIPEI_MAIN,130,217,157,2025-08-23T07:05:00+08:00
2025-08-23T07:00:00+08:00,XIMENDING,145,207,181,2025-08-23T07:05:00+08:00
2025-08-23T07:00:00+08:00,TAIPEI_101,119,166,120,2025-08-23T07:05:00+08:00
2025-08-23T08:00:00+08:00,TPE_AIRPORT,96,131,105,2025-08-23T08:05:00+08:00
2025-08-23T08:00:00+08:00,TAIPEI_MAIN,133,179,140,2025-08-23T08:05:00+08:00
2025-08-23T08:00:00+08:00,XIMENDING,135,167,133,2025-08-23T08:05:00+08:00
2025-08-23T08:00:00+08:00,TAIPEI_101,144,208,186,2025-08-23T08:05:00+08:00
2025-08-23T09:00:00+08:00,TPE_AIRPORT,109,66,58,2025-08-23T09:05:00+08:00
2025-08-23T09:00:00+08:00,TAIPEI_MAIN,150,72,54,2025-08-23T09:05:00+08:00
2025-08-23T09:00:00+08:00,XIMENDING,169,145,124,2025-08-23T09:05:00+08:00
2025-08-23T09:00:00+08:00,TAIPEI_101,133,96,73,2025-08-23T09:05:00+08:00
2025-08-23T10:00:00+08:00,TPE_AIRPORT,122,80,66,2025-08-23T10:05:00+08:00
2025-08-23T10:00:00+08:00,TAIPEI_MAIN,156,95,78,2025-08-23T10:05:00+08:00
2025-08-23T10:00:00+08:00,XIMENDING,171,104,77,2025-08-23T10:05:00+08:00
2025-08-23T10:00:00+08:00,TAIPEI_101,166,92,76,2025-08-23T10:05:00+08:00
2025-08-23T11:00:00+08:00,TPE_AIRPORT,96,82,72,2025-08-23T11:05:00+08:00
2025-08-23T11:00:00+08:00,TAIPEI_MAIN,147,116,84,2025-08-23T11:05:00+08:00
2025-08-23T11:00:00+08:00,XIMENDING,171,94,84,2025-08-23T11:05:00+08:00
2025-08-23T11:00:00+08:00,TAIPEI_101,168,128,109,2025-08-23T11:05:00+08:00
2025-08-23T12:00:00+08:00,TPE_AIRPORT,123,65,57,2025-08-23T12:05:00+08:00
2025-08-23T12:00:00+08:00,TAIPEI_MAIN,161,126,98,2025-08-23T12:05:00+08:00
2025-08-23T12:00:00+08:00,XIMENDING,166,121,109,2025-08-23T12:05:00+08:00
2025-08-23T12:00:00+08:00,TAIPEI_101,164,142,117,2025-08-23T12:05:00+08:00
2025-08-23T13:00:00+08:00,TPE_AIRPORT,134,109,83,2025-08-23T13:05:00+08:00
2025-08-23T13:00:00+08:00,TAIPEI_MAIN,139,128,111,2025-08-23T13:05:00+08:00
2025-08-23T13:00:00+08:00,XIMENDING,157,112,84,2025-08-23T13:05:00+08:00
2025-08-23T13:00:00+08:00,TAIPEI_101,166,128,113,2025-08-23T13:05:00+08:00
2025-08-23T14:00:00+08:00,TPE_AIRPORT,104,81,63,2025-08-23T14:05:00+08:00
2025-08-23T14:00:00+08:00,TAIPEI_MAIN,163,104,80,2025-08-23T14:05:00+08:00
2025-08-23T14:00:00+08:00,XIMENDING,167,104,78,2025-08-23T14:05:00+08:00
2025-08-23T14:00:00+08:00,TAIPEI_101,169,108,92,2025-08-23T14:05:00+08:00
2025-08-23T15:00:00+08:00,TPE_AIRPORT,100,49,36,2025-08-23T15:05:00+08:00
2025-08-23T15:00:00+08:00,TAIPEI_MAIN,152,103,88,2025-08-23T15:05:00+08:00
2025-08-23T15:00:00+08:00,XIMENDING,151,121,88,2025-08-23T15:05:00+08:00
2025-08-23T15:00:00+08:00,TAIPEI_101,149,121,106,2025-08-23T15:05:00+08:00
2025-08-23T16:00:00+08:00,TPE_AIRPORT,125,29,25,2025-08-23T16:05:00+08:00
2025-08-23T16:00:00+08:00,TAIPEI_MAIN,157,110,81,2025-08-23T16:05:00+08:00
2025-08-23T16:00:00+08:00,XIMENDING,171,103,93,2025-08-23T16:05:00+08:00
2025-08-23T16:00:00+08:00,TAIPEI_101,137,103,92,2025-08-23T16:05:00+08:00
2025-08-23T17:00:00+08:00,TPE_AIRPORT,114,110,84,2025-08-23T17:05:00+08:00
2025-08-23T17:00:00+08:00,TAIPEI_MAIN,115,146,113,2025-08-23T17:05:00+08:00
2025-08-23T17:00:00+08:00,XIMENDING,140,99,74,2025-08-23T17:05:00+08:00
2025-08-23T17:00:00+08:00,TAIPEI_101,147,130,97,2025-08-23T17:05:00+08:00
2025-08-23T18:00:00+08:00,TPE_AIRPORT,112,91,75,2025-08-23T18:05:00+08:00
2025-08-23T18:00:00+08:00,TAIPEI_MAIN,172,142,108,2025-08-23T18:05:00+08:00
2025-08-23T18:00:00+08:00,XIMENDING,128,103,77,2025-08-23T18:05:00+08:00
2025-08-23T18:00:00+08:00,TAIPEI_101,145,115,89,2025-08-23T18:05:00+08:00
2025-08-23T19:00:00+08:00,TPE_AIRPORT,97,83,70,2025-08-23T19:05:00+08:00
2025-08-23T19:00:00+08:00,TAIPEI_MAIN,162,107,85,2025-08-23T19:05:00+08:00
2025-08-23T19:00:00+08:00,XIMENDING,159,135,99,2025-08-23T19:05:00+08:00
2025-08-23T19:00:00+08:00,TAIPEI_101,122,96,69,2025-08-23T19:05:00+08:00
2025-08-23T20:00:00+08:00,TPE_AIRPORT,47,145,107,2025-08-23T20:05:00+08:00
2025-08-23T20:00:00+08:00,TAIPEI_MAIN,125,161,143,2025-08-23T20:05:00+08:00
2025-08-23T20:00:00+08:00,XIMENDING,116,230,184,2025-08-23T20:05:00+08:00
2025-08-23T20:00:00+08:00,TAIPEI_101,137,148,115,2025-08-23T20:05:00+08:00
2025-08-23T21:00:00+08:00,TPE_AIRPORT,65,150,131,2025-08-23T21:05:00+08:00
2025-08-23T21:00:00+08:00,TAIPEI_MAIN,137,165,145,2025-08-23T21:05:00+08:00
2025-08-23T21:00:00+08:00,XIMENDING,140,181,161,2025-08-23T21:05:00+08:00
2025-08-23T21:00:00+08:00,TAIPEI_101,153,164,145,2025-08-23T21:05:00+08:00
2025-08-23T22:00:00+08:00,TPE_AIRPORT,99,111,97,2025-08-23T22:05:00+08:00
2025-08-23T22:00:00+08:00,TAIPEI_MAIN,142,190,159,2025-08-23T22:05:00+08:00
2025-08-23T22:00:00+08:00,XIMENDING,150,205,168,2025-08-23T22:05:00+08:00
2025-08-23T22:00:00+08:00,TAIPEI_101,146,156,117,2025-08-23T22:05:00+08:00
2025-08-23T23:00:00+08:00,TPE_AIRPORT,75,125,113,2025-08-23T23:05:00+08:00
2025-08-23T23:00:00+08:00,TAIPEI_MAIN,100,178,158,2025-08-23T23:05:00+08:00
2025-08-23T23:00:00+08:00,XIMENDING,116,185,161,2025-08-23T23:05:00+08:00
2025-08-23T23:00:00+08:00,TAIPEI_101,161,217,163,2025-08-23T23:05:00+08:00
2025-08-24T00:00:00+08:00,TPE_AIRPORT,104,44,32,2025-08-24T00:05:00+08:00
2025-08-24T00:00:00+08:00,TAIPEI_MAIN,123,92,70,2025-08-24T00:05:00+08:00
2025-08-24T00:00:00+08:00,XIMENDING,180,102,78,2025-08-24T00:05:00+08:00
2025-08-24T00:00:00+08:00,TAIPEI_101,142,95,84,2025-08-24T00:05:00+08:00
2025-08-24T01:00:00+08:00,TPE_AIRPORT,115,37,29,2025-08-24T01:05:00+08:00
2025-08-24T01:00:00+08:00,TAIPEI_MAIN,176,84,70,2025-08-24T01:05:00+08:00
2025-08-24T01:00:00+08:00,XIMENDING,132,130,105,2025-08-24T01:05:00+08:00
2025-08-24T01:00:00+08:00,TAIPEI_101,128,118,89,2025-08-24T01:05:00+08:00
2025-08-24T02:00:00+08:00,TPE_AIRPORT,100,72,53,2025-08-24T02:05:00+08:00
2025-08-24T02:00:00+08:00,TAIPEI_MAIN,150,149,133,2025-08-24T02:05:00+08:00
2025-08-24T02:00:00+08:00,XIMENDING,180,92,71,2025-08-24T02:05:00+08:00
2025-08-24T02:00:00+08:00,TAIPEI_101,140,126,108,2025-08-24T02:05:00+08:00
2025-08-24T03:00:00+08:00,TPE_AIRPORT,125,84,61,2025-08-24T03:05:00+08:00
2025-08-24T03:00:00+08:00,TAIPEI_MAIN,171,136,107,2025-08-24T03:05:00+08:00
2025-08-24T03:00:00+08:00,XIMENDING,133,109,97,2025-08-24T03:05:00+08:00
2025-08-24T03:00:00+08:00,TAIPEI_101,148,147,133,2025-08-24T03:05:00+08:00
2025-08-24T04:00:00+08:00,TPE_AIRPORT,94,68,59,2025-08-24T04:05:00+08:00
2025-08-24T04:00:00+08:00,TAIPEI_MAIN,155,121,92,2025-08-24T04:05:00+08:00
2025-08-24T04:00:00+08:00,XIMENDING,178,97,79,2025-08-24T04:05:00+08:00
2025-08-24T04:00:00+08:00,TAIPEI_101,160,102,81,2025-08-24T04:05:00+08:00
2025-08-24T05:00:00+08:00,TPE_AIRPORT,110,136,113,2025-08-24T05:05:00+08:00
2025-08-24T05:00:00+08:00,TAIPEI_MAIN,121,148,120,2025-08-24T05:05:00+08:00
2025-08-24T05:00:00+08:00,XIMENDING,127,170,123,2025-08-24T05:05:00+08:00
2025-08-24T05:00:00+08:00,TAIPEI_101,128,192,159,2025-08-24T05:05:00+08:00
2025-08-24T06:00:00+08:00,TPE_AIRPORT,96,155,122,2025-08-24T06:05:00+08:00
2025-08-24T06:00:00+08:00,TAIPEI_MAIN,138,173,130,2025-08-24T06:05:00+08:00
2025-08-24T06:00:00+08:00,XIMENDING,138,193,141,2025-08-24T06:05:00+08:00
2025-08-24T06:00:00+08:00,TAIPEI_101,119,160,118,2025-08-24T06:05:00+08:00
2025-08-24T07:00:00+08:00,TPE_AIRPORT,60,131,112,2025-08-24T07:05:00+08:00
2025-08-24T07:00:00+08:00,TAIPEI_MAIN,122,199,155,2025-08-24T07:05:00+08:00
2025-08-24T07:00:00+08:00,XIMENDING,143,215,157,2025-08-24T07:05:00+08:00
2025-08-24T07:00:00+08:00,TAIPEI_101,124,232,173,2025-08-24T07:05:00+08:00
2025-08-24T08:00:00+08:00,TPE_AIRPORT,66,130,115,2025-08-24T08:05:00+08:00
2025-08-24T08:00:00+08:00,TAIPEI_MAIN,116,149,131,2025-08-24T08:05:00+08:00
2025-08-24T08:00:00+08:00,XIMENDING,138,211,178,2025-08-24T08:05:00+08:00
2025-08-24T08:00:00+08:00,TAIPEI_101,132,172,141,2025-08-24T08:05:00+08:00
2025-08-24T09:00:00+08:00,TPE_AIRPORT,134,38,33,2025-08-24T09:05:00+08:00
2025-08-24T09:00:00+08:00,TAIPEI_MAIN,142,120,92,2025-08-24T09:05:00+08:00
2025-08-24T09:00:00+08:00,XIMENDING,172,145,131,2025-08-24T09:05:00+08:00
2025-08-24T09:00:00+08:00,TAIPEI_101,151,117,88,2025-08-24T09:05:00+08:00
2025-08-24T10:00:00+08:00,TPE_AIRPORT,92,85,71,2025-08-24T10:05:00+08:00
2025-08-24T10:00:00+08:00,TAIPEI_MAIN,170,88,64,2025-08-24T10:05:00+08:00
2025-08-24T10:00:00+08:00,XIMENDING,154,156,140,2025-08-24T10:05:00+08:00
2025-08-24T10:00:00+08:00,TAIPEI_101,210,87,68,2025-08-24T10:05:00+08:00
2025-08-24T11:00:00+08:00,TPE_AIRPORT,104,82,67,2025-08-24T11:05:00+08:00
2025-08-24T11:00:00+08:00,TAIPEI_MAIN,217,93,77,2025-08-24T11:05:00+08:00
2025-08-24T11:00:00+08:00,XIMENDING,163,115,86,2025-08-24T11:05:00+08:00
2025-08-24T11:00:00+08:00,TAIPEI_101,155,122,104,2025-08-24T11:05:00+08:00
2025-08-24T12:00:00+08:00,TPE_AIRPORT,105,106,80,2025-08-24T12:05:00+08:00
2025-08-24T12:00:00+08:00,TAIPEI_MAIN,169,132,104,2025-08-24T12:05:00+08:00
2025-08-24T12:00:00+08:00,XIMENDING,157,128,103,2025-08-24T12:05:00+08:00
2025-08-24T12:00:00+08:00,TAIPEI_101,142,111,93,2025-08-24T12:05:00+08:00
2025-08-24T13:00:00+08:00,TPE_AIRPORT,95,94,78,2025-08-24T13:05:00+08:00
2025-08-24T13:00:00+08:00,TAIPEI_MAIN,174,127,92,2025-08-24T13:05:00+08:00
2025-08-24T13:00:00+08:00,XIMENDING,144,133,111,2025-08-24T13:05:00+08:00
2025-08-24T13:00:00+08:00,TAIPEI_101,174,147,119,2025-08-24T13:05:00+08:00
2025-08-24T14:00:00+08:00,TPE_AIRPORT,112,68,50,2025-08-24T14:05:00+08:00
2025-08-24T14:00:00+08:00,TAIPEI_MAIN,149,107,80,2025-08-24T14:05:00+08:00
2025-08-24T14:00:00+08:00,XIMENDING,164,77,62,2025-08-24T14:05:00+08:00
2025-08-24T14:00:00+08:00,TAIPEI_101,171,99,73,2025-08-24T14:05:00+08:00
2025-08-24T15:00:00+08:00,TPE_AIRPORT,106,23,18,2025-08-24T15:05:00+08:00
2025-08-24T15:00:00+08:00,TAIPEI_MAIN,173,106,90,2025-08-24T15:05:00+08:00
2025-08-24T15:00:00+08:00,XIMENDING,153,109,82,2025-08-24T15:05:00+08:00
2025-08-24T15:00:00+08:00,TAIPEI_101,155,95,76,2025-08-24T15:05:00+08:00
2025-08-24T16:00:00+08:00,TPE_AIRPORT,137,67,59,2025-08-24T16:05:00+08:00
2025-08-24T16:00:00+08:00,TAIPEI_MAIN,163,121,106,2025-08-24T16:05:00+08:00
2025-08-24T16:00:00+08:00,XIMENDING,158,130,103,2025-08-24T16:05:00+08:00
2025-08-24T16:00:00+08:00,TAIPEI_101,136,92,66,2025-08-24T16:05:00+08:00
2025-08-24T17:00:00+08:00,TPE_AIRPORT,119,75,62,2025-08-24T17:05:00+08:00
2025-08-24T17:00:00+08:00,TAIPEI_MAIN,146,121,93,2025-08-24T17:05:00+08:00
2025-08-24T17:00:00+08:00,XIMENDING,151,149,126,2025-08-24T17:05:00+08:00
2025-08-24T17:00:00+08:00,TAIPEI_101,172,113,98,2025-08-24T17:05:00+08:00
2025-08-24T18:00:00+08:00,TPE_AIRPORT,95,82,69,2025-08-24T18:05:00+08:00
2025-08-24T18:00:00+08:00,TAIPEI_MAIN,158,107,81,2025-08-24T18:05:00+08:00
2025-08-24T18:00:00+08:00,XIMENDING,175,108,92,2025-08-24T18:05:00+08:00
2025-08-24T18:00:00+08:00,TAIPEI_101,133,114,90,2025-08-24T18:05:00+08:00
2025-08-24T19:00:00+08:00,TPE_AIRPORT,107,90,76,2025-08-24T19:05:00+08:00
2025-08-24T19:00:00+08:00,TAIPEI_MAIN,143,129,102,2025-08-24T19:05:00+08:00
2025-08-24T19:00:00+08:00,XIMENDING,179,111,85,2025-08-24T19:05:00+08:00
2025-08-24T19:00:00+08:00,TAIPEI_101,154,115,89,2025-08-24T19:05:00+08:00
2025-08-24T20:00:00+08:00,TPE_AIRPORT,95,97,82,2025-08-24T20:05:00+08:00
2025-08-24T20:00:00+08:00,TAIPEI_MAIN,102,206,174,2025-08-24T20:05:00+08:00
2025-08-24T20:00:00+08:00,XIMENDING,137,201,174,2025-08-24T20:05:00+08:00
2025-08-24T20:00:00+08:00,TAIPEI_101,159,211,189,2025-08-24T20:05:00+08:00
2025-08-24T21:00:00+08:00,TPE_AIRPORT,46,141,115,2025-08-24T21:05:00+08:00
2025-08-24T21:00:00+08:00,TAIPEI_MAIN,130,191,143,2025-08-24T21:05:00+08:00
2025-08-24T21:00:00+08:00,XIMENDING,120,210,164,2025-08-24T21:05:00+08:00
2025-08-24T21:00:00+08:00,TAIPEI_101,156,189,166,2025-08-24T21:05:00+08:00
2025-08-24T22:00:00+08:00,TPE_AIRPORT,78,116,93,2025-08-24T22:05:00+08:00
2025-08-24T22:00:00+08:00,TAIPEI_MAIN,157,183,148,2025-08-24T22:05:00+08:00
2025-08-24T22:00:00+08:00,XIMENDING,145,149,108,2025-08-24T22:05:00+08:00
2025-08-24T22:00:00+08:00,TAIPEI_101,121,148,123,2025-08-24T22:05:00+08:00
2025-08-24T23:00:00+08:00,TPE_AIRPORT,90,116,91,2025-08-24T23:05:00+08:00
2025-08-24T23:00:00+08:00,TAIPEI_MAIN,147,221,179,2025-08-24T23:05:00+08:00
2025-08-24T23:00:00+08:00,XIMENDING,114,179,134,2025-08-24T23:05:00+08:00
2025-08-24T23:00:00+08:00,TAIPEI_101,132,149,127,2025-08-24T23:05:00+08:00
2025-08-25T00:00:00+08:00,TPE_AIRPORT,109,64,57,2025-08-25T00:05:00+08:00
2025-08-25T00:00:00+08:00,TAIPEI_MAIN,179,97,81,2025-08-25T00:05:00+08:00
2025-08-25T00:00:00+08:00,XIMENDING,153,126,99,2025-08-25T00:05:00+08:00
2025-08-25T00:00:00+08:00,TAIPEI_101,160,97,83,2025-08-25T00:05:00+08:00
2025-08-25T01:00:00+08:00,TPE_AIRPORT,95,107,79,2025-08-25T01:05:00+08:00
2025-08-25T01:00:00+08:00,TAIPEI_MAIN,154,100,84,2025-08-25T01:05:00+08:00
2025-08-25T01:00:00+08:00,XIMENDING,140,125,100,2025-08-25T01:05:00+08:00
2025-08-25T01:00:00+08:00,TAIPEI_101,144,128,103,2025-08-25T01:05:00+08:00
2025-08-25T02:00:00+08:00,TPE_AIRPORT,103,44,33,2025-08-25T02:05:00+08:00
2025-08-25T02:00:00+08:00,TAIPEI_MAIN,134,118,94,2025-08-25T02:05:00+08:00
2025-08-25T02:00:00+08:00,XIMENDING,165,61,52,2025-08-25T02:05:00+08:00
2025-08-25T02:00:00+08:00,TAIPEI_101,154,72,58,2025-08-25T02:05:00+08:00
2025-08-25T03:00:00+08:00,TPE_AIRPORT,104,62,45,2025-08-25T03:05:00+08:00
2025-08-25T03:00:00+08:00,TAIPEI_MAIN,147,111,83,2025-08-25T03:05:00+08:00
2025-08-25T03:00:00+08:00,XIMENDING,172,132,115,2025-08-25T03:05:00+08:00
2025-08-25T03:00:00+08:00,TAIPEI_101,155,126,98,2025-08-25T03:05:00+08:00
2025-08-25T04:00:00+08:00,TPE_AIRPORT,116,67,56,2025-08-25T04:05:00+08:00
2025-08-25T04:00:00+08:00,TAIPEI_MAIN,163,105,75,2025-08-25T04:05:00+08:00
2025-08-25T04:00:00+08:00,XIMENDING,138,167,149,2025-08-25T04:05:00+08:00
2025-08-25T04:00:00+08:00,TAIPEI_101,153,100,90,2025-08-25T04:05:00+08:00
2025-08-25T05:00:00+08:00,TPE_AIRPORT,76,119,106,2025-08-25T05:05:00+08:00
2025-08-25T05:00:00+08:00,TAIPEI_MAIN,133,181,150,2025-08-25T05:05:00+08:00
2025-08-25T05:00:00+08:00,XIMENDING,144,203,168,2025-08-25T05:05:00+08:00
2025-08-25T05:00:00+08:00,TAIPEI_101,117,208,151,2025-08-25T05:05:00+08:00
2025-08-25T06:00:00+08:00,TPE_AIRPORT,85,100,72,2025-08-25T06:05:00+08:00
2025-08-25T06:00:00+08:00,TAIPEI_MAIN,134,169,147,2025-08-25T06:05:00+08:00
2025-08-25T06:00:00+08:00,XIMENDING,146,157,137,2025-08-25T06:05:00+08:00
2025-08-25T06:00:00+08:00,TAIPEI_101,141,180,140,2025-08-25T06:05:00+08:00
2025-08-25T07:00:00+08:00,TPE_AIRPORT,82,114,101,2025-08-25T07:05:00+08:00
2025-08-25T07:00:00+08:00,TAIPEI_MAIN,110,214,159,2025-08-25T07:05:00+08:00
2025-08-25T07:00:00+08:00,XIMENDING,119,176,153,2025-08-25T07:05:00+08:00
2025-08-25T07:00:00+08:00,TAIPEI_101,127,148,107,2025-08-25T07:05:00+08:00
2025-08-25T08:00:00+08:00,TPE_AIRPORT,90,133,120,2025-08-25T08:05:00+08:00
2025-08-25T08:00:00+08:00,TAIPEI_MAIN,106,196,174,2025-08-25T08:05:00+08:00
2025-08-25T08:00:00+08:00,XIMENDING,162,162,118,2025-08-25T08:05:00+08:00
2025-08-25T08:00:00+08:00,TAIPEI_101,94,174,141,2025-08-25T08:05:00+08:00
2025-08-25T09:00:00+08:00,TPE_AIRPORT,121,56,40,2025-08-25T09:05:00+08:00
2025-08-25T09:00:00+08:00,TAIPEI_MAIN,148,165,124,2025-08-25T09:05:00+08:00
2025-08-25T09:00:00+08:00,XIMENDING,130,141,126,2025-08-25T09:05:00+08:00
2025-08-25T09:00:00+08:00,TAIPEI_101,222,111,83,2025-08-25T09:05:00+08:00
2025-08-25T10:00:00+08:00,TPE_AIRPORT,112,59,44,2025-08-25T10:05:00+08:00
2025-08-25T10:00:00+08:00,TAIPEI_MAIN,139,113,83,2025-08-25T10:05:00+08:00
2025-08-25T10:00:00+08:00,XIMENDING,160,114,85,2025-08-25T10:05:00+08:00
2025-08-25T10:00:00+08:00,TAIPEI_101,183,81,71,2025-08-25T10:05:00+08:00
2025-08-25T11:00:00+08:00,TPE_AIRPORT,132,94,75,2025-08-25T11:05:00+08:00
2025-08-25T11:00:00+08:00,TAIPEI_MAIN,145,152,123,2025-08-25T11:05:00+08:00
2025-08-25T11:00:00+08:00,XIMENDING,181,139,117,2025-08-25T11:05:00+08:00
2025-08-25T11:00:00+08:00,TAIPEI_101,148,186,167,2025-08-25T11:05:00+08:00
2025-08-25T12:00:00+08:00,TPE_AIRPORT,118,86,76,2025-08-25T12:05:00+08:00
2025-08-25T12:00:00+08:00,TAIPEI_MAIN,192,95,76,2025-08-25T12:05:00+08:00
2025-08-25T12:00:00+08:00,XIMENDING,179,138,120,2025-08-25T12:05:00+08:00
2025-08-25T12:00:00+08:00,TAIPEI_101,167,123,105,2025-08-25T12:05:00+08:00
2025-08-25T13:00:00+08:00,TPE_AIRPORT,90,74,63,2025-08-25T13:05:00+08:00
2025-08-25T13:00:00+08:00,TAIPEI_MAIN,166,129,95,2025-08-25T13:05:00+08:00
2025-08-25T13:00:00+08:00,XIMENDING,150,96,84,2025-08-25T13:05:00+08:00
2025-08-25T13:00:00+08:00,TAIPEI_101,159,115,84,2025-08-25T13:05:00+08:00
2025-08-25T14:00:00+08:00,TPE_AIRPORT,117,63,51,2025-08-25T14:05:00+08:00
2025-08-25T14:00:00+08:00,TAIPEI_MAIN,116,111,92,2025-08-25T14:05:00+08:00
2025-08-25T14:00:00+08:00,XIMENDING,172,116,91,2025-08-25T14:05:00+08:00
2025-08-25T14:00:00+08:00,TAIPEI_101,168,125,107,2025-08-25T14:05:00+08:00
2025-08-25T15:00:00+08:00,TPE_AIRPORT,80,88,78,2025-08-25T15:05:00+08:00
2025-08-25T15:00:00+08:00,TAIPEI_MAIN,156,97,87,2025-08-25T15:05:00+08:00
2025-08-25T15:00:00+08:00,XIMENDING,147,131,114,2025-08-25T15:05:00+08:00
2025-08-25T15:00:00+08:00,TAIPEI_101,173,119,105,2025-08-25T15:05:00+08:00
2025-08-25T16:00:00+08:00,TPE_AIRPORT,93,120,90,2025-08-25T16:05:00+08:00
2025-08-25T16:00:00+08:00,TAIPEI_MAIN,188,109,83,2025-08-25T16:05:00+08:00
2025-08-25T16:00:00+08:00,XIMENDING,166,87,70,2025-08-25T16:05:00+08:00
2025-08-25T16:00:00+08:00,TAIPEI_101,151,102,75,2025-08-25T16:05:00+08:00
2025-08-25T17:00:00+08:00,TPE_AIRPORT,87,80,61,2025-08-25T17:05:00+08:00
2025-08-25T17:00:00+08:00,TAIPEI_MAIN,149,122,109,2025-08-25T17:05:00+08:00
2025-08-25T17:00:00+08:00,XIMENDING,160,108,89,2025-08-25T17:05:00+08:00
2025-08-25T17:00:00+08:00,TAIPEI_101,153,102,87,2025-08-25T17:05:00+08:00
2025-08-25T18:00:00+08:00,TPE_AIRPORT,114,58,49,2025-08-25T18:05:00+08:00
2025-08-25T18:00:00+08:00,TAIPEI_MAIN,131,117,84,2025-08-25T18:05:00+08:00
2025-08-25T18:00:00+08:00,XIMENDING,175,117,94,2025-08-25T18:05:00+08:00
2025-08-25T18:00:00+08:00,TAIPEI_101,155,125,102,2025-08-25T18:05:00+08:00
2025-08-25T19:00:00+08:00,TPE_AIRPORT,129,55,48,2025-08-25T19:05:00+08:00
2025-08-25T19:00:00+08:00,TAIPEI_MAIN,162,69,52,2025-08-25T19:05:00+08:00
2025-08-25T19:00:00+08:00,XIMENDING,197,126,93,2025-08-25T19:05:00+08:00
2025-08-25T19:00:00+08:00,TAIPEI_101,184,112,92,2025-08-25T19:05:00+08:00
2025-08-25T20:00:00+08:00,TPE_AIRPORT,97,104,77,2025-08-25T20:05:00+08:00
2025-08-25T20:00:00+08:00,TAIPEI_MAIN,128,241,200,2025-08-25T20:05:00+08:00
2025-08-25T20:00:00+08:00,XIMENDING,140,177,127,2025-08-25T20:05:00+08:00
2025-08-25T20:00:00+08:00,TAIPEI_101,148,136,112,2025-08-25T20:05:00+08:00
2025-08-25T21:00:00+08:00,TPE_AIRPORT,116,151,109,2025-08-25T21:05:00+08:00
2025-08-25T21:00:00+08:00,TAIPEI_MAIN,147,156,134,2025-08-25T21:05:00+08:00
2025-08-25T21:00:00+08:00,XIMENDING,104,237,199,2025-08-25T21:05:00+08:00
2025-08-25T21:00:00+08:00,TAIPEI_101,137,206,173,2025-08-25T21:05:00+08:00
2025-08-25T22:00:00+08:00,TPE_AIRPORT,95,131,97,2025-08-25T22:05:00+08:00
2025-08-25T22:00:00+08:00,TAIPEI_MAIN,145,171,155,2025-08-25T22:05:00+08:00
2025-08-25T22:00:00+08:00,XIMENDING,133,205,153,2025-08-25T22:05:00+08:00
2025-08-25T22:00:00+08:00,TAIPEI_101,114,182,163,2025-08-25T22:05:00+08:00
2025-08-25T23:00:00+08:00,TPE_AIRPORT,80,136,106,2025-08-25T23:05:00+08:00
2025-08-25T23:00:00+08:00,TAIPEI_MAIN,155,183,142,2025-08-25T23:05:00+08:00
2025-08-25T23:00:00+08:00,XIMENDING,110,238,184,2025-08-25T23:05:00+08:00
2025-08-25T23:00:00+08:00,TAIPEI_101,161,201,150,2025-08-25T23:05:00+08:00
2025-08-26T00:00:00+08:00,TPE_AIRPORT,111,56,43,2025-08-26T00:05:00+08:00
2025-08-26T00:00:00+08:00,TAIPEI_MAIN,140,88,72,2025-08-26T00:05:00+08:00
2025-08-26T00:00:00+08:00,XIMENDING,150,74,53,2025-08-26T00:05:00+08:00
2025-08-26T00:00:00+08:00,TAIPEI_101,163,78,66,2025-08-26T00:05:00+08:00
2025-08-26T01:00:00+08:00,TPE_AIRPORT,116,67,50,2025-08-26T01:05:00+08:00
2025-08-26T01:00:00+08:00,TAIPEI_MAIN,167,89,65,2025-08-26T01:05:00+08:00
2025-08-26T01:00:00+08:00,XIMENDING,129,123,97,2025-08-26T01:05:00+08:00
2025-08-26T01:00:00+08:00,TAIPEI_101,163,82,59,2025-08-26T01:05:00+08:00
2025-08-26T02:00:00+08:00,TPE_AIRPORT,102,51,45,2025-08-26T02:05:00+08:00
2025-08-26T02:00:00+08:00,TAIPEI_MAIN,167,120,86,2025-08-26T02:05:00+08:00
2025-08-26T02:00:00+08:00,XIMENDING,155,113,86,2025-08-26T02:05:00+08:00
2025-08-26T02:00:00+08:00,TAIPEI_101,170,131,109,2025-08-26T02:05:00+08:00
2025-08-26T03:00:00+08:00,TPE_AIRPORT,97,105,89,2025-08-26T03:05:00+08:00
2025-08-26T03:00:00+08:00,TAIPEI_MAIN,161,110,89,2025-08-26T03:05:00+08:00
2025-08-26T03:00:00+08:00,XIMENDING,149,117,95,2025-08-26T03:05:00+08:00
2025-08-26T03:00:00+08:00,TAIPEI_101,190,108,87,2025-08-26T03:05:00+08:00
2025-08-26T04:00:00+08:00,TPE_AIRPORT,121,60,44,2025-08-26T04:05:00+08:00
2025-08-26T04:00:00+08:00,TAIPEI_MAIN,140,121,101,2025-08-26T04:05:00+08:00
2025-08-26T04:00:00+08:00,XIMENDING,154,178,138,2025-08-26T04:05:00+08:00
2025-08-26T04:00:00+08:00,TAIPEI_101,188,105,91,2025-08-26T04:05:00+08:00
2025-08-26T05:00:00+08:00,TPE_AIRPORT,58,141,113,2025-08-26T05:05:00+08:00
2025-08-26T05:00:00+08:00,TAIPEI_MAIN,102,168,143,2025-08-26T05:05:00+08:00
2025-08-26T05:00:00+08:00,XIMENDING,135,164,124,2025-08-26T05:05:00+08:00
2025-08-26T05:00:00+08:00,TAIPEI_101,155,206,162,2025-08-26T05:05:00+08:00
2025-08-26T06:00:00+08:00,TPE_AIRPORT,88,78,70,2025-08-26T06:05:00+08:00
2025-08-26T06:00:00+08:00,TAIPEI_MAIN,133,167,128,2025-08-26T06:05:00+08:00
2025-08-26T06:00:00+08:00,XIMENDING,154,189,136,2025-08-26T06:05:00+08:00
2025-08-26T06:00:00+08:00,TAIPEI_101,151,198,157,2025-08-26T06:05:00+08:00
2025-08-26T07:00:00+08:00,TPE_AIRPORT,90,116,105,2025-08-26T07:05:00+08:00
2025-08-26T07:00:00+08:00,TAIPEI_MAIN,136,229,189,2025-08-26T07:05:00+08:00
2025-08-26T07:00:00+08:00,XIMENDING,140,174,138,2025-08-26T07:05:00+08:00
2025-08-26T07:00:00+08:00,TAIPEI_101,135,213,160,2025-08-26T07:05:00+08:00
2025-08-26T08:00:00+08:00,TPE_AIRPORT,65,126,103,2025-08-26T08:05:00+08:00
2025-08-26T08:00:00+08:00,TAIPEI_MAIN,139,177,156,2025-08-26T08:05:00+08:00
2025-08-26T08:00:00+08:00,XIMENDING,118,204,163,2025-08-26T08:05:00+08:00
2025-08-26T08:00:00+08:00,TAIPEI_101,122,202,162,2025-08-26T08:05:00+08:00
2025-08-26T09:00:00+08:00,TPE_AIRPORT,131,67,59,2025-08-26T09:05:00+08:00
2025-08-26T09:00:00+08:00,TAIPEI_MAIN,199,110,87,2025-08-26T09:05:00+08:00
2025-08-26T09:00:00+08:00,XIMENDING,153,122,87,2025-08-26T09:05:00+08:00
2025-08-26T09:00:00+08:00,TAIPEI_101,161,104,90,2025-08-26T09:05:00+08:00
2025-08-26T10:00:00+08:00,TPE_AIRPORT,127,71,59,2025-08-26T10:05:00+08:00
2025-08-26T10:00:00+08:00,TAIPEI_MAIN,183,161,135,2025-08-26T10:05:00+08:00
2025-08-26T10:00:00+08:00,XIMENDING,180,96,73,2025-08-26T10:05:00+08:00
2025-08-26T10:00:00+08:00,TAIPEI_101,152,89,73,2025-08-26T10:05:00+08:00
2025-08-26T11:00:00+08:00,TPE_AIRPORT,129,46,40,2025-08-26T11:05:00+08:00
2025-08-26T11:00:00+08:00,TAIPEI_MAIN,141,133,96,2025-08-26T11:05:00+08:00
2025-08-26T11:00:00+08:00,XIMENDING,151,97,80,2025-08-26T11:05:00+08:00
2025-08-26T11:00:00+08:00,TAIPEI_101,153,108,94,2025-08-26T11:05:00+08:00
2025-08-26T12:00:00+08:00,TPE_AIRPORT,92,88,71,2025-08-26T12:05:00+08:00
2025-08-26T12:00:00+08:00,TAIPEI_MAIN,163,137,103,2025-08-26T12:05:00+08:00
2025-08-26T12:00:00+08:00,XIMENDING,127,101,88,2025-08-26T12:05:00+08:00
2025-08-26T12:00:00+08:00,TAIPEI_101,122,139,108,2025-08-26T12:05:00+08:00
2025-08-26T13:00:00+08:00,TPE_AIRPORT,106,85,69,2025-08-26T13:05:00+08:00
2025-08-26T13:00:00+08:00,TAIPEI_MAIN,127,116,103,2025-08-26T13:05:00+08:00
2025-08-26T13:00:00+08:00,XIMENDING,152,112,97,2025-08-26T13:05:00+08:00
2025-08-26T13:00:00+08:00,TAIPEI_101,127,114,82,2025-08-26T13:05:00+08:00
2025-08-26T14:00:00+08:00,TPE_AIRPORT,109,59,51,2025-08-26T14:05:00+08:00
2025-08-26T14:00:00+08:00,TAIPEI_MAIN,133,111,81,2025-08-26T14:05:00+08:00
2025-08-26T14:00:00+08:00,XIMENDING,133,103,74,2025-08-26T14:05:00+08:00
2025-08-26T14:00:00+08:00,TAIPEI_101,130,84,68,2025-08-26T14:05:00+08:00
2025-08-26T15:00:00+08:00,TPE_AIRPORT,98,43,30,2025-08-26T15:05:00+08:00
2025-08-26T15:00:00+08:00,TAIPEI_MAIN,187,103,85,2025-08-26T15:05:00+08:00
2025-08-26T15:00:00+08:00,XIMENDING,166,130,112,2025-08-26T15:05:00+08:00
2025-08-26T15:00:00+08:00,TAIPEI_101,174,117,90,2025-08-26T15:05:00+08:00
2025-08-26T16:00:00+08:00,TPE_AIRPORT,88,88,72,2025-08-26T16:05:00+08:00
2025-08-26T16:00:00+08:00,TAIPEI_MAIN,183,118,105,2025-08-26T16:05:00+08:00
2025-08-26T16:00:00+08:00,XIMENDING,142,71,60,2025-08-26T16:05:00+08:00
2025-08-26T16:00:00+08:00,TAIPEI_101,152,120,88,2025-08-26T16:05:00+08:00
2025-08-26T17:00:00+08:00,TPE_AIRPORT,104,90,74,2025-08-26T17:05:00+08:00
2025-08-26T17:00:00+08:00,TAIPEI_MAIN,177,96,76,2025-08-26T17:05:00+08:00
2025-08-26T17:00:00+08:00,XIMENDING,149,150,127,2025-08-26T17:05:00+08:00
2025-08-26T17:00:00+08:00,TAIPEI_101,148,99,79,2025-08-26T17:05:00+08:00
2025-08-26T18:00:00+08:00,TPE_AIRPORT,89,86,75,2025-08-26T18:05:00+08:00
2025-08-26T18:00:00+08:00,TAIPEI_MAIN,163,105,78,2025-08-26T18:05:00+08:00
2025-08-26T18:00:00+08:00,XIMENDING,135,82,71,2025-08-26T18:05:00+08:00
2025-08-26T18:00:00+08:00,TAIPEI_101,172,79,59,2025-08-26T18:05:00+08:00
2025-08-26T19:00:00+08:00,TPE_AIRPORT,112,56,48,2025-08-26T19:05:00+08:00
2025-08-26T19:00:00+08:00,TAIPEI_MAIN,178,122,103,2025-08-26T19:05:00+08:00
2025-08-26T19:00:00+08:00,XIMENDING,192,133,104,2025-08-26T19:05:00+08:00
2025-08-26T19:00:00+08:00,TAIPEI_101,158,83,74,2025-08-26T19:05:00+08:00
2025-08-26T20:00:00+08:00,TPE_AIRPORT,82,102,81,2025-08-26T20:05:00+08:00
2025-08-26T20:00:00+08:00,TAIPEI_MAIN,133,177,148,2025-08-26T20:05:00+08:00
2025-08-26T20:00:00+08:00,XIMENDING,128,174,155,2025-08-26T20:05:00+08:00
2025-08-26T20:00:00+08:00,TAIPEI_101,134,161,144,2025-08-26T20:05:00+08:00
2025-08-26T21:00:00+08:00,TPE_AIRPORT,111,128,93,2025-08-26T21:05:00+08:00
2025-08-26T21:00:00+08:00,TAIPEI_MAIN,147,174,139,2025-08-26T21:05:00+08:00
2025-08-26T21:00:00+08:00,XIMENDING,111,208,169,2025-08-26T21:05:00+08:00
2025-08-26T21:00:00+08:00,TAIPEI_101,132,184,161,2025-08-26T21:05:00+08:00
2025-08-26T22:00:00+08:00,TPE_AIRPORT,118,93,72,2025-08-26T22:05:00+08:00
2025-08-26T22:00:00+08:00,TAIPEI_MAIN,120,206,167,2025-08-26T22:05:00+08:00
2025-08-26T22:00:00+08:00,XIMENDING,132,172,138,2025-08-26T22:05:00+08:00
2025-08-26T22:00:00+08:00,TAIPEI_101,125,155,116,2025-08-26T22:05:00+08:00
2025-08-26T23:00:00+08:00,TPE_AIRPORT,91,129,103,2025-08-26T23:05:00+08:00
2025-08-26T23:00:00+08:00,TAIPEI_MAIN,157,192,160,2025-08-26T23:05:00+08:00
2025-08-26T23:00:00+08:00,XIMENDING,137,192,170,2025-08-26T23:05:00+08:00
2025-08-26T23:00:00+08:00,TAIPEI_101,130,172,146,2025-08-26T23:05:00+08:00
2025-08-27T00:00:00+08:00,TPE_AIRPORT,89,48,37,2025-08-27T00:05:00+08:00
2025-08-27T00:00:00+08:00,TAIPEI_MAIN,175,112,92,2025-08-27T00:05:00+08:00
2025-08-27T00:00:00+08:00,XIMENDING,153,103,81,2025-08-27T00:05:00+08:00
2025-08-27T00:00:00+08:00,TAIPEI_101,176,151,129,2025-08-27T00:05:00+08:00
2025-08-27T01:00:00+08:00,TPE_AIRPORT,118,86,63,2025-08-27T01:05:00+08:00
2025-08-27T01:00:00+08:00,TAIPEI_MAIN,164,127,98,2025-08-27T01:05:00+08:00
2025-08-27T01:00:00+08:00,XIMENDING,202,119,95,2025-08-27T01:05:00+08:00
2025-08-27T01:00:00+08:00,TAIPEI_101,137,82,67,2025-08-27T01:05:00+08:00
2025-08-27T02:00:00+08:00,TPE_AIRPORT,110,97,85,2025-08-27T02:05:00+08:00
2025-08-27T02:00:00+08:00,TAIPEI_MAIN,143,115,97,2025-08-27T02:05:00+08:00
2025-08-27T02:00:00+08:00,XIMENDING,154,124,106,2025-08-27T02:05:00+08:00
2025-08-27T02:00:00+08:00,TAIPEI_101,152,95,76,2025-08-27T02:05:00+08:00
2025-08-27T03:00:00+08:00,TPE_AIRPORT,119,66,58,2025-08-27T03:05:00+08:00
2025-08-27T03:00:00+08:00,TAIPEI_MAIN,200,85,71,2025-08-27T03:05:00+08:00
2025-08-27T03:00:00+08:00,XIMENDING,216,116,105,2025-08-27T03:05:00+08:00
2025-08-27T03:00:00+08:00,TAIPEI_101,154,133,112,2025-08-27T03:05:00+08:00
2025-08-27T04:00:00+08:00,TPE_AIRPORT,109,52,42,2025-08-27T04:05:00+08:00
2025-08-27T04:00:00+08:00,TAIPEI_MAIN,143,132,118,2025-08-27T04:05:00+08:00
2025-08-27T04:00:00+08:00,XIMENDING,185,123,90,2025-08-27T04:05:00+08:00
2025-08-27T04:00:00+08:00,TAIPEI_101,157,73,54,2025-08-27T04:05:00+08:00
2025-08-27T05:00:00+08:00,TPE_AIRPORT,57,83,62,2025-08-27T05:05:00+08:00
2025-08-27T05:00:00+08:00,TAIPEI_MAIN,159,180,143,2025-08-27T05:05:00+08:00
2025-08-27T05:00:00+08:00,XIMENDING,147,195,165,2025-08-27T05:05:00+08:00
2025-08-27T05:00:00+08:00,TAIPEI_101,118,177,137,2025-08-27T05:05:00+08:00
2025-08-27T06:00:00+08:00,TPE_AIRPORT,54,118,91,2025-08-27T06:05:00+08:00
2025-08-27T06:00:00+08:00,TAIPEI_MAIN,96,211,180,2025-08-27T06:05:00+08:00
2025-08-27T06:00:00+08:00,XIMENDING,127,181,152,2025-08-27T06:05:00+08:00
2025-08-27T06:00:00+08:00,TAIPEI_101,116,184,143,2025-08-27T06:05:00+08:00
2025-08-27T07:00:00+08:00,TPE_AIRPORT,119,123,99,2025-08-27T07:05:00+08:00
2025-08-27T07:00:00+08:00,TAIPEI_MAIN,108,159,135,2025-08-27T07:05:00+08:00
2025-08-27T07:00:00+08:00,XIMENDING,122,161,145,2025-08-27T07:05:00+08:00
2025-08-27T07:00:00+08:00,TAIPEI_101,85,188,157,2025-08-27T07:05:00+08:00
2025-08-27T08:00:00+08:00,TPE_AIRPORT,74,119,102,2025-08-27T08:05:00+08:00
2025-08-27T08:00:00+08:00,TAIPEI_MAIN,135,157,123,2025-08-27T08:05:00+08:00
2025-08-27T08:00:00+08:00,XIMENDING,129,193,145,2025-08-27T08:05:00+08:00
2025-08-27T08:00:00+08:00,TAIPEI_101,114,189,147,2025-08-27T08:05:00+08:00
2025-08-27T09:00:00+08:00,TPE_AIRPORT,104,109,83,2025-08-27T09:05:00+08:00
2025-08-27T09:00:00+08:00,TAIPEI_MAIN,127,115,90,2025-08-27T09:05:00+08:00
2025-08-27T09:00:00+08:00,XIMENDING,179,107,79,2025-08-27T09:05:00+08:00
2025-08-27T09:00:00+08:00,TAIPEI_101,167,117,104,2025-08-27T09:05:00+08:00
2025-08-27T10:00:00+08:00,TPE_AIRPORT,121,89,79,2025-08-27T10:05:00+08:00
2025-08-27T10:00:00+08:00,TAIPEI_MAIN,132,119,96,2025-08-27T10:05:00+08:00
2025-08-27T10:00:00+08:00,XIMENDING,168,120,100,2025-08-27T10:05:00+08:00
2025-08-27T10:00:00+08:00,TAIPEI_101,172,90,76,2025-08-27T10:05:00+08:00
2025-08-27T11:00:00+08:00,TPE_AIRPORT,166,63,46,2025-08-27T11:05:00+08:00
2025-08-27T11:00:00+08:00,TAIPEI_MAIN,144,89,66,2025-08-27T11:05:00+08:00
2025-08-27T11:00:00+08:00,XIMENDING,171,158,134,2025-08-27T11:05:00+08:00
2025-08-27T11:00:00+08:00,TAIPEI_101,154,117,102,2025-08-27T11:05:00+08:00
2025-08-27T12:00:00+08:00,TPE_AIRPORT,125,87,67,2025-08-27T12:05:00+08:00
2025-08-27T12:00:00+08:00,TAIPEI_MAIN,177,133,109,2025-08-27T12:05:00+08:00
2025-08-27T12:00:00+08:00,XIMENDING,186,77,60,2025-08-27T12:05:00+08:00
2025-08-27T12:00:00+08:00,TAIPEI_101,152,91,69,2025-08-27T12:05:00+08:00
2025-08-27T13:00:00+08:00,TPE_AIRPORT,98,73,65,2025-08-27T13:05:00+08:00
2025-08-27T13:00:00+08:00,TAIPEI_MAIN,170,115,103,2025-08-27T13:05:00+08:00
2025-08-27T13:00:00+08:00,XIMENDING,144,104,93,2025-08-27T13:05:00+08:00
2025-08-27T13:00:00+08:00,TAIPEI_101,166,111,100,2025-08-27T13:05:00+08:00
2025-08-27T14:00:00+08:00,TPE_AIRPORT,124,100,73,2025-08-27T14:05:00+08:00
2025-08-27T14:00:00+08:00,TAIPEI_MAIN,174,82,64,2025-08-27T14:05:00+08:00
2025-08-27T14:00:00+08:00,XIMENDING,130,123,99,2025-08-27T14:05:00+08:00
2025-08-27T14:00:00+08:00,TAIPEI_101,127,138,108,2025-08-27T14:05:00+08:00
2025-08-27T15:00:00+08:00,TPE_AIRPORT,108,81,69,2025-08-27T15:05:00+08:00
2025-08-27T15:00:00+08:00,TAIPEI_MAIN,156,119,106,2025-08-27T15:05:00+08:00
2025-08-27T15:00:00+08:00,XIMENDING,130,139,116,2025-08-27T15:05:00+08:00
2025-08-27T15:00:00+08:00,TAIPEI_101,173,145,125,2025-08-27T15:05:00+08:00
2025-08-27T16:00:00+08:00,TPE_AIRPORT,88,103,86,2025-08-27T16:05:00+08:00
2025-08-27T16:00:00+08:00,TAIPEI_MAIN,162,111,90,2025-08-27T16:05:00+08:00
2025-08-27T16:00:00+08:00,XIMENDING,143,150,131,2025-08-27T16:05:00+08:00
2025-08-27T16:00:00+08:00,TAIPEI_101,155,147,114,2025-08-27T16:05:00+08:00
2025-08-27T17:00:00+08:00,TPE_AIRPORT,117,80,65,2025-08-27T17:05:00+08:00
2025-08-27T17:00:00+08:00,TAIPEI_MAIN,156,138,103,2025-08-27T17:05:00+08:00
2025-08-27T17:00:00+08:00,XIMENDING,161,105,85,2025-08-27T17:05:00+08:00
2025-08-27T17:00:00+08:00,TAIPEI_101,172,147,107,2025-08-27T17:05:00+08:00
2025-08-27T18:00:00+08:00,TPE_AIRPORT,106,74,67,2025-08-27T18:05:00+08:00
2025-08-27T18:00:00+08:00,TAIPEI_MAIN,176,161,131,2025-08-27T18:05:00+08:00
2025-08-27T18:00:00+08:00,XIMENDING,167,146,114,2025-08-27T18:05:00+08:00
2025-08-27T18:00:00+08:00,TAIPEI_101,146,127,114,2025-08-27T18:05:00+08:00
2025-08-27T19:00:00+08:00,TPE_AIRPORT,124,57,45,2025-08-27T19:05:00+08:00
2025-08-27T19:00:00+08:00,TAIPEI_MAIN,158,91,70,2025-08-27T19:05:00+08:00
2025-08-27T19:00:00+08:00,XIMENDING,133,116,90,2025-08-27T19:05:00+08:00
2025-08-27T19:00:00+08:00,TAIPEI_101,142,111,85,2025-08-27T19:05:00+08:00
2025-08-27T20:00:00+08:00,TPE_AIRPORT,87,116,101,2025-08-27T20:05:00+08:00
2025-08-27T20:00:00+08:00,TAIPEI_MAIN,129,195,151,2025-08-27T20:05:00+08:00
2025-08-27T20:00:00+08:00,XIMENDING,165,173,128,2025-08-27T20:05:00+08:00
2025-08-27T20:00:00+08:00,TAIPEI_101,137,191,144,2025-08-27T20:05:00+08:00
2025-08-27T21:00:00+08:00,TPE_AIRPORT,118,153,132,2025-08-27T21:05:00+08:00
2025-08-27T21:00:00+08:00,TAIPEI_MAIN,153,174,145,2025-08-27T21:05:00+08:00
2025-08-27T21:00:00+08:00,XIMENDING,134,194,155,2025-08-27T21:05:00+08:00
2025-08-27T21:00:00+08:00,TAIPEI_101,112,177,141,2025-08-27T21:05:00+08:00
2025-08-27T22:00:00+08:00,TPE_AIRPORT,86,148,131,2025-08-27T22:05:00+08:00
2025-08-27T22:00:00+08:00,TAIPEI_MAIN,119,218,191,2025-08-27T22:05:00+08:00
2025-08-27T22:00:00+08:00,XIMENDING,140,193,139,2025-08-27T22:05:00+08:00
2025-08-27T22:00:00+08:00,TAIPEI_101,134,179,149,2025-08-27T22:05:00+08:00
2025-08-27T23:00:00+08:00,TPE_AIRPORT,107,130,97,2025-08-27T23:05:00+08:00
2025-08-27T23:00:00+08:00,TAIPEI_MAIN,146,194,154,2025-08-27T23:05:00+08:00
2025-08-27T23:00:00+08:00,XIMENDING,124,197,156,2025-08-27T23:05:00+08:00
2025-08-27T23:00:00+08:00,TAIPEI_101,150,185,156,2025-08-27T23:05:00+08:00
2025-08-28T00:00:00+08:00,TPE_AIRPORT,114,95,83,2025-08-28T00:05:00+08:00
2025-08-28T00:00:00+08:00,TAIPEI_MAIN,154,127,112,2025-08-28T00:05:00+08:00
2025-08-28T00:00:00+08:00,XIMENDING,139,122,110,2025-08-28T00:05:00+08:00
2025-08-28T00:00:00+08:00,TAIPEI_101,149,110,86,2025-08-28T00:05:00+08:00
2025-08-28T01:00:00+08:00,TPE_AIRPORT,84,55,45,2025-08-28T01:05:00+08:00
2025-08-28T01:00:00+08:00,TAIPEI_MAIN,169,112,86,2025-08-28T01:05:00+08:00
2025-08-28T01:00:00+08:00,XIMENDING,175,151,130,2025-08-28T01:05:00+08:00
2025-08-28T01:00:00+08:00,TAIPEI_101,146,159,125,2025-08-28T01:05:00+08:00
2025-08-28T02:00:00+08:00,TPE_AIRPORT,109,61,44,2025-08-28T02:05:00+08:00
2025-08-28T02:00:00+08:00,TAIPEI_MAIN,193,111,82,2025-08-28T02:05:00+08:00
2025-08-28T02:00:00+08:00,XIMENDING,156,114,96,2025-08-28T02:05:00+08:00
2025-08-28T02:00:00+08:00,TAIPEI_101,165,95,80,2025-08-28T02:05:00+08:00
2025-08-28T03:00:00+08:00,TPE_AIRPORT,99,38,28,2025-08-28T03:05:00+08:00
2025-08-28T03:00:00+08:00,TAIPEI_MAIN,198,122,101,2025-08-28T03:05:00+08:00
2025-08-28T03:00:00+08:00,XIMENDING,159,121,96,2025-08-28T03:05:00+08:00
2025-08-28T03:00:00+08:00,TAIPEI_101,152,134,108,2025-08-28T03:05:00+08:00
2025-08-28T04:00:00+08:00,TPE_AIRPORT,116,84,74,2025-08-28T04:05:00+08:00
2025-08-28T04:00:00+08:00,TAIPEI_MAIN,172,147,119,2025-08-28T04:05:00+08:00
2025-08-28T04:00:00+08:00,XIMENDING,168,91,79,2025-08-28T04:05:00+08:00
2025-08-28T04:00:00+08:00,TAIPEI_101,166,165,127,2025-08-28T04:05:00+08:00
2025-08-28T05:00:00+08:00,TPE_AIRPORT,83,96,84,2025-08-28T05:05:00+08:00
2025-08-28T05:00:00+08:00,TAIPEI_MAIN,131,182,154,2025-08-28T05:05:00+08:00
2025-08-28T05:00:00+08:00,XIMENDING,160,190,171,2025-08-28T05:05:00+08:00
2025-08-28T05:00:00+08:00,TAIPEI_101,154,210,180,2025-08-28T05:05:00+08:00
2025-08-28T06:00:00+08:00,TPE_AIRPORT,67,97,82,2025-08-28T06:05:00+08:00
2025-08-28T06:00:00+08:00,TAIPEI_MAIN,126,187,140,2025-08-28T06:05:00+08:00
2025-08-28T06:00:00+08:00,XIMENDING,156,182,156,2025-08-28T06:05:00+08:00
2025-08-28T06:00:00+08:00,TAIPEI_101,112,187,135,2025-08-28T06:05:00+08:00
2025-08-28T07:00:00+08:00,TPE_AIRPORT,88,134,115,2025-08-28T07:05:00+08:00
2025-08-28T07:00:00+08:00,TAIPEI_MAIN,109,205,150,2025-08-28T07:05:00+08:00
2025-08-28T07:00:00+08:00,XIMENDING,125,211,154,2025-08-28T07:05:00+08:00
2025-08-28T07:00:00+08:00,TAIPEI_101,121,182,158,2025-08-28T07:05:00+08:00
2025-08-28T08:00:00+08:00,TPE_AIRPORT,94,79,63,2025-08-28T08:05:00+08:00
2025-08-28T08:00:00+08:00,TAIPEI_MAIN,150,185,161,2025-08-28T08:05:00+08:00
2025-08-28T08:00:00+08:00,XIMENDING,141,165,125,2025-08-28T08:05:00+08:00
2025-08-28T08:00:00+08:00,TAIPEI_101,109,219,179,2025-08-28T08:05:00+08:00
2025-08-28T09:00:00+08:00,TPE_AIRPORT,132,75,54,2025-08-28T09:05:00+08:00
2025-08-28T09:00:00+08:00,TAIPEI_MAIN,139,134,114,2025-08-28T09:05:00+08:00
2025-08-28T09:00:00+08:00,XIMENDING,138,96,79,2025-08-28T09:05:00+08:00
2025-08-28T09:00:00+08:00,TAIPEI_101,171,111,87,2025-08-28T09:05:00+08:00
2025-08-28T10:00:00+08:00,TPE_AIRPORT,153,40,29,2025-08-28T10:05:00+08:00
2025-08-28T10:00:00+08:00,TAIPEI_MAIN,115,118,88,2025-08-28T10:05:00+08:00
2025-08-28T10:00:00+08:00,XIMENDING,137,116,90,2025-08-28T10:05:00+08:00
2025-08-28T10:00:00+08:00,TAIPEI_101,143,122,97,2025-08-28T10:05:00+08:00
2025-08-28T11:00:00+08:00,TPE_AIRPORT,107,53,39,2025-08-28T11:05:00+08:00
2025-08-28T11:00:00+08:00,TAIPEI_MAIN,145,106,79,2025-08-28T11:05:00+08:00
2025-08-28T11:00:00+08:00,XIMENDING,175,124,92,2025-08-28T11:05:00+08:00
2025-08-28T11:00:00+08:00,TAIPEI_101,160,152,114,2025-08-28T11:05:00+08:00
2025-08-28T12:00:00+08:00,TPE_AIRPORT,87,59,53,2025-08-28T12:05:00+08:00
2025-08-28T12:00:00+08:00,TAIPEI_MAIN,165,138,99,2025-08-28T12:05:00+08:00
2025-08-28T12:00:00+08:00,XIMENDING,175,147,118,2025-08-28T12:05:00+08:00
2025-08-28T12:00:00+08:00,TAIPEI_101,157,126,96,2025-08-28T12:05:00+08:00
2025-08-28T13:00:00+08:00,TPE_AIRPORT,120,42,35,2025-08-28T13:05:00+08:00
2025-08-28T13:00:00+08:00,TAIPEI_MAIN,148,156,117,2025-08-28T13:05:00+08:00
2025-08-28T13:00:00+08:00,XIMENDING,145,112,93,2025-08-28T13:05:00+08:00
2025-08-28T13:00:00+08:00,TAIPEI_101,168,136,99,2025-08-28T13:05:00+08:00
2025-08-28T14:00:00+08:00,TPE_AIRPORT,113,114,83,2025-08-28T14:05:00+08:00
2025-08-28T14:00:00+08:00,TAIPEI_MAIN,154,143,126,2025-08-28T14:05:00+08:00
2025-08-28T14:00:00+08:00,XIMENDING,163,153,119,2025-08-28T14:05:00+08:00
2025-08-28T14:00:00+08:00,TAIPEI_101,171,128,100,2025-08-28T14:05:00+08:00
2025-08-28T15:00:00+08:00,TPE_AIRPORT,104,75,63,2025-08-28T15:05:00+08:00
2025-08-28T15:00:00+08:00,TAIPEI_MAIN,203,123,98,2025-08-28T15:05:00+08:00
2025-08-28T15:00:00+08:00,XIMENDING,173,177,160,2025-08-28T15:05:00+08:00
2025-08-28T15:00:00+08:00,TAIPEI_101,183,136,107,2025-08-28T15:05:00+08:00
2025-08-28T16:00:00+08:00,TPE_AIRPORT,114,94,72,2025-08-28T16:05:00+08:00
2025-08-28T16:00:00+08:00,TAIPEI_MAIN,146,105,84,2025-08-28T16:05:00+08:00
2025-08-28T16:00:00+08:00,XIMENDING,169,150,127,2025-08-28T16:05:00+08:00
2025-08-28T16:00:00+08:00,TAIPEI_101,172,92,70,2025-08-28T16:05:00+08:00
2025-08-28T17:00:00+08:00,TPE_AIRPORT,102,80,57,2025-08-28T17:05:00+08:00
2025-08-28T17:00:00+08:00,TAIPEI_MAIN,198,121,102,2025-08-28T17:05:00+08:00
2025-08-28T17:00:00+08:00,XIMENDING,142,114,92,2025-08-28T17:05:00+08:00
2025-08-28T17:00:00+08:00,TAIPEI_101,167,121,93,2025-08-28T17:05:00+08:00
2025-08-28T18:00:00+08:00,TPE_AIRPORT,77,39,29,2025-08-28T18:05:00+08:00
2025-08-28T18:00:00+08:00,TAIPEI_MAIN,185,93,82,2025-08-28T18:05:00+08:00
2025-08-28T18:00:00+08:00,XIMENDING,169,134,115,2025-08-28T18:05:00+08:00
2025-08-28T18:00:00+08:00,TAIPEI_101,144,110,79,2025-08-28T18:05:00+08:00
2025-08-28T19:00:00+08:00,TPE_AIRPORT,98,108,88,2025-08-28T19:05:00+08:00
2025-08-28T19:00:00+08:00,TAIPEI_MAIN,164,130,110,2025-08-28T19:05:00+08:00
2025-08-28T19:00:00+08:00,XIMENDING,128,127,96,2025-08-28T19:05:00+08:00
2025-08-28T19:00:00+08:00,TAIPEI_101,173,82,73,2025-08-28T19:05:00+08:00
2025-08-28T20:00:00+08:00,TPE_AIRPORT,86,152,129,2025-08-28T20:05:00+08:00
2025-08-28T20:00:00+08:00,TAIPEI_MAIN,114,160,116,2025-08-28T20:05:00+08:00
2025-08-28T20:00:00+08:00,XIMENDING,132,152,116,2025-08-28T20:05:00+08:00
2025-08-28T20:00:00+08:00,TAIPEI_101,126,153,125,2025-08-28T20:05:00+08:00
2025-08-28T21:00:00+08:00,TPE_AIRPORT,98,139,105,2025-08-28T21:05:00+08:00
2025-08-28T21:00:00+08:00,TAIPEI_MAIN,144,259,233,2025-08-28T21:05:00+08:00
2025-08-28T21:00:00+08:00,XIMENDING,140,182,156,2025-08-28T21:05:00+08:00
2025-08-28T21:00:00+08:00,TAIPEI_101,135,191,154,2025-08-28T21:05:00+08:00
2025-08-28T22:00:00+08:00,TPE_AIRPORT,88,157,135,2025-08-28T22:05:00+08:00
2025-08-28T22:00:00+08:00,TAIPEI_MAIN,147,158,117,2025-08-28T22:05:00+08:00
2025-08-28T22:00:00+08:00,XIMENDING,118,182,140,2025-08-28T22:05:00+08:00
2025-08-28T22:00:00+08:00,TAIPEI_101,114,172,132,2025-08-28T22:05:00+08:00
2025-08-28T23:00:00+08:00,TPE_AIRPORT,69,111,100,2025-08-28T23:05:00+08:00
2025-08-28T23:00:00+08:00,TAIPEI_MAIN,138,176,136,2025-08-28T23:05:00+08:00
2025-08-28T23:00:00+08:00,XIMENDING,136,165,136,2025-08-28T23:05:00+08:00
2025-08-28T23:00:00+08:00,TAIPEI_101,166,191,159,2025-08-28T23:05:00+08:00
2025-08-29T00:00:00+08:00,TPE_AIRPORT,116,62,47,2025-08-29T00:05:00+08:00
2025-08-29T00:00:00+08:00,TAIPEI_MAIN,126,142,115,2025-08-29T00:05:00+08:00
2025-08-29T00:00:00+08:00,XIMENDING,126,108,97,2025-08-29T00:05:00+08:00
2025-08-29T00:00:00+08:00,TAIPEI_101,154,141,106,2025-08-29T00:05:00+08:00
2025-08-29T01:00:00+08:00,TPE_AIRPORT,64,85,64,2025-08-29T01:05:00+08:00
2025-08-29T01:00:00+08:00,TAIPEI_MAIN,159,101,89,2025-08-29T01:05:00+08:00
2025-08-29T01:00:00+08:00,XIMENDING,181,119,93,2025-08-29T01:05:00+08:00
2025-08-29T01:00:00+08:00,TAIPEI_101,190,115,84,2025-08-29T01:05:00+08:00
2025-08-29T02:00:00+08:00,TPE_AIRPORT,121,88,71,2025-08-29T02:05:00+08:00
2025-08-29T02:00:00+08:00,TAIPEI_MAIN,136,133,104,2025-08-29T02:05:00+08:00
2025-08-29T02:00:00+08:00,XIMENDING,172,120,104,2025-08-29T02:05:00+08:00
2025-08-29T02:00:00+08:00,TAIPEI_101,134,152,128,2025-08-29T02:05:00+08:00
2025-08-29T03:00:00+08:00,TPE_AIRPORT,97,78,59,2025-08-29T03:05:00+08:00
2025-08-29T03:00:00+08:00,TAIPEI_MAIN,140,116,86,2025-08-29T03:05:00+08:00
2025-08-29T03:00:00+08:00,XIMENDING,156,104,83,2025-08-29T03:05:00+08:00
2025-08-29T03:00:00+08:00,TAIPEI_101,163,108,82,2025-08-29T03:05:00+08:00
2025-08-29T04:00:00+08:00,TPE_AIRPORT,92,50,42,2025-08-29T04:05:00+08:00
2025-08-29T04:00:00+08:00,TAIPEI_MAIN,171,188,158,2025-08-29T04:05:00+08:00
2025-08-29T04:00:00+08:00,XIMENDING,158,130,109,2025-08-29T04:05:00+08:00
2025-08-29T04:00:00+08:00,TAIPEI_101,156,142,127,2025-08-29T04:05:00+08:00
2025-08-29T05:00:00+08:00,TPE_AIRPORT,91,116,99,2025-08-29T05:05:00+08:00
2025-08-29T05:00:00+08:00,TAIPEI_MAIN,153,199,147,2025-08-29T05:05:00+08:00
2025-08-29T05:00:00+08:00,XIMENDING,168,220,174,2025-08-29T05:05:00+08:00
2025-08-29T05:00:00+08:00,TAIPEI_101,132,175,126,2025-08-29T05:05:00+08:00
2025-08-29T06:00:00+08:00,TPE_AIRPORT,88,136,122,2025-08-29T06:05:00+08:00
2025-08-29T06:00:00+08:00,TAIPEI_MAIN,152,154,137,2025-08-29T06:05:00+08:00
2025-08-29T06:00:00+08:00,XIMENDING,172,169,153,2025-08-29T06:05:00+08:00
2025-08-29T06:00:00+08:00,TAIPEI_101,130,172,145,2025-08-29T06:05:00+08:00
2025-08-29T07:00:00+08:00,TPE_AIRPORT,82,137,116,2025-08-29T07:05:00+08:00
2025-08-29T07:00:00+08:00,TAIPEI_MAIN,122,189,171,2025-08-29T07:05:00+08:00
2025-08-29T07:00:00+08:00,XIMENDING,136,169,130,2025-08-29T07:05:00+08:00
2025-08-29T07:00:00+08:00,TAIPEI_101,139,195,149,2025-08-29T07:05:00+08:00
2025-08-29T08:00:00+08:00,TPE_AIRPORT,111,121,103,2025-08-29T08:05:00+08:00
2025-08-29T08:00:00+08:00,TAIPEI_MAIN,120,193,143,2025-08-29T08:05:00+08:00
2025-08-29T08:00:00+08:00,XIMENDING,144,199,178,2025-08-29T08:05:00+08:00
2025-08-29T08:00:00+08:00,TAIPEI_101,151,208,162,2025-08-29T08:05:00+08:00
2025-08-29T09:00:00+08:00,TPE_AIRPORT,95,103,77,2025-08-29T09:05:00+08:00
2025-08-29T09:00:00+08:00,TAIPEI_MAIN,135,130,114,2025-08-29T09:05:00+08:00
2025-08-29T09:00:00+08:00,XIMENDING,164,108,80,2025-08-29T09:05:00+08:00
2025-08-29T09:00:00+08:00,TAIPEI_101,142,126,103,2025-08-29T09:05:00+08:00
2025-08-29T10:00:00+08:00,TPE_AIRPORT,152,54,43,2025-08-29T10:05:00+08:00
2025-08-29T10:00:00+08:00,TAIPEI_MAIN,154,116,95,2025-08-29T10:05:00+08:00
2025-08-29T10:00:00+08:00,XIMENDING,168,111,97,2025-08-29T10:05:00+08:00
2025-08-29T10:00:00+08:00,TAIPEI_101,164,114,97,2025-08-29T10:05:00+08:00
2025-08-29T11:00:00+08:00,TPE_AIRPORT,108,79,69,2025-08-29T11:05:00+08:00
2025-08-29T11:00:00+08:00,TAIPEI_MAIN,120,70,57,2025-08-29T11:05:00+08:00
2025-08-29T11:00:00+08:00,XIMENDING,141,127,106,2025-08-29T11:05:00+08:00
2025-08-29T11:00:00+08:00,TAIPEI_101,170,76,60,2025-08-29T11:05:00+08:00
2025-08-29T12:00:00+08:00,TPE_AIRPORT,132,42,31,2025-08-29T12:05:00+08:00
2025-08-29T12:00:00+08:00,TAIPEI_MAIN,143,98,80,2025-08-29T12:05:00+08:00
2025-08-29T12:00:00+08:00,XIMENDING,189,119,102,2025-08-29T12:05:00+08:00
2025-08-29T12:00:00+08:00,TAIPEI_101,160,103,88,2025-08-29T12:05:00+08:00
2025-08-29T13:00:00+08:00,TPE_AIRPORT,88,103,75,2025-08-29T13:05:00+08:00
2025-08-29T13:00:00+08:00,TAIPEI_MAIN,163,126,104,2025-08-29T13:05:00+08:00
2025-08-29T13:00:00+08:00,XIMENDING,148,74,59,2025-08-29T13:05:00+08:00
2025-08-29T13:00:00+08:00,TAIPEI_101,157,108,78,2025-08-29T13:05:00+08:00
2025-08-29T14:00:00+08:00,TPE_AIRPORT,123,64,51,2025-08-29T14:05:00+08:00
2025-08-29T14:00:00+08:00,TAIPEI_MAIN,179,141,125,2025-08-29T14:05:00+08:00
2025-08-29T14:00:00+08:00,XIMENDING,154,119,108,2025-08-29T14:05:00+08:00
2025-08-29T14:00:00+08:00,TAIPEI_101,189,167,142,2025-08-29T14:05:00+08:00
2025-08-29T15:00:00+08:00,TPE_AIRPORT,103,55,45,2025-08-29T15:05:00+08:00
2025-08-29T15:00:00+08:00,TAIPEI_MAIN,170,102,82,2025-08-29T15:05:00+08:00
2025-08-29T15:00:00+08:00,XIMENDING,158,96,71,2025-08-29T15:05:00+08:00
2025-08-29T15:00:00+08:00,TAIPEI_101,161,141,116,2025-08-29T15:05:00+08:00
2025-08-29T16:00:00+08:00,TPE_AIRPORT,113,69,58,2025-08-29T16:05:00+08:00
2025-08-29T16:00:00+08:00,TAIPEI_MAIN,149,103,87,2025-08-29T16:05:00+08:00
2025-08-29T16:00:00+08:00,XIMENDING,166,103,92,2025-08-29T16:05:00+08:00
2025-08-29T16:00:00+08:00,TAIPEI_101,176,136,111,2025-08-29T16:05:00+08:00
2025-08-29T17:00:00+08:00,TPE_AIRPORT,137,62,52,2025-08-29T17:05:00+08:00
2025-08-29T17:00:00+08:00,TAIPEI_MAIN,139,86,64,2025-08-29T17:05:00+08:00
2025-08-29T17:00:00+08:00,XIMENDING,180,98,76,2025-08-29T17:05:00+08:00
2025-08-29T17:00:00+08:00,TAIPEI_101,179,115,99,2025-08-29T17:05:00+08:00
2025-08-29T18:00:00+08:00,TPE_AIRPORT,81,56,49,2025-08-29T18:05:00+08:00
2025-08-29T18:00:00+08:00,TAIPEI_MAIN,145,108,88,2025-08-29T18:05:00+08:00
2025-08-29T18:00:00+08:00,XIMENDING,154,125,95,2025-08-29T18:05:00+08:00
2025-08-29T18:00:00+08:00,TAIPEI_101,189,111,92,2025-08-29T18:05:00+08:00
2025-08-29T19:00:00+08:00,TPE_AIRPORT,108,82,69,2025-08-29T19:05:00+08:00
2025-08-29T19:00:00+08:00,TAIPEI_MAIN,203,114,88,2025-08-29T19:05:00+08:00
2025-08-29T19:00:00+08:00,XIMENDING,172,145,130,2025-08-29T19:05:00+08:00
2025-08-29T19:00:00+08:00,TAIPEI_101,167,130,107,2025-08-29T19:05:00+08:00
2025-08-29T20:00:00+08:00,TPE_AIRPORT,87,139,123,2025-08-29T20:05:00+08:00
2025-08-29T20:00:00+08:00,TAIPEI_MAIN,148,182,150,2025-08-29T20:05:00+08:00
2025-08-29T20:00:00+08:00,XIMENDING,146,202,159,2025-08-29T20:05:00+08:00
2025-08-29T20:00:00+08:00,TAIPEI_101,176,157,132,2025-08-29T20:05:00+08:00
2025-08-29T21:00:00+08:00,TPE_AIRPORT,87,117,100,2025-08-29T21:05:00+08:00
2025-08-29T21:00:00+08:00,TAIPEI_MAIN,151,165,140,2025-08-29T21:05:00+08:00
2025-08-29T21:00:00+08:00,XIMENDING,191,207,179,2025-08-29T21:05:00+08:00
2025-08-29T21:00:00+08:00,TAIPEI_101,138,189,139,2025-08-29T21:05:00+08:00
2025-08-29T22:00:00+08:00,TPE_AIRPORT,98,116,102,2025-08-29T22:05:00+08:00
2025-08-29T22:00:00+08:00,TAIPEI_MAIN,128,181,155,2025-08-29T22:05:00+08:00
2025-08-29T22:00:00+08:00,XIMENDING,130,176,130,2025-08-29T22:05:00+08:00
2025-08-29T22:00:00+08:00,TAIPEI_101,131,184,164,2025-08-29T22:05:00+08:00
2025-08-29T23:00:00+08:00,TPE_AIRPORT,64,149,129,2025-08-29T23:05:00+08:00
2025-08-29T23:00:00+08:00,TAIPEI_MAIN,112,175,148,2025-08-29T23:05:00+08:00
2025-08-29T23:00:00+08:00,XIMENDING,120,165,140,2025-08-29T23:05:00+08:00
2025-08-29T23:00:00+08:00,TAIPEI_101,155,195,152,2025-08-29T23:05:00+08:00
2025-08-30T00:00:00+08:00,TPE_AIRPORT,103,78,56,2025-08-30T00:05:00+08:00
2025-08-30T00:00:00+08:00,TAIPEI_MAIN,170,129,115,2025-08-30T00:05:00+08:00
2025-08-30T00:00:00+08:00,XIMENDING,169,140,106,2025-08-30T00:05:00+08:00
2025-08-30T00:00:00+08:00,TAIPEI_101,191,88,64,2025-08-30T00:05:00+08:00
2025-08-30T01:00:00+08:00,TPE_AIRPORT,156,97,87,2025-08-30T01:05:00+08:00
2025-08-30T01:00:00+08:00,TAIPEI_MAIN,138,77,61,2025-08-30T01:05:00+08:00
2025-08-30T01:00:00+08:00,XIMENDING,167,122,91,2025-08-30T01:05:00+08:00
2025-08-30T01:00:00+08:00,TAIPEI_101,146,117,104,2025-08-30T01:05:00+08:00
2025-08-30T02:00:00+08:00,TPE_AIRPORT,80,88,65,2025-08-30T02:05:00+08:00
2025-08-30T02:00:00+08:00,TAIPEI_MAIN,156,133,106,2025-08-30T02:05:00+08:00
2025-08-30T02:00:00+08:00,XIMENDING,152,152,115,2025-08-30T02:05:00+08:00
2025-08-30T02:00:00+08:00,TAIPEI_101,158,75,67,2025-08-30T02:05:00+08:00
2025-08-30T03:00:00+08:00,TPE_AIRPORT,148,89,65,2025-08-30T03:05:00+08:00
2025-08-30T03:00:00+08:00,TAIPEI_MAIN,166,95,80,2025-08-30T03:05:00+08:00
2025-08-30T03:00:00+08:00,XIMENDING,197,144,117,2025-08-30T03:05:00+08:00
2025-08-30T03:00:00+08:00,TAIPEI_101,145,103,79,2025-08-30T03:05:00+08:00
2025-08-30T04:00:00+08:00,TPE_AIRPORT,125,80,69,2025-08-30T04:05:00+08:00
2025-08-30T04:00:00+08:00,TAIPEI_MAIN,136,96,75,2025-08-30T04:05:00+08:00
2025-08-30T04:00:00+08:00,XIMENDING,147,117,86,2025-08-30T04:05:00+08:00
2025-08-30T04:00:00+08:00,TAIPEI_101,145,112,99,2025-08-30T04:05:00+08:00
2025-08-30T05:00:00+08:00,TPE_AIRPORT,127,108,94,2025-08-30T05:05:00+08:00
2025-08-30T05:00:00+08:00,TAIPEI_MAIN,146,165,132,2025-08-30T05:05:00+08:00
2025-08-30T05:00:00+08:00,XIMENDING,150,193,155,2025-08-30T05:05:00+08:00
2025-08-30T05:00:00+08:00,TAIPEI_101,125,223,176,2025-08-30T05:05:00+08:00
2025-08-30T06:00:00+08:00,TPE_AIRPORT,80,109,79,2025-08-30T06:05:00+08:00
2025-08-30T06:00:00+08:00,TAIPEI_MAIN,133,144,109,2025-08-30T06:05:00+08:00
2025-08-30T06:00:00+08:00,XIMENDING,127,193,155,2025-08-30T06:05:00+08:00
2025-08-30T06:00:00+08:00,TAIPEI_101,133,188,155,2025-08-30T06:05:00+08:00
2025-08-30T07:00:00+08:00,TPE_AIRPORT,66,135,113,2025-08-30T07:05:00+08:00
2025-08-30T07:00:00+08:00,TAIPEI_MAIN,164,191,171,2025-08-30T07:05:00+08:00
2025-08-30T07:00:00+08:00,XIMENDING,138,157,122,2025-08-30T07:05:00+08:00
2025-08-30T07:00:00+08:00,TAIPEI_101,158,172,142,2025-08-30T07:05:00+08:00
2025-08-30T08:00:00+08:00,TPE_AIRPORT,84,152,113,2025-08-30T08:05:00+08:00
2025-08-30T08:00:00+08:00,TAIPEI_MAIN,147,189,149,2025-08-30T08:05:00+08:00
2025-08-30T08:00:00+08:00,XIMENDING,130,171,125,2025-08-30T08:05:00+08:00
2025-08-30T08:00:00+08:00,TAIPEI_101,102,170,128,2025-08-30T08:05:00+08:00
2025-08-30T09:00:00+08:00,TPE_AIRPORT,96,61,44,2025-08-30T09:05:00+08:00
2025-08-30T09:00:00+08:00,TAIPEI_MAIN,145,125,91,2025-08-30T09:05:00+08:00
2025-08-30T09:00:00+08:00,XIMENDING,163,109,94,2025-08-30T09:05:00+08:00
2025-08-30T09:00:00+08:00,TAIPEI_101,156,134,104,2025-08-30T09:05:00+08:00
2025-08-30T10:00:00+08:00,TPE_AIRPORT,120,63,53,2025-08-30T10:05:00+08:00
2025-08-30T10:00:00+08:00,TAIPEI_MAIN,179,118,85,2025-08-30T10:05:00+08:00
2025-08-30T10:00:00+08:00,XIMENDING,164,77,66,2025-08-30T10:05:00+08:00
2025-08-30T10:00:00+08:00,TAIPEI_101,157,120,96,2025-08-30T10:05:00+08:00
2025-08-30T11:00:00+08:00,TPE_AIRPORT,77,96,74,2025-08-30T11:05:00+08:00
2025-08-30T11:00:00+08:00,TAIPEI_MAIN,177,119,90,2025-08-30T11:05:00+08:00
2025-08-30T11:00:00+08:00,XIMENDING,122,86,76,2025-08-30T11:05:00+08:00
2025-08-30T11:00:00+08:00,TAIPEI_101,149,153,111,2025-08-30T11:05:00+08:00
2025-08-30T12:00:00+08:00,TPE_AIRPORT,72,98,74,2025-08-30T12:05:00+08:00
2025-08-30T12:00:00+08:00,TAIPEI_MAIN,172,100,80,2025-08-30T12:05:00+08:00
2025-08-30T12:00:00+08:00,XIMENDING,146,100,88,2025-08-30T12:05:00+08:00
2025-08-30T12:00:00+08:00,TAIPEI_101,134,94,82,2025-08-30T12:05:00+08:00
2025-08-30T13:00:00+08:00,TPE_AIRPORT,107,110,80,2025-08-30T13:05:00+08:00
2025-08-30T13:00:00+08:00,TAIPEI_MAIN,163,73,53,2025-08-30T13:05:00+08:00
2025-08-30T13:00:00+08:00,XIMENDING,150,91,75,2025-08-30T13:05:00+08:00
2025-08-30T13:00:00+08:00,TAIPEI_101,137,105,94,2025-08-30T13:05:00+08:00
2025-08-30T14:00:00+08:00,TPE_AIRPORT,121,62,55,2025-08-30T14:05:00+08:00
2025-08-30T14:00:00+08:00,TAIPEI_MAIN,123,97,85,2025-08-30T14:05:00+08:00
2025-08-30T14:00:00+08:00,XIMENDING,183,129,109,2025-08-30T14:05:00+08:00
2025-08-30T14:00:00+08:00,TAIPEI_101,154,133,101,2025-08-30T14:05:00+08:00
2025-08-30T15:00:00+08:00,TPE_AIRPORT,115,84,70,2025-08-30T15:05:00+08:00
2025-08-30T15:00:00+08:00,TAIPEI_MAIN,150,99,79,2025-08-30T15:05:00+08:00
2025-08-30T15:00:00+08:00,XIMENDING,175,125,93,2025-08-30T15:05:00+08:00
2025-08-30T15:00:00+08:00,TAIPEI_101,173,161,139,2025-08-30T15:05:00+08:00
2025-08-30T16:00:00+08:00,TPE_AIRPORT,130,88,72,2025-08-30T16:05:00+08:00
2025-08-30T16:00:00+08:00,TAIPEI_MAIN,194,102,79,2025-08-30T16:05:00+08:00
2025-08-30T16:00:00+08:00,XIMENDING,143,88,74,2025-08-30T16:05:00+08:00
2025-08-30T16:00:00+08:00,TAIPEI_101,163,120,101,2025-08-30T16:05:00+08:00
2025-08-30T17:00:00+08:00,TPE_AIRPORT,117,73,52,2025-08-30T17:05:00+08:00
2025-08-30T17:00:00+08:00,TAIPEI_MAIN,183,142,116,2025-08-30T17:05:00+08:00
2025-08-30T17:00:00+08:00,XIMENDING,165,98,75,2025-08-30T17:05:00+08:00
2025-08-30T17:00:00+08:00,TAIPEI_101,145,99,85,2025-08-30T17:05:00+08:00
2025-08-30T18:00:00+08:00,TPE_AIRPORT,107,44,37,2025-08-30T18:05:00+08:00
2025-08-30T18:00:00+08:00,TAIPEI_MAIN,205,121,109,2025-08-30T18:05:00+08:00
2025-08-30T18:00:00+08:00,XIMENDING,156,143,113,2025-08-30T18:05:00+08:00
2025-08-30T18:00:00+08:00,TAIPEI_101,126,150,128,2025-08-30T18:05:00+08:00
2025-08-30T19:00:00+08:00,TPE_AIRPORT,104,90,70,2025-08-30T19:05:00+08:00
2025-08-30T19:00:00+08:00,TAIPEI_MAIN,144,72,62,2025-08-30T19:05:00+08:00
2025-08-30T19:00:00+08:00,XIMENDING,151,137,119,2025-08-30T19:05:00+08:00
2025-08-30T19:00:00+08:00,TAIPEI_101,135,146,116,2025-08-30T19:05:00+08:00
2025-08-30T20:00:00+08:00,TPE_AIRPORT,79,141,103,2025-08-30T20:05:00+08:00
2025-08-30T20:00:00+08:00,TAIPEI_MAIN,150,230,198,2025-08-30T20:05:00+08:00
2025-08-30T20:00:00+08:00,XIMENDING,141,139,107,2025-08-30T20:05:00+08:00
2025-08-30T20:00:00+08:00,TAIPEI_101,141,199,169,2025-08-30T20:05:00+08:00
2025-08-30T21:00:00+08:00,TPE_AIRPORT,130,103,81,2025-08-30T21:05:00+08:00
2025-08-30T21:00:00+08:00,TAIPEI_MAIN,134,202,176,2025-08-30T21:05:00+08:00
2025-08-30T21:00:00+08:00,XIMENDING,110,183,157,2025-08-30T21:05:00+08:00
2025-08-30T21:00:00+08:00,TAIPEI_101,131,160,141,2025-08-30T21:05:00+08:00
2025-08-30T22:00:00+08:00,TPE_AIRPORT,87,111,86,2025-08-30T22:05:00+08:00
2025-08-30T22:00:00+08:00,TAIPEI_MAIN,135,171,140,2025-08-30T22:05:00+08:00
2025-08-30T22:00:00+08:00,XIMENDING,140,217,158,2025-08-30T22:05:00+08:00
2025-08-30T22:00:00+08:00,TAIPEI_101,155,178,131,2025-08-30T22:05:00+08:00
2025-08-30T23:00:00+08:00,TPE_AIRPORT,89,120,98,2025-08-30T23:05:00+08:00
2025-08-30T23:00:00+08:00,TAIPEI_MAIN,115,131,118,2025-08-30T23:05:00+08:00
2025-08-30T23:00:00+08:00,XIMENDING,144,216,183,2025-08-30T23:05:00+08:00
2025-08-30T23:00:00+08:00,TAIPEI_101,141,165,132,2025-08-30T23:05:00+08:00
2025-08-31T00:00:00+08:00,TPE_AIRPORT,115,78,70,2025-08-31T00:05:00+08:00
2025-08-31T00:00:00+08:00,TAIPEI_MAIN,143,118,106,2025-08-31T00:05:00+08:00
2025-08-31T00:00:00+08:00,XIMENDING,177,126,105,2025-08-31T00:05:00+08:00
2025-08-31T00:00:00+08:00,TAIPEI_101,175,109,79,2025-08-31T00:05:00+08:00
2025-08-31T01:00:00+08:00,TPE_AIRPORT,125,83,71,2025-08-31T01:05:00+08:00
2025-08-31T01:00:00+08:00,TAIPEI_MAIN,153,118,97,2025-08-31T01:05:00+08:00
2025-08-31T01:00:00+08:00,XIMENDING,164,139,100,2025-08-31T01:05:00+08:00
2025-08-31T01:00:00+08:00,TAIPEI_101,163,100,79,2025-08-31T01:05:00+08:00
2025-08-31T02:00:00+08:00,TPE_AIRPORT,95,47,40,2025-08-31T02:05:00+08:00
2025-08-31T02:00:00+08:00,TAIPEI_MAIN,140,119,87,2025-08-31T02:05:00+08:00
2025-08-31T02:00:00+08:00,XIMENDING,152,95,74,2025-08-31T02:05:00+08:00
2025-08-31T02:00:00+08:00,TAIPEI_101,169,138,125,2025-08-31T02:05:00+08:00
2025-08-31T03:00:00+08:00,TPE_AIRPORT,107,86,71,2025-08-31T03:05:00+08:00
2025-08-31T03:00:00+08:00,TAIPEI_MAIN,176,133,99,2025-08-31T03:05:00+08:00
2025-08-31T03:00:00+08:00,XIMENDING,177,118,91,2025-08-31T03:05:00+08:00
2025-08-31T03:00:00+08:00,TAIPEI_101,201,125,91,2025-08-31T03:05:00+08:00
2025-08-31T04:00:00+08:00,TPE_AIRPORT,135,89,69,2025-08-31T04:05:00+08:00
2025-08-31T04:00:00+08:00,TAIPEI_MAIN,163,117,85,2025-08-31T04:05:00+08:00
2025-08-31T04:00:00+08:00,XIMENDING,163,130,111,2025-08-31T04:05:00+08:00
2025-08-31T04:00:00+08:00,TAIPEI_101,162,72,52,2025-08-31T04:05:00+08:00
2025-08-31T05:00:00+08:00,TPE_AIRPORT,60,139,119,2025-08-31T05:05:00+08:00
2025-08-31T05:00:00+08:00,TAIPEI_MAIN,130,196,144,2025-08-31T05:05:00+08:00
2025-08-31T05:00:00+08:00,XIMENDING,108,179,150,2025-08-31T05:05:00+08:00
2025-08-31T05:00:00+08:00,TAIPEI_101,105,203,150,2025-08-31T05:05:00+08:00
2025-08-31T06:00:00+08:00,TPE_AIRPORT,79,132,110,2025-08-31T06:05:00+08:00
2025-08-31T06:00:00+08:00,TAIPEI_MAIN,148,188,147,2025-08-31T06:05:00+08:00
2025-08-31T06:00:00+08:00,XIMENDING,92,168,145,2025-08-31T06:05:00+08:00
2025-08-31T06:00:00+08:00,TAIPEI_101,124,150,134,2025-08-31T06:05:00+08:00
2025-08-31T07:00:00+08:00,TPE_AIRPORT,92,122,96,2025-08-31T07:05:00+08:00
2025-08-31T07:00:00+08:00,TAIPEI_MAIN,150,183,161,2025-08-31T07:05:00+08:00
2025-08-31T07:00:00+08:00,XIMENDING,147,152,134,2025-08-31T07:05:00+08:00
2025-08-31T07:00:00+08:00,TAIPEI_101,150,169,130,2025-08-31T07:05:00+08:00
2025-08-31T08:00:00+08:00,TPE_AIRPORT,110,125,113,2025-08-31T08:05:00+08:00
2025-08-31T08:00:00+08:00,TAIPEI_MAIN,123,169,150,2025-08-31T08:05:00+08:00
2025-08-31T08:00:00+08:00,XIMENDING,97,138,105,2025-08-31T08:05:00+08:00
2025-08-31T08:00:00+08:00,TAIPEI_101,146,140,114,2025-08-31T08:05:00+08:00
2025-08-31T09:00:00+08:00,TPE_AIRPORT,93,45,33,2025-08-31T09:05:00+08:00
2025-08-31T09:00:00+08:00,TAIPEI_MAIN,140,119,85,2025-08-31T09:05:00+08:00
2025-08-31T09:00:00+08:00,XIMENDING,150,128,106,2025-08-31T09:05:00+08:00
2025-08-31T09:00:00+08:00,TAIPEI_101,162,123,96,2025-08-31T09:05:00+08:00
2025-08-31T10:00:00+08:00,TPE_AIRPORT,90,78,63,2025-08-31T10:05:00+08:00
2025-08-31T10:00:00+08:00,TAIPEI_MAIN,150,136,121,2025-08-31T10:05:00+08:00
2025-08-31T10:00:00+08:00,XIMENDING,178,87,65,2025-08-31T10:05:00+08:00
2025-08-31T10:00:00+08:00,TAIPEI_101,155,71,64,2025-08-31T10:05:00+08:00
2025-08-31T11:00:00+08:00,TPE_AIRPORT,94,71,62,2025-08-31T11:05:00+08:00
2025-08-31T11:00:00+08:00,TAIPEI_MAIN,129,110,96,2025-08-31T11:05:00+08:00
2025-08-31T11:00:00+08:00,XIMENDING,141,134,115,2025-08-31T11:05:00+08:00
2025-08-31T11:00:00+08:00,TAIPEI_101,167,82,64,2025-08-31T11:05:00+08:00
2025-08-31T12:00:00+08:00,TPE_AIRPORT,116,61,46,2025-08-31T12:05:00+08:00
2025-08-31T12:00:00+08:00,TAIPEI_MAIN,161,134,103,2025-08-31T12:05:00+08:00
2025-08-31T12:00:00+08:00,XIMENDING,167,96,81,2025-08-31T12:05:00+08:00
2025-08-31T12:00:00+08:00,TAIPEI_101,186,98,84,2025-08-31T12:05:00+08:00
2025-08-31T13:00:00+08:00,TPE_AIRPORT,104,47,42,2025-08-31T13:05:00+08:00
2025-08-31T13:00:00+08:00,TAIPEI_MAIN,162,135,101,2025-08-31T13:05:00+08:00
2025-08-31T13:00:00+08:00,XIMENDING,155,109,81,2025-08-31T13:05:00+08:00
2025-08-31T13:00:00+08:00,TAIPEI_101,142,95,86,2025-08-31T13:05:00+08:00
2025-08-31T14:00:00+08:00,TPE_AIRPORT,120,85,63,2025-08-31T14:05:00+08:00
2025-08-31T14:00:00+08:00,TAIPEI_MAIN,154,120,89,2025-08-31T14:05:00+08:00
2025-08-31T14:00:00+08:00,XIMENDING,162,135,121,2025-08-31T14:05:00+08:00
2025-08-31T14:00:00+08:00,TAIPEI_101,151,62,45,2025-08-31T14:05:00+08:00
2025-08-31T15:00:00+08:00,TPE_AIRPORT,70,117,87,2025-08-31T15:05:00+08:00
2025-08-31T15:00:00+08:00,TAIPEI_MAIN,158,123,89,2025-08-31T15:05:00+08:00
2025-08-31T15:00:00+08:00,XIMENDING,120,112,83,2025-08-31T15:05:00+08:00
2025-08-31T15:00:00+08:00,TAIPEI_101,154,132,113,2025-08-31T15:05:00+08:00
2025-08-31T16:00:00+08:00,TPE_AIRPORT,130,54,41,2025-08-31T16:05:00+08:00
2025-08-31T16:00:00+08:00,TAIPEI_MAIN,160,87,70,2025-08-31T16:05:00+08:00
2025-08-31T16:00:00+08:00,XIMENDING,157,75,57,2025-08-31T16:05:00+08:00
2025-08-31T16:00:00+08:00,TAIPEI_101,144,118,93,2025-08-31T16:05:00+08:00
2025-08-31T17:00:00+08:00,TPE_AIRPORT,91,91,75,2025-08-31T17:05:00+08:00
2025-08-31T17:00:00+08:00,TAIPEI_MAIN,122,105,94,2025-08-31T17:05:00+08:00
2025-08-31T17:00:00+08:00,XIMENDING,172,110,92,2025-08-31T17:05:00+08:00
2025-08-31T17:00:00+08:00,TAIPEI_101,171,102,86,2025-08-31T17:05:00+08:00
2025-08-31T18:00:00+08:00,TPE_AIRPORT,116,122,95,2025-08-31T18:05:00+08:00
2025-08-31T18:00:00+08:00,TAIPEI_MAIN,158,161,126,2025-08-31T18:05:00+08:00
2025-08-31T18:00:00+08:00,XIMENDING,154,128,92,2025-08-31T18:05:00+08:00
2025-08-31T18:00:00+08:00,TAIPEI_101,157,120,86,2025-08-31T18:05:00+08:00
2025-08-31T19:00:00+08:00,TPE_AIRPORT,110,52,37,2025-08-31T19:05:00+08:00
2025-08-31T19:00:00+08:00,TAIPEI_MAIN,154,154,122,2025-08-31T19:05:00+08:00
2025-08-31T19:00:00+08:00,XIMENDING,153,122,92,2025-08-31T19:05:00+08:00
2025-08-31T19:00:00+08:00,TAIPEI_101,179,84,73,2025-08-31T19:05:00+08:00
2025-08-31T20:00:00+08:00,TPE_AIRPORT,99,125,103,2025-08-31T20:05:00+08:00
2025-08-31T20:00:00+08:00,TAIPEI_MAIN,156,220,177,2025-08-31T20:05:00+08:00
2025-08-31T20:00:00+08:00,XIMENDING,134,169,138,2025-08-31T20:05:00+08:00
2025-08-31T20:00:00+08:00,TAIPEI_101,134,177,157,2025-08-31T20:05:00+08:00
2025-08-31T21:00:00+08:00,TPE_AIRPORT,81,148,127,2025-08-31T21:05:00+08:00
2025-08-31T21:00:00+08:00,TAIPEI_MAIN,107,192,164,2025-08-31T21:05:00+08:00
2025-08-31T21:00:00+08:00,XIMENDING,144,143,122,2025-08-31T21:05:00+08:00
2025-08-31T21:00:00+08:00,TAIPEI_101,127,194,160,2025-08-31T21:05:00+08:00
2025-08-31T22:00:00+08:00,TPE_AIRPORT,100,124,103,2025-08-31T22:05:00+08:00
2025-08-31T22:00:00+08:00,TAIPEI_MAIN,159,208,150,2025-08-31T22:05:00+08:00
2025-08-31T22:00:00+08:00,XIMENDING,107,216,179,2025-08-31T22:05:00+08:00
2025-08-31T22:00:00+08:00,TAIPEI_101,147,208,183,2025-08-31T22:05:00+08:00
2025-08-31T23:00:00+08:00,TPE_AIRPORT,79,91,73,2025-08-31T23:05:00+08:00
2025-08-31T23:00:00+08:00,TAIPEI_MAIN,131,217,194,2025-08-31T23:05:00+08:00
2025-08-31T23:00:00+08:00,XIMENDING,130,207,175,2025-08-31T23:05:00+08:00
2025-08-31T23:00:00+08:00,TAIPEI_101,140,186,150,2025-08-31T23:05:00+08:00
2025-09-01T00:00:00+08:00,TPE_AIRPORT,136,82,73,2025-09-01T00:05:00+08:00
2025-09-01T00:00:00+08:00,TAIPEI_MAIN,154,109,80,2025-09-01T00:05:00+08:00
2025-09-01T00:00:00+08:00,XIMENDING,155,99,89,2025-09-01T00:05:00+08:00
2025-09-01T00:00:00+08:00,TAIPEI_101,190,139,118,2025-09-01T00:05:00+08:00
2025-09-01T01:00:00+08:00,TPE_AIRPORT,136,36,27,2025-09-01T01:05:00+08:00
2025-09-01T01:00:00+08:00,TAIPEI_MAIN,186,125,104,2025-09-01T01:05:00+08:00
2025-09-01T01:00:00+08:00,XIMENDING,132,106,84,2025-09-01T01:05:00+08:00
2025-09-01T01:00:00+08:00,TAIPEI_101,196,102,92,2025-09-01T01:05:00+08:00
2025-09-01T02:00:00+08:00,TPE_AIRPORT,116,92,73,2025-09-01T02:05:00+08:00
2025-09-01T02:00:00+08:00,TAIPEI_MAIN,171,109,86,2025-09-01T02:05:00+08:00
2025-09-01T02:00:00+08:00,XIMENDING,140,152,133,2025-09-01T02:05:00+08:00
2025-09-01T02:00:00+08:00,TAIPEI_101,162,95,68,2025-09-01T02:05:00+08:00
2025-09-01T03:00:00+08:00,TPE_AIRPORT,118,95,81,2025-09-01T03:05:00+08:00
2025-09-01T03:00:00+08:00,TAIPEI_MAIN,152,115,101,2025-09-01T03:05:00+08:00
2025-09-01T03:00:00+08:00,XIMENDING,173,77,64,2025-09-01T03:05:00+08:00
2025-09-01T03:00:00+08:00,TAIPEI_101,203,107,81,2025-09-01T03:05:00+08:00
2025-09-01T04:00:00+08:00,TPE_AIRPORT,114,86,66,2025-09-01T04:05:00+08:00
2025-09-01T04:00:00+08:00,TAIPEI_MAIN,169,163,126,2025-09-01T04:05:00+08:00
2025-09-01T04:00:00+08:00,XIMENDING,145,81,69,2025-09-01T04:05:00+08:00
2025-09-01T04:00:00+08:00,TAIPEI_101,175,98,88,2025-09-01T04:05:00+08:00
2025-09-01T05:00:00+08:00,TPE_AIRPORT,69,123,100,2025-09-01T05:05:00+08:00
2025-09-01T05:00:00+08:00,TAIPEI_MAIN,167,213,166,2025-09-01T05:05:00+08:00
2025-09-01T05:00:00+08:00,XIMENDING,137,160,142,2025-09-01T05:05:00+08:00
2025-09-01T05:00:00+08:00,TAIPEI_101,139,146,118,2025-09-01T05:05:00+08:00
2025-09-01T06:00:00+08:00,TPE_AIRPORT,82,133,114,2025-09-01T06:05:00+08:00
2025-09-01T06:00:00+08:00,TAIPEI_MAIN,105,199,148,2025-09-01T06:05:00+08:00
2025-09-01T06:00:00+08:00,XIMENDING,115,187,151,2025-09-01T06:05:00+08:00
2025-09-01T06:00:00+08:00,TAIPEI_101,167,186,151,2025-09-01T06:05:00+08:00
2025-09-01T07:00:00+08:00,TPE_AIRPORT,108,134,119,2025-09-01T07:05:00+08:00
2025-09-01T07:00:00+08:00,TAIPEI_MAIN,146,176,139,2025-09-01T07:05:00+08:00
2025-09-01T07:00:00+08:00,XIMENDING,150,209,167,2025-09-01T07:05:00+08:00
2025-09-01T07:00:00+08:00,TAIPEI_101,118,184,153,2025-09-01T07:05:00+08:00
2025-09-01T08:00:00+08:00,TPE_AIRPORT,76,117,86,2025-09-01T08:05:00+08:00
2025-09-01T08:00:00+08:00,TAIPEI_MAIN,141,192,149,2025-09-01T08:05:00+08:00
2025-09-01T08:00:00+08:00,XIMENDING,115,174,139,2025-09-01T08:05:00+08:00
2025-09-01T08:00:00+08:00,TAIPEI_101,133,184,138,2025-09-01T08:05:00+08:00
2025-09-01T09:00:00+08:00,TPE_AIRPORT,107,84,69,2025-09-01T09:05:00+08:00
2025-09-01T09:00:00+08:00,TAIPEI_MAIN,151,96,76,2025-09-01T09:05:00+08:00
2025-09-01T09:00:00+08:00,XIMENDING,138,85,68,2025-09-01T09:05:00+08:00
2025-09-01T09:00:00+08:00,TAIPEI_101,139,107,85,2025-09-01T09:05:00+08:00
2025-09-01T10:00:00+08:00,TPE_AIRPORT,98,69,58,2025-09-01T10:05:00+08:00
2025-09-01T10:00:00+08:00,TAIPEI_MAIN,134,70,57,2025-09-01T10:05:00+08:00
2025-09-01T10:00:00+08:00,XIMENDING,146,163,134,2025-09-01T10:05:00+08:00
2025-09-01T10:00:00+08:00,TAIPEI_101,147,85,73,2025-09-01T10:05:00+08:00
2025-09-01T11:00:00+08:00,TPE_AIRPORT,131,70,50,2025-09-01T11:05:00+08:00
2025-09-01T11:00:00+08:00,TAIPEI_MAIN,176,99,80,2025-09-01T11:05:00+08:00
2025-09-01T11:00:00+08:00,XIMENDING,162,102,92,2025-09-01T11:05:00+08:00
2025-09-01T11:00:00+08:00,TAIPEI_101,120,148,107,2025-09-01T11:05:00+08:00
2025-09-01T12:00:00+08:00,TPE_AIRPORT,113,64,51,2025-09-01T12:05:00+08:00
2025-09-01T12:00:00+08:00,TAIPEI_MAIN,152,137,123,2025-09-01T12:05:00+08:00
2025-09-01T12:00:00+08:00,XIMENDING,170,137,112,2025-09-01T12:05:00+08:00
2025-09-01T12:00:00+08:00,TAIPEI_101,120,93,82,2025-09-01T12:05:00+08:00
2025-09-01T13:00:00+08:00,TPE_AIRPORT,113,84,66,2025-09-01T13:05:00+08:00
2025-09-01T13:00:00+08:00,TAIPEI_MAIN,188,149,121,2025-09-01T13:05:00+08:00
2025-09-01T13:00:00+08:00,XIMENDING,170,137,116,2025-09-01T13:05:00+08:00
2025-09-01T13:00:00+08:00,TAIPEI_101,183,147,133,2025-09-01T13:05:00+08:00
2025-09-01T14:00:00+08:00,TPE_AIRPORT,108,82,64,2025-09-01T14:05:00+08:00
2025-09-01T14:00:00+08:00,TAIPEI_MAIN,122,126,91,2025-09-01T14:05:00+08:00
2025-09-01T14:00:00+08:00,XIMENDING,164,130,101,2025-09-01T14:05:00+08:00
2025-09-01T14:00:00+08:00,TAIPEI_101,151,119,102,2025-09-01T14:05:00+08:00
2025-09-01T15:00:00+08:00,TPE_AIRPORT,119,96,81,2025-09-01T15:05:00+08:00
2025-09-01T15:00:00+08:00,TAIPEI_MAIN,162,102,75,2025-09-01T15:05:00+08:00
2025-09-01T15:00:00+08:00,XIMENDING,168,108,92,2025-09-01T15:05:00+08:00
2025-09-01T15:00:00+08:00,TAIPEI_101,169,84,60,2025-09-01T15:05:00+08:00
2025-09-01T16:00:00+08:00,TPE_AIRPORT,137,75,57,2025-09-01T16:05:00+08:00
2025-09-01T16:00:00+08:00,TAIPEI_MAIN,162,128,109,2025-09-01T16:05:00+08:00
2025-09-01T16:00:00+08:00,XIMENDING,168,64,51,2025-09-01T16:05:00+08:00
2025-09-01T16:00:00+08:00,TAIPEI_101,141,87,66,2025-09-01T16:05:00+08:00
2025-09-01T17:00:00+08:00,TPE_AIRPORT,121,72,52,2025-09-01T17:05:00+08:00
2025-09-01T17:00:00+08:00,TAIPEI_MAIN,153,123,98,2025-09-01T17:05:00+08:00
2025-09-01T17:00:00+08:00,XIMENDING,161,130,116,2025-09-01T17:05:00+08:00
2025-09-01T17:00:00+08:00,TAIPEI_101,171,105,87,2025-09-01T17:05:00+08:00
2025-09-01T18:00:00+08:00,TPE_AIRPORT,119,86,74,2025-09-01T18:05:00+08:00
2025-09-01T18:00:00+08:00,TAIPEI_MAIN,148,91,73,2025-09-01T18:05:00+08:00
2025-09-01T18:00:00+08:00,XIMENDING,174,97,87,2025-09-01T18:05:00+08:00
2025-09-01T18:00:00+08:00,TAIPEI_101,159,122,88,2025-09-01T18:05:00+08:00
2025-09-01T19:00:00+08:00,TPE_AIRPORT,112,84,74,2025-09-01T19:05:00+08:00
2025-09-01T19:00:00+08:00,TAIPEI_MAIN,144,154,125,2025-09-01T19:05:00+08:00
2025-09-01T19:00:00+08:00,XIMENDING,136,108,93,2025-09-01T19:05:00+08:00
2025-09-01T19:00:00+08:00,TAIPEI_101,136,105,90,2025-09-01T19:05:00+08:00
2025-09-01T20:00:00+08:00,TPE_AIRPORT,108,125,100,2025-09-01T20:05:00+08:00
2025-09-01T20:00:00+08:00,TAIPEI_MAIN,152,227,170,2025-09-01T20:05:00+08:00
2025-09-01T20:00:00+08:00,XIMENDING,121,202,166,2025-09-01T20:05:00+08:00
2025-09-01T20:00:00+08:00,TAIPEI_101,144,191,155,2025-09-01T20:05:00+08:00
2025-09-01T21:00:00+08:00,TPE_AIRPORT,52,158,143,2025-09-01T21:05:00+08:00
2025-09-01T21:00:00+08:00,TAIPEI_MAIN,126,136,102,2025-09-01T21:05:00+08:00
2025-09-01T21:00:00+08:00,XIMENDING,105,182,141,2025-09-01T21:05:00+08:00
2025-09-01T21:00:00+08:00,TAIPEI_101,117,172,127,2025-09-01T21:05:00+08:00
2025-09-01T22:00:00+08:00,TPE_AIRPORT,51,106,94,2025-09-01T22:05:00+08:00
2025-09-01T22:00:00+08:00,TAIPEI_MAIN,158,175,146,2025-09-01T22:05:00+08:00
2025-09-01T22:00:00+08:00,XIMENDING,142,183,139,2025-09-01T22:05:00+08:00
2025-09-01T22:00:00+08:00,TAIPEI_101,130,239,216,2025-09-01T22:05:00+08:00
2025-09-01T23:00:00+08:00,TPE_AIRPORT,105,95,74,2025-09-01T23:05:00+08:00
2025-09-01T23:00:00+08:00,TAIPEI_MAIN,164,198,155,2025-09-01T23:05:00+08:00
2025-09-01T23:00:00+08:00,XIMENDING,134,162,133,2025-09-01T23:05:00+08:00
2025-09-01T23:00:00+08:00,TAIPEI_101,125,170,144,2025-09-01T23:05:00+08:00
2025-09-02T00:00:00+08:00,TPE_AIRPORT,124,102,79,2025-09-02T00:05:00+08:00
2025-09-02T00:00:00+08:00,TAIPEI_MAIN,163,80,72,2025-09-02T00:05:00+08:00
2025-09-02T00:00:00+08:00,XIMENDING,179,105,87,2025-09-02T00:05:00+08:00
2025-09-02T00:00:00+08:00,TAIPEI_101,179,102,92,2025-09-02T00:05:00+08:00
2025-09-02T01:00:00+08:00,TPE_AIRPORT,94,99,83,2025-09-02T01:05:00+08:00
2025-09-02T01:00:00+08:00,TAIPEI_MAIN,134,160,127,2025-09-02T01:05:00+08:00
2025-09-02T01:00:00+08:00,XIMENDING,165,136,109,2025-09-02T01:05:00+08:00
2025-09-02T01:00:00+08:00,TAIPEI_101,148,114,85,2025-09-02T01:05:00+08:00
2025-09-02T02:00:00+08:00,TPE_AIRPORT,104,68,54,2025-09-02T02:05:00+08:00
2025-09-02T02:00:00+08:00,TAIPEI_MAIN,150,91,73,2025-09-02T02:05:00+08:00
2025-09-02T02:00:00+08:00,XIMENDING,152,113,83,2025-09-02T02:05:00+08:00
2025-09-02T02:00:00+08:00,TAIPEI_101,157,111,98,2025-09-02T02:05:00+08:00
2025-09-02T03:00:00+08:00,TPE_AIRPORT,96,71,52,2025-09-02T03:05:00+08:00
2025-09-02T03:00:00+08:00,TAIPEI_MAIN,169,92,82,2025-09-02T03:05:00+08:00
2025-09-02T03:00:00+08:00,XIMENDING,169,85,68,2025-09-02T03:05:00+08:00
2025-09-02T03:00:00+08:00,TAIPEI_101,176,117,97,2025-09-02T03:05:00+08:00
2025-09-02T04:00:00+08:00,TPE_AIRPORT,103,91,73,2025-09-02T04:05:00+08:00
2025-09-02T04:00:00+08:00,TAIPEI_MAIN,128,129,113,2025-09-02T04:05:00+08:00
2025-09-02T04:00:00+08:00,XIMENDING,137,117,87,2025-09-02T04:05:00+08:00
2025-09-02T04:00:00+08:00,TAIPEI_101,201,102,88,2025-09-02T04:05:00+08:00
2025-09-02T05:00:00+08:00,TPE_AIRPORT,93,164,125,2025-09-02T05:05:00+08:00
2025-09-02T05:00:00+08:00,TAIPEI_MAIN,142,183,152,2025-09-02T05:05:00+08:00
2025-09-02T05:00:00+08:00,XIMENDING,119,150,132,2025-09-02T05:05:00+08:00
2025-09-02T05:00:00+08:00,TAIPEI_101,134,175,144,2025-09-02T05:05:00+08:00
2025-09-02T06:00:00+08:00,TPE_AIRPORT,56,143,123,2025-09-02T06:05:00+08:00
2025-09-02T06:00:00+08:00,TAIPEI_MAIN,141,191,151,2025-09-02T06:05:00+08:00
2025-09-02T06:00:00+08:00,XIMENDING,154,154,125,2025-09-02T06:05:00+08:00
2025-09-02T06:00:00+08:00,TAIPEI_101,179,151,110,2025-09-02T06:05:00+08:00
2025-09-02T07:00:00+08:00,TPE_AIRPORT,123,115,87,2025-09-02T07:05:00+08:00
2025-09-02T07:00:00+08:00,TAIPEI_MAIN,144,211,159,2025-09-02T07:05:00+08:00
2025-09-02T07:00:00+08:00,XIMENDING,130,165,145,2025-09-02T07:05:00+08:00
2025-09-02T07:00:00+08:00,TAIPEI_101,155,175,153,2025-09-02T07:05:00+08:00
2025-09-02T08:00:00+08:00,TPE_AIRPORT,93,110,91,2025-09-02T08:05:00+08:00
2025-09-02T08:00:00+08:00,TAIPEI_MAIN,130,173,124,2025-09-02T08:05:00+08:00
2025-09-02T08:00:00+08:00,XIMENDING,117,202,166,2025-09-02T08:05:00+08:00
2025-09-02T08:00:00+08:00,TAIPEI_101,157,169,146,2025-09-02T08:05:00+08:00
2025-09-02T09:00:00+08:00,TPE_AIRPORT,105,85,75,2025-09-02T09:05:00+08:00
2025-09-02T09:00:00+08:00,TAIPEI_MAIN,166,92,69,2025-09-02T09:05:00+08:00
2025-09-02T09:00:00+08:00,XIMENDING,176,115,95,2025-09-02T09:05:00+08:00
2025-09-02T09:00:00+08:00,TAIPEI_101,157,112,94,2025-09-02T09:05:00+08:00
2025-09-02T10:00:00+08:00,TPE_AIRPORT,117,66,49,2025-09-02T10:05:00+08:00
2025-09-02T10:00:00+08:00,TAIPEI_MAIN,158,136,122,2025-09-02T10:05:00+08:00
2025-09-02T10:00:00+08:00,XIMENDING,159,96,79,2025-09-02T10:05:00+08:00
2025-09-02T10:00:00+08:00,TAIPEI_101,158,86,65,2025-09-02T10:05:00+08:00
2025-09-02T11:00:00+08:00,TPE_AIRPORT,127,55,45,2025-09-02T11:05:00+08:00
2025-09-02T11:00:00+08:00,TAIPEI_MAIN,136,116,85,2025-09-02T11:05:00+08:00
2025-09-02T11:00:00+08:00,XIMENDING,163,155,121,2025-09-02T11:05:00+08:00
2025-09-02T11:00:00+08:00,TAIPEI_101,174,110,86,2025-09-02T11:05:00+08:00
2025-09-02T12:00:00+08:00,TPE_AIRPORT,92,104,84,2025-09-02T12:05:00+08:00
2025-09-02T12:00:00+08:00,TAIPEI_MAIN,172,69,58,2025-09-02T12:05:00+08:00
2025-09-02T12:00:00+08:00,XIMENDING,173,136,101,2025-09-02T12:05:00+08:00
2025-09-02T12:00:00+08:00,TAIPEI_101,171,130,100,2025-09-02T12:05:00+08:00
2025-09-02T13:00:00+08:00,TPE_AIRPORT,101,62,47,2025-09-02T13:05:00+08:00
2025-09-02T13:00:00+08:00,TAIPEI_MAIN,160,92,69,2025-09-02T13:05:00+08:00
2025-09-02T13:00:00+08:00,XIMENDING,163,101,84,2025-09-02T13:05:00+08:00
2025-09-02T13:00:00+08:00,TAIPEI_101,165,128,111,2025-09-02T13:05:00+08:00
2025-09-02T14:00:00+08:00,TPE_AIRPORT,124,123,99,2025-09-02T14:05:00+08:00
2025-09-02T14:00:00+08:00,TAIPEI_MAIN,185,91,79,2025-09-02T14:05:00+08:00
2025-09-02T14:00:00+08:00,XIMENDING,167,142,105,2025-09-02T14:05:00+08:00
2025-09-02T14:00:00+08:00,TAIPEI_101,182,59,48,2025-09-02T14:05:00+08:00
2025-09-02T15:00:00+08:00,TPE_AIRPORT,133,84,64,2025-09-02T15:05:00+08:00
2025-09-02T15:00:00+08:00,TAIPEI_MAIN,176,112,97,2025-09-02T15:05:00+08:00
2025-09-02T15:00:00+08:00,XIMENDING,150,74,54,2025-09-02T15:05:00+08:00
2025-09-02T15:00:00+08:00,TAIPEI_101,186,113,89,2025-09-02T15:05:00+08:00
2025-09-02T16:00:00+08:00,TPE_AIRPORT,117,94,78,2025-09-02T16:05:00+08:00
2025-09-02T16:00:00+08:00,TAIPEI_MAIN,154,85,72,2025-09-02T16:05:00+08:00
2025-09-02T16:00:00+08:00,XIMENDING,169,131,100,2025-09-02T16:05:00+08:00
2025-09-02T16:00:00+08:00,TAIPEI_101,150,119,87,2025-09-02T16:05:00+08:00
2025-09-02T17:00:00+08:00,TPE_AIRPORT,89,31,24,2025-09-02T17:05:00+08:00
2025-09-02T17:00:00+08:00,TAIPEI_MAIN,192,101,85,2025-09-02T17:05:00+08:00
2025-09-02T17:00:00+08:00,XIMENDING,149,95,71,2025-09-02T17:05:00+08:00
2025-09-02T17:00:00+08:00,TAIPEI_101,166,92,75,2025-09-02T17:05:00+08:00
2025-09-02T18:00:00+08:00,TPE_AIRPORT,111,87,69,2025-09-02T18:05:00+08:00
2025-09-02T18:00:00+08:00,TAIPEI_MAIN,179,121,107,2025-09-02T18:05:00+08:00
2025-09-02T18:00:00+08:00,XIMENDING,181,128,114,2025-09-02T18:05:00+08:00
2025-09-02T18:00:00+08:00,TAIPEI_101,160,110,92,2025-09-02T18:05:00+08:00
2025-09-02T19:00:00+08:00,TPE_AIRPORT,83,92,69,2025-09-02T19:05:00+08:00
2025-09-02T19:00:00+08:00,TAIPEI_MAIN,186,125,103,2025-09-02T19:05:00+08:00
2025-09-02T19:00:00+08:00,XIMENDING,151,117,90,2025-09-02T19:05:00+08:00
2025-09-02T19:00:00+08:00,TAIPEI_101,152,106,84,2025-09-02T19:05:00+08:00
2025-09-02T20:00:00+08:00,TPE_AIRPORT,102,117,106,2025-09-02T20:05:00+08:00
2025-09-02T20:00:00+08:00,TAIPEI_MAIN,170,208,171,2025-09-02T20:05:00+08:00
2025-09-02T20:00:00+08:00,XIMENDING,141,198,152,2025-09-02T20:05:00+08:00
2025-09-02T20:00:00+08:00,TAIPEI_101,129,169,140,2025-09-02T20:05:00+08:00
2025-09-02T21:00:00+08:00,TPE_AIRPORT,88,140,106,2025-09-02T21:05:00+08:00
2025-09-02T21:00:00+08:00,TAIPEI_MAIN,143,157,122,2025-09-02T21:05:00+08:00
2025-09-02T21:00:00+08:00,XIMENDING,142,217,168,2025-09-02T21:05:00+08:00
2025-09-02T21:00:00+08:00,TAIPEI_101,123,188,169,2025-09-02T21:05:00+08:00
2025-09-02T22:00:00+08:00,TPE_AIRPORT,93,109,82,2025-09-02T22:05:00+08:00
2025-09-02T22:00:00+08:00,TAIPEI_MAIN,136,174,149,2025-09-02T22:05:00+08:00
2025-09-02T22:00:00+08:00,XIMENDING,109,183,143,2025-09-02T22:05:00+08:00
2025-09-02T22:00:00+08:00,TAIPEI_101,139,201,150,2025-09-02T22:05:00+08:00
2025-09-02T23:00:00+08:00,TPE_AIRPORT,106,103,84,2025-09-02T23:05:00+08:00
2025-09-02T23:00:00+08:00,TAIPEI_MAIN,129,198,157,2025-09-02T23:05:00+08:00
2025-09-02T23:00:00+08:00,XIMENDING,147,200,149,2025-09-02T23:05:00+08:00
2025-09-02T23:00:00+08:00,TAIPEI_101,118,180,154,2025-09-02T23:05:00+08:00
2025-09-03T00:00:00+08:00,TPE_AIRPORT,150,86,74,2025-09-03T00:05:00+08:00
2025-09-03T00:00:00+08:00,TAIPEI_MAIN,171,136,103,2025-09-03T00:05:00+08:00
2025-09-03T00:00:00+08:00,XIMENDING,161,78,68,2025-09-03T00:05:00+08:00
2025-09-03T00:00:00+08:00,TAIPEI_101,164,149,115,2025-09-03T00:05:00+08:00
2025-09-03T01:00:00+08:00,TPE_AIRPORT,100,86,62,2025-09-03T01:05:00+08:00
2025-09-03T01:00:00+08:00,TAIPEI_MAIN,134,50,36,2025-09-03T01:05:00+08:00
2025-09-03T01:00:00+08:00,XIMENDING,163,139,121,2025-09-03T01:05:00+08:00
2025-09-03T01:00:00+08:00,TAIPEI_101,188,96,79,2025-09-03T01:05:00+08:00
2025-09-03T02:00:00+08:00,TPE_AIRPORT,110,97,85,2025-09-03T02:05:00+08:00
2025-09-03T02:00:00+08:00,TAIPEI_MAIN,183,116,102,2025-09-03T02:05:00+08:00
2025-09-03T02:00:00+08:00,XIMENDING,162,129,105,2025-09-03T02:05:00+08:00
2025-09-03T02:00:00+08:00,TAIPEI_101,147,126,97,2025-09-03T02:05:00+08:00
2025-09-03T03:00:00+08:00,TPE_AIRPORT,112,103,86,2025-09-03T03:05:00+08:00
2025-09-03T03:00:00+08:00,TAIPEI_MAIN,174,144,124,2025-09-03T03:05:00+08:00
2025-09-03T03:00:00+08:00,XIMENDING,162,93,74,2025-09-03T03:05:00+08:00
2025-09-03T03:00:00+08:00,TAIPEI_101,138,123,111,2025-09-03T03:05:00+08:00
2025-09-03T04:00:00+08:00,TPE_AIRPORT,96,60,47,2025-09-03T04:05:00+08:00
2025-09-03T04:00:00+08:00,TAIPEI_MAIN,172,126,110,2025-09-03T04:05:00+08:00
2025-09-03T04:00:00+08:00,XIMENDING,162,81,62,2025-09-03T04:05:00+08:00
2025-09-03T04:00:00+08:00,TAIPEI_101,174,118,88,2025-09-03T04:05:00+08:00
2025-09-03T05:00:00+08:00,TPE_AIRPORT,119,108,81,2025-09-03T05:05:00+08:00
2025-09-03T05:00:00+08:00,TAIPEI_MAIN,130,151,136,2025-09-03T05:05:00+08:00
2025-09-03T05:00:00+08:00,XIMENDING,124,184,137,2025-09-03T05:05:00+08:00
2025-09-03T05:00:00+08:00,TAIPEI_101,163,171,141,2025-09-03T05:05:00+08:00
2025-09-03T06:00:00+08:00,TPE_AIRPORT,111,156,128,2025-09-03T06:05:00+08:00
2025-09-03T06:00:00+08:00,TAIPEI_MAIN,101,163,126,2025-09-03T06:05:00+08:00
2025-09-03T06:00:00+08:00,XIMENDING,157,160,124,2025-09-03T06:05:00+08:00
2025-09-03T06:00:00+08:00,TAIPEI_101,142,163,144,2025-09-03T06:05:00+08:00
2025-09-03T07:00:00+08:00,TPE_AIRPORT,86,123,91,2025-09-03T07:05:00+08:00
2025-09-03T07:00:00+08:00,TAIPEI_MAIN,148,234,208,2025-09-03T07:05:00+08:00
2025-09-03T07:00:00+08:00,XIMENDING,122,210,173,2025-09-03T07:05:00+08:00
2025-09-03T07:00:00+08:00,TAIPEI_101,167,207,151,2025-09-03T07:05:00+08:00
2025-09-03T08:00:00+08:00,TPE_AIRPORT,68,174,136,2025-09-03T08:05:00+08:00
2025-09-03T08:00:00+08:00,TAIPEI_MAIN,99,176,139,2025-09-03T08:05:00+08:00
2025-09-03T08:00:00+08:00,XIMENDING,147,179,130,2025-09-03T08:05:00+08:00
2025-09-03T08:00:00+08:00,TAIPEI_101,131,174,127,2025-09-03T08:05:00+08:00
2025-09-03T09:00:00+08:00,TPE_AIRPORT,118,56,45,2025-09-03T09:05:00+08:00
2025-09-03T09:00:00+08:00,TAIPEI_MAIN,139,121,97,2025-09-03T09:05:00+08:00
2025-09-03T09:00:00+08:00,XIMENDING,169,127,115,2025-09-03T09:05:00+08:00
2025-09-03T09:00:00+08:00,TAIPEI_101,170,105,77,2025-09-03T09:05:00+08:00
2025-09-03T10:00:00+08:00,TPE_AIRPORT,95,94,78,2025-09-03T10:05:00+08:00
2025-09-03T10:00:00+08:00,TAIPEI_MAIN,141,135,104,2025-09-03T10:05:00+08:00
2025-09-03T10:00:00+08:00,XIMENDING,146,82,59,2025-09-03T10:05:00+08:00
2025-09-03T10:00:00+08:00,TAIPEI_101,182,123,99,2025-09-03T10:05:00+08:00
2025-09-03T11:00:00+08:00,TPE_AIRPORT,114,92,70,2025-09-03T11:05:00+08:00
2025-09-03T11:00:00+08:00,TAIPEI_MAIN,143,98,73,2025-09-03T11:05:00+08:00
2025-09-03T11:00:00+08:00,XIMENDING,136,129,103,2025-09-03T11:05:00+08:00
2025-09-03T11:00:00+08:00,TAIPEI_101,152,104,88,2025-09-03T11:05:00+08:00
2025-09-03T12:00:00+08:00,TPE_AIRPORT,94,73,59,2025-09-03T12:05:00+08:00
2025-09-03T12:00:00+08:00,TAIPEI_MAIN,154,70,56,2025-09-03T12:05:00+08:00
2025-09-03T12:00:00+08:00,XIMENDING,143,146,115,2025-09-03T12:05:00+08:00
2025-09-03T12:00:00+08:00,TAIPEI_101,146,135,114,2025-09-03T12:05:00+08:00
2025-09-03T13:00:00+08:00,TPE_AIRPORT,110,116,94,2025-09-03T13:05:00+08:00
2025-09-03T13:00:00+08:00,TAIPEI_MAIN,141,106,76,2025-09-03T13:05:00+08:00
2025-09-03T13:00:00+08:00,XIMENDING,163,96,71,2025-09-03T13:05:00+08:00
2025-09-03T13:00:00+08:00,TAIPEI_101,163,109,81,2025-09-03T13:05:00+08:00
2025-09-03T14:00:00+08:00,TPE_AIRPORT,145,108,78,2025-09-03T14:05:00+08:00
2025-09-03T14:00:00+08:00,TAIPEI_MAIN,175,118,94,2025-09-03T14:05:00+08:00
2025-09-03T14:00:00+08:00,XIMENDING,170,87,64,2025-09-03T14:05:00+08:00
2025-09-03T14:00:00+08:00,TAIPEI_101,164,137,104,2025-09-03T14:05:00+08:00
2025-09-03T15:00:00+08:00,TPE_AIRPORT,100,90,81,2025-09-03T15:05:00+08:00
2025-09-03T15:00:00+08:00,TAIPEI_MAIN,164,139,115,2025-09-03T15:05:00+08:00
2025-09-03T15:00:00+08:00,XIMENDING,180,89,71,2025-09-03T15:05:00+08:00
2025-09-03T15:00:00+08:00,TAIPEI_101,182,128,104,2025-09-03T15:05:00+08:00
2025-09-03T16:00:00+08:00,TPE_AIRPORT,101,117,100,2025-09-03T16:05:00+08:00
2025-09-03T16:00:00+08:00,TAIPEI_MAIN,144,124,99,2025-09-03T16:05:00+08:00
2025-09-03T16:00:00+08:00,XIMENDING,155,57,48,2025-09-03T16:05:00+08:00
2025-09-03T16:00:00+08:00,TAIPEI_101,155,91,78,2025-09-03T16:05:00+08:00
2025-09-03T17:00:00+08:00,TPE_AIRPORT,92,85,71,2025-09-03T17:05:00+08:00
2025-09-03T17:00:00+08:00,TAIPEI_MAIN,163,95,70,2025-09-03T17:05:00+08:00
2025-09-03T17:00:00+08:00,XIMENDING,187,122,106,2025-09-03T17:05:00+08:00
2025-09-03T17:00:00+08:00,TAIPEI_101,165,118,95,2025-09-03T17:05:00+08:00
2025-09-03T18:00:00+08:00,TPE_AIRPORT,118,124,93,2025-09-03T18:05:00+08:00
2025-09-03T18:00:00+08:00,TAIPEI_MAIN,182,99,82,2025-09-03T18:05:00+08:00
2025-09-03T18:00:00+08:00,XIMENDING,168,143,119,2025-09-03T18:05:00+08:00
2025-09-03T18:00:00+08:00,TAIPEI_101,168,120,106,2025-09-03T18:05:00+08:00
2025-09-03T19:00:00+08:00,TPE_AIRPORT,106,65,49,2025-09-03T19:05:00+08:00
2025-09-03T19:00:00+08:00,TAIPEI_MAIN,178,98,82,2025-09-03T19:05:00+08:00
2025-09-03T19:00:00+08:00,XIMENDING,146,126,109,2025-09-03T19:05:00+08:00
2025-09-03T19:00:00+08:00,TAIPEI_101,129,147,110,2025-09-03T19:05:00+08:00
2025-09-03T20:00:00+08:00,TPE_AIRPORT,82,136,117,2025-09-03T20:05:00+08:00
2025-09-03T20:00:00+08:00,TAIPEI_MAIN,116,167,146,2025-09-03T20:05:00+08:00
2025-09-03T20:00:00+08:00,XIMENDING,114,222,200,2025-09-03T20:05:00+08:00
2025-09-03T20:00:00+08:00,TAIPEI_101,166,162,118,2025-09-03T20:05:00+08:00
2025-09-03T21:00:00+08:00,TPE_AIRPORT,36,123,105,2025-09-03T21:05:00+08:00
2025-09-03T21:00:00+08:00,TAIPEI_MAIN,116,186,156,2025-09-03T21:05:00+08:00
2025-09-03T21:00:00+08:00,XIMENDING,127,177,150,2025-09-03T21:05:00+08:00
2025-09-03T21:00:00+08:00,TAIPEI_101,160,206,149,2025-09-03T21:05:00+08:00
2025-09-03T22:00:00+08:00,TPE_AIRPORT,63,114,97,2025-09-03T22:05:00+08:00
2025-09-03T22:00:00+08:00,TAIPEI_MAIN,154,182,161,2025-09-03T22:05:00+08:00
2025-09-03T22:00:00+08:00,XIMENDING,108,173,137,2025-09-03T22:05:00+08:00
2025-09-03T22:00:00+08:00,TAIPEI_101,115,172,141,2025-09-03T22:05:00+08:00
2025-09-03T23:00:00+08:00,TPE_AIRPORT,87,127,113,2025-09-03T23:05:00+08:00
2025-09-03T23:00:00+08:00,TAIPEI_MAIN,135,190,150,2025-09-03T23:05:00+08:00
2025-09-03T23:00:00+08:00,XIMENDING,136,164,119,2025-09-03T23:05:00+08:00
2025-09-03T23:00:00+08:00,TAIPEI_101,199,208,177,2025-09-03T23:05:00+08:00
2025-09-04T00:00:00+08:00,TPE_AIRPORT,75,105,84,2025-09-04T00:05:00+08:00
2025-09-04T00:00:00+08:00,TAIPEI_MAIN,163,120,91,2025-09-04T00:05:00+08:00
2025-09-04T00:00:00+08:00,XIMENDING,169,95,73,2025-09-04T00:05:00+08:00
2025-09-04T00:00:00+08:00,TAIPEI_101,184,153,111,2025-09-04T00:05:00+08:00
2025-09-04T01:00:00+08:00,TPE_AIRPORT,117,74,65,2025-09-04T01:05:00+08:00
2025-09-04T01:00:00+08:00,TAIPEI_MAIN,164,86,75,2025-09-04T01:05:00+08:00
2025-09-04T01:00:00+08:00,XIMENDING,155,123,100,2025-09-04T01:05:00+08:00
2025-09-04T01:00:00+08:00,TAIPEI_101,144,129,113,2025-09-04T01:05:00+08:00
2025-09-04T02:00:00+08:00,TPE_AIRPORT,88,111,86,2025-09-04T02:05:00+08:00
2025-09-04T02:00:00+08:00,TAIPEI_MAIN,165,84,60,2025-09-04T02:05:00+08:00
2025-09-04T02:00:00+08:00,XIMENDING,135,129,101,2025-09-04T02:05:00+08:00
2025-09-04T02:00:00+08:00,TAIPEI_101,171,142,102,2025-09-04T02:05:00+08:00
2025-09-04T03:00:00+08:00,TPE_AIRPORT,141,104,84,2025-09-04T03:05:00+08:00
2025-09-04T03:00:00+08:00,TAIPEI_MAIN,164,122,92,2025-09-04T03:05:00+08:00
2025-09-04T03:00:00+08:00,XIMENDING,162,96,72,2025-09-04T03:05:00+08:00
2025-09-04T03:00:00+08:00,TAIPEI_101,158,90,76,2025-09-04T03:05:00+08:00
2025-09-04T04:00:00+08:00,TPE_AIRPORT,118,99,88,2025-09-04T04:05:00+08:00
2025-09-04T04:00:00+08:00,TAIPEI_MAIN,174,84,63,2025-09-04T04:05:00+08:00
2025-09-04T04:00:00+08:00,XIMENDING,160,124,89,2025-09-04T04:05:00+08:00
2025-09-04T04:00:00+08:00,TAIPEI_101,158,117,85,2025-09-04T04:05:00+08:00
2025-09-04T05:00:00+08:00,TPE_AIRPORT,62,128,105,2025-09-04T05:05:00+08:00
2025-09-04T05:00:00+08:00,TAIPEI_MAIN,113,198,168,2025-09-04T05:05:00+08:00
2025-09-04T05:00:00+08:00,XIMENDING,163,191,157,2025-09-04T05:05:00+08:00
2025-09-04T05:00:00+08:00,TAIPEI_101,151,143,110,2025-09-04T05:05:00+08:00
2025-09-04T06:00:00+08:00,TPE_AIRPORT,105,151,131,2025-09-04T06:05:00+08:00
2025-09-04T06:00:00+08:00,TAIPEI_MAIN,124,196,150,2025-09-04T06:05:00+08:00
2025-09-04T06:00:00+08:00,XIMENDING,141,186,137,2025-09-04T06:05:00+08:00
2025-09-04T06:00:00+08:00,TAIPEI_101,142,219,192,2025-09-04T06:05:00+08:00
2025-09-04T07:00:00+08:00,TPE_AIRPORT,78,113,94,2025-09-04T07:05:00+08:00
2025-09-04T07:00:00+08:00,TAIPEI_MAIN,140,225,193,2025-09-04T07:05:00+08:00
2025-09-04T07:00:00+08:00,XIMENDING,128,187,149,2025-09-04T07:05:00+08:00
2025-09-04T07:00:00+08:00,TAIPEI_101,123,166,149,2025-09-04T07:05:00+08:00
2025-09-04T08:00:00+08:00,TPE_AIRPORT,110,110,95,2025-09-04T08:05:00+08:00
2025-09-04T08:00:00+08:00,TAIPEI_MAIN,152,200,153,2025-09-04T08:05:00+08:00
2025-09-04T08:00:00+08:00,XIMENDING,144,217,178,2025-09-04T08:05:00+08:00
2025-09-04T08:00:00+08:00,TAIPEI_101,137,162,142,2025-09-04T08:05:00+08:00
2025-09-04T09:00:00+08:00,TPE_AIRPORT,88,71,53,2025-09-04T09:05:00+08:00
2025-09-04T09:00:00+08:00,TAIPEI_MAIN,162,133,118,2025-09-04T09:05:00+08:00
2025-09-04T09:00:00+08:00,XIMENDING,150,128,105,2025-09-04T09:05:00+08:00
2025-09-04T09:00:00+08:00,TAIPEI_101,153,123,101,2025-09-04T09:05:00+08:00
2025-09-04T10:00:00+08:00,TPE_AIRPORT,79,108,83,2025-09-04T10:05:00+08:00
2025-09-04T10:00:00+08:00,TAIPEI_MAIN,150,153,136,2025-09-04T10:05:00+08:00
2025-09-04T10:00:00+08:00,XIMENDING,134,88,70,2025-09-04T10:05:00+08:00
2025-09-04T10:00:00+08:00,TAIPEI_101,191,115,100,2025-09-04T10:05:00+08:00
2025-09-04T11:00:00+08:00,TPE_AIRPORT,104,62,46,2025-09-04T11:05:00+08:00
2025-09-04T11:00:00+08:00,TAIPEI_MAIN,159,103,78,2025-09-04T11:05:00+08:00
2025-09-04T11:00:00+08:00,XIMENDING,133,125,104,2025-09-04T11:05:00+08:00
2025-09-04T11:00:00+08:00,TAIPEI_101,141,144,120,2025-09-04T11:05:00+08:00
2025-09-04T12:00:00+08:00,TPE_AIRPORT,103,94,74,2025-09-04T12:05:00+08:00
2025-09-04T12:00:00+08:00,TAIPEI_MAIN,177,99,85,2025-09-04T12:05:00+08:00
2025-09-04T12:00:00+08:00,XIMENDING,196,118,92,2025-09-04T12:05:00+08:00
2025-09-04T12:00:00+08:00,TAIPEI_101,160,134,119,2025-09-04T12:05:00+08:00
2025-09-04T13:00:00+08:00,TPE_AIRPORT,113,76,68,2025-09-04T13:05:00+08:00
2025-09-04T13:00:00+08:00,TAIPEI_MAIN,177,112,80,2025-09-04T13:05:00+08:00
2025-09-04T13:00:00+08:00,XIMENDING,154,129,92,2025-09-04T13:05:00+08:00
2025-09-04T13:00:00+08:00,TAIPEI_101,160,115,98,2025-09-04T13:05:00+08:00
2025-09-04T14:00:00+08:00,TPE_AIRPORT,97,62,56,2025-09-04T14:05:00+08:00
2025-09-04T14:00:00+08:00,TAIPEI_MAIN,193,153,134,2025-09-04T14:05:00+08:00
2025-09-04T14:00:00+08:00,XIMENDING,144,126,92,2025-09-04T14:05:00+08:00
2025-09-04T14:00:00+08:00,TAIPEI_101,172,112,99,2025-09-04T14:05:00+08:00
2025-09-04T15:00:00+08:00,TPE_AIRPORT,96,48,34,2025-09-04T15:05:00+08:00
2025-09-04T15:00:00+08:00,TAIPEI_MAIN,157,141,113,2025-09-04T15:05:00+08:00
2025-09-04T15:00:00+08:00,XIMENDING,170,134,97,2025-09-04T15:05:00+08:00
2025-09-04T15:00:00+08:00,TAIPEI_101,146,130,101,2025-09-04T15:05:00+08:00
2025-09-04T16:00:00+08:00,TPE_AIRPORT,112,76,56,2025-09-04T16:05:00+08:00
2025-09-04T16:00:00+08:00,TAIPEI_MAIN,172,104,86,2025-09-04T16:05:00+08:00
2025-09-04T16:00:00+08:00,XIMENDING,166,84,68,2025-09-04T16:05:00+08:00
2025-09-04T16:00:00+08:00,TAIPEI_101,176,133,103,2025-09-04T16:05:00+08:00
2025-09-04T17:00:00+08:00,TPE_AIRPORT,105,68,59,2025-09-04T17:05:00+08:00
2025-09-04T17:00:00+08:00,TAIPEI_MAIN,159,138,111,2025-09-04T17:05:00+08:00
2025-09-04T17:00:00+08:00,XIMENDING,163,93,74,2025-09-04T17:05:00+08:00
2025-09-04T17:00:00+08:00,TAIPEI_101,138,103,75,2025-09-04T17:05:00+08:00
2025-09-04T18:00:00+08:00,TPE_AIRPORT,130,86,69,2025-09-04T18:05:00+08:00
2025-09-04T18:00:00+08:00,TAIPEI_MAIN,168,98,80,2025-09-04T18:05:00+08:00
2025-09-04T18:00:00+08:00,XIMENDING,137,131,94,2025-09-04T18:05:00+08:00
2025-09-04T18:00:00+08:00,TAIPEI_101,124,130,110,2025-09-04T18:05:00+08:00
2025-09-04T19:00:00+08:00,TPE_AIRPORT,131,68,52,2025-09-04T19:05:00+08:00
2025-09-04T19:00:00+08:00,TAIPEI_MAIN,147,114,99,2025-09-04T19:05:00+08:00
2025-09-04T19:00:00+08:00,XIMENDING,151,118,85,2025-09-04T19:05:00+08:00
2025-09-04T19:00:00+08:00,TAIPEI_101,152,104,78,2025-09-04T19:05:00+08:00
2025-09-04T20:00:00+08:00,TPE_AIRPORT,88,128,106,2025-09-04T20:05:00+08:00
2025-09-04T20:00:00+08:00,TAIPEI_MAIN,126,168,147,2025-09-04T20:05:00+08:00
2025-09-04T20:00:00+08:00,XIMENDING,110,164,141,2025-09-04T20:05:00+08:00
2025-09-04T20:00:00+08:00,TAIPEI_101,139,159,129,2025-09-04T20:05:00+08:00
2025-09-04T21:00:00+08:00,TPE_AIRPORT,63,129,103,2025-09-04T21:05:00+08:00
2025-09-04T21:00:00+08:00,TAIPEI_MAIN,159,215,165,2025-09-04T21:05:00+08:00
2025-09-04T21:00:00+08:00,XIMENDING,158,213,191,2025-09-04T21:05:00+08:00
2025-09-04T21:00:00+08:00,TAIPEI_101,125,183,149,2025-09-04T21:05:00+08:00
2025-09-04T22:00:00+08:00,TPE_AIRPORT,71,118,91,2025-09-04T22:05:00+08:00
2025-09-04T22:00:00+08:00,TAIPEI_MAIN,163,169,127,2025-09-04T22:05:00+08:00
2025-09-04T22:00:00+08:00,XIMENDING,116,157,127,2025-09-04T22:05:00+08:00
2025-09-04T22:00:00+08:00,TAIPEI_101,138,140,113,2025-09-04T22:05:00+08:00
2025-09-04T23:00:00+08:00,TPE_AIRPORT,85,114,97,2025-09-04T23:05:00+08:00
2025-09-04T23:00:00+08:00,TAIPEI_MAIN,157,188,151,2025-09-04T23:05:00+08:00
2025-09-04T23:00:00+08:00,XIMENDING,142,192,172,2025-09-04T23:05:00+08:00
2025-09-04T23:00:00+08:00,TAIPEI_101,90,207,156,2025-09-04T23:05:00+08:00
2025-09-05T00:00:00+08:00,TPE_AIRPORT,132,29,22,2025-09-05T00:05:00+08:00
2025-09-05T00:00:00+08:00,TAIPEI_MAIN,186,82,73,2025-09-05T00:05:00+08:00
2025-09-05T00:00:00+08:00,XIMENDING,161,91,82,2025-09-05T00:05:00+08:00
2025-09-05T00:00:00+08:00,TAIPEI_101,137,104,84,2025-09-05T00:05:00+08:00
2025-09-05T01:00:00+08:00,TPE_AIRPORT,114,79,66,2025-09-05T01:05:00+08:00
2025-09-05T01:00:00+08:00,TAIPEI_MAIN,162,127,104,2025-09-05T01:05:00+08:00
2025-09-05T01:00:00+08:00,XIMENDING,138,111,83,2025-09-05T01:05:00+08:00
2025-09-05T01:00:00+08:00,TAIPEI_101,179,97,75,2025-09-05T01:05:00+08:00
2025-09-05T02:00:00+08:00,TPE_AIRPORT,124,103,83,2025-09-05T02:05:00+08:00
2025-09-05T02:00:00+08:00,TAIPEI_MAIN,173,135,117,2025-09-05T02:05:00+08:00
2025-09-05T02:00:00+08:00,XIMENDING,190,117,97,2025-09-05T02:05:00+08:00
2025-09-05T02:00:00+08:00,TAIPEI_101,153,85,66,2025-09-05T02:05:00+08:00
2025-09-05T03:00:00+08:00,TPE_AIRPORT,145,68,59,2025-09-05T03:05:00+08:00
2025-09-05T03:00:00+08:00,TAIPEI_MAIN,156,94,72,2025-09-05T03:05:00+08:00
2025-09-05T03:00:00+08:00,XIMENDING,140,89,65,2025-09-05T03:05:00+08:00
2025-09-05T03:00:00+08:00,TAIPEI_101,124,113,88,2025-09-05T03:05:00+08:00
2025-09-05T04:00:00+08:00,TPE_AIRPORT,118,64,55,2025-09-05T04:05:00+08:00
2025-09-05T04:00:00+08:00,TAIPEI_MAIN,163,116,96,2025-09-05T04:05:00+08:00
2025-09-05T04:00:00+08:00,XIMENDING,151,100,84,2025-09-05T04:05:00+08:00
2025-09-05T04:00:00+08:00,TAIPEI_101,158,85,64,2025-09-05T04:05:00+08:00
2025-09-05T05:00:00+08:00,TPE_AIRPORT,93,107,83,2025-09-05T05:05:00+08:00
2025-09-05T05:00:00+08:00,TAIPEI_MAIN,122,191,148,2025-09-05T05:05:00+08:00
2025-09-05T05:00:00+08:00,XIMENDING,112,175,158,2025-09-05T05:05:00+08:00
2025-09-05T05:00:00+08:00,TAIPEI_101,131,214,158,2025-09-05T05:05:00+08:00
2025-09-05T06:00:00+08:00,TPE_AIRPORT,72,144,117,2025-09-05T06:05:00+08:00
2025-09-05T06:00:00+08:00,TAIPEI_MAIN,159,192,160,2025-09-05T06:05:00+08:00
2025-09-05T06:00:00+08:00,XIMENDING,158,161,120,2025-09-05T06:05:00+08:00
2025-09-05T06:00:00+08:00,TAIPEI_101,132,168,151,2025-09-05T06:05:00+08:00
2025-09-05T07:00:00+08:00,TPE_AIRPORT,74,113,90,2025-09-05T07:05:00+08:00
2025-09-05T07:00:00+08:00,TAIPEI_MAIN,124,212,164,2025-09-05T07:05:00+08:00
2025-09-05T07:00:00+08:00,XIMENDING,124,224,164,2025-09-05T07:05:00+08:00
2025-09-05T07:00:00+08:00,TAIPEI_101,132,204,180,2025-09-05T07:05:00+08:00
2025-09-05T08:00:00+08:00,TPE_AIRPORT,78,107,94,2025-09-05T08:05:00+08:00
2025-09-05T08:00:00+08:00,TAIPEI_MAIN,130,184,134,2025-09-05T08:05:00+08:00
2025-09-05T08:00:00+08:00,XIMENDING,122,167,122,2025-09-05T08:05:00+08:00
2025-09-05T08:00:00+08:00,TAIPEI_101,109,176,140,2025-09-05T08:05:00+08:00
2025-09-05T09:00:00+08:00,TPE_AIRPORT,112,91,70,2025-09-05T09:05:00+08:00
2025-09-05T09:00:00+08:00,TAIPEI_MAIN,168,117,98,2025-09-05T09:05:00+08:00
2025-09-05T09:00:00+08:00,XIMENDING,174,106,77,2025-09-05T09:05:00+08:00
2025-09-05T09:00:00+08:00,TAIPEI_101,137,142,113,2025-09-05T09:05:00+08:00
2025-09-05T10:00:00+08:00,TPE_AIRPORT,101,102,84,2025-09-05T10:05:00+08:00
2025-09-05T10:00:00+08:00,TAIPEI_MAIN,157,86,67,2025-09-05T10:05:00+08:00
2025-09-05T10:00:00+08:00,XIMENDING,157,105,79,2025-09-05T10:05:00+08:00
2025-09-05T10:00:00+08:00,TAIPEI_101,167,94,79,2025-09-05T10:05:00+08:00
2025-09-05T11:00:00+08:00,TPE_AIRPORT,83,73,55,2025-09-05T11:05:00+08:00
2025-09-05T11:00:00+08:00,TAIPEI_MAIN,154,121,107,2025-09-05T11:05:00+08:00
2025-09-05T11:00:00+08:00,XIMENDING,162,128,113,2025-09-05T11:05:00+08:00
2025-09-05T11:00:00+08:00,TAIPEI_101,154,166,139,2025-09-05T11:05:00+08:00
2025-09-05T12:00:00+08:00,TPE_AIRPORT,67,61,53,2025-09-05T12:05:00+08:00
2025-09-05T12:00:00+08:00,TAIPEI_MAIN,142,81,62,2025-09-05T12:05:00+08:00
2025-09-05T12:00:00+08:00,XIMENDING,185,97,82,2025-09-05T12:05:00+08:00
2025-09-05T12:00:00+08:00,TAIPEI_101,130,113,87,2025-09-05T12:05:00+08:00
2025-09-05T13:00:00+08:00,TPE_AIRPORT,109,48,43,2025-09-05T13:05:00+08:00
2025-09-05T13:00:00+08:00,TAIPEI_MAIN,159,94,70,2025-09-05T13:05:00+08:00
2025-09-05T13:00:00+08:00,XIMENDING,159,121,94,2025-09-05T13:05:00+08:00
2025-09-05T13:00:00+08:00,TAIPEI_101,147,109,80,2025-09-05T13:05:00+08:00
2025-09-05T14:00:00+08:00,TPE_AIRPORT,111,15,12,2025-09-05T14:05:00+08:00
2025-09-05T14:00:00+08:00,TAIPEI_MAIN,173,103,90,2025-09-05T14:05:00+08:00
2025-09-05T14:00:00+08:00,XIMENDING,149,101,73,2025-09-05T14:05:00+08:00
2025-09-05T14:00:00+08:00,TAIPEI_101,154,70,50,2025-09-05T14:05:00+08:00
2025-09-05T15:00:00+08:00,TPE_AIRPORT,97,63,49,2025-09-05T15:05:00+08:00
2025-09-05T15:00:00+08:00,TAIPEI_MAIN,149,83,66,2025-09-05T15:05:00+08:00
2025-09-05T15:00:00+08:00,XIMENDING,152,67,48,2025-09-05T15:05:00+08:00
2025-09-05T15:00:00+08:00,TAIPEI_101,143,106,78,2025-09-05T15:05:00+08:00
2025-09-05T16:00:00+08:00,TPE_AIRPORT,143,34,24,2025-09-05T16:05:00+08:00
2025-09-05T16:00:00+08:00,TAIPEI_MAIN,130,170,135,2025-09-05T16:05:00+08:00
2025-09-05T16:00:00+08:00,XIMENDING,147,132,113,2025-09-05T16:05:00+08:00
2025-09-05T16:00:00+08:00,TAIPEI_101,139,109,95,2025-09-05T16:05:00+08:00
2025-09-05T17:00:00+08:00,TPE_AIRPORT,102,98,78,2025-09-05T17:05:00+08:00
2025-09-05T17:00:00+08:00,TAIPEI_MAIN,169,124,110,2025-09-05T17:05:00+08:00
2025-09-05T17:00:00+08:00,XIMENDING,145,134,111,2025-09-05T17:05:00+08:00
2025-09-05T17:00:00+08:00,TAIPEI_101,171,118,91,2025-09-05T17:05:00+08:00
2025-09-05T18:00:00+08:00,TPE_AIRPORT,125,98,73,2025-09-05T18:05:00+08:00
2025-09-05T18:00:00+08:00,TAIPEI_MAIN,182,89,71,2025-09-05T18:05:00+08:00
2025-09-05T18:00:00+08:00,XIMENDING,174,102,78,2025-09-05T18:05:00+08:00
2025-09-05T18:00:00+08:00,TAIPEI_101,150,99,76,2025-09-05T18:05:00+08:00
2025-09-05T19:00:00+08:00,TPE_AIRPORT,125,96,77,2025-09-05T19:05:00+08:00
2025-09-05T19:00:00+08:00,TAIPEI_MAIN,169,69,57,2025-09-05T19:05:00+08:00
2025-09-05T19:00:00+08:00,XIMENDING,176,117,94,2025-09-05T19:05:00+08:00
2025-09-05T19:00:00+08:00,TAIPEI_101,157,134,103,2025-09-05T19:05:00+08:00
2025-09-05T20:00:00+08:00,TPE_AIRPORT,102,150,110,2025-09-05T20:05:00+08:00
2025-09-05T20:00:00+08:00,TAIPEI_MAIN,111,209,188,2025-09-05T20:05:00+08:00
2025-09-05T20:00:00+08:00,XIMENDING,129,111,81,2025-09-05T20:05:00+08:00
2025-09-05T20:00:00+08:00,TAIPEI_101,111,165,148,2025-09-05T20:05:00+08:00
2025-09-05T21:00:00+08:00,TPE_AIRPORT,64,136,104,2025-09-05T21:05:00+08:00
2025-09-05T21:00:00+08:00,TAIPEI_MAIN,152,161,141,2025-09-05T21:05:00+08:00
2025-09-05T21:00:00+08:00,XIMENDING,130,209,151,2025-09-05T21:05:00+08:00
2025-09-05T21:00:00+08:00,TAIPEI_101,119,188,141,2025-09-05T21:05:00+08:00
2025-09-05T22:00:00+08:00,TPE_AIRPORT,50,140,105,2025-09-05T22:05:00+08:00
2025-09-05T22:00:00+08:00,TAIPEI_MAIN,171,185,146,2025-09-05T22:05:00+08:00
2025-09-05T22:00:00+08:00,XIMENDING,139,169,125,2025-09-05T22:05:00+08:00
2025-09-05T22:00:00+08:00,TAIPEI_101,112,175,145,2025-09-05T22:05:00+08:00
2025-09-05T23:00:00+08:00,TPE_AIRPORT,112,101,81,2025-09-05T23:05:00+08:00
2025-09-05T23:00:00+08:00,TAIPEI_MAIN,139,165,146,2025-09-05T23:05:00+08:00
2025-09-05T23:00:00+08:00,XIMENDING,118,175,148,2025-09-05T23:05:00+08:00
2025-09-05T23:00:00+08:00,TAIPEI_101,114,145,107,2025-09-05T23:05:00+08:00
2025-09-06T00:00:00+08:00,TPE_AIRPORT,122,42,33,2025-09-06T00:05:00+08:00
2025-09-06T00:00:00+08:00,TAIPEI_MAIN,163,127,110,2025-09-06T00:05:00+08:00
2025-09-06T00:00:00+08:00,XIMENDING,157,85,69,2025-09-06T00:05:00+08:00
2025-09-06T00:00:00+08:00,TAIPEI_101,165,108,95,2025-09-06T00:05:00+08:00
2025-09-06T01:00:00+08:00,TPE_AIRPORT,104,47,40,2025-09-06T01:05:00+08:00
2025-09-06T01:00:00+08:00,TAIPEI_MAIN,141,99,73,2025-09-06T01:05:00+08:00
2025-09-06T01:00:00+08:00,XIMENDING,159,121,107,2025-09-06T01:05:00+08:00
2025-09-06T01:00:00+08:00,TAIPEI_101,177,150,123,2025-09-06T01:05:00+08:00
2025-09-06T02:00:00+08:00,TPE_AIRPORT,79,86,65,2025-09-06T02:05:00+08:00
2025-09-06T02:00:00+08:00,TAIPEI_MAIN,141,124,100,2025-09-06T02:05:00+08:00
2025-09-06T02:00:00+08:00,XIMENDING,139,136,119,2025-09-06T02:05:00+08:00
2025-09-06T02:00:00+08:00,TAIPEI_101,145,128,103,2025-09-06T02:05:00+08:00
2025-09-06T03:00:00+08:00,TPE_AIRPORT,129,76,62,2025-09-06T03:05:00+08:00
2025-09-06T03:00:00+08:00,TAIPEI_MAIN,166,74,55,2025-09-06T03:05:00+08:00
2025-09-06T03:00:00+08:00,XIMENDING,138,120,88,2025-09-06T03:05:00+08:00
2025-09-06T03:00:00+08:00,TAIPEI_101,140,87,75,2025-09-06T03:05:00+08:00
2025-09-06T04:00:00+08:00,TPE_AIRPORT,100,71,58,2025-09-06T04:05:00+08:00
2025-09-06T04:00:00+08:00,TAIPEI_MAIN,150,121,90,2025-09-06T04:05:00+08:00
2025-09-06T04:00:00+08:00,XIMENDING,190,81,60,2025-09-06T04:05:00+08:00
2025-09-06T04:00:00+08:00,TAIPEI_101,151,129,113,2025-09-06T04:05:00+08:00
2025-09-06T05:00:00+08:00,TPE_AIRPORT,109,94,84,2025-09-06T05:05:00+08:00
2025-09-06T05:00:00+08:00,TAIPEI_MAIN,153,166,120,2025-09-06T05:05:00+08:00
2025-09-06T05:00:00+08:00,XIMENDING,129,187,164,2025-09-06T05:05:00+08:00
2025-09-06T05:00:00+08:00,TAIPEI_101,107,182,131,2025-09-06T05:05:00+08:00
2025-09-06T06:00:00+08:00,TPE_AIRPORT,105,128,101,2025-09-06T06:05:00+08:00
2025-09-06T06:00:00+08:00,TAIPEI_MAIN,119,213,184,2025-09-06T06:05:00+08:00
2025-09-06T06:00:00+08:00,XIMENDING,155,198,162,2025-09-06T06:05:00+08:00
2025-09-06T06:00:00+08:00,TAIPEI_101,117,175,126,2025-09-06T06:05:00+08:00
2025-09-06T07:00:00+08:00,TPE_AIRPORT,117,157,133,2025-09-06T07:05:00+08:00
2025-09-06T07:00:00+08:00,TAIPEI_MAIN,136,199,179,2025-09-06T07:05:00+08:00
2025-09-06T07:00:00+08:00,XIMENDING,110,178,158,2025-09-06T07:05:00+08:00
2025-09-06T07:00:00+08:00,TAIPEI_101,134,202,171,2025-09-06T07:05:00+08:00
2025-09-06T08:00:00+08:00,TPE_AIRPORT,62,134,102,2025-09-06T08:05:00+08:00
2025-09-06T08:00:00+08:00,TAIPEI_MAIN,104,174,131,2025-09-06T08:05:00+08:00
2025-09-06T08:00:00+08:00,XIMENDING,140,143,128,2025-09-06T08:05:00+08:00
2025-09-06T08:00:00+08:00,TAIPEI_101,167,198,148,2025-09-06T08:05:00+08:00
2025-09-06T09:00:00+08:00,TPE_AIRPORT,117,55,45,2025-09-06T09:05:00+08:00
2025-09-06T09:00:00+08:00,TAIPEI_MAIN,146,128,105,2025-09-06T09:05:00+08:00
2025-09-06T09:00:00+08:00,XIMENDING,192,124,109,2025-09-06T09:05:00+08:00
2025-09-06T09:00:00+08:00,TAIPEI_101,105,132,96,2025-09-06T09:05:00+08:00
2025-09-06T10:00:00+08:00,TPE_AIRPORT,140,36,31,2025-09-06T10:05:00+08:00
2025-09-06T10:00:00+08:00,TAIPEI_MAIN,169,113,94,2025-09-06T10:05:00+08:00
2025-09-06T10:00:00+08:00,XIMENDING,131,83,62,2025-09-06T10:05:00+08:00
2025-09-06T10:00:00+08:00,TAIPEI_101,195,138,104,2025-09-06T10:05:00+08:00
2025-09-06T11:00:00+08:00,TPE_AIRPORT,122,80,68,2025-09-06T11:05:00+08:00
2025-09-06T11:00:00+08:00,TAIPEI_MAIN,182,108,91,2025-09-06T11:05:00+08:00
2025-09-06T11:00:00+08:00,XIMENDING,177,96,73,2025-09-06T11:05:00+08:00
2025-09-06T11:00:00+08:00,TAIPEI_101,146,113,98,2025-09-06T11:05:00+08:00
2025-09-06T12:00:00+08:00,TPE_AIRPORT,105,55,43,2025-09-06T12:05:00+08:00
2025-09-06T12:00:00+08:00,TAIPEI_MAIN,123,107,93,2025-09-06T12:05:00+08:00
2025-09-06T12:00:00+08:00,XIMENDING,152,94,77,2025-09-06T12:05:00+08:00
2025-09-06T12:00:00+08:00,TAIPEI_101,205,154,129,2025-09-06T12:05:00+08:00
2025-09-06T13:00:00+08:00,TPE_AIRPORT,126,89,79,2025-09-06T13:05:00+08:00
2025-09-06T13:00:00+08:00,TAIPEI_MAIN,163,135,114,2025-09-06T13:05:00+08:00
2025-09-06T13:00:00+08:00,XIMENDING,147,139,114,2025-09-06T13:05:00+08:00
2025-09-06T13:00:00+08:00,TAIPEI_101,178,76,57,2025-09-06T13:05:00+08:00
2025-09-06T14:00:00+08:00,TPE_AIRPORT,108,67,55,2025-09-06T14:05:00+08:00
2025-09-06T14:00:00+08:00,TAIPEI_MAIN,151,128,96,2025-09-06T14:05:00+08:00
2025-09-06T14:00:00+08:00,XIMENDING,182,143,126,2025-09-06T14:05:00+08:00
2025-09-06T14:00:00+08:00,TAIPEI_101,171,104,84,2025-09-06T14:05:00+08:00
2025-09-06T15:00:00+08:00,TPE_AIRPORT,80,94,84,2025-09-06T15:05:00+08:00
2025-09-06T15:00:00+08:00,TAIPEI_MAIN,155,135,103,2025-09-06T15:05:00+08:00
2025-09-06T15:00:00+08:00,XIMENDING,177,138,115,2025-09-06T15:05:00+08:00
2025-09-06T15:00:00+08:00,TAIPEI_101,169,87,72,2025-09-06T15:05:00+08:00
2025-09-06T16:00:00+08:00,TPE_AIRPORT,75,52,37,2025-09-06T16:05:00+08:00
2025-09-06T16:00:00+08:00,TAIPEI_MAIN,144,136,106,2025-09-06T16:05:00+08:00
2025-09-06T16:00:00+08:00,XIMENDING,177,122,88,2025-09-06T16:05:00+08:00
2025-09-06T16:00:00+08:00,TAIPEI_101,147,100,89,2025-09-06T16:05:00+08:00
2025-09-06T17:00:00+08:00,TPE_AIRPORT,107,52,46,2025-09-06T17:05:00+08:00
2025-09-06T17:00:00+08:00,TAIPEI_MAIN,122,89,65,2025-09-06T17:05:00+08:00
2025-09-06T17:00:00+08:00,XIMENDING,131,114,84,2025-09-06T17:05:00+08:00
2025-09-06T17:00:00+08:00,TAIPEI_101,147,97,80,2025-09-06T17:05:00+08:00
2025-09-06T18:00:00+08:00,TPE_AIRPORT,130,21,18,2025-09-06T18:05:00+08:00
2025-09-06T18:00:00+08:00,TAIPEI_MAIN,149,114,82,2025-09-06T18:05:00+08:00
2025-09-06T18:00:00+08:00,XIMENDING,126,148,116,2025-09-06T18:05:00+08:00
2025-09-06T18:00:00+08:00,TAIPEI_101,158,92,75,2025-09-06T18:05:00+08:00
2025-09-06T19:00:00+08:00,TPE_AIRPORT,104,49,39,2025-09-06T19:05:00+08:00
2025-09-06T19:00:00+08:00,TAIPEI_MAIN,139,134,99,2025-09-06T19:05:00+08:00
2025-09-06T19:00:00+08:00,XIMENDING,152,108,96,2025-09-06T19:05:00+08:00
2025-09-06T19:00:00+08:00,TAIPEI_101,159,82,72,2025-09-06T19:05:00+08:00
2025-09-06T20:00:00+08:00,TPE_AIRPORT,76,139,113,2025-09-06T20:05:00+08:00
2025-09-06T20:00:00+08:00,TAIPEI_MAIN,139,216,195,2025-09-06T20:05:00+08:00
2025-09-06T20:00:00+08:00,XIMENDING,150,170,137,2025-09-06T20:05:00+08:00
2025-09-06T20:00:00+08:00,TAIPEI_101,115,207,184,2025-09-06T20:05:00+08:00
2025-09-06T21:00:00+08:00,TPE_AIRPORT,54,105,83,2025-09-06T21:05:00+08:00
2025-09-06T21:00:00+08:00,TAIPEI_MAIN,108,174,144,2025-09-06T21:05:00+08:00
2025-09-06T21:00:00+08:00,XIMENDING,166,203,153,2025-09-06T21:05:00+08:00
2025-09-06T21:00:00+08:00,TAIPEI_101,156,154,137,2025-09-06T21:05:00+08:00
2025-09-06T22:00:00+08:00,TPE_AIRPORT,103,131,116,2025-09-06T22:05:00+08:00
2025-09-06T22:00:00+08:00,TAIPEI_MAIN,115,207,181,2025-09-06T22:05:00+08:00
2025-09-06T22:00:00+08:00,XIMENDING,136,178,149,2025-09-06T22:05:00+08:00
2025-09-06T22:00:00+08:00,TAIPEI_101,145,189,160,2025-09-06T22:05:00+08:00
2025-09-06T23:00:00+08:00,TPE_AIRPORT,71,99,77,2025-09-06T23:05:00+08:00
2025-09-06T23:00:00+08:00,TAIPEI_MAIN,120,198,179,2025-09-06T23:05:00+08:00
2025-09-06T23:00:00+08:00,XIMENDING,129,181,137,2025-09-06T23:05:00+08:00
2025-09-06T23:00:00+08:00,TAIPEI_101,138,192,148,2025-09-06T23:05:00+08:00
2025-09-07T00:00:00+08:00,TPE_AIRPORT,141,52,37,2025-09-07T00:05:00+08:00
2025-09-07T00:00:00+08:00,TAIPEI_MAIN,146,118,87,2025-09-07T00:05:00+08:00
2025-09-07T00:00:00+08:00,XIMENDING,148,104,75,2025-09-07T00:05:00+08:00
2025-09-07T00:00:00+08:00,TAIPEI_101,159,99,86,2025-09-07T00:05:00+08:00
2025-09-07T01:00:00+08:00,TPE_AIRPORT,94,94,76,2025-09-07T01:05:00+08:00
2025-09-07T01:00:00+08:00,TAIPEI_MAIN,166,144,118,2025-09-07T01:05:00+08:00
2025-09-07T01:00:00+08:00,XIMENDING,166,104,83,2025-09-07T01:05:00+08:00
2025-09-07T01:00:00+08:00,TAIPEI_101,156,101,88,2025-09-07T01:05:00+08:00
2025-09-07T02:00:00+08:00,TPE_AIRPORT,82,92,77,2025-09-07T02:05:00+08:00
2025-09-07T02:00:00+08:00,TAIPEI_MAIN,169,102,84,2025-09-07T02:05:00+08:00
2025-09-07T02:00:00+08:00,XIMENDING,188,126,96,2025-09-07T02:05:00+08:00
2025-09-07T02:00:00+08:00,TAIPEI_101,178,151,124,2025-09-07T02:05:00+08:00
2025-09-07T03:00:00+08:00,TPE_AIRPORT,109,109,80,2025-09-07T03:05:00+08:00
2025-09-07T03:00:00+08:00,TAIPEI_MAIN,138,105,91,2025-09-07T03:05:00+08:00
2025-09-07T03:00:00+08:00,XIMENDING,117,93,75,2025-09-07T03:05:00+08:00
2025-09-07T03:00:00+08:00,TAIPEI_101,148,106,79,2025-09-07T03:05:00+08:00
2025-09-07T04:00:00+08:00,TPE_AIRPORT,102,75,56,2025-09-07T04:05:00+08:00
2025-09-07T04:00:00+08:00,TAIPEI_MAIN,170,111,82,2025-09-07T04:05:00+08:00
2025-09-07T04:00:00+08:00,XIMENDING,170,117,93,2025-09-07T04:05:00+08:00
2025-09-07T04:00:00+08:00,TAIPEI_101,159,121,96,2025-09-07T04:05:00+08:00
2025-09-07T05:00:00+08:00,TPE_AIRPORT,77,103,75,2025-09-07T05:05:00+08:00
2025-09-07T05:00:00+08:00,TAIPEI_MAIN,109,212,177,2025-09-07T05:05:00+08:00
2025-09-07T05:00:00+08:00,XIMENDING,115,158,123,2025-09-07T05:05:00+08:00
2025-09-07T05:00:00+08:00,TAIPEI_101,159,199,143,2025-09-07T05:05:00+08:00
2025-09-07T06:00:00+08:00,TPE_AIRPORT,74,126,105,2025-09-07T06:05:00+08:00
2025-09-07T06:00:00+08:00,TAIPEI_MAIN,133,151,134,2025-09-07T06:05:00+08:00
2025-09-07T06:00:00+08:00,XIMENDING,108,169,139,2025-09-07T06:05:00+08:00
2025-09-07T06:00:00+08:00,TAIPEI_101,129,172,155,2025-09-07T06:05:00+08:00
2025-09-07T07:00:00+08:00,TPE_AIRPORT,88,108,79,2025-09-07T07:05:00+08:00
2025-09-07T07:00:00+08:00,TAIPEI_MAIN,129,187,162,2025-09-07T07:05:00+08:00
2025-09-07T07:00:00+08:00,XIMENDING,153,209,186,2025-09-07T07:05:00+08:00
2025-09-07T07:00:00+08:00,TAIPEI_101,151,188,170,2025-09-07T07:05:00+08:00
2025-09-07T08:00:00+08:00,TPE_AIRPORT,62,110,85,2025-09-07T08:05:00+08:00
2025-09-07T08:00:00+08:00,TAIPEI_MAIN,128,181,144,2025-09-07T08:05:00+08:00
2025-09-07T08:00:00+08:00,XIMENDING,156,217,160,2025-09-07T08:05:00+08:00
2025-09-07T08:00:00+08:00,TAIPEI_101,133,197,163,2025-09-07T08:05:00+08:00
2025-09-07T09:00:00+08:00,TPE_AIRPORT,105,57,46,2025-09-07T09:05:00+08:00
2025-09-07T09:00:00+08:00,TAIPEI_MAIN,149,106,91,2025-09-07T09:05:00+08:00
2025-09-07T09:00:00+08:00,XIMENDING,127,85,69,2025-09-07T09:05:00+08:00
2025-09-07T09:00:00+08:00,TAIPEI_101,137,118,97,2025-09-07T09:05:00+08:00
2025-09-07T10:00:00+08:00,TPE_AIRPORT,67,84,71,2025-09-07T10:05:00+08:00
2025-09-07T10:00:00+08:00,TAIPEI_MAIN,195,101,81,2025-09-07T10:05:00+08:00
2025-09-07T10:00:00+08:00,XIMENDING,139,137,112,2025-09-07T10:05:00+08:00
2025-09-07T10:00:00+08:00,TAIPEI_101,143,130,115,2025-09-07T10:05:00+08:00
2025-09-07T11:00:00+08:00,TPE_AIRPORT,98,90,68,2025-09-07T11:05:00+08:00
2025-09-07T11:00:00+08:00,TAIPEI_MAIN,167,113,101,2025-09-07T11:05:00+08:00
2025-09-07T11:00:00+08:00,XIMENDING,143,136,101,2025-09-07T11:05:00+08:00
2025-09-07T11:00:00+08:00,TAIPEI_101,149,135,121,2025-09-07T11:05:00+08:00
2025-09-07T12:00:00+08:00,TPE_AIRPORT,111,112,99,2025-09-07T12:05:00+08:00
2025-09-07T12:00:00+08:00,TAIPEI_MAIN,183,134,117,2025-09-07T12:05:00+08:00
2025-09-07T12:00:00+08:00,XIMENDING,197,101,82,2025-09-07T12:05:00+08:00
2025-09-07T12:00:00+08:00,TAIPEI_101,166,113,86,2025-09-07T12:05:00+08:00
2025-09-07T13:00:00+08:00,TPE_AIRPORT,144,99,83,2025-09-07T13:05:00+08:00
2025-09-07T13:00:00+08:00,TAIPEI_MAIN,139,120,104,2025-09-07T13:05:00+08:00
2025-09-07T13:00:00+08:00,XIMENDING,175,128,100,2025-09-07T13:05:00+08:00
2025-09-07T13:00:00+08:00,TAIPEI_101,161,98,81,2025-09-07T13:05:00+08:00
2025-09-07T14:00:00+08:00,TPE_AIRPORT,121,83,67,2025-09-07T14:05:00+08:00
2025-09-07T14:00:00+08:00,TAIPEI_MAIN,201,103,87,2025-09-07T14:05:00+08:00
2025-09-07T14:00:00+08:00,XIMENDING,180,139,107,2025-09-07T14:05:00+08:00
2025-09-07T14:00:00+08:00,TAIPEI_101,166,82,71,2025-09-07T14:05:00+08:00
2025-09-07T15:00:00+08:00,TPE_AIRPORT,90,98,77,2025-09-07T15:05:00+08:00
2025-09-07T15:00:00+08:00,TAIPEI_MAIN,156,104,92,2025-09-07T15:05:00+08:00
2025-09-07T15:00:00+08:00,XIMENDING,158,101,73,2025-09-07T15:05:00+08:00
2025-09-07T15:00:00+08:00,TAIPEI_101,173,114,95,2025-09-07T15:05:00+08:00
2025-09-07T16:00:00+08:00,TPE_AIRPORT,118,88,67,2025-09-07T16:05:00+08:00
2025-09-07T16:00:00+08:00,TAIPEI_MAIN,175,128,97,2025-09-07T16:05:00+08:00
2025-09-07T16:00:00+08:00,XIMENDING,144,108,78,2025-09-07T16:05:00+08:00
2025-09-07T16:00:00+08:00,TAIPEI_101,182,105,81,2025-09-07T16:05:00+08:00
2025-09-07T17:00:00+08:00,TPE_AIRPORT,130,104,89,2025-09-07T17:05:00+08:00
2025-09-07T17:00:00+08:00,TAIPEI_MAIN,125,120,103,2025-09-07T17:05:00+08:00
2025-09-07T17:00:00+08:00,XIMENDING,150,117,98,2025-09-07T17:05:00+08:00
2025-09-07T17:00:00+08:00,TAIPEI_101,181,123,106,2025-09-07T17:05:00+08:00
2025-09-07T18:00:00+08:00,TPE_AIRPORT,88,93,77,2025-09-07T18:05:00+08:00
2025-09-07T18:00:00+08:00,TAIPEI_MAIN,170,141,102,2025-09-07T18:05:00+08:00
2025-09-07T18:00:00+08:00,XIMENDING,158,96,72,2025-09-07T18:05:00+08:00
2025-09-07T18:00:00+08:00,TAIPEI_101,159,127,114,2025-09-07T18:05:00+08:00
2025-09-07T19:00:00+08:00,TPE_AIRPORT,100,72,63,2025-09-07T19:05:00+08:00
2025-09-07T19:00:00+08:00,TAIPEI_MAIN,143,124,105,2025-09-07T19:05:00+08:00
2025-09-07T19:00:00+08:00,XIMENDING,150,132,116,2025-09-07T19:05:00+08:00
2025-09-07T19:00:00+08:00,TAIPEI_101,157,107,93,2025-09-07T19:05:00+08:00
2025-09-07T20:00:00+08:00,TPE_AIRPORT,106,127,95,2025-09-07T20:05:00+08:00
2025-09-07T20:00:00+08:00,TAIPEI_MAIN,120,170,138,2025-09-07T20:05:00+08:00
2025-09-07T20:00:00+08:00,XIMENDING,147,178,150,2025-09-07T20:05:00+08:00
2025-09-07T20:00:00+08:00,TAIPEI_101,123,180,135,2025-09-07T20:05:00+08:00
2025-09-07T21:00:00+08:00,TPE_AIRPORT,72,107,92,2025-09-07T21:05:00+08:00
2025-09-07T21:00:00+08:00,TAIPEI_MAIN,116,211,158,2025-09-07T21:05:00+08:00
2025-09-07T21:00:00+08:00,XIMENDING,121,164,131,2025-09-07T21:05:00+08:00
2025-09-07T21:00:00+08:00,TAIPEI_101,128,212,161,2025-09-07T21:05:00+08:00
2025-09-07T22:00:00+08:00,TPE_AIRPORT,108,142,107,2025-09-07T22:05:00+08:00
2025-09-07T22:00:00+08:00,TAIPEI_MAIN,139,195,160,2025-09-07T22:05:00+08:00
2025-09-07T22:00:00+08:00,XIMENDING,164,190,156,2025-09-07T22:05:00+08:00
2025-09-07T22:00:00+08:00,TAIPEI_101,101,202,175,2025-09-07T22:05:00+08:00
2025-09-07T23:00:00+08:00,TPE_AIRPORT,99,104,78,2025-09-07T23:05:00+08:00
2025-09-07T23:00:00+08:00,TAIPEI_MAIN,114,206,149,2025-09-07T23:05:00+08:00
2025-09-07T23:00:00+08:00,XIMENDING,123,161,119,2025-09-07T23:05:00+08:00
2025-09-07T23:00:00+08:00,TAIPEI_101,110,207,161,2025-09-07T23:05:00+08:00
2025-09-08T00:00:00+08:00,TPE_AIRPORT,99,71,61,2025-09-08T00:05:00+08:00
2025-09-08T00:00:00+08:00,TAIPEI_MAIN,148,102,92,2025-09-08T00:05:00+08:00
2025-09-08T00:00:00+08:00,XIMENDING,149,152,136,2025-09-08T00:05:00+08:00
2025-09-08T00:00:00+08:00,TAIPEI_101,164,126,91,2025-09-08T00:05:00+08:00
2025-09-08T01:00:00+08:00,TPE_AIRPORT,105,89,71,2025-09-08T01:05:00+08:00
2025-09-08T01:00:00+08:00,TAIPEI_MAIN,129,99,78,2025-09-08T01:05:00+08:00
2025-09-08T01:00:00+08:00,XIMENDING,150,122,103,2025-09-08T01:05:00+08:00
2025-09-08T01:00:00+08:00,TAIPEI_101,197,116,93,2025-09-08T01:05:00+08:00
2025-09-08T02:00:00+08:00,TPE_AIRPORT,105,119,100,2025-09-08T02:05:00+08:00
2025-09-08T02:00:00+08:00,TAIPEI_MAIN,169,126,106,2025-09-08T02:05:00+08:00
2025-09-08T02:00:00+08:00,XIMENDING,156,68,49,2025-09-08T02:05:00+08:00
2025-09-08T02:00:00+08:00,TAIPEI_101,170,102,86,2025-09-08T02:05:00+08:00
2025-09-08T03:00:00+08:00,TPE_AIRPORT,119,61,45,2025-09-08T03:05:00+08:00
2025-09-08T03:00:00+08:00,TAIPEI_MAIN,146,112,96,2025-09-08T03:05:00+08:00
2025-09-08T03:00:00+08:00,XIMENDING,167,78,67,2025-09-08T03:05:00+08:00
2025-09-08T03:00:00+08:00,TAIPEI_101,182,95,71,2025-09-08T03:05:00+08:00
2025-09-08T04:00:00+08:00,TPE_AIRPORT,89,71,61,2025-09-08T04:05:00+08:00
2025-09-08T04:00:00+08:00,TAIPEI_MAIN,167,114,82,2025-09-08T04:05:00+08:00
2025-09-08T04:00:00+08:00,XIMENDING,133,163,132,2025-09-08T04:05:00+08:00
2025-09-08T04:00:00+08:00,TAIPEI_101,161,116,87,2025-09-08T04:05:00+08:00
2025-09-08T05:00:00+08:00,TPE_AIRPORT,48,124,103,2025-09-08T05:05:00+08:00
2025-09-08T05:00:00+08:00,TAIPEI_MAIN,156,165,147,2025-09-08T05:05:00+08:00
2025-09-08T05:00:00+08:00,XIMENDING,127,157,137,2025-09-08T05:05:00+08:00
2025-09-08T05:00:00+08:00,TAIPEI_101,113,200,154,2025-09-08T05:05:00+08:00
2025-09-08T06:00:00+08:00,TPE_AIRPORT,75,127,105,2025-09-08T06:05:00+08:00
2025-09-08T06:00:00+08:00,TAIPEI_MAIN,143,205,174,2025-09-08T06:05:00+08:00
2025-09-08T06:00:00+08:00,XIMENDING,122,213,188,2025-09-08T06:05:00+08:00
2025-09-08T06:00:00+08:00,TAIPEI_101,150,165,135,2025-09-08T06:05:00+08:00
2025-09-08T07:00:00+08:00,TPE_AIRPORT,101,126,114,2025-09-08T07:05:00+08:00
2025-09-08T07:00:00+08:00,TAIPEI_MAIN,160,167,130,2025-09-08T07:05:00+08:00
2025-09-08T07:00:00+08:00,XIMENDING,137,170,125,2025-09-08T07:05:00+08:00
2025-09-08T07:00:00+08:00,TAIPEI_101,171,201,182,2025-09-08T07:05:00+08:00
2025-09-08T08:00:00+08:00,TPE_AIRPORT,82,102,82,2025-09-08T08:05:00+08:00
2025-09-08T08:00:00+08:00,TAIPEI_MAIN,145,203,162,2025-09-08T08:05:00+08:00
2025-09-08T08:00:00+08:00,XIMENDING,123,183,137,2025-09-08T08:05:00+08:00
2025-09-08T08:00:00+08:00,TAIPEI_101,115,116,99,2025-09-08T08:05:00+08:00
2025-09-08T09:00:00+08:00,TPE_AIRPORT,119,85,62,2025-09-08T09:05:00+08:00
2025-09-08T09:00:00+08:00,TAIPEI_MAIN,193,94,84,2025-09-08T09:05:00+08:00
2025-09-08T09:00:00+08:00,XIMENDING,162,96,83,2025-09-08T09:05:00+08:00
2025-09-08T09:00:00+08:00,TAIPEI_101,164,117,94,2025-09-08T09:05:00+08:00
2025-09-08T10:00:00+08:00,TPE_AIRPORT,76,104,90,2025-09-08T10:05:00+08:00
2025-09-08T10:00:00+08:00,TAIPEI_MAIN,139,101,80,2025-09-08T10:05:00+08:00
2025-09-08T10:00:00+08:00,XIMENDING,162,90,73,2025-09-08T10:05:00+08:00
2025-09-08T10:00:00+08:00,TAIPEI_101,114,112,88,2025-09-08T10:05:00+08:00
2025-09-08T11:00:00+08:00,TPE_AIRPORT,150,85,66,2025-09-08T11:05:00+08:00
2025-09-08T11:00:00+08:00,TAIPEI_MAIN,164,94,79,2025-09-08T11:05:00+08:00
2025-09-08T11:00:00+08:00,XIMENDING,191,78,64,2025-09-08T11:05:00+08:00
2025-09-08T11:00:00+08:00,TAIPEI_101,147,140,103,2025-09-08T11:05:00+08:00
2025-09-08T12:00:00+08:00,TPE_AIRPORT,114,75,62,2025-09-08T12:05:00+08:00
2025-09-08T12:00:00+08:00,TAIPEI_MAIN,144,111,97,2025-09-08T12:05:00+08:00
2025-09-08T12:00:00+08:00,XIMENDING,136,117,84,2025-09-08T12:05:00+08:00
2025-09-08T12:00:00+08:00,TAIPEI_101,162,83,74,2025-09-08T12:05:00+08:00
2025-09-08T13:00:00+08:00,TPE_AIRPORT,118,59,46,2025-09-08T13:05:00+08:00
2025-09-08T13:00:00+08:00,TAIPEI_MAIN,152,133,101,2025-09-08T13:05:00+08:00
2025-09-08T13:00:00+08:00,XIMENDING,143,137,124,2025-09-08T13:05:00+08:00
2025-09-08T13:00:00+08:00,TAIPEI_101,147,95,81,2025-09-08T13:05:00+08:00
2025-09-08T14:00:00+08:00,TPE_AIRPORT,130,83,62,2025-09-08T14:05:00+08:00
2025-09-08T14:00:00+08:00,TAIPEI_MAIN,180,100,75,2025-09-08T14:05:00+08:00
2025-09-08T14:00:00+08:00,XIMENDING,152,134,111,2025-09-08T14:05:00+08:00
2025-09-08T14:00:00+08:00,TAIPEI_101,156,127,107,2025-09-08T14:05:00+08:00
2025-09-08T15:00:00+08:00,TPE_AIRPORT,111,75,66,2025-09-08T15:05:00+08:00
2025-09-08T15:00:00+08:00,TAIPEI_MAIN,161,75,68,2025-09-08T15:05:00+08:00
2025-09-08T15:00:00+08:00,XIMENDING,151,124,95,2025-09-08T15:05:00+08:00
2025-09-08T15:00:00+08:00,TAIPEI_101,162,133,104,2025-09-08T15:05:00+08:00
2025-09-08T16:00:00+08:00,TPE_AIRPORT,119,79,58,2025-09-08T16:05:00+08:00
2025-09-08T16:00:00+08:00,TAIPEI_MAIN,161,126,111,2025-09-08T16:05:00+08:00
2025-09-08T16:00:00+08:00,XIMENDING,136,78,63,2025-09-08T16:05:00+08:00
2025-09-08T16:00:00+08:00,TAIPEI_101,161,87,66,2025-09-08T16:05:00+08:00
2025-09-08T17:00:00+08:00,TPE_AIRPORT,86,92,80,2025-09-08T17:05:00+08:00
2025-09-08T17:00:00+08:00,TAIPEI_MAIN,170,85,62,2025-09-08T17:05:00+08:00
2025-09-08T17:00:00+08:00,XIMENDING,176,100,74,2025-09-08T17:05:00+08:00
2025-09-08T17:00:00+08:00,TAIPEI_101,136,121,99,2025-09-08T17:05:00+08:00
2025-09-08T18:00:00+08:00,TPE_AIRPORT,92,94,79,2025-09-08T18:05:00+08:00
2025-09-08T18:00:00+08:00,TAIPEI_MAIN,155,114,102,2025-09-08T18:05:00+08:00
2025-09-08T18:00:00+08:00,XIMENDING,169,149,113,2025-09-08T18:05:00+08:00
2025-09-08T18:00:00+08:00,TAIPEI_101,163,114,83,2025-09-08T18:05:00+08:00
2025-09-08T19:00:00+08:00,TPE_AIRPORT,126,40,29,2025-09-08T19:05:00+08:00
2025-09-08T19:00:00+08:00,TAIPEI_MAIN,164,101,74,2025-09-08T19:05:00+08:00
2025-09-08T19:00:00+08:00,XIMENDING,170,72,55,2025-09-08T19:05:00+08:00
2025-09-08T19:00:00+08:00,TAIPEI_101,157,91,73,2025-09-08T19:05:00+08:00
2025-09-08T20:00:00+08:00,TPE_AIRPORT,99,129,103,2025-09-08T20:05:00+08:00
2025-09-08T20:00:00+08:00,TAIPEI_MAIN,167,165,148,2025-09-08T20:05:00+08:00
2025-09-08T20:00:00+08:00,XIMENDING,114,166,124,2025-09-08T20:05:00+08:00
2025-09-08T20:00:00+08:00,TAIPEI_101,123,152,119,2025-09-08T20:05:00+08:00
2025-09-08T21:00:00+08:00,TPE_AIRPORT,76,121,93,2025-09-08T21:05:00+08:00
2025-09-08T21:00:00+08:00,TAIPEI_MAIN,117,164,145,2025-09-08T21:05:00+08:00
2025-09-08T21:00:00+08:00,XIMENDING,139,228,168,2025-09-08T21:05:00+08:00
2025-09-08T21:00:00+08:00,TAIPEI_101,116,136,117,2025-09-08T21:05:00+08:00
2025-09-08T22:00:00+08:00,TPE_AIRPORT,71,120,95,2025-09-08T22:05:00+08:00
2025-09-08T22:00:00+08:00,TAIPEI_MAIN,120,214,192,2025-09-08T22:05:00+08:00
2025-09-08T22:00:00+08:00,XIMENDING,144,171,141,2025-09-08T22:05:00+08:00
2025-09-08T22:00:00+08:00,TAIPEI_101,138,161,142,2025-09-08T22:05:00+08:00
2025-09-08T23:00:00+08:00,TPE_AIRPORT,94,114,91,2025-09-08T23:05:00+08:00
2025-09-08T23:00:00+08:00,TAIPEI_MAIN,126,203,164,2025-09-08T23:05:00+08:00
2025-09-08T23:00:00+08:00,XIMENDING,125,168,147,2025-09-08T23:05:00+08:00
2025-09-08T23:00:00+08:00,TAIPEI_101,141,189,138,2025-09-08T23:05:00+08:00
2025-09-09T00:00:00+08:00,TPE_AIRPORT,110,96,79,2025-09-09T00:05:00+08:00
2025-09-09T00:00:00+08:00,TAIPEI_MAIN,136,98,84,2025-09-09T00:05:00+08:00
2025-09-09T00:00:00+08:00,XIMENDING,158,160,116,2025-09-09T00:05:00+08:00
2025-09-09T00:00:00+08:00,TAIPEI_101,167,89,79,2025-09-09T00:05:00+08:00
2025-09-09T01:00:00+08:00,TPE_AIRPORT,108,84,68,2025-09-09T01:05:00+08:00
2025-09-09T01:00:00+08:00,TAIPEI_MAIN,164,112,85,2025-09-09T01:05:00+08:00
2025-09-09T01:00:00+08:00,XIMENDING,163,133,106,2025-09-09T01:05:00+08:00
2025-09-09T01:00:00+08:00,TAIPEI_101,154,177,147,2025-09-09T01:05:00+08:00
2025-09-09T02:00:00+08:00,TPE_AIRPORT,98,97,72,2025-09-09T02:05:00+08:00
2025-09-09T02:00:00+08:00,TAIPEI_MAIN,157,127,93,2025-09-09T02:05:00+08:00
2025-09-09T02:00:00+08:00,XIMENDING,151,119,105,2025-09-09T02:05:00+08:00
2025-09-09T02:00:00+08:00,TAIPEI_101,144,52,46,2025-09-09T02:05:00+08:00
2025-09-09T03:00:00+08:00,TPE_AIRPORT,101,65,47,2025-09-09T03:05:00+08:00
2025-09-09T03:00:00+08:00,TAIPEI_MAIN,187,142,128,2025-09-09T03:05:00+08:00
2025-09-09T03:00:00+08:00,XIMENDING,154,126,107,2025-09-09T03:05:00+08:00
2025-09-09T03:00:00+08:00,TAIPEI_101,143,80,70,2025-09-09T03:05:00+08:00
2025-09-09T04:00:00+08:00,TPE_AIRPORT,121,116,91,2025-09-09T04:05:00+08:00
2025-09-09T04:00:00+08:00,TAIPEI_MAIN,124,134,114,2025-09-09T04:05:00+08:00
2025-09-09T04:00:00+08:00,XIMENDING,161,121,93,2025-09-09T04:05:00+08:00
2025-09-09T04:00:00+08:00,TAIPEI_101,160,134,106,2025-09-09T04:05:00+08:00
2025-09-09T05:00:00+08:00,TPE_AIRPORT,62,91,76,2025-09-09T05:05:00+08:00
2025-09-09T05:00:00+08:00,TAIPEI_MAIN,144,195,166,2025-09-09T05:05:00+08:00
2025-09-09T05:00:00+08:00,XIMENDING,138,186,152,2025-09-09T05:05:00+08:00
2025-09-09T05:00:00+08:00,TAIPEI_101,117,188,149,2025-09-09T05:05:00+08:00
2025-09-09T06:00:00+08:00,TPE_AIRPORT,63,128,96,2025-09-09T06:05:00+08:00
2025-09-09T06:00:00+08:00,TAIPEI_MAIN,108,212,158,2025-09-09T06:05:00+08:00
2025-09-09T06:00:00+08:00,XIMENDING,152,166,121,2025-09-09T06:05:00+08:00
2025-09-09T06:00:00+08:00,TAIPEI_101,117,204,149,2025-09-09T06:05:00+08:00
2025-09-09T07:00:00+08:00,TPE_AIRPORT,75,112,82,2025-09-09T07:05:00+08:00
2025-09-09T07:00:00+08:00,TAIPEI_MAIN,142,162,133,2025-09-09T07:05:00+08:00
2025-09-09T07:00:00+08:00,XIMENDING,133,179,147,2025-09-09T07:05:00+08:00
2025-09-09T07:00:00+08:00,TAIPEI_101,108,171,142,2025-09-09T07:05:00+08:00
2025-09-09T08:00:00+08:00,TPE_AIRPORT,104,130,93,2025-09-09T08:05:00+08:00
2025-09-09T08:00:00+08:00,TAIPEI_MAIN,122,182,153,2025-09-09T08:05:00+08:00
2025-09-09T08:00:00+08:00,XIMENDING,131,170,152,2025-09-09T08:05:00+08:00
2025-09-09T08:00:00+08:00,TAIPEI_101,111,177,142,2025-09-09T08:05:00+08:00
2025-09-09T09:00:00+08:00,TPE_AIRPORT,100,52,38,2025-09-09T09:05:00+08:00
2025-09-09T09:00:00+08:00,TAIPEI_MAIN,160,88,65,2025-09-09T09:05:00+08:00
2025-09-09T09:00:00+08:00,XIMENDING,182,161,119,2025-09-09T09:05:00+08:00
2025-09-09T09:00:00+08:00,TAIPEI_101,137,111,100,2025-09-09T09:05:00+08:00
2025-09-09T10:00:00+08:00,TPE_AIRPORT,139,76,68,2025-09-09T10:05:00+08:00
2025-09-09T10:00:00+08:00,TAIPEI_MAIN,189,141,109,2025-09-09T10:05:00+08:00
2025-09-09T10:00:00+08:00,XIMENDING,167,162,124,2025-09-09T10:05:00+08:00
2025-09-09T10:00:00+08:00,TAIPEI_101,191,100,81,2025-09-09T10:05:00+08:00
2025-09-09T11:00:00+08:00,TPE_AIRPORT,73,84,63,2025-09-09T11:05:00+08:00
2025-09-09T11:00:00+08:00,TAIPEI_MAIN,185,140,104,2025-09-09T11:05:00+08:00
2025-09-09T11:00:00+08:00,XIMENDING,164,130,96,2025-09-09T11:05:00+08:00
2025-09-09T11:00:00+08:00,TAIPEI_101,156,130,96,2025-09-09T11:05:00+08:00
2025-09-09T12:00:00+08:00,TPE_AIRPORT,103,80,69,2025-09-09T12:05:00+08:00
2025-09-09T12:00:00+08:00,TAIPEI_MAIN,172,77,56,2025-09-09T12:05:00+08:00
2025-09-09T12:00:00+08:00,XIMENDING,168,125,107,2025-09-09T12:05:00+08:00
2025-09-09T12:00:00+08:00,TAIPEI_101,158,94,68,2025-09-09T12:05:00+08:00
2025-09-09T13:00:00+08:00,TPE_AIRPORT,112,58,47,2025-09-09T13:05:00+08:00
2025-09-09T13:00:00+08:00,TAIPEI_MAIN,186,125,108,2025-09-09T13:05:00+08:00
2025-09-09T13:00:00+08:00,XIMENDING,146,148,117,2025-09-09T13:05:00+08:00
2025-09-09T13:00:00+08:00,TAIPEI_101,184,116,104,2025-09-09T13:05:00+08:00
2025-09-09T14:00:00+08:00,TPE_AIRPORT,111,59,49,2025-09-09T14:05:00+08:00
2025-09-09T14:00:00+08:00,TAIPEI_MAIN,127,138,114,2025-09-09T14:05:00+08:00
2025-09-09T14:00:00+08:00,XIMENDING,130,84,71,2025-09-09T14:05:00+08:00
2025-09-09T14:00:00+08:00,TAIPEI_101,187,108,88,2025-09-09T14:05:00+08:00
2025-09-09T15:00:00+08:00,TPE_AIRPORT,118,92,74,2025-09-09T15:05:00+08:00
2025-09-09T15:00:00+08:00,TAIPEI_MAIN,157,94,79,2025-09-09T15:05:00+08:00
2025-09-09T15:00:00+08:00,XIMENDING,161,120,103,2025-09-09T15:05:00+08:00
2025-09-09T15:00:00+08:00,TAIPEI_101,159,139,117,2025-09-09T15:05:00+08:00
2025-09-09T16:00:00+08:00,TPE_AIRPORT,80,47,37,2025-09-09T16:05:00+08:00
2025-09-09T16:00:00+08:00,TAIPEI_MAIN,182,103,83,2025-09-09T16:05:00+08:00
2025-09-09T16:00:00+08:00,XIMENDING,151,98,76,2025-09-09T16:05:00+08:00
2025-09-09T16:00:00+08:00,TAIPEI_101,140,101,81,2025-09-09T16:05:00+08:00
2025-09-09T17:00:00+08:00,TPE_AIRPORT,129,32,26,2025-09-09T17:05:00+08:00
2025-09-09T17:00:00+08:00,TAIPEI_MAIN,143,105,76,2025-09-09T17:05:00+08:00
2025-09-09T17:00:00+08:00,XIMENDING,177,137,119,2025-09-09T17:05:00+08:00
2025-09-09T17:00:00+08:00,TAIPEI_101,165,78,60,2025-09-09T17:05:00+08:00
2025-09-09T18:00:00+08:00,TPE_AIRPORT,117,120,89,2025-09-09T18:05:00+08:00
2025-09-09T18:00:00+08:00,TAIPEI_MAIN,150,109,92,2025-09-09T18:05:00+08:00
2025-09-09T18:00:00+08:00,XIMENDING,156,63,50,2025-09-09T18:05:00+08:00
2025-09-09T18:00:00+08:00,TAIPEI_101,185,151,115,2025-09-09T18:05:00+08:00
2025-09-09T19:00:00+08:00,TPE_AIRPORT,128,101,91,2025-09-09T19:05:00+08:00
2025-09-09T19:00:00+08:00,TAIPEI_MAIN,174,124,100,2025-09-09T19:05:00+08:00
2025-09-09T19:00:00+08:00,XIMENDING,160,109,88,2025-09-09T19:05:00+08:00
2025-09-09T19:00:00+08:00,TAIPEI_101,176,125,107,2025-09-09T19:05:00+08:00
2025-09-09T20:00:00+08:00,TPE_AIRPORT,99,98,81,2025-09-09T20:05:00+08:00
2025-09-09T20:00:00+08:00,TAIPEI_MAIN,151,190,155,2025-09-09T20:05:00+08:00
2025-09-09T20:00:00+08:00,XIMENDING,140,219,171,2025-09-09T20:05:00+08:00
2025-09-09T20:00:00+08:00,TAIPEI_101,157,130,98,2025-09-09T20:05:00+08:00
2025-09-09T21:00:00+08:00,TPE_AIRPORT,118,128,113,2025-09-09T21:05:00+08:00
2025-09-09T21:00:00+08:00,TAIPEI_MAIN,112,175,150,2025-09-09T21:05:00+08:00
2025-09-09T21:00:00+08:00,XIMENDING,151,197,154,2025-09-09T21:05:00+08:00
2025-09-09T21:00:00+08:00,TAIPEI_101,122,186,165,2025-09-09T21:05:00+08:00
2025-09-09T22:00:00+08:00,TPE_AIRPORT,55,137,105,2025-09-09T22:05:00+08:00
2025-09-09T22:00:00+08:00,TAIPEI_MAIN,173,203,164,2025-09-09T22:05:00+08:00
2025-09-09T22:00:00+08:00,XIMENDING,113,165,119,2025-09-09T22:05:00+08:00
2025-09-09T22:00:00+08:00,TAIPEI_101,132,168,147,2025-09-09T22:05:00+08:00
2025-09-09T23:00:00+08:00,TPE_AIRPORT,102,148,112,2025-09-09T23:05:00+08:00
2025-09-09T23:00:00+08:00,TAIPEI_MAIN,119,161,146,2025-09-09T23:05:00+08:00
2025-09-09T23:00:00+08:00,XIMENDING,101,193,148,2025-09-09T23:05:00+08:00
2025-09-09T23:00:00+08:00,TAIPEI_101,132,168,149,2025-09-09T23:05:00+08:00
2025-09-10T00:00:00+08:00,TPE_AIRPORT,134,99,79,2025-09-10T00:05:00+08:00
2025-09-10T00:00:00+08:00,TAIPEI_MAIN,177,133,120,2025-09-10T00:05:00+08:00
2025-09-10T00:00:00+08:00,XIMENDING,169,117,99,2025-09-10T00:05:00+08:00
2025-09-10T00:00:00+08:00,TAIPEI_101,161,76,56,2025-09-10T00:05:00+08:00
2025-09-10T01:00:00+08:00,TPE_AIRPORT,117,42,37,2025-09-10T01:05:00+08:00
2025-09-10T01:00:00+08:00,TAIPEI_MAIN,159,145,113,2025-09-10T01:05:00+08:00
2025-09-10T01:00:00+08:00,XIMENDING,149,128,92,2025-09-10T01:05:00+08:00
2025-09-10T01:00:00+08:00,TAIPEI_101,147,109,88,2025-09-10T01:05:00+08:00
2025-09-10T02:00:00+08:00,TPE_AIRPORT,87,67,48,2025-09-10T02:05:00+08:00
2025-09-10T02:00:00+08:00,TAIPEI_MAIN,139,107,91,2025-09-10T02:05:00+08:00
2025-09-10T02:00:00+08:00,XIMENDING,165,118,95,2025-09-10T02:05:00+08:00
2025-09-10T02:00:00+08:00,TAIPEI_101,135,145,107,2025-09-10T02:05:00+08:00
2025-09-10T03:00:00+08:00,TPE_AIRPORT,112,88,67,2025-09-10T03:05:00+08:00
2025-09-10T03:00:00+08:00,TAIPEI_MAIN,171,113,86,2025-09-10T03:05:00+08:00
2025-09-10T03:00:00+08:00,XIMENDING,131,130,109,2025-09-10T03:05:00+08:00
2025-09-10T03:00:00+08:00,TAIPEI_101,156,101,86,2025-09-10T03:05:00+08:00
2025-09-10T04:00:00+08:00,TPE_AIRPORT,100,52,46,2025-09-10T04:05:00+08:00
2025-09-10T04:00:00+08:00,TAIPEI_MAIN,172,95,78,2025-09-10T04:05:00+08:00
2025-09-10T04:00:00+08:00,XIMENDING,158,130,111,2025-09-10T04:05:00+08:00
2025-09-10T04:00:00+08:00,TAIPEI_101,168,101,87,2025-09-10T04:05:00+08:00
2025-09-10T05:00:00+08:00,TPE_AIRPORT,116,117,93,2025-09-10T05:05:00+08:00
2025-09-10T05:00:00+08:00,TAIPEI_MAIN,127,212,157,2025-09-10T05:05:00+08:00
2025-09-10T05:00:00+08:00,XIMENDING,127,227,163,2025-09-10T05:05:00+08:00
2025-09-10T05:00:00+08:00,TAIPEI_101,157,189,139,2025-09-10T05:05:00+08:00
2025-09-10T06:00:00+08:00,TPE_AIRPORT,78,144,110,2025-09-10T06:05:00+08:00
2025-09-10T06:00:00+08:00,TAIPEI_MAIN,126,195,162,2025-09-10T06:05:00+08:00
2025-09-10T06:00:00+08:00,XIMENDING,126,185,144,2025-09-10T06:05:00+08:00
2025-09-10T06:00:00+08:00,TAIPEI_101,113,175,135,2025-09-10T06:05:00+08:00
2025-09-10T07:00:00+08:00,TPE_AIRPORT,96,95,78,2025-09-10T07:05:00+08:00
2025-09-10T07:00:00+08:00,TAIPEI_MAIN,154,175,156,2025-09-10T07:05:00+08:00
2025-09-10T07:00:00+08:00,XIMENDING,147,203,151,2025-09-10T07:05:00+08:00
2025-09-10T07:00:00+08:00,TAIPEI_101,150,180,132,2025-09-10T07:05:00+08:00
2025-09-10T08:00:00+08:00,TPE_AIRPORT,94,122,100,2025-09-10T08:05:00+08:00
2025-09-10T08:00:00+08:00,TAIPEI_MAIN,151,224,178,2025-09-10T08:05:00+08:00
2025-09-10T08:00:00+08:00,XIMENDING,113,179,140,2025-09-10T08:05:00+08:00
2025-09-10T08:00:00+08:00,TAIPEI_101,126,209,188,2025-09-10T08:05:00+08:00
2025-09-10T09:00:00+08:00,TPE_AIRPORT,101,61,53,2025-09-10T09:05:00+08:00
2025-09-10T09:00:00+08:00,TAIPEI_MAIN,158,124,108,2025-09-10T09:05:00+08:00
2025-09-10T09:00:00+08:00,XIMENDING,135,136,102,2025-09-10T09:05:00+08:00
2025-09-10T09:00:00+08:00,TAIPEI_101,154,77,63,2025-09-10T09:05:00+08:00
2025-09-10T10:00:00+08:00,TPE_AIRPORT,92,93,83,2025-09-10T10:05:00+08:00
2025-09-10T10:00:00+08:00,TAIPEI_MAIN,155,90,71,2025-09-10T10:05:00+08:00
2025-09-10T10:00:00+08:00,XIMENDING,158,118,95,2025-09-10T10:05:00+08:00
2025-09-10T10:00:00+08:00,TAIPEI_101,196,111,80,2025-09-10T10:05:00+08:00
2025-09-10T11:00:00+08:00,TPE_AIRPORT,142,104,93,2025-09-10T11:05:00+08:00
2025-09-10T11:00:00+08:00,TAIPEI_MAIN,174,120,93,2025-09-10T11:05:00+08:00
2025-09-10T11:00:00+08:00,XIMENDING,155,91,68,2025-09-10T11:05:00+08:00
2025-09-10T11:00:00+08:00,TAIPEI_101,170,99,78,2025-09-10T11:05:00+08:00
2025-09-10T12:00:00+08:00,TPE_AIRPORT,101,74,57,2025-09-10T12:05:00+08:00
2025-09-10T12:00:00+08:00,TAIPEI_MAIN,179,103,84,2025-09-10T12:05:00+08:00
2025-09-10T12:00:00+08:00,XIMENDING,165,146,112,2025-09-10T12:05:00+08:00
2025-09-10T12:00:00+08:00,TAIPEI_101,191,88,65,2025-09-10T12:05:00+08:00
2025-09-10T13:00:00+08:00,TPE_AIRPORT,104,115,90,2025-09-10T13:05:00+08:00
2025-09-10T13:00:00+08:00,TAIPEI_MAIN,154,89,69,2025-09-10T13:05:00+08:00
2025-09-10T13:00:00+08:00,XIMENDING,154,138,114,2025-09-10T13:05:00+08:00
2025-09-10T13:00:00+08:00,TAIPEI_101,166,123,111,2025-09-10T13:05:00+08:00
2025-09-10T14:00:00+08:00,TPE_AIRPORT,116,102,76,2025-09-10T14:05:00+08:00
2025-09-10T14:00:00+08:00,TAIPEI_MAIN,175,139,108,2025-09-10T14:05:00+08:00
2025-09-10T14:00:00+08:00,XIMENDING,171,102,79,2025-09-10T14:05:00+08:00
2025-09-10T14:00:00+08:00,TAIPEI_101,167,71,55,2025-09-10T14:05:00+08:00
2025-09-10T15:00:00+08:00,TPE_AIRPORT,131,91,77,2025-09-10T15:05:00+08:00
2025-09-10T15:00:00+08:00,TAIPEI_MAIN,109,169,121,2025-09-10T15:05:00+08:00
2025-09-10T15:00:00+08:00,XIMENDING,163,118,105,2025-09-10T15:05:00+08:00
2025-09-10T15:00:00+08:00,TAIPEI_101,136,139,108,2025-09-10T15:05:00+08:00
2025-09-10T16:00:00+08:00,TPE_AIRPORT,138,66,54,2025-09-10T16:05:00+08:00
2025-09-10T16:00:00+08:00,TAIPEI_MAIN,179,117,85,2025-09-10T16:05:00+08:00
2025-09-10T16:00:00+08:00,XIMENDING,165,91,66,2025-09-10T16:05:00+08:00
2025-09-10T16:00:00+08:00,TAIPEI_101,172,100,73,2025-09-10T16:05:00+08:00
2025-09-10T17:00:00+08:00,TPE_AIRPORT,118,108,83,2025-09-10T17:05:00+08:00
2025-09-10T17:00:00+08:00,TAIPEI_MAIN,136,108,84,2025-09-10T17:05:00+08:00
2025-09-10T17:00:00+08:00,XIMENDING,161,122,95,2025-09-10T17:05:00+08:00
2025-09-10T17:00:00+08:00,TAIPEI_101,155,84,72,2025-09-10T17:05:00+08:00
2025-09-10T18:00:00+08:00,TPE_AIRPORT,82,108,84,2025-09-10T18:05:00+08:00
2025-09-10T18:00:00+08:00,TAIPEI_MAIN,161,102,90,2025-09-10T18:05:00+08:00
2025-09-10T18:00:00+08:00,XIMENDING,162,110,79,2025-09-10T18:05:00+08:00
2025-09-10T18:00:00+08:00,TAIPEI_101,125,106,88,2025-09-10T18:05:00+08:00
2025-09-10T19:00:00+08:00,TPE_AIRPORT,77,63,49,2025-09-10T19:05:00+08:00
2025-09-10T19:00:00+08:00,TAIPEI_MAIN,162,91,70,2025-09-10T19:05:00+08:00
2025-09-10T19:00:00+08:00,XIMENDING,155,141,112,2025-09-10T19:05:00+08:00
2025-09-10T19:00:00+08:00,TAIPEI_101,153,148,114,2025-09-10T19:05:00+08:00
2025-09-10T20:00:00+08:00,TPE_AIRPORT,62,120,88,2025-09-10T20:05:00+08:00
2025-09-10T20:00:00+08:00,TAIPEI_MAIN,146,151,121,2025-09-10T20:05:00+08:00
2025-09-10T20:00:00+08:00,XIMENDING,146,186,137,2025-09-10T20:05:00+08:00
2025-09-10T20:00:00+08:00,TAIPEI_101,123,218,172,2025-09-10T20:05:00+08:00
2025-09-10T21:00:00+08:00,TPE_AIRPORT,88,147,109,2025-09-10T21:05:00+08:00
2025-09-10T21:00:00+08:00,TAIPEI_MAIN,129,166,141,2025-09-10T21:05:00+08:00
2025-09-10T21:00:00+08:00,XIMENDING,146,204,163,2025-09-10T21:05:00+08:00
2025-09-10T21:00:00+08:00,TAIPEI_101,128,199,167,2025-09-10T21:05:00+08:00
2025-09-10T22:00:00+08:00,TPE_AIRPORT,70,87,74,2025-09-10T22:05:00+08:00
2025-09-10T22:00:00+08:00,TAIPEI_MAIN,120,169,124,2025-09-10T22:05:00+08:00
2025-09-10T22:00:00+08:00,XIMENDING,127,180,151,2025-09-10T22:05:00+08:00
2025-09-10T22:00:00+08:00,TAIPEI_101,157,202,146,2025-09-10T22:05:00+08:00
2025-09-10T23:00:00+08:00,TPE_AIRPORT,80,137,118,2025-09-10T23:05:00+08:00
2025-09-10T23:00:00+08:00,TAIPEI_MAIN,165,191,166,2025-09-10T23:05:00+08:00
2025-09-10T23:00:00+08:00,XIMENDING,91,164,131,2025-09-10T23:05:00+08:00
2025-09-10T23:00:00+08:00,TAIPEI_101,123,212,153,2025-09-10T23:05:00+08:00
2025-09-11T00:00:00+08:00,TPE_AIRPORT,114,72,53,2025-09-11T00:05:00+08:00
2025-09-11T00:00:00+08:00,TAIPEI_MAIN,152,100,89,2025-09-11T00:05:00+08:00
2025-09-11T00:00:00+08:00,XIMENDING,162,119,92,2025-09-11T00:05:00+08:00
2025-09-11T00:00:00+08:00,TAIPEI_101,180,152,114,2025-09-11T00:05:00+08:00
2025-09-11T01:00:00+08:00,TPE_AIRPORT,72,75,55,2025-09-11T01:05:00+08:00
2025-09-11T01:00:00+08:00,TAIPEI_MAIN,161,107,83,2025-09-11T01:05:00+08:00
2025-09-11T01:00:00+08:00,XIMENDING,174,121,96,2025-09-11T01:05:00+08:00
2025-09-11T01:00:00+08:00,TAIPEI_101,183,94,82,2025-09-11T01:05:00+08:00
2025-09-11T02:00:00+08:00,TPE_AIRPORT,135,115,100,2025-09-11T02:05:00+08:00
2025-09-11T02:00:00+08:00,TAIPEI_MAIN,157,136,115,2025-09-11T02:05:00+08:00
2025-09-11T02:00:00+08:00,XIMENDING,162,96,83,2025-09-11T02:05:00+08:00
2025-09-11T02:00:00+08:00,TAIPEI_101,171,104,75,2025-09-11T02:05:00+08:00
2025-09-11T03:00:00+08:00,TPE_AIRPORT,120,66,58,2025-09-11T03:05:00+08:00
2025-09-11T03:00:00+08:00,TAIPEI_MAIN,164,137,123,2025-09-11T03:05:00+08:00
2025-09-11T03:00:00+08:00,XIMENDING,173,112,88,2025-09-11T03:05:00+08:00
2025-09-11T03:00:00+08:00,TAIPEI_101,197,150,127,2025-09-11T03:05:00+08:00
2025-09-11T04:00:00+08:00,TPE_AIRPORT,117,94,82,2025-09-11T04:05:00+08:00
2025-09-11T04:00:00+08:00,TAIPEI_MAIN,153,103,85,2025-09-11T04:05:00+08:00
2025-09-11T04:00:00+08:00,XIMENDING,162,142,113,2025-09-11T04:05:00+08:00
2025-09-11T04:00:00+08:00,TAIPEI_101,147,106,91,2025-09-11T04:05:00+08:00
2025-09-11T05:00:00+08:00,TPE_AIRPORT,84,108,81,2025-09-11T05:05:00+08:00
2025-09-11T05:00:00+08:00,TAIPEI_MAIN,144,202,173,2025-09-11T05:05:00+08:00
2025-09-11T05:00:00+08:00,XIMENDING,206,174,138,2025-09-11T05:05:00+08:00
2025-09-11T05:00:00+08:00,TAIPEI_101,115,203,146,2025-09-11T05:05:00+08:00
2025-09-11T06:00:00+08:00,TPE_AIRPORT,90,137,123,2025-09-11T06:05:00+08:00
2025-09-11T06:00:00+08:00,TAIPEI_MAIN,162,178,156,2025-09-11T06:05:00+08:00
2025-09-11T06:00:00+08:00,XIMENDING,154,142,113,2025-09-11T06:05:00+08:00
2025-09-11T06:00:00+08:00,TAIPEI_101,127,197,158,2025-09-11T06:05:00+08:00
2025-09-11T07:00:00+08:00,TPE_AIRPORT,68,113,83,2025-09-11T07:05:00+08:00
2025-09-11T07:00:00+08:00,TAIPEI_MAIN,129,163,145,2025-09-11T07:05:00+08:00
2025-09-11T07:00:00+08:00,XIMENDING,125,167,144,2025-09-11T07:05:00+08:00
2025-09-11T07:00:00+08:00,TAIPEI_101,135,179,155,2025-09-11T07:05:00+08:00
2025-09-11T08:00:00+08:00,TPE_AIRPORT,70,100,78,2025-09-11T08:05:00+08:00
2025-09-11T08:00:00+08:00,TAIPEI_MAIN,144,208,150,2025-09-11T08:05:00+08:00
2025-09-11T08:00:00+08:00,XIMENDING,143,194,159,2025-09-11T08:05:00+08:00
2025-09-11T08:00:00+08:00,TAIPEI_101,140,165,144,2025-09-11T08:05:00+08:00
2025-09-11T09:00:00+08:00,TPE_AIRPORT,86,114,82,2025-09-11T09:05:00+08:00
2025-09-11T09:00:00+08:00,TAIPEI_MAIN,177,113,91,2025-09-11T09:05:00+08:00
2025-09-11T09:00:00+08:00,XIMENDING,183,97,83,2025-09-11T09:05:00+08:00
2025-09-11T09:00:00+08:00,TAIPEI_101,144,161,143,2025-09-11T09:05:00+08:00
2025-09-11T10:00:00+08:00,TPE_AIRPORT,136,91,78,2025-09-11T10:05:00+08:00
2025-09-11T10:00:00+08:00,TAIPEI_MAIN,173,117,87,2025-09-11T10:05:00+08:00
2025-09-11T10:00:00+08:00,XIMENDING,147,109,82,2025-09-11T10:05:00+08:00
2025-09-11T10:00:00+08:00,TAIPEI_101,164,114,101,2025-09-11T10:05:00+08:00
2025-09-11T11:00:00+08:00,TPE_AIRPORT,129,78,70,2025-09-11T11:05:00+08:00
2025-09-11T11:00:00+08:00,TAIPEI_MAIN,166,97,81,2025-09-11T11:05:00+08:00
2025-09-11T11:00:00+08:00,XIMENDING,132,136,107,2025-09-11T11:05:00+08:00
2025-09-11T11:00:00+08:00,TAIPEI_101,175,117,95,2025-09-11T11:05:00+08:00
2025-09-11T12:00:00+08:00,TPE_AIRPORT,136,119,105,2025-09-11T12:05:00+08:00
2025-09-11T12:00:00+08:00,TAIPEI_MAIN,171,112,98,2025-09-11T12:05:00+08:00
2025-09-11T12:00:00+08:00,XIMENDING,149,148,125,2025-09-11T12:05:00+08:00
2025-09-11T12:00:00+08:00,TAIPEI_101,166,90,78,2025-09-11T12:05:00+08:00
2025-09-11T13:00:00+08:00,TPE_AIRPORT,100,86,72,2025-09-11T13:05:00+08:00
2025-09-11T13:00:00+08:00,TAIPEI_MAIN,175,120,92,2025-09-11T13:05:00+08:00
2025-09-11T13:00:00+08:00,XIMENDING,179,99,84,2025-09-11T13:05:00+08:00
2025-09-11T13:00:00+08:00,TAIPEI_101,163,97,83,2025-09-11T13:05:00+08:00
2025-09-11T14:00:00+08:00,TPE_AIRPORT,113,75,58,2025-09-11T14:05:00+08:00
2025-09-11T14:00:00+08:00,TAIPEI_MAIN,177,150,109,2025-09-11T14:05:00+08:00
2025-09-11T14:00:00+08:00,XIMENDING,165,50,40,2025-09-11T14:05:00+08:00
2025-09-11T14:00:00+08:00,TAIPEI_101,157,134,110,2025-09-11T14:05:00+08:00
2025-09-11T15:00:00+08:00,TPE_AIRPORT,109,69,50,2025-09-11T15:05:00+08:00
2025-09-11T15:00:00+08:00,TAIPEI_MAIN,145,136,119,2025-09-11T15:05:00+08:00
2025-09-11T15:00:00+08:00,XIMENDING,145,112,80,2025-09-11T15:05:00+08:00
2025-09-11T15:00:00+08:00,TAIPEI_101,140,152,115,2025-09-11T15:05:00+08:00
2025-09-11T16:00:00+08:00,TPE_AIRPORT,115,54,43,2025-09-11T16:05:00+08:00
2025-09-11T16:00:00+08:00,TAIPEI_MAIN,158,89,69,2025-09-11T16:05:00+08:00
2025-09-11T16:00:00+08:00,XIMENDING,177,118,100,2025-09-11T16:05:00+08:00
2025-09-11T16:00:00+08:00,TAIPEI_101,150,142,108,2025-09-11T16:05:00+08:00
2025-09-11T17:00:00+08:00,TPE_AIRPORT,108,88,66,2025-09-11T17:05:00+08:00
2025-09-11T17:00:00+08:00,TAIPEI_MAIN,164,125,113,2025-09-11T17:05:00+08:00
2025-09-11T17:00:00+08:00,XIMENDING,186,111,87,2025-09-11T17:05:00+08:00
2025-09-11T17:00:00+08:00,TAIPEI_101,148,132,106,2025-09-11T17:05:00+08:00
2025-09-11T18:00:00+08:00,TPE_AIRPORT,119,40,29,2025-09-11T18:05:00+08:00
2025-09-11T18:00:00+08:00,TAIPEI_MAIN,135,72,55,2025-09-11T18:05:00+08:00
2025-09-11T18:00:00+08:00,XIMENDING,141,120,103,2025-09-11T18:05:00+08:00
2025-09-11T18:00:00+08:00,TAIPEI_101,159,133,114,2025-09-11T18:05:00+08:00
2025-09-11T19:00:00+08:00,TPE_AIRPORT,86,36,26,2025-09-11T19:05:00+08:00
2025-09-11T19:00:00+08:00,TAIPEI_MAIN,155,128,105,2025-09-11T19:05:00+08:00
2025-09-11T19:00:00+08:00,XIMENDING,152,116,92,2025-09-11T19:05:00+08:00
2025-09-11T19:00:00+08:00,TAIPEI_101,161,116,89,2025-09-11T19:05:00+08:00
2025-09-11T20:00:00+08:00,TPE_AIRPORT,69,97,78,2025-09-11T20:05:00+08:00
2025-09-11T20:00:00+08:00,TAIPEI_MAIN,172,183,142,2025-09-11T20:05:00+08:00
2025-09-11T20:00:00+08:00,XIMENDING,172,187,149,2025-09-11T20:05:00+08:00
2025-09-11T20:00:00+08:00,TAIPEI_101,120,181,162,2025-09-11T20:05:00+08:00
2025-09-11T21:00:00+08:00,TPE_AIRPORT,104,109,94,2025-09-11T21:05:00+08:00
2025-09-11T21:00:00+08:00,TAIPEI_MAIN,133,177,137,2025-09-11T21:05:00+08:00
2025-09-11T21:00:00+08:00,XIMENDING,137,147,110,2025-09-11T21:05:00+08:00
2025-09-11T21:00:00+08:00,TAIPEI_101,183,193,149,2025-09-11T21:05:00+08:00
2025-09-11T22:00:00+08:00,TPE_AIRPORT,98,98,76,2025-09-11T22:05:00+08:00
2025-09-11T22:00:00+08:00,TAIPEI_MAIN,117,190,146,2025-09-11T22:05:00+08:00
2025-09-11T22:00:00+08:00,XIMENDING,118,151,130,2025-09-11T22:05:00+08:00
2025-09-11T22:00:00+08:00,TAIPEI_101,162,204,154,2025-09-11T22:05:00+08:00
2025-09-11T23:00:00+08:00,TPE_AIRPORT,74,144,119,2025-09-11T23:05:00+08:00
2025-09-11T23:00:00+08:00,TAIPEI_MAIN,118,221,173,2025-09-11T23:05:00+08:00
2025-09-11T23:00:00+08:00,XIMENDING,154,207,177,2025-09-11T23:05:00+08:00
2025-09-11T23:00:00+08:00,TAIPEI_101,129,163,118,2025-09-11T23:05:00+08:00
2025-09-12T00:00:00+08:00,TPE_AIRPORT,123,98,77,2025-09-12T00:05:00+08:00
2025-09-12T00:00:00+08:00,TAIPEI_MAIN,157,154,123,2025-09-12T00:05:00+08:00
2025-09-12T00:00:00+08:00,XIMENDING,158,85,72,2025-09-12T00:05:00+08:00
2025-09-12T00:00:00+08:00,TAIPEI_101,188,81,64,2025-09-12T00:05:00+08:00
2025-09-12T01:00:00+08:00,TPE_AIRPORT,94,113,82,2025-09-12T01:05:00+08:00
2025-09-12T01:00:00+08:00,TAIPEI_MAIN,140,105,89,2025-09-12T01:05:00+08:00
2025-09-12T01:00:00+08:00,XIMENDING,151,120,102,2025-09-12T01:05:00+08:00
2025-09-12T01:00:00+08:00,TAIPEI_101,159,81,64,2025-09-12T01:05:00+08:00
2025-09-12T02:00:00+08:00,TPE_AIRPORT,125,110,94,2025-09-12T02:05:00+08:00
2025-09-12T02:00:00+08:00,TAIPEI_MAIN,171,134,97,2025-09-12T02:05:00+08:00
2025-09-12T02:00:00+08:00,XIMENDING,169,134,110,2025-09-12T02:05:00+08:00
2025-09-12T02:00:00+08:00,TAIPEI_101,174,136,100,2025-09-12T02:05:00+08:00
2025-09-12T03:00:00+08:00,TPE_AIRPORT,85,78,62,2025-09-12T03:05:00+08:00
2025-09-12T03:00:00+08:00,TAIPEI_MAIN,171,58,49,2025-09-12T03:05:00+08:00
2025-09-12T03:00:00+08:00,XIMENDING,194,143,121,2025-09-12T03:05:00+08:00
2025-09-12T03:00:00+08:00,TAIPEI_101,189,143,105,2025-09-12T03:05:00+08:00
2025-09-12T04:00:00+08:00,TPE_AIRPORT,117,46,36,2025-09-12T04:05:00+08:00
2025-09-12T04:00:00+08:00,TAIPEI_MAIN,150,117,96,2025-09-12T04:05:00+08:00
2025-09-12T04:00:00+08:00,XIMENDING,169,118,92,2025-09-12T04:05:00+08:00
2025-09-12T04:00:00+08:00,TAIPEI_101,170,124,101,2025-09-12T04:05:00+08:00
2025-09-12T05:00:00+08:00,TPE_AIRPORT,105,140,118,2025-09-12T05:05:00+08:00
2025-09-12T05:00:00+08:00,TAIPEI_MAIN,134,179,134,2025-09-12T05:05:00+08:00
2025-09-12T05:00:00+08:00,XIMENDING,111,186,164,2025-09-12T05:05:00+08:00
2025-09-12T05:00:00+08:00,TAIPEI_101,150,178,156,2025-09-12T05:05:00+08:00
2025-09-12T06:00:00+08:00,TPE_AIRPORT,80,100,87,2025-09-12T06:05:00+08:00
2025-09-12T06:00:00+08:00,TAIPEI_MAIN,121,219,177,2025-09-12T06:05:00+08:00
2025-09-12T06:00:00+08:00,XIMENDING,136,203,148,2025-09-12T06:05:00+08:00
2025-09-12T06:00:00+08:00,TAIPEI_101,160,166,133,2025-09-12T06:05:00+08:00
2025-09-12T07:00:00+08:00,TPE_AIRPORT,105,122,106,2025-09-12T07:05:00+08:00
2025-09-12T07:00:00+08:00,TAIPEI_MAIN,157,180,163,2025-09-12T07:05:00+08:00
2025-09-12T07:00:00+08:00,XIMENDING,131,222,186,2025-09-12T07:05:00+08:00
2025-09-12T07:00:00+08:00,TAIPEI_101,122,203,155,2025-09-12T07:05:00+08:00
2025-09-12T08:00:00+08:00,TPE_AIRPORT,78,143,116,2025-09-12T08:05:00+08:00
2025-09-12T08:00:00+08:00,TAIPEI_MAIN,107,166,144,2025-09-12T08:05:00+08:00
2025-09-12T08:00:00+08:00,XIMENDING,130,170,142,2025-09-12T08:05:00+08:00
2025-09-12T08:00:00+08:00,TAIPEI_101,139,190,142,2025-09-12T08:05:00+08:00
2025-09-12T09:00:00+08:00,TPE_AIRPORT,99,98,88,2025-09-12T09:05:00+08:00
2025-09-12T09:00:00+08:00,TAIPEI_MAIN,152,122,89,2025-09-12T09:05:00+08:00
2025-09-12T09:00:00+08:00,XIMENDING,175,167,121,2025-09-12T09:05:00+08:00
2025-09-12T09:00:00+08:00,TAIPEI_101,154,140,103,2025-09-12T09:05:00+08:00
2025-09-12T10:00:00+08:00,TPE_AIRPORT,103,108,96,2025-09-12T10:05:00+08:00
2025-09-12T10:00:00+08:00,TAIPEI_MAIN,158,93,74,2025-09-12T10:05:00+08:00
2025-09-12T10:00:00+08:00,XIMENDING,151,122,88,2025-09-12T10:05:00+08:00
2025-09-12T10:00:00+08:00,TAIPEI_101,146,156,128,2025-09-12T10:05:00+08:00
2025-09-12T11:00:00+08:00,TPE_AIRPORT,100,81,70,2025-09-12T11:05:00+08:00
2025-09-12T11:00:00+08:00,TAIPEI_MAIN,165,85,64,2025-09-12T11:05:00+08:00
2025-09-12T11:00:00+08:00,XIMENDING,153,106,91,2025-09-12T11:05:00+08:00
2025-09-12T11:00:00+08:00,TAIPEI_101,133,106,91,2025-09-12T11:05:00+08:00
2025-09-12T12:00:00+08:00,TPE_AIRPORT,115,63,56,2025-09-12T12:05:00+08:00
2025-09-12T12:00:00+08:00,TAIPEI_MAIN,192,62,51,2025-09-12T12:05:00+08:00
2025-09-12T12:00:00+08:00,XIMENDING,143,125,103,2025-09-12T12:05:00+08:00
2025-09-12T12:00:00+08:00,TAIPEI_101,169,139,119,2025-09-12T12:05:00+08:00
2025-09-12T13:00:00+08:00,TPE_AIRPORT,103,88,70,2025-09-12T13:05:00+08:00
2025-09-12T13:00:00+08:00,TAIPEI_MAIN,134,108,92,2025-09-12T13:05:00+08:00
2025-09-12T13:00:00+08:00,XIMENDING,193,114,86,2025-09-12T13:05:00+08:00
2025-09-12T13:00:00+08:00,TAIPEI_101,130,94,74,2025-09-12T13:05:00+08:00
2025-09-12T14:00:00+08:00,TPE_AIRPORT,137,85,71,2025-09-12T14:05:00+08:00
2025-09-12T14:00:00+08:00,TAIPEI_MAIN,171,95,70,2025-09-12T14:05:00+08:00
2025-09-12T14:00:00+08:00,XIMENDING,163,91,70,2025-09-12T14:05:00+08:00
2025-09-12T14:00:00+08:00,TAIPEI_101,173,104,75,2025-09-12T14:05:00+08:00
2025-09-12T15:00:00+08:00,TPE_AIRPORT,134,85,63,2025-09-12T15:05:00+08:00
2025-09-12T15:00:00+08:00,TAIPEI_MAIN,154,119,106,2025-09-12T15:05:00+08:00
2025-09-12T15:00:00+08:00,XIMENDING,168,81,62,2025-09-12T15:05:00+08:00
2025-09-12T15:00:00+08:00,TAIPEI_101,163,134,102,2025-09-12T15:05:00+08:00
2025-09-12T16:00:00+08:00,TPE_AIRPORT,110,76,59,2025-09-12T16:05:00+08:00
2025-09-12T16:00:00+08:00,TAIPEI_MAIN,159,104,85,2025-09-12T16:05:00+08:00
2025-09-12T16:00:00+08:00,XIMENDING,168,108,91,2025-09-12T16:05:00+08:00
2025-09-12T16:00:00+08:00,TAIPEI_101,152,152,113,2025-09-12T16:05:00+08:00
2025-09-12T17:00:00+08:00,TPE_AIRPORT,123,64,51,2025-09-12T17:05:00+08:00
2025-09-12T17:00:00+08:00,TAIPEI_MAIN,145,100,78,2025-09-12T17:05:00+08:00
2025-09-12T17:00:00+08:00,XIMENDING,110,118,95,2025-09-12T17:05:00+08:00
2025-09-12T17:00:00+08:00,TAIPEI_101,152,72,57,2025-09-12T17:05:00+08:00
2025-09-12T18:00:00+08:00,TPE_AIRPORT,135,105,94,2025-09-12T18:05:00+08:00
2025-09-12T18:00:00+08:00,TAIPEI_MAIN,180,102,81,2025-09-12T18:05:00+08:00
2025-09-12T18:00:00+08:00,XIMENDING,156,86,63,2025-09-12T18:05:00+08:00
2025-09-12T18:00:00+08:00,TAIPEI_101,166,124,93,2025-09-12T18:05:00+08:00
2025-09-12T19:00:00+08:00,TPE_AIRPORT,107,58,50,2025-09-12T19:05:00+08:00
2025-09-12T19:00:00+08:00,TAIPEI_MAIN,136,86,76,2025-09-12T19:05:00+08:00
2025-09-12T19:00:00+08:00,XIMENDING,132,136,104,2025-09-12T19:05:00+08:00
2025-09-12T19:00:00+08:00,TAIPEI_101,166,123,105,2025-09-12T19:05:00+08:00
2025-09-12T20:00:00+08:00,TPE_AIRPORT,87,96,71,2025-09-12T20:05:00+08:00
2025-09-12T20:00:00+08:00,TAIPEI_MAIN,152,169,137,2025-09-12T20:05:00+08:00
2025-09-12T20:00:00+08:00,XIMENDING,121,147,128,2025-09-12T20:05:00+08:00
2025-09-12T20:00:00+08:00,TAIPEI_101,150,213,186,2025-09-12T20:05:00+08:00
2025-09-12T21:00:00+08:00,TPE_AIRPORT,84,123,105,2025-09-12T21:05:00+08:00
2025-09-12T21:00:00+08:00,TAIPEI_MAIN,143,193,147,2025-09-12T21:05:00+08:00
2025-09-12T21:00:00+08:00,XIMENDING,108,198,157,2025-09-12T21:05:00+08:00
2025-09-12T21:00:00+08:00,TAIPEI_101,139,139,103,2025-09-12T21:05:00+08:00
2025-09-12T22:00:00+08:00,TPE_AIRPORT,85,144,125,2025-09-12T22:05:00+08:00
2025-09-12T22:00:00+08:00,TAIPEI_MAIN,113,209,186,2025-09-12T22:05:00+08:00
2025-09-12T22:00:00+08:00,XIMENDING,149,185,138,2025-09-12T22:05:00+08:00
2025-09-12T22:00:00+08:00,TAIPEI_101,139,201,172,2025-09-12T22:05:00+08:00
2025-09-12T23:00:00+08:00,TPE_AIRPORT,99,108,97,2025-09-12T23:05:00+08:00
2025-09-12T23:00:00+08:00,TAIPEI_MAIN,143,151,126,2025-09-12T23:05:00+08:00
2025-09-12T23:00:00+08:00,XIMENDING,143,168,137,2025-09-12T23:05:00+08:00
2025-09-12T23:00:00+08:00,TAIPEI_101,116,171,130,2025-09-12T23:05:00+08:00
2025-09-13T00:00:00+08:00,TPE_AIRPORT,103,98,85,2025-09-13T00:05:00+08:00
2025-09-13T00:00:00+08:00,TAIPEI_MAIN,162,122,103,2025-09-13T00:05:00+08:00
2025-09-13T00:00:00+08:00,XIMENDING,160,139,122,2025-09-13T00:05:00+08:00
2025-09-13T00:00:00+08:00,TAIPEI_101,155,103,83,2025-09-13T00:05:00+08:00
2025-09-13T01:00:00+08:00,TPE_AIRPORT,142,107,93,2025-09-13T01:05:00+08:00
2025-09-13T01:00:00+08:00,TAIPEI_MAIN,163,128,114,2025-09-13T01:05:00+08:00
2025-09-13T01:00:00+08:00,XIMENDING,143,103,75,2025-09-13T01:05:00+08:00
2025-09-13T01:00:00+08:00,TAIPEI_101,172,121,102,2025-09-13T01:05:00+08:00
2025-09-13T02:00:00+08:00,TPE_AIRPORT,115,72,60,2025-09-13T02:05:00+08:00
2025-09-13T02:00:00+08:00,TAIPEI_MAIN,136,127,110,2025-09-13T02:05:00+08:00
2025-09-13T02:00:00+08:00,XIMENDING,169,95,69,2025-09-13T02:05:00+08:00
2025-09-13T02:00:00+08:00,TAIPEI_101,140,114,97,2025-09-13T02:05:00+08:00
2025-09-13T03:00:00+08:00,TPE_AIRPORT,117,85,63,2025-09-13T03:05:00+08:00
2025-09-13T03:00:00+08:00,TAIPEI_MAIN,167,88,68,2025-09-13T03:05:00+08:00
2025-09-13T03:00:00+08:00,XIMENDING,168,80,62,2025-09-13T03:05:00+08:00
2025-09-13T03:00:00+08:00,TAIPEI_101,139,158,131,2025-09-13T03:05:00+08:00
2025-09-13T04:00:00+08:00,TPE_AIRPORT,110,102,78,2025-09-13T04:05:00+08:00
2025-09-13T04:00:00+08:00,TAIPEI_MAIN,135,126,105,2025-09-13T04:05:00+08:00
2025-09-13T04:00:00+08:00,XIMENDING,153,112,84,2025-09-13T04:05:00+08:00
2025-09-13T04:00:00+08:00,TAIPEI_101,125,116,93,2025-09-13T04:05:00+08:00
2025-09-13T05:00:00+08:00,TPE_AIRPORT,100,141,105,2025-09-13T05:05:00+08:00
2025-09-13T05:00:00+08:00,TAIPEI_MAIN,148,156,126,2025-09-13T05:05:00+08:00
2025-09-13T05:00:00+08:00,XIMENDING,135,203,178,2025-09-13T05:05:00+08:00
2025-09-13T05:00:00+08:00,TAIPEI_101,108,197,178,2025-09-13T05:05:00+08:00
2025-09-13T06:00:00+08:00,TPE_AIRPORT,103,81,68,2025-09-13T06:05:00+08:00
2025-09-13T06:00:00+08:00,TAIPEI_MAIN,161,184,138,2025-09-13T06:05:00+08:00
2025-09-13T06:00:00+08:00,XIMENDING,128,184,156,2025-09-13T06:05:00+08:00
2025-09-13T06:00:00+08:00,TAIPEI_101,145,178,137,2025-09-13T06:05:00+08:00
2025-09-13T07:00:00+08:00,TPE_AIRPORT,69,112,99,2025-09-13T07:05:00+08:00
2025-09-13T07:00:00+08:00,TAIPEI_MAIN,138,202,157,2025-09-13T07:05:00+08:00
2025-09-13T07:00:00+08:00,XIMENDING,122,197,144,2025-09-13T07:05:00+08:00
2025-09-13T07:00:00+08:00,TAIPEI_101,121,209,177,2025-09-13T07:05:00+08:00
2025-09-13T08:00:00+08:00,TPE_AIRPORT,66,129,109,2025-09-13T08:05:00+08:00
2025-09-13T08:00:00+08:00,TAIPEI_MAIN,107,205,174,2025-09-13T08:05:00+08:00
2025-09-13T08:00:00+08:00,XIMENDING,173,198,144,2025-09-13T08:05:00+08:00
2025-09-13T08:00:00+08:00,TAIPEI_101,127,174,145,2025-09-13T08:05:00+08:00
2025-09-13T09:00:00+08:00,TPE_AIRPORT,124,91,70,2025-09-13T09:05:00+08:00
2025-09-13T09:00:00+08:00,TAIPEI_MAIN,166,126,109,2025-09-13T09:05:00+08:00
2025-09-13T09:00:00+08:00,XIMENDING,156,126,110,2025-09-13T09:05:00+08:00
2025-09-13T09:00:00+08:00,TAIPEI_101,174,103,88,2025-09-13T09:05:00+08:00
2025-09-13T10:00:00+08:00,TPE_AIRPORT,128,68,50,2025-09-13T10:05:00+08:00
2025-09-13T10:00:00+08:00,TAIPEI_MAIN,140,118,106,2025-09-13T10:05:00+08:00
2025-09-13T10:00:00+08:00,XIMENDING,172,124,108,2025-09-13T10:05:00+08:00
2025-09-13T10:00:00+08:00,TAIPEI_101,162,96,76,2025-09-13T10:05:00+08:00
2025-09-13T11:00:00+08:00,TPE_AIRPORT,115,96,73,2025-09-13T11:05:00+08:00
2025-09-13T11:00:00+08:00,TAIPEI_MAIN,158,111,88,2025-09-13T11:05:00+08:00
2025-09-13T11:00:00+08:00,XIMENDING,180,120,88,2025-09-13T11:05:00+08:00
2025-09-13T11:00:00+08:00,TAIPEI_101,158,153,124,2025-09-13T11:05:00+08:00
2025-09-13T12:00:00+08:00,TPE_AIRPORT,83,93,67,2025-09-13T12:05:00+08:00
2025-09-13T12:00:00+08:00,TAIPEI_MAIN,156,106,86,2025-09-13T12:05:00+08:00
2025-09-13T12:00:00+08:00,XIMENDING,134,135,113,2025-09-13T12:05:00+08:00
2025-09-13T12:00:00+08:00,TAIPEI_101,177,86,66,2025-09-13T12:05:00+08:00
2025-09-13T13:00:00+08:00,TPE_AIRPORT,123,68,53,2025-09-13T13:05:00+08:00
2025-09-13T13:00:00+08:00,TAIPEI_MAIN,152,96,78,2025-09-13T13:05:00+08:00
2025-09-13T13:00:00+08:00,XIMENDING,152,105,78,2025-09-13T13:05:00+08:00
2025-09-13T13:00:00+08:00,TAIPEI_101,165,137,122,2025-09-13T13:05:00+08:00
2025-09-13T14:00:00+08:00,TPE_AIRPORT,97,78,69,2025-09-13T14:05:00+08:00
2025-09-13T14:00:00+08:00,TAIPEI_MAIN,180,101,80,2025-09-13T14:05:00+08:00
2025-09-13T14:00:00+08:00,XIMENDING,154,114,99,2025-09-13T14:05:00+08:00
2025-09-13T14:00:00+08:00,TAIPEI_101,159,150,116,2025-09-13T14:05:00+08:00
2025-09-13T15:00:00+08:00,TPE_AIRPORT,131,55,47,2025-09-13T15:05:00+08:00
2025-09-13T15:00:00+08:00,TAIPEI_MAIN,148,125,100,2025-09-13T15:05:00+08:00
2025-09-13T15:00:00+08:00,XIMENDING,147,129,105,2025-09-13T15:05:00+08:00
2025-09-13T15:00:00+08:00,TAIPEI_101,148,92,82,2025-09-13T15:05:00+08:00
2025-09-13T16:00:00+08:00,TPE_AIRPORT,129,54,45,2025-09-13T16:05:00+08:00
2025-09-13T16:00:00+08:00,TAIPEI_MAIN,141,80,60,2025-09-13T16:05:00+08:00
2025-09-13T16:00:00+08:00,XIMENDING,165,101,76,2025-09-13T16:05:00+08:00
2025-09-13T16:00:00+08:00,TAIPEI_101,166,118,95,2025-09-13T16:05:00+08:00
2025-09-13T17:00:00+08:00,TPE_AIRPORT,120,83,68,2025-09-13T17:05:00+08:00
2025-09-13T17:00:00+08:00,TAIPEI_MAIN,175,123,110,2025-09-13T17:05:00+08:00
2025-09-13T17:00:00+08:00,XIMENDING,170,129,112,2025-09-13T17:05:00+08:00
2025-09-13T17:00:00+08:00,TAIPEI_101,158,98,82,2025-09-13T17:05:00+08:00
2025-09-13T18:00:00+08:00,TPE_AIRPORT,113,117,104,2025-09-13T18:05:00+08:00
2025-09-13T18:00:00+08:00,TAIPEI_MAIN,164,91,73,2025-09-13T18:05:00+08:00
2025-09-13T18:00:00+08:00,XIMENDING,154,138,125,2025-09-13T18:05:00+08:00
2025-09-13T18:00:00+08:00,TAIPEI_101,173,73,59,2025-09-13T18:05:00+08:00
2025-09-13T19:00:00+08:00,TPE_AIRPORT,62,88,78,2025-09-13T19:05:00+08:00
2025-09-13T19:00:00+08:00,TAIPEI_MAIN,143,146,115,2025-09-13T19:05:00+08:00
2025-09-13T19:00:00+08:00,XIMENDING,141,111,83,2025-09-13T19:05:00+08:00
2025-09-13T19:00:00+08:00,TAIPEI_101,159,119,103,2025-09-13T19:05:00+08:00
2025-09-13T20:00:00+08:00,TPE_AIRPORT,105,139,118,2025-09-13T20:05:00+08:00
2025-09-13T20:00:00+08:00,TAIPEI_MAIN,170,194,157,2025-09-13T20:05:00+08:00
2025-09-13T20:00:00+08:00,XIMENDING,85,175,130,2025-09-13T20:05:00+08:00
2025-09-13T20:00:00+08:00,TAIPEI_101,125,164,126,2025-09-13T20:05:00+08:00
2025-09-13T21:00:00+08:00,TPE_AIRPORT,127,73,57,2025-09-13T21:05:00+08:00
2025-09-13T21:00:00+08:00,TAIPEI_MAIN,144,200,180,2025-09-13T21:05:00+08:00
2025-09-13T21:00:00+08:00,XIMENDING,150,153,118,2025-09-13T21:05:00+08:00
2025-09-13T21:00:00+08:00,TAIPEI_101,164,202,155,2025-09-13T21:05:00+08:00
2025-09-13T22:00:00+08:00,TPE_AIRPORT,70,131,115,2025-09-13T22:05:00+08:00
2025-09-13T22:00:00+08:00,TAIPEI_MAIN,160,183,143,2025-09-13T22:05:00+08:00
2025-09-13T22:00:00+08:00,XIMENDING,157,168,150,2025-09-13T22:05:00+08:00
2025-09-13T22:00:00+08:00,TAIPEI_101,149,238,177,2025-09-13T22:05:00+08:00
2025-09-13T23:00:00+08:00,TPE_AIRPORT,74,158,123,2025-09-13T23:05:00+08:00
2025-09-13T23:00:00+08:00,TAIPEI_MAIN,123,177,134,2025-09-13T23:05:00+08:00
2025-09-13T23:00:00+08:00,XIMENDING,119,165,127,2025-09-13T23:05:00+08:00
2025-09-13T23:00:00+08:00,TAIPEI_101,124,195,169,2025-09-13T23:05:00+08:00
2025-09-14T00:00:00+08:00,TPE_AIRPORT,136,79,62,2025-09-14T00:05:00+08:00
2025-09-14T00:00:00+08:00,TAIPEI_MAIN,166,118,104,2025-09-14T00:05:00+08:00
2025-09-14T00:00:00+08:00,XIMENDING,218,120,95,2025-09-14T00:05:00+08:00
2025-09-14T00:00:00+08:00,TAIPEI_101,175,110,94,2025-09-14T00:05:00+08:00
2025-09-14T01:00:00+08:00,TPE_AIRPORT,96,80,60,2025-09-14T01:05:00+08:00
2025-09-14T01:00:00+08:00,TAIPEI_MAIN,168,126,113,2025-09-14T01:05:00+08:00
2025-09-14T01:00:00+08:00,XIMENDING,167,112,82,2025-09-14T01:05:00+08:00
2025-09-14T01:00:00+08:00,TAIPEI_101,171,113,83,2025-09-14T01:05:00+08:00
2025-09-14T02:00:00+08:00,TPE_AIRPORT,110,32,25,2025-09-14T02:05:00+08:00
2025-09-14T02:00:00+08:00,TAIPEI_MAIN,168,99,88,2025-09-14T02:05:00+08:00
2025-09-14T02:00:00+08:00,XIMENDING,172,152,132,2025-09-14T02:05:00+08:00
2025-09-14T02:00:00+08:00,TAIPEI_101,160,69,58,2025-09-14T02:05:00+08:00
2025-09-14T03:00:00+08:00,TPE_AIRPORT,109,61,53,2025-09-14T03:05:00+08:00
2025-09-14T03:00:00+08:00,TAIPEI_MAIN,142,118,87,2025-09-14T03:05:00+08:00
2025-09-14T03:00:00+08:00,XIMENDING,155,123,110,2025-09-14T03:05:00+08:00
2025-09-14T03:00:00+08:00,TAIPEI_101,192,103,80,2025-09-14T03:05:00+08:00
2025-09-14T04:00:00+08:00,TPE_AIRPORT,109,89,79,2025-09-14T04:05:00+08:00
2025-09-14T04:00:00+08:00,TAIPEI_MAIN,122,96,76,2025-09-14T04:05:00+08:00
2025-09-14T04:00:00+08:00,XIMENDING,165,104,77,2025-09-14T04:05:00+08:00
2025-09-14T04:00:00+08:00,TAIPEI_101,160,91,71,2025-09-14T04:05:00+08:00
2025-09-14T05:00:00+08:00,TPE_AIRPORT,63,135,101,2025-09-14T05:05:00+08:00
2025-09-14T05:00:00+08:00,TAIPEI_MAIN,132,187,160,2025-09-14T05:05:00+08:00
2025-09-14T05:00:00+08:00,XIMENDING,149,185,136,2025-09-14T05:05:00+08:00
2025-09-14T05:00:00+08:00,TAIPEI_101,152,194,176,2025-09-14T05:05:00+08:00
2025-09-14T06:00:00+08:00,TPE_AIRPORT,82,119,92,2025-09-14T06:05:00+08:00
2025-09-14T06:00:00+08:00,TAIPEI_MAIN,152,173,130,2025-09-14T06:05:00+08:00
2025-09-14T06:00:00+08:00,XIMENDING,141,211,167,2025-09-14T06:05:00+08:00
2025-09-14T06:00:00+08:00,TAIPEI_101,154,158,127,2025-09-14T06:05:00+08:00
2025-09-14T07:00:00+08:00,TPE_AIRPORT,86,144,114,2025-09-14T07:05:00+08:00
2025-09-14T07:00:00+08:00,TAIPEI_MAIN,143,166,120,2025-09-14T07:05:00+08:00
2025-09-14T07:00:00+08:00,XIMENDING,146,203,182,2025-09-14T07:05:00+08:00
2025-09-14T07:00:00+08:00,TAIPEI_101,157,194,150,2025-09-14T07:05:00+08:00
2025-09-14T08:00:00+08:00,TPE_AIRPORT,72,127,96,2025-09-14T08:05:00+08:00
2025-09-14T08:00:00+08:00,TAIPEI_MAIN,141,190,143,2025-09-14T08:05:00+08:00
2025-09-14T08:00:00+08:00,XIMENDING,129,162,121,2025-09-14T08:05:00+08:00
2025-09-14T08:00:00+08:00,TAIPEI_101,143,182,145,2025-09-14T08:05:00+08:00
2025-09-14T09:00:00+08:00,TPE_AIRPORT,129,68,55,2025-09-14T09:05:00+08:00
2025-09-14T09:00:00+08:00,TAIPEI_MAIN,163,87,66,2025-09-14T09:05:00+08:00
2025-09-14T09:00:00+08:00,XIMENDING,160,147,109,2025-09-14T09:05:00+08:00
2025-09-14T09:00:00+08:00,TAIPEI_101,173,103,78,2025-09-14T09:05:00+08:00
2025-09-14T10:00:00+08:00,TPE_AIRPORT,91,82,65,2025-09-14T10:05:00+08:00
2025-09-14T10:00:00+08:00,TAIPEI_MAIN,148,113,93,2025-09-14T10:05:00+08:00
2025-09-14T10:00:00+08:00,XIMENDING,192,132,115,2025-09-14T10:05:00+08:00
2025-09-14T10:00:00+08:00,TAIPEI_101,137,96,78,2025-09-14T10:05:00+08:00
2025-09-14T11:00:00+08:00,TPE_AIRPORT,114,74,64,2025-09-14T11:05:00+08:00
2025-09-14T11:00:00+08:00,TAIPEI_MAIN,162,129,96,2025-09-14T11:05:00+08:00
2025-09-14T11:00:00+08:00,XIMENDING,165,137,117,2025-09-14T11:05:00+08:00
2025-09-14T11:00:00+08:00,TAIPEI_101,177,134,112,2025-09-14T11:05:00+08:00
2025-09-14T12:00:00+08:00,TPE_AIRPORT,134,61,52,2025-09-14T12:05:00+08:00
2025-09-14T12:00:00+08:00,TAIPEI_MAIN,147,113,99,2025-09-14T12:05:00+08:00
2025-09-14T12:00:00+08:00,XIMENDING,152,121,96,2025-09-14T12:05:00+08:00
2025-09-14T12:00:00+08:00,TAIPEI_101,159,127,109,2025-09-14T12:05:00+08:00
2025-09-14T13:00:00+08:00,TPE_AIRPORT,112,66,54,2025-09-14T13:05:00+08:00
2025-09-14T13:00:00+08:00,TAIPEI_MAIN,190,72,58,2025-09-14T13:05:00+08:00
2025-09-14T13:00:00+08:00,XIMENDING,155,78,68,2025-09-14T13:05:00+08:00
2025-09-14T13:00:00+08:00,TAIPEI_101,191,104,83,2025-09-14T13:05:00+08:00
2025-09-14T14:00:00+08:00,TPE_AIRPORT,122,68,58,2025-09-14T14:05:00+08:00
2025-09-14T14:00:00+08:00,TAIPEI_MAIN,162,127,91,2025-09-14T14:05:00+08:00
2025-09-14T14:00:00+08:00,XIMENDING,155,101,86,2025-09-14T14:05:00+08:00
2025-09-14T14:00:00+08:00,TAIPEI_101,139,103,91,2025-09-14T14:05:00+08:00
2025-09-14T15:00:00+08:00,TPE_AIRPORT,109,104,91,2025-09-14T15:05:00+08:00
2025-09-14T15:00:00+08:00,TAIPEI_MAIN,145,73,57,2025-09-14T15:05:00+08:00
2025-09-14T15:00:00+08:00,XIMENDING,173,125,102,2025-09-14T15:05:00+08:00
2025-09-14T15:00:00+08:00,TAIPEI_101,153,144,109,2025-09-14T15:05:00+08:00
2025-09-14T16:00:00+08:00,TPE_AIRPORT,113,16,12,2025-09-14T16:05:00+08:00
2025-09-14T16:00:00+08:00,TAIPEI_MAIN,135,116,93,2025-09-14T16:05:00+08:00
2025-09-14T16:00:00+08:00,XIMENDING,163,106,94,2025-09-14T16:05:00+08:00
2025-09-14T16:00:00+08:00,TAIPEI_101,193,122,94,2025-09-14T16:05:00+08:00
2025-09-14T17:00:00+08:00,TPE_AIRPORT,113,67,53,2025-09-14T17:05:00+08:00
2025-09-14T17:00:00+08:00,TAIPEI_MAIN,187,103,79,2025-09-14T17:05:00+08:00
2025-09-14T17:00:00+08:00,XIMENDING,172,114,82,2025-09-14T17:05:00+08:00
2025-09-14T17:00:00+08:00,TAIPEI_101,173,140,112,2025-09-14T17:05:00+08:00
2025-09-14T18:00:00+08:00,TPE_AIRPORT,99,99,80,2025-09-14T18:05:00+08:00
2025-09-14T18:00:00+08:00,TAIPEI_MAIN,169,146,112,2025-09-14T18:05:00+08:00
2025-09-14T18:00:00+08:00,XIMENDING,178,120,103,2025-09-14T18:05:00+08:00
2025-09-14T18:00:00+08:00,TAIPEI_101,182,132,106,2025-09-14T18:05:00+08:00
2025-09-14T19:00:00+08:00,TPE_AIRPORT,124,52,46,2025-09-14T19:05:00+08:00
2025-09-14T19:00:00+08:00,TAIPEI_MAIN,149,102,87,2025-09-14T19:05:00+08:00
2025-09-14T19:00:00+08:00,XIMENDING,168,118,91,2025-09-14T19:05:00+08:00
2025-09-14T19:00:00+08:00,TAIPEI_101,185,140,115,2025-09-14T19:05:00+08:00
2025-09-14T20:00:00+08:00,TPE_AIRPORT,88,116,96,2025-09-14T20:05:00+08:00
2025-09-14T20:00:00+08:00,TAIPEI_MAIN,141,227,194,2025-09-14T20:05:00+08:00
2025-09-14T20:00:00+08:00,XIMENDING,153,143,125,2025-09-14T20:05:00+08:00
2025-09-14T20:00:00+08:00,TAIPEI_101,102,167,148,2025-09-14T20:05:00+08:00
2025-09-14T21:00:00+08:00,TPE_AIRPORT,75,91,77,2025-09-14T21:05:00+08:00
2025-09-14T21:00:00+08:00,TAIPEI_MAIN,120,180,130,2025-09-14T21:05:00+08:00
2025-09-14T21:00:00+08:00,XIMENDING,152,174,150,2025-09-14T21:05:00+08:00
2025-09-14T21:00:00+08:00,TAIPEI_101,154,198,167,2025-09-14T21:05:00+08:00
2025-09-14T22:00:00+08:00,TPE_AIRPORT,60,121,88,2025-09-14T22:05:00+08:00
2025-09-14T22:00:00+08:00,TAIPEI_MAIN,140,141,119,2025-09-14T22:05:00+08:00
2025-09-14T22:00:00+08:00,XIMENDING,149,164,132,2025-09-14T22:05:00+08:00
2025-09-14T22:00:00+08:00,TAIPEI_101,113,178,150,2025-09-14T22:05:00+08:00
2025-09-14T23:00:00+08:00,TPE_AIRPORT,72,117,88,2025-09-14T23:05:00+08:00
2025-09-14T23:00:00+08:00,TAIPEI_MAIN,134,191,140,2025-09-14T23:05:00+08:00
2025-09-14T23:00:00+08:00,XIMENDING,138,190,148,2025-09-14T23:05:00+08:00
2025-09-14T23:00:00+08:00,TAIPEI_101,110,213,184,2025-09-14T23:05:00+08:00
2025-09-15T00:00:00+08:00,TPE_AIRPORT,132,63,52,2025-09-15T00:05:00+08:00
2025-09-15T00:00:00+08:00,TAIPEI_MAIN,183,105,79,2025-09-15T00:05:00+08:00
2025-09-15T00:00:00+08:00,XIMENDING,153,121,95,2025-09-15T00:05:00+08:00
2025-09-15T00:00:00+08:00,TAIPEI_101,166,77,64,2025-09-15T00:05:00+08:00
2025-09-15T01:00:00+08:00,TPE_AIRPORT,141,49,39,2025-09-15T01:05:00+08:00
2025-09-15T01:00:00+08:00,TAIPEI_MAIN,180,149,110,2025-09-15T01:05:00+08:00
2025-09-15T01:00:00+08:00,XIMENDING,164,96,80,2025-09-15T01:05:00+08:00
2025-09-15T01:00:00+08:00,TAIPEI_101,190,138,115,2025-09-15T01:05:00+08:00
2025-09-15T02:00:00+08:00,TPE_AIRPORT,103,84,64,2025-09-15T02:05:00+08:00
2025-09-15T02:00:00+08:00,TAIPEI_MAIN,175,135,122,2025-09-15T02:05:00+08:00
2025-09-15T02:00:00+08:00,XIMENDING,128,75,61,2025-09-15T02:05:00+08:00
2025-09-15T02:00:00+08:00,TAIPEI_101,166,110,85,2025-09-15T02:05:00+08:00
2025-09-15T03:00:00+08:00,TPE_AIRPORT,102,91,72,2025-09-15T03:05:00+08:00
2025-09-15T03:00:00+08:00,TAIPEI_MAIN,143,137,110,2025-09-15T03:05:00+08:00
2025-09-15T03:00:00+08:00,XIMENDING,135,135,119,2025-09-15T03:05:00+08:00
2025-09-15T03:00:00+08:00,TAIPEI_101,143,52,46,2025-09-15T03:05:00+08:00
2025-09-15T04:00:00+08:00,TPE_AIRPORT,100,103,86,2025-09-15T04:05:00+08:00
2025-09-15T04:00:00+08:00,TAIPEI_MAIN,135,29,21,2025-09-15T04:05:00+08:00
2025-09-15T04:00:00+08:00,XIMENDING,165,112,101,2025-09-15T04:05:00+08:00
2025-09-15T04:00:00+08:00,TAIPEI_101,183,115,86,2025-09-15T04:05:00+08:00
2025-09-15T05:00:00+08:00,TPE_AIRPORT,71,131,100,2025-09-15T05:05:00+08:00
2025-09-15T05:00:00+08:00,TAIPEI_MAIN,153,194,173,2025-09-15T05:05:00+08:00
2025-09-15T05:00:00+08:00,XIMENDING,128,222,160,2025-09-15T05:05:00+08:00
2025-09-15T05:00:00+08:00,TAIPEI_101,173,190,148,2025-09-15T05:05:00+08:00
2025-09-15T06:00:00+08:00,TPE_AIRPORT,87,120,96,2025-09-15T06:05:00+08:00
2025-09-15T06:00:00+08:00,TAIPEI_MAIN,158,164,125,2025-09-15T06:05:00+08:00
2025-09-15T06:00:00+08:00,XIMENDING,151,198,146,2025-09-15T06:05:00+08:00
2025-09-15T06:00:00+08:00,TAIPEI_101,141,158,137,2025-09-15T06:05:00+08:00
2025-09-15T07:00:00+08:00,TPE_AIRPORT,69,126,100,2025-09-15T07:05:00+08:00
2025-09-15T07:00:00+08:00,TAIPEI_MAIN,141,166,145,2025-09-15T07:05:00+08:00
2025-09-15T07:00:00+08:00,XIMENDING,158,199,171,2025-09-15T07:05:00+08:00
2025-09-15T07:00:00+08:00,TAIPEI_101,109,169,143,2025-09-15T07:05:00+08:00
2025-09-15T08:00:00+08:00,TPE_AIRPORT,84,122,91,2025-09-15T08:05:00+08:00
2025-09-15T08:00:00+08:00,TAIPEI_MAIN,180,188,152,2025-09-15T08:05:00+08:00
2025-09-15T08:00:00+08:00,XIMENDING,150,199,155,2025-09-15T08:05:00+08:00
2025-09-15T08:00:00+08:00,TAIPEI_101,128,173,140,2025-09-15T08:05:00+08:00
2025-09-15T09:00:00+08:00,TPE_AIRPORT,139,120,107,2025-09-15T09:05:00+08:00
2025-09-15T09:00:00+08:00,TAIPEI_MAIN,162,106,92,2025-09-15T09:05:00+08:00
2025-09-15T09:00:00+08:00,XIMENDING,180,118,97,2025-09-15T09:05:00+08:00
2025-09-15T09:00:00+08:00,TAIPEI_101,165,89,74,2025-09-15T09:05:00+08:00
2025-09-15T10:00:00+08:00,TPE_AIRPORT,116,86,74,2025-09-15T10:05:00+08:00
2025-09-15T10:00:00+08:00,TAIPEI_MAIN,176,77,69,2025-09-15T10:05:00+08:00
2025-09-15T10:00:00+08:00,XIMENDING,159,95,84,2025-09-15T10:05:00+08:00
2025-09-15T10:00:00+08:00,TAIPEI_101,161,122,89,2025-09-15T10:05:00+08:00
2025-09-15T11:00:00+08:00,TPE_AIRPORT,123,115,86,2025-09-15T11:05:00+08:00
2025-09-15T11:00:00+08:00,TAIPEI_MAIN,179,74,53,2025-09-15T11:05:00+08:00
2025-09-15T11:00:00+08:00,XIMENDING,178,93,72,2025-09-15T11:05:00+08:00
2025-09-15T11:00:00+08:00,TAIPEI_101,156,112,89,2025-09-15T11:05:00+08:00
2025-09-15T12:00:00+08:00,TPE_AIRPORT,135,76,56,2025-09-15T12:05:00+08:00
2025-09-15T12:00:00+08:00,TAIPEI_MAIN,145,103,92,2025-09-15T12:05:00+08:00
2025-09-15T12:00:00+08:00,XIMENDING,146,152,111,2025-09-15T12:05:00+08:00
2025-09-15T12:00:00+08:00,TAIPEI_101,154,78,61,2025-09-15T12:05:00+08:00
2025-09-15T13:00:00+08:00,TPE_AIRPORT,128,83,67,2025-09-15T13:05:00+08:00
2025-09-15T13:00:00+08:00,TAIPEI_MAIN,164,132,95,2025-09-15T13:05:00+08:00
2025-09-15T13:00:00+08:00,XIMENDING,158,104,94,2025-09-15T13:05:00+08:00
2025-09-15T13:00:00+08:00,TAIPEI_101,151,152,111,2025-09-15T13:05:00+08:00
2025-09-15T14:00:00+08:00,TPE_AIRPORT,115,66,59,2025-09-15T14:05:00+08:00
2025-09-15T14:00:00+08:00,TAIPEI_MAIN,183,99,81,2025-09-15T14:05:00+08:00
2025-09-15T14:00:00+08:00,XIMENDING,166,126,98,2025-09-15T14:05:00+08:00
2025-09-15T14:00:00+08:00,TAIPEI_101,161,105,82,2025-09-15T14:05:00+08:00
2025-09-15T15:00:00+08:00,TPE_AIRPORT,101,74,65,2025-09-15T15:05:00+08:00
2025-09-15T15:00:00+08:00,TAIPEI_MAIN,169,118,94,2025-09-15T15:05:00+08:00
2025-09-15T15:00:00+08:00,XIMENDING,167,98,82,2025-09-15T15:05:00+08:00
2025-09-15T15:00:00+08:00,TAIPEI_101,131,105,91,2025-09-15T15:05:00+08:00
2025-09-15T16:00:00+08:00,TPE_AIRPORT,120,73,60,2025-09-15T16:05:00+08:00
2025-09-15T16:00:00+08:00,TAIPEI_MAIN,167,96,80,2025-09-15T16:05:00+08:00
2025-09-15T16:00:00+08:00,XIMENDING,175,112,101,2025-09-15T16:05:00+08:00
2025-09-15T16:00:00+08:00,TAIPEI_101,173,110,86,2025-09-15T16:05:00+08:00
2025-09-15T17:00:00+08:00,TPE_AIRPORT,125,96,85,2025-09-15T17:05:00+08:00
2025-09-15T17:00:00+08:00,TAIPEI_MAIN,188,114,97,2025-09-15T17:05:00+08:00
2025-09-15T17:00:00+08:00,XIMENDING,140,140,113,2025-09-15T17:05:00+08:00
2025-09-15T17:00:00+08:00,TAIPEI_101,141,103,90,2025-09-15T17:05:00+08:00
2025-09-15T18:00:00+08:00,TPE_AIRPORT,89,71,59,2025-09-15T18:05:00+08:00
2025-09-15T18:00:00+08:00,TAIPEI_MAIN,128,61,51,2025-09-15T18:05:00+08:00
2025-09-15T18:00:00+08:00,XIMENDING,164,122,110,2025-09-15T18:05:00+08:00
2025-09-15T18:00:00+08:00,TAIPEI_101,157,149,128,2025-09-15T18:05:00+08:00
2025-09-15T19:00:00+08:00,TPE_AIRPORT,152,65,56,2025-09-15T19:05:00+08:00
2025-09-15T19:00:00+08:00,TAIPEI_MAIN,183,112,93,2025-09-15T19:05:00+08:00
2025-09-15T19:00:00+08:00,XIMENDING,188,106,80,2025-09-15T19:05:00+08:00
2025-09-15T19:00:00+08:00,TAIPEI_101,174,110,83,2025-09-15T19:05:00+08:00
2025-09-15T20:00:00+08:00,TPE_AIRPORT,89,108,80,2025-09-15T20:05:00+08:00
2025-09-15T20:00:00+08:00,TAIPEI_MAIN,129,184,143,2025-09-15T20:05:00+08:00
2025-09-15T20:00:00+08:00,XIMENDING,125,186,161,2025-09-15T20:05:00+08:00
2025-09-15T20:00:00+08:00,TAIPEI_101,137,165,126,2025-09-15T20:05:00+08:00
2025-09-15T21:00:00+08:00,TPE_AIRPORT,91,92,80,2025-09-15T21:05:00+08:00
2025-09-15T21:00:00+08:00,TAIPEI_MAIN,125,209,154,2025-09-15T21:05:00+08:00
2025-09-15T21:00:00+08:00,XIMENDING,148,163,131,2025-09-15T21:05:00+08:00
2025-09-15T21:00:00+08:00,TAIPEI_101,128,198,146,2025-09-15T21:05:00+08:00
2025-09-15T22:00:00+08:00,TPE_AIRPORT,99,160,115,2025-09-15T22:05:00+08:00
2025-09-15T22:00:00+08:00,TAIPEI_MAIN,163,179,138,2025-09-15T22:05:00+08:00
2025-09-15T22:00:00+08:00,XIMENDING,124,200,180,2025-09-15T22:05:00+08:00
2025-09-15T22:00:00+08:00,TAIPEI_101,126,166,147,2025-09-15T22:05:00+08:00
2025-09-15T23:00:00+08:00,TPE_AIRPORT,81,112,96,2025-09-15T23:05:00+08:00
2025-09-15T23:00:00+08:00,TAIPEI_MAIN,105,188,169,2025-09-15T23:05:00+08:00
2025-09-15T23:00:00+08:00,XIMENDING,153,174,145,2025-09-15T23:05:00+08:00
2025-09-15T23:00:00+08:00,TAIPEI_101,132,182,150,2025-09-15T23:05:00+08:00
2025-09-16T00:00:00+08:00,TPE_AIRPORT,105,63,51,2025-09-16T00:05:00+08:00
2025-09-16T00:00:00+08:00,TAIPEI_MAIN,164,101,84,2025-09-16T00:05:00+08:00
2025-09-16T00:00:00+08:00,XIMENDING,161,97,69,2025-09-16T00:05:00+08:00
2025-09-16T00:00:00+08:00,TAIPEI_101,168,119,94,2025-09-16T00:05:00+08:00
2025-09-16T01:00:00+08:00,TPE_AIRPORT,105,85,71,2025-09-16T01:05:00+08:00
2025-09-16T01:00:00+08:00,TAIPEI_MAIN,165,124,99,2025-09-16T01:05:00+08:00
2025-09-16T01:00:00+08:00,XIMENDING,125,116,100,2025-09-16T01:05:00+08:00
2025-09-16T01:00:00+08:00,TAIPEI_101,189,164,130,2025-09-16T01:05:00+08:00
2025-09-16T02:00:00+08:00,TPE_AIRPORT,138,58,42,2025-09-16T02:05:00+08:00
2025-09-16T02:00:00+08:00,TAIPEI_MAIN,159,88,79,2025-09-16T02:05:00+08:00
2025-09-16T02:00:00+08:00,XIMENDING,154,99,78,2025-09-16T02:05:00+08:00
2025-09-16T02:00:00+08:00,TAIPEI_101,191,117,96,2025-09-16T02:05:00+08:00
2025-09-16T03:00:00+08:00,TPE_AIRPORT,111,116,97,2025-09-16T03:05:00+08:00
2025-09-16T03:00:00+08:00,TAIPEI_MAIN,187,68,58,2025-09-16T03:05:00+08:00
2025-09-16T03:00:00+08:00,XIMENDING,165,102,80,2025-09-16T03:05:00+08:00
2025-09-16T03:00:00+08:00,TAIPEI_101,170,99,71,2025-09-16T03:05:00+08:00
2025-09-16T04:00:00+08:00,TPE_AIRPORT,113,109,94,2025-09-16T04:05:00+08:00
2025-09-16T04:00:00+08:00,TAIPEI_MAIN,164,138,121,2025-09-16T04:05:00+08:00
2025-09-16T04:00:00+08:00,XIMENDING,156,108,89,2025-09-16T04:05:00+08:00
2025-09-16T04:00:00+08:00,TAIPEI_101,150,113,84,2025-09-16T04:05:00+08:00
2025-09-16T05:00:00+08:00,TPE_AIRPORT,94,147,109,2025-09-16T05:05:00+08:00
2025-09-16T05:00:00+08:00,TAIPEI_MAIN,140,230,207,2025-09-16T05:05:00+08:00
2025-09-16T05:00:00+08:00,XIMENDING,104,163,121,2025-09-16T05:05:00+08:00
2025-09-16T05:00:00+08:00,TAIPEI_101,144,154,131,2025-09-16T05:05:00+08:00
2025-09-16T06:00:00+08:00,TPE_AIRPORT,77,114,100,2025-09-16T06:05:00+08:00
2025-09-16T06:00:00+08:00,TAIPEI_MAIN,113,188,153,2025-09-16T06:05:00+08:00
2025-09-16T06:00:00+08:00,XIMENDING,124,206,164,2025-09-16T06:05:00+08:00
2025-09-16T06:00:00+08:00,TAIPEI_101,131,195,164,2025-09-16T06:05:00+08:00
2025-09-16T07:00:00+08:00,TPE_AIRPORT,72,126,112,2025-09-16T07:05:00+08:00
2025-09-16T07:00:00+08:00,TAIPEI_MAIN,154,188,155,2025-09-16T07:05:00+08:00
2025-09-16T07:00:00+08:00,XIMENDING,165,193,172,2025-09-16T07:05:00+08:00
2025-09-16T07:00:00+08:00,TAIPEI_101,135,210,181,2025-09-16T07:05:00+08:00
2025-09-16T08:00:00+08:00,TPE_AIRPORT,95,104,79,2025-09-16T08:05:00+08:00
2025-09-16T08:00:00+08:00,TAIPEI_MAIN,160,158,119,2025-09-16T08:05:00+08:00
2025-09-16T08:00:00+08:00,XIMENDING,138,170,154,2025-09-16T08:05:00+08:00
2025-09-16T08:00:00+08:00,TAIPEI_101,112,164,133,2025-09-16T08:05:00+08:00
2025-09-16T09:00:00+08:00,TPE_AIRPORT,74,75,59,2025-09-16T09:05:00+08:00
2025-09-16T09:00:00+08:00,TAIPEI_MAIN,158,74,61,2025-09-16T09:05:00+08:00
2025-09-16T09:00:00+08:00,XIMENDING,161,128,104,2025-09-16T09:05:00+08:00
2025-09-16T09:00:00+08:00,TAIPEI_101,135,133,103,2025-09-16T09:05:00+08:00
2025-09-16T10:00:00+08:00,TPE_AIRPORT,125,81,62,2025-09-16T10:05:00+08:00
2025-09-16T10:00:00+08:00,TAIPEI_MAIN,171,163,144,2025-09-16T10:05:00+08:00
2025-09-16T10:00:00+08:00,XIMENDING,161,121,92,2025-09-16T10:05:00+08:00
2025-09-16T10:00:00+08:00,TAIPEI_101,170,114,91,2025-09-16T10:05:00+08:00
2025-09-16T11:00:00+08:00,TPE_AIRPORT,108,105,90,2025-09-16T11:05:00+08:00
2025-09-16T11:00:00+08:00,TAIPEI_MAIN,165,119,96,2025-09-16T11:05:00+08:00
2025-09-16T11:00:00+08:00,XIMENDING,179,131,104,2025-09-16T11:05:00+08:00
2025-09-16T11:00:00+08:00,TAIPEI_101,141,69,55,2025-09-16T11:05:00+08:00
2025-09-16T12:00:00+08:00,TPE_AIRPORT,117,95,73,2025-09-16T12:05:00+08:00
2025-09-16T12:00:00+08:00,TAIPEI_MAIN,137,142,107,2025-09-16T12:05:00+08:00
2025-09-16T12:00:00+08:00,XIMENDING,191,78,68,2025-09-16T12:05:00+08:00
2025-09-16T12:00:00+08:00,TAIPEI_101,121,109,90,2025-09-16T12:05:00+08:00
2025-09-16T13:00:00+08:00,TPE_AIRPORT,135,50,45,2025-09-16T13:05:00+08:00
2025-09-16T13:00:00+08:00,TAIPEI_MAIN,169,140,100,2025-09-16T13:05:00+08:00
2025-09-16T13:00:00+08:00,XIMENDING,151,111,99,2025-09-16T13:05:00+08:00
2025-09-16T13:00:00+08:00,TAIPEI_101,141,98,77,2025-09-16T13:05:00+08:00
2025-09-16T14:00:00+08:00,TPE_AIRPORT,118,61,46,2025-09-16T14:05:00+08:00
2025-09-16T14:00:00+08:00,TAIPEI_MAIN,161,118,101,2025-09-16T14:05:00+08:00
2025-09-16T14:00:00+08:00,XIMENDING,180,97,87,2025-09-16T14:05:00+08:00
2025-09-16T14:00:00+08:00,TAIPEI_101,184,108,88,2025-09-16T14:05:00+08:00
2025-09-16T15:00:00+08:00,TPE_AIRPORT,119,91,65,2025-09-16T15:05:00+08:00
2025-09-16T15:00:00+08:00,TAIPEI_MAIN,148,97,77,2025-09-16T15:05:00+08:00
2025-09-16T15:00:00+08:00,XIMENDING,148,91,80,2025-09-16T15:05:00+08:00
2025-09-16T15:00:00+08:00,TAIPEI_101,159,118,102,2025-09-16T15:05:00+08:00
2025-09-16T16:00:00+08:00,TPE_AIRPORT,116,37,31,2025-09-16T16:05:00+08:00
2025-09-16T16:00:00+08:00,TAIPEI_MAIN,162,84,67,2025-09-16T16:05:00+08:00
2025-09-16T16:00:00+08:00,XIMENDING,135,130,113,2025-09-16T16:05:00+08:00
2025-09-16T16:00:00+08:00,TAIPEI_101,153,90,68,2025-09-16T16:05:00+08:00
2025-09-16T17:00:00+08:00,TPE_AIRPORT,108,92,71,2025-09-16T17:05:00+08:00
2025-09-16T17:00:00+08:00,TAIPEI_MAIN,181,121,91,2025-09-16T17:05:00+08:00
2025-09-16T17:00:00+08:00,XIMENDING,153,74,55,2025-09-16T17:05:00+08:00
2025-09-16T17:00:00+08:00,TAIPEI_101,174,116,104,2025-09-16T17:05:00+08:00
2025-09-16T18:00:00+08:00,TPE_AIRPORT,91,48,37,2025-09-16T18:05:00+08:00
2025-09-16T18:00:00+08:00,TAIPEI_MAIN,172,135,100,2025-09-16T18:05:00+08:00
2025-09-16T18:00:00+08:00,XIMENDING,139,136,106,2025-09-16T18:05:00+08:00
2025-09-16T18:00:00+08:00,TAIPEI_101,170,124,106,2025-09-16T18:05:00+08:00
2025-09-16T19:00:00+08:00,TPE_AIRPORT,120,82,67,2025-09-16T19:05:00+08:00
2025-09-16T19:00:00+08:00,TAIPEI_MAIN,145,109,98,2025-09-16T19:05:00+08:00
2025-09-16T19:00:00+08:00,XIMENDING,140,125,111,2025-09-16T19:05:00+08:00
2025-09-16T19:00:00+08:00,TAIPEI_101,174,115,93,2025-09-16T19:05:00+08:00
2025-09-16T20:00:00+08:00,TPE_AIRPORT,72,122,99,2025-09-16T20:05:00+08:00
2025-09-16T20:00:00+08:00,TAIPEI_MAIN,170,192,165,2025-09-16T20:05:00+08:00
2025-09-16T20:00:00+08:00,XIMENDING,127,212,190,2025-09-16T20:05:00+08:00
2025-09-16T20:00:00+08:00,TAIPEI_101,141,193,166,2025-09-16T20:05:00+08:00
2025-09-16T21:00:00+08:00,TPE_AIRPORT,87,136,102,2025-09-16T21:05:00+08:00
2025-09-16T21:00:00+08:00,TAIPEI_MAIN,143,188,152,2025-09-16T21:05:00+08:00
2025-09-16T21:00:00+08:00,XIMENDING,130,179,147,2025-09-16T21:05:00+08:00
2025-09-16T21:00:00+08:00,TAIPEI_101,128,188,153,2025-09-16T21:05:00+08:00
2025-09-16T22:00:00+08:00,TPE_AIRPORT,80,147,110,2025-09-16T22:05:00+08:00
2025-09-16T22:00:00+08:00,TAIPEI_MAIN,106,228,187,2025-09-16T22:05:00+08:00
2025-09-16T22:00:00+08:00,XIMENDING,125,160,121,2025-09-16T22:05:00+08:00
2025-09-16T22:00:00+08:00,TAIPEI_101,111,188,167,2025-09-16T22:05:00+08:00
2025-09-16T23:00:00+08:00,TPE_AIRPORT,77,102,91,2025-09-16T23:05:00+08:00
2025-09-16T23:00:00+08:00,TAIPEI_MAIN,139,190,150,2025-09-16T23:05:00+08:00
2025-09-16T23:00:00+08:00,XIMENDING,172,173,137,2025-09-16T23:05:00+08:00
2025-09-16T23:00:00+08:00,TAIPEI_101,128,153,123,2025-09-16T23:05:00+08:00
2025-09-17T00:00:00+08:00,TPE_AIRPORT,125,37,27,2025-09-17T00:05:00+08:00
2025-09-17T00:00:00+08:00,TAIPEI_MAIN,174,128,107,2025-09-17T00:05:00+08:00
2025-09-17T00:00:00+08:00,XIMENDING,127,143,123,2025-09-17T00:05:00+08:00
2025-09-17T00:00:00+08:00,TAIPEI_101,200,98,74,2025-09-17T00:05:00+08:00
2025-09-17T01:00:00+08:00,TPE_AIRPORT,137,64,48,2025-09-17T01:05:00+08:00
2025-09-17T01:00:00+08:00,TAIPEI_MAIN,146,164,121,2025-09-17T01:05:00+08:00
2025-09-17T01:00:00+08:00,XIMENDING,159,128,107,2025-09-17T01:05:00+08:00
2025-09-17T01:00:00+08:00,TAIPEI_101,146,89,67,2025-09-17T01:05:00+08:00
2025-09-17T02:00:00+08:00,TPE_AIRPORT,113,81,69,2025-09-17T02:05:00+08:00
2025-09-17T02:00:00+08:00,TAIPEI_MAIN,148,85,65,2025-09-17T02:05:00+08:00
2025-09-17T02:00:00+08:00,XIMENDING,142,97,85,2025-09-17T02:05:00+08:00
2025-09-17T02:00:00+08:00,TAIPEI_101,156,86,77,2025-09-17T02:05:00+08:00
2025-09-17T03:00:00+08:00,TPE_AIRPORT,124,65,51,2025-09-17T03:05:00+08:00
2025-09-17T03:00:00+08:00,TAIPEI_MAIN,171,110,86,2025-09-17T03:05:00+08:00
2025-09-17T03:00:00+08:00,XIMENDING,160,142,119,2025-09-17T03:05:00+08:00
2025-09-17T03:00:00+08:00,TAIPEI_101,148,101,82,2025-09-17T03:05:00+08:00
2025-09-17T04:00:00+08:00,TPE_AIRPORT,89,44,34,2025-09-17T04:05:00+08:00
2025-09-17T04:00:00+08:00,TAIPEI_MAIN,154,106,93,2025-09-17T04:05:00+08:00
2025-09-17T04:00:00+08:00,XIMENDING,167,136,98,2025-09-17T04:05:00+08:00
2025-09-17T04:00:00+08:00,TAIPEI_101,134,126,94,2025-09-17T04:05:00+08:00
2025-09-17T05:00:00+08:00,TPE_AIRPORT,71,104,86,2025-09-17T05:05:00+08:00
2025-09-17T05:00:00+08:00,TAIPEI_MAIN,157,186,149,2025-09-17T05:05:00+08:00
2025-09-17T05:00:00+08:00,XIMENDING,146,207,158,2025-09-17T05:05:00+08:00
2025-09-17T05:00:00+08:00,TAIPEI_101,143,153,116,2025-09-17T05:05:00+08:00
2025-09-17T06:00:00+08:00,TPE_AIRPORT,64,81,72,2025-09-17T06:05:00+08:00
2025-09-17T06:00:00+08:00,TAIPEI_MAIN,116,176,137,2025-09-17T06:05:00+08:00
2025-09-17T06:00:00+08:00,XIMENDING,121,192,173,2025-09-17T06:05:00+08:00
2025-09-17T06:00:00+08:00,TAIPEI_101,145,154,117,2025-09-17T06:05:00+08:00
2025-09-17T07:00:00+08:00,TPE_AIRPORT,96,123,90,2025-09-17T07:05:00+08:00
2025-09-17T07:00:00+08:00,TAIPEI_MAIN,139,194,172,2025-09-17T07:05:00+08:00
2025-09-17T07:00:00+08:00,XIMENDING,138,204,183,2025-09-17T07:05:00+08:00
2025-09-17T07:00:00+08:00,TAIPEI_101,147,121,95,2025-09-17T07:05:00+08:00
2025-09-17T08:00:00+08:00,TPE_AIRPORT,77,99,74,2025-09-17T08:05:00+08:00
2025-09-17T08:00:00+08:00,TAIPEI_MAIN,123,170,130,2025-09-17T08:05:00+08:00
2025-09-17T08:00:00+08:00,XIMENDING,154,214,178,2025-09-17T08:05:00+08:00
2025-09-17T08:00:00+08:00,TAIPEI_101,138,206,156,2025-09-17T08:05:00+08:00
2025-09-17T09:00:00+08:00,TPE_AIRPORT,90,75,59,2025-09-17T09:05:00+08:00
2025-09-17T09:00:00+08:00,TAIPEI_MAIN,172,100,74,2025-09-17T09:05:00+08:00
2025-09-17T09:00:00+08:00,XIMENDING,178,122,105,2025-09-17T09:05:00+08:00
2025-09-17T09:00:00+08:00,TAIPEI_101,154,96,71,2025-09-17T09:05:00+08:00
2025-09-17T10:00:00+08:00,TPE_AIRPORT,103,96,70,2025-09-17T10:05:00+08:00
2025-09-17T10:00:00+08:00,TAIPEI_MAIN,135,135,102,2025-09-17T10:05:00+08:00
2025-09-17T10:00:00+08:00,XIMENDING,157,133,107,2025-09-17T10:05:00+08:00
2025-09-17T10:00:00+08:00,TAIPEI_101,130,115,103,2025-09-17T10:05:00+08:00
2025-09-17T11:00:00+08:00,TPE_AIRPORT,96,112,95,2025-09-17T11:05:00+08:00
2025-09-17T11:00:00+08:00,TAIPEI_MAIN,156,124,99,2025-09-17T11:05:00+08:00
2025-09-17T11:00:00+08:00,XIMENDING,181,87,68,2025-09-17T11:05:00+08:00
2025-09-17T11:00:00+08:00,TAIPEI_101,167,136,119,2025-09-17T11:05:00+08:00
2025-09-17T12:00:00+08:00,TPE_AIRPORT,81,103,92,2025-09-17T12:05:00+08:00
2025-09-17T12:00:00+08:00,TAIPEI_MAIN,154,129,101,2025-09-17T12:05:00+08:00
2025-09-17T12:00:00+08:00,XIMENDING,162,153,136,2025-09-17T12:05:00+08:00
2025-09-17T12:00:00+08:00,TAIPEI_101,141,87,64,2025-09-17T12:05:00+08:00
2025-09-17T13:00:00+08:00,TPE_AIRPORT,104,89,78,2025-09-17T13:05:00+08:00
2025-09-17T13:00:00+08:00,TAIPEI_MAIN,185,120,90,2025-09-17T13:05:00+08:00
2025-09-17T13:00:00+08:00,XIMENDING,158,83,65,2025-09-17T13:05:00+08:00
2025-09-17T13:00:00+08:00,TAIPEI_101,147,133,119,2025-09-17T13:05:00+08:00
2025-09-17T14:00:00+08:00,TPE_AIRPORT,106,93,76,2025-09-17T14:05:00+08:00
2025-09-17T14:00:00+08:00,TAIPEI_MAIN,158,126,113,2025-09-17T14:05:00+08:00
2025-09-17T14:00:00+08:00,XIMENDING,154,88,70,2025-09-17T14:05:00+08:00
2025-09-17T14:00:00+08:00,TAIPEI_101,181,123,92,2025-09-17T14:05:00+08:00
2025-09-17T15:00:00+08:00,TPE_AIRPORT,110,82,70,2025-09-17T15:05:00+08:00
2025-09-17T15:00:00+08:00,TAIPEI_MAIN,153,129,94,2025-09-17T15:05:00+08:00
2025-09-17T15:00:00+08:00,XIMENDING,174,116,104,2025-09-17T15:05:00+08:00
2025-09-17T15:00:00+08:00,TAIPEI_101,164,98,74,2025-09-17T15:05:00+08:00
2025-09-17T16:00:00+08:00,TPE_AIRPORT,129,111,89,2025-09-17T16:05:00+08:00
2025-09-17T16:00:00+08:00,TAIPEI_MAIN,164,87,68,2025-09-17T16:05:00+08:00
2025-09-17T16:00:00+08:00,XIMENDING,152,116,104,2025-09-17T16:05:00+08:00
2025-09-17T16:00:00+08:00,TAIPEI_101,185,142,112,2025-09-17T16:05:00+08:00
2025-09-17T17:00:00+08:00,TPE_AIRPORT,86,45,36,2025-09-17T17:05:00+08:00
2025-09-17T17:00:00+08:00,TAIPEI_MAIN,135,105,89,2025-09-17T17:05:00+08:00
2025-09-17T17:00:00+08:00,XIMENDING,116,125,103,2025-09-17T17:05:00+08:00
2025-09-17T17:00:00+08:00,TAIPEI_101,131,100,87,2025-09-17T17:05:00+08:00
2025-09-17T18:00:00+08:00,TPE_AIRPORT,102,86,74,2025-09-17T18:05:00+08:00
2025-09-17T18:00:00+08:00,TAIPEI_MAIN,176,107,78,2025-09-17T18:05:00+08:00
2025-09-17T18:00:00+08:00,XIMENDING,203,125,111,2025-09-17T18:05:00+08:00
2025-09-17T18:00:00+08:00,TAIPEI_101,156,104,91,2025-09-17T18:05:00+08:00
2025-09-17T19:00:00+08:00,TPE_AIRPORT,92,54,40,2025-09-17T19:05:00+08:00
2025-09-17T19:00:00+08:00,TAIPEI_MAIN,170,101,81,2025-09-17T19:05:00+08:00
2025-09-17T19:00:00+08:00,XIMENDING,173,103,93,2025-09-17T19:05:00+08:00
2025-09-17T19:00:00+08:00,TAIPEI_101,152,112,97,2025-09-17T19:05:00+08:00
2025-09-17T20:00:00+08:00,TPE_AIRPORT,83,92,70,2025-09-17T20:05:00+08:00
2025-09-17T20:00:00+08:00,TAIPEI_MAIN,85,188,153,2025-09-17T20:05:00+08:00
2025-09-17T20:00:00+08:00,XIMENDING,137,173,146,2025-09-17T20:05:00+08:00
2025-09-17T20:00:00+08:00,TAIPEI_101,116,188,135,2025-09-17T20:05:00+08:00
2025-09-17T21:00:00+08:00,TPE_AIRPORT,85,110,82,2025-09-17T21:05:00+08:00
2025-09-17T21:00:00+08:00,TAIPEI_MAIN,153,170,132,2025-09-17T21:05:00+08:00
2025-09-17T21:00:00+08:00,XIMENDING,140,188,140,2025-09-17T21:05:00+08:00
2025-09-17T21:00:00+08:00,TAIPEI_101,140,203,172,2025-09-17T21:05:00+08:00
2025-09-17T22:00:00+08:00,TPE_AIRPORT,91,119,104,2025-09-17T22:05:00+08:00
2025-09-17T22:00:00+08:00,TAIPEI_MAIN,115,209,166,2025-09-17T22:05:00+08:00
2025-09-17T22:00:00+08:00,XIMENDING,160,180,158,2025-09-17T22:05:00+08:00
2025-09-17T22:00:00+08:00,TAIPEI_101,122,180,140,2025-09-17T22:05:00+08:00
2025-09-17T23:00:00+08:00,TPE_AIRPORT,97,84,66,2025-09-17T23:05:00+08:00
2025-09-17T23:00:00+08:00,TAIPEI_MAIN,163,196,171,2025-09-17T23:05:00+08:00
2025-09-17T23:00:00+08:00,XIMENDING,114,141,119,2025-09-17T23:05:00+08:00
2025-09-17T23:00:00+08:00,TAIPEI_101,167,180,138,2025-09-17T23:05:00+08:00
2025-09-18T00:00:00+08:00,TPE_AIRPORT,114,60,52,2025-09-18T00:05:00+08:00
2025-09-18T00:00:00+08:00,TAIPEI_MAIN,142,152,136,2025-09-18T00:05:00+08:00
2025-09-18T00:00:00+08:00,XIMENDING,116,102,87,2025-09-18T00:05:00+08:00
2025-09-18T00:00:00+08:00,TAIPEI_101,162,114,85,2025-09-18T00:05:00+08:00
2025-09-18T01:00:00+08:00,TPE_AIRPORT,114,38,34,2025-09-18T01:05:00+08:00
2025-09-18T01:00:00+08:00,TAIPEI_MAIN,178,118,95,2025-09-18T01:05:00+08:00
2025-09-18T01:00:00+08:00,XIMENDING,173,81,72,2025-09-18T01:05:00+08:00
2025-09-18T01:00:00+08:00,TAIPEI_101,147,139,106,2025-09-18T01:05:00+08:00
2025-09-18T02:00:00+08:00,TPE_AIRPORT,131,62,53,2025-09-18T02:05:00+08:00
2025-09-18T02:00:00+08:00,TAIPEI_MAIN,190,113,91,2025-09-18T02:05:00+08:00
2025-09-18T02:00:00+08:00,XIMENDING,153,143,105,2025-09-18T02:05:00+08:00
2025-09-18T02:00:00+08:00,TAIPEI_101,167,85,69,2025-09-18T02:05:00+08:00
2025-09-18T03:00:00+08:00,TPE_AIRPORT,102,33,28,2025-09-18T03:05:00+08:00
2025-09-18T03:00:00+08:00,TAIPEI_MAIN,149,103,90,2025-09-18T03:05:00+08:00
2025-09-18T03:00:00+08:00,XIMENDING,176,137,108,2025-09-18T03:05:00+08:00
2025-09-18T03:00:00+08:00,TAIPEI_101,157,115,102,2025-09-18T03:05:00+08:00
2025-09-18T04:00:00+08:00,TPE_AIRPORT,108,69,53,2025-09-18T04:05:00+08:00
2025-09-18T04:00:00+08:00,TAIPEI_MAIN,167,103,88,2025-09-18T04:05:00+08:00
2025-09-18T04:00:00+08:00,XIMENDING,164,137,102,2025-09-18T04:05:00+08:00
2025-09-18T04:00:00+08:00,TAIPEI_101,139,114,83,2025-09-18T04:05:00+08:00
2025-09-18T05:00:00+08:00,TPE_AIRPORT,56,121,102,2025-09-18T05:05:00+08:00
2025-09-18T05:00:00+08:00,TAIPEI_MAIN,156,209,183,2025-09-18T05:05:00+08:00
2025-09-18T05:00:00+08:00,XIMENDING,118,173,126,2025-09-18T05:05:00+08:00
2025-09-18T05:00:00+08:00,TAIPEI_101,126,164,146,2025-09-18T05:05:00+08:00
2025-09-18T06:00:00+08:00,TPE_AIRPORT,74,161,125,2025-09-18T06:05:00+08:00
2025-09-18T06:00:00+08:00,TAIPEI_MAIN,128,179,147,2025-09-18T06:05:00+08:00
2025-09-18T06:00:00+08:00,XIMENDING,132,162,129,2025-09-18T06:05:00+08:00
2025-09-18T06:00:00+08:00,TAIPEI_101,120,162,129,2025-09-18T06:05:00+08:00
2025-09-18T07:00:00+08:00,TPE_AIRPORT,74,135,117,2025-09-18T07:05:00+08:00
2025-09-18T07:00:00+08:00,TAIPEI_MAIN,127,209,167,2025-09-18T07:05:00+08:00
2025-09-18T07:00:00+08:00,XIMENDING,130,165,126,2025-09-18T07:05:00+08:00
2025-09-18T07:00:00+08:00,TAIPEI_101,121,188,145,2025-09-18T07:05:00+08:00
2025-09-18T08:00:00+08:00,TPE_AIRPORT,119,114,85,2025-09-18T08:05:00+08:00
2025-09-18T08:00:00+08:00,TAIPEI_MAIN,141,160,119,2025-09-18T08:05:00+08:00
2025-09-18T08:00:00+08:00,XIMENDING,141,176,159,2025-09-18T08:05:00+08:00
2025-09-18T08:00:00+08:00,TAIPEI_101,113,185,133,2025-09-18T08:05:00+08:00
2025-09-18T09:00:00+08:00,TPE_AIRPORT,123,67,49,2025-09-18T09:05:00+08:00
2025-09-18T09:00:00+08:00,TAIPEI_MAIN,162,138,109,2025-09-18T09:05:00+08:00
2025-09-18T09:00:00+08:00,XIMENDING,157,98,74,2025-09-18T09:05:00+08:00
2025-09-18T09:00:00+08:00,TAIPEI_101,127,97,83,2025-09-18T09:05:00+08:00
2025-09-18T10:00:00+08:00,TPE_AIRPORT,116,90,80,2025-09-18T10:05:00+08:00
2025-09-18T10:00:00+08:00,TAIPEI_MAIN,161,123,91,2025-09-18T10:05:00+08:00
2025-09-18T10:00:00+08:00,XIMENDING,145,109,87,2025-09-18T10:05:00+08:00
2025-09-18T10:00:00+08:00,TAIPEI_101,157,81,58,2025-09-18T10:05:00+08:00
2025-09-18T11:00:00+08:00,TPE_AIRPORT,82,99,75,2025-09-18T11:05:00+08:00
2025-09-18T11:00:00+08:00,TAIPEI_MAIN,124,103,78,2025-09-18T11:05:00+08:00
2025-09-18T11:00:00+08:00,XIMENDING,164,85,74,2025-09-18T11:05:00+08:00
2025-09-18T11:00:00+08:00,TAIPEI_101,147,112,89,2025-09-18T11:05:00+08:00
2025-09-18T12:00:00+08:00,TPE_AIRPORT,127,90,67,2025-09-18T12:05:00+08:00
2025-09-18T12:00:00+08:00,TAIPEI_MAIN,136,124,104,2025-09-18T12:05:00+08:00
2025-09-18T12:00:00+08:00,XIMENDING,151,131,106,2025-09-18T12:05:00+08:00
2025-09-18T12:00:00+08:00,TAIPEI_101,174,116,94,2025-09-18T12:05:00+08:00
2025-09-18T13:00:00+08:00,TPE_AIRPORT,93,79,61,2025-09-18T13:05:00+08:00
2025-09-18T13:00:00+08:00,TAIPEI_MAIN,175,142,122,2025-09-18T13:05:00+08:00
2025-09-18T13:00:00+08:00,XIMENDING,152,76,66,2025-09-18T13:05:00+08:00
2025-09-18T13:00:00+08:00,TAIPEI_101,131,125,107,2025-09-18T13:05:00+08:00
2025-09-18T14:00:00+08:00,TPE_AIRPORT,106,105,89,2025-09-18T14:05:00+08:00
2025-09-18T14:00:00+08:00,TAIPEI_MAIN,144,119,88,2025-09-18T14:05:00+08:00
2025-09-18T14:00:00+08:00,XIMENDING,144,137,116,2025-09-18T14:05:00+08:00
2025-09-18T14:00:00+08:00,TAIPEI_101,128,96,78,2025-09-18T14:05:00+08:00
2025-09-18T15:00:00+08:00,TPE_AIRPORT,158,83,69,2025-09-18T15:05:00+08:00
2025-09-18T15:00:00+08:00,TAIPEI_MAIN,171,159,123,2025-09-18T15:05:00+08:00
2025-09-18T15:00:00+08:00,XIMENDING,152,130,112,2025-09-18T15:05:00+08:00
2025-09-18T15:00:00+08:00,TAIPEI_101,163,84,64,2025-09-18T15:05:00+08:00
2025-09-18T16:00:00+08:00,TPE_AIRPORT,118,63,50,2025-09-18T16:05:00+08:00
2025-09-18T16:00:00+08:00,TAIPEI_MAIN,154,157,115,2025-09-18T16:05:00+08:00
2025-09-18T16:00:00+08:00,XIMENDING,192,98,71,2025-09-18T16:05:00+08:00
2025-09-18T16:00:00+08:00,TAIPEI_101,153,114,93,2025-09-18T16:05:00+08:00
2025-09-18T17:00:00+08:00,TPE_AIRPORT,123,71,60,2025-09-18T17:05:00+08:00
2025-09-18T17:00:00+08:00,TAIPEI_MAIN,159,145,106,2025-09-18T17:05:00+08:00
2025-09-18T17:00:00+08:00,XIMENDING,146,146,119,2025-09-18T17:05:00+08:00
2025-09-18T17:00:00+08:00,TAIPEI_101,158,126,106,2025-09-18T17:05:00+08:00
2025-09-18T18:00:00+08:00,TPE_AIRPORT,111,84,74,2025-09-18T18:05:00+08:00
2025-09-18T18:00:00+08:00,TAIPEI_MAIN,170,72,62,2025-09-18T18:05:00+08:00
2025-09-18T18:00:00+08:00,XIMENDING,166,78,67,2025-09-18T18:05:00+08:00
2025-09-18T18:00:00+08:00,TAIPEI_101,169,110,96,2025-09-18T18:05:00+08:00
2025-09-18T19:00:00+08:00,TPE_AIRPORT,77,94,79,2025-09-18T19:05:00+08:00
2025-09-18T19:00:00+08:00,TAIPEI_MAIN,169,103,84,2025-09-18T19:05:00+08:00
2025-09-18T19:00:00+08:00,XIMENDING,162,100,83,2025-09-18T19:05:00+08:00
2025-09-18T19:00:00+08:00,TAIPEI_101,142,88,73,2025-09-18T19:05:00+08:00
2025-09-18T20:00:00+08:00,TPE_AIRPORT,69,138,117,2025-09-18T20:05:00+08:00
2025-09-18T20:00:00+08:00,TAIPEI_MAIN,137,174,129,2025-09-18T20:05:00+08:00
2025-09-18T20:00:00+08:00,XIMENDING,161,160,145,2025-09-18T20:05:00+08:00
2025-09-18T20:00:00+08:00,TAIPEI_101,123,199,144,2025-09-18T20:05:00+08:00
2025-09-18T21:00:00+08:00,TPE_AIRPORT,125,124,95,2025-09-18T21:05:00+08:00
2025-09-18T21:00:00+08:00,TAIPEI_MAIN,147,221,188,2025-09-18T21:05:00+08:00
2025-09-18T21:00:00+08:00,XIMENDING,144,161,130,2025-09-18T21:05:00+08:00
2025-09-18T21:00:00+08:00,TAIPEI_101,156,213,161,2025-09-18T21:05:00+08:00
2025-09-18T22:00:00+08:00,TPE_AIRPORT,97,121,101,2025-09-18T22:05:00+08:00
2025-09-18T22:00:00+08:00,TAIPEI_MAIN,123,148,123,2025-09-18T22:05:00+08:00
2025-09-18T22:00:00+08:00,XIMENDING,148,177,130,2025-09-18T22:05:00+08:00
2025-09-18T22:00:00+08:00,TAIPEI_101,128,188,158,2025-09-18T22:05:00+08:00
2025-09-18T23:00:00+08:00,TPE_AIRPORT,61,121,93,2025-09-18T23:05:00+08:00
2025-09-18T23:00:00+08:00,TAIPEI_MAIN,142,154,123,2025-09-18T23:05:00+08:00
2025-09-18T23:00:00+08:00,XIMENDING,113,209,186,2025-09-18T23:05:00+08:00
2025-09-18T23:00:00+08:00,TAIPEI_101,146,217,186,2025-09-18T23:05:00+08:00
2025-09-19T00:00:00+08:00,TPE_AIRPORT,82,61,53,2025-09-19T00:05:00+08:00
2025-09-19T00:00:00+08:00,TAIPEI_MAIN,173,143,104,2025-09-19T00:05:00+08:00
2025-09-19T00:00:00+08:00,XIMENDING,155,120,94,2025-09-19T00:05:00+08:00
2025-09-19T00:00:00+08:00,TAIPEI_101,153,142,123,2025-09-19T00:05:00+08:00
2025-09-19T01:00:00+08:00,TPE_AIRPORT,122,93,78,2025-09-19T01:05:00+08:00
2025-09-19T01:00:00+08:00,TAIPEI_MAIN,149,140,108,2025-09-19T01:05:00+08:00
2025-09-19T01:00:00+08:00,XIMENDING,167,106,90,2025-09-19T01:05:00+08:00
2025-09-19T01:00:00+08:00,TAIPEI_101,146,108,95,2025-09-19T01:05:00+08:00
2025-09-19T02:00:00+08:00,TPE_AIRPORT,136,80,58,2025-09-19T02:05:00+08:00
2025-09-19T02:00:00+08:00,TAIPEI_MAIN,137,66,58,2025-09-19T02:05:00+08:00
2025-09-19T02:00:00+08:00,XIMENDING,175,99,83,2025-09-19T02:05:00+08:00
2025-09-19T02:00:00+08:00,TAIPEI_101,202,142,113,2025-09-19T02:05:00+08:00
2025-09-19T03:00:00+08:00,TPE_AIRPORT,118,78,60,2025-09-19T03:05:00+08:00
2025-09-19T03:00:00+08:00,TAIPEI_MAIN,191,116,89,2025-09-19T03:05:00+08:00
2025-09-19T03:00:00+08:00,XIMENDING,150,120,90,2025-09-19T03:05:00+08:00
2025-09-19T03:00:00+08:00,TAIPEI_101,166,138,125,2025-09-19T03:05:00+08:00
2025-09-19T04:00:00+08:00,TPE_AIRPORT,83,49,40,2025-09-19T04:05:00+08:00
2025-09-19T04:00:00+08:00,TAIPEI_MAIN,149,111,95,2025-09-19T04:05:00+08:00
2025-09-19T04:00:00+08:00,XIMENDING,181,92,68,2025-09-19T04:05:00+08:00
2025-09-19T04:00:00+08:00,TAIPEI_101,158,72,64,2025-09-19T04:05:00+08:00
2025-09-19T05:00:00+08:00,TPE_AIRPORT,120,121,92,2025-09-19T05:05:00+08:00
2025-09-19T05:00:00+08:00,TAIPEI_MAIN,133,143,114,2025-09-19T05:05:00+08:00
2025-09-19T05:00:00+08:00,XIMENDING,138,205,170,2025-09-19T05:05:00+08:00
2025-09-19T05:00:00+08:00,TAIPEI_101,131,218,182,2025-09-19T05:05:00+08:00
2025-09-19T06:00:00+08:00,TPE_AIRPORT,68,120,99,2025-09-19T06:05:00+08:00
2025-09-19T06:00:00+08:00,TAIPEI_MAIN,133,191,161,2025-09-19T06:05:00+08:00
2025-09-19T06:00:00+08:00,XIMENDING,120,195,141,2025-09-19T06:05:00+08:00
2025-09-19T06:00:00+08:00,TAIPEI_101,145,177,151,2025-09-19T06:05:00+08:00
2025-09-19T07:00:00+08:00,TPE_AIRPORT,105,129,100,2025-09-19T07:05:00+08:00
2025-09-19T07:00:00+08:00,TAIPEI_MAIN,131,192,173,2025-09-19T07:05:00+08:00
2025-09-19T07:00:00+08:00,XIMENDING,177,188,142,2025-09-19T07:05:00+08:00
2025-09-19T07:00:00+08:00,TAIPEI_101,144,98,82,2025-09-19T07:05:00+08:00
2025-09-19T08:00:00+08:00,TPE_AIRPORT,70,111,80,2025-09-19T08:05:00+08:00
2025-09-19T08:00:00+08:00,TAIPEI_MAIN,147,195,162,2025-09-19T08:05:00+08:00
2025-09-19T08:00:00+08:00,XIMENDING,183,207,176,2025-09-19T08:05:00+08:00
2025-09-19T08:00:00+08:00,TAIPEI_101,148,155,134,2025-09-19T08:05:00+08:00
2025-09-19T09:00:00+08:00,TPE_AIRPORT,117,61,53,2025-09-19T09:05:00+08:00
2025-09-19T09:00:00+08:00,TAIPEI_MAIN,179,96,85,2025-09-19T09:05:00+08:00
2025-09-19T09:00:00+08:00,XIMENDING,137,95,78,2025-09-19T09:05:00+08:00
2025-09-19T09:00:00+08:00,TAIPEI_101,174,125,112,2025-09-19T09:05:00+08:00
2025-09-19T10:00:00+08:00,TPE_AIRPORT,90,38,27,2025-09-19T10:05:00+08:00
2025-09-19T10:00:00+08:00,TAIPEI_MAIN,170,117,95,2025-09-19T10:05:00+08:00
2025-09-19T10:00:00+08:00,XIMENDING,171,95,76,2025-09-19T10:05:00+08:00
2025-09-19T10:00:00+08:00,TAIPEI_101,169,132,107,2025-09-19T10:05:00+08:00
2025-09-19T11:00:00+08:00,TPE_AIRPORT,92,99,74,2025-09-19T11:05:00+08:00
2025-09-19T11:00:00+08:00,TAIPEI_MAIN,148,108,77,2025-09-19T11:05:00+08:00
2025-09-19T11:00:00+08:00,XIMENDING,158,148,125,2025-09-19T11:05:00+08:00
2025-09-19T11:00:00+08:00,TAIPEI_101,127,67,60,2025-09-19T11:05:00+08:00
2025-09-19T12:00:00+08:00,TPE_AIRPORT,88,77,60,2025-09-19T12:05:00+08:00
2025-09-19T12:00:00+08:00,TAIPEI_MAIN,143,134,96,2025-09-19T12:05:00+08:00
2025-09-19T12:00:00+08:00,XIMENDING,169,132,97,2025-09-19T12:05:00+08:00
2025-09-19T12:00:00+08:00,TAIPEI_101,148,126,98,2025-09-19T12:05:00+08:00
2025-09-19T13:00:00+08:00,TPE_AIRPORT,89,28,20,2025-09-19T13:05:00+08:00
2025-09-19T13:00:00+08:00,TAIPEI_MAIN,155,124,100,2025-09-19T13:05:00+08:00
2025-09-19T13:00:00+08:00,XIMENDING,153,136,109,2025-09-19T13:05:00+08:00
2025-09-19T13:00:00+08:00,TAIPEI_101,154,129,101,2025-09-19T13:05:00+08:00
2025-09-19T14:00:00+08:00,TPE_AIRPORT,125,103,78,2025-09-19T14:05:00+08:00
2025-09-19T14:00:00+08:00,TAIPEI_MAIN,155,149,112,2025-09-19T14:05:00+08:00
2025-09-19T14:00:00+08:00,XIMENDING,161,126,91,2025-09-19T14:05:00+08:00
2025-09-19T14:00:00+08:00,TAIPEI_101,167,117,99,2025-09-19T14:05:00+08:00
2025-09-19T15:00:00+08:00,TPE_AIRPORT,109,56,43,2025-09-19T15:05:00+08:00
2025-09-19T15:00:00+08:00,TAIPEI_MAIN,167,95,69,2025-09-19T15:05:00+08:00
2025-09-19T15:00:00+08:00,XIMENDING,134,80,67,2025-09-19T15:05:00+08:00
2025-09-19T15:00:00+08:00,TAIPEI_101,166,105,90,2025-09-19T15:05:00+08:00
2025-09-19T16:00:00+08:00,TPE_AIRPORT,108,74,65,2025-09-19T16:05:00+08:00
2025-09-19T16:00:00+08:00,TAIPEI_MAIN,193,131,103,2025-09-19T16:05:00+08:00
2025-09-19T16:00:00+08:00,XIMENDING,151,100,88,2025-09-19T16:05:00+08:00
2025-09-19T16:00:00+08:00,TAIPEI_101,164,103,91,2025-09-19T16:05:00+08:00
2025-09-19T17:00:00+08:00,TPE_AIRPORT,105,111,82,2025-09-19T17:05:00+08:00
2025-09-19T17:00:00+08:00,TAIPEI_MAIN,139,142,120,2025-09-19T17:05:00+08:00
2025-09-19T17:00:00+08:00,XIMENDING,180,136,104,2025-09-19T17:05:00+08:00
2025-09-19T17:00:00+08:00,TAIPEI_101,160,111,90,2025-09-19T17:05:00+08:00
2025-09-19T18:00:00+08:00,TPE_AIRPORT,103,61,44,2025-09-19T18:05:00+08:00
2025-09-19T18:00:00+08:00,TAIPEI_MAIN,161,65,49,2025-09-19T18:05:00+08:00
2025-09-19T18:00:00+08:00,XIMENDING,146,93,71,2025-09-19T18:05:00+08:00
2025-09-19T18:00:00+08:00,TAIPEI_101,162,129,105,2025-09-19T18:05:00+08:00
2025-09-19T19:00:00+08:00,TPE_AIRPORT,123,110,90,2025-09-19T19:05:00+08:00
2025-09-19T19:00:00+08:00,TAIPEI_MAIN,170,94,79,2025-09-19T19:05:00+08:00
2025-09-19T19:00:00+08:00,XIMENDING,167,128,92,2025-09-19T19:05:00+08:00
2025-09-19T19:00:00+08:00,TAIPEI_101,172,112,84,2025-09-19T19:05:00+08:00
2025-09-19T20:00:00+08:00,TPE_AIRPORT,73,155,129,2025-09-19T20:05:00+08:00
2025-09-19T20:00:00+08:00,TAIPEI_MAIN,138,142,129,2025-09-19T20:05:00+08:00
2025-09-19T20:00:00+08:00,XIMENDING,149,142,103,2025-09-19T20:05:00+08:00
2025-09-19T20:00:00+08:00,TAIPEI_101,121,162,121,2025-09-19T20:05:00+08:00
2025-09-19T21:00:00+08:00,TPE_AIRPORT,78,113,96,2025-09-19T21:05:00+08:00
2025-09-19T21:00:00+08:00,TAIPEI_MAIN,121,269,206,2025-09-19T21:05:00+08:00
2025-09-19T21:00:00+08:00,XIMENDING,131,235,195,2025-09-19T21:05:00+08:00
2025-09-19T21:00:00+08:00,TAIPEI_101,132,219,181,2025-09-19T21:05:00+08:00
2025-09-19T22:00:00+08:00,TPE_AIRPORT,84,86,77,2025-09-19T22:05:00+08:00
2025-09-19T22:00:00+08:00,TAIPEI_MAIN,147,198,170,2025-09-19T22:05:00+08:00
2025-09-19T22:00:00+08:00,XIMENDING,156,195,148,2025-09-19T22:05:00+08:00
2025-09-19T22:00:00+08:00,TAIPEI_101,150,219,167,2025-09-19T22:05:00+08:00
2025-09-19T23:00:00+08:00,TPE_AIRPORT,68,131,113,2025-09-19T23:05:00+08:00
2025-09-19T23:00:00+08:00,TAIPEI_MAIN,133,207,163,2025-09-19T23:05:00+08:00
2025-09-19T23:00:00+08:00,XIMENDING,136,155,129,2025-09-19T23:05:00+08:00
2025-09-19T23:00:00+08:00,TAIPEI_101,115,205,147,2025-09-19T23:05:00+08:00
2025-09-20T00:00:00+08:00,TPE_AIRPORT,103,107,94,2025-09-20T00:05:00+08:00
2025-09-20T00:00:00+08:00,TAIPEI_MAIN,155,86,63,2025-09-20T00:05:00+08:00
2025-09-20T00:00:00+08:00,XIMENDING,162,146,128,2025-09-20T00:05:00+08:00
2025-09-20T00:00:00+08:00,TAIPEI_101,166,82,61,2025-09-20T00:05:00+08:00
2025-09-20T01:00:00+08:00,TPE_AIRPORT,108,47,38,2025-09-20T01:05:00+08:00
2025-09-20T01:00:00+08:00,TAIPEI_MAIN,151,61,45,2025-09-20T01:05:00+08:00
2025-09-20T01:00:00+08:00,XIMENDING,151,107,85,2025-09-20T01:05:00+08:00
2025-09-20T01:00:00+08:00,TAIPEI_101,172,118,89,2025-09-20T01:05:00+08:00
2025-09-20T02:00:00+08:00,TPE_AIRPORT,92,102,83,2025-09-20T02:05:00+08:00
2025-09-20T02:00:00+08:00,TAIPEI_MAIN,158,112,97,2025-09-20T02:05:00+08:00
2025-09-20T02:00:00+08:00,XIMENDING,203,144,121,2025-09-20T02:05:00+08:00
2025-09-20T02:00:00+08:00,TAIPEI_101,148,94,78,2025-09-20T02:05:00+08:00
2025-09-20T03:00:00+08:00,TPE_AIRPORT,107,91,75,2025-09-20T03:05:00+08:00
2025-09-20T03:00:00+08:00,TAIPEI_MAIN,165,84,72,2025-09-20T03:05:00+08:00
2025-09-20T03:00:00+08:00,XIMENDING,120,85,62,2025-09-20T03:05:00+08:00
2025-09-20T03:00:00+08:00,TAIPEI_101,165,122,107,2025-09-20T03:05:00+08:00
2025-09-20T04:00:00+08:00,TPE_AIRPORT,79,65,57,2025-09-20T04:05:00+08:00
2025-09-20T04:00:00+08:00,TAIPEI_MAIN,138,84,69,2025-09-20T04:05:00+08:00
2025-09-20T04:00:00+08:00,XIMENDING,170,118,98,2025-09-20T04:05:00+08:00
2025-09-20T04:00:00+08:00,TAIPEI_101,161,135,118,2025-09-20T04:05:00+08:00
2025-09-20T05:00:00+08:00,TPE_AIRPORT,58,79,68,2025-09-20T05:05:00+08:00
2025-09-20T05:00:00+08:00,TAIPEI_MAIN,140,176,134,2025-09-20T05:05:00+08:00
2025-09-20T05:00:00+08:00,XIMENDING,144,167,127,2025-09-20T05:05:00+08:00
2025-09-20T05:00:00+08:00,TAIPEI_101,141,188,170,2025-09-20T05:05:00+08:00
2025-09-20T06:00:00+08:00,TPE_AIRPORT,80,89,69,2025-09-20T06:05:00+08:00
2025-09-20T06:00:00+08:00,TAIPEI_MAIN,128,174,139,2025-09-20T06:05:00+08:00
2025-09-20T06:00:00+08:00,XIMENDING,141,268,238,2025-09-20T06:05:00+08:00
2025-09-20T06:00:00+08:00,TAIPEI_101,100,184,145,2025-09-20T06:05:00+08:00
2025-09-20T07:00:00+08:00,TPE_AIRPORT,132,117,103,2025-09-20T07:05:00+08:00
2025-09-20T07:00:00+08:00,TAIPEI_MAIN,109,179,142,2025-09-20T07:05:00+08:00
2025-09-20T07:00:00+08:00,XIMENDING,135,195,140,2025-09-20T07:05:00+08:00
2025-09-20T07:00:00+08:00,TAIPEI_101,143,188,164,2025-09-20T07:05:00+08:00
2025-09-20T08:00:00+08:00,TPE_AIRPORT,67,87,74,2025-09-20T08:05:00+08:00
2025-09-20T08:00:00+08:00,TAIPEI_MAIN,141,203,166,2025-09-20T08:05:00+08:00
2025-09-20T08:00:00+08:00,XIMENDING,153,160,117,2025-09-20T08:05:00+08:00
2025-09-20T08:00:00+08:00,TAIPEI_101,105,191,168,2025-09-20T08:05:00+08:00
2025-09-20T09:00:00+08:00,TPE_AIRPORT,128,43,35,2025-09-20T09:05:00+08:00
2025-09-20T09:00:00+08:00,TAIPEI_MAIN,155,93,76,2025-09-20T09:05:00+08:00
2025-09-20T09:00:00+08:00,XIMENDING,138,134,112,2025-09-20T09:05:00+08:00
2025-09-20T09:00:00+08:00,TAIPEI_101,164,136,108,2025-09-20T09:05:00+08:00
2025-09-20T10:00:00+08:00,TPE_AIRPORT,133,72,58,2025-09-20T10:05:00+08:00
2025-09-20T10:00:00+08:00,TAIPEI_MAIN,181,90,78,2025-09-20T10:05:00+08:00
2025-09-20T10:00:00+08:00,XIMENDING,157,146,116,2025-09-20T10:05:00+08:00
2025-09-20T10:00:00+08:00,TAIPEI_101,160,93,79,2025-09-20T10:05:00+08:00
2025-09-20T11:00:00+08:00,TPE_AIRPORT,96,108,81,2025-09-20T11:05:00+08:00
2025-09-20T11:00:00+08:00,TAIPEI_MAIN,139,101,88,2025-09-20T11:05:00+08:00
2025-09-20T11:00:00+08:00,XIMENDING,167,118,100,2025-09-20T11:05:00+08:00
2025-09-20T11:00:00+08:00,TAIPEI_101,179,115,87,2025-09-20T11:05:00+08:00
2025-09-20T12:00:00+08:00,TPE_AIRPORT,98,113,85,2025-09-20T12:05:00+08:00
2025-09-20T12:00:00+08:00,TAIPEI_MAIN,146,121,108,2025-09-20T12:05:00+08:00
2025-09-20T12:00:00+08:00,XIMENDING,138,132,118,2025-09-20T12:05:00+08:00
2025-09-20T12:00:00+08:00,TAIPEI_101,172,156,127,2025-09-20T12:05:00+08:00
2025-09-20T13:00:00+08:00,TPE_AIRPORT,68,83,75,2025-09-20T13:05:00+08:00
2025-09-20T13:00:00+08:00,TAIPEI_MAIN,132,91,75,2025-09-20T13:05:00+08:00
2025-09-20T13:00:00+08:00,XIMENDING,177,141,106,2025-09-20T13:05:00+08:00
2025-09-20T13:00:00+08:00,TAIPEI_101,177,105,83,2025-09-20T13:05:00+08:00
2025-09-20T14:00:00+08:00,TPE_AIRPORT,93,108,96,2025-09-20T14:05:00+08:00
2025-09-20T14:00:00+08:00,TAIPEI_MAIN,157,105,93,2025-09-20T14:05:00+08:00
2025-09-20T14:00:00+08:00,XIMENDING,156,115,84,2025-09-20T14:05:00+08:00
2025-09-20T14:00:00+08:00,TAIPEI_101,168,130,106,2025-09-20T14:05:00+08:00
2025-09-20T15:00:00+08:00,TPE_AIRPORT,93,99,73,2025-09-20T15:05:00+08:00
2025-09-20T15:00:00+08:00,TAIPEI_MAIN,141,79,64,2025-09-20T15:05:00+08:00
2025-09-20T15:00:00+08:00,XIMENDING,162,157,142,2025-09-20T15:05:00+08:00
2025-09-20T15:00:00+08:00,TAIPEI_101,144,120,106,2025-09-20T15:05:00+08:00
2025-09-20T16:00:00+08:00,TPE_AIRPORT,108,78,64,2025-09-20T16:05:00+08:00
2025-09-20T16:00:00+08:00,TAIPEI_MAIN,146,125,90,2025-09-20T16:05:00+08:00
2025-09-20T16:00:00+08:00,XIMENDING,139,113,84,2025-09-20T16:05:00+08:00
2025-09-20T16:00:00+08:00,TAIPEI_101,135,127,101,2025-09-20T16:05:00+08:00
2025-09-20T17:00:00+08:00,TPE_AIRPORT,111,87,72,2025-09-20T17:05:00+08:00
2025-09-20T17:00:00+08:00,TAIPEI_MAIN,126,79,62,2025-09-20T17:05:00+08:00
2025-09-20T17:00:00+08:00,XIMENDING,164,153,133,2025-09-20T17:05:00+08:00
2025-09-20T17:00:00+08:00,TAIPEI_101,149,132,112,2025-09-20T17:05:00+08:00
2025-09-20T18:00:00+08:00,TPE_AIRPORT,133,113,81,2025-09-20T18:05:00+08:00
2025-09-20T18:00:00+08:00,TAIPEI_MAIN,168,121,95,2025-09-20T18:05:00+08:00
2025-09-20T18:00:00+08:00,XIMENDING,167,113,84,2025-09-20T18:05:00+08:00
2025-09-20T18:00:00+08:00,TAIPEI_101,164,102,92,2025-09-20T18:05:00+08:00
2025-09-20T19:00:00+08:00,TPE_AIRPORT,114,105,76,2025-09-20T19:05:00+08:00
2025-09-20T19:00:00+08:00,TAIPEI_MAIN,179,146,122,2025-09-20T19:05:00+08:00
2025-09-20T19:00:00+08:00,XIMENDING,155,155,126,2025-09-20T19:05:00+08:00
2025-09-20T19:00:00+08:00,TAIPEI_101,152,97,81,2025-09-20T19:05:00+08:00
2025-09-20T20:00:00+08:00,TPE_AIRPORT,114,132,106,2025-09-20T20:05:00+08:00
2025-09-20T20:00:00+08:00,TAIPEI_MAIN,115,205,148,2025-09-20T20:05:00+08:00
2025-09-20T20:00:00+08:00,XIMENDING,108,202,160,2025-09-20T20:05:00+08:00
2025-09-20T20:00:00+08:00,TAIPEI_101,139,212,175,2025-09-20T20:05:00+08:00
2025-09-20T21:00:00+08:00,TPE_AIRPORT,59,157,128,2025-09-20T21:05:00+08:00
2025-09-20T21:00:00+08:00,TAIPEI_MAIN,145,193,141,2025-09-20T21:05:00+08:00
2025-09-20T21:00:00+08:00,XIMENDING,153,216,177,2025-09-20T21:05:00+08:00
2025-09-20T21:00:00+08:00,TAIPEI_101,110,149,108,2025-09-20T21:05:00+08:00
2025-09-20T22:00:00+08:00,TPE_AIRPORT,121,100,88,2025-09-20T22:05:00+08:00
2025-09-20T22:00:00+08:00,TAIPEI_MAIN,116,204,158,2025-09-20T22:05:00+08:00
2025-09-20T22:00:00+08:00,XIMENDING,141,184,134,2025-09-20T22:05:00+08:00
2025-09-20T22:00:00+08:00,TAIPEI_101,155,201,175,2025-09-20T22:05:00+08:00
2025-09-20T23:00:00+08:00,TPE_AIRPORT,59,136,100,2025-09-20T23:05:00+08:00
2025-09-20T23:00:00+08:00,TAIPEI_MAIN,143,172,137,2025-09-20T23:05:00+08:00
2025-09-20T23:00:00+08:00,XIMENDING,136,180,151,2025-09-20T23:05:00+08:00
2025-09-20T23:00:00+08:00,TAIPEI_101,103,182,144,2025-09-20T23:05:00+08:00
2025-09-21T00:00:00+08:00,TPE_AIRPORT,120,86,65,2025-09-21T00:05:00+08:00
2025-09-21T00:00:00+08:00,TAIPEI_MAIN,176,110,97,2025-09-21T00:05:00+08:00
2025-09-21T00:00:00+08:00,XIMENDING,162,106,79,2025-09-21T00:05:00+08:00
2025-09-21T00:00:00+08:00,TAIPEI_101,178,150,131,2025-09-21T00:05:00+08:00
2025-09-21T01:00:00+08:00,TPE_AIRPORT,113,109,82,2025-09-21T01:05:00+08:00
2025-09-21T01:00:00+08:00,TAIPEI_MAIN,143,122,97,2025-09-21T01:05:00+08:00
2025-09-21T01:00:00+08:00,XIMENDING,150,92,80,2025-09-21T01:05:00+08:00
2025-09-21T01:00:00+08:00,TAIPEI_101,144,101,88,2025-09-21T01:05:00+08:00
2025-09-21T02:00:00+08:00,TPE_AIRPORT,115,96,72,2025-09-21T02:05:00+08:00
2025-09-21T02:00:00+08:00,TAIPEI_MAIN,147,93,82,2025-09-21T02:05:00+08:00
2025-09-21T02:00:00+08:00,XIMENDING,181,125,103,2025-09-21T02:05:00+08:00
2025-09-21T02:00:00+08:00,TAIPEI_101,153,160,129,2025-09-21T02:05:00+08:00
2025-09-21T03:00:00+08:00,TPE_AIRPORT,126,66,51,2025-09-21T03:05:00+08:00
2025-09-21T03:00:00+08:00,TAIPEI_MAIN,163,101,91,2025-09-21T03:05:00+08:00
2025-09-21T03:00:00+08:00,XIMENDING,165,111,94,2025-09-21T03:05:00+08:00
2025-09-21T03:00:00+08:00,TAIPEI_101,180,105,93,2025-09-21T03:05:00+08:00
2025-09-21T04:00:00+08:00,TPE_AIRPORT,106,95,85,2025-09-21T04:05:00+08:00
2025-09-21T04:00:00+08:00,TAIPEI_MAIN,180,105,88,2025-09-21T04:05:00+08:00
2025-09-21T04:00:00+08:00,XIMENDING,144,115,103,2025-09-21T04:05:00+08:00
2025-09-21T04:00:00+08:00,TAIPEI_101,162,119,93,2025-09-21T04:05:00+08:00
2025-09-21T05:00:00+08:00,TPE_AIRPORT,83,121,106,2025-09-21T05:05:00+08:00
2025-09-21T05:00:00+08:00,TAIPEI_MAIN,169,209,174,2025-09-21T05:05:00+08:00
2025-09-21T05:00:00+08:00,XIMENDING,146,180,156,2025-09-21T05:05:00+08:00
2025-09-21T05:00:00+08:00,TAIPEI_101,128,188,164,2025-09-21T05:05:00+08:00
2025-09-21T06:00:00+08:00,TPE_AIRPORT,84,117,105,2025-09-21T06:05:00+08:00
2025-09-21T06:00:00+08:00,TAIPEI_MAIN,144,186,141,2025-09-21T06:05:00+08:00
2025-09-21T06:00:00+08:00,XIMENDING,106,195,148,2025-09-21T06:05:00+08:00
2025-09-21T06:00:00+08:00,TAIPEI_101,117,149,127,2025-09-21T06:05:00+08:00
2025-09-21T07:00:00+08:00,TPE_AIRPORT,96,97,81,2025-09-21T07:05:00+08:00
2025-09-21T07:00:00+08:00,TAIPEI_MAIN,148,138,101,2025-09-21T07:05:00+08:00
2025-09-21T07:00:00+08:00,XIMENDING,137,147,132,2025-09-21T07:05:00+08:00
2025-09-21T07:00:00+08:00,TAIPEI_101,155,209,172,2025-09-21T07:05:00+08:00
2025-09-21T08:00:00+08:00,TPE_AIRPORT,87,106,88,2025-09-21T08:05:00+08:00
2025-09-21T08:00:00+08:00,TAIPEI_MAIN,133,198,155,2025-09-21T08:05:00+08:00
2025-09-21T08:00:00+08:00,XIMENDING,128,175,140,2025-09-21T08:05:00+08:00
2025-09-21T08:00:00+08:00,TAIPEI_101,101,214,161,2025-09-21T08:05:00+08:00
2025-09-21T09:00:00+08:00,TPE_AIRPORT,114,65,50,2025-09-21T09:05:00+08:00
2025-09-21T09:00:00+08:00,TAIPEI_MAIN,192,141,106,2025-09-21T09:05:00+08:00
2025-09-21T09:00:00+08:00,XIMENDING,160,162,128,2025-09-21T09:05:00+08:00
2025-09-21T09:00:00+08:00,TAIPEI_101,144,137,121,2025-09-21T09:05:00+08:00
2025-09-21T10:00:00+08:00,TPE_AIRPORT,108,68,57,2025-09-21T10:05:00+08:00
2025-09-21T10:00:00+08:00,TAIPEI_MAIN,136,96,70,2025-09-21T10:05:00+08:00
2025-09-21T10:00:00+08:00,XIMENDING,123,120,89,2025-09-21T10:05:00+08:00
2025-09-21T10:00:00+08:00,TAIPEI_101,161,115,92,2025-09-21T10:05:00+08:00
2025-09-21T11:00:00+08:00,TPE_AIRPORT,85,42,35,2025-09-21T11:05:00+08:00
2025-09-21T11:00:00+08:00,TAIPEI_MAIN,163,88,73,2025-09-21T11:05:00+08:00
2025-09-21T11:00:00+08:00,XIMENDING,162,112,87,2025-09-21T11:05:00+08:00
2025-09-21T11:00:00+08:00,TAIPEI_101,185,116,97,2025-09-21T11:05:00+08:00
2025-09-21T12:00:00+08:00,TPE_AIRPORT,108,66,54,2025-09-21T12:05:00+08:00
2025-09-21T12:00:00+08:00,TAIPEI_MAIN,154,102,81,2025-09-21T12:05:00+08:00
2025-09-21T12:00:00+08:00,XIMENDING,167,135,117,2025-09-21T12:05:00+08:00
2025-09-21T12:00:00+08:00,TAIPEI_101,159,105,80,2025-09-21T12:05:00+08:00
2025-09-21T13:00:00+08:00,TPE_AIRPORT,103,101,89,2025-09-21T13:05:00+08:00
2025-09-21T13:00:00+08:00,TAIPEI_MAIN,131,107,78,2025-09-21T13:05:00+08:00
2025-09-21T13:00:00+08:00,XIMENDING,179,142,116,2025-09-21T13:05:00+08:00
2025-09-21T13:00:00+08:00,TAIPEI_101,136,113,97,2025-09-21T13:05:00+08:00
2025-09-21T14:00:00+08:00,TPE_AIRPORT,134,68,50,2025-09-21T14:05:00+08:00
2025-09-21T14:00:00+08:00,TAIPEI_MAIN,138,116,95,2025-09-21T14:05:00+08:00
2025-09-21T14:00:00+08:00,XIMENDING,177,75,56,2025-09-21T14:05:00+08:00
2025-09-21T14:00:00+08:00,TAIPEI_101,156,147,124,2025-09-21T14:05:00+08:00
2025-09-21T15:00:00+08:00,TPE_AIRPORT,126,77,69,2025-09-21T15:05:00+08:00
2025-09-21T15:00:00+08:00,TAIPEI_MAIN,187,129,103,2025-09-21T15:05:00+08:00
2025-09-21T15:00:00+08:00,XIMENDING,163,132,100,2025-09-21T15:05:00+08:00
2025-09-21T15:00:00+08:00,TAIPEI_101,146,90,65,2025-09-21T15:05:00+08:00
2025-09-21T16:00:00+08:00,TPE_AIRPORT,102,88,73,2025-09-21T16:05:00+08:00
2025-09-21T16:00:00+08:00,TAIPEI_MAIN,170,106,84,2025-09-21T16:05:00+08:00
2025-09-21T16:00:00+08:00,XIMENDING,148,104,87,2025-09-21T16:05:00+08:00
2025-09-21T16:00:00+08:00,TAIPEI_101,151,122,98,2025-09-21T16:05:00+08:00
2025-09-21T17:00:00+08:00,TPE_AIRPORT,121,73,62,2025-09-21T17:05:00+08:00
2025-09-21T17:00:00+08:00,TAIPEI_MAIN,145,142,108,2025-09-21T17:05:00+08:00
2025-09-21T17:00:00+08:00,XIMENDING,141,139,118,2025-09-21T17:05:00+08:00
2025-09-21T17:00:00+08:00,TAIPEI_101,168,142,127,2025-09-21T17:05:00+08:00
2025-09-21T18:00:00+08:00,TPE_AIRPORT,112,98,82,2025-09-21T18:05:00+08:00
2025-09-21T18:00:00+08:00,TAIPEI_MAIN,182,114,91,2025-09-21T18:05:00+08:00
2025-09-21T18:00:00+08:00,XIMENDING,200,82,69,2025-09-21T18:05:00+08:00
2025-09-21T18:00:00+08:00,TAIPEI_101,173,101,74,2025-09-21T18:05:00+08:00
2025-09-21T19:00:00+08:00,TPE_AIRPORT,115,31,25,2025-09-21T19:05:00+08:00
2025-09-21T19:00:00+08:00,TAIPEI_MAIN,159,134,118,2025-09-21T19:05:00+08:00
2025-09-21T19:00:00+08:00,XIMENDING,171,118,95,2025-09-21T19:05:00+08:00
2025-09-21T19:00:00+08:00,TAIPEI_101,193,133,105,2025-09-21T19:05:00+08:00
2025-09-21T20:00:00+08:00,TPE_AIRPORT,103,174,136,2025-09-21T20:05:00+08:00
2025-09-21T20:00:00+08:00,TAIPEI_MAIN,108,164,135,2025-09-21T20:05:00+08:00
2025-09-21T20:00:00+08:00,XIMENDING,146,173,147,2025-09-21T20:05:00+08:00
2025-09-21T20:00:00+08:00,TAIPEI_101,132,166,150,2025-09-21T20:05:00+08:00
2025-09-21T21:00:00+08:00,TPE_AIRPORT,94,104,94,2025-09-21T21:05:00+08:00
2025-09-21T21:00:00+08:00,TAIPEI_MAIN,161,162,126,2025-09-21T21:05:00+08:00
2025-09-21T21:00:00+08:00,XIMENDING,153,182,164,2025-09-21T21:05:00+08:00
2025-09-21T21:00:00+08:00,TAIPEI_101,156,205,178,2025-09-21T21:05:00+08:00
2025-09-21T22:00:00+08:00,TPE_AIRPORT,30,91,73,2025-09-21T22:05:00+08:00
2025-09-21T22:00:00+08:00,TAIPEI_MAIN,147,185,144,2025-09-21T22:05:00+08:00
2025-09-21T22:00:00+08:00,XIMENDING,133,163,140,2025-09-21T22:05:00+08:00
2025-09-21T22:00:00+08:00,TAIPEI_101,114,165,140,2025-09-21T22:05:00+08:00
2025-09-21T23:00:00+08:00,TPE_AIRPORT,65,136,98,2025-09-21T23:05:00+08:00
2025-09-21T23:00:00+08:00,TAIPEI_MAIN,126,181,142,2025-09-21T23:05:00+08:00
2025-09-21T23:00:00+08:00,XIMENDING,136,199,174,2025-09-21T23:05:00+08:00
2025-09-21T23:00:00+08:00,TAIPEI_101,139,225,184,2025-09-21T23:05:00+08:00
2025-09-22T00:00:00+08:00,TPE_AIRPORT,100,84,69,2025-09-22T00:05:00+08:00
2025-09-22T00:00:00+08:00,TAIPEI_MAIN,145,74,61,2025-09-22T00:05:00+08:00
2025-09-22T00:00:00+08:00,XIMENDING,181,127,103,2025-09-22T00:05:00+08:00
2025-09-22T00:00:00+08:00,TAIPEI_101,188,90,65,2025-09-22T00:05:00+08:00
2025-09-22T01:00:00+08:00,TPE_AIRPORT,142,102,81,2025-09-22T01:05:00+08:00
2025-09-22T01:00:00+08:00,TAIPEI_MAIN,144,103,88,2025-09-22T01:05:00+08:00
2025-09-22T01:00:00+08:00,XIMENDING,138,128,112,2025-09-22T01:05:00+08:00
2025-09-22T01:00:00+08:00,TAIPEI_101,151,98,80,2025-09-22T01:05:00+08:00
2025-09-22T02:00:00+08:00,TPE_AIRPORT,108,65,50,2025-09-22T02:05:00+08:00
2025-09-22T02:00:00+08:00,TAIPEI_MAIN,170,103,79,2025-09-22T02:05:00+08:00
2025-09-22T02:00:00+08:00,XIMENDING,159,150,112,2025-09-22T02:05:00+08:00
2025-09-22T02:00:00+08:00,TAIPEI_101,126,104,94,2025-09-22T02:05:00+08:00
2025-09-22T03:00:00+08:00,TPE_AIRPORT,112,93,77,2025-09-22T03:05:00+08:00
2025-09-22T03:00:00+08:00,TAIPEI_MAIN,143,132,117,2025-09-22T03:05:00+08:00
2025-09-22T03:00:00+08:00,XIMENDING,156,120,103,2025-09-22T03:05:00+08:00
2025-09-22T03:00:00+08:00,TAIPEI_101,154,144,123,2025-09-22T03:05:00+08:00
2025-09-22T04:00:00+08:00,TPE_AIRPORT,108,58,42,2025-09-22T04:05:00+08:00
2025-09-22T04:00:00+08:00,TAIPEI_MAIN,170,145,111,2025-09-22T04:05:00+08:00
2025-09-22T04:00:00+08:00,XIMENDING,170,110,88,2025-09-22T04:05:00+08:00
2025-09-22T04:00:00+08:00,TAIPEI_101,170,115,91,2025-09-22T04:05:00+08:00
2025-09-22T05:00:00+08:00,TPE_AIRPORT,96,115,95,2025-09-22T05:05:00+08:00
2025-09-22T05:00:00+08:00,TAIPEI_MAIN,152,212,177,2025-09-22T05:05:00+08:00
2025-09-22T05:00:00+08:00,XIMENDING,122,165,148,2025-09-22T05:05:00+08:00
2025-09-22T05:00:00+08:00,TAIPEI_101,116,153,128,2025-09-22T05:05:00+08:00
2025-09-22T06:00:00+08:00,TPE_AIRPORT,115,116,89,2025-09-22T06:05:00+08:00
2025-09-22T06:00:00+08:00,TAIPEI_MAIN,142,174,133,2025-09-22T06:05:00+08:00
2025-09-22T06:00:00+08:00,XIMENDING,158,170,134,2025-09-22T06:05:00+08:00
2025-09-22T06:00:00+08:00,TAIPEI_101,95,147,117,2025-09-22T06:05:00+08:00
2025-09-22T07:00:00+08:00,TPE_AIRPORT,89,107,86,2025-09-22T07:05:00+08:00
2025-09-22T07:00:00+08:00,TAIPEI_MAIN,106,214,171,2025-09-22T07:05:00+08:00
2025-09-22T07:00:00+08:00,XIMENDING,164,210,182,2025-09-22T07:05:00+08:00
2025-09-22T07:00:00+08:00,TAIPEI_101,124,156,126,2025-09-22T07:05:00+08:00
2025-09-22T08:00:00+08:00,TPE_AIRPORT,69,136,122,2025-09-22T08:05:00+08:00
2025-09-22T08:00:00+08:00,TAIPEI_MAIN,93,162,136,2025-09-22T08:05:00+08:00
2025-09-22T08:00:00+08:00,XIMENDING,142,160,137,2025-09-22T08:05:00+08:00
2025-09-22T08:00:00+08:00,TAIPEI_101,139,199,156,2025-09-22T08:05:00+08:00
2025-09-22T09:00:00+08:00,TPE_AIRPORT,107,62,51,2025-09-22T09:05:00+08:00
2025-09-22T09:00:00+08:00,TAIPEI_MAIN,162,134,117,2025-09-22T09:05:00+08:00
2025-09-22T09:00:00+08:00,XIMENDING,161,111,98,2025-09-22T09:05:00+08:00
2025-09-22T09:00:00+08:00,TAIPEI_101,141,113,96,2025-09-22T09:05:00+08:00
2025-09-22T10:00:00+08:00,TPE_AIRPORT,119,64,50,2025-09-22T10:05:00+08:00
2025-09-22T10:00:00+08:00,TAIPEI_MAIN,161,98,84,2025-09-22T10:05:00+08:00
2025-09-22T10:00:00+08:00,XIMENDING,150,124,108,2025-09-22T10:05:00+08:00
2025-09-22T10:00:00+08:00,TAIPEI_101,169,130,101,2025-09-22T10:05:00+08:00
2025-09-22T11:00:00+08:00,TPE_AIRPORT,110,105,91,2025-09-22T11:05:00+08:00
2025-09-22T11:00:00+08:00,TAIPEI_MAIN,169,157,135,2025-09-22T11:05:00+08:00
2025-09-22T11:00:00+08:00,XIMENDING,159,144,124,2025-09-22T11:05:00+08:00
2025-09-22T11:00:00+08:00,TAIPEI_101,183,117,84,2025-09-22T11:05:00+08:00
2025-09-22T12:00:00+08:00,TPE_AIRPORT,105,104,93,2025-09-22T12:05:00+08:00
2025-09-22T12:00:00+08:00,TAIPEI_MAIN,168,111,84,2025-09-22T12:05:00+08:00
2025-09-22T12:00:00+08:00,XIMENDING,136,91,76,2025-09-22T12:05:00+08:00
2025-09-22T12:00:00+08:00,TAIPEI_101,102,110,82,2025-09-22T12:05:00+08:00
2025-09-22T13:00:00+08:00,TPE_AIRPORT,145,76,55,2025-09-22T13:05:00+08:00
2025-09-22T13:00:00+08:00,TAIPEI_MAIN,175,88,74,2025-09-22T13:05:00+08:00
2025-09-22T13:00:00+08:00,XIMENDING,157,92,71,2025-09-22T13:05:00+08:00
2025-09-22T13:00:00+08:00,TAIPEI_101,118,128,97,2025-09-22T13:05:00+08:00
2025-09-22T14:00:00+08:00,TPE_AIRPORT,103,47,39,2025-09-22T14:05:00+08:00
2025-09-22T14:00:00+08:00,TAIPEI_MAIN,172,124,95,2025-09-22T14:05:00+08:00
2025-09-22T14:00:00+08:00,XIMENDING,154,90,68,2025-09-22T14:05:00+08:00
2025-09-22T14:00:00+08:00,TAIPEI_101,171,144,112,2025-09-22T14:05:00+08:00
2025-09-22T15:00:00+08:00,TPE_AIRPORT,116,104,85,2025-09-22T15:05:00+08:00
2025-09-22T15:00:00+08:00,TAIPEI_MAIN,164,121,88,2025-09-22T15:05:00+08:00
2025-09-22T15:00:00+08:00,XIMENDING,166,153,134,2025-09-22T15:05:00+08:00
2025-09-22T15:00:00+08:00,TAIPEI_101,165,121,92,2025-09-22T15:05:00+08:00
2025-09-22T16:00:00+08:00,TPE_AIRPORT,75,63,48,2025-09-22T16:05:00+08:00
2025-09-22T16:00:00+08:00,TAIPEI_MAIN,171,112,101,2025-09-22T16:05:00+08:00
2025-09-22T16:00:00+08:00,XIMENDING,177,99,72,2025-09-22T16:05:00+08:00
2025-09-22T16:00:00+08:00,TAIPEI_101,132,112,82,2025-09-22T16:05:00+08:00
2025-09-22T17:00:00+08:00,TPE_AIRPORT,114,39,31,2025-09-22T17:05:00+08:00
2025-09-22T17:00:00+08:00,TAIPEI_MAIN,133,115,86,2025-09-22T17:05:00+08:00
2025-09-22T17:00:00+08:00,XIMENDING,154,110,97,2025-09-22T17:05:00+08:00
2025-09-22T17:00:00+08:00,TAIPEI_101,130,123,96,2025-09-22T17:05:00+08:00
2025-09-22T18:00:00+08:00,TPE_AIRPORT,98,78,60,2025-09-22T18:05:00+08:00
2025-09-22T18:00:00+08:00,TAIPEI_MAIN,175,86,73,2025-09-22T18:05:00+08:00
2025-09-22T18:00:00+08:00,XIMENDING,175,127,113,2025-09-22T18:05:00+08:00
2025-09-22T18:00:00+08:00,TAIPEI_101,162,137,106,2025-09-22T18:05:00+08:00
2025-09-22T19:00:00+08:00,TPE_AIRPORT,85,113,100,2025-09-22T19:05:00+08:00
2025-09-22T19:00:00+08:00,TAIPEI_MAIN,194,117,101,2025-09-22T19:05:00+08:00
2025-09-22T19:00:00+08:00,XIMENDING,162,65,56,2025-09-22T19:05:00+08:00
2025-09-22T19:00:00+08:00,TAIPEI_101,139,96,74,2025-09-22T19:05:00+08:00
2025-09-22T20:00:00+08:00,TPE_AIRPORT,61,132,99,2025-09-22T20:05:00+08:00
2025-09-22T20:00:00+08:00,TAIPEI_MAIN,121,167,126,2025-09-22T20:05:00+08:00
2025-09-22T20:00:00+08:00,XIMENDING,134,207,168,2025-09-22T20:05:00+08:00
2025-09-22T20:00:00+08:00,TAIPEI_101,130,167,123,2025-09-22T20:05:00+08:00
2025-09-22T21:00:00+08:00,TPE_AIRPORT,81,130,95,2025-09-22T21:05:00+08:00
2025-09-22T21:00:00+08:00,TAIPEI_MAIN,133,180,153,2025-09-22T21:05:00+08:00
2025-09-22T21:00:00+08:00,XIMENDING,126,183,146,2025-09-22T21:05:00+08:00
2025-09-22T21:00:00+08:00,TAIPEI_101,127,185,139,2025-09-22T21:05:00+08:00
2025-09-22T22:00:00+08:00,TPE_AIRPORT,110,143,107,2025-09-22T22:05:00+08:00
2025-09-22T22:00:00+08:00,TAIPEI_MAIN,144,177,135,2025-09-22T22:05:00+08:00
2025-09-22T22:00:00+08:00,XIMENDING,120,184,166,2025-09-22T22:05:00+08:00
2025-09-22T22:00:00+08:00,TAIPEI_101,149,215,165,2025-09-22T22:05:00+08:00
2025-09-22T23:00:00+08:00,TPE_AIRPORT,77,135,108,2025-09-22T23:05:00+08:00
2025-09-22T23:00:00+08:00,TAIPEI_MAIN,160,169,150,2025-09-22T23:05:00+08:00
2025-09-22T23:00:00+08:00,XIMENDING,142,174,150,2025-09-22T23:05:00+08:00
2025-09-22T23:00:00+08:00,TAIPEI_101,145,131,113,2025-09-22T23:05:00+08:00
2025-09-23T00:00:00+08:00,TPE_AIRPORT,112,74,58,2025-09-23T00:05:00+08:00
2025-09-23T00:00:00+08:00,TAIPEI_MAIN,150,122,95,2025-09-23T00:05:00+08:00
2025-09-23T00:00:00+08:00,XIMENDING,135,118,100,2025-09-23T00:05:00+08:00
2025-09-23T00:00:00+08:00,TAIPEI_101,155,79,64,2025-09-23T00:05:00+08:00
2025-09-23T01:00:00+08:00,TPE_AIRPORT,111,93,73,2025-09-23T01:05:00+08:00
2025-09-23T01:00:00+08:00,TAIPEI_MAIN,193,83,67,2025-09-23T01:05:00+08:00
2025-09-23T01:00:00+08:00,XIMENDING,173,151,113,2025-09-23T01:05:00+08:00
2025-09-23T01:00:00+08:00,TAIPEI_101,129,113,99,2025-09-23T01:05:00+08:00
2025-09-23T02:00:00+08:00,TPE_AIRPORT,87,141,105,2025-09-23T02:05:00+08:00
2025-09-23T02:00:00+08:00,TAIPEI_MAIN,161,136,116,2025-09-23T02:05:00+08:00
2025-09-23T02:00:00+08:00,XIMENDING,179,105,95,2025-09-23T02:05:00+08:00
2025-09-23T02:00:00+08:00,TAIPEI_101,182,83,59,2025-09-23T02:05:00+08:00
2025-09-23T03:00:00+08:00,TPE_AIRPORT,87,102,76,2025-09-23T03:05:00+08:00
2025-09-23T03:00:00+08:00,TAIPEI_MAIN,136,126,101,2025-09-23T03:05:00+08:00
2025-09-23T03:00:00+08:00,XIMENDING,168,115,96,2025-09-23T03:05:00+08:00
2025-09-23T03:00:00+08:00,TAIPEI_101,170,115,103,2025-09-23T03:05:00+08:00
2025-09-23T04:00:00+08:00,TPE_AIRPORT,134,61,46,2025-09-23T04:05:00+08:00
2025-09-23T04:00:00+08:00,TAIPEI_MAIN,169,102,76,2025-09-23T04:05:00+08:00
2025-09-23T04:00:00+08:00,XIMENDING,159,126,92,2025-09-23T04:05:00+08:00
2025-09-23T04:00:00+08:00,TAIPEI_101,134,107,84,2025-09-23T04:05:00+08:00
2025-09-23T05:00:00+08:00,TPE_AIRPORT,105,157,130,2025-09-23T05:05:00+08:00
2025-09-23T05:00:00+08:00,TAIPEI_MAIN,140,166,143,2025-09-23T05:05:00+08:00
2025-09-23T05:00:00+08:00,XIMENDING,139,182,144,2025-09-23T05:05:00+08:00
2025-09-23T05:00:00+08:00,TAIPEI_101,166,152,116,2025-09-23T05:05:00+08:00
2025-09-23T06:00:00+08:00,TPE_AIRPORT,75,145,118,2025-09-23T06:05:00+08:00
2025-09-23T06:00:00+08:00,TAIPEI_MAIN,146,155,140,2025-09-23T06:05:00+08:00
2025-09-23T06:00:00+08:00,XIMENDING,164,169,152,2025-09-23T06:05:00+08:00
2025-09-23T06:00:00+08:00,TAIPEI_101,145,158,117,2025-09-23T06:05:00+08:00
2025-09-23T07:00:00+08:00,TPE_AIRPORT,87,163,122,2025-09-23T07:05:00+08:00
2025-09-23T07:00:00+08:00,TAIPEI_MAIN,115,145,128,2025-09-23T07:05:00+08:00
2025-09-23T07:00:00+08:00,XIMENDING,159,185,146,2025-09-23T07:05:00+08:00
2025-09-23T07:00:00+08:00,TAIPEI_101,121,212,171,2025-09-23T07:05:00+08:00
2025-09-23T08:00:00+08:00,TPE_AIRPORT,57,142,109,2025-09-23T08:05:00+08:00
2025-09-23T08:00:00+08:00,TAIPEI_MAIN,140,220,172,2025-09-23T08:05:00+08:00
2025-09-23T08:00:00+08:00,XIMENDING,141,228,170,2025-09-23T08:05:00+08:00
2025-09-23T08:00:00+08:00,TAIPEI_101,146,183,164,2025-09-23T08:05:00+08:00
2025-09-23T09:00:00+08:00,TPE_AIRPORT,123,89,66,2025-09-23T09:05:00+08:00
2025-09-23T09:00:00+08:00,TAIPEI_MAIN,175,87,68,2025-09-23T09:05:00+08:00
2025-09-23T09:00:00+08:00,XIMENDING,158,98,76,2025-09-23T09:05:00+08:00
2025-09-23T09:00:00+08:00,TAIPEI_101,149,101,90,2025-09-23T09:05:00+08:00
2025-09-23T10:00:00+08:00,TPE_AIRPORT,100,46,38,2025-09-23T10:05:00+08:00
2025-09-23T10:00:00+08:00,TAIPEI_MAIN,149,110,99,2025-09-23T10:05:00+08:00
2025-09-23T10:00:00+08:00,XIMENDING,176,111,90,2025-09-23T10:05:00+08:00
2025-09-23T10:00:00+08:00,TAIPEI_101,187,79,68,2025-09-23T10:05:00+08:00
2025-09-23T11:00:00+08:00,TPE_AIRPORT,109,123,97,2025-09-23T11:05:00+08:00
2025-09-23T11:00:00+08:00,TAIPEI_MAIN,178,89,73,2025-09-23T11:05:00+08:00
2025-09-23T11:00:00+08:00,XIMENDING,152,160,137,2025-09-23T11:05:00+08:00
2025-09-23T11:00:00+08:00,TAIPEI_101,157,106,81,2025-09-23T11:05:00+08:00
2025-09-23T12:00:00+08:00,TPE_AIRPORT,116,91,75,2025-09-23T12:05:00+08:00
2025-09-23T12:00:00+08:00,TAIPEI_MAIN,123,118,86,2025-09-23T12:05:00+08:00
2025-09-23T12:00:00+08:00,XIMENDING,142,120,95,2025-09-23T12:05:00+08:00
2025-09-23T12:00:00+08:00,TAIPEI_101,145,76,58,2025-09-23T12:05:00+08:00
2025-09-23T13:00:00+08:00,TPE_AIRPORT,104,75,61,2025-09-23T13:05:00+08:00
2025-09-23T13:00:00+08:00,TAIPEI_MAIN,158,107,95,2025-09-23T13:05:00+08:00
2025-09-23T13:00:00+08:00,XIMENDING,143,102,86,2025-09-23T13:05:00+08:00
2025-09-23T13:00:00+08:00,TAIPEI_101,154,116,98,2025-09-23T13:05:00+08:00
2025-09-23T14:00:00+08:00,TPE_AIRPORT,106,92,78,2025-09-23T14:05:00+08:00
2025-09-23T14:00:00+08:00,TAIPEI_MAIN,119,106,76,2025-09-23T14:05:00+08:00
2025-09-23T14:00:00+08:00,XIMENDING,133,123,108,2025-09-23T14:05:00+08:00
2025-09-23T14:00:00+08:00,TAIPEI_101,163,109,91,2025-09-23T14:05:00+08:00
2025-09-23T15:00:00+08:00,TPE_AIRPORT,118,69,61,2025-09-23T15:05:00+08:00
2025-09-23T15:00:00+08:00,TAIPEI_MAIN,188,162,144,2025-09-23T15:05:00+08:00
2025-09-23T15:00:00+08:00,XIMENDING,163,110,99,2025-09-23T15:05:00+08:00
2025-09-23T15:00:00+08:00,TAIPEI_101,166,127,112,2025-09-23T15:05:00+08:00
2025-09-23T16:00:00+08:00,TPE_AIRPORT,106,85,67,2025-09-23T16:05:00+08:00
2025-09-23T16:00:00+08:00,TAIPEI_MAIN,131,111,88,2025-09-23T16:05:00+08:00
2025-09-23T16:00:00+08:00,XIMENDING,132,142,123,2025-09-23T16:05:00+08:00
2025-09-23T16:00:00+08:00,TAIPEI_101,150,89,69,2025-09-23T16:05:00+08:00
2025-09-23T17:00:00+08:00,TPE_AIRPORT,108,46,40,2025-09-23T17:05:00+08:00
2025-09-23T17:00:00+08:00,TAIPEI_MAIN,169,107,92,2025-09-23T17:05:00+08:00
2025-09-23T17:00:00+08:00,XIMENDING,171,106,87,2025-09-23T17:05:00+08:00
2025-09-23T17:00:00+08:00,TAIPEI_101,161,151,128,2025-09-23T17:05:00+08:00
2025-09-23T18:00:00+08:00,TPE_AIRPORT,115,94,70,2025-09-23T18:05:00+08:00
2025-09-23T18:00:00+08:00,TAIPEI_MAIN,155,130,108,2025-09-23T18:05:00+08:00
2025-09-23T18:00:00+08:00,XIMENDING,148,118,95,2025-09-23T18:05:00+08:00
2025-09-23T18:00:00+08:00,TAIPEI_101,178,98,86,2025-09-23T18:05:00+08:00
2025-09-23T19:00:00+08:00,TPE_AIRPORT,112,75,67,2025-09-23T19:05:00+08:00
2025-09-23T19:00:00+08:00,TAIPEI_MAIN,178,102,80,2025-09-23T19:05:00+08:00
2025-09-23T19:00:00+08:00,XIMENDING,171,107,94,2025-09-23T19:05:00+08:00
2025-09-23T19:00:00+08:00,TAIPEI_101,165,174,134,2025-09-23T19:05:00+08:00
2025-09-23T20:00:00+08:00,TPE_AIRPORT,83,134,113,2025-09-23T20:05:00+08:00
2025-09-23T20:00:00+08:00,TAIPEI_MAIN,138,152,119,2025-09-23T20:05:00+08:00
2025-09-23T20:00:00+08:00,XIMENDING,161,178,133,2025-09-23T20:05:00+08:00
2025-09-23T20:00:00+08:00,TAIPEI_101,128,170,133,2025-09-23T20:05:00+08:00
2025-09-23T21:00:00+08:00,TPE_AIRPORT,101,152,135,2025-09-23T21:05:00+08:00
2025-09-23T21:00:00+08:00,TAIPEI_MAIN,120,165,120,2025-09-23T21:05:00+08:00
2025-09-23T21:00:00+08:00,XIMENDING,155,181,134,2025-09-23T21:05:00+08:00
2025-09-23T21:00:00+08:00,TAIPEI_101,141,207,165,2025-09-23T21:05:00+08:00
2025-09-23T22:00:00+08:00,TPE_AIRPORT,94,153,121,2025-09-23T22:05:00+08:00
2025-09-23T22:00:00+08:00,TAIPEI_MAIN,132,187,166,2025-09-23T22:05:00+08:00
2025-09-23T22:00:00+08:00,XIMENDING,120,194,168,2025-09-23T22:05:00+08:00
2025-09-23T22:00:00+08:00,TAIPEI_101,167,196,171,2025-09-23T22:05:00+08:00
2025-09-23T23:00:00+08:00,TPE_AIRPORT,88,118,107,2025-09-23T23:05:00+08:00
2025-09-23T23:00:00+08:00,TAIPEI_MAIN,127,199,149,2025-09-23T23:05:00+08:00
2025-09-23T23:00:00+08:00,XIMENDING,150,163,121,2025-09-23T23:05:00+08:00
2025-09-23T23:00:00+08:00,TAIPEI_101,152,153,121,2025-09-23T23:05:00+08:00
2025-09-24T00:00:00+08:00,TPE_AIRPORT,111,51,36,2025-09-24T00:05:00+08:00
2025-09-24T00:00:00+08:00,TAIPEI_MAIN,152,122,90,2025-09-24T00:05:00+08:00
2025-09-24T00:00:00+08:00,XIMENDING,191,132,106,2025-09-24T00:05:00+08:00
2025-09-24T00:00:00+08:00,TAIPEI_101,140,148,120,2025-09-24T00:05:00+08:00
2025-09-24T01:00:00+08:00,TPE_AIRPORT,98,40,33,2025-09-24T01:05:00+08:00
2025-09-24T01:00:00+08:00,TAIPEI_MAIN,156,151,130,2025-09-24T01:05:00+08:00
2025-09-24T01:00:00+08:00,XIMENDING,174,112,92,2025-09-24T01:05:00+08:00
2025-09-24T01:00:00+08:00,TAIPEI_101,121,126,98,2025-09-24T01:05:00+08:00
2025-09-24T02:00:00+08:00,TPE_AIRPORT,104,81,68,2025-09-24T02:05:00+08:00
2025-09-24T02:00:00+08:00,TAIPEI_MAIN,161,139,107,2025-09-24T02:05:00+08:00
2025-09-24T02:00:00+08:00,XIMENDING,177,112,90,2025-09-24T02:05:00+08:00
2025-09-24T02:00:00+08:00,TAIPEI_101,117,94,80,2025-09-24T02:05:00+08:00
2025-09-24T03:00:00+08:00,TPE_AIRPORT,138,79,63,2025-09-24T03:05:00+08:00
2025-09-24T03:00:00+08:00,TAIPEI_MAIN,176,92,77,2025-09-24T03:05:00+08:00
2025-09-24T03:00:00+08:00,XIMENDING,180,153,115,2025-09-24T03:05:00+08:00
2025-09-24T03:00:00+08:00,TAIPEI_101,155,139,124,2025-09-24T03:05:00+08:00
2025-09-24T04:00:00+08:00,TPE_AIRPORT,127,73,53,2025-09-24T04:05:00+08:00
2025-09-24T04:00:00+08:00,TAIPEI_MAIN,167,139,120,2025-09-24T04:05:00+08:00
2025-09-24T04:00:00+08:00,XIMENDING,114,158,138,2025-09-24T04:05:00+08:00
2025-09-24T04:00:00+08:00,TAIPEI_101,157,123,109,2025-09-24T04:05:00+08:00
2025-09-24T05:00:00+08:00,TPE_AIRPORT,91,145,107,2025-09-24T05:05:00+08:00
2025-09-24T05:00:00+08:00,TAIPEI_MAIN,115,208,187,2025-09-24T05:05:00+08:00
2025-09-24T05:00:00+08:00,XIMENDING,146,203,148,2025-09-24T05:05:00+08:00
2025-09-24T05:00:00+08:00,TAIPEI_101,138,214,187,2025-09-24T05:05:00+08:00
2025-09-24T06:00:00+08:00,TPE_AIRPORT,98,148,118,2025-09-24T06:05:00+08:00
2025-09-24T06:00:00+08:00,TAIPEI_MAIN,142,172,148,2025-09-24T06:05:00+08:00
2025-09-24T06:00:00+08:00,XIMENDING,167,199,168,2025-09-24T06:05:00+08:00
2025-09-24T06:00:00+08:00,TAIPEI_101,137,191,156,2025-09-24T06:05:00+08:00
2025-09-24T07:00:00+08:00,TPE_AIRPORT,75,118,107,2025-09-24T07:05:00+08:00
2025-09-24T07:00:00+08:00,TAIPEI_MAIN,133,195,154,2025-09-24T07:05:00+08:00
2025-09-24T07:00:00+08:00,XIMENDING,128,148,127,2025-09-24T07:05:00+08:00
2025-09-24T07:00:00+08:00,TAIPEI_101,145,185,147,2025-09-24T07:05:00+08:00
2025-09-24T08:00:00+08:00,TPE_AIRPORT,81,122,93,2025-09-24T08:05:00+08:00
2025-09-24T08:00:00+08:00,TAIPEI_MAIN,183,185,138,2025-09-24T08:05:00+08:00
2025-09-24T08:00:00+08:00,XIMENDING,118,195,174,2025-09-24T08:05:00+08:00
2025-09-24T08:00:00+08:00,TAIPEI_101,139,186,157,2025-09-24T08:05:00+08:00
2025-09-24T09:00:00+08:00,TPE_AIRPORT,122,97,85,2025-09-24T09:05:00+08:00
2025-09-24T09:00:00+08:00,TAIPEI_MAIN,166,86,74,2025-09-24T09:05:00+08:00
2025-09-24T09:00:00+08:00,XIMENDING,142,107,97,2025-09-24T09:05:00+08:00
2025-09-24T09:00:00+08:00,TAIPEI_101,144,157,115,2025-09-24T09:05:00+08:00
2025-09-24T10:00:00+08:00,TPE_AIRPORT,125,92,71,2025-09-24T10:05:00+08:00
2025-09-24T10:00:00+08:00,TAIPEI_MAIN,123,136,123,2025-09-24T10:05:00+08:00
2025-09-24T10:00:00+08:00,XIMENDING,134,128,94,2025-09-24T10:05:00+08:00
2025-09-24T10:00:00+08:00,TAIPEI_101,168,39,29,2025-09-24T10:05:00+08:00
2025-09-24T11:00:00+08:00,TPE_AIRPORT,89,74,64,2025-09-24T11:05:00+08:00
2025-09-24T11:00:00+08:00,TAIPEI_MAIN,157,102,80,2025-09-24T11:05:00+08:00
2025-09-24T11:00:00+08:00,XIMENDING,156,119,103,2025-09-24T11:05:00+08:00
2025-09-24T11:00:00+08:00,TAIPEI_101,171,141,113,2025-09-24T11:05:00+08:00
2025-09-24T12:00:00+08:00,TPE_AIRPORT,90,64,57,2025-09-24T12:05:00+08:00
2025-09-24T12:00:00+08:00,TAIPEI_MAIN,134,135,107,2025-09-24T12:05:00+08:00
2025-09-24T12:00:00+08:00,XIMENDING,168,126,100,2025-09-24T12:05:00+08:00
2025-09-24T12:00:00+08:00,TAIPEI_101,145,113,85,2025-09-24T12:05:00+08:00
2025-09-24T13:00:00+08:00,TPE_AIRPORT,119,30,24,2025-09-24T13:05:00+08:00
2025-09-24T13:00:00+08:00,TAIPEI_MAIN,187,96,74,2025-09-24T13:05:00+08:00
2025-09-24T13:00:00+08:00,XIMENDING,144,95,77,2025-09-24T13:05:00+08:00
2025-09-24T13:00:00+08:00,TAIPEI_101,156,112,87,2025-09-24T13:05:00+08:00
2025-09-24T14:00:00+08:00,TPE_AIRPORT,117,72,63,2025-09-24T14:05:00+08:00
2025-09-24T14:00:00+08:00,TAIPEI_MAIN,173,130,102,2025-09-24T14:05:00+08:00
2025-09-24T14:00:00+08:00,XIMENDING,170,119,85,2025-09-24T14:05:00+08:00
2025-09-24T14:00:00+08:00,TAIPEI_101,151,98,83,2025-09-24T14:05:00+08:00
2025-09-24T15:00:00+08:00,TPE_AIRPORT,99,106,87,2025-09-24T15:05:00+08:00
2025-09-24T15:00:00+08:00,TAIPEI_MAIN,159,84,72,2025-09-24T15:05:00+08:00
2025-09-24T15:00:00+08:00,XIMENDING,199,112,92,2025-09-24T15:05:00+08:00
2025-09-24T15:00:00+08:00,TAIPEI_101,134,128,102,2025-09-24T15:05:00+08:00
2025-09-24T16:00:00+08:00,TPE_AIRPORT,132,101,83,2025-09-24T16:05:00+08:00
2025-09-24T16:00:00+08:00,TAIPEI_MAIN,170,127,107,2025-09-24T16:05:00+08:00
2025-09-24T16:00:00+08:00,XIMENDING,166,109,90,2025-09-24T16:05:00+08:00
2025-09-24T16:00:00+08:00,TAIPEI_101,142,71,52,2025-09-24T16:05:00+08:00
2025-09-24T17:00:00+08:00,TPE_AIRPORT,116,88,72,2025-09-24T17:05:00+08:00
2025-09-24T17:00:00+08:00,TAIPEI_MAIN,177,124,107,2025-09-24T17:05:00+08:00
2025-09-24T17:00:00+08:00,XIMENDING,159,131,99,2025-09-24T17:05:00+08:00
2025-09-24T17:00:00+08:00,TAIPEI_101,159,115,87,2025-09-24T17:05:00+08:00
2025-09-24T18:00:00+08:00,TPE_AIRPORT,119,103,75,2025-09-24T18:05:00+08:00
2025-09-24T18:00:00+08:00,TAIPEI_MAIN,175,86,67,2025-09-24T18:05:00+08:00
2025-09-24T18:00:00+08:00,XIMENDING,183,86,73,2025-09-24T18:05:00+08:00
2025-09-24T18:00:00+08:00,TAIPEI_101,152,112,98,2025-09-24T18:05:00+08:00
2025-09-24T19:00:00+08:00,TPE_AIRPORT,113,44,33,2025-09-24T19:05:00+08:00
2025-09-24T19:00:00+08:00,TAIPEI_MAIN,166,126,91,2025-09-24T19:05:00+08:00
2025-09-24T19:00:00+08:00,XIMENDING,154,140,124,2025-09-24T19:05:00+08:00
2025-09-24T19:00:00+08:00,TAIPEI_101,157,123,110,2025-09-24T19:05:00+08:00
2025-09-24T20:00:00+08:00,TPE_AIRPORT,67,117,105,2025-09-24T20:05:00+08:00
2025-09-24T20:00:00+08:00,TAIPEI_MAIN,153,227,176,2025-09-24T20:05:00+08:00
2025-09-24T20:00:00+08:00,XIMENDING,125,176,145,2025-09-24T20:05:00+08:00
2025-09-24T20:00:00+08:00,TAIPEI_101,106,181,138,2025-09-24T20:05:00+08:00
2025-09-24T21:00:00+08:00,TPE_AIRPORT,68,115,96,2025-09-24T21:05:00+08:00
2025-09-24T21:00:00+08:00,TAIPEI_MAIN,163,165,147,2025-09-24T21:05:00+08:00
2025-09-24T21:00:00+08:00,XIMENDING,147,154,115,2025-09-24T21:05:00+08:00
2025-09-24T21:00:00+08:00,TAIPEI_101,122,217,168,2025-09-24T21:05:00+08:00
2025-09-24T22:00:00+08:00,TPE_AIRPORT,65,111,95,2025-09-24T22:05:00+08:00
2025-09-24T22:00:00+08:00,TAIPEI_MAIN,154,157,121,2025-09-24T22:05:00+08:00
2025-09-24T22:00:00+08:00,XIMENDING,127,170,129,2025-09-24T22:05:00+08:00
2025-09-24T22:00:00+08:00,TAIPEI_101,141,182,152,2025-09-24T22:05:00+08:00
2025-09-24T23:00:00+08:00,TPE_AIRPORT,66,150,116,2025-09-24T23:05:00+08:00
2025-09-24T23:00:00+08:00,TAIPEI_MAIN,94,185,159,2025-09-24T23:05:00+08:00
2025-09-24T23:00:00+08:00,XIMENDING,149,186,135,2025-09-24T23:05:00+08:00
2025-09-24T23:00:00+08:00,TAIPEI_101,141,158,143,2025-09-24T23:05:00+08:00
2025-09-25T00:00:00+08:00,TPE_AIRPORT,92,99,77,2025-09-25T00:05:00+08:00
2025-09-25T00:00:00+08:00,TAIPEI_MAIN,149,121,100,2025-09-25T00:05:00+08:00
2025-09-25T00:00:00+08:00,XIMENDING,170,155,129,2025-09-25T00:05:00+08:00
2025-09-25T00:00:00+08:00,TAIPEI_101,176,77,63,2025-09-25T00:05:00+08:00
2025-09-25T01:00:00+08:00,TPE_AIRPORT,118,71,58,2025-09-25T01:05:00+08:00
2025-09-25T01:00:00+08:00,TAIPEI_MAIN,146,110,81,2025-09-25T01:05:00+08:00
2025-09-25T01:00:00+08:00,XIMENDING,164,143,128,2025-09-25T01:05:00+08:00
2025-09-25T01:00:00+08:00,TAIPEI_101,178,134,97,2025-09-25T01:05:00+08:00
2025-09-25T02:00:00+08:00,TPE_AIRPORT,139,64,57,2025-09-25T02:05:00+08:00
2025-09-25T02:00:00+08:00,TAIPEI_MAIN,149,92,68,2025-09-25T02:05:00+08:00
2025-09-25T02:00:00+08:00,XIMENDING,152,104,76,2025-09-25T02:05:00+08:00
2025-09-25T02:00:00+08:00,TAIPEI_101,175,99,86,2025-09-25T02:05:00+08:00
2025-09-25T03:00:00+08:00,TPE_AIRPORT,80,101,88,2025-09-25T03:05:00+08:00
2025-09-25T03:00:00+08:00,TAIPEI_MAIN,152,94,84,2025-09-25T03:05:00+08:00
2025-09-25T03:00:00+08:00,XIMENDING,130,151,118,2025-09-25T03:05:00+08:00
2025-09-25T03:00:00+08:00,TAIPEI_101,188,88,69,2025-09-25T03:05:00+08:00
2025-09-25T04:00:00+08:00,TPE_AIRPORT,118,79,58,2025-09-25T04:05:00+08:00
2025-09-25T04:00:00+08:00,TAIPEI_MAIN,141,109,97,2025-09-25T04:05:00+08:00
2025-09-25T04:00:00+08:00,XIMENDING,188,71,60,2025-09-25T04:05:00+08:00
2025-09-25T04:00:00+08:00,TAIPEI_101,168,125,93,2025-09-25T04:05:00+08:00
2025-09-25T05:00:00+08:00,TPE_AIRPORT,66,137,114,2025-09-25T05:05:00+08:00
2025-09-25T05:00:00+08:00,TAIPEI_MAIN,150,183,161,2025-09-25T05:05:00+08:00
2025-09-25T05:00:00+08:00,XIMENDING,140,159,123,2025-09-25T05:05:00+08:00
2025-09-25T05:00:00+08:00,TAIPEI_101,149,192,164,2025-09-25T05:05:00+08:00
2025-09-25T06:00:00+08:00,TPE_AIRPORT,75,127,94,2025-09-25T06:05:00+08:00
2025-09-25T06:00:00+08:00,TAIPEI_MAIN,137,187,143,2025-09-25T06:05:00+08:00
2025-09-25T06:00:00+08:00,XIMENDING,166,177,141,2025-09-25T06:05:00+08:00
2025-09-25T06:00:00+08:00,TAIPEI_101,134,135,99,2025-09-25T06:05:00+08:00
2025-09-25T07:00:00+08:00,TPE_AIRPORT,98,139,122,2025-09-25T07:05:00+08:00
2025-09-25T07:00:00+08:00,TAIPEI_MAIN,143,164,135,2025-09-25T07:05:00+08:00
2025-09-25T07:00:00+08:00,XIMENDING,147,190,151,2025-09-25T07:05:00+08:00
2025-09-25T07:00:00+08:00,TAIPEI_101,129,193,155,2025-09-25T07:05:00+08:00
2025-09-25T08:00:00+08:00,TPE_AIRPORT,97,79,71,2025-09-25T08:05:00+08:00
2025-09-25T08:00:00+08:00,TAIPEI_MAIN,161,210,161,2025-09-25T08:05:00+08:00
2025-09-25T08:00:00+08:00,XIMENDING,138,203,170,2025-09-25T08:05:00+08:00
2025-09-25T08:00:00+08:00,TAIPEI_101,146,209,189,2025-09-25T08:05:00+08:00
2025-09-25T09:00:00+08:00,TPE_AIRPORT,80,77,64,2025-09-25T09:05:00+08:00
2025-09-25T09:00:00+08:00,TAIPEI_MAIN,164,139,124,2025-09-25T09:05:00+08:00
2025-09-25T09:00:00+08:00,XIMENDING,174,81,64,2025-09-25T09:05:00+08:00
2025-09-25T09:00:00+08:00,TAIPEI_101,152,59,45,2025-09-25T09:05:00+08:00
2025-09-25T10:00:00+08:00,TPE_AIRPORT,125,63,54,2025-09-25T10:05:00+08:00
2025-09-25T10:00:00+08:00,TAIPEI_MAIN,145,135,107,2025-09-25T10:05:00+08:00
2025-09-25T10:00:00+08:00,XIMENDING,172,83,68,2025-09-25T10:05:00+08:00
2025-09-25T10:00:00+08:00,TAIPEI_101,149,134,99,2025-09-25T10:05:00+08:00
2025-09-25T11:00:00+08:00,TPE_AIRPORT,110,45,38,2025-09-25T11:05:00+08:00
2025-09-25T11:00:00+08:00,TAIPEI_MAIN,137,150,117,2025-09-25T11:05:00+08:00
2025-09-25T11:00:00+08:00,XIMENDING,141,97,81,2025-09-25T11:05:00+08:00
2025-09-25T11:00:00+08:00,TAIPEI_101,164,104,76,2025-09-25T11:05:00+08:00
2025-09-25T12:00:00+08:00,TPE_AIRPORT,121,84,73,2025-09-25T12:05:00+08:00
2025-09-25T12:00:00+08:00,TAIPEI_MAIN,136,107,92,2025-09-25T12:05:00+08:00
2025-09-25T12:00:00+08:00,XIMENDING,153,112,83,2025-09-25T12:05:00+08:00
2025-09-25T12:00:00+08:00,TAIPEI_101,172,161,141,2025-09-25T12:05:00+08:00
2025-09-25T13:00:00+08:00,TPE_AIRPORT,161,81,67,2025-09-25T13:05:00+08:00
2025-09-25T13:00:00+08:00,TAIPEI_MAIN,156,112,88,2025-09-25T13:05:00+08:00
2025-09-25T13:00:00+08:00,XIMENDING,126,144,130,2025-09-25T13:05:00+08:00
2025-09-25T13:00:00+08:00,TAIPEI_101,109,98,71,2025-09-25T13:05:00+08:00
2025-09-25T14:00:00+08:00,TPE_AIRPORT,103,104,78,2025-09-25T14:05:00+08:00
2025-09-25T14:00:00+08:00,TAIPEI_MAIN,133,97,86,2025-09-25T14:05:00+08:00
2025-09-25T14:00:00+08:00,XIMENDING,156,126,111,2025-09-25T14:05:00+08:00
2025-09-25T14:00:00+08:00,TAIPEI_101,163,100,75,2025-09-25T14:05:00+08:00
2025-09-25T15:00:00+08:00,TPE_AIRPORT,120,83,72,2025-09-25T15:05:00+08:00
2025-09-25T15:00:00+08:00,TAIPEI_MAIN,178,91,73,2025-09-25T15:05:00+08:00
2025-09-25T15:00:00+08:00,XIMENDING,145,120,99,2025-09-25T15:05:00+08:00
2025-09-25T15:00:00+08:00,TAIPEI_101,152,83,59,2025-09-25T15:05:00+08:00
2025-09-25T16:00:00+08:00,TPE_AIRPORT,144,82,60,2025-09-25T16:05:00+08:00
2025-09-25T16:00:00+08:00,TAIPEI_MAIN,138,120,99,2025-09-25T16:05:00+08:00
2025-09-25T16:00:00+08:00,XIMENDING,161,97,86,2025-09-25T16:05:00+08:00
2025-09-25T16:00:00+08:00,TAIPEI_101,163,117,96,2025-09-25T16:05:00+08:00
2025-09-25T17:00:00+08:00,TPE_AIRPORT,132,86,63,2025-09-25T17:05:00+08:00
2025-09-25T17:00:00+08:00,TAIPEI_MAIN,154,99,71,2025-09-25T17:05:00+08:00
2025-09-25T17:00:00+08:00,XIMENDING,154,101,90,2025-09-25T17:05:00+08:00
2025-09-25T17:00:00+08:00,TAIPEI_101,160,112,81,2025-09-25T17:05:00+08:00
2025-09-25T18:00:00+08:00,TPE_AIRPORT,94,105,85,2025-09-25T18:05:00+08:00
2025-09-25T18:00:00+08:00,TAIPEI_MAIN,193,135,120,2025-09-25T18:05:00+08:00
2025-09-25T18:00:00+08:00,XIMENDING,180,111,80,2025-09-25T18:05:00+08:00
2025-09-25T18:00:00+08:00,TAIPEI_101,174,136,103,2025-09-25T18:05:00+08:00
2025-09-25T19:00:00+08:00,TPE_AIRPORT,121,11,9,2025-09-25T19:05:00+08:00
2025-09-25T19:00:00+08:00,TAIPEI_MAIN,125,127,104,2025-09-25T19:05:00+08:00
2025-09-25T19:00:00+08:00,XIMENDING,168,143,122,2025-09-25T19:05:00+08:00
2025-09-25T19:00:00+08:00,TAIPEI_101,174,126,113,2025-09-25T19:05:00+08:00
2025-09-25T20:00:00+08:00,TPE_AIRPORT,86,137,120,2025-09-25T20:05:00+08:00
2025-09-25T20:00:00+08:00,TAIPEI_MAIN,126,194,173,2025-09-25T20:05:00+08:00
2025-09-25T20:00:00+08:00,XIMENDING,116,214,166,2025-09-25T20:05:00+08:00
2025-09-25T20:00:00+08:00,TAIPEI_101,126,228,169,2025-09-25T20:05:00+08:00
2025-09-25T21:00:00+08:00,TPE_AIRPORT,80,108,94,2025-09-25T21:05:00+08:00
2025-09-25T21:00:00+08:00,TAIPEI_MAIN,138,237,192,2025-09-25T21:05:00+08:00
2025-09-25T21:00:00+08:00,XIMENDING,153,222,184,2025-09-25T21:05:00+08:00
2025-09-25T21:00:00+08:00,TAIPEI_101,146,206,149,2025-09-25T21:05:00+08:00
2025-09-25T22:00:00+08:00,TPE_AIRPORT,78,113,84,2025-09-25T22:05:00+08:00
2025-09-25T22:00:00+08:00,TAIPEI_MAIN,110,185,160,2025-09-25T22:05:00+08:00
2025-09-25T22:00:00+08:00,XIMENDING,136,181,140,2025-09-25T22:05:00+08:00
2025-09-25T22:00:00+08:00,TAIPEI_101,124,191,139,2025-09-25T22:05:00+08:00
2025-09-25T23:00:00+08:00,TPE_AIRPORT,81,122,97,2025-09-25T23:05:00+08:00
2025-09-25T23:00:00+08:00,TAIPEI_MAIN,149,203,182,2025-09-25T23:05:00+08:00
2025-09-25T23:00:00+08:00,XIMENDING,125,197,158,2025-09-25T23:05:00+08:00
2025-09-25T23:00:00+08:00,TAIPEI_101,133,176,146,2025-09-25T23:05:00+08:00
2025-09-26T00:00:00+08:00,TPE_AIRPORT,136,73,59,2025-09-26T00:05:00+08:00
2025-09-26T00:00:00+08:00,TAIPEI_MAIN,138,106,78,2025-09-26T00:05:00+08:00
2025-09-26T00:00:00+08:00,XIMENDING,181,144,119,2025-09-26T00:05:00+08:00
2025-09-26T00:00:00+08:00,TAIPEI_101,164,75,65,2025-09-26T00:05:00+08:00
2025-09-26T01:00:00+08:00,TPE_AIRPORT,112,82,73,2025-09-26T01:05:00+08:00
2025-09-26T01:00:00+08:00,TAIPEI_MAIN,154,119,104,2025-09-26T01:05:00+08:00
2025-09-26T01:00:00+08:00,XIMENDING,163,113,90,2025-09-26T01:05:00+08:00
2025-09-26T01:00:00+08:00,TAIPEI_101,161,127,94,2025-09-26T01:05:00+08:00
2025-09-26T02:00:00+08:00,TPE_AIRPORT,131,127,101,2025-09-26T02:05:00+08:00
2025-09-26T02:00:00+08:00,TAIPEI_MAIN,171,106,85,2025-09-26T02:05:00+08:00
2025-09-26T02:00:00+08:00,XIMENDING,177,75,59,2025-09-26T02:05:00+08:00
2025-09-26T02:00:00+08:00,TAIPEI_101,151,98,76,2025-09-26T02:05:00+08:00
2025-09-26T03:00:00+08:00,TPE_AIRPORT,136,75,66,2025-09-26T03:05:00+08:00
2025-09-26T03:00:00+08:00,TAIPEI_MAIN,174,109,97,2025-09-26T03:05:00+08:00
2025-09-26T03:00:00+08:00,XIMENDING,154,120,86,2025-09-26T03:05:00+08:00
2025-09-26T03:00:00+08:00,TAIPEI_101,142,114,101,2025-09-26T03:05:00+08:00
2025-09-26T04:00:00+08:00,TPE_AIRPORT,102,40,33,2025-09-26T04:05:00+08:00
2025-09-26T04:00:00+08:00,TAIPEI_MAIN,138,108,96,2025-09-26T04:05:00+08:00
2025-09-26T04:00:00+08:00,XIMENDING,144,116,90,2025-09-26T04:05:00+08:00
2025-09-26T04:00:00+08:00,TAIPEI_101,151,40,36,2025-09-26T04:05:00+08:00
2025-09-26T05:00:00+08:00,TPE_AIRPORT,62,98,78,2025-09-26T05:05:00+08:00
2025-09-26T05:00:00+08:00,TAIPEI_MAIN,104,184,153,2025-09-26T05:05:00+08:00
2025-09-26T05:00:00+08:00,XIMENDING,161,191,165,2025-09-26T05:05:00+08:00
2025-09-26T05:00:00+08:00,TAIPEI_101,107,152,134,2025-09-26T05:05:00+08:00
2025-09-26T06:00:00+08:00,TPE_AIRPORT,101,128,111,2025-09-26T06:05:00+08:00
2025-09-26T06:00:00+08:00,TAIPEI_MAIN,99,191,150,2025-09-26T06:05:00+08:00
2025-09-26T06:00:00+08:00,XIMENDING,180,162,130,2025-09-26T06:05:00+08:00
2025-09-26T06:00:00+08:00,TAIPEI_101,148,184,152,2025-09-26T06:05:00+08:00
2025-09-26T07:00:00+08:00,TPE_AIRPORT,78,148,125,2025-09-26T07:05:00+08:00
2025-09-26T07:00:00+08:00,TAIPEI_MAIN,98,146,125,2025-09-26T07:05:00+08:00
2025-09-26T07:00:00+08:00,XIMENDING,134,186,151,2025-09-26T07:05:00+08:00
2025-09-26T07:00:00+08:00,TAIPEI_101,157,207,186,2025-09-26T07:05:00+08:00
2025-09-26T08:00:00+08:00,TPE_AIRPORT,70,147,115,2025-09-26T08:05:00+08:00
2025-09-26T08:00:00+08:00,TAIPEI_MAIN,118,187,139,2025-09-26T08:05:00+08:00
2025-09-26T08:00:00+08:00,XIMENDING,111,166,143,2025-09-26T08:05:00+08:00
2025-09-26T08:00:00+08:00,TAIPEI_101,111,192,159,2025-09-26T08:05:00+08:00
2025-09-26T09:00:00+08:00,TPE_AIRPORT,69,88,77,2025-09-26T09:05:00+08:00
2025-09-26T09:00:00+08:00,TAIPEI_MAIN,179,134,113,2025-09-26T09:05:00+08:00
2025-09-26T09:00:00+08:00,XIMENDING,152,114,98,2025-09-26T09:05:00+08:00
2025-09-26T09:00:00+08:00,TAIPEI_101,178,117,99,2025-09-26T09:05:00+08:00
2025-09-26T10:00:00+08:00,TPE_AIRPORT,100,92,75,2025-09-26T10:05:00+08:00
2025-09-26T10:00:00+08:00,TAIPEI_MAIN,160,146,122,2025-09-26T10:05:00+08:00
2025-09-26T10:00:00+08:00,XIMENDING,145,126,99,2025-09-26T10:05:00+08:00
2025-09-26T10:00:00+08:00,TAIPEI_101,142,158,116,2025-09-26T10:05:00+08:00
2025-09-26T11:00:00+08:00,TPE_AIRPORT,118,90,78,2025-09-26T11:05:00+08:00
2025-09-26T11:00:00+08:00,TAIPEI_MAIN,146,140,115,2025-09-26T11:05:00+08:00
2025-09-26T11:00:00+08:00,XIMENDING,169,110,82,2025-09-26T11:05:00+08:00
2025-09-26T11:00:00+08:00,TAIPEI_101,190,115,103,2025-09-26T11:05:00+08:00
2025-09-26T12:00:00+08:00,TPE_AIRPORT,106,64,48,2025-09-26T12:05:00+08:00
2025-09-26T12:00:00+08:00,TAIPEI_MAIN,174,98,73,2025-09-26T12:05:00+08:00
2025-09-26T12:00:00+08:00,XIMENDING,162,91,70,2025-09-26T12:05:00+08:00
2025-09-26T12:00:00+08:00,TAIPEI_101,153,156,112,2025-09-26T12:05:00+08:00
2025-09-26T13:00:00+08:00,TPE_AIRPORT,88,51,39,2025-09-26T13:05:00+08:00
2025-09-26T13:00:00+08:00,TAIPEI_MAIN,169,113,85,2025-09-26T13:05:00+08:00
2025-09-26T13:00:00+08:00,XIMENDING,161,89,70,2025-09-26T13:05:00+08:00
2025-09-26T13:00:00+08:00,TAIPEI_101,196,111,79,2025-09-26T13:05:00+08:00
2025-09-26T14:00:00+08:00,TPE_AIRPORT,163,82,63,2025-09-26T14:05:00+08:00
2025-09-26T14:00:00+08:00,TAIPEI_MAIN,189,91,80,2025-09-26T14:05:00+08:00
2025-09-26T14:00:00+08:00,XIMENDING,151,136,116,2025-09-26T14:05:00+08:00
2025-09-26T14:00:00+08:00,TAIPEI_101,173,109,92,2025-09-26T14:05:00+08:00
2025-09-26T15:00:00+08:00,TPE_AIRPORT,104,64,53,2025-09-26T15:05:00+08:00
2025-09-26T15:00:00+08:00,TAIPEI_MAIN,143,96,84,2025-09-26T15:05:00+08:00
2025-09-26T15:00:00+08:00,XIMENDING,183,138,105,2025-09-26T15:05:00+08:00
2025-09-26T15:00:00+08:00,TAIPEI_101,161,108,93,2025-09-26T15:05:00+08:00
2025-09-26T16:00:00+08:00,TPE_AIRPORT,81,80,61,2025-09-26T16:05:00+08:00
2025-09-26T16:00:00+08:00,TAIPEI_MAIN,165,139,103,2025-09-26T16:05:00+08:00
2025-09-26T16:00:00+08:00,XIMENDING,150,110,92,2025-09-26T16:05:00+08:00
2025-09-26T16:00:00+08:00,TAIPEI_101,190,146,107,2025-09-26T16:05:00+08:00
2025-09-26T17:00:00+08:00,TPE_AIRPORT,111,89,79,2025-09-26T17:05:00+08:00
2025-09-26T17:00:00+08:00,TAIPEI_MAIN,150,70,54,2025-09-26T17:05:00+08:00
2025-09-26T17:00:00+08:00,XIMENDING,186,98,74,2025-09-26T17:05:00+08:00
2025-09-26T17:00:00+08:00,TAIPEI_101,177,137,111,2025-09-26T17:05:00+08:00
2025-09-26T18:00:00+08:00,TPE_AIRPORT,119,111,91,2025-09-26T18:05:00+08:00
2025-09-26T18:00:00+08:00,TAIPEI_MAIN,187,82,67,2025-09-26T18:05:00+08:00
2025-09-26T18:00:00+08:00,XIMENDING,164,144,110,2025-09-26T18:05:00+08:00
2025-09-26T18:00:00+08:00,TAIPEI_101,146,130,94,2025-09-26T18:05:00+08:00
2025-09-26T19:00:00+08:00,TPE_AIRPORT,131,86,75,2025-09-26T19:05:00+08:00
2025-09-26T19:00:00+08:00,TAIPEI_MAIN,107,111,100,2025-09-26T19:05:00+08:00
2025-09-26T19:00:00+08:00,XIMENDING,158,121,107,2025-09-26T19:05:00+08:00
2025-09-26T19:00:00+08:00,TAIPEI_101,191,138,114,2025-09-26T19:05:00+08:00
2025-09-26T20:00:00+08:00,TPE_AIRPORT,79,124,104,2025-09-26T20:05:00+08:00
2025-09-26T20:00:00+08:00,TAIPEI_MAIN,156,180,153,2025-09-26T20:05:00+08:00
2025-09-26T20:00:00+08:00,XIMENDING,137,186,134,2025-09-26T20:05:00+08:00
2025-09-26T20:00:00+08:00,TAIPEI_101,141,179,159,2025-09-26T20:05:00+08:00
2025-09-26T21:00:00+08:00,TPE_AIRPORT,101,129,95,2025-09-26T21:05:00+08:00
2025-09-26T21:00:00+08:00,TAIPEI_MAIN,140,179,146,2025-09-26T21:05:00+08:00
2025-09-26T21:00:00+08:00,XIMENDING,135,180,159,2025-09-26T21:05:00+08:00
2025-09-26T21:00:00+08:00,TAIPEI_101,123,190,156,2025-09-26T21:05:00+08:00
2025-09-26T22:00:00+08:00,TPE_AIRPORT,69,137,116,2025-09-26T22:05:00+08:00
2025-09-26T22:00:00+08:00,TAIPEI_MAIN,166,157,130,2025-09-26T22:05:00+08:00
2025-09-26T22:00:00+08:00,XIMENDING,129,182,133,2025-09-26T22:05:00+08:00
2025-09-26T22:00:00+08:00,TAIPEI_101,142,158,121,2025-09-26T22:05:00+08:00
2025-09-26T23:00:00+08:00,TPE_AIRPORT,80,107,90,2025-09-26T23:05:00+08:00
2025-09-26T23:00:00+08:00,TAIPEI_MAIN,132,171,130,2025-09-26T23:05:00+08:00
2025-09-26T23:00:00+08:00,XIMENDING,147,203,180,2025-09-26T23:05:00+08:00
2025-09-26T23:00:00+08:00,TAIPEI_101,163,198,169,2025-09-26T23:05:00+08:00
2025-09-27T00:00:00+08:00,TPE_AIRPORT,84,65,47,2025-09-27T00:05:00+08:00
2025-09-27T00:00:00+08:00,TAIPEI_MAIN,152,111,82,2025-09-27T00:05:00+08:00
2025-09-27T00:00:00+08:00,XIMENDING,172,151,115,2025-09-27T00:05:00+08:00
2025-09-27T00:00:00+08:00,TAIPEI_101,131,133,96,2025-09-27T00:05:00+08:00
2025-09-27T01:00:00+08:00,TPE_AIRPORT,103,72,60,2025-09-27T01:05:00+08:00
2025-09-27T01:00:00+08:00,TAIPEI_MAIN,129,92,79,2025-09-27T01:05:00+08:00
2025-09-27T01:00:00+08:00,XIMENDING,144,126,111,2025-09-27T01:05:00+08:00
2025-09-27T01:00:00+08:00,TAIPEI_101,159,119,93,2025-09-27T01:05:00+08:00
2025-09-27T02:00:00+08:00,TPE_AIRPORT,92,51,40,2025-09-27T02:05:00+08:00
2025-09-27T02:00:00+08:00,TAIPEI_MAIN,151,146,116,2025-09-27T02:05:00+08:00
2025-09-27T02:00:00+08:00,XIMENDING,136,129,101,2025-09-27T02:05:00+08:00
2025-09-27T02:00:00+08:00,TAIPEI_101,137,124,103,2025-09-27T02:05:00+08:00
2025-09-27T03:00:00+08:00,TPE_AIRPORT,110,65,53,2025-09-27T03:05:00+08:00
2025-09-27T03:00:00+08:00,TAIPEI_MAIN,176,97,83,2025-09-27T03:05:00+08:00
2025-09-27T03:00:00+08:00,XIMENDING,123,91,75,2025-09-27T03:05:00+08:00
2025-09-27T03:00:00+08:00,TAIPEI_101,175,132,117,2025-09-27T03:05:00+08:00
2025-09-27T04:00:00+08:00,TPE_AIRPORT,104,38,29,2025-09-27T04:05:00+08:00
2025-09-27T04:00:00+08:00,TAIPEI_MAIN,183,112,81,2025-09-27T04:05:00+08:00
2025-09-27T04:00:00+08:00,XIMENDING,190,117,92,2025-09-27T04:05:00+08:00
2025-09-27T04:00:00+08:00,TAIPEI_101,141,92,82,2025-09-27T04:05:00+08:00
2025-09-27T05:00:00+08:00,TPE_AIRPORT,114,117,102,2025-09-27T05:05:00+08:00
2025-09-27T05:00:00+08:00,TAIPEI_MAIN,140,167,128,2025-09-27T05:05:00+08:00
2025-09-27T05:00:00+08:00,XIMENDING,141,205,166,2025-09-27T05:05:00+08:00
2025-09-27T05:00:00+08:00,TAIPEI_101,137,216,188,2025-09-27T05:05:00+08:00
2025-09-27T06:00:00+08:00,TPE_AIRPORT,49,139,118,2025-09-27T06:05:00+08:00
2025-09-27T06:00:00+08:00,TAIPEI_MAIN,137,142,119,2025-09-27T06:05:00+08:00
2025-09-27T06:00:00+08:00,XIMENDING,125,194,161,2025-09-27T06:05:00+08:00
2025-09-27T06:00:00+08:00,TAIPEI_101,137,195,148,2025-09-27T06:05:00+08:00
2025-09-27T07:00:00+08:00,TPE_AIRPORT,102,104,77,2025-09-27T07:05:00+08:00
2025-09-27T07:00:00+08:00,TAIPEI_MAIN,136,204,165,2025-09-27T07:05:00+08:00
2025-09-27T07:00:00+08:00,XIMENDING,169,186,152,2025-09-27T07:05:00+08:00
2025-09-27T07:00:00+08:00,TAIPEI_101,113,218,173,2025-09-27T07:05:00+08:00
2025-09-27T08:00:00+08:00,TPE_AIRPORT,97,125,97,2025-09-27T08:05:00+08:00
2025-09-27T08:00:00+08:00,TAIPEI_MAIN,123,202,153,2025-09-27T08:05:00+08:00
2025-09-27T08:00:00+08:00,XIMENDING,125,174,129,2025-09-27T08:05:00+08:00
2025-09-27T08:00:00+08:00,TAIPEI_101,135,169,124,2025-09-27T08:05:00+08:00
2025-09-27T09:00:00+08:00,TPE_AIRPORT,100,109,83,2025-09-27T09:05:00+08:00
2025-09-27T09:00:00+08:00,TAIPEI_MAIN,143,144,110,2025-09-27T09:05:00+08:00
2025-09-27T09:00:00+08:00,XIMENDING,160,104,89,2025-09-27T09:05:00+08:00
2025-09-27T09:00:00+08:00,TAIPEI_101,191,127,97,2025-09-27T09:05:00+08:00
2025-09-27T10:00:00+08:00,TPE_AIRPORT,111,106,81,2025-09-27T10:05:00+08:00
2025-09-27T10:00:00+08:00,TAIPEI_MAIN,143,113,96,2025-09-27T10:05:00+08:00
2025-09-27T10:00:00+08:00,XIMENDING,186,120,106,2025-09-27T10:05:00+08:00
2025-09-27T10:00:00+08:00,TAIPEI_101,115,132,105,2025-09-27T10:05:00+08:00
2025-09-27T11:00:00+08:00,TPE_AIRPORT,84,63,55,2025-09-27T11:05:00+08:00
2025-09-27T11:00:00+08:00,TAIPEI_MAIN,156,108,98,2025-09-27T11:05:00+08:00
2025-09-27T11:00:00+08:00,XIMENDING,169,105,90,2025-09-27T11:05:00+08:00
2025-09-27T11:00:00+08:00,TAIPEI_101,168,93,75,2025-09-27T11:05:00+08:00
2025-09-27T12:00:00+08:00,TPE_AIRPORT,114,52,39,2025-09-27T12:05:00+08:00
2025-09-27T12:00:00+08:00,TAIPEI_MAIN,183,107,88,2025-09-27T12:05:00+08:00
2025-09-27T12:00:00+08:00,XIMENDING,164,129,97,2025-09-27T12:05:00+08:00
2025-09-27T12:00:00+08:00,TAIPEI_101,177,85,68,2025-09-27T12:05:00+08:00
2025-09-27T13:00:00+08:00,TPE_AIRPORT,117,84,76,2025-09-27T13:05:00+08:00
2025-09-27T13:00:00+08:00,TAIPEI_MAIN,141,147,128,2025-09-27T13:05:00+08:00
2025-09-27T13:00:00+08:00,XIMENDING,158,144,130,2025-09-27T13:05:00+08:00
2025-09-27T13:00:00+08:00,TAIPEI_101,181,105,75,2025-09-27T13:05:00+08:00
2025-09-27T14:00:00+08:00,TPE_AIRPORT,120,87,71,2025-09-27T14:05:00+08:00
2025-09-27T14:00:00+08:00,TAIPEI_MAIN,151,118,94,2025-09-27T14:05:00+08:00
2025-09-27T14:00:00+08:00,XIMENDING,142,96,83,2025-09-27T14:05:00+08:00
2025-09-27T14:00:00+08:00,TAIPEI_101,174,110,94,2025-09-27T14:05:00+08:00
2025-09-27T15:00:00+08:00,TPE_AIRPORT,74,105,87,2025-09-27T15:05:00+08:00
2025-09-27T15:00:00+08:00,TAIPEI_MAIN,184,91,79,2025-09-27T15:05:00+08:00
2025-09-27T15:00:00+08:00,XIMENDING,171,121,88,2025-09-27T15:05:00+08:00
2025-09-27T15:00:00+08:00,TAIPEI_101,143,71,62,2025-09-27T15:05:00+08:00
2025-09-27T16:00:00+08:00,TPE_AIRPORT,116,42,35,2025-09-27T16:05:00+08:00
2025-09-27T16:00:00+08:00,TAIPEI_MAIN,132,101,80,2025-09-27T16:05:00+08:00
2025-09-27T16:00:00+08:00,XIMENDING,158,117,92,2025-09-27T16:05:00+08:00
2025-09-27T16:00:00+08:00,TAIPEI_101,164,98,74,2025-09-27T16:05:00+08:00
2025-09-27T17:00:00+08:00,TPE_AIRPORT,140,60,53,2025-09-27T17:05:00+08:00
2025-09-27T17:00:00+08:00,TAIPEI_MAIN,130,95,72,2025-09-27T17:05:00+08:00
2025-09-27T17:00:00+08:00,XIMENDING,163,151,130,2025-09-27T17:05:00+08:00
2025-09-27T17:00:00+08:00,TAIPEI_101,164,128,98,2025-09-27T17:05:00+08:00
2025-09-27T18:00:00+08:00,TPE_AIRPORT,112,39,31,2025-09-27T18:05:00+08:00
2025-09-27T18:00:00+08:00,TAIPEI_MAIN,167,105,77,2025-09-27T18:05:00+08:00
2025-09-27T18:00:00+08:00,XIMENDING,212,79,63,2025-09-27T18:05:00+08:00
2025-09-27T18:00:00+08:00,TAIPEI_101,177,86,74,2025-09-27T18:05:00+08:00
2025-09-27T19:00:00+08:00,TPE_AIRPORT,68,86,75,2025-09-27T19:05:00+08:00
2025-09-27T19:00:00+08:00,TAIPEI_MAIN,186,128,93,2025-09-27T19:05:00+08:00
2025-09-27T19:00:00+08:00,XIMENDING,167,108,91,2025-09-27T19:05:00+08:00
2025-09-27T19:00:00+08:00,TAIPEI_101,166,99,75,2025-09-27T19:05:00+08:00
2025-09-27T20:00:00+08:00,TPE_AIRPORT,47,127,112,2025-09-27T20:05:00+08:00
2025-09-27T20:00:00+08:00,TAIPEI_MAIN,140,148,107,2025-09-27T20:05:00+08:00
2025-09-27T20:00:00+08:00,XIMENDING,107,227,176,2025-09-27T20:05:00+08:00
2025-09-27T20:00:00+08:00,TAIPEI_101,139,217,188,2025-09-27T20:05:00+08:00
2025-09-27T21:00:00+08:00,TPE_AIRPORT,81,114,88,2025-09-27T21:05:00+08:00
2025-09-27T21:00:00+08:00,TAIPEI_MAIN,172,201,158,2025-09-27T21:05:00+08:00
2025-09-27T21:00:00+08:00,XIMENDING,115,168,129,2025-09-27T21:05:00+08:00
2025-09-27T21:00:00+08:00,TAIPEI_101,136,189,153,2025-09-27T21:05:00+08:00
2025-09-27T22:00:00+08:00,TPE_AIRPORT,103,116,97,2025-09-27T22:05:00+08:00
2025-09-27T22:00:00+08:00,TAIPEI_MAIN,148,187,168,2025-09-27T22:05:00+08:00
2025-09-27T22:00:00+08:00,XIMENDING,136,183,143,2025-09-27T22:05:00+08:00
2025-09-27T22:00:00+08:00,TAIPEI_101,149,190,168,2025-09-27T22:05:00+08:00
2025-09-27T23:00:00+08:00,TPE_AIRPORT,76,138,109,2025-09-27T23:05:00+08:00
2025-09-27T23:00:00+08:00,TAIPEI_MAIN,119,179,156,2025-09-27T23:05:00+08:00
2025-09-27T23:00:00+08:00,XIMENDING,140,204,170,2025-09-27T23:05:00+08:00
2025-09-27T23:00:00+08:00,TAIPEI_101,142,199,169,2025-09-27T23:05:00+08:00
2025-09-28T00:00:00+08:00,TPE_AIRPORT,99,80,67,2025-09-28T00:05:00+08:00
2025-09-28T00:00:00+08:00,TAIPEI_MAIN,175,97,80,2025-09-28T00:05:00+08:00
2025-09-28T00:00:00+08:00,XIMENDING,131,138,119,2025-09-28T00:05:00+08:00
2025-09-28T00:00:00+08:00,TAIPEI_101,164,138,99,2025-09-28T00:05:00+08:00
2025-09-28T01:00:00+08:00,TPE_AIRPORT,67,54,44,2025-09-28T01:05:00+08:00
2025-09-28T01:00:00+08:00,TAIPEI_MAIN,145,105,84,2025-09-28T01:05:00+08:00
2025-09-28T01:00:00+08:00,XIMENDING,150,134,100,2025-09-28T01:05:00+08:00
2025-09-28T01:00:00+08:00,TAIPEI_101,140,114,84,2025-09-28T01:05:00+08:00
2025-09-28T02:00:00+08:00,TPE_AIRPORT,111,67,58,2025-09-28T02:05:00+08:00
2025-09-28T02:00:00+08:00,TAIPEI_MAIN,180,107,84,2025-09-28T02:05:00+08:00
2025-09-28T02:00:00+08:00,XIMENDING,116,134,115,2025-09-28T02:05:00+08:00
2025-09-28T02:00:00+08:00,TAIPEI_101,133,120,91,2025-09-28T02:05:00+08:00
2025-09-28T03:00:00+08:00,TPE_AIRPORT,127,95,78,2025-09-28T03:05:00+08:00
2025-09-28T03:00:00+08:00,TAIPEI_MAIN,179,134,109,2025-09-28T03:05:00+08:00
2025-09-28T03:00:00+08:00,XIMENDING,173,134,100,2025-09-28T03:05:00+08:00
2025-09-28T03:00:00+08:00,TAIPEI_101,159,121,107,2025-09-28T03:05:00+08:00
2025-09-28T04:00:00+08:00,TPE_AIRPORT,115,27,23,2025-09-28T04:05:00+08:00
2025-09-28T04:00:00+08:00,TAIPEI_MAIN,154,109,87,2025-09-28T04:05:00+08:00
2025-09-28T04:00:00+08:00,XIMENDING,173,120,98,2025-09-28T04:05:00+08:00
2025-09-28T04:00:00+08:00,TAIPEI_101,151,133,112,2025-09-28T04:05:00+08:00
2025-09-28T05:00:00+08:00,TPE_AIRPORT,92,136,106,2025-09-28T05:05:00+08:00
2025-09-28T05:00:00+08:00,TAIPEI_MAIN,125,231,185,2025-09-28T05:05:00+08:00
2025-09-28T05:00:00+08:00,XIMENDING,165,163,126,2025-09-28T05:05:00+08:00
2025-09-28T05:00:00+08:00,TAIPEI_101,152,139,118,2025-09-28T05:05:00+08:00
2025-09-28T06:00:00+08:00,TPE_AIRPORT,87,141,116,2025-09-28T06:05:00+08:00
2025-09-28T06:00:00+08:00,TAIPEI_MAIN,145,168,121,2025-09-28T06:05:00+08:00
2025-09-28T06:00:00+08:00,XIMENDING,136,190,142,2025-09-28T06:05:00+08:00
2025-09-28T06:00:00+08:00,TAIPEI_101,137,122,103,2025-09-28T06:05:00+08:00
2025-09-28T07:00:00+08:00,TPE_AIRPORT,91,95,86,2025-09-28T07:05:00+08:00
2025-09-28T07:00:00+08:00,TAIPEI_MAIN,96,194,164,2025-09-28T07:05:00+08:00
2025-09-28T07:00:00+08:00,XIMENDING,121,196,162,2025-09-28T07:05:00+08:00
2025-09-28T07:00:00+08:00,TAIPEI_101,139,201,174,2025-09-28T07:05:00+08:00
2025-09-28T08:00:00+08:00,TPE_AIRPORT,108,118,91,2025-09-28T08:05:00+08:00
2025-09-28T08:00:00+08:00,TAIPEI_MAIN,141,171,145,2025-09-28T08:05:00+08:00
2025-09-28T08:00:00+08:00,XIMENDING,171,213,178,2025-09-28T08:05:00+08:00
2025-09-28T08:00:00+08:00,TAIPEI_101,132,177,142,2025-09-28T08:05:00+08:00
2025-09-28T09:00:00+08:00,TPE_AIRPORT,117,86,73,2025-09-28T09:05:00+08:00
2025-09-28T09:00:00+08:00,TAIPEI_MAIN,170,145,112,2025-09-28T09:05:00+08:00
2025-09-28T09:00:00+08:00,XIMENDING,182,130,109,2025-09-28T09:05:00+08:00
2025-09-28T09:00:00+08:00,TAIPEI_101,153,98,80,2025-09-28T09:05:00+08:00
2025-09-28T10:00:00+08:00,TPE_AIRPORT,104,59,47,2025-09-28T10:05:00+08:00
2025-09-28T10:00:00+08:00,TAIPEI_MAIN,186,157,141,2025-09-28T10:05:00+08:00
2025-09-28T10:00:00+08:00,XIMENDING,167,146,113,2025-09-28T10:05:00+08:00
2025-09-28T10:00:00+08:00,TAIPEI_101,195,129,113,2025-09-28T10:05:00+08:00
2025-09-28T11:00:00+08:00,TPE_AIRPORT,116,58,48,2025-09-28T11:05:00+08:00
2025-09-28T11:00:00+08:00,TAIPEI_MAIN,144,107,77,2025-09-28T11:05:00+08:00
2025-09-28T11:00:00+08:00,XIMENDING,171,108,89,2025-09-28T11:05:00+08:00
2025-09-28T11:00:00+08:00,TAIPEI_101,163,123,96,2025-09-28T11:05:00+08:00
2025-09-28T12:00:00+08:00,TPE_AIRPORT,100,60,44,2025-09-28T12:05:00+08:00
2025-09-28T12:00:00+08:00,TAIPEI_MAIN,166,101,79,2025-09-28T12:05:00+08:00
2025-09-28T12:00:00+08:00,XIMENDING,168,129,108,2025-09-28T12:05:00+08:00
2025-09-28T12:00:00+08:00,TAIPEI_101,170,120,94,2025-09-28T12:05:00+08:00
2025-09-28T13:00:00+08:00,TPE_AIRPORT,108,61,48,2025-09-28T13:05:00+08:00
2025-09-28T13:00:00+08:00,TAIPEI_MAIN,164,87,75,2025-09-28T13:05:00+08:00
2025-09-28T13:00:00+08:00,XIMENDING,161,128,102,2025-09-28T13:05:00+08:00
2025-09-28T13:00:00+08:00,TAIPEI_101,197,114,88,2025-09-28T13:05:00+08:00
2025-09-28T14:00:00+08:00,TPE_AIRPORT,105,106,86,2025-09-28T14:05:00+08:00
2025-09-28T14:00:00+08:00,TAIPEI_MAIN,185,83,71,2025-09-28T14:05:00+08:00
2025-09-28T14:00:00+08:00,XIMENDING,160,128,108,2025-09-28T14:05:00+08:00
2025-09-28T14:00:00+08:00,TAIPEI_101,125,108,85,2025-09-28T14:05:00+08:00
2025-09-28T15:00:00+08:00,TPE_AIRPORT,101,54,43,2025-09-28T15:05:00+08:00
2025-09-28T15:00:00+08:00,TAIPEI_MAIN,172,120,86,2025-09-28T15:05:00+08:00
2025-09-28T15:00:00+08:00,XIMENDING,182,111,94,2025-09-28T15:05:00+08:00
2025-09-28T15:00:00+08:00,TAIPEI_101,149,83,74,2025-09-28T15:05:00+08:00
2025-09-28T16:00:00+08:00,TPE_AIRPORT,115,75,64,2025-09-28T16:05:00+08:00
2025-09-28T16:00:00+08:00,TAIPEI_MAIN,162,115,89,2025-09-28T16:05:00+08:00
2025-09-28T16:00:00+08:00,XIMENDING,180,80,67,2025-09-28T16:05:00+08:00
2025-09-28T16:00:00+08:00,TAIPEI_101,144,114,84,2025-09-28T16:05:00+08:00
2025-09-28T17:00:00+08:00,TPE_AIRPORT,84,85,69,2025-09-28T17:05:00+08:00
2025-09-28T17:00:00+08:00,TAIPEI_MAIN,157,134,114,2025-09-28T17:05:00+08:00
2025-09-28T17:00:00+08:00,XIMENDING,127,123,109,2025-09-28T17:05:00+08:00
2025-09-28T17:00:00+08:00,TAIPEI_101,157,129,108,2025-09-28T17:05:00+08:00
2025-09-28T18:00:00+08:00,TPE_AIRPORT,96,101,75,2025-09-28T18:05:00+08:00
2025-09-28T18:00:00+08:00,TAIPEI_MAIN,171,137,99,2025-09-28T18:05:00+08:00
2025-09-28T18:00:00+08:00,XIMENDING,201,105,76,2025-09-28T18:05:00+08:00
2025-09-28T18:00:00+08:00,TAIPEI_101,170,102,87,2025-09-28T18:05:00+08:00
2025-09-28T19:00:00+08:00,TPE_AIRPORT,121,104,82,2025-09-28T19:05:00+08:00
2025-09-28T19:00:00+08:00,TAIPEI_MAIN,162,112,98,2025-09-28T19:05:00+08:00
2025-09-28T19:00:00+08:00,XIMENDING,126,109,98,2025-09-28T19:05:00+08:00
2025-09-28T19:00:00+08:00,TAIPEI_101,163,131,100,2025-09-28T19:05:00+08:00
2025-09-28T20:00:00+08:00,TPE_AIRPORT,83,157,114,2025-09-28T20:05:00+08:00
2025-09-28T20:00:00+08:00,TAIPEI_MAIN,141,184,133,2025-09-28T20:05:00+08:00
2025-09-28T20:00:00+08:00,XIMENDING,141,129,111,2025-09-28T20:05:00+08:00
2025-09-28T20:00:00+08:00,TAIPEI_101,148,172,133,2025-09-28T20:05:00+08:00
2025-09-28T21:00:00+08:00,TPE_AIRPORT,91,128,104,2025-09-28T21:05:00+08:00
2025-09-28T21:00:00+08:00,TAIPEI_MAIN,118,178,135,2025-09-28T21:05:00+08:00
2025-09-28T21:00:00+08:00,XIMENDING,136,191,162,2025-09-28T21:05:00+08:00
2025-09-28T21:00:00+08:00,TAIPEI_101,138,193,169,2025-09-28T21:05:00+08:00
2025-09-28T22:00:00+08:00,TPE_AIRPORT,70,96,69,2025-09-28T22:05:00+08:00
2025-09-28T22:00:00+08:00,TAIPEI_MAIN,131,160,143,2025-09-28T22:05:00+08:00
2025-09-28T22:00:00+08:00,XIMENDING,138,167,128,2025-09-28T22:05:00+08:00
2025-09-28T22:00:00+08:00,TAIPEI_101,141,199,147,2025-09-28T22:05:00+08:00
2025-09-28T23:00:00+08:00,TPE_AIRPORT,86,142,120,2025-09-28T23:05:00+08:00
2025-09-28T23:00:00+08:00,TAIPEI_MAIN,145,172,150,2025-09-28T23:05:00+08:00
2025-09-28T23:00:00+08:00,XIMENDING,145,215,156,2025-09-28T23:05:00+08:00
2025-09-28T23:00:00+08:00,TAIPEI_101,134,154,134,2025-09-28T23:05:00+08:00
2025-09-29T00:00:00+08:00,TPE_AIRPORT,119,112,90,2025-09-29T00:05:00+08:00
2025-09-29T00:00:00+08:00,TAIPEI_MAIN,174,103,77,2025-09-29T00:05:00+08:00
2025-09-29T00:00:00+08:00,XIMENDING,145,123,95,2025-09-29T00:05:00+08:00
2025-09-29T00:00:00+08:00,TAIPEI_101,180,98,78,2025-09-29T00:05:00+08:00
2025-09-29T01:00:00+08:00,TPE_AIRPORT,110,79,57,2025-09-29T01:05:00+08:00
2025-09-29T01:00:00+08:00,TAIPEI_MAIN,145,103,86,2025-09-29T01:05:00+08:00
2025-09-29T01:00:00+08:00,XIMENDING,143,114,97,2025-09-29T01:05:00+08:00
2025-09-29T01:00:00+08:00,TAIPEI_101,185,90,72,2025-09-29T01:05:00+08:00
2025-09-29T02:00:00+08:00,TPE_AIRPORT,122,113,87,2025-09-29T02:05:00+08:00
2025-09-29T02:00:00+08:00,TAIPEI_MAIN,163,126,109,2025-09-29T02:05:00+08:00
2025-09-29T02:00:00+08:00,XIMENDING,147,131,114,2025-09-29T02:05:00+08:00
2025-09-29T02:00:00+08:00,TAIPEI_101,160,113,100,2025-09-29T02:05:00+08:00
2025-09-29T03:00:00+08:00,TPE_AIRPORT,111,103,85,2025-09-29T03:05:00+08:00
2025-09-29T03:00:00+08:00,TAIPEI_MAIN,156,118,86,2025-09-29T03:05:00+08:00
2025-09-29T03:00:00+08:00,XIMENDING,163,120,97,2025-09-29T03:05:00+08:00
2025-09-29T03:00:00+08:00,TAIPEI_101,182,133,110,2025-09-29T03:05:00+08:00
2025-09-29T04:00:00+08:00,TPE_AIRPORT,107,133,98,2025-09-29T04:05:00+08:00
2025-09-29T04:00:00+08:00,TAIPEI_MAIN,177,143,119,2025-09-29T04:05:00+08:00
2025-09-29T04:00:00+08:00,XIMENDING,151,130,102,2025-09-29T04:05:00+08:00
2025-09-29T04:00:00+08:00,TAIPEI_101,193,92,77,2025-09-29T04:05:00+08:00
2025-09-29T05:00:00+08:00,TPE_AIRPORT,87,101,91,2025-09-29T05:05:00+08:00
2025-09-29T05:00:00+08:00,TAIPEI_MAIN,137,186,145,2025-09-29T05:05:00+08:00
2025-09-29T05:00:00+08:00,XIMENDING,140,172,131,2025-09-29T05:05:00+08:00
2025-09-29T05:00:00+08:00,TAIPEI_101,153,222,201,2025-09-29T05:05:00+08:00
2025-09-29T06:00:00+08:00,TPE_AIRPORT,102,86,67,2025-09-29T06:05:00+08:00
2025-09-29T06:00:00+08:00,TAIPEI_MAIN,120,232,201,2025-09-29T06:05:00+08:00
2025-09-29T06:00:00+08:00,XIMENDING,158,156,114,2025-09-29T06:05:00+08:00
2025-09-29T06:00:00+08:00,TAIPEI_101,122,180,139,2025-09-29T06:05:00+08:00
2025-09-29T07:00:00+08:00,TPE_AIRPORT,79,104,77,2025-09-29T07:05:00+08:00
2025-09-29T07:00:00+08:00,TAIPEI_MAIN,118,215,175,2025-09-29T07:05:00+08:00
2025-09-29T07:00:00+08:00,XIMENDING,128,223,195,2025-09-29T07:05:00+08:00
2025-09-29T07:00:00+08:00,TAIPEI_101,127,223,168,2025-09-29T07:05:00+08:00
2025-09-29T08:00:00+08:00,TPE_AIRPORT,96,130,114,2025-09-29T08:05:00+08:00
2025-09-29T08:00:00+08:00,TAIPEI_MAIN,134,171,143,2025-09-29T08:05:00+08:00
2025-09-29T08:00:00+08:00,XIMENDING,157,161,142,2025-09-29T08:05:00+08:00
2025-09-29T08:00:00+08:00,TAIPEI_101,166,181,146,2025-09-29T08:05:00+08:00
2025-09-29T09:00:00+08:00,TPE_AIRPORT,104,46,38,2025-09-29T09:05:00+08:00
2025-09-29T09:00:00+08:00,TAIPEI_MAIN,153,116,105,2025-09-29T09:05:00+08:00
2025-09-29T09:00:00+08:00,XIMENDING,166,122,101,2025-09-29T09:05:00+08:00
2025-09-29T09:00:00+08:00,TAIPEI_101,164,111,100,2025-09-29T09:05:00+08:00
2025-09-29T10:00:00+08:00,TPE_AIRPORT,112,98,79,2025-09-29T10:05:00+08:00
2025-09-29T10:00:00+08:00,TAIPEI_MAIN,183,132,97,2025-09-29T10:05:00+08:00
2025-09-29T10:00:00+08:00,XIMENDING,185,104,77,2025-09-29T10:05:00+08:00
2025-09-29T10:00:00+08:00,TAIPEI_101,146,144,119,2025-09-29T10:05:00+08:00
2025-09-29T11:00:00+08:00,TPE_AIRPORT,120,70,52,2025-09-29T11:05:00+08:00
2025-09-29T11:00:00+08:00,TAIPEI_MAIN,176,92,74,2025-09-29T11:05:00+08:00
2025-09-29T11:00:00+08:00,XIMENDING,135,102,77,2025-09-29T11:05:00+08:00
2025-09-29T11:00:00+08:00,TAIPEI_101,156,122,93,2025-09-29T11:05:00+08:00
2025-09-29T12:00:00+08:00,TPE_AIRPORT,95,91,79,2025-09-29T12:05:00+08:00
2025-09-29T12:00:00+08:00,TAIPEI_MAIN,169,147,119,2025-09-29T12:05:00+08:00
2025-09-29T12:00:00+08:00,XIMENDING,177,57,43,2025-09-29T12:05:00+08:00
2025-09-29T12:00:00+08:00,TAIPEI_101,165,114,100,2025-09-29T12:05:00+08:00
2025-09-29T13:00:00+08:00,TPE_AIRPORT,97,125,100,2025-09-29T13:05:00+08:00
2025-09-29T13:00:00+08:00,TAIPEI_MAIN,142,105,83,2025-09-29T13:05:00+08:00
2025-09-29T13:00:00+08:00,XIMENDING,122,112,89,2025-09-29T13:05:00+08:00
2025-09-29T13:00:00+08:00,TAIPEI_101,171,107,96,2025-09-29T13:05:00+08:00
2025-09-29T14:00:00+08:00,TPE_AIRPORT,124,64,46,2025-09-29T14:05:00+08:00
2025-09-29T14:00:00+08:00,TAIPEI_MAIN,170,169,134,2025-09-29T14:05:00+08:00
2025-09-29T14:00:00+08:00,XIMENDING,172,87,74,2025-09-29T14:05:00+08:00
2025-09-29T14:00:00+08:00,TAIPEI_101,164,135,99,2025-09-29T14:05:00+08:00
2025-09-29T15:00:00+08:00,TPE_AIRPORT,113,71,58,2025-09-29T15:05:00+08:00
2025-09-29T15:00:00+08:00,TAIPEI_MAIN,175,94,82,2025-09-29T15:05:00+08:00
2025-09-29T15:00:00+08:00,XIMENDING,173,86,70,2025-09-29T15:05:00+08:00
2025-09-29T15:00:00+08:00,TAIPEI_101,157,117,91,2025-09-29T15:05:00+08:00
2025-09-29T16:00:00+08:00,TPE_AIRPORT,91,89,66,2025-09-29T16:05:00+08:00
2025-09-29T16:00:00+08:00,TAIPEI_MAIN,137,122,110,2025-09-29T16:05:00+08:00
2025-09-29T16:00:00+08:00,XIMENDING,197,150,120,2025-09-29T16:05:00+08:00
2025-09-29T16:00:00+08:00,TAIPEI_101,185,125,98,2025-09-29T16:05:00+08:00
2025-09-29T17:00:00+08:00,TPE_AIRPORT,88,65,54,2025-09-29T17:05:00+08:00
2025-09-29T17:00:00+08:00,TAIPEI_MAIN,147,135,108,2025-09-29T17:05:00+08:00
2025-09-29T17:00:00+08:00,XIMENDING,176,91,71,2025-09-29T17:05:00+08:00
2025-09-29T17:00:00+08:00,TAIPEI_101,165,101,87,2025-09-29T17:05:00+08:00
2025-09-29T18:00:00+08:00,TPE_AIRPORT,114,96,79,2025-09-29T18:05:00+08:00
2025-09-29T18:00:00+08:00,TAIPEI_MAIN,149,151,116,2025-09-29T18:05:00+08:00
2025-09-29T18:00:00+08:00,XIMENDING,165,94,73,2025-09-29T18:05:00+08:00
2025-09-29T18:00:00+08:00,TAIPEI_101,149,112,83,2025-09-29T18:05:00+08:00
2025-09-29T19:00:00+08:00,TPE_AIRPORT,126,90,73,2025-09-29T19:05:00+08:00
2025-09-29T19:00:00+08:00,TAIPEI_MAIN,171,95,81,2025-09-29T19:05:00+08:00
2025-09-29T19:00:00+08:00,XIMENDING,166,128,112,2025-09-29T19:05:00+08:00
2025-09-29T19:00:00+08:00,TAIPEI_101,159,173,134,2025-09-29T19:05:00+08:00
2025-09-29T20:00:00+08:00,TPE_AIRPORT,58,103,90,2025-09-29T20:05:00+08:00
2025-09-29T20:00:00+08:00,TAIPEI_MAIN,136,122,90,2025-09-29T20:05:00+08:00
2025-09-29T20:00:00+08:00,XIMENDING,141,180,148,2025-09-29T20:05:00+08:00
2025-09-29T20:00:00+08:00,TAIPEI_101,156,223,175,2025-09-29T20:05:00+08:00
2025-09-29T21:00:00+08:00,TPE_AIRPORT,62,142,104,2025-09-29T21:05:00+08:00
2025-09-29T21:00:00+08:00,TAIPEI_MAIN,144,170,150,2025-09-29T21:05:00+08:00
2025-09-29T21:00:00+08:00,XIMENDING,109,197,146,2025-09-29T21:05:00+08:00
2025-09-29T21:00:00+08:00,TAIPEI_101,110,186,138,2025-09-29T21:05:00+08:00
2025-09-29T22:00:00+08:00,TPE_AIRPORT,90,147,106,2025-09-29T22:05:00+08:00
2025-09-29T22:00:00+08:00,TAIPEI_MAIN,125,191,149,2025-09-29T22:05:00+08:00
2025-09-29T22:00:00+08:00,XIMENDING,134,191,159,2025-09-29T22:05:00+08:00
2025-09-29T22:00:00+08:00,TAIPEI_101,134,169,129,2025-09-29T22:05:00+08:00
2025-09-29T23:00:00+08:00,TPE_AIRPORT,87,137,113,2025-09-29T23:05:00+08:00
2025-09-29T23:00:00+08:00,TAIPEI_MAIN,139,199,166,2025-09-29T23:05:00+08:00
2025-09-29T23:00:00+08:00,XIMENDING,140,194,140,2025-09-29T23:05:00+08:00
2025-09-29T23:00:00+08:00,TAIPEI_101,148,162,122,2025-09-29T23:05:00+08:00
2025-09-30T00:00:00+08:00,TPE_AIRPORT,80,100,79,2025-09-30T00:05:00+08:00
2025-09-30T00:00:00+08:00,TAIPEI_MAIN,163,133,113,2025-09-30T00:05:00+08:00
2025-09-30T00:00:00+08:00,XIMENDING,143,108,78,2025-09-30T00:05:00+08:00
2025-09-30T00:00:00+08:00,TAIPEI_101,159,140,118,2025-09-30T00:05:00+08:00
2025-09-30T01:00:00+08:00,TPE_AIRPORT,121,44,32,2025-09-30T01:05:00+08:00
2025-09-30T01:00:00+08:00,TAIPEI_MAIN,150,143,125,2025-09-30T01:05:00+08:00
2025-09-30T01:00:00+08:00,XIMENDING,162,120,109,2025-09-30T01:05:00+08:00
2025-09-30T01:00:00+08:00,TAIPEI_101,144,134,113,2025-09-30T01:05:00+08:00
2025-09-30T02:00:00+08:00,TPE_AIRPORT,77,67,54,2025-09-30T02:05:00+08:00
2025-09-30T02:00:00+08:00,TAIPEI_MAIN,148,127,110,2025-09-30T02:05:00+08:00
2025-09-30T02:00:00+08:00,XIMENDING,116,149,123,2025-09-30T02:05:00+08:00
2025-09-30T02:00:00+08:00,TAIPEI_101,174,80,66,2025-09-30T02:05:00+08:00
2025-09-30T03:00:00+08:00,TPE_AIRPORT,111,86,74,2025-09-30T03:05:00+08:00
2025-09-30T03:00:00+08:00,TAIPEI_MAIN,165,125,94,2025-09-30T03:05:00+08:00
2025-09-30T03:00:00+08:00,XIMENDING,161,116,84,2025-09-30T03:05:00+08:00
2025-09-30T03:00:00+08:00,TAIPEI_101,154,107,94,2025-09-30T03:05:00+08:00
2025-09-30T04:00:00+08:00,TPE_AIRPORT,99,114,98,2025-09-30T04:05:00+08:00
2025-09-30T04:00:00+08:00,TAIPEI_MAIN,162,127,94,2025-09-30T04:05:00+08:00
2025-09-30T04:00:00+08:00,XIMENDING,145,107,84,2025-09-30T04:05:00+08:00
2025-09-30T04:00:00+08:00,TAIPEI_101,156,166,141,2025-09-30T04:05:00+08:00
2025-09-30T05:00:00+08:00,TPE_AIRPORT,63,80,66,2025-09-30T05:05:00+08:00
2025-09-30T05:00:00+08:00,TAIPEI_MAIN,153,167,122,2025-09-30T05:05:00+08:00
2025-09-30T05:00:00+08:00,XIMENDING,101,175,126,2025-09-30T05:05:00+08:00
2025-09-30T05:00:00+08:00,TAIPEI_101,154,182,157,2025-09-30T05:05:00+08:00
2025-09-30T06:00:00+08:00,TPE_AIRPORT,96,115,94,2025-09-30T06:05:00+08:00
2025-09-30T06:00:00+08:00,TAIPEI_MAIN,132,176,136,2025-09-30T06:05:00+08:00
2025-09-30T06:00:00+08:00,XIMENDING,156,182,131,2025-09-30T06:05:00+08:00
2025-09-30T06:00:00+08:00,TAIPEI_101,149,197,165,2025-09-30T06:05:00+08:00
2025-09-30T07:00:00+08:00,TPE_AIRPORT,88,132,99,2025-09-30T07:05:00+08:00
2025-09-30T07:00:00+08:00,TAIPEI_MAIN,121,174,148,2025-09-30T07:05:00+08:00
2025-09-30T07:00:00+08:00,XIMENDING,123,169,124,2025-09-30T07:05:00+08:00
2025-09-30T07:00:00+08:00,TAIPEI_101,119,202,157,2025-09-30T07:05:00+08:00
2025-09-30T08:00:00+08:00,TPE_AIRPORT,34,108,93,2025-09-30T08:05:00+08:00
2025-09-30T08:00:00+08:00,TAIPEI_MAIN,175,208,182,2025-09-30T08:05:00+08:00
2025-09-30T08:00:00+08:00,XIMENDING,129,193,168,2025-09-30T08:05:00+08:00
2025-09-30T08:00:00+08:00,TAIPEI_101,143,164,127,2025-09-30T08:05:00+08:00
2025-09-30T09:00:00+08:00,TPE_AIRPORT,113,36,29,2025-09-30T09:05:00+08:00
2025-09-30T09:00:00+08:00,TAIPEI_MAIN,149,125,107,2025-09-30T09:05:00+08:00
2025-09-30T09:00:00+08:00,XIMENDING,159,122,92,2025-09-30T09:05:00+08:00
2025-09-30T09:00:00+08:00,TAIPEI_101,151,103,74,2025-09-30T09:05:00+08:00
2025-09-30T10:00:00+08:00,TPE_AIRPORT,94,67,48,2025-09-30T10:05:00+08:00
2025-09-30T10:00:00+08:00,TAIPEI_MAIN,193,49,41,2025-09-30T10:05:00+08:00
2025-09-30T10:00:00+08:00,XIMENDING,159,124,112,2025-09-30T10:05:00+08:00
2025-09-30T10:00:00+08:00,TAIPEI_101,165,79,64,2025-09-30T10:05:00+08:00
2025-09-30T11:00:00+08:00,TPE_AIRPORT,120,102,79,2025-09-30T11:05:00+08:00
2025-09-30T11:00:00+08:00,TAIPEI_MAIN,193,131,116,2025-09-30T11:05:00+08:00
2025-09-30T11:00:00+08:00,XIMENDING,175,111,91,2025-09-30T11:05:00+08:00
2025-09-30T11:00:00+08:00,TAIPEI_101,132,102,76,2025-09-30T11:05:00+08:00
2025-09-30T12:00:00+08:00,TPE_AIRPORT,96,112,101,2025-09-30T12:05:00+08:00
2025-09-30T12:00:00+08:00,TAIPEI_MAIN,190,158,114,2025-09-30T12:05:00+08:00
2025-09-30T12:00:00+08:00,XIMENDING,156,95,84,2025-09-30T12:05:00+08:00
2025-09-30T12:00:00+08:00,TAIPEI_101,155,89,77,2025-09-30T12:05:00+08:00
2025-09-30T13:00:00+08:00,TPE_AIRPORT,90,75,59,2025-09-30T13:05:00+08:00
2025-09-30T13:00:00+08:00,TAIPEI_MAIN,135,120,87,2025-09-30T13:05:00+08:00
2025-09-30T13:00:00+08:00,XIMENDING,174,119,89,2025-09-30T13:05:00+08:00
2025-09-30T13:00:00+08:00,TAIPEI_101,188,105,78,2025-09-30T13:05:00+08:00
2025-09-30T14:00:00+08:00,TPE_AIRPORT,131,109,84,2025-09-30T14:05:00+08:00
2025-09-30T14:00:00+08:00,TAIPEI_MAIN,176,112,93,2025-09-30T14:05:00+08:00
2025-09-30T14:00:00+08:00,XIMENDING,143,113,91,2025-09-30T14:05:00+08:00
2025-09-30T14:00:00+08:00,TAIPEI_101,164,119,92,2025-09-30T14:05:00+08:00
2025-09-30T15:00:00+08:00,TPE_AIRPORT,131,63,46,2025-09-30T15:05:00+08:00
2025-09-30T15:00:00+08:00,TAIPEI_MAIN,161,115,103,2025-09-30T15:05:00+08:00
2025-09-30T15:00:00+08:00,XIMENDING,138,79,56,2025-09-30T15:05:00+08:00
2025-09-30T15:00:00+08:00,TAIPEI_101,134,89,70,2025-09-30T15:05:00+08:00
2025-09-30T16:00:00+08:00,TPE_AIRPORT,137,91,79,2025-09-30T16:05:00+08:00
2025-09-30T16:00:00+08:00,TAIPEI_MAIN,153,75,55,2025-09-30T16:05:00+08:00
2025-09-30T16:00:00+08:00,XIMENDING,159,138,121,2025-09-30T16:05:00+08:00
2025-09-30T16:00:00+08:00,TAIPEI_101,146,116,84,2025-09-30T16:05:00+08:00
2025-09-30T17:00:00+08:00,TPE_AIRPORT,98,37,31,2025-09-30T17:05:00+08:00
2025-09-30T17:00:00+08:00,TAIPEI_MAIN,169,141,112,2025-09-30T17:05:00+08:00
2025-09-30T17:00:00+08:00,XIMENDING,163,119,102,2025-09-30T17:05:00+08:00
2025-09-30T17:00:00+08:00,TAIPEI_101,125,100,81,2025-09-30T17:05:00+08:00
2025-09-30T18:00:00+08:00,TPE_AIRPORT,105,83,70,2025-09-30T18:05:00+08:00
2025-09-30T18:00:00+08:00,TAIPEI_MAIN,211,101,90,2025-09-30T18:05:00+08:00
2025-09-30T18:00:00+08:00,XIMENDING,125,145,118,2025-09-30T18:05:00+08:00
2025-09-30T18:00:00+08:00,TAIPEI_101,148,97,86,2025-09-30T18:05:00+08:00
2025-09-30T19:00:00+08:00,TPE_AIRPORT,132,87,72,2025-09-30T19:05:00+08:00
2025-09-30T19:00:00+08:00,TAIPEI_MAIN,151,117,105,2025-09-30T19:05:00+08:00
2025-09-30T19:00:00+08:00,XIMENDING,147,84,63,2025-09-30T19:05:00+08:00
2025-09-30T19:00:00+08:00,TAIPEI_101,160,107,91,2025-09-30T19:05:00+08:00
2025-09-30T20:00:00+08:00,TPE_AIRPORT,82,114,92,2025-09-30T20:05:00+08:00
2025-09-30T20:00:00+08:00,TAIPEI_MAIN,163,189,146,2025-09-30T20:05:00+08:00
2025-09-30T20:00:00+08:00,XIMENDING,169,172,133,2025-09-30T20:05:00+08:00
2025-09-30T20:00:00+08:00,TAIPEI_101,136,229,192,2025-09-30T20:05:00+08:00
2025-09-30T21:00:00+08:00,TPE_AIRPORT,84,142,112,2025-09-30T21:05:00+08:00
2025-09-30T21:00:00+08:00,TAIPEI_MAIN,120,216,162,2025-09-30T21:05:00+08:00
2025-09-30T21:00:00+08:00,XIMENDING,117,185,167,2025-09-30T21:05:00+08:00
2025-09-30T21:00:00+08:00,TAIPEI_101,149,168,137,2025-09-30T21:05:00+08:00
2025-09-30T22:00:00+08:00,TPE_AIRPORT,70,146,127,2025-09-30T22:05:00+08:00
2025-09-30T22:00:00+08:00,TAIPEI_MAIN,119,154,128,2025-09-30T22:05:00+08:00
2025-09-30T22:00:00+08:00,XIMENDING,128,173,138,2025-09-30T22:05:00+08:00
2025-09-30T22:00:00+08:00,TAIPEI_101,135,203,175,2025-09-30T22:05:00+08:00
2025-09-30T23:00:00+08:00,TPE_AIRPORT,126,143,113,2025-09-30T23:05:00+08:00
2025-09-30T23:00:00+08:00,TAIPEI_MAIN,158,186,145,2025-09-30T23:05:00+08:00
2025-09-30T23:00:00+08:00,XIMENDING,114,191,147,2025-09-30T23:05:00+08:00
2025-09-30T23:00:00+08:00,TAIPEI_101,137,205,171,2025-09-30T23:05:00+08:00
2025-10-01T00:00:00+08:00,TPE_AIRPORT,70,56,47,2025-10-01T00:05:00+08:00
2025-10-01T00:00:00+08:00,TAIPEI_MAIN,168,133,104,2025-10-01T00:05:00+08:00
2025-10-01T00:00:00+08:00,XIMENDING,134,121,97,2025-10-01T00:05:00+08:00
2025-10-01T00:00:00+08:00,TAIPEI_101,172,79,61,2025-10-01T00:05:00+08:00
2025-10-01T01:00:00+08:00,TPE_AIRPORT,126,61,47,2025-10-01T01:05:00+08:00
2025-10-01T01:00:00+08:00,TAIPEI_MAIN,173,124,94,2025-10-01T01:05:00+08:00
2025-10-01T01:00:00+08:00,XIMENDING,169,112,100,2025-10-01T01:05:00+08:00
2025-10-01T01:00:00+08:00,TAIPEI_101,168,108,80,2025-10-01T01:05:00+08:00
2025-10-01T02:00:00+08:00,TPE_AIRPORT,119,71,63,2025-10-01T02:05:00+08:00
2025-10-01T02:00:00+08:00,TAIPEI_MAIN,152,114,84,2025-10-01T02:05:00+08:00
2025-10-01T02:00:00+08:00,XIMENDING,153,127,93,2025-10-01T02:05:00+08:00
2025-10-01T02:00:00+08:00,TAIPEI_101,148,134,116,2025-10-01T02:05:00+08:00
2025-10-01T03:00:00+08:00,TPE_AIRPORT,81,55,44,2025-10-01T03:05:00+08:00
2025-10-01T03:00:00+08:00,TAIPEI_MAIN,161,85,74,2025-10-01T03:05:00+08:00
2025-10-01T03:00:00+08:00,XIMENDING,165,113,95,2025-10-01T03:05:00+08:00
2025-10-01T03:00:00+08:00,TAIPEI_101,135,140,125,2025-10-01T03:05:00+08:00
2025-10-01T04:00:00+08:00,TPE_AIRPORT,89,103,82,2025-10-01T04:05:00+08:00
2025-10-01T04:00:00+08:00,TAIPEI_MAIN,168,141,122,2025-10-01T04:05:00+08:00
2025-10-01T04:00:00+08:00,XIMENDING,162,118,97,2025-10-01T04:05:00+08:00
2025-10-01T04:00:00+08:00,TAIPEI_101,178,118,102,2025-10-01T04:05:00+08:00
2025-10-01T05:00:00+08:00,TPE_AIRPORT,96,118,92,2025-10-01T05:05:00+08:00
2025-10-01T05:00:00+08:00,TAIPEI_MAIN,142,165,131,2025-10-01T05:05:00+08:00
2025-10-01T05:00:00+08:00,XIMENDING,159,174,152,2025-10-01T05:05:00+08:00
2025-10-01T05:00:00+08:00,TAIPEI_101,125,147,107,2025-10-01T05:05:00+08:00
2025-10-01T06:00:00+08:00,TPE_AIRPORT,89,153,128,2025-10-01T06:05:00+08:00
2025-10-01T06:00:00+08:00,TAIPEI_MAIN,122,188,158,2025-10-01T06:05:00+08:00
2025-10-01T06:00:00+08:00,XIMENDING,129,152,129,2025-10-01T06:05:00+08:00
2025-10-01T06:00:00+08:00,TAIPEI_101,106,164,126,2025-10-01T06:05:00+08:00
2025-10-01T07:00:00+08:00,TPE_AIRPORT,69,101,73,2025-10-01T07:05:00+08:00
2025-10-01T07:00:00+08:00,TAIPEI_MAIN,103,204,167,2025-10-01T07:05:00+08:00
2025-10-01T07:00:00+08:00,XIMENDING,123,176,142,2025-10-01T07:05:00+08:00
2025-10-01T07:00:00+08:00,TAIPEI_101,128,196,153,2025-10-01T07:05:00+08:00
2025-10-01T08:00:00+08:00,TPE_AIRPORT,76,117,102,2025-10-01T08:05:00+08:00
2025-10-01T08:00:00+08:00,TAIPEI_MAIN,146,196,144,2025-10-01T08:05:00+08:00
2025-10-01T08:00:00+08:00,XIMENDING,165,200,147,2025-10-01T08:05:00+08:00
2025-10-01T08:00:00+08:00,TAIPEI_101,109,189,171,2025-10-01T08:05:00+08:00
2025-10-01T09:00:00+08:00,TPE_AIRPORT,90,75,65,2025-10-01T09:05:00+08:00
2025-10-01T09:00:00+08:00,TAIPEI_MAIN,167,115,99,2025-10-01T09:05:00+08:00
2025-10-01T09:00:00+08:00,XIMENDING,152,121,87,2025-10-01T09:05:00+08:00
2025-10-01T09:00:00+08:00,TAIPEI_101,166,102,74,2025-10-01T09:05:00+08:00
2025-10-01T10:00:00+08:00,TPE_AIRPORT,130,77,65,2025-10-01T10:05:00+08:00
2025-10-01T10:00:00+08:00,TAIPEI_MAIN,139,136,121,2025-10-01T10:05:00+08:00
2025-10-01T10:00:00+08:00,XIMENDING,181,134,102,2025-10-01T10:05:00+08:00
2025-10-01T10:00:00+08:00,TAIPEI_101,180,80,66,2025-10-01T10:05:00+08:00
2025-10-01T11:00:00+08:00,TPE_AIRPORT,70,80,69,2025-10-01T11:05:00+08:00
2025-10-01T11:00:00+08:00,TAIPEI_MAIN,139,95,76,2025-10-01T11:05:00+08:00
2025-10-01T11:00:00+08:00,XIMENDING,136,87,71,2025-10-01T11:05:00+08:00
2025-10-01T11:00:00+08:00,TAIPEI_101,170,111,100,2025-10-01T11:05:00+08:00
2025-10-01T12:00:00+08:00,TPE_AIRPORT,96,71,58,2025-10-01T12:05:00+08:00
2025-10-01T12:00:00+08:00,TAIPEI_MAIN,152,126,92,2025-10-01T12:05:00+08:00
2025-10-01T12:00:00+08:00,XIMENDING,159,113,86,2025-10-01T12:05:00+08:00
2025-10-01T12:00:00+08:00,TAIPEI_101,160,97,69,2025-10-01T12:05:00+08:00
2025-10-01T13:00:00+08:00,TPE_AIRPORT,108,64,51,2025-10-01T13:05:00+08:00
2025-10-01T13:00:00+08:00,TAIPEI_MAIN,150,131,117,2025-10-01T13:05:00+08:00
2025-10-01T13:00:00+08:00,XIMENDING,185,123,102,2025-10-01T13:05:00+08:00
2025-10-01T13:00:00+08:00,TAIPEI_101,131,133,101,2025-10-01T13:05:00+08:00
2025-10-01T14:00:00+08:00,TPE_AIRPORT,101,93,74,2025-10-01T14:05:00+08:00
2025-10-01T14:00:00+08:00,TAIPEI_MAIN,157,139,110,2025-10-01T14:05:00+08:00
2025-10-01T14:00:00+08:00,XIMENDING,147,85,71,2025-10-01T14:05:00+08:00
2025-10-01T14:00:00+08:00,TAIPEI_101,169,105,79,2025-10-01T14:05:00+08:00
2025-10-01T15:00:00+08:00,TPE_AIRPORT,98,126,97,2025-10-01T15:05:00+08:00
2025-10-01T15:00:00+08:00,TAIPEI_MAIN,138,135,105,2025-10-01T15:05:00+08:00
2025-10-01T15:00:00+08:00,XIMENDING,182,114,101,2025-10-01T15:05:00+08:00
2025-10-01T15:00:00+08:00,TAIPEI_101,197,107,90,2025-10-01T15:05:00+08:00
2025-10-01T16:00:00+08:00,TPE_AIRPORT,150,78,57,2025-10-01T16:05:00+08:00
2025-10-01T16:00:00+08:00,TAIPEI_MAIN,145,115,86,2025-10-01T16:05:00+08:00
2025-10-01T16:00:00+08:00,XIMENDING,169,107,93,2025-10-01T16:05:00+08:00
2025-10-01T16:00:00+08:00,TAIPEI_101,150,118,91,2025-10-01T16:05:00+08:00
2025-10-01T17:00:00+08:00,TPE_AIRPORT,130,64,48,2025-10-01T17:05:00+08:00
2025-10-01T17:00:00+08:00,TAIPEI_MAIN,157,144,117,2025-10-01T17:05:00+08:00
2025-10-01T17:00:00+08:00,XIMENDING,181,117,93,2025-10-01T17:05:00+08:00
2025-10-01T17:00:00+08:00,TAIPEI_101,167,105,94,2025-10-01T17:05:00+08:00
2025-10-01T18:00:00+08:00,TPE_AIRPORT,98,70,56,2025-10-01T18:05:00+08:00
2025-10-01T18:00:00+08:00,TAIPEI_MAIN,144,98,86,2025-10-01T18:05:00+08:00
2025-10-01T18:00:00+08:00,XIMENDING,159,117,84,2025-10-01T18:05:00+08:00
2025-10-01T18:00:00+08:00,TAIPEI_101,129,102,89,2025-10-01T18:05:00+08:00
2025-10-01T19:00:00+08:00,TPE_AIRPORT,112,43,36,2025-10-01T19:05:00+08:00
2025-10-01T19:00:00+08:00,TAIPEI_MAIN,173,88,66,2025-10-01T19:05:00+08:00
2025-10-01T19:00:00+08:00,XIMENDING,158,88,79,2025-10-01T19:05:00+08:00
2025-10-01T19:00:00+08:00,TAIPEI_101,132,118,102,2025-10-01T19:05:00+08:00
2025-10-01T20:00:00+08:00,TPE_AIRPORT,87,142,102,2025-10-01T20:05:00+08:00
2025-10-01T20:00:00+08:00,TAIPEI_MAIN,116,216,183,2025-10-01T20:05:00+08:00
2025-10-01T20:00:00+08:00,XIMENDING,100,193,157,2025-10-01T20:05:00+08:00
2025-10-01T20:00:00+08:00,TAIPEI_101,140,162,132,2025-10-01T20:05:00+08:00
2025-10-01T21:00:00+08:00,TPE_AIRPORT,63,149,123,2025-10-01T21:05:00+08:00
2025-10-01T21:00:00+08:00,TAIPEI_MAIN,137,217,162,2025-10-01T21:05:00+08:00
2025-10-01T21:00:00+08:00,XIMENDING,129,264,226,2025-10-01T21:05:00+08:00
2025-10-01T21:00:00+08:00,TAIPEI_101,176,156,138,2025-10-01T21:05:00+08:00
2025-10-01T22:00:00+08:00,TPE_AIRPORT,92,156,117,2025-10-01T22:05:00+08:00
2025-10-01T22:00:00+08:00,TAIPEI_MAIN,176,185,137,2025-10-01T22:05:00+08:00
2025-10-01T22:00:00+08:00,XIMENDING,154,183,143,2025-10-01T22:05:00+08:00
2025-10-01T22:00:00+08:00,TAIPEI_101,140,212,167,2025-10-01T22:05:00+08:00
2025-10-01T23:00:00+08:00,TPE_AIRPORT,78,160,117,2025-10-01T23:05:00+08:00
2025-10-01T23:00:00+08:00,TAIPEI_MAIN,134,199,153,2025-10-01T23:05:00+08:00
2025-10-01T23:00:00+08:00,XIMENDING,145,193,173,2025-10-01T23:05:00+08:00
2025-10-01T23:00:00+08:00,TAIPEI_101,107,173,143,2025-10-01T23:05:00+08:00
2025-10-02T00:00:00+08:00,TPE_AIRPORT,109,76,67,2025-10-02T00:05:00+08:00
2025-10-02T00:00:00+08:00,TAIPEI_MAIN,140,91,69,2025-10-02T00:05:00+08:00
2025-10-02T00:00:00+08:00,XIMENDING,178,105,84,2025-10-02T00:05:00+08:00
2025-10-02T00:00:00+08:00,TAIPEI_101,179,107,94,2025-10-02T00:05:00+08:00
2025-10-02T01:00:00+08:00,TPE_AIRPORT,105,75,58,2025-10-02T01:05:00+08:00
2025-10-02T01:00:00+08:00,TAIPEI_MAIN,141,121,105,2025-10-02T01:05:00+08:00
2025-10-02T01:00:00+08:00,XIMENDING,190,117,97,2025-10-02T01:05:00+08:00
2025-10-02T01:00:00+08:00,TAIPEI_101,119,149,131,2025-10-02T01:05:00+08:00
2025-10-02T02:00:00+08:00,TPE_AIRPORT,87,81,70,2025-10-02T02:05:00+08:00
2025-10-02T02:00:00+08:00,TAIPEI_MAIN,154,110,88,2025-10-02T02:05:00+08:00
2025-10-02T02:00:00+08:00,XIMENDING,192,116,83,2025-10-02T02:05:00+08:00
2025-10-02T02:00:00+08:00,TAIPEI_101,157,108,89,2025-10-02T02:05:00+08:00
2025-10-02T03:00:00+08:00,TPE_AIRPORT,125,121,107,2025-10-02T03:05:00+08:00
2025-10-02T03:00:00+08:00,TAIPEI_MAIN,197,94,72,2025-10-02T03:05:00+08:00
2025-10-02T03:00:00+08:00,XIMENDING,152,138,122,2025-10-02T03:05:00+08:00
2025-10-02T03:00:00+08:00,TAIPEI_101,139,97,87,2025-10-02T03:05:00+08:00
2025-10-02T04:00:00+08:00,TPE_AIRPORT,115,69,57,2025-10-02T04:05:00+08:00
2025-10-02T04:00:00+08:00,TAIPEI_MAIN,162,135,117,2025-10-02T04:05:00+08:00
2025-10-02T04:00:00+08:00,XIMENDING,177,94,82,2025-10-02T04:05:00+08:00
2025-10-02T04:00:00+08:00,TAIPEI_101,137,139,109,2025-10-02T04:05:00+08:00
2025-10-02T05:00:00+08:00,TPE_AIRPORT,88,104,76,2025-10-02T05:05:00+08:00
2025-10-02T05:00:00+08:00,TAIPEI_MAIN,107,163,137,2025-10-02T05:05:00+08:00
2025-10-02T05:00:00+08:00,XIMENDING,154,160,119,2025-10-02T05:05:00+08:00
2025-10-02T05:00:00+08:00,TAIPEI_101,166,154,129,2025-10-02T05:05:00+08:00
2025-10-02T06:00:00+08:00,TPE_AIRPORT,104,109,87,2025-10-02T06:05:00+08:00
2025-10-02T06:00:00+08:00,TAIPEI_MAIN,138,191,156,2025-10-02T06:05:00+08:00
2025-10-02T06:00:00+08:00,XIMENDING,134,200,150,2025-10-02T06:05:00+08:00
2025-10-02T06:00:00+08:00,TAIPEI_101,129,146,112,2025-10-02T06:05:00+08:00
2025-10-02T07:00:00+08:00,TPE_AIRPORT,108,157,127,2025-10-02T07:05:00+08:00
2025-10-02T07:00:00+08:00,TAIPEI_MAIN,133,177,160,2025-10-02T07:05:00+08:00
2025-10-02T07:00:00+08:00,XIMENDING,151,250,192,2025-10-02T07:05:00+08:00
2025-10-02T07:00:00+08:00,TAIPEI_101,130,188,170,2025-10-02T07:05:00+08:00
2025-10-02T08:00:00+08:00,TPE_AIRPORT,95,166,127,2025-10-02T08:05:00+08:00
2025-10-02T08:00:00+08:00,TAIPEI_MAIN,128,162,134,2025-10-02T08:05:00+08:00
2025-10-02T08:00:00+08:00,XIMENDING,167,174,153,2025-10-02T08:05:00+08:00
2025-10-02T08:00:00+08:00,TAIPEI_101,136,193,144,2025-10-02T08:05:00+08:00
2025-10-02T09:00:00+08:00,TPE_AIRPORT,90,115,90,2025-10-02T09:05:00+08:00
2025-10-02T09:00:00+08:00,TAIPEI_MAIN,148,118,101,2025-10-02T09:05:00+08:00
2025-10-02T09:00:00+08:00,XIMENDING,148,58,50,2025-10-02T09:05:00+08:00
2025-10-02T09:00:00+08:00,TAIPEI_101,139,114,100,2025-10-02T09:05:00+08:00
2025-10-02T10:00:00+08:00,TPE_AIRPORT,87,92,69,2025-10-02T10:05:00+08:00
2025-10-02T10:00:00+08:00,TAIPEI_MAIN,172,77,56,2025-10-02T10:05:00+08:00
2025-10-02T10:00:00+08:00,XIMENDING,177,143,117,2025-10-02T10:05:00+08:00
2025-10-02T10:00:00+08:00,TAIPEI_101,135,117,91,2025-10-02T10:05:00+08:00
2025-10-02T11:00:00+08:00,TPE_AIRPORT,110,86,74,2025-10-02T11:05:00+08:00
2025-10-02T11:00:00+08:00,TAIPEI_MAIN,163,121,99,2025-10-02T11:05:00+08:00
2025-10-02T11:00:00+08:00,XIMENDING,158,95,78,2025-10-02T11:05:00+08:00
2025-10-02T11:00:00+08:00,TAIPEI_101,171,107,91,2025-10-02T11:05:00+08:00
2025-10-02T12:00:00+08:00,TPE_AIRPORT,108,87,70,2025-10-02T12:05:00+08:00
2025-10-02T12:00:00+08:00,TAIPEI_MAIN,183,116,102,2025-10-02T12:05:00+08:00
2025-10-02T12:00:00+08:00,XIMENDING,137,127,102,2025-10-02T12:05:00+08:00
2025-10-02T12:00:00+08:00,TAIPEI_101,141,96,82,2025-10-02T12:05:00+08:00
2025-10-02T13:00:00+08:00,TPE_AIRPORT,104,95,78,2025-10-02T13:05:00+08:00
2025-10-02T13:00:00+08:00,TAIPEI_MAIN,157,112,100,2025-10-02T13:05:00+08:00
2025-10-02T13:00:00+08:00,XIMENDING,159,152,111,2025-10-02T13:05:00+08:00
2025-10-02T13:00:00+08:00,TAIPEI_101,169,82,65,2025-10-02T13:05:00+08:00
2025-10-02T14:00:00+08:00,TPE_AIRPORT,135,61,46,2025-10-02T14:05:00+08:00
2025-10-02T14:00:00+08:00,TAIPEI_MAIN,168,101,72,2025-10-02T14:05:00+08:00
2025-10-02T14:00:00+08:00,XIMENDING,184,133,110,2025-10-02T14:05:00+08:00
2025-10-02T14:00:00+08:00,TAIPEI_101,147,85,66,2025-10-02T14:05:00+08:00
2025-10-02T15:00:00+08:00,TPE_AIRPORT,127,86,74,2025-10-02T15:05:00+08:00
2025-10-02T15:00:00+08:00,TAIPEI_MAIN,159,108,83,2025-10-02T15:05:00+08:00
2025-10-02T15:00:00+08:00,XIMENDING,147,135,105,2025-10-02T15:05:00+08:00
2025-10-02T15:00:00+08:00,TAIPEI_101,166,121,103,2025-10-02T15:05:00+08:00
2025-10-02T16:00:00+08:00,TPE_AIRPORT,120,61,52,2025-10-02T16:05:00+08:00
2025-10-02T16:00:00+08:00,TAIPEI_MAIN,129,124,107,2025-10-02T16:05:00+08:00
2025-10-02T16:00:00+08:00,XIMENDING,147,97,85,2025-10-02T16:05:00+08:00
2025-10-02T16:00:00+08:00,TAIPEI_101,163,134,108,2025-10-02T16:05:00+08:00
2025-10-02T17:00:00+08:00,TPE_AIRPORT,125,76,61,2025-10-02T17:05:00+08:00
2025-10-02T17:00:00+08:00,TAIPEI_MAIN,164,121,88,2025-10-02T17:05:00+08:00
2025-10-02T17:00:00+08:00,XIMENDING,155,133,116,2025-10-02T17:05:00+08:00
2025-10-02T17:00:00+08:00,TAIPEI_101,149,84,63,2025-10-02T17:05:00+08:00
2025-10-02T18:00:00+08:00,TPE_AIRPORT,99,70,55,2025-10-02T18:05:00+08:00
2025-10-02T18:00:00+08:00,TAIPEI_MAIN,154,114,84,2025-10-02T18:05:00+08:00
2025-10-02T18:00:00+08:00,XIMENDING,169,128,100,2025-10-02T18:05:00+08:00
2025-10-02T18:00:00+08:00,TAIPEI_101,109,81,61,2025-10-02T18:05:00+08:00
2025-10-02T19:00:00+08:00,TPE_AIRPORT,93,110,86,2025-10-02T19:05:00+08:00
2025-10-02T19:00:00+08:00,TAIPEI_MAIN,168,147,124,2025-10-02T19:05:00+08:00
2025-10-02T19:00:00+08:00,XIMENDING,157,97,70,2025-10-02T19:05:00+08:00
2025-10-02T19:00:00+08:00,TAIPEI_101,158,113,89,2025-10-02T19:05:00+08:00
2025-10-02T20:00:00+08:00,TPE_AIRPORT,115,137,124,2025-10-02T20:05:00+08:00
2025-10-02T20:00:00+08:00,TAIPEI_MAIN,105,180,159,2025-10-02T20:05:00+08:00
2025-10-02T20:00:00+08:00,XIMENDING,126,195,160,2025-10-02T20:05:00+08:00
2025-10-02T20:00:00+08:00,TAIPEI_101,133,201,169,2025-10-02T20:05:00+08:00
2025-10-02T21:00:00+08:00,TPE_AIRPORT,75,144,122,2025-10-02T21:05:00+08:00
2025-10-02T21:00:00+08:00,TAIPEI_MAIN,143,157,118,2025-10-02T21:05:00+08:00
2025-10-02T21:00:00+08:00,XIMENDING,165,189,144,2025-10-02T21:05:00+08:00
2025-10-02T21:00:00+08:00,TAIPEI_101,131,204,150,2025-10-02T21:05:00+08:00
2025-10-02T22:00:00+08:00,TPE_AIRPORT,56,128,106,2025-10-02T22:05:00+08:00
2025-10-02T22:00:00+08:00,TAIPEI_MAIN,144,186,136,2025-10-02T22:05:00+08:00
2025-10-02T22:00:00+08:00,XIMENDING,163,157,127,2025-10-02T22:05:00+08:00
2025-10-02T22:00:00+08:00,TAIPEI_101,141,154,136,2025-10-02T22:05:00+08:00
2025-10-02T23:00:00+08:00,TPE_AIRPORT,54,123,94,2025-10-02T23:05:00+08:00
2025-10-02T23:00:00+08:00,TAIPEI_MAIN,130,153,138,2025-10-02T23:05:00+08:00
2025-10-02T23:00:00+08:00,XIMENDING,115,157,118,2025-10-02T23:05:00+08:00
2025-10-02T23:00:00+08:00,TAIPEI_101,133,180,151,2025-10-02T23:05:00+08:00
2025-10-03T00:00:00+08:00,TPE_AIRPORT,107,77,62,2025-10-03T00:05:00+08:00
2025-10-03T00:00:00+08:00,TAIPEI_MAIN,133,128,94,2025-10-03T00:05:00+08:00
2025-10-03T00:00:00+08:00,XIMENDING,142,145,104,2025-10-03T00:05:00+08:00
2025-10-03T00:00:00+08:00,TAIPEI_101,146,85,70,2025-10-03T00:05:00+08:00
2025-10-03T01:00:00+08:00,TPE_AIRPORT,90,69,58,2025-10-03T01:05:00+08:00
2025-10-03T01:00:00+08:00,TAIPEI_MAIN,161,81,66,2025-10-03T01:05:00+08:00
2025-10-03T01:00:00+08:00,XIMENDING,147,109,92,2025-10-03T01:05:00+08:00
2025-10-03T01:00:00+08:00,TAIPEI_101,169,159,132,2025-10-03T01:05:00+08:00
2025-10-03T02:00:00+08:00,TPE_AIRPORT,113,54,45,2025-10-03T02:05:00+08:00
2025-10-03T02:00:00+08:00,TAIPEI_MAIN,138,91,66,2025-10-03T02:05:00+08:00
2025-10-03T02:00:00+08:00,XIMENDING,160,113,98,2025-10-03T02:05:00+08:00
2025-10-03T02:00:00+08:00,TAIPEI_101,154,106,85,2025-10-03T02:05:00+08:00
2025-10-03T03:00:00+08:00,TPE_AIRPORT,74,105,79,2025-10-03T03:05:00+08:00
2025-10-03T03:00:00+08:00,TAIPEI_MAIN,144,120,91,2025-10-03T03:05:00+08:00
2025-10-03T03:00:00+08:00,XIMENDING,177,110,93,2025-10-03T03:05:00+08:00
2025-10-03T03:00:00+08:00,TAIPEI_101,172,114,92,2025-10-03T03:05:00+08:00
2025-10-03T04:00:00+08:00,TPE_AIRPORT,110,97,80,2025-10-03T04:05:00+08:00
2025-10-03T04:00:00+08:00,TAIPEI_MAIN,158,128,112,2025-10-03T04:05:00+08:00
2025-10-03T04:00:00+08:00,XIMENDING,181,99,88,2025-10-03T04:05:00+08:00
2025-10-03T04:00:00+08:00,TAIPEI_101,170,101,78,2025-10-03T04:05:00+08:00
2025-10-03T05:00:00+08:00,TPE_AIRPORT,42,143,125,2025-10-03T05:05:00+08:00
2025-10-03T05:00:00+08:00,TAIPEI_MAIN,104,193,170,2025-10-03T05:05:00+08:00
2025-10-03T05:00:00+08:00,XIMENDING,153,169,128,2025-10-03T05:05:00+08:00
2025-10-03T05:00:00+08:00,TAIPEI_101,116,179,150,2025-10-03T05:05:00+08:00
2025-10-03T06:00:00+08:00,TPE_AIRPORT,79,122,95,2025-10-03T06:05:00+08:00
2025-10-03T06:00:00+08:00,TAIPEI_MAIN,178,167,147,2025-10-03T06:05:00+08:00
2025-10-03T06:00:00+08:00,XIMENDING,163,209,174,2025-10-03T06:05:00+08:00
2025-10-03T06:00:00+08:00,TAIPEI_101,113,159,123,2025-10-03T06:05:00+08:00
2025-10-03T07:00:00+08:00,TPE_AIRPORT,69,132,117,2025-10-03T07:05:00+08:00
2025-10-03T07:00:00+08:00,TAIPEI_MAIN,125,192,169,2025-10-03T07:05:00+08:00
2025-10-03T07:00:00+08:00,XIMENDING,102,174,141,2025-10-03T07:05:00+08:00
2025-10-03T07:00:00+08:00,TAIPEI_101,131,168,131,2025-10-03T07:05:00+08:00
2025-10-03T08:00:00+08:00,TPE_AIRPORT,73,171,133,2025-10-03T08:05:00+08:00
2025-10-03T08:00:00+08:00,TAIPEI_MAIN,145,155,122,2025-10-03T08:05:00+08:00
2025-10-03T08:00:00+08:00,XIMENDING,146,179,150,2025-10-03T08:05:00+08:00
2025-10-03T08:00:00+08:00,TAIPEI_101,130,179,162,2025-10-03T08:05:00+08:00
2025-10-03T09:00:00+08:00,TPE_AIRPORT,96,87,79,2025-10-03T09:05:00+08:00
2025-10-03T09:00:00+08:00,TAIPEI_MAIN,163,151,125,2025-10-03T09:05:00+08:00
2025-10-03T09:00:00+08:00,XIMENDING,186,68,55,2025-10-03T09:05:00+08:00
2025-10-03T09:00:00+08:00,TAIPEI_101,143,138,123,2025-10-03T09:05:00+08:00
2025-10-03T10:00:00+08:00,TPE_AIRPORT,103,49,42,2025-10-03T10:05:00+08:00
2025-10-03T10:00:00+08:00,TAIPEI_MAIN,154,87,69,2025-10-03T10:05:00+08:00
2025-10-03T10:00:00+08:00,XIMENDING,161,82,67,2025-10-03T10:05:00+08:00
2025-10-03T10:00:00+08:00,TAIPEI_101,155,100,88,2025-10-03T10:05:00+08:00
2025-10-03T11:00:00+08:00,TPE_AIRPORT,108,35,28,2025-10-03T11:05:00+08:00
2025-10-03T11:00:00+08:00,TAIPEI_MAIN,160,69,61,2025-10-03T11:05:00+08:00
2025-10-03T11:00:00+08:00,XIMENDING,199,110,81,2025-10-03T11:05:00+08:00
2025-10-03T11:00:00+08:00,TAIPEI_101,160,104,84,2025-10-03T11:05:00+08:00
2025-10-03T12:00:00+08:00,TPE_AIRPORT,116,83,69,2025-10-03T12:05:00+08:00
2025-10-03T12:00:00+08:00,TAIPEI_MAIN,192,113,95,2025-10-03T12:05:00+08:00
2025-10-03T12:00:00+08:00,XIMENDING,138,117,101,2025-10-03T12:05:00+08:00
2025-10-03T12:00:00+08:00,TAIPEI_101,160,135,122,2025-10-03T12:05:00+08:00
2025-10-03T13:00:00+08:00,TPE_AIRPORT,86,108,96,2025-10-03T13:05:00+08:00
2025-10-03T13:00:00+08:00,TAIPEI_MAIN,116,104,93,2025-10-03T13:05:00+08:00
2025-10-03T13:00:00+08:00,XIMENDING,173,123,101,2025-10-03T13:05:00+08:00
2025-10-03T13:00:00+08:00,TAIPEI_101,176,87,65,2025-10-03T13:05:00+08:00
2025-10-03T14:00:00+08:00,TPE_AIRPORT,125,63,56,2025-10-03T14:05:00+08:00
2025-10-03T14:00:00+08:00,TAIPEI_MAIN,136,104,94,2025-10-03T14:05:00+08:00
2025-10-03T14:00:00+08:00,XIMENDING,158,146,120,2025-10-03T14:05:00+08:00
2025-10-03T14:00:00+08:00,TAIPEI_101,173,135,112,2025-10-03T14:05:00+08:00
2025-10-03T15:00:00+08:00,TPE_AIRPORT,109,85,64,2025-10-03T15:05:00+08:00
2025-10-03T15:00:00+08:00,TAIPEI_MAIN,126,119,102,2025-10-03T15:05:00+08:00
2025-10-03T15:00:00+08:00,XIMENDING,157,100,86,2025-10-03T15:05:00+08:00
2025-10-03T15:00:00+08:00,TAIPEI_101,131,114,93,2025-10-03T15:05:00+08:00
2025-10-03T16:00:00+08:00,TPE_AIRPORT,117,54,42,2025-10-03T16:05:00+08:00
2025-10-03T16:00:00+08:00,TAIPEI_MAIN,184,123,89,2025-10-03T16:05:00+08:00
2025-10-03T16:00:00+08:00,XIMENDING,148,140,124,2025-10-03T16:05:00+08:00
2025-10-03T16:00:00+08:00,TAIPEI_101,117,66,56,2025-10-03T16:05:00+08:00
2025-10-03T17:00:00+08:00,TPE_AIRPORT,95,47,34,2025-10-03T17:05:00+08:00
2025-10-03T17:00:00+08:00,TAIPEI_MAIN,154,142,107,2025-10-03T17:05:00+08:00
2025-10-03T17:00:00+08:00,XIMENDING,129,163,121,2025-10-03T17:05:00+08:00
2025-10-03T17:00:00+08:00,TAIPEI_101,170,73,64,2025-10-03T17:05:00+08:00
2025-10-03T18:00:00+08:00,TPE_AIRPORT,139,99,89,2025-10-03T18:05:00+08:00
2025-10-03T18:00:00+08:00,TAIPEI_MAIN,149,91,69,2025-10-03T18:05:00+08:00
2025-10-03T18:00:00+08:00,XIMENDING,160,128,100,2025-10-03T18:05:00+08:00
2025-10-03T18:00:00+08:00,TAIPEI_101,151,109,95,2025-10-03T18:05:00+08:00
2025-10-03T19:00:00+08:00,TPE_AIRPORT,103,76,55,2025-10-03T19:05:00+08:00
2025-10-03T19:00:00+08:00,TAIPEI_MAIN,162,115,92,2025-10-03T19:05:00+08:00
2025-10-03T19:00:00+08:00,XIMENDING,134,87,76,2025-10-03T19:05:00+08:00
2025-10-03T19:00:00+08:00,TAIPEI_101,124,76,61,2025-10-03T19:05:00+08:00
2025-10-03T20:00:00+08:00,TPE_AIRPORT,76,108,83,2025-10-03T20:05:00+08:00
2025-10-03T20:00:00+08:00,TAIPEI_MAIN,156,146,121,2025-10-03T20:05:00+08:00
2025-10-03T20:00:00+08:00,XIMENDING,96,212,181,2025-10-03T20:05:00+08:00
2025-10-03T20:00:00+08:00,TAIPEI_101,138,166,131,2025-10-03T20:05:00+08:00
2025-10-03T21:00:00+08:00,TPE_AIRPORT,108,144,122,2025-10-03T21:05:00+08:00
2025-10-03T21:00:00+08:00,TAIPEI_MAIN,149,204,184,2025-10-03T21:05:00+08:00
2025-10-03T21:00:00+08:00,XIMENDING,135,165,132,2025-10-03T21:05:00+08:00
2025-10-03T21:00:00+08:00,TAIPEI_101,131,216,166,2025-10-03T21:05:00+08:00
2025-10-03T22:00:00+08:00,TPE_AIRPORT,93,147,124,2025-10-03T22:05:00+08:00
2025-10-03T22:00:00+08:00,TAIPEI_MAIN,140,159,118,2025-10-03T22:05:00+08:00
2025-10-03T22:00:00+08:00,XIMENDING,136,193,173,2025-10-03T22:05:00+08:00
2025-10-03T22:00:00+08:00,TAIPEI_101,147,210,176,2025-10-03T22:05:00+08:00
2025-10-03T23:00:00+08:00,TPE_AIRPORT,100,93,82,2025-10-03T23:05:00+08:00
2025-10-03T23:00:00+08:00,TAIPEI_MAIN,146,172,133,2025-10-03T23:05:00+08:00
2025-10-03T23:00:00+08:00,XIMENDING,129,172,143,2025-10-03T23:05:00+08:00
2025-10-03T23:00:00+08:00,TAIPEI_101,146,169,122,2025-10-03T23:05:00+08:00
2025-10-04T00:00:00+08:00,TPE_AIRPORT,119,118,98,2025-10-04T00:05:00+08:00
2025-10-04T00:00:00+08:00,TAIPEI_MAIN,169,96,82,2025-10-04T00:05:00+08:00
2025-10-04T00:00:00+08:00,XIMENDING,142,108,87,2025-10-04T00:05:00+08:00
2025-10-04T00:00:00+08:00,TAIPEI_101,175,164,127,2025-10-04T00:05:00+08:00
2025-10-04T01:00:00+08:00,TPE_AIRPORT,118,62,50,2025-10-04T01:05:00+08:00
2025-10-04T01:00:00+08:00,TAIPEI_MAIN,141,110,92,2025-10-04T01:05:00+08:00
2025-10-04T01:00:00+08:00,XIMENDING,163,103,81,2025-10-04T01:05:00+08:00
2025-10-04T01:00:00+08:00,TAIPEI_101,217,106,90,2025-10-04T01:05:00+08:00
2025-10-04T02:00:00+08:00,TPE_AIRPORT,115,75,58,2025-10-04T02:05:00+08:00
2025-10-04T02:00:00+08:00,TAIPEI_MAIN,153,70,52,2025-10-04T02:05:00+08:00
2025-10-04T02:00:00+08:00,XIMENDING,136,135,97,2025-10-04T02:05:00+08:00
2025-10-04T02:00:00+08:00,TAIPEI_101,148,62,48,2025-10-04T02:05:00+08:00
2025-10-04T03:00:00+08:00,TPE_AIRPORT,108,108,97,2025-10-04T03:05:00+08:00
2025-10-04T03:00:00+08:00,TAIPEI_MAIN,152,107,97,2025-10-04T03:05:00+08:00
2025-10-04T03:00:00+08:00,XIMENDING,157,166,124,2025-10-04T03:05:00+08:00
2025-10-04T03:00:00+08:00,TAIPEI_101,160,145,121,2025-10-04T03:05:00+08:00
2025-10-04T04:00:00+08:00,TPE_AIRPORT,112,114,94,2025-10-04T04:05:00+08:00
2025-10-04T04:00:00+08:00,TAIPEI_MAIN,168,109,91,2025-10-04T04:05:00+08:00
2025-10-04T04:00:00+08:00,XIMENDING,173,127,97,2025-10-04T04:05:00+08:00
2025-10-04T04:00:00+08:00,TAIPEI_101,158,115,102,2025-10-04T04:05:00+08:00
2025-10-04T05:00:00+08:00,TPE_AIRPORT,86,139,114,2025-10-04T05:05:00+08:00
2025-10-04T05:00:00+08:00,TAIPEI_MAIN,121,145,114,2025-10-04T05:05:00+08:00
2025-10-04T05:00:00+08:00,XIMENDING,151,209,155,2025-10-04T05:05:00+08:00
2025-10-04T05:00:00+08:00,TAIPEI_101,146,140,113,2025-10-04T05:05:00+08:00
2025-10-04T06:00:00+08:00,TPE_AIRPORT,77,142,118,2025-10-04T06:05:00+08:00
2025-10-04T06:00:00+08:00,TAIPEI_MAIN,134,218,162,2025-10-04T06:05:00+08:00
2025-10-04T06:00:00+08:00,XIMENDING,160,198,145,2025-10-04T06:05:00+08:00
2025-10-04T06:00:00+08:00,TAIPEI_101,111,199,143,2025-10-04T06:05:00+08:00
2025-10-04T07:00:00+08:00,TPE_AIRPORT,91,87,63,2025-10-04T07:05:00+08:00
2025-10-04T07:00:00+08:00,TAIPEI_MAIN,142,191,162,2025-10-04T07:05:00+08:00
2025-10-04T07:00:00+08:00,XIMENDING,138,147,133,2025-10-04T07:05:00+08:00
2025-10-04T07:00:00+08:00,TAIPEI_101,145,184,165,2025-10-04T07:05:00+08:00
2025-10-04T08:00:00+08:00,TPE_AIRPORT,67,104,77,2025-10-04T08:05:00+08:00
2025-10-04T08:00:00+08:00,TAIPEI_MAIN,100,204,172,2025-10-04T08:05:00+08:00
2025-10-04T08:00:00+08:00,XIMENDING,164,175,129,2025-10-04T08:05:00+08:00
2025-10-04T08:00:00+08:00,TAIPEI_101,139,146,127,2025-10-04T08:05:00+08:00
2025-10-04T09:00:00+08:00,TPE_AIRPORT,83,75,66,2025-10-04T09:05:00+08:00
2025-10-04T09:00:00+08:00,TAIPEI_MAIN,144,84,66,2025-10-04T09:05:00+08:00
2025-10-04T09:00:00+08:00,XIMENDING,183,64,56,2025-10-04T09:05:00+08:00
2025-10-04T09:00:00+08:00,TAIPEI_101,151,118,90,2025-10-04T09:05:00+08:00
2025-10-04T10:00:00+08:00,TPE_AIRPORT,97,63,52,2025-10-04T10:05:00+08:00
2025-10-04T10:00:00+08:00,TAIPEI_MAIN,181,127,92,2025-10-04T10:05:00+08:00
2025-10-04T10:00:00+08:00,XIMENDING,144,115,90,2025-10-04T10:05:00+08:00
2025-10-04T10:00:00+08:00,TAIPEI_101,152,137,122,2025-10-04T10:05:00+08:00
2025-10-04T11:00:00+08:00,TPE_AIRPORT,108,83,67,2025-10-04T11:05:00+08:00
2025-10-04T11:00:00+08:00,TAIPEI_MAIN,151,127,97,2025-10-04T11:05:00+08:00
2025-10-04T11:00:00+08:00,XIMENDING,134,112,100,2025-10-04T11:05:00+08:00
2025-10-04T11:00:00+08:00,TAIPEI_101,175,71,62,2025-10-04T11:05:00+08:00
2025-10-04T12:00:00+08:00,TPE_AIRPORT,125,100,83,2025-10-04T12:05:00+08:00
2025-10-04T12:00:00+08:00,TAIPEI_MAIN,150,94,76,2025-10-04T12:05:00+08:00
2025-10-04T12:00:00+08:00,XIMENDING,200,120,90,2025-10-04T12:05:00+08:00
2025-10-04T12:00:00+08:00,TAIPEI_101,149,108,81,2025-10-04T12:05:00+08:00
2025-10-04T13:00:00+08:00,TPE_AIRPORT,126,54,40,2025-10-04T13:05:00+08:00
2025-10-04T13:00:00+08:00,TAIPEI_MAIN,162,97,82,2025-10-04T13:05:00+08:00
2025-10-04T13:00:00+08:00,XIMENDING,156,102,91,2025-10-04T13:05:00+08:00
2025-10-04T13:00:00+08:00,TAIPEI_101,176,135,113,2025-10-04T13:05:00+08:00
2025-10-04T14:00:00+08:00,TPE_AIRPORT,118,36,26,2025-10-04T14:05:00+08:00
2025-10-04T14:00:00+08:00,TAIPEI_MAIN,147,107,90,2025-10-04T14:05:00+08:00
2025-10-04T14:00:00+08:00,XIMENDING,165,90,73,2025-10-04T14:05:00+08:00
2025-10-04T14:00:00+08:00,TAIPEI_101,175,117,89,2025-10-04T14:05:00+08:00
2025-10-04T15:00:00+08:00,TPE_AIRPORT,131,66,57,2025-10-04T15:05:00+08:00
2025-10-04T15:00:00+08:00,TAIPEI_MAIN,156,110,80,2025-10-04T15:05:00+08:00
2025-10-04T15:00:00+08:00,XIMENDING,148,82,65,2025-10-04T15:05:00+08:00
2025-10-04T15:00:00+08:00,TAIPEI_101,157,113,82,2025-10-04T15:05:00+08:00
2025-10-04T16:00:00+08:00,TPE_AIRPORT,117,85,71,2025-10-04T16:05:00+08:00
2025-10-04T16:00:00+08:00,TAIPEI_MAIN,170,118,90,2025-10-04T16:05:00+08:00
2025-10-04T16:00:00+08:00,XIMENDING,167,111,91,2025-10-04T16:05:00+08:00
2025-10-04T16:00:00+08:00,TAIPEI_101,197,128,105,2025-10-04T16:05:00+08:00
2025-10-04T17:00:00+08:00,TPE_AIRPORT,135,20,17,2025-10-04T17:05:00+08:00
2025-10-04T17:00:00+08:00,TAIPEI_MAIN,150,74,59,2025-10-04T17:05:00+08:00
2025-10-04T17:00:00+08:00,XIMENDING,185,129,105,2025-10-04T17:05:00+08:00
2025-10-04T17:00:00+08:00,TAIPEI_101,148,139,118,2025-10-04T17:05:00+08:00
2025-10-04T18:00:00+08:00,TPE_AIRPORT,96,55,41,2025-10-04T18:05:00+08:00
2025-10-04T18:00:00+08:00,TAIPEI_MAIN,160,84,68,2025-10-04T18:05:00+08:00
2025-10-04T18:00:00+08:00,XIMENDING,152,104,77,2025-10-04T18:05:00+08:00
2025-10-04T18:00:00+08:00,TAIPEI_101,163,121,99,2025-10-04T18:05:00+08:00
2025-10-04T19:00:00+08:00,TPE_AIRPORT,80,100,78,2025-10-04T19:05:00+08:00
2025-10-04T19:00:00+08:00,TAIPEI_MAIN,182,156,120,2025-10-04T19:05:00+08:00
2025-10-04T19:00:00+08:00,XIMENDING,199,121,109,2025-10-04T19:05:00+08:00
2025-10-04T19:00:00+08:00,TAIPEI_101,176,127,102,2025-10-04T19:05:00+08:00
2025-10-04T20:00:00+08:00,TPE_AIRPORT,31,144,109,2025-10-04T20:05:00+08:00
2025-10-04T20:00:00+08:00,TAIPEI_MAIN,151,210,162,2025-10-04T20:05:00+08:00
2025-10-04T20:00:00+08:00,XIMENDING,155,147,111,2025-10-04T20:05:00+08:00
2025-10-04T20:00:00+08:00,TAIPEI_101,153,185,140,2025-10-04T20:05:00+08:00
2025-10-04T21:00:00+08:00,TPE_AIRPORT,114,111,98,2025-10-04T21:05:00+08:00
2025-10-04T21:00:00+08:00,TAIPEI_MAIN,121,217,159,2025-10-04T21:05:00+08:00
2025-10-04T21:00:00+08:00,XIMENDING,146,185,142,2025-10-04T21:05:00+08:00
2025-10-04T21:00:00+08:00,TAIPEI_101,135,193,151,2025-10-04T21:05:00+08:00
2025-10-04T22:00:00+08:00,TPE_AIRPORT,98,135,102,2025-10-04T22:05:00+08:00
2025-10-04T22:00:00+08:00,TAIPEI_MAIN,105,163,139,2025-10-04T22:05:00+08:00
2025-10-04T22:00:00+08:00,XIMENDING,130,169,134,2025-10-04T22:05:00+08:00
2025-10-04T22:00:00+08:00,TAIPEI_101,171,188,165,2025-10-04T22:05:00+08:00
2025-10-04T23:00:00+08:00,TPE_AIRPORT,65,99,84,2025-10-04T23:05:00+08:00
2025-10-04T23:00:00+08:00,TAIPEI_MAIN,94,139,117,2025-10-04T23:05:00+08:00
2025-10-04T23:00:00+08:00,XIMENDING,133,172,155,2025-10-04T23:05:00+08:00
2025-10-04T23:00:00+08:00,TAIPEI_101,128,204,159,2025-10-04T23:05:00+08:00
2025-10-05T00:00:00+08:00,TPE_AIRPORT,103,118,93,2025-10-05T00:05:00+08:00
2025-10-05T00:00:00+08:00,TAIPEI_MAIN,154,71,63,2025-10-05T00:05:00+08:00
2025-10-05T00:00:00+08:00,XIMENDING,143,100,79,2025-10-05T00:05:00+08:00
2025-10-05T00:00:00+08:00,TAIPEI_101,148,114,84,2025-10-05T00:05:00+08:00
2025-10-05T01:00:00+08:00,TPE_AIRPORT,120,87,67,2025-10-05T01:05:00+08:00
2025-10-05T01:00:00+08:00,TAIPEI_MAIN,137,98,70,2025-10-05T01:05:00+08:00
2025-10-05T01:00:00+08:00,XIMENDING,112,131,104,2025-10-05T01:05:00+08:00
2025-10-05T01:00:00+08:00,TAIPEI_101,157,119,99,2025-10-05T01:05:00+08:00
2025-10-05T02:00:00+08:00,TPE_AIRPORT,85,79,62,2025-10-05T02:05:00+08:00
2025-10-05T02:00:00+08:00,TAIPEI_MAIN,122,93,84,2025-10-05T02:05:00+08:00
2025-10-05T02:00:00+08:00,XIMENDING,153,126,105,2025-10-05T02:05:00+08:00
2025-10-05T02:00:00+08:00,TAIPEI_101,153,120,93,2025-10-05T02:05:00+08:00
2025-10-05T03:00:00+08:00,TPE_AIRPORT,73,43,35,2025-10-05T03:05:00+08:00
2025-10-05T03:00:00+08:00,TAIPEI_MAIN,185,115,85,2025-10-05T03:05:00+08:00
2025-10-05T03:00:00+08:00,XIMENDING,191,149,128,2025-10-05T03:05:00+08:00
2025-10-05T03:00:00+08:00,TAIPEI_101,159,92,79,2025-10-05T03:05:00+08:00
2025-10-05T04:00:00+08:00,TPE_AIRPORT,111,117,96,2025-10-05T04:05:00+08:00
2025-10-05T04:00:00+08:00,TAIPEI_MAIN,170,122,103,2025-10-05T04:05:00+08:00
2025-10-05T04:00:00+08:00,XIMENDING,159,70,53,2025-10-05T04:05:00+08:00
2025-10-05T04:00:00+08:00,TAIPEI_101,140,102,88,2025-10-05T04:05:00+08:00
2025-10-05T05:00:00+08:00,TPE_AIRPORT,88,99,89,2025-10-05T05:05:00+08:00
2025-10-05T05:00:00+08:00,TAIPEI_MAIN,122,193,158,2025-10-05T05:05:00+08:00
2025-10-05T05:00:00+08:00,XIMENDING,135,157,116,2025-10-05T05:05:00+08:00
2025-10-05T05:00:00+08:00,TAIPEI_101,140,165,145,2025-10-05T05:05:00+08:00
2025-10-05T06:00:00+08:00,TPE_AIRPORT,118,104,83,2025-10-05T06:05:00+08:00
2025-10-05T06:00:00+08:00,TAIPEI_MAIN,129,182,150,2025-10-05T06:05:00+08:00
2025-10-05T06:00:00+08:00,XIMENDING,141,180,135,2025-10-05T06:05:00+08:00
2025-10-05T06:00:00+08:00,TAIPEI_101,176,131,113,2025-10-05T06:05:00+08:00
2025-10-05T07:00:00+08:00,TPE_AIRPORT,112,134,96,2025-10-05T07:05:00+08:00
2025-10-05T07:00:00+08:00,TAIPEI_MAIN,140,188,150,2025-10-05T07:05:00+08:00
2025-10-05T07:00:00+08:00,XIMENDING,147,202,182,2025-10-05T07:05:00+08:00
2025-10-05T07:00:00+08:00,TAIPEI_101,135,225,194,2025-10-05T07:05:00+08:00
2025-10-05T08:00:00+08:00,TPE_AIRPORT,86,138,105,2025-10-05T08:05:00+08:00
2025-10-05T08:00:00+08:00,TAIPEI_MAIN,114,196,169,2025-10-05T08:05:00+08:00
2025-10-05T08:00:00+08:00,XIMENDING,152,181,149,2025-10-05T08:05:00+08:00
2025-10-05T08:00:00+08:00,TAIPEI_101,99,173,135,2025-10-05T08:05:00+08:00
2025-10-05T09:00:00+08:00,TPE_AIRPORT,94,70,58,2025-10-05T09:05:00+08:00
2025-10-05T09:00:00+08:00,TAIPEI_MAIN,174,132,109,2025-10-05T09:05:00+08:00
2025-10-05T09:00:00+08:00,XIMENDING,134,148,110,2025-10-05T09:05:00+08:00
2025-10-05T09:00:00+08:00,TAIPEI_101,157,116,83,2025-10-05T09:05:00+08:00
2025-10-05T10:00:00+08:00,TPE_AIRPORT,82,104,76,2025-10-05T10:05:00+08:00
2025-10-05T10:00:00+08:00,TAIPEI_MAIN,142,94,72,2025-10-05T10:05:00+08:00
2025-10-05T10:00:00+08:00,XIMENDING,137,75,67,2025-10-05T10:05:00+08:00
2025-10-05T10:00:00+08:00,TAIPEI_101,145,182,162,2025-10-05T10:05:00+08:00
2025-10-05T11:00:00+08:00,TPE_AIRPORT,95,90,81,2025-10-05T11:05:00+08:00
2025-10-05T11:00:00+08:00,TAIPEI_MAIN,163,127,104,2025-10-05T11:05:00+08:00
2025-10-05T11:00:00+08:00,XIMENDING,172,179,159,2025-10-05T11:05:00+08:00
2025-10-05T11:00:00+08:00,TAIPEI_101,133,103,93,2025-10-05T11:05:00+08:00
2025-10-05T12:00:00+08:00,TPE_AIRPORT,94,113,101,2025-10-05T12:05:00+08:00
2025-10-05T12:00:00+08:00,TAIPEI_MAIN,156,95,71,2025-10-05T12:05:00+08:00
2025-10-05T12:00:00+08:00,XIMENDING,147,98,88,2025-10-05T12:05:00+08:00
2025-10-05T12:00:00+08:00,TAIPEI_101,155,149,111,2025-10-05T12:05:00+08:00
2025-10-05T13:00:00+08:00,TPE_AIRPORT,97,88,67,2025-10-05T13:05:00+08:00
2025-10-05T13:00:00+08:00,TAIPEI_MAIN,199,112,92,2025-10-05T13:05:00+08:00
2025-10-05T13:00:00+08:00,XIMENDING,157,129,94,2025-10-05T13:05:00+08:00
2025-10-05T13:00:00+08:00,TAIPEI_101,147,116,85,2025-10-05T13:05:00+08:00
2025-10-05T14:00:00+08:00,TPE_AIRPORT,110,99,86,2025-10-05T14:05:00+08:00
2025-10-05T14:00:00+08:00,TAIPEI_MAIN,170,124,95,2025-10-05T14:05:00+08:00
2025-10-05T14:00:00+08:00,XIMENDING,167,123,104,2025-10-05T14:05:00+08:00
2025-10-05T14:00:00+08:00,TAIPEI_101,115,101,91,2025-10-05T14:05:00+08:00
2025-10-05T15:00:00+08:00,TPE_AIRPORT,77,97,70,2025-10-05T15:05:00+08:00
2025-10-05T15:00:00+08:00,TAIPEI_MAIN,149,132,106,2025-10-05T15:05:00+08:00
2025-10-05T15:00:00+08:00,XIMENDING,175,150,109,2025-10-05T15:05:00+08:00
2025-10-05T15:00:00+08:00,TAIPEI_101,154,133,107,2025-10-05T15:05:00+08:00
2025-10-05T16:00:00+08:00,TPE_AIRPORT,111,83,68,2025-10-05T16:05:00+08:00
2025-10-05T16:00:00+08:00,TAIPEI_MAIN,186,126,108,2025-10-05T16:05:00+08:00
2025-10-05T16:00:00+08:00,XIMENDING,147,166,143,2025-10-05T16:05:00+08:00
2025-10-05T16:00:00+08:00,TAIPEI_101,129,67,50,2025-10-05T16:05:00+08:00
2025-10-05T17:00:00+08:00,TPE_AIRPORT,97,84,74,2025-10-05T17:05:00+08:00
2025-10-05T17:00:00+08:00,TAIPEI_MAIN,162,118,105,2025-10-05T17:05:00+08:00
2025-10-05T17:00:00+08:00,XIMENDING,146,127,104,2025-10-05T17:05:00+08:00
2025-10-05T17:00:00+08:00,TAIPEI_101,155,119,87,2025-10-05T17:05:00+08:00
2025-10-05T18:00:00+08:00,TPE_AIRPORT,111,88,72,2025-10-05T18:05:00+08:00
2025-10-05T18:00:00+08:00,TAIPEI_MAIN,161,88,64,2025-10-05T18:05:00+08:00
2025-10-05T18:00:00+08:00,XIMENDING,135,117,99,2025-10-05T18:05:00+08:00
2025-10-05T18:00:00+08:00,TAIPEI_101,151,70,50,2025-10-05T18:05:00+08:00
2025-10-05T19:00:00+08:00,TPE_AIRPORT,119,54,39,2025-10-05T19:05:00+08:00
2025-10-05T19:00:00+08:00,TAIPEI_MAIN,139,148,108,2025-10-05T19:05:00+08:00
2025-10-05T19:00:00+08:00,XIMENDING,144,138,102,2025-10-05T19:05:00+08:00
2025-10-05T19:00:00+08:00,TAIPEI_101,170,100,90,2025-10-05T19:05:00+08:00
2025-10-05T20:00:00+08:00,TPE_AIRPORT,90,113,102,2025-10-05T20:05:00+08:00
2025-10-05T20:00:00+08:00,TAIPEI_MAIN,127,173,151,2025-10-05T20:05:00+08:00
2025-10-05T20:00:00+08:00,XIMENDING,146,147,108,2025-10-05T20:05:00+08:00
2025-10-05T20:00:00+08:00,TAIPEI_101,153,140,112,2025-10-05T20:05:00+08:00
2025-10-05T21:00:00+08:00,TPE_AIRPORT,88,123,99,2025-10-05T21:05:00+08:00
2025-10-05T21:00:00+08:00,TAIPEI_MAIN,159,180,141,2025-10-05T21:05:00+08:00
2025-10-05T21:00:00+08:00,XIMENDING,145,184,164,2025-10-05T21:05:00+08:00
2025-10-05T21:00:00+08:00,TAIPEI_101,125,149,129,2025-10-05T21:05:00+08:00
2025-10-05T22:00:00+08:00,TPE_AIRPORT,102,131,97,2025-10-05T22:05:00+08:00
2025-10-05T22:00:00+08:00,TAIPEI_MAIN,120,184,150,2025-10-05T22:05:00+08:00
2025-10-05T22:00:00+08:00,XIMENDING,143,180,138,2025-10-05T22:05:00+08:00
2025-10-05T22:00:00+08:00,TAIPEI_101,112,219,196,2025-10-05T22:05:00+08:00
2025-10-05T23:00:00+08:00,TPE_AIRPORT,86,143,111,2025-10-05T23:05:00+08:00
2025-10-05T23:00:00+08:00,TAIPEI_MAIN,151,226,182,2025-10-05T23:05:00+08:00
2025-10-05T23:00:00+08:00,XIMENDING,129,201,163,2025-10-05T23:05:00+08:00
2025-10-05T23:00:00+08:00,TAIPEI_101,151,189,141,2025-10-05T23:05:00+08:00
2025-10-06T00:00:00+08:00,TPE_AIRPORT,88,50,36,2025-10-06T00:05:00+08:00
2025-10-06T00:00:00+08:00,TAIPEI_MAIN,151,96,81,2025-10-06T00:05:00+08:00
2025-10-06T00:00:00+08:00,XIMENDING,184,133,99,2025-10-06T00:05:00+08:00
2025-10-06T00:00:00+08:00,TAIPEI_101,146,98,73,2025-10-06T00:05:00+08:00
2025-10-06T01:00:00+08:00,TPE_AIRPORT,106,53,45,2025-10-06T01:05:00+08:00
2025-10-06T01:00:00+08:00,TAIPEI_MAIN,152,121,95,2025-10-06T01:05:00+08:00
2025-10-06T01:00:00+08:00,XIMENDING,171,122,109,2025-10-06T01:05:00+08:00
2025-10-06T01:00:00+08:00,TAIPEI_101,140,105,83,2025-10-06T01:05:00+08:00
2025-10-06T02:00:00+08:00,TPE_AIRPORT,107,94,75,2025-10-06T02:05:00+08:00
2025-10-06T02:00:00+08:00,TAIPEI_MAIN,156,157,139,2025-10-06T02:05:00+08:00
2025-10-06T02:00:00+08:00,XIMENDING,145,99,85,2025-10-06T02:05:00+08:00
2025-10-06T02:00:00+08:00,TAIPEI_101,161,119,99,2025-10-06T02:05:00+08:00
2025-10-06T03:00:00+08:00,TPE_AIRPORT,110,80,71,2025-10-06T03:05:00+08:00
2025-10-06T03:00:00+08:00,TAIPEI_MAIN,143,97,74,2025-10-06T03:05:00+08:00
2025-10-06T03:00:00+08:00,XIMENDING,165,75,67,2025-10-06T03:05:00+08:00
2025-10-06T03:00:00+08:00,TAIPEI_101,128,127,101,2025-10-06T03:05:00+08:00
2025-10-06T04:00:00+08:00,TPE_AIRPORT,103,58,46,2025-10-06T04:05:00+08:00
2025-10-06T04:00:00+08:00,TAIPEI_MAIN,129,118,92,2025-10-06T04:05:00+08:00
2025-10-06T04:00:00+08:00,XIMENDING,187,167,134,2025-10-06T04:05:00+08:00
2025-10-06T04:00:00+08:00,TAIPEI_101,151,123,98,2025-10-06T04:05:00+08:00
2025-10-06T05:00:00+08:00,TPE_AIRPORT,77,125,108,2025-10-06T05:05:00+08:00
2025-10-06T05:00:00+08:00,TAIPEI_MAIN,125,177,146,2025-10-06T05:05:00+08:00
2025-10-06T05:00:00+08:00,XIMENDING,151,140,126,2025-10-06T05:05:00+08:00
2025-10-06T05:00:00+08:00,TAIPEI_101,151,166,129,2025-10-06T05:05:00+08:00
2025-10-06T06:00:00+08:00,TPE_AIRPORT,93,140,101,2025-10-06T06:05:00+08:00
2025-10-06T06:00:00+08:00,TAIPEI_MAIN,87,208,176,2025-10-06T06:05:00+08:00
2025-10-06T06:00:00+08:00,XIMENDING,96,175,153,2025-10-06T06:05:00+08:00
2025-10-06T06:00:00+08:00,TAIPEI_101,124,225,196,2025-10-06T06:05:00+08:00
2025-10-06T07:00:00+08:00,TPE_AIRPORT,85,132,101,2025-10-06T07:05:00+08:00
2025-10-06T07:00:00+08:00,TAIPEI_MAIN,148,176,137,2025-10-06T07:05:00+08:00
2025-10-06T07:00:00+08:00,XIMENDING,160,193,167,2025-10-06T07:05:00+08:00
2025-10-06T07:00:00+08:00,TAIPEI_101,120,179,156,2025-10-06T07:05:00+08:00
2025-10-06T08:00:00+08:00,TPE_AIRPORT,89,134,117,2025-10-06T08:05:00+08:00
2025-10-06T08:00:00+08:00,TAIPEI_MAIN,147,204,150,2025-10-06T08:05:00+08:00
2025-10-06T08:00:00+08:00,XIMENDING,140,179,134,2025-10-06T08:05:00+08:00
2025-10-06T08:00:00+08:00,TAIPEI_101,134,183,139,2025-10-06T08:05:00+08:00
2025-10-06T09:00:00+08:00,TPE_AIRPORT,139,65,55,2025-10-06T09:05:00+08:00
2025-10-06T09:00:00+08:00,TAIPEI_MAIN,157,138,120,2025-10-06T09:05:00+08:00
2025-10-06T09:00:00+08:00,XIMENDING,181,136,100,2025-10-06T09:05:00+08:00
2025-10-06T09:00:00+08:00,TAIPEI_101,170,112,90,2025-10-06T09:05:00+08:00
2025-10-06T10:00:00+08:00,TPE_AIRPORT,123,86,77,2025-10-06T10:05:00+08:00
2025-10-06T10:00:00+08:00,TAIPEI_MAIN,169,107,77,2025-10-06T10:05:00+08:00
2025-10-06T10:00:00+08:00,XIMENDING,156,106,86,2025-10-06T10:05:00+08:00
2025-10-06T10:00:00+08:00,TAIPEI_101,123,122,100,2025-10-06T10:05:00+08:00
2025-10-06T11:00:00+08:00,TPE_AIRPORT,98,84,73,2025-10-06T11:05:00+08:00
2025-10-06T11:00:00+08:00,TAIPEI_MAIN,138,94,79,2025-10-06T11:05:00+08:00
2025-10-06T11:00:00+08:00,XIMENDING,149,88,69,2025-10-06T11:05:00+08:00
2025-10-06T11:00:00+08:00,TAIPEI_101,165,108,77,2025-10-06T11:05:00+08:00
2025-10-06T12:00:00+08:00,TPE_AIRPORT,135,84,61,2025-10-06T12:05:00+08:00
2025-10-06T12:00:00+08:00,TAIPEI_MAIN,149,135,113,2025-10-06T12:05:00+08:00
2025-10-06T12:00:00+08:00,XIMENDING,147,117,88,2025-10-06T12:05:00+08:00
2025-10-06T12:00:00+08:00,TAIPEI_101,133,113,88,2025-10-06T12:05:00+08:00
2025-10-06T13:00:00+08:00,TPE_AIRPORT,119,68,51,2025-10-06T13:05:00+08:00
2025-10-06T13:00:00+08:00,TAIPEI_MAIN,186,62,52,2025-10-06T13:05:00+08:00
2025-10-06T13:00:00+08:00,XIMENDING,141,131,117,2025-10-06T13:05:00+08:00
2025-10-06T13:00:00+08:00,TAIPEI_101,122,142,125,2025-10-06T13:05:00+08:00
2025-10-06T14:00:00+08:00,TPE_AIRPORT,143,77,61,2025-10-06T14:05:00+08:00
2025-10-06T14:00:00+08:00,TAIPEI_MAIN,156,134,118,2025-10-06T14:05:00+08:00
2025-10-06T14:00:00+08:00,XIMENDING,150,104,87,2025-10-06T14:05:00+08:00
2025-10-06T14:00:00+08:00,TAIPEI_101,132,119,89,2025-10-06T14:05:00+08:00
2025-10-06T15:00:00+08:00,TPE_AIRPORT,114,69,51,2025-10-06T15:05:00+08:00
2025-10-06T15:00:00+08:00,TAIPEI_MAIN,186,140,125,2025-10-06T15:05:00+08:00
2025-10-06T15:00:00+08:00,XIMENDING,169,126,106,2025-10-06T15:05:00+08:00
2025-10-06T15:00:00+08:00,TAIPEI_101,171,94,81,2025-10-06T15:05:00+08:00
2025-10-06T16:00:00+08:00,TPE_AIRPORT,89,60,48,2025-10-06T16:05:00+08:00
2025-10-06T16:00:00+08:00,TAIPEI_MAIN,149,109,88,2025-10-06T16:05:00+08:00
2025-10-06T16:00:00+08:00,XIMENDING,161,106,86,2025-10-06T16:05:00+08:00
2025-10-06T16:00:00+08:00,TAIPEI_101,176,97,73,2025-10-06T16:05:00+08:00
2025-10-06T17:00:00+08:00,TPE_AIRPORT,65,113,92,2025-10-06T17:05:00+08:00
2025-10-06T17:00:00+08:00,TAIPEI_MAIN,173,140,123,2025-10-06T17:05:00+08:00
2025-10-06T17:00:00+08:00,XIMENDING,135,134,100,2025-10-06T17:05:00+08:00
2025-10-06T17:00:00+08:00,TAIPEI_101,184,107,85,2025-10-06T17:05:00+08:00
2025-10-06T18:00:00+08:00,TPE_AIRPORT,113,57,47,2025-10-06T18:05:00+08:00
2025-10-06T18:00:00+08:00,TAIPEI_MAIN,142,87,70,2025-10-06T18:05:00+08:00
2025-10-06T18:00:00+08:00,XIMENDING,150,66,50,2025-10-06T18:05:00+08:00
2025-10-06T18:00:00+08:00,TAIPEI_101,142,148,116,2025-10-06T18:05:00+08:00
2025-10-06T19:00:00+08:00,TPE_AIRPORT,103,47,42,2025-10-06T19:05:00+08:00
2025-10-06T19:00:00+08:00,TAIPEI_MAIN,173,90,67,2025-10-06T19:05:00+08:00
2025-10-06T19:00:00+08:00,XIMENDING,153,137,101,2025-10-06T19:05:00+08:00
2025-10-06T19:00:00+08:00,TAIPEI_101,167,135,101,2025-10-06T19:05:00+08:00
2025-10-06T20:00:00+08:00,TPE_AIRPORT,53,126,105,2025-10-06T20:05:00+08:00
2025-10-06T20:00:00+08:00,TAIPEI_MAIN,123,182,143,2025-10-06T20:05:00+08:00
2025-10-06T20:00:00+08:00,XIMENDING,102,194,176,2025-10-06T20:05:00+08:00
2025-10-06T20:00:00+08:00,TAIPEI_101,134,180,147,2025-10-06T20:05:00+08:00
2025-10-06T21:00:00+08:00,TPE_AIRPORT,76,130,96,2025-10-06T21:05:00+08:00
2025-10-06T21:00:00+08:00,TAIPEI_MAIN,126,183,154,2025-10-06T21:05:00+08:00
2025-10-06T21:00:00+08:00,XIMENDING,117,181,146,2025-10-06T21:05:00+08:00
2025-10-06T21:00:00+08:00,TAIPEI_101,114,195,165,2025-10-06T21:05:00+08:00
2025-10-06T22:00:00+08:00,TPE_AIRPORT,103,104,75,2025-10-06T22:05:00+08:00
2025-10-06T22:00:00+08:00,TAIPEI_MAIN,126,180,131,2025-10-06T22:05:00+08:00
2025-10-06T22:00:00+08:00,XIMENDING,132,179,143,2025-10-06T22:05:00+08:00
2025-10-06T22:00:00+08:00,TAIPEI_101,163,202,167,2025-10-06T22:05:00+08:00
2025-10-06T23:00:00+08:00,TPE_AIRPORT,76,123,105,2025-10-06T23:05:00+08:00
2025-10-06T23:00:00+08:00,TAIPEI_MAIN,145,175,126,2025-10-06T23:05:00+08:00
2025-10-06T23:00:00+08:00,XIMENDING,154,154,119,2025-10-06T23:05:00+08:00
2025-10-06T23:00:00+08:00,TAIPEI_101,160,179,156,2025-10-06T23:05:00+08:00
2025-10-07T00:00:00+08:00,TPE_AIRPORT,129,68,49,2025-10-07T00:05:00+08:00
2025-10-07T00:00:00+08:00,TAIPEI_MAIN,177,105,89,2025-10-07T00:05:00+08:00
2025-10-07T00:00:00+08:00,XIMENDING,148,86,66,2025-10-07T00:05:00+08:00
2025-10-07T00:00:00+08:00,TAIPEI_101,185,99,86,2025-10-07T00:05:00+08:00
2025-10-07T01:00:00+08:00,TPE_AIRPORT,105,62,46,2025-10-07T01:05:00+08:00
2025-10-07T01:00:00+08:00,TAIPEI_MAIN,172,123,101,2025-10-07T01:05:00+08:00
2025-10-07T01:00:00+08:00,XIMENDING,143,135,115,2025-10-07T01:05:00+08:00
2025-10-07T01:00:00+08:00,TAIPEI_101,156,118,103,2025-10-07T01:05:00+08:00
2025-10-07T02:00:00+08:00,TPE_AIRPORT,93,78,60,2025-10-07T02:05:00+08:00
2025-10-07T02:00:00+08:00,TAIPEI_MAIN,167,128,93,2025-10-07T02:05:00+08:00
2025-10-07T02:00:00+08:00,XIMENDING,176,157,122,2025-10-07T02:05:00+08:00
2025-10-07T02:00:00+08:00,TAIPEI_101,150,112,95,2025-10-07T02:05:00+08:00
2025-10-07T03:00:00+08:00,TPE_AIRPORT,107,73,54,2025-10-07T03:05:00+08:00
2025-10-07T03:00:00+08:00,TAIPEI_MAIN,131,149,111,2025-10-07T03:05:00+08:00
2025-10-07T03:00:00+08:00,XIMENDING,134,78,68,2025-10-07T03:05:00+08:00
2025-10-07T03:00:00+08:00,TAIPEI_101,176,128,115,2025-10-07T03:05:00+08:00
2025-10-07T04:00:00+08:00,TPE_AIRPORT,103,79,57,2025-10-07T04:05:00+08:00
2025-10-07T04:00:00+08:00,TAIPEI_MAIN,145,121,90,2025-10-07T04:05:00+08:00
2025-10-07T04:00:00+08:00,XIMENDING,132,103,81,2025-10-07T04:05:00+08:00
2025-10-07T04:00:00+08:00,TAIPEI_101,189,78,69,2025-10-07T04:05:00+08:00
2025-10-07T05:00:00+08:00,TPE_AIRPORT,108,129,99,2025-10-07T05:05:00+08:00
2025-10-07T05:00:00+08:00,TAIPEI_MAIN,124,199,152,2025-10-07T05:05:00+08:00
2025-10-07T05:00:00+08:00,XIMENDING,165,153,124,2025-10-07T05:05:00+08:00
2025-10-07T05:00:00+08:00,TAIPEI_101,162,142,111,2025-10-07T05:05:00+08:00
2025-10-07T06:00:00+08:00,TPE_AIRPORT,102,97,81,2025-10-07T06:05:00+08:00
2025-10-07T06:00:00+08:00,TAIPEI_MAIN,152,176,140,2025-10-07T06:05:00+08:00
2025-10-07T06:00:00+08:00,XIMENDING,135,183,140,2025-10-07T06:05:00+08:00
2025-10-07T06:00:00+08:00,TAIPEI_101,148,158,130,2025-10-07T06:05:00+08:00
2025-10-07T07:00:00+08:00,TPE_AIRPORT,94,146,113,2025-10-07T07:05:00+08:00
2025-10-07T07:00:00+08:00,TAIPEI_MAIN,141,177,155,2025-10-07T07:05:00+08:00
2025-10-07T07:00:00+08:00,XIMENDING,152,190,157,2025-10-07T07:05:00+08:00
2025-10-07T07:00:00+08:00,TAIPEI_101,116,191,164,2025-10-07T07:05:00+08:00
2025-10-07T08:00:00+08:00,TPE_AIRPORT,66,119,96,2025-10-07T08:05:00+08:00
2025-10-07T08:00:00+08:00,TAIPEI_MAIN,138,199,146,2025-10-07T08:05:00+08:00
2025-10-07T08:00:00+08:00,XIMENDING,144,136,120,2025-10-07T08:05:00+08:00
2025-10-07T08:00:00+08:00,TAIPEI_101,155,197,152,2025-10-07T08:05:00+08:00
2025-10-07T09:00:00+08:00,TPE_AIRPORT,101,55,48,2025-10-07T09:05:00+08:00
2025-10-07T09:00:00+08:00,TAIPEI_MAIN,156,92,80,2025-10-07T09:05:00+08:00
2025-10-07T09:00:00+08:00,XIMENDING,168,153,131,2025-10-07T09:05:00+08:00
2025-10-07T09:00:00+08:00,TAIPEI_101,174,93,67,2025-10-07T09:05:00+08:00
2025-10-07T10:00:00+08:00,TPE_AIRPORT,95,42,35,2025-10-07T10:05:00+08:00
2025-10-07T10:00:00+08:00,TAIPEI_MAIN,162,115,82,2025-10-07T10:05:00+08:00
2025-10-07T10:00:00+08:00,XIMENDING,132,105,89,2025-10-07T10:05:00+08:00
2025-10-07T10:00:00+08:00,TAIPEI_101,139,152,122,2025-10-07T10:05:00+08:00
2025-10-07T11:00:00+08:00,TPE_AIRPORT,129,95,76,2025-10-07T11:05:00+08:00
2025-10-07T11:00:00+08:00,TAIPEI_MAIN,131,114,102,2025-10-07T11:05:00+08:00
2025-10-07T11:00:00+08:00,XIMENDING,155,118,88,2025-10-07T11:05:00+08:00
2025-10-07T11:00:00+08:00,TAIPEI_101,152,99,74,2025-10-07T11:05:00+08:00
2025-10-07T12:00:00+08:00,TPE_AIRPORT,112,81,70,2025-10-07T12:05:00+08:00
2025-10-07T12:00:00+08:00,TAIPEI_MAIN,135,112,97,2025-10-07T12:05:00+08:00
2025-10-07T12:00:00+08:00,XIMENDING,175,134,105,2025-10-07T12:05:00+08:00
2025-10-07T12:00:00+08:00,TAIPEI_101,170,145,109,2025-10-07T12:05:00+08:00
2025-10-07T13:00:00+08:00,TPE_AIRPORT,114,82,63,2025-10-07T13:05:00+08:00
2025-10-07T13:00:00+08:00,TAIPEI_MAIN,170,120,93,2025-10-07T13:05:00+08:00
2025-10-07T13:00:00+08:00,XIMENDING,154,106,80,2025-10-07T13:05:00+08:00
2025-10-07T13:00:00+08:00,TAIPEI_101,179,104,94,2025-10-07T13:05:00+08:00
2025-10-07T14:00:00+08:00,TPE_AIRPORT,124,28,22,2025-10-07T14:05:00+08:00
2025-10-07T14:00:00+08:00,TAIPEI_MAIN,148,100,78,2025-10-07T14:05:00+08:00
2025-10-07T14:00:00+08:00,XIMENDING,158,156,114,2025-10-07T14:05:00+08:00
2025-10-07T14:00:00+08:00,TAIPEI_101,162,159,143,2025-10-07T14:05:00+08:00
2025-10-07T15:00:00+08:00,TPE_AIRPORT,130,82,63,2025-10-07T15:05:00+08:00
2025-10-07T15:00:00+08:00,TAIPEI_MAIN,137,139,115,2025-10-07T15:05:00+08:00
2025-10-07T15:00:00+08:00,XIMENDING,152,107,80,2025-10-07T15:05:00+08:00
2025-10-07T15:00:00+08:00,TAIPEI_101,175,105,93,2025-10-07T15:05:00+08:00
2025-10-07T16:00:00+08:00,TPE_AIRPORT,101,97,82,2025-10-07T16:05:00+08:00
2025-10-07T16:00:00+08:00,TAIPEI_MAIN,157,125,113,2025-10-07T16:05:00+08:00
2025-10-07T16:00:00+08:00,XIMENDING,153,111,92,2025-10-07T16:05:00+08:00
2025-10-07T16:00:00+08:00,TAIPEI_101,191,121,93,2025-10-07T16:05:00+08:00
2025-10-07T17:00:00+08:00,TPE_AIRPORT,88,98,78,2025-10-07T17:05:00+08:00
2025-10-07T17:00:00+08:00,TAIPEI_MAIN,154,100,75,2025-10-07T17:05:00+08:00
2025-10-07T17:00:00+08:00,XIMENDING,189,102,74,2025-10-07T17:05:00+08:00
2025-10-07T17:00:00+08:00,TAIPEI_101,126,136,104,2025-10-07T17:05:00+08:00
2025-10-07T18:00:00+08:00,TPE_AIRPORT,97,70,59,2025-10-07T18:05:00+08:00
2025-10-07T18:00:00+08:00,TAIPEI_MAIN,176,103,82,2025-10-07T18:05:00+08:00
2025-10-07T18:00:00+08:00,XIMENDING,153,112,88,2025-10-07T18:05:00+08:00
2025-10-07T18:00:00+08:00,TAIPEI_101,148,108,94,2025-10-07T18:05:00+08:00
2025-10-07T19:00:00+08:00,TPE_AIRPORT,95,68,57,2025-10-07T19:05:00+08:00
2025-10-07T19:00:00+08:00,TAIPEI_MAIN,187,111,93,2025-10-07T19:05:00+08:00
2025-10-07T19:00:00+08:00,XIMENDING,155,114,99,2025-10-07T19:05:00+08:00
2025-10-07T19:00:00+08:00,TAIPEI_101,155,144,123,2025-10-07T19:05:00+08:00
2025-10-07T20:00:00+08:00,TPE_AIRPORT,99,161,129,2025-10-07T20:05:00+08:00
2025-10-07T20:00:00+08:00,TAIPEI_MAIN,109,156,123,2025-10-07T20:05:00+08:00
2025-10-07T20:00:00+08:00,XIMENDING,129,177,143,2025-10-07T20:05:00+08:00
2025-10-07T20:00:00+08:00,TAIPEI_101,140,160,136,2025-10-07T20:05:00+08:00
2025-10-07T21:00:00+08:00,TPE_AIRPORT,106,136,116,2025-10-07T21:05:00+08:00
2025-10-07T21:00:00+08:00,TAIPEI_MAIN,134,154,134,2025-10-07T21:05:00+08:00
2025-10-07T21:00:00+08:00,XIMENDING,134,179,133,2025-10-07T21:05:00+08:00
2025-10-07T21:00:00+08:00,TAIPEI_101,119,180,160,2025-10-07T21:05:00+08:00
2025-10-07T22:00:00+08:00,TPE_AIRPORT,44,117,95,2025-10-07T22:05:00+08:00
2025-10-07T22:00:00+08:00,TAIPEI_MAIN,156,234,193,2025-10-07T22:05:00+08:00
2025-10-07T22:00:00+08:00,XIMENDING,102,169,139,2025-10-07T22:05:00+08:00
2025-10-07T22:00:00+08:00,TAIPEI_101,163,165,147,2025-10-07T22:05:00+08:00
2025-10-07T23:00:00+08:00,TPE_AIRPORT,88,143,112,2025-10-07T23:05:00+08:00
2025-10-07T23:00:00+08:00,TAIPEI_MAIN,139,217,173,2025-10-07T23:05:00+08:00
2025-10-07T23:00:00+08:00,XIMENDING,102,189,170,2025-10-07T23:05:00+08:00
2025-10-07T23:00:00+08:00,TAIPEI_101,146,155,123,2025-10-07T23:05:00+08:00
2025-10-08T00:00:00+08:00,TPE_AIRPORT,121,61,54,2025-10-08T00:05:00+08:00
2025-10-08T00:00:00+08:00,TAIPEI_MAIN,139,84,75,2025-10-08T00:05:00+08:00
2025-10-08T00:00:00+08:00,XIMENDING,156,137,123,2025-10-08T00:05:00+08:00
2025-10-08T00:00:00+08:00,TAIPEI_101,135,136,113,2025-10-08T00:05:00+08:00
2025-10-08T01:00:00+08:00,TPE_AIRPORT,91,68,52,2025-10-08T01:05:00+08:00
2025-10-08T01:00:00+08:00,TAIPEI_MAIN,152,110,88,2025-10-08T01:05:00+08:00
2025-10-08T01:00:00+08:00,XIMENDING,157,96,74,2025-10-08T01:05:00+08:00
2025-10-08T01:00:00+08:00,TAIPEI_101,141,102,76,2025-10-08T01:05:00+08:00
2025-10-08T02:00:00+08:00,TPE_AIRPORT,89,64,56,2025-10-08T02:05:00+08:00
2025-10-08T02:00:00+08:00,TAIPEI_MAIN,151,147,110,2025-10-08T02:05:00+08:00
2025-10-08T02:00:00+08:00,XIMENDING,167,133,101,2025-10-08T02:05:00+08:00
2025-10-08T02:00:00+08:00,TAIPEI_101,159,111,80,2025-10-08T02:05:00+08:00
2025-10-08T03:00:00+08:00,TPE_AIRPORT,93,80,71,2025-10-08T03:05:00+08:00
2025-10-08T03:00:00+08:00,TAIPEI_MAIN,145,106,92,2025-10-08T03:05:00+08:00
2025-10-08T03:00:00+08:00,XIMENDING,177,112,87,2025-10-08T03:05:00+08:00
2025-10-08T03:00:00+08:00,TAIPEI_101,164,147,124,2025-10-08T03:05:00+08:00
2025-10-08T04:00:00+08:00,TPE_AIRPORT,118,107,88,2025-10-08T04:05:00+08:00
2025-10-08T04:00:00+08:00,TAIPEI_MAIN,159,148,128,2025-10-08T04:05:00+08:00
2025-10-08T04:00:00+08:00,XIMENDING,193,104,80,2025-10-08T04:05:00+08:00
2025-10-08T04:00:00+08:00,TAIPEI_101,148,100,75,2025-10-08T04:05:00+08:00
2025-10-08T05:00:00+08:00,TPE_AIRPORT,72,107,88,2025-10-08T05:05:00+08:00
2025-10-08T05:00:00+08:00,TAIPEI_MAIN,144,166,144,2025-10-08T05:05:00+08:00
2025-10-08T05:00:00+08:00,XIMENDING,119,146,106,2025-10-08T05:05:00+08:00
2025-10-08T05:00:00+08:00,TAIPEI_101,151,159,124,2025-10-08T05:05:00+08:00
2025-10-08T06:00:00+08:00,TPE_AIRPORT,67,113,93,2025-10-08T06:05:00+08:00
2025-10-08T06:00:00+08:00,TAIPEI_MAIN,140,210,169,2025-10-08T06:05:00+08:00
2025-10-08T06:00:00+08:00,XIMENDING,136,206,155,2025-10-08T06:05:00+08:00
2025-10-08T06:00:00+08:00,TAIPEI_101,143,199,150,2025-10-08T06:05:00+08:00
2025-10-08T07:00:00+08:00,TPE_AIRPORT,81,116,85,2025-10-08T07:05:00+08:00
2025-10-08T07:00:00+08:00,TAIPEI_MAIN,165,168,128,2025-10-08T07:05:00+08:00
2025-10-08T07:00:00+08:00,XIMENDING,146,208,169,2025-10-08T07:05:00+08:00
2025-10-08T07:00:00+08:00,TAIPEI_101,166,170,147,2025-10-08T07:05:00+08:00
2025-10-08T08:00:00+08:00,TPE_AIRPORT,90,101,83,2025-10-08T08:05:00+08:00
2025-10-08T08:00:00+08:00,TAIPEI_MAIN,143,172,136,2025-10-08T08:05:00+08:00
2025-10-08T08:00:00+08:00,XIMENDING,128,177,140,2025-10-08T08:05:00+08:00
2025-10-08T08:00:00+08:00,TAIPEI_101,127,228,183,2025-10-08T08:05:00+08:00
2025-10-08T09:00:00+08:00,TPE_AIRPORT,109,82,69,2025-10-08T09:05:00+08:00
2025-10-08T09:00:00+08:00,TAIPEI_MAIN,139,111,88,2025-10-08T09:05:00+08:00
2025-10-08T09:00:00+08:00,XIMENDING,138,143,118,2025-10-08T09:05:00+08:00
2025-10-08T09:00:00+08:00,TAIPEI_101,161,134,100,2025-10-08T09:05:00+08:00
2025-10-08T10:00:00+08:00,TPE_AIRPORT,119,40,31,2025-10-08T10:05:00+08:00
2025-10-08T10:00:00+08:00,TAIPEI_MAIN,171,124,89,2025-10-08T10:05:00+08:00
2025-10-08T10:00:00+08:00,XIMENDING,170,132,115,2025-10-08T10:05:00+08:00
2025-10-08T10:00:00+08:00,TAIPEI_101,153,122,97,2025-10-08T10:05:00+08:00
2025-10-08T11:00:00+08:00,TPE_AIRPORT,124,53,40,2025-10-08T11:05:00+08:00
2025-10-08T11:00:00+08:00,TAIPEI_MAIN,146,85,74,2025-10-08T11:05:00+08:00
2025-10-08T11:00:00+08:00,XIMENDING,207,101,87,2025-10-08T11:05:00+08:00
2025-10-08T11:00:00+08:00,TAIPEI_101,179,122,101,2025-10-08T11:05:00+08:00
2025-10-08T12:00:00+08:00,TPE_AIRPORT,132,53,46,2025-10-08T12:05:00+08:00
2025-10-08T12:00:00+08:00,TAIPEI_MAIN,148,97,72,2025-10-08T12:05:00+08:00
2025-10-08T12:00:00+08:00,XIMENDING,136,95,82,2025-10-08T12:05:00+08:00
2025-10-08T12:00:00+08:00,TAIPEI_101,192,99,78,2025-10-08T12:05:00+08:00
2025-10-08T13:00:00+08:00,TPE_AIRPORT,113,39,30,2025-10-08T13:05:00+08:00
2025-10-08T13:00:00+08:00,TAIPEI_MAIN,165,119,88,2025-10-08T13:05:00+08:00
2025-10-08T13:00:00+08:00,XIMENDING,200,83,66,2025-10-08T13:05:00+08:00
2025-10-08T13:00:00+08:00,TAIPEI_101,179,116,94,2025-10-08T13:05:00+08:00
2025-10-08T14:00:00+08:00,TPE_AIRPORT,119,37,30,2025-10-08T14:05:00+08:00
2025-10-08T14:00:00+08:00,TAIPEI_MAIN,181,131,107,2025-10-08T14:05:00+08:00
2025-10-08T14:00:00+08:00,XIMENDING,158,64,53,2025-10-08T14:05:00+08:00
2025-10-08T14:00:00+08:00,TAIPEI_101,153,116,99,2025-10-08T14:05:00+08:00
2025-10-08T15:00:00+08:00,TPE_AIRPORT,100,104,84,2025-10-08T15:05:00+08:00
2025-10-08T15:00:00+08:00,TAIPEI_MAIN,155,102,89,2025-10-08T15:05:00+08:00
2025-10-08T15:00:00+08:00,XIMENDING,176,158,128,2025-10-08T15:05:00+08:00
2025-10-08T15:00:00+08:00,TAIPEI_101,143,116,88,2025-10-08T15:05:00+08:00
2025-10-08T16:00:00+08:00,TPE_AIRPORT,119,66,50,2025-10-08T16:05:00+08:00
2025-10-08T16:00:00+08:00,TAIPEI_MAIN,195,142,110,2025-10-08T16:05:00+08:00
2025-10-08T16:00:00+08:00,XIMENDING,127,128,110,2025-10-08T16:05:00+08:00
2025-10-08T16:00:00+08:00,TAIPEI_101,174,96,81,2025-10-08T16:05:00+08:00
2025-10-08T17:00:00+08:00,TPE_AIRPORT,74,75,59,2025-10-08T17:05:00+08:00
2025-10-08T17:00:00+08:00,TAIPEI_MAIN,143,79,66,2025-10-08T17:05:00+08:00
2025-10-08T17:00:00+08:00,XIMENDING,149,104,77,2025-10-08T17:05:00+08:00
2025-10-08T17:00:00+08:00,TAIPEI_101,210,130,94,2025-10-08T17:05:00+08:00
2025-10-08T18:00:00+08:00,TPE_AIRPORT,103,71,57,2025-10-08T18:05:00+08:00
2025-10-08T18:00:00+08:00,TAIPEI_MAIN,121,110,90,2025-10-08T18:05:00+08:00
2025-10-08T18:00:00+08:00,XIMENDING,137,100,87,2025-10-08T18:05:00+08:00
2025-10-08T18:00:00+08:00,TAIPEI_101,136,127,96,2025-10-08T18:05:00+08:00
2025-10-08T19:00:00+08:00,TPE_AIRPORT,110,103,78,2025-10-08T19:05:00+08:00
2025-10-08T19:00:00+08:00,TAIPEI_MAIN,154,112,99,2025-10-08T19:05:00+08:00
2025-10-08T19:00:00+08:00,XIMENDING,169,122,93,2025-10-08T19:05:00+08:00
2025-10-08T19:00:00+08:00,TAIPEI_101,163,83,68,2025-10-08T19:05:00+08:00
2025-10-08T20:00:00+08:00,TPE_AIRPORT,86,132,101,2025-10-08T20:05:00+08:00
2025-10-08T20:00:00+08:00,TAIPEI_MAIN,125,187,143,2025-10-08T20:05:00+08:00
2025-10-08T20:00:00+08:00,XIMENDING,145,184,140,2025-10-08T20:05:00+08:00
2025-10-08T20:00:00+08:00,TAIPEI_101,105,181,131,2025-10-08T20:05:00+08:00
2025-10-08T21:00:00+08:00,TPE_AIRPORT,78,136,120,2025-10-08T21:05:00+08:00
2025-10-08T21:00:00+08:00,TAIPEI_MAIN,137,213,171,2025-10-08T21:05:00+08:00
2025-10-08T21:00:00+08:00,XIMENDING,144,187,168,2025-10-08T21:05:00+08:00
2025-10-08T21:00:00+08:00,TAIPEI_101,124,172,131,2025-10-08T21:05:00+08:00
2025-10-08T22:00:00+08:00,TPE_AIRPORT,96,130,95,2025-10-08T22:05:00+08:00
2025-10-08T22:00:00+08:00,TAIPEI_MAIN,97,203,166,2025-10-08T22:05:00+08:00
2025-10-08T22:00:00+08:00,XIMENDING,104,171,142,2025-10-08T22:05:00+08:00
2025-10-08T22:00:00+08:00,TAIPEI_101,150,171,154,2025-10-08T22:05:00+08:00
2025-10-08T23:00:00+08:00,TPE_AIRPORT,108,126,99,2025-10-08T23:05:00+08:00
2025-10-08T23:00:00+08:00,TAIPEI_MAIN,151,223,169,2025-10-08T23:05:00+08:00
2025-10-08T23:00:00+08:00,XIMENDING,161,200,165,2025-10-08T23:05:00+08:00
2025-10-08T23:00:00+08:00,TAIPEI_101,106,214,163,2025-10-08T23:05:00+08:00
2025-10-09T00:00:00+08:00,TPE_AIRPORT,112,79,57,2025-10-09T00:05:00+08:00
2025-10-09T00:00:00+08:00,TAIPEI_MAIN,159,102,80,2025-10-09T00:05:00+08:00
2025-10-09T00:00:00+08:00,XIMENDING,151,72,62,2025-10-09T00:05:00+08:00
2025-10-09T00:00:00+08:00,TAIPEI_101,142,158,129,2025-10-09T00:05:00+08:00
2025-10-09T01:00:00+08:00,TPE_AIRPORT,106,66,57,2025-10-09T01:05:00+08:00
2025-10-09T01:00:00+08:00,TAIPEI_MAIN,147,65,52,2025-10-09T01:05:00+08:00
2025-10-09T01:00:00+08:00,XIMENDING,169,123,101,2025-10-09T01:05:00+08:00
2025-10-09T01:00:00+08:00,TAIPEI_101,164,110,98,2025-10-09T01:05:00+08:00
2025-10-09T02:00:00+08:00,TPE_AIRPORT,89,59,46,2025-10-09T02:05:00+08:00
2025-10-09T02:00:00+08:00,TAIPEI_MAIN,129,154,135,2025-10-09T02:05:00+08:00
2025-10-09T02:00:00+08:00,XIMENDING,149,94,70,2025-10-09T02:05:00+08:00
2025-10-09T02:00:00+08:00,TAIPEI_101,142,150,111,2025-10-09T02:05:00+08:00
2025-10-09T03:00:00+08:00,TPE_AIRPORT,115,78,68,2025-10-09T03:05:00+08:00
2025-10-09T03:00:00+08:00,TAIPEI_MAIN,146,141,116,2025-10-09T03:05:00+08:00
2025-10-09T03:00:00+08:00,XIMENDING,173,119,102,2025-10-09T03:05:00+08:00
2025-10-09T03:00:00+08:00,TAIPEI_101,194,105,93,2025-10-09T03:05:00+08:00
2025-10-09T04:00:00+08:00,TPE_AIRPORT,138,123,108,2025-10-09T04:05:00+08:00
2025-10-09T04:00:00+08:00,TAIPEI_MAIN,149,106,88,2025-10-09T04:05:00+08:00
2025-10-09T04:00:00+08:00,XIMENDING,170,113,86,2025-10-09T04:05:00+08:00
2025-10-09T04:00:00+08:00,TAIPEI_101,154,96,85,2025-10-09T04:05:00+08:00
2025-10-09T05:00:00+08:00,TPE_AIRPORT,126,115,93,2025-10-09T05:05:00+08:00
2025-10-09T05:00:00+08:00,TAIPEI_MAIN,108,175,147,2025-10-09T05:05:00+08:00
2025-10-09T05:00:00+08:00,XIMENDING,97,181,148,2025-10-09T05:05:00+08:00
2025-10-09T05:00:00+08:00,TAIPEI_101,130,231,184,2025-10-09T05:05:00+08:00
2025-10-09T06:00:00+08:00,TPE_AIRPORT,84,162,135,2025-10-09T06:05:00+08:00
2025-10-09T06:00:00+08:00,TAIPEI_MAIN,115,144,126,2025-10-09T06:05:00+08:00
2025-10-09T06:00:00+08:00,XIMENDING,143,171,135,2025-10-09T06:05:00+08:00
2025-10-09T06:00:00+08:00,TAIPEI_101,120,188,145,2025-10-09T06:05:00+08:00
2025-10-09T07:00:00+08:00,TPE_AIRPORT,73,112,81,2025-10-09T07:05:00+08:00
2025-10-09T07:00:00+08:00,TAIPEI_MAIN,156,164,146,2025-10-09T07:05:00+08:00
2025-10-09T07:00:00+08:00,XIMENDING,175,214,184,2025-10-09T07:05:00+08:00
2025-10-09T07:00:00+08:00,TAIPEI_101,109,169,133,2025-10-09T07:05:00+08:00
2025-10-09T08:00:00+08:00,TPE_AIRPORT,78,110,93,2025-10-09T08:05:00+08:00
2025-10-09T08:00:00+08:00,TAIPEI_MAIN,158,188,148,2025-10-09T08:05:00+08:00
2025-10-09T08:00:00+08:00,XIMENDING,147,148,113,2025-10-09T08:05:00+08:00
2025-10-09T08:00:00+08:00,TAIPEI_101,136,191,155,2025-10-09T08:05:00+08:00
2025-10-09T09:00:00+08:00,TPE_AIRPORT,101,33,25,2025-10-09T09:05:00+08:00
2025-10-09T09:00:00+08:00,TAIPEI_MAIN,108,100,73,2025-10-09T09:05:00+08:00
2025-10-09T09:00:00+08:00,XIMENDING,142,137,123,2025-10-09T09:05:00+08:00
2025-10-09T09:00:00+08:00,TAIPEI_101,156,128,110,2025-10-09T09:05:00+08:00
2025-10-09T10:00:00+08:00,TPE_AIRPORT,122,136,113,2025-10-09T10:05:00+08:00
2025-10-09T10:00:00+08:00,TAIPEI_MAIN,146,126,113,2025-10-09T10:05:00+08:00
2025-10-09T10:00:00+08:00,XIMENDING,178,102,78,2025-10-09T10:05:00+08:00
2025-10-09T10:00:00+08:00,TAIPEI_101,151,138,122,2025-10-09T10:05:00+08:00
2025-10-09T11:00:00+08:00,TPE_AIRPORT,104,87,71,2025-10-09T11:05:00+08:00
2025-10-09T11:00:00+08:00,TAIPEI_MAIN,184,93,68,2025-10-09T11:05:00+08:00
2025-10-09T11:00:00+08:00,XIMENDING,164,109,86,2025-10-09T11:05:00+08:00
2025-10-09T11:00:00+08:00,TAIPEI_101,178,127,103,2025-10-09T11:05:00+08:00
2025-10-09T12:00:00+08:00,TPE_AIRPORT,102,66,55,2025-10-09T12:05:00+08:00
2025-10-09T12:00:00+08:00,TAIPEI_MAIN,133,52,39,2025-10-09T12:05:00+08:00
2025-10-09T12:00:00+08:00,XIMENDING,162,121,100,2025-10-09T12:05:00+08:00
2025-10-09T12:00:00+08:00,TAIPEI_101,141,125,103,2025-10-09T12:05:00+08:00
2025-10-09T13:00:00+08:00,TPE_AIRPORT,136,87,78,2025-10-09T13:05:00+08:00
2025-10-09T13:00:00+08:00,TAIPEI_MAIN,137,112,93,2025-10-09T13:05:00+08:00
2025-10-09T13:00:00+08:00,XIMENDING,180,104,90,2025-10-09T13:05:00+08:00
2025-10-09T13:00:00+08:00,TAIPEI_101,174,108,84,2025-10-09T13:05:00+08:00
2025-10-09T14:00:00+08:00,TPE_AIRPORT,98,95,80,2025-10-09T14:05:00+08:00
2025-10-09T14:00:00+08:00,TAIPEI_MAIN,153,99,75,2025-10-09T14:05:00+08:00
2025-10-09T14:00:00+08:00,XIMENDING,148,98,87,2025-10-09T14:05:00+08:00
2025-10-09T14:00:00+08:00,TAIPEI_101,170,103,82,2025-10-09T14:05:00+08:00
2025-10-09T15:00:00+08:00,TPE_AIRPORT,112,69,60,2025-10-09T15:05:00+08:00
2025-10-09T15:00:00+08:00,TAIPEI_MAIN,126,109,95,2025-10-09T15:05:00+08:00
2025-10-09T15:00:00+08:00,XIMENDING,139,132,105,2025-10-09T15:05:00+08:00
2025-10-09T15:00:00+08:00,TAIPEI_101,132,138,121,2025-10-09T15:05:00+08:00
2025-10-09T16:00:00+08:00,TPE_AIRPORT,111,75,57,2025-10-09T16:05:00+08:00
2025-10-09T16:00:00+08:00,TAIPEI_MAIN,183,83,66,2025-10-09T16:05:00+08:00
2025-10-09T16:00:00+08:00,XIMENDING,149,120,94,2025-10-09T16:05:00+08:00
2025-10-09T16:00:00+08:00,TAIPEI_101,200,131,108,2025-10-09T16:05:00+08:00
2025-10-09T17:00:00+08:00,TPE_AIRPORT,110,79,63,2025-10-09T17:05:00+08:00
2025-10-09T17:00:00+08:00,TAIPEI_MAIN,175,136,112,2025-10-09T17:05:00+08:00
2025-10-09T17:00:00+08:00,XIMENDING,151,128,112,2025-10-09T17:05:00+08:00
2025-10-09T17:00:00+08:00,TAIPEI_101,176,108,96,2025-10-09T17:05:00+08:00
2025-10-09T18:00:00+08:00,TPE_AIRPORT,122,81,60,2025-10-09T18:05:00+08:00
2025-10-09T18:00:00+08:00,TAIPEI_MAIN,138,164,138,2025-10-09T18:05:00+08:00
2025-10-09T18:00:00+08:00,XIMENDING,155,101,82,2025-10-09T18:05:00+08:00
2025-10-09T18:00:00+08:00,TAIPEI_101,153,95,81,2025-10-09T18:05:00+08:00
2025-10-09T19:00:00+08:00,TPE_AIRPORT,114,102,90,2025-10-09T19:05:00+08:00
2025-10-09T19:00:00+08:00,TAIPEI_MAIN,129,108,80,2025-10-09T19:05:00+08:00
2025-10-09T19:00:00+08:00,XIMENDING,188,121,89,2025-10-09T19:05:00+08:00
2025-10-09T19:00:00+08:00,TAIPEI_101,130,87,76,2025-10-09T19:05:00+08:00
2025-10-09T20:00:00+08:00,TPE_AIRPORT,58,117,104,2025-10-09T20:05:00+08:00
2025-10-09T20:00:00+08:00,TAIPEI_MAIN,137,236,187,2025-10-09T20:05:00+08:00
2025-10-09T20:00:00+08:00,XIMENDING,116,175,147,2025-10-09T20:05:00+08:00
2025-10-09T20:00:00+08:00,TAIPEI_101,108,170,145,2025-10-09T20:05:00+08:00
2025-10-09T21:00:00+08:00,TPE_AIRPORT,75,128,97,2025-10-09T21:05:00+08:00
2025-10-09T21:00:00+08:00,TAIPEI_MAIN,136,196,175,2025-10-09T21:05:00+08:00
2025-10-09T21:00:00+08:00,XIMENDING,111,186,152,2025-10-09T21:05:00+08:00
2025-10-09T21:00:00+08:00,TAIPEI_101,149,204,174,2025-10-09T21:05:00+08:00
2025-10-09T22:00:00+08:00,TPE_AIRPORT,88,116,89,2025-10-09T22:05:00+08:00
2025-10-09T22:00:00+08:00,TAIPEI_MAIN,173,203,179,2025-10-09T22:05:00+08:00
2025-10-09T22:00:00+08:00,XIMENDING,134,222,176,2025-10-09T22:05:00+08:00
2025-10-09T22:00:00+08:00,TAIPEI_101,105,180,138,2025-10-09T22:05:00+08:00
2025-10-09T23:00:00+08:00,TPE_AIRPORT,97,175,130,2025-10-09T23:05:00+08:00
2025-10-09T23:00:00+08:00,TAIPEI_MAIN,127,216,171,2025-10-09T23:05:00+08:00
2025-10-09T23:00:00+08:00,XIMENDING,130,183,155,2025-10-09T23:05:00+08:00
2025-10-09T23:00:00+08:00,TAIPEI_101,118,196,147,2025-10-09T23:05:00+08:00
2025-10-10T00:00:00+08:00,TPE_AIRPORT,96,20,15,2025-10-10T00:05:00+08:00
2025-10-10T00:00:00+08:00,TAIPEI_MAIN,147,111,80,2025-10-10T00:05:00+08:00
2025-10-10T00:00:00+08:00,XIMENDING,170,71,62,2025-10-10T00:05:00+08:00
2025-10-10T00:00:00+08:00,TAIPEI_101,137,109,90,2025-10-10T00:05:00+08:00
2025-10-10T01:00:00+08:00,TPE_AIRPORT,101,73,52,2025-10-10T01:05:00+08:00
2025-10-10T01:00:00+08:00,TAIPEI_MAIN,136,88,76,2025-10-10T01:05:00+08:00
2025-10-10T01:00:00+08:00,XIMENDING,167,120,99,2025-10-10T01:05:00+08:00
2025-10-10T01:00:00+08:00,TAIPEI_101,121,126,113,2025-10-10T01:05:00+08:00
2025-10-10T02:00:00+08:00,TPE_AIRPORT,97,85,62,2025-10-10T02:05:00+08:00
2025-10-10T02:00:00+08:00,TAIPEI_MAIN,186,149,108,2025-10-10T02:05:00+08:00
2025-10-10T02:00:00+08:00,XIMENDING,136,84,61,2025-10-10T02:05:00+08:00
2025-10-10T02:00:00+08:00,TAIPEI_101,159,103,80,2025-10-10T02:05:00+08:00
2025-10-10T03:00:00+08:00,TPE_AIRPORT,103,25,18,2025-10-10T03:05:00+08:00
2025-10-10T03:00:00+08:00,TAIPEI_MAIN,143,133,108,2025-10-10T03:05:00+08:00
2025-10-10T03:00:00+08:00,XIMENDING,151,54,40,2025-10-10T03:05:00+08:00
2025-10-10T03:00:00+08:00,TAIPEI_101,200,113,86,2025-10-10T03:05:00+08:00
2025-10-10T04:00:00+08:00,TPE_AIRPORT,113,73,55,2025-10-10T04:05:00+08:00
2025-10-10T04:00:00+08:00,TAIPEI_MAIN,180,139,119,2025-10-10T04:05:00+08:00
2025-10-10T04:00:00+08:00,XIMENDING,175,96,78,2025-10-10T04:05:00+08:00
2025-10-10T04:00:00+08:00,TAIPEI_101,188,87,68,2025-10-10T04:05:00+08:00
2025-10-10T05:00:00+08:00,TPE_AIRPORT,75,130,105,2025-10-10T05:05:00+08:00
2025-10-10T05:00:00+08:00,TAIPEI_MAIN,143,189,164,2025-10-10T05:05:00+08:00
2025-10-10T05:00:00+08:00,XIMENDING,130,122,100,2025-10-10T05:05:00+08:00
2025-10-10T05:00:00+08:00,TAIPEI_101,158,209,176,2025-10-10T05:05:00+08:00
2025-10-10T06:00:00+08:00,TPE_AIRPORT,81,101,86,2025-10-10T06:05:00+08:00
2025-10-10T06:00:00+08:00,TAIPEI_MAIN,153,232,189,2025-10-10T06:05:00+08:00
2025-10-10T06:00:00+08:00,XIMENDING,142,180,147,2025-10-10T06:05:00+08:00
2025-10-10T06:00:00+08:00,TAIPEI_101,129,183,133,2025-10-10T06:05:00+08:00
2025-10-10T07:00:00+08:00,TPE_AIRPORT,82,145,109,2025-10-10T07:05:00+08:00
2025-10-10T07:00:00+08:00,TAIPEI_MAIN,103,206,150,2025-10-10T07:05:00+08:00
2025-10-10T07:00:00+08:00,XIMENDING,121,181,160,2025-10-10T07:05:00+08:00
2025-10-10T07:00:00+08:00,TAIPEI_101,146,200,153,2025-10-10T07:05:00+08:00
2025-10-10T08:00:00+08:00,TPE_AIRPORT,75,103,76,2025-10-10T08:05:00+08:00
2025-10-10T08:00:00+08:00,TAIPEI_MAIN,118,204,151,2025-10-10T08:05:00+08:00
2025-10-10T08:00:00+08:00,XIMENDING,148,160,123,2025-10-10T08:05:00+08:00
2025-10-10T08:00:00+08:00,TAIPEI_101,124,186,160,2025-10-10T08:05:00+08:00
2025-10-10T09:00:00+08:00,TPE_AIRPORT,101,82,68,2025-10-10T09:05:00+08:00
2025-10-10T09:00:00+08:00,TAIPEI_MAIN,159,132,99,2025-10-10T09:05:00+08:00
2025-10-10T09:00:00+08:00,XIMENDING,188,105,89,2025-10-10T09:05:00+08:00
2025-10-10T09:00:00+08:00,TAIPEI_101,174,99,84,2025-10-10T09:05:00+08:00
2025-10-10T10:00:00+08:00,TPE_AIRPORT,106,98,73,2025-10-10T10:05:00+08:00
2025-10-10T10:00:00+08:00,TAIPEI_MAIN,125,132,101,2025-10-10T10:05:00+08:00
2025-10-10T10:00:00+08:00,XIMENDING,154,137,104,2025-10-10T10:05:00+08:00
2025-10-10T10:00:00+08:00,TAIPEI_101,161,64,49,2025-10-10T10:05:00+08:00
2025-10-10T11:00:00+08:00,TPE_AIRPORT,93,57,44,2025-10-10T11:05:00+08:00
2025-10-10T11:00:00+08:00,TAIPEI_MAIN,187,97,85,2025-10-10T11:05:00+08:00
2025-10-10T11:00:00+08:00,XIMENDING,165,126,94,2025-10-10T11:05:00+08:00
2025-10-10T11:00:00+08:00,TAIPEI_101,155,127,99,2025-10-10T11:05:00+08:00
2025-10-10T12:00:00+08:00,TPE_AIRPORT,92,65,48,2025-10-10T12:05:00+08:00
2025-10-10T12:00:00+08:00,TAIPEI_MAIN,162,131,113,2025-10-10T12:05:00+08:00
2025-10-10T12:00:00+08:00,XIMENDING,184,136,117,2025-10-10T12:05:00+08:00
2025-10-10T12:00:00+08:00,TAIPEI_101,165,118,89,2025-10-10T12:05:00+08:00
2025-10-10T13:00:00+08:00,TPE_AIRPORT,93,72,60,2025-10-10T13:05:00+08:00
2025-10-10T13:00:00+08:00,TAIPEI_MAIN,145,91,80,2025-10-10T13:05:00+08:00
2025-10-10T13:00:00+08:00,XIMENDING,142,81,71,2025-10-10T13:05:00+08:00
2025-10-10T13:00:00+08:00,TAIPEI_101,154,114,93,2025-10-10T13:05:00+08:00
2025-10-10T14:00:00+08:00,TPE_AIRPORT,107,60,52,2025-10-10T14:05:00+08:00
2025-10-10T14:00:00+08:00,TAIPEI_MAIN,156,127,113,2025-10-10T14:05:00+08:00
2025-10-10T14:00:00+08:00,XIMENDING,162,142,114,2025-10-10T14:05:00+08:00
2025-10-10T14:00:00+08:00,TAIPEI_101,143,121,104,2025-10-10T14:05:00+08:00
2025-10-10T15:00:00+08:00,TPE_AIRPORT,135,89,71,2025-10-10T15:05:00+08:00
2025-10-10T15:00:00+08:00,TAIPEI_MAIN,176,106,82,2025-10-10T15:05:00+08:00
2025-10-10T15:00:00+08:00,XIMENDING,123,113,89,2025-10-10T15:05:00+08:00
2025-10-10T15:00:00+08:00,TAIPEI_101,129,94,77,2025-10-10T15:05:00+08:00
2025-10-10T16:00:00+08:00,TPE_AIRPORT,94,82,63,2025-10-10T16:05:00+08:00
2025-10-10T16:00:00+08:00,TAIPEI_MAIN,198,118,90,2025-10-10T16:05:00+08:00
2025-10-10T16:00:00+08:00,XIMENDING,170,114,90,2025-10-10T16:05:00+08:00
2025-10-10T16:00:00+08:00,TAIPEI_101,167,129,108,2025-10-10T16:05:00+08:00
2025-10-10T17:00:00+08:00,TPE_AIRPORT,106,73,53,2025-10-10T17:05:00+08:00
2025-10-10T17:00:00+08:00,TAIPEI_MAIN,162,80,67,2025-10-10T17:05:00+08:00
2025-10-10T17:00:00+08:00,XIMENDING,186,139,112,2025-10-10T17:05:00+08:00
2025-10-10T17:00:00+08:00,TAIPEI_101,148,135,101,2025-10-10T17:05:00+08:00
2025-10-10T18:00:00+08:00,TPE_AIRPORT,129,94,69,2025-10-10T18:05:00+08:00
2025-10-10T18:00:00+08:00,TAIPEI_MAIN,161,105,92,2025-10-10T18:05:00+08:00
2025-10-10T18:00:00+08:00,XIMENDING,155,89,67,2025-10-10T18:05:00+08:00
2025-10-10T18:00:00+08:00,TAIPEI_101,168,117,105,2025-10-10T18:05:00+08:00
2025-10-10T19:00:00+08:00,TPE_AIRPORT,103,86,70,2025-10-10T19:05:00+08:00
2025-10-10T19:00:00+08:00,TAIPEI_MAIN,157,134,104,2025-10-10T19:05:00+08:00
2025-10-10T19:00:00+08:00,XIMENDING,138,98,81,2025-10-10T19:05:00+08:00
2025-10-10T19:00:00+08:00,TAIPEI_101,162,127,99,2025-10-10T19:05:00+08:00
2025-10-10T20:00:00+08:00,TPE_AIRPORT,87,98,83,2025-10-10T20:05:00+08:00
2025-10-10T20:00:00+08:00,TAIPEI_MAIN,150,192,173,2025-10-10T20:05:00+08:00
2025-10-10T20:00:00+08:00,XIMENDING,105,160,121,2025-10-10T20:05:00+08:00
2025-10-10T20:00:00+08:00,TAIPEI_101,111,207,182,2025-10-10T20:05:00+08:00
2025-10-10T21:00:00+08:00,TPE_AIRPORT,59,111,82,2025-10-10T21:05:00+08:00
2025-10-10T21:00:00+08:00,TAIPEI_MAIN,148,207,186,2025-10-10T21:05:00+08:00
2025-10-10T21:00:00+08:00,XIMENDING,159,182,157,2025-10-10T21:05:00+08:00
2025-10-10T21:00:00+08:00,TAIPEI_101,132,166,140,2025-10-10T21:05:00+08:00
2025-10-10T22:00:00+08:00,TPE_AIRPORT,102,76,60,2025-10-10T22:05:00+08:00
2025-10-10T22:00:00+08:00,TAIPEI_MAIN,132,185,161,2025-10-10T22:05:00+08:00
2025-10-10T22:00:00+08:00,XIMENDING,140,195,165,2025-10-10T22:05:00+08:00
2025-10-10T22:00:00+08:00,TAIPEI_101,92,181,146,2025-10-10T22:05:00+08:00
2025-10-10T23:00:00+08:00,TPE_AIRPORT,75,117,92,2025-10-10T23:05:00+08:00
2025-10-10T23:00:00+08:00,TAIPEI_MAIN,174,188,161,2025-10-10T23:05:00+08:00
2025-10-10T23:00:00+08:00,XIMENDING,116,202,165,2025-10-10T23:05:00+08:00
2025-10-10T23:00:00+08:00,TAIPEI_101,127,151,112,2025-10-10T23:05:00+08:00
2025-10-11T00:00:00+08:00,TPE_AIRPORT,114,48,40,2025-10-11T00:05:00+08:00
2025-10-11T00:00:00+08:00,TAIPEI_MAIN,169,154,136,2025-10-11T00:05:00+08:00
2025-10-11T00:00:00+08:00,XIMENDING,182,89,66,2025-10-11T00:05:00+08:00
2025-10-11T00:00:00+08:00,TAIPEI_101,141,104,77,2025-10-11T00:05:00+08:00
2025-10-11T01:00:00+08:00,TPE_AIRPORT,90,84,62,2025-10-11T01:05:00+08:00
2025-10-11T01:00:00+08:00,TAIPEI_MAIN,160,139,116,2025-10-11T01:05:00+08:00
2025-10-11T01:00:00+08:00,XIMENDING,158,115,88,2025-10-11T01:05:00+08:00
2025-10-11T01:00:00+08:00,TAIPEI_101,161,121,92,2025-10-11T01:05:00+08:00
2025-10-11T02:00:00+08:00,TPE_AIRPORT,103,67,50,2025-10-11T02:05:00+08:00
2025-10-11T02:00:00+08:00,TAIPEI_MAIN,192,117,87,2025-10-11T02:05:00+08:00
2025-10-11T02:00:00+08:00,XIMENDING,196,97,85,2025-10-11T02:05:00+08:00
2025-10-11T02:00:00+08:00,TAIPEI_101,178,105,87,2025-10-11T02:05:00+08:00
2025-10-11T03:00:00+08:00,TPE_AIRPORT,118,68,54,2025-10-11T03:05:00+08:00
2025-10-11T03:00:00+08:00,TAIPEI_MAIN,160,91,75,2025-10-11T03:05:00+08:00
2025-10-11T03:00:00+08:00,XIMENDING,183,142,128,2025-10-11T03:05:00+08:00
2025-10-11T03:00:00+08:00,TAIPEI_101,197,148,111,2025-10-11T03:05:00+08:00
2025-10-11T04:00:00+08:00,TPE_AIRPORT,116,107,80,2025-10-11T04:05:00+08:00
2025-10-11T04:00:00+08:00,TAIPEI_MAIN,148,119,105,2025-10-11T04:05:00+08:00
2025-10-11T04:00:00+08:00,XIMENDING,167,124,104,2025-10-11T04:05:00+08:00
2025-10-11T04:00:00+08:00,TAIPEI_101,133,111,95,2025-10-11T04:05:00+08:00
2025-10-11T05:00:00+08:00,TPE_AIRPORT,87,140,103,2025-10-11T05:05:00+08:00
2025-10-11T05:00:00+08:00,TAIPEI_MAIN,100,149,116,2025-10-11T05:05:00+08:00
2025-10-11T05:00:00+08:00,XIMENDING,138,164,136,2025-10-11T05:05:00+08:00
2025-10-11T05:00:00+08:00,TAIPEI_101,147,164,130,2025-10-11T05:05:00+08:00
2025-10-11T06:00:00+08:00,TPE_AIRPORT,109,103,92,2025-10-11T06:05:00+08:00
2025-10-11T06:00:00+08:00,TAIPEI_MAIN,142,183,148,2025-10-11T06:05:00+08:00
2025-10-11T06:00:00+08:00,XIMENDING,135,162,138,2025-10-11T06:05:00+08:00
2025-10-11T06:00:00+08:00,TAIPEI_101,137,155,122,2025-10-11T06:05:00+08:00
2025-10-11T07:00:00+08:00,TPE_AIRPORT,43,126,112,2025-10-11T07:05:00+08:00
2025-10-11T07:00:00+08:00,TAIPEI_MAIN,128,201,162,2025-10-11T07:05:00+08:00
2025-10-11T07:00:00+08:00,XIMENDING,137,210,167,2025-10-11T07:05:00+08:00
2025-10-11T07:00:00+08:00,TAIPEI_101,127,132,97,2025-10-11T07:05:00+08:00
2025-10-11T08:00:00+08:00,TPE_AIRPORT,97,156,130,2025-10-11T08:05:00+08:00
2025-10-11T08:00:00+08:00,TAIPEI_MAIN,109,186,145,2025-10-11T08:05:00+08:00
2025-10-11T08:00:00+08:00,XIMENDING,144,182,135,2025-10-11T08:05:00+08:00
2025-10-11T08:00:00+08:00,TAIPEI_101,146,227,185,2025-10-11T08:05:00+08:00
2025-10-11T09:00:00+08:00,TPE_AIRPORT,106,69,61,2025-10-11T09:05:00+08:00
2025-10-11T09:00:00+08:00,TAIPEI_MAIN,162,166,143,2025-10-11T09:05:00+08:00
2025-10-11T09:00:00+08:00,XIMENDING,159,108,82,2025-10-11T09:05:00+08:00
2025-10-11T09:00:00+08:00,TAIPEI_101,159,119,107,2025-10-11T09:05:00+08:00
2025-10-11T10:00:00+08:00,TPE_AIRPORT,111,133,104,2025-10-11T10:05:00+08:00
2025-10-11T10:00:00+08:00,TAIPEI_MAIN,159,74,60,2025-10-11T10:05:00+08:00
2025-10-11T10:00:00+08:00,XIMENDING,153,74,61,2025-10-11T10:05:00+08:00
2025-10-11T10:00:00+08:00,TAIPEI_101,182,105,84,2025-10-11T10:05:00+08:00
2025-10-11T11:00:00+08:00,TPE_AIRPORT,105,80,64,2025-10-11T11:05:00+08:00
2025-10-11T11:00:00+08:00,TAIPEI_MAIN,168,95,68,2025-10-11T11:05:00+08:00
2025-10-11T11:00:00+08:00,XIMENDING,188,150,127,2025-10-11T11:05:00+08:00
2025-10-11T11:00:00+08:00,TAIPEI_101,161,110,86,2025-10-11T11:05:00+08:00
2025-10-11T12:00:00+08:00,TPE_AIRPORT,95,47,41,2025-10-11T12:05:00+08:00
2025-10-11T12:00:00+08:00,TAIPEI_MAIN,183,137,100,2025-10-11T12:05:00+08:00
2025-10-11T12:00:00+08:00,XIMENDING,139,98,83,2025-10-11T12:05:00+08:00
2025-10-11T12:00:00+08:00,TAIPEI_101,155,99,84,2025-10-11T12:05:00+08:00
2025-10-11T13:00:00+08:00,TPE_AIRPORT,122,82,70,2025-10-11T13:05:00+08:00
2025-10-11T13:00:00+08:00,TAIPEI_MAIN,158,142,127,2025-10-11T13:05:00+08:00
2025-10-11T13:00:00+08:00,XIMENDING,179,109,90,2025-10-11T13:05:00+08:00
2025-10-11T13:00:00+08:00,TAIPEI_101,110,111,81,2025-10-11T13:05:00+08:00
2025-10-11T14:00:00+08:00,TPE_AIRPORT,106,77,69,2025-10-11T14:05:00+08:00
2025-10-11T14:00:00+08:00,TAIPEI_MAIN,156,111,91,2025-10-11T14:05:00+08:00
2025-10-11T14:00:00+08:00,XIMENDING,195,129,104,2025-10-11T14:05:00+08:00
2025-10-11T14:00:00+08:00,TAIPEI_101,183,135,103,2025-10-11T14:05:00+08:00
2025-10-11T15:00:00+08:00,TPE_AIRPORT,128,86,63,2025-10-11T15:05:00+08:00
2025-10-11T15:00:00+08:00,TAIPEI_MAIN,160,123,107,2025-10-11T15:05:00+08:00
2025-10-11T15:00:00+08:00,XIMENDING,154,109,90,2025-10-11T15:05:00+08:00
2025-10-11T15:00:00+08:00,TAIPEI_101,174,84,61,2025-10-11T15:05:00+08:00
2025-10-11T16:00:00+08:00,TPE_AIRPORT,139,82,61,2025-10-11T16:05:00+08:00
2025-10-11T16:00:00+08:00,TAIPEI_MAIN,146,82,74,2025-10-11T16:05:00+08:00
2025-10-11T16:00:00+08:00,XIMENDING,167,158,117,2025-10-11T16:05:00+08:00
2025-10-11T16:00:00+08:00,TAIPEI_101,156,118,87,2025-10-11T16:05:00+08:00
2025-10-11T17:00:00+08:00,TPE_AIRPORT,116,53,45,2025-10-11T17:05:00+08:00
2025-10-11T17:00:00+08:00,TAIPEI_MAIN,135,102,83,2025-10-11T17:05:00+08:00
2025-10-11T17:00:00+08:00,XIMENDING,183,103,81,2025-10-11T17:05:00+08:00
2025-10-11T17:00:00+08:00,TAIPEI_101,163,135,101,2025-10-11T17:05:00+08:00
2025-10-11T18:00:00+08:00,TPE_AIRPORT,146,109,84,2025-10-11T18:05:00+08:00
2025-10-11T18:00:00+08:00,TAIPEI_MAIN,161,111,80,2025-10-11T18:05:00+08:00
2025-10-11T18:00:00+08:00,XIMENDING,179,105,78,2025-10-11T18:05:00+08:00
2025-10-11T18:00:00+08:00,TAIPEI_101,190,109,82,2025-10-11T18:05:00+08:00
2025-10-11T19:00:00+08:00,TPE_AIRPORT,95,87,65,2025-10-11T19:05:00+08:00
2025-10-11T19:00:00+08:00,TAIPEI_MAIN,178,101,72,2025-10-11T19:05:00+08:00
2025-10-11T19:00:00+08:00,XIMENDING,166,99,79,2025-10-11T19:05:00+08:00
2025-10-11T19:00:00+08:00,TAIPEI_101,156,162,144,2025-10-11T19:05:00+08:00
2025-10-11T20:00:00+08:00,TPE_AIRPORT,82,124,110,2025-10-11T20:05:00+08:00
2025-10-11T20:00:00+08:00,TAIPEI_MAIN,175,174,136,2025-10-11T20:05:00+08:00
2025-10-11T20:00:00+08:00,XIMENDING,153,181,160,2025-10-11T20:05:00+08:00
2025-10-11T20:00:00+08:00,TAIPEI_101,160,175,144,2025-10-11T20:05:00+08:00
2025-10-11T21:00:00+08:00,TPE_AIRPORT,81,166,122,2025-10-11T21:05:00+08:00
2025-10-11T21:00:00+08:00,TAIPEI_MAIN,125,190,139,2025-10-11T21:05:00+08:00
2025-10-11T21:00:00+08:00,XIMENDING,123,157,126,2025-10-11T21:05:00+08:00
2025-10-11T21:00:00+08:00,TAIPEI_101,148,186,155,2025-10-11T21:05:00+08:00
2025-10-11T22:00:00+08:00,TPE_AIRPORT,93,150,112,2025-10-11T22:05:00+08:00
2025-10-11T22:00:00+08:00,TAIPEI_MAIN,119,133,119,2025-10-11T22:05:00+08:00
2025-10-11T22:00:00+08:00,XIMENDING,126,189,170,2025-10-11T22:05:00+08:00
2025-10-11T22:00:00+08:00,TAIPEI_101,133,200,152,2025-10-11T22:05:00+08:00
2025-10-11T23:00:00+08:00,TPE_AIRPORT,116,94,78,2025-10-11T23:05:00+08:00
2025-10-11T23:00:00+08:00,TAIPEI_MAIN,113,179,148,2025-10-11T23:05:00+08:00
2025-10-11T23:00:00+08:00,XIMENDING,181,219,187,2025-10-11T23:05:00+08:00
2025-10-11T23:00:00+08:00,TAIPEI_101,126,172,140,2025-10-11T23:05:00+08:00
2025-10-12T00:00:00+08:00,TPE_AIRPORT,96,119,99,2025-10-12T00:05:00+08:00
2025-10-12T00:00:00+08:00,TAIPEI_MAIN,154,148,124,2025-10-12T00:05:00+08:00
2025-10-12T00:00:00+08:00,XIMENDING,151,101,88,2025-10-12T00:05:00+08:00
2025-10-12T00:00:00+08:00,TAIPEI_101,166,96,78,2025-10-12T00:05:00+08:00
2025-10-12T01:00:00+08:00,TPE_AIRPORT,104,31,24,2025-10-12T01:05:00+08:00
2025-10-12T01:00:00+08:00,TAIPEI_MAIN,147,147,108,2025-10-12T01:05:00+08:00
2025-10-12T01:00:00+08:00,XIMENDING,139,155,118,2025-10-12T01:05:00+08:00
2025-10-12T01:00:00+08:00,TAIPEI_101,169,136,111,2025-10-12T01:05:00+08:00
2025-10-12T02:00:00+08:00,TPE_AIRPORT,123,79,65,2025-10-12T02:05:00+08:00
2025-10-12T02:00:00+08:00,TAIPEI_MAIN,152,138,112,2025-10-12T02:05:00+08:00
2025-10-12T02:00:00+08:00,XIMENDING,159,105,82,2025-10-12T02:05:00+08:00
2025-10-12T02:00:00+08:00,TAIPEI_101,148,128,108,2025-10-12T02:05:00+08:00
2025-10-12T03:00:00+08:00,TPE_AIRPORT,115,97,87,2025-10-12T03:05:00+08:00
2025-10-12T03:00:00+08:00,TAIPEI_MAIN,158,112,85,2025-10-12T03:05:00+08:00
2025-10-12T03:00:00+08:00,XIMENDING,176,112,90,2025-10-12T03:05:00+08:00
2025-10-12T03:00:00+08:00,TAIPEI_101,148,129,114,2025-10-12T03:05:00+08:00
2025-10-12T04:00:00+08:00,TPE_AIRPORT,83,74,58,2025-10-12T04:05:00+08:00
2025-10-12T04:00:00+08:00,TAIPEI_MAIN,180,116,85,2025-10-12T04:05:00+08:00
2025-10-12T04:00:00+08:00,XIMENDING,185,67,52,2025-10-12T04:05:00+08:00
2025-10-12T04:00:00+08:00,TAIPEI_101,139,112,100,2025-10-12T04:05:00+08:00
2025-10-12T05:00:00+08:00,TPE_AIRPORT,96,110,93,2025-10-12T05:05:00+08:00
2025-10-12T05:00:00+08:00,TAIPEI_MAIN,118,192,167,2025-10-12T05:05:00+08:00
2025-10-12T05:00:00+08:00,XIMENDING,142,159,114,2025-10-12T05:05:00+08:00
2025-10-12T05:00:00+08:00,TAIPEI_101,107,181,163,2025-10-12T05:05:00+08:00
2025-10-12T06:00:00+08:00,TPE_AIRPORT,66,129,103,2025-10-12T06:05:00+08:00
2025-10-12T06:00:00+08:00,TAIPEI_MAIN,120,184,156,2025-10-12T06:05:00+08:00
2025-10-12T06:00:00+08:00,XIMENDING,138,196,159,2025-10-12T06:05:00+08:00
2025-10-12T06:00:00+08:00,TAIPEI_101,146,165,144,2025-10-12T06:05:00+08:00
2025-10-12T07:00:00+08:00,TPE_AIRPORT,87,116,101,2025-10-12T07:05:00+08:00
2025-10-12T07:00:00+08:00,TAIPEI_MAIN,126,181,159,2025-10-12T07:05:00+08:00
2025-10-12T07:00:00+08:00,XIMENDING,162,184,147,2025-10-12T07:05:00+08:00
2025-10-12T07:00:00+08:00,TAIPEI_101,144,194,152,2025-10-12T07:05:00+08:00
2025-10-12T08:00:00+08:00,TPE_AIRPORT,91,123,94,2025-10-12T08:05:00+08:00
2025-10-12T08:00:00+08:00,TAIPEI_MAIN,133,184,141,2025-10-12T08:05:00+08:00
2025-10-12T08:00:00+08:00,XIMENDING,154,202,156,2025-10-12T08:05:00+08:00
2025-10-12T08:00:00+08:00,TAIPEI_101,102,184,135,2025-10-12T08:05:00+08:00
2025-10-12T09:00:00+08:00,TPE_AIRPORT,127,91,72,2025-10-12T09:05:00+08:00
2025-10-12T09:00:00+08:00,TAIPEI_MAIN,161,123,92,2025-10-12T09:05:00+08:00
2025-10-12T09:00:00+08:00,XIMENDING,166,119,87,2025-10-12T09:05:00+08:00
2025-10-12T09:00:00+08:00,TAIPEI_101,137,96,76,2025-10-12T09:05:00+08:00
2025-10-12T10:00:00+08:00,TPE_AIRPORT,146,83,70,2025-10-12T10:05:00+08:00
2025-10-12T10:00:00+08:00,TAIPEI_MAIN,147,128,107,2025-10-12T10:05:00+08:00
2025-10-12T10:00:00+08:00,XIMENDING,151,68,60,2025-10-12T10:05:00+08:00
2025-10-12T10:00:00+08:00,TAIPEI_101,145,151,115,2025-10-12T10:05:00+08:00
2025-10-12T11:00:00+08:00,TPE_AIRPORT,118,62,54,2025-10-12T11:05:00+08:00
2025-10-12T11:00:00+08:00,TAIPEI_MAIN,154,146,121,2025-10-12T11:05:00+08:00
2025-10-12T11:00:00+08:00,XIMENDING,172,127,109,2025-10-12T11:05:00+08:00
2025-10-12T11:00:00+08:00,TAIPEI_101,170,101,73,2025-10-12T11:05:00+08:00
2025-10-12T12:00:00+08:00,TPE_AIRPORT,79,88,66,2025-10-12T12:05:00+08:00
2025-10-12T12:00:00+08:00,TAIPEI_MAIN,158,106,94,2025-10-12T12:05:00+08:00
2025-10-12T12:00:00+08:00,XIMENDING,173,136,100,2025-10-12T12:05:00+08:00
2025-10-12T12:00:00+08:00,TAIPEI_101,164,150,110,2025-10-12T12:05:00+08:00
2025-10-12T13:00:00+08:00,TPE_AIRPORT,103,99,85,2025-10-12T13:05:00+08:00
2025-10-12T13:00:00+08:00,TAIPEI_MAIN,146,118,98,2025-10-12T13:05:00+08:00
2025-10-12T13:00:00+08:00,XIMENDING,160,137,105,2025-10-12T13:05:00+08:00
2025-10-12T13:00:00+08:00,TAIPEI_101,137,98,88,2025-10-12T13:05:00+08:00
2025-10-12T14:00:00+08:00,TPE_AIRPORT,112,54,41,2025-10-12T14:05:00+08:00
2025-10-12T14:00:00+08:00,TAIPEI_MAIN,172,99,90,2025-10-12T14:05:00+08:00
2025-10-12T14:00:00+08:00,XIMENDING,134,107,85,2025-10-12T14:05:00+08:00
2025-10-12T14:00:00+08:00,TAIPEI_101,148,99,88,2025-10-12T14:05:00+08:00
2025-10-12T15:00:00+08:00,TPE_AIRPORT,145,91,66,2025-10-12T15:05:00+08:00
2025-10-12T15:00:00+08:00,TAIPEI_MAIN,143,94,74,2025-10-12T15:05:00+08:00
2025-10-12T15:00:00+08:00,XIMENDING,160,146,111,2025-10-12T15:05:00+08:00
2025-10-12T15:00:00+08:00,TAIPEI_101,164,161,146,2025-10-12T15:05:00+08:00
2025-10-12T16:00:00+08:00,TPE_AIRPORT,125,72,60,2025-10-12T16:05:00+08:00
2025-10-12T16:00:00+08:00,TAIPEI_MAIN,156,126,100,2025-10-12T16:05:00+08:00
2025-10-12T16:00:00+08:00,XIMENDING,171,119,89,2025-10-12T16:05:00+08:00
2025-10-12T16:00:00+08:00,TAIPEI_101,140,134,103,2025-10-12T16:05:00+08:00
2025-10-12T17:00:00+08:00,TPE_AIRPORT,98,47,42,2025-10-12T17:05:00+08:00
2025-10-12T17:00:00+08:00,TAIPEI_MAIN,133,135,112,2025-10-12T17:05:00+08:00
2025-10-12T17:00:00+08:00,XIMENDING,148,122,89,2025-10-12T17:05:00+08:00
2025-10-12T17:00:00+08:00,TAIPEI_101,162,95,80,2025-10-12T17:05:00+08:00
2025-10-12T18:00:00+08:00,TPE_AIRPORT,144,90,71,2025-10-12T18:05:00+08:00
2025-10-12T18:00:00+08:00,TAIPEI_MAIN,165,126,106,2025-10-12T18:05:00+08:00
2025-10-12T18:00:00+08:00,XIMENDING,131,117,105,2025-10-12T18:05:00+08:00
2025-10-12T18:00:00+08:00,TAIPEI_101,191,121,103,2025-10-12T18:05:00+08:00
2025-10-12T19:00:00+08:00,TPE_AIRPORT,110,75,65,2025-10-12T19:05:00+08:00
2025-10-12T19:00:00+08:00,TAIPEI_MAIN,165,131,104,2025-10-12T19:05:00+08:00
2025-10-12T19:00:00+08:00,XIMENDING,181,121,105,2025-10-12T19:05:00+08:00
2025-10-12T19:00:00+08:00,TAIPEI_101,150,95,79,2025-10-12T19:05:00+08:00
2025-10-12T20:00:00+08:00,TPE_AIRPORT,77,151,112,2025-10-12T20:05:00+08:00
2025-10-12T20:00:00+08:00,TAIPEI_MAIN,143,172,149,2025-10-12T20:05:00+08:00
2025-10-12T20:00:00+08:00,XIMENDING,130,188,164,2025-10-12T20:05:00+08:00
2025-10-12T20:00:00+08:00,TAIPEI_101,101,152,129,2025-10-12T20:05:00+08:00
2025-10-12T21:00:00+08:00,TPE_AIRPORT,82,141,109,2025-10-12T21:05:00+08:00
2025-10-12T21:00:00+08:00,TAIPEI_MAIN,140,195,147,2025-10-12T21:05:00+08:00
2025-10-12T21:00:00+08:00,XIMENDING,111,158,134,2025-10-12T21:05:00+08:00
2025-10-12T21:00:00+08:00,TAIPEI_101,128,172,149,2025-10-12T21:05:00+08:00
2025-10-12T22:00:00+08:00,TPE_AIRPORT,120,117,104,2025-10-12T22:05:00+08:00
2025-10-12T22:00:00+08:00,TAIPEI_MAIN,110,172,137,2025-10-12T22:05:00+08:00
2025-10-12T22:00:00+08:00,XIMENDING,133,200,146,2025-10-12T22:05:00+08:00
2025-10-12T22:00:00+08:00,TAIPEI_101,135,182,151,2025-10-12T22:05:00+08:00
2025-10-12T23:00:00+08:00,TPE_AIRPORT,103,138,106,2025-10-12T23:05:00+08:00
2025-10-12T23:00:00+08:00,TAIPEI_MAIN,138,221,162,2025-10-12T23:05:00+08:00
2025-10-12T23:00:00+08:00,XIMENDING,139,186,153,2025-10-12T23:05:00+08:00
2025-10-12T23:00:00+08:00,TAIPEI_101,178,192,149,2025-10-12T23:05:00+08:00
2025-10-13T00:00:00+08:00,TPE_AIRPORT,107,60,45,2025-10-13T00:05:00+08:00
2025-10-13T00:00:00+08:00,TAIPEI_MAIN,158,111,93,2025-10-13T00:05:00+08:00
2025-10-13T00:00:00+08:00,XIMENDING,166,128,92,2025-10-13T00:05:00+08:00
2025-10-13T00:00:00+08:00,TAIPEI_101,134,74,57,2025-10-13T00:05:00+08:00
2025-10-13T01:00:00+08:00,TPE_AIRPORT,153,90,71,2025-10-13T01:05:00+08:00
2025-10-13T01:00:00+08:00,TAIPEI_MAIN,138,111,83,2025-10-13T01:05:00+08:00
2025-10-13T01:00:00+08:00,XIMENDING,149,87,62,2025-10-13T01:05:00+08:00
2025-10-13T01:00:00+08:00,TAIPEI_101,156,76,55,2025-10-13T01:05:00+08:00
2025-10-13T02:00:00+08:00,TPE_AIRPORT,87,81,64,2025-10-13T02:05:00+08:00
2025-10-13T02:00:00+08:00,TAIPEI_MAIN,160,109,95,2025-10-13T02:05:00+08:00
2025-10-13T02:00:00+08:00,XIMENDING,138,91,73,2025-10-13T02:05:00+08:00
2025-10-13T02:00:00+08:00,TAIPEI_101,160,123,109,2025-10-13T02:05:00+08:00
2025-10-13T03:00:00+08:00,TPE_AIRPORT,94,34,25,2025-10-13T03:05:00+08:00
2025-10-13T03:00:00+08:00,TAIPEI_MAIN,155,122,100,2025-10-13T03:05:00+08:00
2025-10-13T03:00:00+08:00,XIMENDING,167,102,90,2025-10-13T03:05:00+08:00
2025-10-13T03:00:00+08:00,TAIPEI_101,172,114,102,2025-10-13T03:05:00+08:00
2025-10-13T04:00:00+08:00,TPE_AIRPORT,87,76,57,2025-10-13T04:05:00+08:00
2025-10-13T04:00:00+08:00,TAIPEI_MAIN,147,114,94,2025-10-13T04:05:00+08:00
2025-10-13T04:00:00+08:00,XIMENDING,171,110,88,2025-10-13T04:05:00+08:00
2025-10-13T04:00:00+08:00,TAIPEI_101,165,121,103,2025-10-13T04:05:00+08:00
2025-10-13T05:00:00+08:00,TPE_AIRPORT,137,180,134,2025-10-13T05:05:00+08:00
2025-10-13T05:00:00+08:00,TAIPEI_MAIN,130,181,151,2025-10-13T05:05:00+08:00
2025-10-13T05:00:00+08:00,XIMENDING,114,184,153,2025-10-13T05:05:00+08:00
2025-10-13T05:00:00+08:00,TAIPEI_101,156,165,135,2025-10-13T05:05:00+08:00
2025-10-13T06:00:00+08:00,TPE_AIRPORT,64,137,113,2025-10-13T06:05:00+08:00
2025-10-13T06:00:00+08:00,TAIPEI_MAIN,154,155,132,2025-10-13T06:05:00+08:00
2025-10-13T06:00:00+08:00,XIMENDING,111,229,201,2025-10-13T06:05:00+08:00
2025-10-13T06:00:00+08:00,TAIPEI_101,181,211,181,2025-10-13T06:05:00+08:00
2025-10-13T07:00:00+08:00,TPE_AIRPORT,111,131,108,2025-10-13T07:05:00+08:00
2025-10-13T07:00:00+08:00,TAIPEI_MAIN,129,161,135,2025-10-13T07:05:00+08:00
2025-10-13T07:00:00+08:00,XIMENDING,126,186,138,2025-10-13T07:05:00+08:00
2025-10-13T07:00:00+08:00,TAIPEI_101,110,189,162,2025-10-13T07:05:00+08:00
2025-10-13T08:00:00+08:00,TPE_AIRPORT,86,137,104,2025-10-13T08:05:00+08:00
2025-10-13T08:00:00+08:00,TAIPEI_MAIN,128,206,159,2025-10-13T08:05:00+08:00
2025-10-13T08:00:00+08:00,XIMENDING,113,203,152,2025-10-13T08:05:00+08:00
2025-10-13T08:00:00+08:00,TAIPEI_101,121,192,155,2025-10-13T08:05:00+08:00
2025-10-13T09:00:00+08:00,TPE_AIRPORT,124,54,46,2025-10-13T09:05:00+08:00
2025-10-13T09:00:00+08:00,TAIPEI_MAIN,176,102,91,2025-10-13T09:05:00+08:00
2025-10-13T09:00:00+08:00,XIMENDING,138,121,95,2025-10-13T09:05:00+08:00
2025-10-13T09:00:00+08:00,TAIPEI_101,144,95,69,2025-10-13T09:05:00+08:00
2025-10-13T10:00:00+08:00,TPE_AIRPORT,129,142,105,2025-10-13T10:05:00+08:00
2025-10-13T10:00:00+08:00,TAIPEI_MAIN,155,122,93,2025-10-13T10:05:00+08:00
2025-10-13T10:00:00+08:00,XIMENDING,144,96,78,2025-10-13T10:05:00+08:00
2025-10-13T10:00:00+08:00,TAIPEI_101,135,73,61,2025-10-13T10:05:00+08:00
2025-10-13T11:00:00+08:00,TPE_AIRPORT,83,81,66,2025-10-13T11:05:00+08:00
2025-10-13T11:00:00+08:00,TAIPEI_MAIN,171,130,99,2025-10-13T11:05:00+08:00
2025-10-13T11:00:00+08:00,XIMENDING,139,107,94,2025-10-13T11:05:00+08:00
2025-10-13T11:00:00+08:00,TAIPEI_101,156,79,60,2025-10-13T11:05:00+08:00
2025-10-13T12:00:00+08:00,TPE_AIRPORT,134,99,83,2025-10-13T12:05:00+08:00
2025-10-13T12:00:00+08:00,TAIPEI_MAIN,135,83,65,2025-10-13T12:05:00+08:00
2025-10-13T12:00:00+08:00,XIMENDING,169,85,61,2025-10-13T12:05:00+08:00
2025-10-13T12:00:00+08:00,TAIPEI_101,171,85,75,2025-10-13T12:05:00+08:00
2025-10-13T13:00:00+08:00,TPE_AIRPORT,95,72,54,2025-10-13T13:05:00+08:00
2025-10-13T13:00:00+08:00,TAIPEI_MAIN,122,135,122,2025-10-13T13:05:00+08:00
2025-10-13T13:00:00+08:00,XIMENDING,122,83,65,2025-10-13T13:05:00+08:00
2025-10-13T13:00:00+08:00,TAIPEI_101,159,107,82,2025-10-13T13:05:00+08:00
2025-10-13T14:00:00+08:00,TPE_AIRPORT,110,58,44,2025-10-13T14:05:00+08:00
2025-10-13T14:00:00+08:00,TAIPEI_MAIN,181,163,142,2025-10-13T14:05:00+08:00
2025-10-13T14:00:00+08:00,XIMENDING,194,115,98,2025-10-13T14:05:00+08:00
2025-10-13T14:00:00+08:00,TAIPEI_101,173,84,62,2025-10-13T14:05:00+08:00
2025-10-13T15:00:00+08:00,TPE_AIRPORT,132,101,72,2025-10-13T15:05:00+08:00
2025-10-13T15:00:00+08:00,TAIPEI_MAIN,173,116,96,2025-10-13T15:05:00+08:00
2025-10-13T15:00:00+08:00,XIMENDING,158,125,92,2025-10-13T15:05:00+08:00
2025-10-13T15:00:00+08:00,TAIPEI_101,146,109,95,2025-10-13T15:05:00+08:00
2025-10-13T16:00:00+08:00,TPE_AIRPORT,113,79,59,2025-10-13T16:05:00+08:00
2025-10-13T16:00:00+08:00,TAIPEI_MAIN,134,78,68,2025-10-13T16:05:00+08:00
2025-10-13T16:00:00+08:00,XIMENDING,158,129,107,2025-10-13T16:05:00+08:00
2025-10-13T16:00:00+08:00,TAIPEI_101,127,135,104,2025-10-13T16:05:00+08:00
2025-10-13T17:00:00+08:00,TPE_AIRPORT,123,75,57,2025-10-13T17:05:00+08:00
2025-10-13T17:00:00+08:00,TAIPEI_MAIN,152,116,88,2025-10-13T17:05:00+08:00
2025-10-13T17:00:00+08:00,XIMENDING,153,144,126,2025-10-13T17:05:00+08:00
2025-10-13T17:00:00+08:00,TAIPEI_101,175,102,89,2025-10-13T17:05:00+08:00
2025-10-13T18:00:00+08:00,TPE_AIRPORT,93,52,45,2025-10-13T18:05:00+08:00
2025-10-13T18:00:00+08:00,TAIPEI_MAIN,173,102,80,2025-10-13T18:05:00+08:00
2025-10-13T18:00:00+08:00,XIMENDING,172,91,74,2025-10-13T18:05:00+08:00
2025-10-13T18:00:00+08:00,TAIPEI_101,160,139,105,2025-10-13T18:05:00+08:00
2025-10-13T19:00:00+08:00,TPE_AIRPORT,125,89,72,2025-10-13T19:05:00+08:00
2025-10-13T19:00:00+08:00,TAIPEI_MAIN,170,118,92,2025-10-13T19:05:00+08:00
2025-10-13T19:00:00+08:00,XIMENDING,148,146,119,2025-10-13T19:05:00+08:00
2025-10-13T19:00:00+08:00,TAIPEI_101,160,144,107,2025-10-13T19:05:00+08:00
2025-10-13T20:00:00+08:00,TPE_AIRPORT,105,128,113,2025-10-13T20:05:00+08:00
2025-10-13T20:00:00+08:00,TAIPEI_MAIN,137,178,153,2025-10-13T20:05:00+08:00
2025-10-13T20:00:00+08:00,XIMENDING,160,180,134,2025-10-13T20:05:00+08:00
2025-10-13T20:00:00+08:00,TAIPEI_101,138,155,113,2025-10-13T20:05:00+08:00
2025-10-13T21:00:00+08:00,TPE_AIRPORT,67,125,113,2025-10-13T21:05:00+08:00
2025-10-13T21:00:00+08:00,TAIPEI_MAIN,127,167,139,2025-10-13T21:05:00+08:00
2025-10-13T21:00:00+08:00,XIMENDING,134,170,147,2025-10-13T21:05:00+08:00
2025-10-13T21:00:00+08:00,TAIPEI_101,133,208,149,2025-10-13T21:05:00+08:00
2025-10-13T22:00:00+08:00,TPE_AIRPORT,86,107,86,2025-10-13T22:05:00+08:00
2025-10-13T22:00:00+08:00,TAIPEI_MAIN,133,200,171,2025-10-13T22:05:00+08:00
2025-10-13T22:00:00+08:00,XIMENDING,141,181,159,2025-10-13T22:05:00+08:00
2025-10-13T22:00:00+08:00,TAIPEI_101,127,184,157,2025-10-13T22:05:00+08:00
2025-10-13T23:00:00+08:00,TPE_AIRPORT,49,95,84,2025-10-13T23:05:00+08:00
2025-10-13T23:00:00+08:00,TAIPEI_MAIN,110,173,128,2025-10-13T23:05:00+08:00
2025-10-13T23:00:00+08:00,XIMENDING,86,217,164,2025-10-13T23:05:00+08:00
2025-10-13T23:00:00+08:00,TAIPEI_101,140,180,143,2025-10-13T23:05:00+08:00
2025-10-14T00:00:00+08:00,TPE_AIRPORT,103,100,72,2025-10-14T00:05:00+08:00
2025-10-14T00:00:00+08:00,TAIPEI_MAIN,134,136,120,2025-10-14T00:05:00+08:00
2025-10-14T00:00:00+08:00,XIMENDING,124,93,78,2025-10-14T00:05:00+08:00
2025-10-14T00:00:00+08:00,TAIPEI_101,165,84,73,2025-10-14T00:05:00+08:00
2025-10-14T01:00:00+08:00,TPE_AIRPORT,91,90,76,2025-10-14T01:05:00+08:00
2025-10-14T01:00:00+08:00,TAIPEI_MAIN,152,160,143,2025-10-14T01:05:00+08:00
2025-10-14T01:00:00+08:00,XIMENDING,153,95,85,2025-10-14T01:05:00+08:00
2025-10-14T01:00:00+08:00,TAIPEI_101,188,111,89,2025-10-14T01:05:00+08:00
2025-10-14T02:00:00+08:00,TPE_AIRPORT,104,85,72,2025-10-14T02:05:00+08:00
2025-10-14T02:00:00+08:00,TAIPEI_MAIN,183,145,112,2025-10-14T02:05:00+08:00
2025-10-14T02:00:00+08:00,XIMENDING,165,145,106,2025-10-14T02:05:00+08:00
2025-10-14T02:00:00+08:00,TAIPEI_101,163,109,89,2025-10-14T02:05:00+08:00
2025-10-14T03:00:00+08:00,TPE_AIRPORT,93,87,78,2025-10-14T03:05:00+08:00
2025-10-14T03:00:00+08:00,TAIPEI_MAIN,147,144,105,2025-10-14T03:05:00+08:00
2025-10-14T03:00:00+08:00,XIMENDING,172,125,110,2025-10-14T03:05:00+08:00
2025-10-14T03:00:00+08:00,TAIPEI_101,176,121,92,2025-10-14T03:05:00+08:00
2025-10-14T04:00:00+08:00,TPE_AIRPORT,130,51,39,2025-10-14T04:05:00+08:00
2025-10-14T04:00:00+08:00,TAIPEI_MAIN,157,106,79,2025-10-14T04:05:00+08:00
2025-10-14T04:00:00+08:00,XIMENDING,176,95,80,2025-10-14T04:05:00+08:00
2025-10-14T04:00:00+08:00,TAIPEI_101,162,120,86,2025-10-14T04:05:00+08:00
2025-10-14T05:00:00+08:00,TPE_AIRPORT,95,124,94,2025-10-14T05:05:00+08:00
2025-10-14T05:00:00+08:00,TAIPEI_MAIN,107,177,138,2025-10-14T05:05:00+08:00
2025-10-14T05:00:00+08:00,XIMENDING,168,194,175,2025-10-14T05:05:00+08:00
2025-10-14T05:00:00+08:00,TAIPEI_101,113,200,181,2025-10-14T05:05:00+08:00
2025-10-14T06:00:00+08:00,TPE_AIRPORT,88,132,105,2025-10-14T06:05:00+08:00
2025-10-14T06:00:00+08:00,TAIPEI_MAIN,119,198,145,2025-10-14T06:05:00+08:00
2025-10-14T06:00:00+08:00,XIMENDING,113,188,153,2025-10-14T06:05:00+08:00
2025-10-14T06:00:00+08:00,TAIPEI_101,157,203,155,2025-10-14T06:05:00+08:00
2025-10-14T07:00:00+08:00,TPE_AIRPORT,82,144,109,2025-10-14T07:05:00+08:00
2025-10-14T07:00:00+08:00,TAIPEI_MAIN,145,153,121,2025-10-14T07:05:00+08:00
2025-10-14T07:00:00+08:00,XIMENDING,129,156,119,2025-10-14T07:05:00+08:00
2025-10-14T07:00:00+08:00,TAIPEI_101,163,129,112,2025-10-14T07:05:00+08:00
2025-10-14T08:00:00+08:00,TPE_AIRPORT,97,98,73,2025-10-14T08:05:00+08:00
2025-10-14T08:00:00+08:00,TAIPEI_MAIN,131,192,147,2025-10-14T08:05:00+08:00
2025-10-14T08:00:00+08:00,XIMENDING,120,199,145,2025-10-14T08:05:00+08:00
2025-10-14T08:00:00+08:00,TAIPEI_101,142,171,132,2025-10-14T08:05:00+08:00
2025-10-14T09:00:00+08:00,TPE_AIRPORT,82,79,70,2025-10-14T09:05:00+08:00
2025-10-14T09:00:00+08:00,TAIPEI_MAIN,164,118,93,2025-10-14T09:05:00+08:00
2025-10-14T09:00:00+08:00,XIMENDING,192,121,107,2025-10-14T09:05:00+08:00
2025-10-14T09:00:00+08:00,TAIPEI_101,138,97,86,2025-10-14T09:05:00+08:00
2025-10-14T10:00:00+08:00,TPE_AIRPORT,113,91,68,2025-10-14T10:05:00+08:00
2025-10-14T10:00:00+08:00,TAIPEI_MAIN,150,112,92,2025-10-14T10:05:00+08:00
2025-10-14T10:00:00+08:00,XIMENDING,174,70,53,2025-10-14T10:05:00+08:00
2025-10-14T10:00:00+08:00,TAIPEI_101,144,94,71,2025-10-14T10:05:00+08:00
2025-10-14T11:00:00+08:00,TPE_AIRPORT,96,58,44,2025-10-14T11:05:00+08:00
2025-10-14T11:00:00+08:00,TAIPEI_MAIN,158,105,79,2025-10-14T11:05:00+08:00
2025-10-14T11:00:00+08:00,XIMENDING,161,80,64,2025-10-14T11:05:00+08:00
2025-10-14T11:00:00+08:00,TAIPEI_101,185,130,111,2025-10-14T11:05:00+08:00
2025-10-14T12:00:00+08:00,TPE_AIRPORT,106,96,73,2025-10-14T12:05:00+08:00
2025-10-14T12:00:00+08:00,TAIPEI_MAIN,137,107,93,2025-10-14T12:05:00+08:00
2025-10-14T12:00:00+08:00,XIMENDING,184,121,91,2025-10-14T12:05:00+08:00
2025-10-14T12:00:00+08:00,TAIPEI_101,175,133,103,2025-10-14T12:05:00+08:00
2025-10-14T13:00:00+08:00,TPE_AIRPORT,121,21,19,2025-10-14T13:05:00+08:00
2025-10-14T13:00:00+08:00,TAIPEI_MAIN,160,107,83,2025-10-14T13:05:00+08:00
2025-10-14T13:00:00+08:00,XIMENDING,193,134,104,2025-10-14T13:05:00+08:00
2025-10-14T13:00:00+08:00,TAIPEI_101,151,143,128,2025-10-14T13:05:00+08:00
2025-10-14T14:00:00+08:00,TPE_AIRPORT,120,65,47,2025-10-14T14:05:00+08:00
2025-10-14T14:00:00+08:00,TAIPEI_MAIN,208,96,83,2025-10-14T14:05:00+08:00
2025-10-14T14:00:00+08:00,XIMENDING,152,136,105,2025-10-14T14:05:00+08:00
2025-10-14T14:00:00+08:00,TAIPEI_101,150,151,115,2025-10-14T14:05:00+08:00
2025-10-14T15:00:00+08:00,TPE_AIRPORT,106,58,49,2025-10-14T15:05:00+08:00
2025-10-14T15:00:00+08:00,TAIPEI_MAIN,179,97,79,2025-10-14T15:05:00+08:00
2025-10-14T15:00:00+08:00,XIMENDING,169,73,57,2025-10-14T15:05:00+08:00
2025-10-14T15:00:00+08:00,TAIPEI_101,180,119,106,2025-10-14T15:05:00+08:00
2025-10-14T16:00:00+08:00,TPE_AIRPORT,91,83,60,2025-10-14T16:05:00+08:00
2025-10-14T16:00:00+08:00,TAIPEI_MAIN,153,103,84,2025-10-14T16:05:00+08:00
2025-10-14T16:00:00+08:00,XIMENDING,168,84,61,2025-10-14T16:05:00+08:00
2025-10-14T16:00:00+08:00,TAIPEI_101,157,150,129,2025-10-14T16:05:00+08:00
2025-10-14T17:00:00+08:00,TPE_AIRPORT,113,40,29,2025-10-14T17:05:00+08:00
2025-10-14T17:00:00+08:00,TAIPEI_MAIN,148,137,115,2025-10-14T17:05:00+08:00
2025-10-14T17:00:00+08:00,XIMENDING,158,141,107,2025-10-14T17:05:00+08:00
2025-10-14T17:00:00+08:00,TAIPEI_101,170,136,100,2025-10-14T17:05:00+08:00
2025-10-14T18:00:00+08:00,TPE_AIRPORT,122,113,94,2025-10-14T18:05:00+08:00
2025-10-14T18:00:00+08:00,TAIPEI_MAIN,176,123,106,2025-10-14T18:05:00+08:00
2025-10-14T18:00:00+08:00,XIMENDING,166,127,109,2025-10-14T18:05:00+08:00
2025-10-14T18:00:00+08:00,TAIPEI_101,149,116,88,2025-10-14T18:05:00+08:00
2025-10-14T19:00:00+08:00,TPE_AIRPORT,108,65,55,2025-10-14T19:05:00+08:00
2025-10-14T19:00:00+08:00,TAIPEI_MAIN,161,110,86,2025-10-14T19:05:00+08:00
2025-10-14T19:00:00+08:00,XIMENDING,200,126,109,2025-10-14T19:05:00+08:00
2025-10-14T19:00:00+08:00,TAIPEI_101,176,114,91,2025-10-14T19:05:00+08:00
2025-10-14T20:00:00+08:00,TPE_AIRPORT,102,144,127,2025-10-14T20:05:00+08:00
2025-10-14T20:00:00+08:00,TAIPEI_MAIN,118,212,170,2025-10-14T20:05:00+08:00
2025-10-14T20:00:00+08:00,XIMENDING,138,145,113,2025-10-14T20:05:00+08:00
2025-10-14T20:00:00+08:00,TAIPEI_101,160,149,126,2025-10-14T20:05:00+08:00
2025-10-14T21:00:00+08:00,TPE_AIRPORT,52,117,88,2025-10-14T21:05:00+08:00
2025-10-14T21:00:00+08:00,TAIPEI_MAIN,145,161,119,2025-10-14T21:05:00+08:00
2025-10-14T21:00:00+08:00,XIMENDING,132,174,126,2025-10-14T21:05:00+08:00
2025-10-14T21:00:00+08:00,TAIPEI_101,127,211,153,2025-10-14T21:05:00+08:00
2025-10-14T22:00:00+08:00,TPE_AIRPORT,61,125,97,2025-10-14T22:05:00+08:00
2025-10-14T22:00:00+08:00,TAIPEI_MAIN,156,177,131,2025-10-14T22:05:00+08:00
2025-10-14T22:00:00+08:00,XIMENDING,124,221,185,2025-10-14T22:05:00+08:00
2025-10-14T22:00:00+08:00,TAIPEI_101,146,194,158,2025-10-14T22:05:00+08:00
2025-10-14T23:00:00+08:00,TPE_AIRPORT,96,88,71,2025-10-14T23:05:00+08:00
2025-10-14T23:00:00+08:00,TAIPEI_MAIN,159,224,172,2025-10-14T23:05:00+08:00
2025-10-14T23:00:00+08:00,XIMENDING,128,174,147,2025-10-14T23:05:00+08:00
2025-10-14T23:00:00+08:00,TAIPEI_101,178,184,135,2025-10-14T23:05:00+08:00
2025-10-15T00:00:00+08:00,TPE_AIRPORT,126,10,8,2025-10-15T00:05:00+08:00
2025-10-15T00:00:00+08:00,TAIPEI_MAIN,164,113,96,2025-10-15T00:05:00+08:00
2025-10-15T00:00:00+08:00,XIMENDING,122,122,101,2025-10-15T00:05:00+08:00
2025-10-15T00:00:00+08:00,TAIPEI_101,154,111,100,2025-10-15T00:05:00+08:00
2025-10-15T01:00:00+08:00,TPE_AIRPORT,120,79,66,2025-10-15T01:05:00+08:00
2025-10-15T01:00:00+08:00,TAIPEI_MAIN,196,70,63,2025-10-15T01:05:00+08:00
2025-10-15T01:00:00+08:00,XIMENDING,171,106,82,2025-10-15T01:05:00+08:00
2025-10-15T01:00:00+08:00,TAIPEI_101,145,95,78,2025-10-15T01:05:00+08:00
2025-10-15T02:00:00+08:00,TPE_AIRPORT,89,81,68,2025-10-15T02:05:00+08:00
2025-10-15T02:00:00+08:00,TAIPEI_MAIN,159,84,70,2025-10-15T02:05:00+08:00
2025-10-15T02:00:00+08:00,XIMENDING,141,125,97,2025-10-15T02:05:00+08:00
2025-10-15T02:00:00+08:00,TAIPEI_101,170,123,108,2025-10-15T02:05:00+08:00
2025-10-15T03:00:00+08:00,TPE_AIRPORT,117,89,73,2025-10-15T03:05:00+08:00
2025-10-15T03:00:00+08:00,TAIPEI_MAIN,146,94,69,2025-10-15T03:05:00+08:00
2025-10-15T03:00:00+08:00,XIMENDING,176,132,104,2025-10-15T03:05:00+08:00
2025-10-15T03:00:00+08:00,TAIPEI_101,180,95,69,2025-10-15T03:05:00+08:00
2025-10-15T04:00:00+08:00,TPE_AIRPORT,141,82,66,2025-10-15T04:05:00+08:00
2025-10-15T04:00:00+08:00,TAIPEI_MAIN,158,136,113,2025-10-15T04:05:00+08:00
2025-10-15T04:00:00+08:00,XIMENDING,191,106,93,2025-10-15T04:05:00+08:00
2025-10-15T04:00:00+08:00,TAIPEI_101,135,80,62,2025-10-15T04:05:00+08:00
2025-10-15T05:00:00+08:00,TPE_AIRPORT,77,118,96,2025-10-15T05:05:00+08:00
2025-10-15T05:00:00+08:00,TAIPEI_MAIN,119,205,177,2025-10-15T05:05:00+08:00
2025-10-15T05:00:00+08:00,XIMENDING,113,191,173,2025-10-15T05:05:00+08:00
2025-10-15T05:00:00+08:00,TAIPEI_101,113,214,178,2025-10-15T05:05:00+08:00
2025-10-15T06:00:00+08:00,TPE_AIRPORT,109,129,113,2025-10-15T06:05:00+08:00
2025-10-15T06:00:00+08:00,TAIPEI_MAIN,129,182,163,2025-10-15T06:05:00+08:00
2025-10-15T06:00:00+08:00,XIMENDING,134,173,154,2025-10-15T06:05:00+08:00
2025-10-15T06:00:00+08:00,TAIPEI_101,138,204,180,2025-10-15T06:05:00+08:00
2025-10-15T07:00:00+08:00,TPE_AIRPORT,92,129,96,2025-10-15T07:05:00+08:00
2025-10-15T07:00:00+08:00,TAIPEI_MAIN,143,193,163,2025-10-15T07:05:00+08:00
2025-10-15T07:00:00+08:00,XIMENDING,125,154,132,2025-10-15T07:05:00+08:00
2025-10-15T07:00:00+08:00,TAIPEI_101,160,191,171,2025-10-15T07:05:00+08:00
2025-10-15T08:00:00+08:00,TPE_AIRPORT,66,120,105,2025-10-15T08:05:00+08:00
2025-10-15T08:00:00+08:00,TAIPEI_MAIN,143,198,145,2025-10-15T08:05:00+08:00
2025-10-15T08:00:00+08:00,XIMENDING,116,195,153,2025-10-15T08:05:00+08:00
2025-10-15T08:00:00+08:00,TAIPEI_101,125,212,188,2025-10-15T08:05:00+08:00
2025-10-15T09:00:00+08:00,TPE_AIRPORT,103,75,61,2025-10-15T09:05:00+08:00
2025-10-15T09:00:00+08:00,TAIPEI_MAIN,185,98,87,2025-10-15T09:05:00+08:00
2025-10-15T09:00:00+08:00,XIMENDING,144,126,106,2025-10-15T09:05:00+08:00
2025-10-15T09:00:00+08:00,TAIPEI_101,176,93,82,2025-10-15T09:05:00+08:00
2025-10-15T10:00:00+08:00,TPE_AIRPORT,121,61,44,2025-10-15T10:05:00+08:00
2025-10-15T10:00:00+08:00,TAIPEI_MAIN,190,200,170,2025-10-15T10:05:00+08:00
2025-10-15T10:00:00+08:00,XIMENDING,130,102,92,2025-10-15T10:05:00+08:00
2025-10-15T10:00:00+08:00,TAIPEI_101,143,149,124,2025-10-15T10:05:00+08:00
2025-10-15T11:00:00+08:00,TPE_AIRPORT,97,93,68,2025-10-15T11:05:00+08:00
2025-10-15T11:00:00+08:00,TAIPEI_MAIN,150,110,99,2025-10-15T11:05:00+08:00
2025-10-15T11:00:00+08:00,XIMENDING,135,104,80,2025-10-15T11:05:00+08:00
2025-10-15T11:00:00+08:00,TAIPEI_101,150,127,95,2025-10-15T11:05:00+08:00
2025-10-15T12:00:00+08:00,TPE_AIRPORT,132,88,64,2025-10-15T12:05:00+08:00
2025-10-15T12:00:00+08:00,TAIPEI_MAIN,155,110,85,2025-10-15T12:05:00+08:00
2025-10-15T12:00:00+08:00,XIMENDING,153,91,68,2025-10-15T12:05:00+08:00
2025-10-15T12:00:00+08:00,TAIPEI_101,133,151,135,2025-10-15T12:05:00+08:00
2025-10-15T13:00:00+08:00,TPE_AIRPORT,113,86,74,2025-10-15T13:05:00+08:00
2025-10-15T13:00:00+08:00,TAIPEI_MAIN,149,98,78,2025-10-15T13:05:00+08:00
2025-10-15T13:00:00+08:00,XIMENDING,183,122,102,2025-10-15T13:05:00+08:00
2025-10-15T13:00:00+08:00,TAIPEI_101,163,121,96,2025-10-15T13:05:00+08:00
2025-10-15T14:00:00+08:00,TPE_AIRPORT,116,70,61,2025-10-15T14:05:00+08:00
2025-10-15T14:00:00+08:00,TAIPEI_MAIN,156,115,83,2025-10-15T14:05:00+08:00
2025-10-15T14:00:00+08:00,XIMENDING,152,92,81,2025-10-15T14:05:00+08:00
2025-10-15T14:00:00+08:00,TAIPEI_101,183,89,72,2025-10-15T14:05:00+08:00
2025-10-15T15:00:00+08:00,TPE_AIRPORT,105,74,65,2025-10-15T15:05:00+08:00
2025-10-15T15:00:00+08:00,TAIPEI_MAIN,183,134,109,2025-10-15T15:05:00+08:00
2025-10-15T15:00:00+08:00,XIMENDING,144,125,95,2025-10-15T15:05:00+08:00
2025-10-15T15:00:00+08:00,TAIPEI_101,154,104,83,2025-10-15T15:05:00+08:00
2025-10-15T16:00:00+08:00,TPE_AIRPORT,101,118,103,2025-10-15T16:05:00+08:00
2025-10-15T16:00:00+08:00,TAIPEI_MAIN,171,115,94,2025-10-15T16:05:00+08:00
2025-10-15T16:00:00+08:00,XIMENDING,132,145,113,2025-10-15T16:05:00+08:00
2025-10-15T16:00:00+08:00,TAIPEI_101,159,118,106,2025-10-15T16:05:00+08:00
2025-10-15T17:00:00+08:00,TPE_AIRPORT,116,120,97,2025-10-15T17:05:00+08:00
2025-10-15T17:00:00+08:00,TAIPEI_MAIN,167,102,79,2025-10-15T17:05:00+08:00
2025-10-15T17:00:00+08:00,XIMENDING,164,132,100,2025-10-15T17:05:00+08:00
2025-10-15T17:00:00+08:00,TAIPEI_101,143,150,123,2025-10-15T17:05:00+08:00
2025-10-15T18:00:00+08:00,TPE_AIRPORT,106,42,36,2025-10-15T18:05:00+08:00
2025-10-15T18:00:00+08:00,TAIPEI_MAIN,143,88,64,2025-10-15T18:05:00+08:00
2025-10-15T18:00:00+08:00,XIMENDING,170,129,96,2025-10-15T18:05:00+08:00
2025-10-15T18:00:00+08:00,TAIPEI_101,177,152,116,2025-10-15T18:05:00+08:00
2025-10-15T19:00:00+08:00,TPE_AIRPORT,114,53,41,2025-10-15T19:05:00+08:00
2025-10-15T19:00:00+08:00,TAIPEI_MAIN,176,142,109,2025-10-15T19:05:00+08:00
2025-10-15T19:00:00+08:00,XIMENDING,154,89,72,2025-10-15T19:05:00+08:00
2025-10-15T19:00:00+08:00,TAIPEI_101,130,117,105,2025-10-15T19:05:00+08:00
2025-10-15T20:00:00+08:00,TPE_AIRPORT,85,123,110,2025-10-15T20:05:00+08:00
2025-10-15T20:00:00+08:00,TAIPEI_MAIN,120,219,195,2025-10-15T20:05:00+08:00
2025-10-15T20:00:00+08:00,XIMENDING,167,145,115,2025-10-15T20:05:00+08:00
2025-10-15T20:00:00+08:00,TAIPEI_101,129,179,162,2025-10-15T20:05:00+08:00
2025-10-15T21:00:00+08:00,TPE_AIRPORT,74,147,114,2025-10-15T21:05:00+08:00
2025-10-15T21:00:00+08:00,TAIPEI_MAIN,125,171,125,2025-10-15T21:05:00+08:00
2025-10-15T21:00:00+08:00,XIMENDING,139,194,151,2025-10-15T21:05:00+08:00
2025-10-15T21:00:00+08:00,TAIPEI_101,140,195,158,2025-10-15T21:05:00+08:00
2025-10-15T22:00:00+08:00,TPE_AIRPORT,80,110,99,2025-10-15T22:05:00+08:00
2025-10-15T22:00:00+08:00,TAIPEI_MAIN,150,159,140,2025-10-15T22:05:00+08:00
2025-10-15T22:00:00+08:00,XIMENDING,106,194,141,2025-10-15T22:05:00+08:00
2025-10-15T22:00:00+08:00,TAIPEI_101,128,212,159,2025-10-15T22:05:00+08:00
2025-10-15T23:00:00+08:00,TPE_AIRPORT,82,119,89,2025-10-15T23:05:00+08:00
2025-10-15T23:00:00+08:00,TAIPEI_MAIN,123,194,145,2025-10-15T23:05:00+08:00
2025-10-15T23:00:00+08:00,XIMENDING,105,197,156,2025-10-15T23:05:00+08:00
2025-10-15T23:00:00+08:00,TAIPEI_101,129,225,182,2025-10-15T23:05:00+08:00
2025-10-16T00:00:00+08:00,TPE_AIRPORT,132,58,49,2025-10-16T00:05:00+08:00
2025-10-16T00:00:00+08:00,TAIPEI_MAIN,138,72,57,2025-10-16T00:05:00+08:00
2025-10-16T00:00:00+08:00,XIMENDING,157,111,97,2025-10-16T00:05:00+08:00
2025-10-16T00:00:00+08:00,TAIPEI_101,150,92,82,2025-10-16T00:05:00+08:00
2025-10-16T01:00:00+08:00,TPE_AIRPORT,105,56,41,2025-10-16T01:05:00+08:00
2025-10-16T01:00:00+08:00,TAIPEI_MAIN,145,124,105,2025-10-16T01:05:00+08:00
2025-10-16T01:00:00+08:00,XIMENDING,134,107,92,2025-10-16T01:05:00+08:00
2025-10-16T01:00:00+08:00,TAIPEI_101,174,129,105,2025-10-16T01:05:00+08:00
2025-10-16T02:00:00+08:00,TPE_AIRPORT,118,83,71,2025-10-16T02:05:00+08:00
2025-10-16T02:00:00+08:00,TAIPEI_MAIN,142,88,72,2025-10-16T02:05:00+08:00
2025-10-16T02:00:00+08:00,XIMENDING,183,129,110,2025-10-16T02:05:00+08:00
2025-10-16T02:00:00+08:00,TAIPEI_101,150,105,94,2025-10-16T02:05:00+08:00
2025-10-16T03:00:00+08:00,TPE_AIRPORT,120,80,59,2025-10-16T03:05:00+08:00
2025-10-16T03:00:00+08:00,TAIPEI_MAIN,173,101,77,2025-10-16T03:05:00+08:00
2025-10-16T03:00:00+08:00,XIMENDING,156,87,64,2025-10-16T03:05:00+08:00
2025-10-16T03:00:00+08:00,TAIPEI_101,169,110,92,2025-10-16T03:05:00+08:00
2025-10-16T04:00:00+08:00,TPE_AIRPORT,109,109,90,2025-10-16T04:05:00+08:00
2025-10-16T04:00:00+08:00,TAIPEI_MAIN,174,101,85,2025-10-16T04:05:00+08:00
2025-10-16T04:00:00+08:00,XIMENDING,155,102,89,2025-10-16T04:05:00+08:00
2025-10-16T04:00:00+08:00,TAIPEI_101,158,117,105,2025-10-16T04:05:00+08:00
2025-10-16T05:00:00+08:00,TPE_AIRPORT,65,102,84,2025-10-16T05:05:00+08:00
2025-10-16T05:00:00+08:00,TAIPEI_MAIN,104,220,165,2025-10-16T05:05:00+08:00
2025-10-16T05:00:00+08:00,XIMENDING,147,202,165,2025-10-16T05:05:00+08:00
2025-10-16T05:00:00+08:00,TAIPEI_101,151,161,119,2025-10-16T05:05:00+08:00
2025-10-16T06:00:00+08:00,TPE_AIRPORT,78,105,91,2025-10-16T06:05:00+08:00
2025-10-16T06:00:00+08:00,TAIPEI_MAIN,150,184,161,2025-10-16T06:05:00+08:00
2025-10-16T06:00:00+08:00,XIMENDING,143,192,155,2025-10-16T06:05:00+08:00
2025-10-16T06:00:00+08:00,TAIPEI_101,155,196,174,2025-10-16T06:05:00+08:00
2025-10-16T07:00:00+08:00,TPE_AIRPORT,105,132,118,2025-10-16T07:05:00+08:00
2025-10-16T07:00:00+08:00,TAIPEI_MAIN,141,145,129,2025-10-16T07:05:00+08:00
2025-10-16T07:00:00+08:00,XIMENDING,134,161,136,2025-10-16T07:05:00+08:00
2025-10-16T07:00:00+08:00,TAIPEI_101,125,189,158,2025-10-16T07:05:00+08:00
2025-10-16T08:00:00+08:00,TPE_AIRPORT,81,85,70,2025-10-16T08:05:00+08:00
2025-10-16T08:00:00+08:00,TAIPEI_MAIN,131,205,166,2025-10-16T08:05:00+08:00
2025-10-16T08:00:00+08:00,XIMENDING,119,210,154,2025-10-16T08:05:00+08:00
2025-10-16T08:00:00+08:00,TAIPEI_101,107,155,135,2025-10-16T08:05:00+08:00
2025-10-16T09:00:00+08:00,TPE_AIRPORT,118,101,86,2025-10-16T09:05:00+08:00
2025-10-16T09:00:00+08:00,TAIPEI_MAIN,168,77,64,2025-10-16T09:05:00+08:00
2025-10-16T09:00:00+08:00,XIMENDING,162,135,104,2025-10-16T09:05:00+08:00
2025-10-16T09:00:00+08:00,TAIPEI_101,188,125,107,2025-10-16T09:05:00+08:00
2025-10-16T10:00:00+08:00,TPE_AIRPORT,159,91,79,2025-10-16T10:05:00+08:00
2025-10-16T10:00:00+08:00,TAIPEI_MAIN,153,75,58,2025-10-16T10:05:00+08:00
2025-10-16T10:00:00+08:00,XIMENDING,154,118,102,2025-10-16T10:05:00+08:00
2025-10-16T10:00:00+08:00,TAIPEI_101,163,109,96,2025-10-16T10:05:00+08:00
2025-10-16T11:00:00+08:00,TPE_AIRPORT,115,42,32,2025-10-16T11:05:00+08:00
2025-10-16T11:00:00+08:00,TAIPEI_MAIN,169,91,76,2025-10-16T11:05:00+08:00
2025-10-16T11:00:00+08:00,XIMENDING,151,121,102,2025-10-16T11:05:00+08:00
2025-10-16T11:00:00+08:00,TAIPEI_101,178,103,77,2025-10-16T11:05:00+08:00
2025-10-16T12:00:00+08:00,TPE_AIRPORT,126,78,65,2025-10-16T12:05:00+08:00
2025-10-16T12:00:00+08:00,TAIPEI_MAIN,175,84,65,2025-10-16T12:05:00+08:00
2025-10-16T12:00:00+08:00,XIMENDING,174,139,109,2025-10-16T12:05:00+08:00
2025-10-16T12:00:00+08:00,TAIPEI_101,202,94,85,2025-10-16T12:05:00+08:00
2025-10-16T13:00:00+08:00,TPE_AIRPORT,89,22,17,2025-10-16T13:05:00+08:00
2025-10-16T13:00:00+08:00,TAIPEI_MAIN,168,116,89,2025-10-16T13:05:00+08:00
2025-10-16T13:00:00+08:00,XIMENDING,157,117,97,2025-10-16T13:05:00+08:00
2025-10-16T13:00:00+08:00,TAIPEI_101,135,108,84,2025-10-16T13:05:00+08:00
2025-10-16T14:00:00+08:00,TPE_AIRPORT,95,75,57,2025-10-16T14:05:00+08:00
2025-10-16T14:00:00+08:00,TAIPEI_MAIN,161,127,94,2025-10-16T14:05:00+08:00
2025-10-16T14:00:00+08:00,XIMENDING,128,104,74,2025-10-16T14:05:00+08:00
2025-10-16T14:00:00+08:00,TAIPEI_101,195,70,53,2025-10-16T14:05:00+08:00
2025-10-16T15:00:00+08:00,TPE_AIRPORT,101,78,57,2025-10-16T15:05:00+08:00
2025-10-16T15:00:00+08:00,TAIPEI_MAIN,150,89,70,2025-10-16T15:05:00+08:00
2025-10-16T15:00:00+08:00,XIMENDING,138,99,84,2025-10-16T15:05:00+08:00
2025-10-16T15:00:00+08:00,TAIPEI_101,180,81,72,2025-10-16T15:05:00+08:00
2025-10-16T16:00:00+08:00,TPE_AIRPORT,111,90,77,2025-10-16T16:05:00+08:00
2025-10-16T16:00:00+08:00,TAIPEI_MAIN,160,127,99,2025-10-16T16:05:00+08:00
2025-10-16T16:00:00+08:00,XIMENDING,142,124,106,2025-10-16T16:05:00+08:00
2025-10-16T16:00:00+08:00,TAIPEI_101,159,80,72,2025-10-16T16:05:00+08:00
2025-10-16T17:00:00+08:00,TPE_AIRPORT,119,108,78,2025-10-16T17:05:00+08:00
2025-10-16T17:00:00+08:00,TAIPEI_MAIN,157,148,116,2025-10-16T17:05:00+08:00
2025-10-16T17:00:00+08:00,XIMENDING,127,162,143,2025-10-16T17:05:00+08:00
2025-10-16T17:00:00+08:00,TAIPEI_101,152,99,89,2025-10-16T17:05:00+08:00
2025-10-16T18:00:00+08:00,TPE_AIRPORT,82,74,61,2025-10-16T18:05:00+08:00
2025-10-16T18:00:00+08:00,TAIPEI_MAIN,157,138,112,2025-10-16T18:05:00+08:00
2025-10-16T18:00:00+08:00,XIMENDING,161,143,111,2025-10-16T18:05:00+08:00
2025-10-16T18:00:00+08:00,TAIPEI_101,140,100,80,2025-10-16T18:05:00+08:00
2025-10-16T19:00:00+08:00,TPE_AIRPORT,109,97,87,2025-10-16T19:05:00+08:00
2025-10-16T19:00:00+08:00,TAIPEI_MAIN,169,128,115,2025-10-16T19:05:00+08:00
2025-10-16T19:00:00+08:00,XIMENDING,191,123,97,2025-10-16T19:05:00+08:00
2025-10-16T19:00:00+08:00,TAIPEI_101,145,146,113,2025-10-16T19:05:00+08:00
2025-10-16T20:00:00+08:00,TPE_AIRPORT,90,80,67,2025-10-16T20:05:00+08:00
2025-10-16T20:00:00+08:00,TAIPEI_MAIN,100,206,183,2025-10-16T20:05:00+08:00
2025-10-16T20:00:00+08:00,XIMENDING,126,177,155,2025-10-16T20:05:00+08:00
2025-10-16T20:00:00+08:00,TAIPEI_101,148,168,135,2025-10-16T20:05:00+08:00
2025-10-16T21:00:00+08:00,TPE_AIRPORT,106,128,95,2025-10-16T21:05:00+08:00
2025-10-16T21:00:00+08:00,TAIPEI_MAIN,155,147,120,2025-10-16T21:05:00+08:00
2025-10-16T21:00:00+08:00,XIMENDING,124,178,143,2025-10-16T21:05:00+08:00
2025-10-16T21:00:00+08:00,TAIPEI_101,104,168,124,2025-10-16T21:05:00+08:00
2025-10-16T22:00:00+08:00,TPE_AIRPORT,86,140,118,2025-10-16T22:05:00+08:00
2025-10-16T22:00:00+08:00,TAIPEI_MAIN,122,116,105,2025-10-16T22:05:00+08:00
2025-10-16T22:00:00+08:00,XIMENDING,108,175,134,2025-10-16T22:05:00+08:00
2025-10-16T22:00:00+08:00,TAIPEI_101,122,185,166,2025-10-16T22:05:00+08:00
2025-10-16T23:00:00+08:00,TPE_AIRPORT,89,116,85,2025-10-16T23:05:00+08:00
2025-10-16T23:00:00+08:00,TAIPEI_MAIN,147,189,156,2025-10-16T23:05:00+08:00
2025-10-16T23:00:00+08:00,XIMENDING,130,196,146,2025-10-16T23:05:00+08:00
2025-10-16T23:00:00+08:00,TAIPEI_101,131,154,127,2025-10-16T23:05:00+08:00
2025-10-17T00:00:00+08:00,TPE_AIRPORT,100,105,86,2025-10-17T00:05:00+08:00
2025-10-17T00:00:00+08:00,TAIPEI_MAIN,187,103,85,2025-10-17T00:05:00+08:00
2025-10-17T00:00:00+08:00,XIMENDING,175,149,135,2025-10-17T00:05:00+08:00
2025-10-17T00:00:00+08:00,TAIPEI_101,172,169,141,2025-10-17T00:05:00+08:00
2025-10-17T01:00:00+08:00,TPE_AIRPORT,105,63,49,2025-10-17T01:05:00+08:00
2025-10-17T01:00:00+08:00,TAIPEI_MAIN,182,111,83,2025-10-17T01:05:00+08:00
2025-10-17T01:00:00+08:00,XIMENDING,174,111,90,2025-10-17T01:05:00+08:00
2025-10-17T01:00:00+08:00,TAIPEI_101,188,143,126,2025-10-17T01:05:00+08:00
2025-10-17T02:00:00+08:00,TPE_AIRPORT,111,98,80,2025-10-17T02:05:00+08:00
2025-10-17T02:00:00+08:00,TAIPEI_MAIN,132,134,102,2025-10-17T02:05:00+08:00
2025-10-17T02:00:00+08:00,XIMENDING,171,123,109,2025-10-17T02:05:00+08:00
2025-10-17T02:00:00+08:00,TAIPEI_101,147,107,91,2025-10-17T02:05:00+08:00
2025-10-17T03:00:00+08:00,TPE_AIRPORT,114,65,56,2025-10-17T03:05:00+08:00
2025-10-17T03:00:00+08:00,TAIPEI_MAIN,162,134,99,2025-10-17T03:05:00+08:00
2025-10-17T03:00:00+08:00,XIMENDING,168,130,100,2025-10-17T03:05:00+08:00
2025-10-17T03:00:00+08:00,TAIPEI_101,185,119,93,2025-10-17T03:05:00+08:00
2025-10-17T04:00:00+08:00,TPE_AIRPORT,109,82,65,2025-10-17T04:05:00+08:00
2025-10-17T04:00:00+08:00,TAIPEI_MAIN,163,71,55,2025-10-17T04:05:00+08:00
2025-10-17T04:00:00+08:00,XIMENDING,168,117,95,2025-10-17T04:05:00+08:00
2025-10-17T04:00:00+08:00,TAIPEI_101,143,115,82,2025-10-17T04:05:00+08:00
2025-10-17T05:00:00+08:00,TPE_AIRPORT,104,82,66,2025-10-17T05:05:00+08:00
2025-10-17T05:00:00+08:00,TAIPEI_MAIN,155,214,167,2025-10-17T05:05:00+08:00
2025-10-17T05:00:00+08:00,XIMENDING,142,146,120,2025-10-17T05:05:00+08:00
2025-10-17T05:00:00+08:00,TAIPEI_101,105,149,117,2025-10-17T05:05:00+08:00
2025-10-17T06:00:00+08:00,TPE_AIRPORT,121,142,116,2025-10-17T06:05:00+08:00
2025-10-17T06:00:00+08:00,TAIPEI_MAIN,159,166,147,2025-10-17T06:05:00+08:00
2025-10-17T06:00:00+08:00,XIMENDING,143,208,184,2025-10-17T06:05:00+08:00
2025-10-17T06:00:00+08:00,TAIPEI_101,164,218,171,2025-10-17T06:05:00+08:00
2025-10-17T07:00:00+08:00,TPE_AIRPORT,73,111,90,2025-10-17T07:05:00+08:00
2025-10-17T07:00:00+08:00,TAIPEI_MAIN,133,204,170,2025-10-17T07:05:00+08:00
2025-10-17T07:00:00+08:00,XIMENDING,160,156,141,2025-10-17T07:05:00+08:00
2025-10-17T07:00:00+08:00,TAIPEI_101,154,170,133,2025-10-17T07:05:00+08:00
2025-10-17T08:00:00+08:00,TPE_AIRPORT,91,152,133,2025-10-17T08:05:00+08:00
2025-10-17T08:00:00+08:00,TAIPEI_MAIN,135,190,137,2025-10-17T08:05:00+08:00
2025-10-17T08:00:00+08:00,XIMENDING,164,190,164,2025-10-17T08:05:00+08:00
2025-10-17T08:00:00+08:00,TAIPEI_101,143,148,125,2025-10-17T08:05:00+08:00
2025-10-17T09:00:00+08:00,TPE_AIRPORT,102,119,88,2025-10-17T09:05:00+08:00
2025-10-17T09:00:00+08:00,TAIPEI_MAIN,184,116,99,2025-10-17T09:05:00+08:00
2025-10-17T09:00:00+08:00,XIMENDING,156,106,90,2025-10-17T09:05:00+08:00
2025-10-17T09:00:00+08:00,TAIPEI_101,153,109,90,2025-10-17T09:05:00+08:00
2025-10-17T10:00:00+08:00,TPE_AIRPORT,140,93,81,2025-10-17T10:05:00+08:00
2025-10-17T10:00:00+08:00,TAIPEI_MAIN,177,143,122,2025-10-17T10:05:00+08:00
2025-10-17T10:00:00+08:00,XIMENDING,161,126,98,2025-10-17T10:05:00+08:00
2025-10-17T10:00:00+08:00,TAIPEI_101,129,102,82,2025-10-17T10:05:00+08:00
2025-10-17T11:00:00+08:00,TPE_AIRPORT,141,75,60,2025-10-17T11:05:00+08:00
2025-10-17T11:00:00+08:00,TAIPEI_MAIN,137,147,115,2025-10-17T11:05:00+08:00
2025-10-17T11:00:00+08:00,XIMENDING,140,116,99,2025-10-17T11:05:00+08:00
2025-10-17T11:00:00+08:00,TAIPEI_101,172,136,99,2025-10-17T11:05:00+08:00
2025-10-17T12:00:00+08:00,TPE_AIRPORT,130,83,71,2025-10-17T12:05:00+08:00
2025-10-17T12:00:00+08:00,TAIPEI_MAIN,153,121,105,2025-10-17T12:05:00+08:00
2025-10-17T12:00:00+08:00,XIMENDING,154,116,87,2025-10-17T12:05:00+08:00
2025-10-17T12:00:00+08:00,TAIPEI_101,181,142,119,2025-10-17T12:05:00+08:00
2025-10-17T13:00:00+08:00,TPE_AIRPORT,105,86,68,2025-10-17T13:05:00+08:00
2025-10-17T13:00:00+08:00,TAIPEI_MAIN,141,145,116,2025-10-17T13:05:00+08:00
2025-10-17T13:00:00+08:00,XIMENDING,179,112,98,2025-10-17T13:05:00+08:00
2025-10-17T13:00:00+08:00,TAIPEI_101,143,133,110,2025-10-17T13:05:00+08:00
2025-10-17T14:00:00+08:00,TPE_AIRPORT,113,66,50,2025-10-17T14:05:00+08:00
2025-10-17T14:00:00+08:00,TAIPEI_MAIN,182,117,92,2025-10-17T14:05:00+08:00
2025-10-17T14:00:00+08:00,XIMENDING,176,102,75,2025-10-17T14:05:00+08:00
2025-10-17T14:00:00+08:00,TAIPEI_101,164,139,115,2025-10-17T14:05:00+08:00
2025-10-17T15:00:00+08:00,TPE_AIRPORT,104,72,65,2025-10-17T15:05:00+08:00
2025-10-17T15:00:00+08:00,TAIPEI_MAIN,174,145,110,2025-10-17T15:05:00+08:00
2025-10-17T15:00:00+08:00,XIMENDING,152,124,95,2025-10-17T15:05:00+08:00
2025-10-17T15:00:00+08:00,TAIPEI_101,160,114,91,2025-10-17T15:05:00+08:00
2025-10-17T16:00:00+08:00,TPE_AIRPORT,95,53,44,2025-10-17T16:05:00+08:00
2025-10-17T16:00:00+08:00,TAIPEI_MAIN,142,118,90,2025-10-17T16:05:00+08:00
2025-10-17T16:00:00+08:00,XIMENDING,168,134,104,2025-10-17T16:05:00+08:00
2025-10-17T16:00:00+08:00,TAIPEI_101,169,142,114,2025-10-17T16:05:00+08:00
2025-10-17T17:00:00+08:00,TPE_AIRPORT,122,104,86,2025-10-17T17:05:00+08:00
2025-10-17T17:00:00+08:00,TAIPEI_MAIN,175,130,118,2025-10-17T17:05:00+08:00
2025-10-17T17:00:00+08:00,XIMENDING,134,119,92,2025-10-17T17:05:00+08:00
2025-10-17T17:00:00+08:00,TAIPEI_101,124,117,105,2025-10-17T17:05:00+08:00
2025-10-17T18:00:00+08:00,TPE_AIRPORT,124,89,76,2025-10-17T18:05:00+08:00
2025-10-17T18:00:00+08:00,TAIPEI_MAIN,165,154,125,2025-10-17T18:05:00+08:00
2025-10-17T18:00:00+08:00,XIMENDING,174,130,108,2025-10-17T18:05:00+08:00
2025-10-17T18:00:00+08:00,TAIPEI_101,141,90,67,2025-10-17T18:05:00+08:00
2025-10-17T19:00:00+08:00,TPE_AIRPORT,91,66,53,2025-10-17T19:05:00+08:00
2025-10-17T19:00:00+08:00,TAIPEI_MAIN,166,98,77,2025-10-17T19:05:00+08:00
2025-10-17T19:00:00+08:00,XIMENDING,154,61,45,2025-10-17T19:05:00+08:00
2025-10-17T19:00:00+08:00,TAIPEI_101,159,122,104,2025-10-17T19:05:00+08:00
2025-10-17T20:00:00+08:00,TPE_AIRPORT,59,154,111,2025-10-17T20:05:00+08:00
2025-10-17T20:00:00+08:00,TAIPEI_MAIN,136,190,172,2025-10-17T20:05:00+08:00
2025-10-17T20:00:00+08:00,XIMENDING,144,210,166,2025-10-17T20:05:00+08:00
2025-10-17T20:00:00+08:00,TAIPEI_101,108,200,149,2025-10-17T20:05:00+08:00
2025-10-17T21:00:00+08:00,TPE_AIRPORT,121,110,92,2025-10-17T21:05:00+08:00
2025-10-17T21:00:00+08:00,TAIPEI_MAIN,139,186,140,2025-10-17T21:05:00+08:00
2025-10-17T21:00:00+08:00,XIMENDING,140,175,153,2025-10-17T21:05:00+08:00
2025-10-17T21:00:00+08:00,TAIPEI_101,150,170,153,2025-10-17T21:05:00+08:00
2025-10-17T22:00:00+08:00,TPE_AIRPORT,74,154,117,2025-10-17T22:05:00+08:00
2025-10-17T22:00:00+08:00,TAIPEI_MAIN,125,103,87,2025-10-17T22:05:00+08:00
2025-10-17T22:00:00+08:00,XIMENDING,133,205,156,2025-10-17T22:05:00+08:00
2025-10-17T22:00:00+08:00,TAIPEI_101,130,220,175,2025-10-17T22:05:00+08:00
2025-10-17T23:00:00+08:00,TPE_AIRPORT,129,123,107,2025-10-17T23:05:00+08:00
2025-10-17T23:00:00+08:00,TAIPEI_MAIN,130,159,116,2025-10-17T23:05:00+08:00
2025-10-17T23:00:00+08:00,XIMENDING,117,162,141,2025-10-17T23:05:00+08:00
2025-10-17T23:00:00+08:00,TAIPEI_101,135,210,186,2025-10-17T23:05:00+08:00
2025-10-18T00:00:00+08:00,TPE_AIRPORT,113,72,63,2025-10-18T00:05:00+08:00
2025-10-18T00:00:00+08:00,TAIPEI_MAIN,128,150,129,2025-10-18T00:05:00+08:00
2025-10-18T00:00:00+08:00,XIMENDING,171,167,127,2025-10-18T00:05:00+08:00
2025-10-18T00:00:00+08:00,TAIPEI_101,154,64,52,2025-10-18T00:05:00+08:00
2025-10-18T01:00:00+08:00,TPE_AIRPORT,116,96,82,2025-10-18T01:05:00+08:00
2025-10-18T01:00:00+08:00,TAIPEI_MAIN,181,86,64,2025-10-18T01:05:00+08:00
2025-10-18T01:00:00+08:00,XIMENDING,159,143,116,2025-10-18T01:05:00+08:00
2025-10-18T01:00:00+08:00,TAIPEI_101,177,114,89,2025-10-18T01:05:00+08:00
2025-10-18T02:00:00+08:00,TPE_AIRPORT,108,55,44,2025-10-18T02:05:00+08:00
2025-10-18T02:00:00+08:00,TAIPEI_MAIN,160,128,102,2025-10-18T02:05:00+08:00
2025-10-18T02:00:00+08:00,XIMENDING,135,120,86,2025-10-18T02:05:00+08:00
2025-10-18T02:00:00+08:00,TAIPEI_101,152,100,89,2025-10-18T02:05:00+08:00
2025-10-18T03:00:00+08:00,TPE_AIRPORT,139,78,67,2025-10-18T03:05:00+08:00
2025-10-18T03:00:00+08:00,TAIPEI_MAIN,122,142,105,2025-10-18T03:05:00+08:00
2025-10-18T03:00:00+08:00,XIMENDING,123,104,77,2025-10-18T03:05:00+08:00
2025-10-18T03:00:00+08:00,TAIPEI_101,156,110,92,2025-10-18T03:05:00+08:00
2025-10-18T04:00:00+08:00,TPE_AIRPORT,103,113,95,2025-10-18T04:05:00+08:00
2025-10-18T04:00:00+08:00,TAIPEI_MAIN,179,114,101,2025-10-18T04:05:00+08:00
2025-10-18T04:00:00+08:00,XIMENDING,123,138,111,2025-10-18T04:05:00+08:00
2025-10-18T04:00:00+08:00,TAIPEI_101,155,117,98,2025-10-18T04:05:00+08:00
2025-10-18T05:00:00+08:00,TPE_AIRPORT,74,108,87,2025-10-18T05:05:00+08:00
2025-10-18T05:00:00+08:00,TAIPEI_MAIN,120,201,172,2025-10-18T05:05:00+08:00
2025-10-18T05:00:00+08:00,XIMENDING,144,170,146,2025-10-18T05:05:00+08:00
2025-10-18T05:00:00+08:00,TAIPEI_101,129,195,145,2025-10-18T05:05:00+08:00
2025-10-18T06:00:00+08:00,TPE_AIRPORT,82,128,103,2025-10-18T06:05:00+08:00
2025-10-18T06:00:00+08:00,TAIPEI_MAIN,152,180,160,2025-10-18T06:05:00+08:00
2025-10-18T06:00:00+08:00,XIMENDING,128,200,179,2025-10-18T06:05:00+08:00
2025-10-18T06:00:00+08:00,TAIPEI_101,156,130,104,2025-10-18T06:05:00+08:00
2025-10-18T07:00:00+08:00,TPE_AIRPORT,60,146,120,2025-10-18T07:05:00+08:00
2025-10-18T07:00:00+08:00,TAIPEI_MAIN,114,173,125,2025-10-18T07:05:00+08:00
2025-10-18T07:00:00+08:00,XIMENDING,141,211,157,2025-10-18T07:05:00+08:00
2025-10-18T07:00:00+08:00,TAIPEI_101,154,166,145,2025-10-18T07:05:00+08:00
2025-10-18T08:00:00+08:00,TPE_AIRPORT,111,125,99,2025-10-18T08:05:00+08:00
2025-10-18T08:00:00+08:00,TAIPEI_MAIN,109,201,153,2025-10-18T08:05:00+08:00
2025-10-18T08:00:00+08:00,XIMENDING,141,172,134,2025-10-18T08:05:00+08:00
2025-10-18T08:00:00+08:00,TAIPEI_101,110,172,141,2025-10-18T08:05:00+08:00
2025-10-18T09:00:00+08:00,TPE_AIRPORT,107,72,63,2025-10-18T09:05:00+08:00
2025-10-18T09:00:00+08:00,TAIPEI_MAIN,143,121,102,2025-10-18T09:05:00+08:00
2025-10-18T09:00:00+08:00,XIMENDING,152,101,85,2025-10-18T09:05:00+08:00
2025-10-18T09:00:00+08:00,TAIPEI_101,147,126,110,2025-10-18T09:05:00+08:00
2025-10-18T10:00:00+08:00,TPE_AIRPORT,109,72,60,2025-10-18T10:05:00+08:00
2025-10-18T10:00:00+08:00,TAIPEI_MAIN,126,97,78,2025-10-18T10:05:00+08:00
2025-10-18T10:00:00+08:00,XIMENDING,156,118,92,2025-10-18T10:05:00+08:00
2025-10-18T10:00:00+08:00,TAIPEI_101,155,147,120,2025-10-18T10:05:00+08:00
2025-10-18T11:00:00+08:00,TPE_AIRPORT,97,113,97,2025-10-18T11:05:00+08:00
2025-10-18T11:00:00+08:00,TAIPEI_MAIN,178,85,61,2025-10-18T11:05:00+08:00
2025-10-18T11:00:00+08:00,XIMENDING,163,121,96,2025-10-18T11:05:00+08:00
2025-10-18T11:00:00+08:00,TAIPEI_101,145,112,84,2025-10-18T11:05:00+08:00
2025-10-18T12:00:00+08:00,TPE_AIRPORT,62,96,81,2025-10-18T12:05:00+08:00
2025-10-18T12:00:00+08:00,TAIPEI_MAIN,160,108,98,2025-10-18T12:05:00+08:00
2025-10-18T12:00:00+08:00,XIMENDING,157,108,93,2025-10-18T12:05:00+08:00
2025-10-18T12:00:00+08:00,TAIPEI_101,183,134,110,2025-10-18T12:05:00+08:00
2025-10-18T13:00:00+08:00,TPE_AIRPORT,117,88,65,2025-10-18T13:05:00+08:00
2025-10-18T13:00:00+08:00,TAIPEI_MAIN,145,106,85,2025-10-18T13:05:00+08:00
2025-10-18T13:00:00+08:00,XIMENDING,161,90,70,2025-10-18T13:05:00+08:00
2025-10-18T13:00:00+08:00,TAIPEI_101,164,111,100,2025-10-18T13:05:00+08:00
2025-10-18T14:00:00+08:00,TPE_AIRPORT,102,29,25,2025-10-18T14:05:00+08:00
2025-10-18T14:00:00+08:00,TAIPEI_MAIN,162,113,90,2025-10-18T14:05:00+08:00
2025-10-18T14:00:00+08:00,XIMENDING,185,102,78,2025-10-18T14:05:00+08:00
2025-10-18T14:00:00+08:00,TAIPEI_101,186,92,73,2025-10-18T14:05:00+08:00
2025-10-18T15:00:00+08:00,TPE_AIRPORT,136,81,64,2025-10-18T15:05:00+08:00
2025-10-18T15:00:00+08:00,TAIPEI_MAIN,155,145,125,2025-10-18T15:05:00+08:00
2025-10-18T15:00:00+08:00,XIMENDING,147,119,87,2025-10-18T15:05:00+08:00
2025-10-18T15:00:00+08:00,TAIPEI_101,165,145,105,2025-10-18T15:05:00+08:00
2025-10-18T16:00:00+08:00,TPE_AIRPORT,123,80,67,2025-10-18T16:05:00+08:00
2025-10-18T16:00:00+08:00,TAIPEI_MAIN,143,132,109,2025-10-18T16:05:00+08:00
2025-10-18T16:00:00+08:00,XIMENDING,201,125,105,2025-10-18T16:05:00+08:00
2025-10-18T16:00:00+08:00,TAIPEI_101,176,113,86,2025-10-18T16:05:00+08:00
2025-10-18T17:00:00+08:00,TPE_AIRPORT,111,77,65,2025-10-18T17:05:00+08:00
2025-10-18T17:00:00+08:00,TAIPEI_MAIN,156,116,88,2025-10-18T17:05:00+08:00
2025-10-18T17:00:00+08:00,XIMENDING,137,101,81,2025-10-18T17:05:00+08:00
2025-10-18T17:00:00+08:00,TAIPEI_101,144,103,85,2025-10-18T17:05:00+08:00
2025-10-18T18:00:00+08:00,TPE_AIRPORT,115,80,70,2025-10-18T18:05:00+08:00
2025-10-18T18:00:00+08:00,TAIPEI_MAIN,137,100,82,2025-10-18T18:05:00+08:00
2025-10-18T18:00:00+08:00,XIMENDING,147,97,71,2025-10-18T18:05:00+08:00
2025-10-18T18:00:00+08:00,TAIPEI_101,143,127,97,2025-10-18T18:05:00+08:00
2025-10-18T19:00:00+08:00,TPE_AIRPORT,102,82,70,2025-10-18T19:05:00+08:00
2025-10-18T19:00:00+08:00,TAIPEI_MAIN,147,109,81,2025-10-18T19:05:00+08:00
2025-10-18T19:00:00+08:00,XIMENDING,162,105,83,2025-10-18T19:05:00+08:00
2025-10-18T19:00:00+08:00,TAIPEI_101,157,126,111,2025-10-18T19:05:00+08:00
2025-10-18T20:00:00+08:00,TPE_AIRPORT,63,136,117,2025-10-18T20:05:00+08:00
2025-10-18T20:00:00+08:00,TAIPEI_MAIN,115,196,149,2025-10-18T20:05:00+08:00
2025-10-18T20:00:00+08:00,XIMENDING,115,172,137,2025-10-18T20:05:00+08:00
2025-10-18T20:00:00+08:00,TAIPEI_101,132,187,150,2025-10-18T20:05:00+08:00
2025-10-18T21:00:00+08:00,TPE_AIRPORT,77,129,97,2025-10-18T21:05:00+08:00
2025-10-18T21:00:00+08:00,TAIPEI_MAIN,143,165,145,2025-10-18T21:05:00+08:00
2025-10-18T21:00:00+08:00,XIMENDING,132,177,131,2025-10-18T21:05:00+08:00
2025-10-18T21:00:00+08:00,TAIPEI_101,131,127,97,2025-10-18T21:05:00+08:00
2025-10-18T22:00:00+08:00,TPE_AIRPORT,57,160,122,2025-10-18T22:05:00+08:00
2025-10-18T22:00:00+08:00,TAIPEI_MAIN,142,149,114,2025-10-18T22:05:00+08:00
2025-10-18T22:00:00+08:00,XIMENDING,113,173,154,2025-10-18T22:05:00+08:00
2025-10-18T22:00:00+08:00,TAIPEI_101,131,193,163,2025-10-18T22:05:00+08:00
2025-10-18T23:00:00+08:00,TPE_AIRPORT,109,159,129,2025-10-18T23:05:00+08:00
2025-10-18T23:00:00+08:00,TAIPEI_MAIN,159,185,140,2025-10-18T23:05:00+08:00
2025-10-18T23:00:00+08:00,XIMENDING,134,164,120,2025-10-18T23:05:00+08:00
2025-10-18T23:00:00+08:00,TAIPEI_101,112,153,113,2025-10-18T23:05:00+08:00
2025-10-19T00:00:00+08:00,TPE_AIRPORT,122,79,57,2025-10-19T00:05:00+08:00
2025-10-19T00:00:00+08:00,TAIPEI_MAIN,165,90,74,2025-10-19T00:05:00+08:00
2025-10-19T00:00:00+08:00,XIMENDING,171,153,110,2025-10-19T00:05:00+08:00
2025-10-19T00:00:00+08:00,TAIPEI_101,163,88,71,2025-10-19T00:05:00+08:00
2025-10-19T01:00:00+08:00,TPE_AIRPORT,104,111,84,2025-10-19T01:05:00+08:00
2025-10-19T01:00:00+08:00,TAIPEI_MAIN,134,139,120,2025-10-19T01:05:00+08:00
2025-10-19T01:00:00+08:00,XIMENDING,147,144,104,2025-10-19T01:05:00+08:00
2025-10-19T01:00:00+08:00,TAIPEI_101,149,130,117,2025-10-19T01:05:00+08:00
2025-10-19T02:00:00+08:00,TPE_AIRPORT,79,81,61,2025-10-19T02:05:00+08:00
2025-10-19T02:00:00+08:00,TAIPEI_MAIN,158,114,100,2025-10-19T02:05:00+08:00
2025-10-19T02:00:00+08:00,XIMENDING,169,123,106,2025-10-19T02:05:00+08:00
2025-10-19T02:00:00+08:00,TAIPEI_101,155,154,116,2025-10-19T02:05:00+08:00
2025-10-19T03:00:00+08:00,TPE_AIRPORT,119,69,55,2025-10-19T03:05:00+08:00
2025-10-19T03:00:00+08:00,TAIPEI_MAIN,143,86,63,2025-10-19T03:05:00+08:00
2025-10-19T03:00:00+08:00,XIMENDING,168,110,94,2025-10-19T03:05:00+08:00
2025-10-19T03:00:00+08:00,TAIPEI_101,170,143,115,2025-10-19T03:05:00+08:00
2025-10-19T04:00:00+08:00,TPE_AIRPORT,103,115,97,2025-10-19T04:05:00+08:00
2025-10-19T04:00:00+08:00,TAIPEI_MAIN,176,110,83,2025-10-19T04:05:00+08:00
2025-10-19T04:00:00+08:00,XIMENDING,125,127,99,2025-10-19T04:05:00+08:00
2025-10-19T04:00:00+08:00,TAIPEI_101,145,116,86,2025-10-19T04:05:00+08:00
2025-10-19T05:00:00+08:00,TPE_AIRPORT,104,96,80,2025-10-19T05:05:00+08:00
2025-10-19T05:00:00+08:00,TAIPEI_MAIN,116,177,128,2025-10-19T05:05:00+08:00
2025-10-19T05:00:00+08:00,XIMENDING,130,171,154,2025-10-19T05:05:00+08:00
2025-10-19T05:00:00+08:00,TAIPEI_101,158,175,139,2025-10-19T05:05:00+08:00
2025-10-19T06:00:00+08:00,TPE_AIRPORT,106,135,98,2025-10-19T06:05:00+08:00
2025-10-19T06:00:00+08:00,TAIPEI_MAIN,142,202,155,2025-10-19T06:05:00+08:00
2025-10-19T06:00:00+08:00,XIMENDING,142,210,188,2025-10-19T06:05:00+08:00
2025-10-19T06:00:00+08:00,TAIPEI_101,116,196,164,2025-10-19T06:05:00+08:00
2025-10-19T07:00:00+08:00,TPE_AIRPORT,102,106,88,2025-10-19T07:05:00+08:00
2025-10-19T07:00:00+08:00,TAIPEI_MAIN,128,150,130,2025-10-19T07:05:00+08:00
2025-10-19T07:00:00+08:00,XIMENDING,145,174,138,2025-10-19T07:05:00+08:00
2025-10-19T07:00:00+08:00,TAIPEI_101,133,214,184,2025-10-19T07:05:00+08:00
2025-10-19T08:00:00+08:00,TPE_AIRPORT,95,102,78,2025-10-19T08:05:00+08:00
2025-10-19T08:00:00+08:00,TAIPEI_MAIN,155,172,127,2025-10-19T08:05:00+08:00
2025-10-19T08:00:00+08:00,XIMENDING,140,206,155,2025-10-19T08:05:00+08:00
2025-10-19T08:00:00+08:00,TAIPEI_101,103,178,157,2025-10-19T08:05:00+08:00
2025-10-19T09:00:00+08:00,TPE_AIRPORT,107,105,88,2025-10-19T09:05:00+08:00
2025-10-19T09:00:00+08:00,TAIPEI_MAIN,167,120,95,2025-10-19T09:05:00+08:00
2025-10-19T09:00:00+08:00,XIMENDING,135,136,106,2025-10-19T09:05:00+08:00
2025-10-19T09:00:00+08:00,TAIPEI_101,144,120,107,2025-10-19T09:05:00+08:00
2025-10-19T10:00:00+08:00,TPE_AIRPORT,98,105,85,2025-10-19T10:05:00+08:00
2025-10-19T10:00:00+08:00,TAIPEI_MAIN,164,140,102,2025-10-19T10:05:00+08:00
2025-10-19T10:00:00+08:00,XIMENDING,159,128,105,2025-10-19T10:05:00+08:00
2025-10-19T10:00:00+08:00,TAIPEI_101,158,181,142,2025-10-19T10:05:00+08:00
2025-10-19T11:00:00+08:00,TPE_AIRPORT,157,80,68,2025-10-19T11:05:00+08:00
2025-10-19T11:00:00+08:00,TAIPEI_MAIN,174,115,90,2025-10-19T11:05:00+08:00
2025-10-19T11:00:00+08:00,XIMENDING,183,101,77,2025-10-19T11:05:00+08:00
2025-10-19T11:00:00+08:00,TAIPEI_101,150,150,130,2025-10-19T11:05:00+08:00
2025-10-19T12:00:00+08:00,TPE_AIRPORT,100,92,69,2025-10-19T12:05:00+08:00
2025-10-19T12:00:00+08:00,TAIPEI_MAIN,146,99,77,2025-10-19T12:05:00+08:00
2025-10-19T12:00:00+08:00,XIMENDING,192,149,127,2025-10-19T12:05:00+08:00
2025-10-19T12:00:00+08:00,TAIPEI_101,164,151,137,2025-10-19T12:05:00+08:00
2025-10-19T13:00:00+08:00,TPE_AIRPORT,93,94,82,2025-10-19T13:05:00+08:00
2025-10-19T13:00:00+08:00,TAIPEI_MAIN,157,117,95,2025-10-19T13:05:00+08:00
2025-10-19T13:00:00+08:00,XIMENDING,121,98,86,2025-10-19T13:05:00+08:00
2025-10-19T13:00:00+08:00,TAIPEI_101,177,114,92,2025-10-19T13:05:00+08:00
2025-10-19T14:00:00+08:00,TPE_AIRPORT,142,79,64,2025-10-19T14:05:00+08:00
2025-10-19T14:00:00+08:00,TAIPEI_MAIN,130,139,103,2025-10-19T14:05:00+08:00
2025-10-19T14:00:00+08:00,XIMENDING,183,98,77,2025-10-19T14:05:00+08:00
2025-10-19T14:00:00+08:00,TAIPEI_101,169,109,91,2025-10-19T14:05:00+08:00
2025-10-19T15:00:00+08:00,TPE_AIRPORT,90,86,76,2025-10-19T15:05:00+08:00
2025-10-19T15:00:00+08:00,TAIPEI_MAIN,171,162,123,2025-10-19T15:05:00+08:00
2025-10-19T15:00:00+08:00,XIMENDING,162,104,86,2025-10-19T15:05:00+08:00
2025-10-19T15:00:00+08:00,TAIPEI_101,148,128,107,2025-10-19T15:05:00+08:00
2025-10-19T16:00:00+08:00,TPE_AIRPORT,111,70,56,2025-10-19T16:05:00+08:00
2025-10-19T16:00:00+08:00,TAIPEI_MAIN,151,108,84,2025-10-19T16:05:00+08:00
2025-10-19T16:00:00+08:00,XIMENDING,132,138,111,2025-10-19T16:05:00+08:00
2025-10-19T16:00:00+08:00,TAIPEI_101,140,95,73,2025-10-19T16:05:00+08:00
2025-10-19T17:00:00+08:00,TPE_AIRPORT,131,86,67,2025-10-19T17:05:00+08:00
2025-10-19T17:00:00+08:00,TAIPEI_MAIN,152,114,88,2025-10-19T17:05:00+08:00
2025-10-19T17:00:00+08:00,XIMENDING,150,144,122,2025-10-19T17:05:00+08:00
2025-10-19T17:00:00+08:00,TAIPEI_101,180,94,79,2025-10-19T17:05:00+08:00
2025-10-19T18:00:00+08:00,TPE_AIRPORT,78,57,45,2025-10-19T18:05:00+08:00
2025-10-19T18:00:00+08:00,TAIPEI_MAIN,126,126,97,2025-10-19T18:05:00+08:00
2025-10-19T18:00:00+08:00,XIMENDING,132,123,92,2025-10-19T18:05:00+08:00
2025-10-19T18:00:00+08:00,TAIPEI_101,164,128,93,2025-10-19T18:05:00+08:00
2025-10-19T19:00:00+08:00,TPE_AIRPORT,111,55,48,2025-10-19T19:05:00+08:00
2025-10-19T19:00:00+08:00,TAIPEI_MAIN,134,108,79,2025-10-19T19:05:00+08:00
2025-10-19T19:00:00+08:00,XIMENDING,147,95,84,2025-10-19T19:05:00+08:00
2025-10-19T19:00:00+08:00,TAIPEI_101,158,126,112,2025-10-19T19:05:00+08:00
2025-10-19T20:00:00+08:00,TPE_AIRPORT,99,96,69,2025-10-19T20:05:00+08:00
2025-10-19T20:00:00+08:00,TAIPEI_MAIN,138,208,179,2025-10-19T20:05:00+08:00
2025-10-19T20:00:00+08:00,XIMENDING,145,197,142,2025-10-19T20:05:00+08:00
2025-10-19T20:00:00+08:00,TAIPEI_101,140,199,175,2025-10-19T20:05:00+08:00
2025-10-19T21:00:00+08:00,TPE_AIRPORT,71,153,113,2025-10-19T21:05:00+08:00
2025-10-19T21:00:00+08:00,TAIPEI_MAIN,113,184,165,2025-10-19T21:05:00+08:00
2025-10-19T21:00:00+08:00,XIMENDING,131,190,169,2025-10-19T21:05:00+08:00
2025-10-19T21:00:00+08:00,TAIPEI_101,135,199,163,2025-10-19T21:05:00+08:00
2025-10-19T22:00:00+08:00,TPE_AIRPORT,65,93,77,2025-10-19T22:05:00+08:00
2025-10-19T22:00:00+08:00,TAIPEI_MAIN,101,167,132,2025-10-19T22:05:00+08:00
2025-10-19T22:00:00+08:00,XIMENDING,150,193,142,2025-10-19T22:05:00+08:00
2025-10-19T22:00:00+08:00,TAIPEI_101,139,190,154,2025-10-19T22:05:00+08:00
2025-10-19T23:00:00+08:00,TPE_AIRPORT,64,138,117,2025-10-19T23:05:00+08:00
2025-10-19T23:00:00+08:00,TAIPEI_MAIN,131,150,133,2025-10-19T23:05:00+08:00
2025-10-19T23:00:00+08:00,XIMENDING,127,165,144,2025-10-19T23:05:00+08:00
2025-10-19T23:00:00+08:00,TAIPEI_101,122,180,161,2025-10-19T23:05:00+08:00
2025-10-20T00:00:00+08:00,TPE_AIRPORT,109,24,21,2025-10-20T00:05:00+08:00
2025-10-20T00:00:00+08:00,TAIPEI_MAIN,166,105,78,2025-10-20T00:05:00+08:00
2025-10-20T00:00:00+08:00,XIMENDING,191,124,110,2025-10-20T00:05:00+08:00
2025-10-20T00:00:00+08:00,TAIPEI_101,174,115,95,2025-10-20T00:05:00+08:00
2025-10-20T01:00:00+08:00,TPE_AIRPORT,118,88,79,2025-10-20T01:05:00+08:00
2025-10-20T01:00:00+08:00,TAIPEI_MAIN,136,72,63,2025-10-20T01:05:00+08:00
2025-10-20T01:00:00+08:00,XIMENDING,124,151,129,2025-10-20T01:05:00+08:00
2025-10-20T01:00:00+08:00,TAIPEI_101,163,125,107,2025-10-20T01:05:00+08:00
2025-10-20T02:00:00+08:00,TPE_AIRPORT,122,71,59,2025-10-20T02:05:00+08:00
2025-10-20T02:00:00+08:00,TAIPEI_MAIN,154,119,88,2025-10-20T02:05:00+08:00
2025-10-20T02:00:00+08:00,XIMENDING,179,155,118,2025-10-20T02:05:00+08:00
2025-10-20T02:00:00+08:00,TAIPEI_101,154,127,95,2025-10-20T02:05:00+08:00
2025-10-20T03:00:00+08:00,TPE_AIRPORT,119,82,65,2025-10-20T03:05:00+08:00
2025-10-20T03:00:00+08:00,TAIPEI_MAIN,168,122,89,2025-10-20T03:05:00+08:00
2025-10-20T03:00:00+08:00,XIMENDING,129,119,89,2025-10-20T03:05:00+08:00
2025-10-20T03:00:00+08:00,TAIPEI_101,143,109,99,2025-10-20T03:05:00+08:00
2025-10-20T04:00:00+08:00,TPE_AIRPORT,87,89,80,2025-10-20T04:05:00+08:00
2025-10-20T04:00:00+08:00,TAIPEI_MAIN,165,141,112,2025-10-20T04:05:00+08:00
2025-10-20T04:00:00+08:00,XIMENDING,125,118,88,2025-10-20T04:05:00+08:00
2025-10-20T04:00:00+08:00,TAIPEI_101,132,128,113,2025-10-20T04:05:00+08:00
2025-10-20T05:00:00+08:00,TPE_AIRPORT,98,105,77,2025-10-20T05:05:00+08:00
2025-10-20T05:00:00+08:00,TAIPEI_MAIN,138,186,162,2025-10-20T05:05:00+08:00
2025-10-20T05:00:00+08:00,XIMENDING,159,188,170,2025-10-20T05:05:00+08:00
2025-10-20T05:00:00+08:00,TAIPEI_101,121,205,158,2025-10-20T05:05:00+08:00
2025-10-20T06:00:00+08:00,TPE_AIRPORT,94,132,111,2025-10-20T06:05:00+08:00
2025-10-20T06:00:00+08:00,TAIPEI_MAIN,103,141,112,2025-10-20T06:05:00+08:00
2025-10-20T06:00:00+08:00,XIMENDING,123,193,173,2025-10-20T06:05:00+08:00
2025-10-20T06:00:00+08:00,TAIPEI_101,162,183,157,2025-10-20T06:05:00+08:00
2025-10-20T07:00:00+08:00,TPE_AIRPORT,77,134,97,2025-10-20T07:05:00+08:00
2025-10-20T07:00:00+08:00,TAIPEI_MAIN,146,218,193,2025-10-20T07:05:00+08:00
2025-10-20T07:00:00+08:00,XIMENDING,121,161,124,2025-10-20T07:05:00+08:00
2025-10-20T07:00:00+08:00,TAIPEI_101,139,165,139,2025-10-20T07:05:00+08:00
2025-10-20T08:00:00+08:00,TPE_AIRPORT,69,129,101,2025-10-20T08:05:00+08:00
2025-10-20T08:00:00+08:00,TAIPEI_MAIN,128,181,144,2025-10-20T08:05:00+08:00
2025-10-20T08:00:00+08:00,XIMENDING,145,201,157,2025-10-20T08:05:00+08:00
2025-10-20T08:00:00+08:00,TAIPEI_101,139,155,132,2025-10-20T08:05:00+08:00
2025-10-20T09:00:00+08:00,TPE_AIRPORT,131,58,42,2025-10-20T09:05:00+08:00
2025-10-20T09:00:00+08:00,TAIPEI_MAIN,183,107,94,2025-10-20T09:05:00+08:00
2025-10-20T09:00:00+08:00,XIMENDING,149,128,114,2025-10-20T09:05:00+08:00
2025-10-20T09:00:00+08:00,TAIPEI_101,117,88,79,2025-10-20T09:05:00+08:00
2025-10-20T10:00:00+08:00,TPE_AIRPORT,110,64,46,2025-10-20T10:05:00+08:00
2025-10-20T10:00:00+08:00,TAIPEI_MAIN,164,100,76,2025-10-20T10:05:00+08:00
2025-10-20T10:00:00+08:00,XIMENDING,153,134,116,2025-10-20T10:05:00+08:00
2025-10-20T10:00:00+08:00,TAIPEI_101,164,75,63,2025-10-20T10:05:00+08:00
2025-10-20T11:00:00+08:00,TPE_AIRPORT,95,90,69,2025-10-20T11:05:00+08:00
2025-10-20T11:00:00+08:00,TAIPEI_MAIN,146,103,86,2025-10-20T11:05:00+08:00
2025-10-20T11:00:00+08:00,XIMENDING,148,144,130,2025-10-20T11:05:00+08:00
2025-10-20T11:00:00+08:00,TAIPEI_101,178,136,105,2025-10-20T11:05:00+08:00
2025-10-20T12:00:00+08:00,TPE_AIRPORT,133,110,95,2025-10-20T12:05:00+08:00
2025-10-20T12:00:00+08:00,TAIPEI_MAIN,150,126,103,2025-10-20T12:05:00+08:00
2025-10-20T12:00:00+08:00,XIMENDING,161,126,113,2025-10-20T12:05:00+08:00
2025-10-20T12:00:00+08:00,TAIPEI_101,113,95,83,2025-10-20T12:05:00+08:00
2025-10-20T13:00:00+08:00,TPE_AIRPORT,82,76,57,2025-10-20T13:05:00+08:00
2025-10-20T13:00:00+08:00,TAIPEI_MAIN,169,130,108,2025-10-20T13:05:00+08:00
2025-10-20T13:00:00+08:00,XIMENDING,137,64,50,2025-10-20T13:05:00+08:00
2025-10-20T13:00:00+08:00,TAIPEI_101,182,138,104,2025-10-20T13:05:00+08:00
2025-10-20T14:00:00+08:00,TPE_AIRPORT,117,49,40,2025-10-20T14:05:00+08:00
2025-10-20T14:00:00+08:00,TAIPEI_MAIN,146,122,108,2025-10-20T14:05:00+08:00
2025-10-20T14:00:00+08:00,XIMENDING,172,102,89,2025-10-20T14:05:00+08:00
2025-10-20T14:00:00+08:00,TAIPEI_101,161,133,102,2025-10-20T14:05:00+08:00
2025-10-20T15:00:00+08:00,TPE_AIRPORT,112,79,66,2025-10-20T15:05:00+08:00
2025-10-20T15:00:00+08:00,TAIPEI_MAIN,138,79,67,2025-10-20T15:05:00+08:00
2025-10-20T15:00:00+08:00,XIMENDING,123,92,74,2025-10-20T15:05:00+08:00
2025-10-20T15:00:00+08:00,TAIPEI_101,156,137,115,2025-10-20T15:05:00+08:00
2025-10-20T16:00:00+08:00,TPE_AIRPORT,106,88,76,2025-10-20T16:05:00+08:00
2025-10-20T16:00:00+08:00,TAIPEI_MAIN,172,119,99,2025-10-20T16:05:00+08:00
2025-10-20T16:00:00+08:00,XIMENDING,130,148,118,2025-10-20T16:05:00+08:00
2025-10-20T16:00:00+08:00,TAIPEI_101,159,123,107,2025-10-20T16:05:00+08:00
2025-10-20T17:00:00+08:00,TPE_AIRPORT,147,87,69,2025-10-20T17:05:00+08:00
2025-10-20T17:00:00+08:00,TAIPEI_MAIN,163,115,92,2025-10-20T17:05:00+08:00
2025-10-20T17:00:00+08:00,XIMENDING,151,93,75,2025-10-20T17:05:00+08:00
2025-10-20T17:00:00+08:00,TAIPEI_101,144,116,102,2025-10-20T17:05:00+08:00
2025-10-20T18:00:00+08:00,TPE_AIRPORT,127,86,72,2025-10-20T18:05:00+08:00
2025-10-20T18:00:00+08:00,TAIPEI_MAIN,157,92,78,2025-10-20T18:05:00+08:00
2025-10-20T18:00:00+08:00,XIMENDING,152,91,81,2025-10-20T18:05:00+08:00
2025-10-20T18:00:00+08:00,TAIPEI_101,176,124,111,2025-10-20T18:05:00+08:00
2025-10-20T19:00:00+08:00,TPE_AIRPORT,119,66,60,2025-10-20T19:05:00+08:00
2025-10-20T19:00:00+08:00,TAIPEI_MAIN,169,144,126,2025-10-20T19:05:00+08:00
2025-10-20T19:00:00+08:00,XIMENDING,133,108,88,2025-10-20T19:05:00+08:00
2025-10-20T19:00:00+08:00,TAIPEI_101,156,135,104,2025-10-20T19:05:00+08:00
2025-10-20T20:00:00+08:00,TPE_AIRPORT,103,143,122,2025-10-20T20:05:00+08:00
2025-10-20T20:00:00+08:00,TAIPEI_MAIN,132,205,179,2025-10-20T20:05:00+08:00
2025-10-20T20:00:00+08:00,XIMENDING,154,192,155,2025-10-20T20:05:00+08:00
2025-10-20T20:00:00+08:00,TAIPEI_101,183,174,154,2025-10-20T20:05:00+08:00
2025-10-20T21:00:00+08:00,TPE_AIRPORT,101,163,126,2025-10-20T21:05:00+08:00
2025-10-20T21:00:00+08:00,TAIPEI_MAIN,162,187,160,2025-10-20T21:05:00+08:00
2025-10-20T21:00:00+08:00,XIMENDING,139,192,148,2025-10-20T21:05:00+08:00
2025-10-20T21:00:00+08:00,TAIPEI_101,135,185,137,2025-10-20T21:05:00+08:00
2025-10-20T22:00:00+08:00,TPE_AIRPORT,72,92,76,2025-10-20T22:05:00+08:00
2025-10-20T22:00:00+08:00,TAIPEI_MAIN,111,213,165,2025-10-20T22:05:00+08:00
2025-10-20T22:00:00+08:00,XIMENDING,160,178,149,2025-10-20T22:05:00+08:00
2025-10-20T22:00:00+08:00,TAIPEI_101,120,168,126,2025-10-20T22:05:00+08:00
2025-10-20T23:00:00+08:00,TPE_AIRPORT,102,139,117,2025-10-20T23:05:00+08:00
2025-10-20T23:00:00+08:00,TAIPEI_MAIN,142,168,136,2025-10-20T23:05:00+08:00
2025-10-20T23:00:00+08:00,XIMENDING,153,161,119,2025-10-20T23:05:00+08:00
2025-10-20T23:00:00+08:00,TAIPEI_101,156,173,149,2025-10-20T23:05:00+08:00
2025-10-21T00:00:00+08:00,TPE_AIRPORT,133,116,87,2025-10-21T00:05:00+08:00
2025-10-21T00:00:00+08:00,TAIPEI_MAIN,130,133,109,2025-10-21T00:05:00+08:00
2025-10-21T00:00:00+08:00,XIMENDING,162,117,95,2025-10-21T00:05:00+08:00
2025-10-21T00:00:00+08:00,TAIPEI_101,170,113,82,2025-10-21T00:05:00+08:00
2025-10-21T01:00:00+08:00,TPE_AIRPORT,138,103,85,2025-10-21T01:05:00+08:00
2025-10-21T01:00:00+08:00,TAIPEI_MAIN,127,131,110,2025-10-21T01:05:00+08:00
2025-10-21T01:00:00+08:00,XIMENDING,150,92,73,2025-10-21T01:05:00+08:00
2025-10-21T01:00:00+08:00,TAIPEI_101,168,124,91,2025-10-21T01:05:00+08:00
2025-10-21T02:00:00+08:00,TPE_AIRPORT,121,60,45,2025-10-21T02:05:00+08:00
2025-10-21T02:00:00+08:00,TAIPEI_MAIN,154,118,93,2025-10-21T02:05:00+08:00
2025-10-21T02:00:00+08:00,XIMENDING,145,88,77,2025-10-21T02:05:00+08:00
2025-10-21T02:00:00+08:00,TAIPEI_101,179,127,95,2025-10-21T02:05:00+08:00
2025-10-21T03:00:00+08:00,TPE_AIRPORT,109,84,61,2025-10-21T03:05:00+08:00
2025-10-21T03:00:00+08:00,TAIPEI_MAIN,137,94,74,2025-10-21T03:05:00+08:00
2025-10-21T03:00:00+08:00,XIMENDING,119,113,99,2025-10-21T03:05:00+08:00
2025-10-21T03:00:00+08:00,TAIPEI_101,136,121,103,2025-10-21T03:05:00+08:00
2025-10-21T04:00:00+08:00,TPE_AIRPORT,110,85,71,2025-10-21T04:05:00+08:00
2025-10-21T04:00:00+08:00,TAIPEI_MAIN,155,118,95,2025-10-21T04:05:00+08:00
2025-10-21T04:00:00+08:00,XIMENDING,190,135,111,2025-10-21T04:05:00+08:00
2025-10-21T04:00:00+08:00,TAIPEI_101,174,144,109,2025-10-21T04:05:00+08:00
2025-10-21T05:00:00+08:00,TPE_AIRPORT,77,131,113,2025-10-21T05:05:00+08:00
2025-10-21T05:00:00+08:00,TAIPEI_MAIN,115,222,168,2025-10-21T05:05:00+08:00
2025-10-21T05:00:00+08:00,XIMENDING,153,211,177,2025-10-21T05:05:00+08:00
2025-10-21T05:00:00+08:00,TAIPEI_101,152,180,161,2025-10-21T05:05:00+08:00
2025-10-21T06:00:00+08:00,TPE_AIRPORT,66,130,114,2025-10-21T06:05:00+08:00
2025-10-21T06:00:00+08:00,TAIPEI_MAIN,165,178,139,2025-10-21T06:05:00+08:00
2025-10-21T06:00:00+08:00,XIMENDING,147,232,181,2025-10-21T06:05:00+08:00
2025-10-21T06:00:00+08:00,TAIPEI_101,128,168,134,2025-10-21T06:05:00+08:00
2025-10-21T07:00:00+08:00,TPE_AIRPORT,54,125,111,2025-10-21T07:05:00+08:00
2025-10-21T07:00:00+08:00,TAIPEI_MAIN,88,209,182,2025-10-21T07:05:00+08:00
2025-10-21T07:00:00+08:00,XIMENDING,128,190,150,2025-10-21T07:05:00+08:00
2025-10-21T07:00:00+08:00,TAIPEI_101,147,151,126,2025-10-21T07:05:00+08:00
2025-10-21T08:00:00+08:00,TPE_AIRPORT,61,148,116,2025-10-21T08:05:00+08:00
2025-10-21T08:00:00+08:00,TAIPEI_MAIN,123,199,162,2025-10-21T08:05:00+08:00
2025-10-21T08:00:00+08:00,XIMENDING,142,145,111,2025-10-21T08:05:00+08:00
2025-10-21T08:00:00+08:00,TAIPEI_101,155,192,156,2025-10-21T08:05:00+08:00
2025-10-21T09:00:00+08:00,TPE_AIRPORT,80,80,72,2025-10-21T09:05:00+08:00
2025-10-21T09:00:00+08:00,TAIPEI_MAIN,147,97,76,2025-10-21T09:05:00+08:00
2025-10-21T09:00:00+08:00,XIMENDING,157,135,103,2025-10-21T09:05:00+08:00
2025-10-21T09:00:00+08:00,TAIPEI_101,155,139,116,2025-10-21T09:05:00+08:00
2025-10-21T10:00:00+08:00,TPE_AIRPORT,95,104,86,2025-10-21T10:05:00+08:00
2025-10-21T10:00:00+08:00,TAIPEI_MAIN,147,124,102,2025-10-21T10:05:00+08:00
2025-10-21T10:00:00+08:00,XIMENDING,160,107,95,2025-10-21T10:05:00+08:00
2025-10-21T10:00:00+08:00,TAIPEI_101,154,142,114,2025-10-21T10:05:00+08:00
2025-10-21T11:00:00+08:00,TPE_AIRPORT,117,81,68,2025-10-21T11:05:00+08:00
2025-10-21T11:00:00+08:00,TAIPEI_MAIN,161,98,85,2025-10-21T11:05:00+08:00
2025-10-21T11:00:00+08:00,XIMENDING,179,144,128,2025-10-21T11:05:00+08:00
2025-10-21T11:00:00+08:00,TAIPEI_101,164,94,74,2025-10-21T11:05:00+08:00
2025-10-21T12:00:00+08:00,TPE_AIRPORT,134,62,54,2025-10-21T12:05:00+08:00
2025-10-21T12:00:00+08:00,TAIPEI_MAIN,123,75,64,2025-10-21T12:05:00+08:00
2025-10-21T12:00:00+08:00,XIMENDING,149,122,108,2025-10-21T12:05:00+08:00
2025-10-21T12:00:00+08:00,TAIPEI_101,163,122,97,2025-10-21T12:05:00+08:00
2025-10-21T13:00:00+08:00,TPE_AIRPORT,105,78,57,2025-10-21T13:05:00+08:00
2025-10-21T13:00:00+08:00,TAIPEI_MAIN,179,83,66,2025-10-21T13:05:00+08:00
2025-10-21T13:00:00+08:00,XIMENDING,121,104,75,2025-10-21T13:05:00+08:00
2025-10-21T13:00:00+08:00,TAIPEI_101,142,84,73,2025-10-21T13:05:00+08:00
2025-10-21T14:00:00+08:00,TPE_AIRPORT,117,60,47,2025-10-21T14:05:00+08:00
2025-10-21T14:00:00+08:00,TAIPEI_MAIN,174,131,104,2025-10-21T14:05:00+08:00
2025-10-21T14:00:00+08:00,XIMENDING,155,110,82,2025-10-21T14:05:00+08:00
2025-10-21T14:00:00+08:00,TAIPEI_101,169,104,92,2025-10-21T14:05:00+08:00
2025-10-21T15:00:00+08:00,TPE_AIRPORT,148,92,73,2025-10-21T15:05:00+08:00
2025-10-21T15:00:00+08:00,TAIPEI_MAIN,144,101,77,2025-10-21T15:05:00+08:00
2025-10-21T15:00:00+08:00,XIMENDING,131,118,102,2025-10-21T15:05:00+08:00
2025-10-21T15:00:00+08:00,TAIPEI_101,167,95,73,2025-10-21T15:05:00+08:00
2025-10-21T16:00:00+08:00,TPE_AIRPORT,115,73,64,2025-10-21T16:05:00+08:00
2025-10-21T16:00:00+08:00,TAIPEI_MAIN,161,118,85,2025-10-21T16:05:00+08:00
2025-10-21T16:00:00+08:00,XIMENDING,133,125,104,2025-10-21T16:05:00+08:00
2025-10-21T16:00:00+08:00,TAIPEI_101,175,92,77,2025-10-21T16:05:00+08:00
2025-10-21T17:00:00+08:00,TPE_AIRPORT,122,117,99,2025-10-21T17:05:00+08:00
2025-10-21T17:00:00+08:00,TAIPEI_MAIN,145,125,102,2025-10-21T17:05:00+08:00
2025-10-21T17:00:00+08:00,XIMENDING,145,134,107,2025-10-21T17:05:00+08:00
2025-10-21T17:00:00+08:00,TAIPEI_101,159,160,130,2025-10-21T17:05:00+08:00
2025-10-21T18:00:00+08:00,TPE_AIRPORT,122,74,62,2025-10-21T18:05:00+08:00
2025-10-21T18:00:00+08:00,TAIPEI_MAIN,130,141,106,2025-10-21T18:05:00+08:00
2025-10-21T18:00:00+08:00,XIMENDING,157,170,137,2025-10-21T18:05:00+08:00
2025-10-21T18:00:00+08:00,TAIPEI_101,147,96,79,2025-10-21T18:05:00+08:00
2025-10-21T19:00:00+08:00,TPE_AIRPORT,127,52,41,2025-10-21T19:05:00+08:00
2025-10-21T19:00:00+08:00,TAIPEI_MAIN,170,160,124,2025-10-21T19:05:00+08:00
2025-10-21T19:00:00+08:00,XIMENDING,155,115,85,2025-10-21T19:05:00+08:00
2025-10-21T19:00:00+08:00,TAIPEI_101,142,143,104,2025-10-21T19:05:00+08:00
2025-10-21T20:00:00+08:00,TPE_AIRPORT,75,130,107,2025-10-21T20:05:00+08:00
2025-10-21T20:00:00+08:00,TAIPEI_MAIN,150,156,113,2025-10-21T20:05:00+08:00
2025-10-21T20:00:00+08:00,XIMENDING,163,197,157,2025-10-21T20:05:00+08:00
2025-10-21T20:00:00+08:00,TAIPEI_101,160,152,121,2025-10-21T20:05:00+08:00
2025-10-21T21:00:00+08:00,TPE_AIRPORT,95,140,112,2025-10-21T21:05:00+08:00
2025-10-21T21:00:00+08:00,TAIPEI_MAIN,155,190,147,2025-10-21T21:05:00+08:00
2025-10-21T21:00:00+08:00,XIMENDING,134,183,159,2025-10-21T21:05:00+08:00
2025-10-21T21:00:00+08:00,TAIPEI_101,123,189,161,2025-10-21T21:05:00+08:00
2025-10-21T22:00:00+08:00,TPE_AIRPORT,81,128,107,2025-10-21T22:05:00+08:00
2025-10-21T22:00:00+08:00,TAIPEI_MAIN,133,207,181,2025-10-21T22:05:00+08:00
2025-10-21T22:00:00+08:00,XIMENDING,162,193,174,2025-10-21T22:05:00+08:00
2025-10-21T22:00:00+08:00,TAIPEI_101,135,196,167,2025-10-21T22:05:00+08:00
2025-10-21T23:00:00+08:00,TPE_AIRPORT,71,144,119,2025-10-21T23:05:00+08:00
2025-10-21T23:00:00+08:00,TAIPEI_MAIN,132,170,123,2025-10-21T23:05:00+08:00
2025-10-21T23:00:00+08:00,XIMENDING,114,186,149,2025-10-21T23:05:00+08:00
2025-10-21T23:00:00+08:00,TAIPEI_101,161,203,152,2025-10-21T23:05:00+08:00
2025-10-22T00:00:00+08:00,TPE_AIRPORT,87,83,66,2025-10-22T00:05:00+08:00
2025-10-22T00:00:00+08:00,TAIPEI_MAIN,156,112,92,2025-10-22T00:05:00+08:00
2025-10-22T00:00:00+08:00,XIMENDING,147,109,92,2025-10-22T00:05:00+08:00
2025-10-22T00:00:00+08:00,TAIPEI_101,160,90,81,2025-10-22T00:05:00+08:00
2025-10-22T01:00:00+08:00,TPE_AIRPORT,91,53,44,2025-10-22T01:05:00+08:00
2025-10-22T01:00:00+08:00,TAIPEI_MAIN,152,95,71,2025-10-22T01:05:00+08:00
2025-10-22T01:00:00+08:00,XIMENDING,172,90,72,2025-10-22T01:05:00+08:00
2025-10-22T01:00:00+08:00,TAIPEI_101,165,94,83,2025-10-22T01:05:00+08:00
2025-10-22T02:00:00+08:00,TPE_AIRPORT,92,70,60,2025-10-22T02:05:00+08:00
2025-10-22T02:00:00+08:00,TAIPEI_MAIN,182,119,91,2025-10-22T02:05:00+08:00
2025-10-22T02:00:00+08:00,XIMENDING,183,166,127,2025-10-22T02:05:00+08:00
2025-10-22T02:00:00+08:00,TAIPEI_101,174,149,108,2025-10-22T02:05:00+08:00
2025-10-22T03:00:00+08:00,TPE_AIRPORT,97,96,77,2025-10-22T03:05:00+08:00
2025-10-22T03:00:00+08:00,TAIPEI_MAIN,159,121,106,2025-10-22T03:05:00+08:00
2025-10-22T03:00:00+08:00,XIMENDING,158,111,83,2025-10-22T03:05:00+08:00
2025-10-22T03:00:00+08:00,TAIPEI_101,155,117,102,2025-10-22T03:05:00+08:00
2025-10-22T04:00:00+08:00,TPE_AIRPORT,111,87,68,2025-10-22T04:05:00+08:00
2025-10-22T04:00:00+08:00,TAIPEI_MAIN,153,105,81,2025-10-22T04:05:00+08:00
2025-10-22T04:00:00+08:00,XIMENDING,162,91,76,2025-10-22T04:05:00+08:00
2025-10-22T04:00:00+08:00,TAIPEI_101,136,124,95,2025-10-22T04:05:00+08:00
2025-10-22T05:00:00+08:00,TPE_AIRPORT,103,122,92,2025-10-22T05:05:00+08:00
2025-10-22T05:00:00+08:00,TAIPEI_MAIN,165,179,156,2025-10-22T05:05:00+08:00
2025-10-22T05:00:00+08:00,XIMENDING,131,169,130,2025-10-22T05:05:00+08:00
2025-10-22T05:00:00+08:00,TAIPEI_101,146,200,161,2025-10-22T05:05:00+08:00
2025-10-22T06:00:00+08:00,TPE_AIRPORT,112,162,130,2025-10-22T06:05:00+08:00
2025-10-22T06:00:00+08:00,TAIPEI_MAIN,140,131,98,2025-10-22T06:05:00+08:00
2025-10-22T06:00:00+08:00,XIMENDING,160,166,138,2025-10-22T06:05:00+08:00
2025-10-22T06:00:00+08:00,TAIPEI_101,147,165,145,2025-10-22T06:05:00+08:00
2025-10-22T07:00:00+08:00,TPE_AIRPORT,99,100,81,2025-10-22T07:05:00+08:00
2025-10-22T07:00:00+08:00,TAIPEI_MAIN,132,172,127,2025-10-22T07:05:00+08:00
2025-10-22T07:00:00+08:00,XIMENDING,133,154,112,2025-10-22T07:05:00+08:00
2025-10-22T07:00:00+08:00,TAIPEI_101,129,164,120,2025-10-22T07:05:00+08:00
2025-10-22T08:00:00+08:00,TPE_AIRPORT,54,136,101,2025-10-22T08:05:00+08:00
2025-10-22T08:00:00+08:00,TAIPEI_MAIN,105,171,142,2025-10-22T08:05:00+08:00
2025-10-22T08:00:00+08:00,XIMENDING,151,179,148,2025-10-22T08:05:00+08:00
2025-10-22T08:00:00+08:00,TAIPEI_101,156,157,130,2025-10-22T08:05:00+08:00
2025-10-22T09:00:00+08:00,TPE_AIRPORT,106,84,74,2025-10-22T09:05:00+08:00
2025-10-22T09:00:00+08:00,TAIPEI_MAIN,158,128,97,2025-10-22T09:05:00+08:00
2025-10-22T09:00:00+08:00,XIMENDING,142,127,105,2025-10-22T09:05:00+08:00
2025-10-22T09:00:00+08:00,TAIPEI_101,178,140,112,2025-10-22T09:05:00+08:00
2025-10-22T10:00:00+08:00,TPE_AIRPORT,94,57,51,2025-10-22T10:05:00+08:00
2025-10-22T10:00:00+08:00,TAIPEI_MAIN,193,157,135,2025-10-22T10:05:00+08:00
2025-10-22T10:00:00+08:00,XIMENDING,128,123,104,2025-10-22T10:05:00+08:00
2025-10-22T10:00:00+08:00,TAIPEI_101,146,95,83,2025-10-22T10:05:00+08:00
2025-10-22T11:00:00+08:00,TPE_AIRPORT,90,64,58,2025-10-22T11:05:00+08:00
2025-10-22T11:00:00+08:00,TAIPEI_MAIN,138,87,66,2025-10-22T11:05:00+08:00
2025-10-22T11:00:00+08:00,XIMENDING,163,128,102,2025-10-22T11:05:00+08:00
2025-10-22T11:00:00+08:00,TAIPEI_101,177,150,133,2025-10-22T11:05:00+08:00
2025-10-22T12:00:00+08:00,TPE_AIRPORT,94,53,47,2025-10-22T12:05:00+08:00
2025-10-22T12:00:00+08:00,TAIPEI_MAIN,178,94,68,2025-10-22T12:05:00+08:00
2025-10-22T12:00:00+08:00,XIMENDING,206,119,96,2025-10-22T12:05:00+08:00
2025-10-22T12:00:00+08:00,TAIPEI_101,137,115,100,2025-10-22T12:05:00+08:00
2025-10-22T13:00:00+08:00,TPE_AIRPORT,112,83,73,2025-10-22T13:05:00+08:00
2025-10-22T13:00:00+08:00,TAIPEI_MAIN,143,137,117,2025-10-22T13:05:00+08:00
2025-10-22T13:00:00+08:00,XIMENDING,135,119,98,2025-10-22T13:05:00+08:00
2025-10-22T13:00:00+08:00,TAIPEI_101,153,157,118,2025-10-22T13:05:00+08:00
2025-10-22T14:00:00+08:00,TPE_AIRPORT,114,91,79,2025-10-22T14:05:00+08:00
2025-10-22T14:00:00+08:00,TAIPEI_MAIN,179,87,64,2025-10-22T14:05:00+08:00
2025-10-22T14:00:00+08:00,XIMENDING,153,95,70,2025-10-22T14:05:00+08:00
2025-10-22T14:00:00+08:00,TAIPEI_101,156,98,80,2025-10-22T14:05:00+08:00
2025-10-22T15:00:00+08:00,TPE_AIRPORT,115,79,65,2025-10-22T15:05:00+08:00
2025-10-22T15:00:00+08:00,TAIPEI_MAIN,166,101,76,2025-10-22T15:05:00+08:00
2025-10-22T15:00:00+08:00,XIMENDING,156,145,115,2025-10-22T15:05:00+08:00
2025-10-22T15:00:00+08:00,TAIPEI_101,171,113,94,2025-10-22T15:05:00+08:00
2025-10-22T16:00:00+08:00,TPE_AIRPORT,127,72,59,2025-10-22T16:05:00+08:00
2025-10-22T16:00:00+08:00,TAIPEI_MAIN,155,138,102,2025-10-22T16:05:00+08:00
2025-10-22T16:00:00+08:00,XIMENDING,174,121,107,2025-10-22T16:05:00+08:00
2025-10-22T16:00:00+08:00,TAIPEI_101,171,76,56,2025-10-22T16:05:00+08:00
2025-10-22T17:00:00+08:00,TPE_AIRPORT,119,69,53,2025-10-22T17:05:00+08:00
2025-10-22T17:00:00+08:00,TAIPEI_MAIN,141,134,103,2025-10-22T17:05:00+08:00
2025-10-22T17:00:00+08:00,XIMENDING,157,86,73,2025-10-22T17:05:00+08:00
2025-10-22T17:00:00+08:00,TAIPEI_101,172,114,89,2025-10-22T17:05:00+08:00
2025-10-22T18:00:00+08:00,TPE_AIRPORT,137,48,37,2025-10-22T18:05:00+08:00
2025-10-22T18:00:00+08:00,TAIPEI_MAIN,180,97,73,2025-10-22T18:05:00+08:00
2025-10-22T18:00:00+08:00,XIMENDING,141,94,78,2025-10-22T18:05:00+08:00
2025-10-22T18:00:00+08:00,TAIPEI_101,172,120,103,2025-10-22T18:05:00+08:00
2025-10-22T19:00:00+08:00,TPE_AIRPORT,108,30,25,2025-10-22T19:05:00+08:00
2025-10-22T19:00:00+08:00,TAIPEI_MAIN,178,113,93,2025-10-22T19:05:00+08:00
2025-10-22T19:00:00+08:00,XIMENDING,155,98,83,2025-10-22T19:05:00+08:00
2025-10-22T19:00:00+08:00,TAIPEI_101,152,103,93,2025-10-22T19:05:00+08:00
2025-10-22T20:00:00+08:00,TPE_AIRPORT,101,142,103,2025-10-22T20:05:00+08:00
2025-10-22T20:00:00+08:00,TAIPEI_MAIN,168,186,162,2025-10-22T20:05:00+08:00
2025-10-22T20:00:00+08:00,XIMENDING,135,157,115,2025-10-22T20:05:00+08:00
2025-10-22T20:00:00+08:00,TAIPEI_101,129,196,153,2025-10-22T20:05:00+08:00
2025-10-22T21:00:00+08:00,TPE_AIRPORT,95,138,121,2025-10-22T21:05:00+08:00
2025-10-22T21:00:00+08:00,TAIPEI_MAIN,153,199,168,2025-10-22T21:05:00+08:00
2025-10-22T21:00:00+08:00,XIMENDING,134,177,151,2025-10-22T21:05:00+08:00
2025-10-22T21:00:00+08:00,TAIPEI_101,122,195,177,2025-10-22T21:05:00+08:00
2025-10-22T22:00:00+08:00,TPE_AIRPORT,114,124,94,2025-10-22T22:05:00+08:00
2025-10-22T22:00:00+08:00,TAIPEI_MAIN,118,192,171,2025-10-22T22:05:00+08:00
2025-10-22T22:00:00+08:00,XIMENDING,136,220,164,2025-10-22T22:05:00+08:00
2025-10-22T22:00:00+08:00,TAIPEI_101,157,174,132,2025-10-22T22:05:00+08:00
2025-10-22T23:00:00+08:00,TPE_AIRPORT,47,163,133,2025-10-22T23:05:00+08:00
2025-10-22T23:00:00+08:00,TAIPEI_MAIN,132,190,139,2025-10-22T23:05:00+08:00
2025-10-22T23:00:00+08:00,XIMENDING,157,184,152,2025-10-22T23:05:00+08:00
2025-10-22T23:00:00+08:00,TAIPEI_101,146,187,161,2025-10-22T23:05:00+08:00
2025-10-23T00:00:00+08:00,TPE_AIRPORT,97,44,39,2025-10-23T00:05:00+08:00
2025-10-23T00:00:00+08:00,TAIPEI_MAIN,170,167,151,2025-10-23T00:05:00+08:00
2025-10-23T00:00:00+08:00,XIMENDING,171,120,102,2025-10-23T00:05:00+08:00
2025-10-23T00:00:00+08:00,TAIPEI_101,149,171,139,2025-10-23T00:05:00+08:00
2025-10-23T01:00:00+08:00,TPE_AIRPORT,81,99,88,2025-10-23T01:05:00+08:00
2025-10-23T01:00:00+08:00,TAIPEI_MAIN,141,147,124,2025-10-23T01:05:00+08:00
2025-10-23T01:00:00+08:00,XIMENDING,174,130,106,2025-10-23T01:05:00+08:00
2025-10-23T01:00:00+08:00,TAIPEI_101,191,152,111,2025-10-23T01:05:00+08:00
2025-10-23T02:00:00+08:00,TPE_AIRPORT,97,87,62,2025-10-23T02:05:00+08:00
2025-10-23T02:00:00+08:00,TAIPEI_MAIN,159,88,68,2025-10-23T02:05:00+08:00
2025-10-23T02:00:00+08:00,XIMENDING,133,124,96,2025-10-23T02:05:00+08:00
2025-10-23T02:00:00+08:00,TAIPEI_101,161,123,110,2025-10-23T02:05:00+08:00
2025-10-23T03:00:00+08:00,TPE_AIRPORT,101,78,69,2025-10-23T03:05:00+08:00
2025-10-23T03:00:00+08:00,TAIPEI_MAIN,168,102,81,2025-10-23T03:05:00+08:00
2025-10-23T03:00:00+08:00,XIMENDING,117,115,97,2025-10-23T03:05:00+08:00
2025-10-23T03:00:00+08:00,TAIPEI_101,161,118,106,2025-10-23T03:05:00+08:00
2025-10-23T04:00:00+08:00,TPE_AIRPORT,134,87,71,2025-10-23T04:05:00+08:00
2025-10-23T04:00:00+08:00,TAIPEI_MAIN,154,110,83,2025-10-23T04:05:00+08:00
2025-10-23T04:00:00+08:00,XIMENDING,156,113,86,2025-10-23T04:05:00+08:00
2025-10-23T04:00:00+08:00,TAIPEI_101,154,93,79,2025-10-23T04:05:00+08:00
2025-10-23T05:00:00+08:00,TPE_AIRPORT,80,82,61,2025-10-23T05:05:00+08:00
2025-10-23T05:00:00+08:00,TAIPEI_MAIN,100,201,150,2025-10-23T05:05:00+08:00
2025-10-23T05:00:00+08:00,XIMENDING,126,148,112,2025-10-23T05:05:00+08:00
2025-10-23T05:00:00+08:00,TAIPEI_101,118,225,181,2025-10-23T05:05:00+08:00
2025-10-23T06:00:00+08:00,TPE_AIRPORT,99,140,109,2025-10-23T06:05:00+08:00
2025-10-23T06:00:00+08:00,TAIPEI_MAIN,112,200,154,2025-10-23T06:05:00+08:00
2025-10-23T06:00:00+08:00,XIMENDING,119,183,155,2025-10-23T06:05:00+08:00
2025-10-23T06:00:00+08:00,TAIPEI_101,152,199,159,2025-10-23T06:05:00+08:00
2025-10-23T07:00:00+08:00,TPE_AIRPORT,102,145,129,2025-10-23T07:05:00+08:00
2025-10-23T07:00:00+08:00,TAIPEI_MAIN,111,175,129,2025-10-23T07:05:00+08:00
2025-10-23T07:00:00+08:00,XIMENDING,88,164,120,2025-10-23T07:05:00+08:00
2025-10-23T07:00:00+08:00,TAIPEI_101,161,179,153,2025-10-23T07:05:00+08:00
2025-10-23T08:00:00+08:00,TPE_AIRPORT,59,216,158,2025-10-23T08:05:00+08:00
2025-10-23T08:00:00+08:00,TAIPEI_MAIN,119,202,172,2025-10-23T08:05:00+08:00
2025-10-23T08:00:00+08:00,XIMENDING,156,177,144,2025-10-23T08:05:00+08:00
2025-10-23T08:00:00+08:00,TAIPEI_101,183,190,143,2025-10-23T08:05:00+08:00
2025-10-23T09:00:00+08:00,TPE_AIRPORT,97,35,28,2025-10-23T09:05:00+08:00
2025-10-23T09:00:00+08:00,TAIPEI_MAIN,183,146,126,2025-10-23T09:05:00+08:00
2025-10-23T09:00:00+08:00,XIMENDING,147,92,82,2025-10-23T09:05:00+08:00
2025-10-23T09:00:00+08:00,TAIPEI_101,154,115,96,2025-10-23T09:05:00+08:00
2025-10-23T10:00:00+08:00,TPE_AIRPORT,99,87,71,2025-10-23T10:05:00+08:00
2025-10-23T10:00:00+08:00,TAIPEI_MAIN,173,108,91,2025-10-23T10:05:00+08:00
2025-10-23T10:00:00+08:00,XIMENDING,145,131,106,2025-10-23T10:05:00+08:00
2025-10-23T10:00:00+08:00,TAIPEI_101,168,133,105,2025-10-23T10:05:00+08:00
2025-10-23T11:00:00+08:00,TPE_AIRPORT,104,110,91,2025-10-23T11:05:00+08:00
2025-10-23T11:00:00+08:00,TAIPEI_MAIN,154,51,46,2025-10-23T11:05:00+08:00
2025-10-23T11:00:00+08:00,XIMENDING,160,101,90,2025-10-23T11:05:00+08:00
2025-10-23T11:00:00+08:00,TAIPEI_101,176,126,107,2025-10-23T11:05:00+08:00
2025-10-23T12:00:00+08:00,TPE_AIRPORT,123,68,60,2025-10-23T12:05:00+08:00
2025-10-23T12:00:00+08:00,TAIPEI_MAIN,157,108,94,2025-10-23T12:05:00+08:00
2025-10-23T12:00:00+08:00,XIMENDING,183,141,103,2025-10-23T12:05:00+08:00
2025-10-23T12:00:00+08:00,TAIPEI_101,161,141,112,2025-10-23T12:05:00+08:00
2025-10-23T13:00:00+08:00,TPE_AIRPORT,142,85,74,2025-10-23T13:05:00+08:00
2025-10-23T13:00:00+08:00,TAIPEI_MAIN,159,93,84,2025-10-23T13:05:00+08:00
2025-10-23T13:00:00+08:00,XIMENDING,184,101,74,2025-10-23T13:05:00+08:00
2025-10-23T13:00:00+08:00,TAIPEI_101,134,101,87,2025-10-23T13:05:00+08:00
2025-10-23T14:00:00+08:00,TPE_AIRPORT,96,54,43,2025-10-23T14:05:00+08:00
2025-10-23T14:00:00+08:00,TAIPEI_MAIN,159,142,119,2025-10-23T14:05:00+08:00
2025-10-23T14:00:00+08:00,XIMENDING,154,80,65,2025-10-23T14:05:00+08:00
2025-10-23T14:00:00+08:00,TAIPEI_101,162,117,91,2025-10-23T14:05:00+08:00
2025-10-23T15:00:00+08:00,TPE_AIRPORT,106,49,38,2025-10-23T15:05:00+08:00
2025-10-23T15:00:00+08:00,TAIPEI_MAIN,156,140,114,2025-10-23T15:05:00+08:00
2025-10-23T15:00:00+08:00,XIMENDING,143,123,107,2025-10-23T15:05:00+08:00
2025-10-23T15:00:00+08:00,TAIPEI_101,163,96,74,2025-10-23T15:05:00+08:00
2025-10-23T16:00:00+08:00,TPE_AIRPORT,86,93,75,2025-10-23T16:05:00+08:00
2025-10-23T16:00:00+08:00,TAIPEI_MAIN,160,101,77,2025-10-23T16:05:00+08:00
2025-10-23T16:00:00+08:00,XIMENDING,150,126,102,2025-10-23T16:05:00+08:00
2025-10-23T16:00:00+08:00,TAIPEI_101,166,134,105,2025-10-23T16:05:00+08:00
2025-10-23T17:00:00+08:00,TPE_AIRPORT,138,75,54,2025-10-23T17:05:00+08:00
2025-10-23T17:00:00+08:00,TAIPEI_MAIN,157,105,76,2025-10-23T17:05:00+08:00
2025-10-23T17:00:00+08:00,XIMENDING,183,146,106,2025-10-23T17:05:00+08:00
2025-10-23T17:00:00+08:00,TAIPEI_101,181,158,117,2025-10-23T17:05:00+08:00
2025-10-23T18:00:00+08:00,TPE_AIRPORT,85,96,69,2025-10-23T18:05:00+08:00
2025-10-23T18:00:00+08:00,TAIPEI_MAIN,146,109,79,2025-10-23T18:05:00+08:00
2025-10-23T18:00:00+08:00,XIMENDING,183,139,104,2025-10-23T18:05:00+08:00
2025-10-23T18:00:00+08:00,TAIPEI_101,150,101,74,2025-10-23T18:05:00+08:00
2025-10-23T19:00:00+08:00,TPE_AIRPORT,99,104,80,2025-10-23T19:05:00+08:00
2025-10-23T19:00:00+08:00,TAIPEI_MAIN,156,125,110,2025-10-23T19:05:00+08:00
2025-10-23T19:00:00+08:00,XIMENDING,174,137,100,2025-10-23T19:05:00+08:00
2025-10-23T19:00:00+08:00,TAIPEI_101,161,109,93,2025-10-23T19:05:00+08:00
2025-10-23T20:00:00+08:00,TPE_AIRPORT,41,130,101,2025-10-23T20:05:00+08:00
2025-10-23T20:00:00+08:00,TAIPEI_MAIN,156,174,130,2025-10-23T20:05:00+08:00
2025-10-23T20:00:00+08:00,XIMENDING,143,173,130,2025-10-23T20:05:00+08:00
2025-10-23T20:00:00+08:00,TAIPEI_101,156,166,132,2025-10-23T20:05:00+08:00
2025-10-23T21:00:00+08:00,TPE_AIRPORT,77,130,95,2025-10-23T21:05:00+08:00
2025-10-23T21:00:00+08:00,TAIPEI_MAIN,126,210,178,2025-10-23T21:05:00+08:00
2025-10-23T21:00:00+08:00,XIMENDING,164,186,169,2025-10-23T21:05:00+08:00
2025-10-23T21:00:00+08:00,TAIPEI_101,131,175,135,2025-10-23T21:05:00+08:00
2025-10-23T22:00:00+08:00,TPE_AIRPORT,108,116,86,2025-10-23T22:05:00+08:00
2025-10-23T22:00:00+08:00,TAIPEI_MAIN,140,186,142,2025-10-23T22:05:00+08:00
2025-10-23T22:00:00+08:00,XIMENDING,116,196,146,2025-10-23T22:05:00+08:00
2025-10-23T22:00:00+08:00,TAIPEI_101,158,217,176,2025-10-23T22:05:00+08:00
2025-10-23T23:00:00+08:00,TPE_AIRPORT,71,145,109,2025-10-23T23:05:00+08:00
2025-10-23T23:00:00+08:00,TAIPEI_MAIN,119,200,178,2025-10-23T23:05:00+08:00
2025-10-23T23:00:00+08:00,XIMENDING,143,200,165,2025-10-23T23:05:00+08:00
2025-10-23T23:00:00+08:00,TAIPEI_101,123,180,139,2025-10-23T23:05:00+08:00
2025-10-24T00:00:00+08:00,TPE_AIRPORT,81,81,70,2025-10-24T00:05:00+08:00
2025-10-24T00:00:00+08:00,TAIPEI_MAIN,177,95,84,2025-10-24T00:05:00+08:00
2025-10-24T00:00:00+08:00,XIMENDING,142,111,92,2025-10-24T00:05:00+08:00
2025-10-24T00:00:00+08:00,TAIPEI_101,164,131,105,2025-10-24T00:05:00+08:00
2025-10-24T01:00:00+08:00,TPE_AIRPORT,114,64,46,2025-10-24T01:05:00+08:00
2025-10-24T01:00:00+08:00,TAIPEI_MAIN,164,120,103,2025-10-24T01:05:00+08:00
2025-10-24T01:00:00+08:00,XIMENDING,203,142,111,2025-10-24T01:05:00+08:00
2025-10-24T01:00:00+08:00,TAIPEI_101,147,158,128,2025-10-24T01:05:00+08:00
2025-10-24T02:00:00+08:00,TPE_AIRPORT,94,93,75,2025-10-24T02:05:00+08:00
2025-10-24T02:00:00+08:00,TAIPEI_MAIN,184,78,65,2025-10-24T02:05:00+08:00
2025-10-24T02:00:00+08:00,XIMENDING,179,102,89,2025-10-24T02:05:00+08:00
2025-10-24T02:00:00+08:00,TAIPEI_101,158,154,123,2025-10-24T02:05:00+08:00
2025-10-24T03:00:00+08:00,TPE_AIRPORT,118,98,85,2025-10-24T03:05:00+08:00
2025-10-24T03:00:00+08:00,TAIPEI_MAIN,181,135,113,2025-10-24T03:05:00+08:00
2025-10-24T03:00:00+08:00,XIMENDING,141,148,122,2025-10-24T03:05:00+08:00
2025-10-24T03:00:00+08:00,TAIPEI_101,168,119,87,2025-10-24T03:05:00+08:00
2025-10-24T04:00:00+08:00,TPE_AIRPORT,140,81,70,2025-10-24T04:05:00+08:00
2025-10-24T04:00:00+08:00,TAIPEI_MAIN,141,92,70,2025-10-24T04:05:00+08:00
2025-10-24T04:00:00+08:00,XIMENDING,172,123,107,2025-10-24T04:05:00+08:00
2025-10-24T04:00:00+08:00,TAIPEI_101,165,96,82,2025-10-24T04:05:00+08:00
2025-10-24T05:00:00+08:00,TPE_AIRPORT,140,114,86,2025-10-24T05:05:00+08:00
2025-10-24T05:00:00+08:00,TAIPEI_MAIN,145,176,144,2025-10-24T05:05:00+08:00
2025-10-24T05:00:00+08:00,XIMENDING,119,181,131,2025-10-24T05:05:00+08:00
2025-10-24T05:00:00+08:00,TAIPEI_101,147,172,127,2025-10-24T05:05:00+08:00
2025-10-24T06:00:00+08:00,TPE_AIRPORT,102,104,82,2025-10-24T06:05:00+08:00
2025-10-24T06:00:00+08:00,TAIPEI_MAIN,128,154,136,2025-10-24T06:05:00+08:00
2025-10-24T06:00:00+08:00,XIMENDING,136,174,149,2025-10-24T06:05:00+08:00
2025-10-24T06:00:00+08:00,TAIPEI_101,130,155,128,2025-10-24T06:05:00+08:00
2025-10-24T07:00:00+08:00,TPE_AIRPORT,105,143,111,2025-10-24T07:05:00+08:00
2025-10-24T07:00:00+08:00,TAIPEI_MAIN,113,178,132,2025-10-24T07:05:00+08:00
2025-10-24T07:00:00+08:00,XIMENDING,126,192,160,2025-10-24T07:05:00+08:00
2025-10-24T07:00:00+08:00,TAIPEI_101,120,190,141,2025-10-24T07:05:00+08:00
2025-10-24T08:00:00+08:00,TPE_AIRPORT,69,124,99,2025-10-24T08:05:00+08:00
2025-10-24T08:00:00+08:00,TAIPEI_MAIN,141,186,148,2025-10-24T08:05:00+08:00
2025-10-24T08:00:00+08:00,XIMENDING,143,188,163,2025-10-24T08:05:00+08:00
2025-10-24T08:00:00+08:00,TAIPEI_101,116,176,144,2025-10-24T08:05:00+08:00
2025-10-24T09:00:00+08:00,TPE_AIRPORT,86,94,83,2025-10-24T09:05:00+08:00
2025-10-24T09:00:00+08:00,TAIPEI_MAIN,182,69,56,2025-10-24T09:05:00+08:00
2025-10-24T09:00:00+08:00,XIMENDING,111,105,76,2025-10-24T09:05:00+08:00
2025-10-24T09:00:00+08:00,TAIPEI_101,162,130,95,2025-10-24T09:05:00+08:00
2025-10-24T10:00:00+08:00,TPE_AIRPORT,88,57,44,2025-10-24T10:05:00+08:00
2025-10-24T10:00:00+08:00,TAIPEI_MAIN,145,98,86,2025-10-24T10:05:00+08:00
2025-10-24T10:00:00+08:00,XIMENDING,131,125,113,2025-10-24T10:05:00+08:00
2025-10-24T10:00:00+08:00,TAIPEI_101,182,119,104,2025-10-24T10:05:00+08:00
2025-10-24T11:00:00+08:00,TPE_AIRPORT,135,66,48,2025-10-24T11:05:00+08:00
2025-10-24T11:00:00+08:00,TAIPEI_MAIN,142,138,104,2025-10-24T11:05:00+08:00
2025-10-24T11:00:00+08:00,XIMENDING,177,102,91,2025-10-24T11:05:00+08:00
2025-10-24T11:00:00+08:00,TAIPEI_101,155,119,107,2025-10-24T11:05:00+08:00
2025-10-24T12:00:00+08:00,TPE_AIRPORT,98,72,57,2025-10-24T12:05:00+08:00
2025-10-24T12:00:00+08:00,TAIPEI_MAIN,146,111,83,2025-10-24T12:05:00+08:00
2025-10-24T12:00:00+08:00,XIMENDING,158,133,105,2025-10-24T12:05:00+08:00
2025-10-24T12:00:00+08:00,TAIPEI_101,188,86,70,2025-10-24T12:05:00+08:00
2025-10-24T13:00:00+08:00,TPE_AIRPORT,117,56,48,2025-10-24T13:05:00+08:00
2025-10-24T13:00:00+08:00,TAIPEI_MAIN,147,108,90,2025-10-24T13:05:00+08:00
2025-10-24T13:00:00+08:00,XIMENDING,148,84,76,2025-10-24T13:05:00+08:00
2025-10-24T13:00:00+08:00,TAIPEI_101,173,110,86,2025-10-24T13:05:00+08:00
2025-10-24T14:00:00+08:00,TPE_AIRPORT,102,77,61,2025-10-24T14:05:00+08:00
2025-10-24T14:00:00+08:00,TAIPEI_MAIN,179,123,91,2025-10-24T14:05:00+08:00
2025-10-24T14:00:00+08:00,XIMENDING,168,162,127,2025-10-24T14:05:00+08:00
2025-10-24T14:00:00+08:00,TAIPEI_101,167,129,116,2025-10-24T14:05:00+08:00
2025-10-24T15:00:00+08:00,TPE_AIRPORT,125,52,41,2025-10-24T15:05:00+08:00
2025-10-24T15:00:00+08:00,TAIPEI_MAIN,194,108,94,2025-10-24T15:05:00+08:00
2025-10-24T15:00:00+08:00,XIMENDING,173,144,121,2025-10-24T15:05:00+08:00
2025-10-24T15:00:00+08:00,TAIPEI_101,139,111,82,2025-10-24T15:05:00+08:00
2025-10-24T16:00:00+08:00,TPE_AIRPORT,113,72,54,2025-10-24T16:05:00+08:00
2025-10-24T16:00:00+08:00,TAIPEI_MAIN,165,81,60,2025-10-24T16:05:00+08:00
2025-10-24T16:00:00+08:00,XIMENDING,144,108,80,2025-10-24T16:05:00+08:00
2025-10-24T16:00:00+08:00,TAIPEI_101,177,101,78,2025-10-24T16:05:00+08:00
2025-10-24T17:00:00+08:00,TPE_AIRPORT,120,66,56,2025-10-24T17:05:00+08:00
2025-10-24T17:00:00+08:00,TAIPEI_MAIN,166,137,117,2025-10-24T17:05:00+08:00
2025-10-24T17:00:00+08:00,XIMENDING,155,122,110,2025-10-24T17:05:00+08:00
2025-10-24T17:00:00+08:00,TAIPEI_101,164,100,72,2025-10-24T17:05:00+08:00
2025-10-24T18:00:00+08:00,TPE_AIRPORT,117,76,65,2025-10-24T18:05:00+08:00
2025-10-24T18:00:00+08:00,TAIPEI_MAIN,168,141,101,2025-10-24T18:05:00+08:00
2025-10-24T18:00:00+08:00,XIMENDING,152,87,69,2025-10-24T18:05:00+08:00
2025-10-24T18:00:00+08:00,TAIPEI_101,126,138,122,2025-10-24T18:05:00+08:00
2025-10-24T19:00:00+08:00,TPE_AIRPORT,113,82,65,2025-10-24T19:05:00+08:00
2025-10-24T19:00:00+08:00,TAIPEI_MAIN,162,161,120,2025-10-24T19:05:00+08:00
2025-10-24T19:00:00+08:00,XIMENDING,192,124,90,2025-10-24T19:05:00+08:00
2025-10-24T19:00:00+08:00,TAIPEI_101,180,119,98,2025-10-24T19:05:00+08:00
2025-10-24T20:00:00+08:00,TPE_AIRPORT,86,102,74,2025-10-24T20:05:00+08:00
2025-10-24T20:00:00+08:00,TAIPEI_MAIN,134,218,166,2025-10-24T20:05:00+08:00
2025-10-24T20:00:00+08:00,XIMENDING,166,162,147,2025-10-24T20:05:00+08:00
2025-10-24T20:00:00+08:00,TAIPEI_101,144,178,155,2025-10-24T20:05:00+08:00
2025-10-24T21:00:00+08:00,TPE_AIRPORT,93,115,84,2025-10-24T21:05:00+08:00
2025-10-24T21:00:00+08:00,TAIPEI_MAIN,141,182,146,2025-10-24T21:05:00+08:00
2025-10-24T21:00:00+08:00,XIMENDING,151,205,174,2025-10-24T21:05:00+08:00
2025-10-24T21:00:00+08:00,TAIPEI_101,111,229,198,2025-10-24T21:05:00+08:00
2025-10-24T22:00:00+08:00,TPE_AIRPORT,88,192,168,2025-10-24T22:05:00+08:00
2025-10-24T22:00:00+08:00,TAIPEI_MAIN,118,176,145,2025-10-24T22:05:00+08:00
2025-10-24T22:00:00+08:00,XIMENDING,110,185,139,2025-10-24T22:05:00+08:00
2025-10-24T22:00:00+08:00,TAIPEI_101,128,188,166,2025-10-24T22:05:00+08:00
2025-10-24T23:00:00+08:00,TPE_AIRPORT,98,109,98,2025-10-24T23:05:00+08:00
2025-10-24T23:00:00+08:00,TAIPEI_MAIN,128,195,162,2025-10-24T23:05:00+08:00
2025-10-24T23:00:00+08:00,XIMENDING,142,187,155,2025-10-24T23:05:00+08:00
2025-10-24T23:00:00+08:00,TAIPEI_101,127,197,164,2025-10-24T23:05:00+08:00
2025-10-25T00:00:00+08:00,TPE_AIRPORT,118,75,56,2025-10-25T00:05:00+08:00
2025-10-25T00:00:00+08:00,TAIPEI_MAIN,183,100,80,2025-10-25T00:05:00+08:00
2025-10-25T00:00:00+08:00,XIMENDING,158,129,113,2025-10-25T00:05:00+08:00
2025-10-25T00:00:00+08:00,TAIPEI_101,166,148,129,2025-10-25T00:05:00+08:00
2025-10-25T01:00:00+08:00,TPE_AIRPORT,109,64,46,2025-10-25T01:05:00+08:00
2025-10-25T01:00:00+08:00,TAIPEI_MAIN,175,137,113,2025-10-25T01:05:00+08:00
2025-10-25T01:00:00+08:00,XIMENDING,176,60,43,2025-10-25T01:05:00+08:00
2025-10-25T01:00:00+08:00,TAIPEI_101,191,123,97,2025-10-25T01:05:00+08:00
2025-10-25T02:00:00+08:00,TPE_AIRPORT,100,62,53,2025-10-25T02:05:00+08:00
2025-10-25T02:00:00+08:00,TAIPEI_MAIN,174,111,100,2025-10-25T02:05:00+08:00
2025-10-25T02:00:00+08:00,XIMENDING,130,112,95,2025-10-25T02:05:00+08:00
2025-10-25T02:00:00+08:00,TAIPEI_101,171,111,81,2025-10-25T02:05:00+08:00
2025-10-25T03:00:00+08:00,TPE_AIRPORT,82,84,64,2025-10-25T03:05:00+08:00
2025-10-25T03:00:00+08:00,TAIPEI_MAIN,153,129,106,2025-10-25T03:05:00+08:00
2025-10-25T03:00:00+08:00,XIMENDING,154,77,56,2025-10-25T03:05:00+08:00
2025-10-25T03:00:00+08:00,TAIPEI_101,148,122,110,2025-10-25T03:05:00+08:00
2025-10-25T04:00:00+08:00,TPE_AIRPORT,115,108,97,2025-10-25T04:05:00+08:00
2025-10-25T04:00:00+08:00,TAIPEI_MAIN,170,126,112,2025-10-25T04:05:00+08:00
2025-10-25T04:00:00+08:00,XIMENDING,174,126,105,2025-10-25T04:05:00+08:00
2025-10-25T04:00:00+08:00,TAIPEI_101,137,103,83,2025-10-25T04:05:00+08:00
2025-10-25T05:00:00+08:00,TPE_AIRPORT,86,111,97,2025-10-25T05:05:00+08:00
2025-10-25T05:00:00+08:00,TAIPEI_MAIN,124,166,125,2025-10-25T05:05:00+08:00
2025-10-25T05:00:00+08:00,XIMENDING,129,186,168,2025-10-25T05:05:00+08:00
2025-10-25T05:00:00+08:00,TAIPEI_101,137,186,139,2025-10-25T05:05:00+08:00
2025-10-25T06:00:00+08:00,TPE_AIRPORT,85,125,113,2025-10-25T06:05:00+08:00
2025-10-25T06:00:00+08:00,TAIPEI_MAIN,147,175,132,2025-10-25T06:05:00+08:00
2025-10-25T06:00:00+08:00,XIMENDING,126,145,109,2025-10-25T06:05:00+08:00
2025-10-25T06:00:00+08:00,TAIPEI_101,151,154,133,2025-10-25T06:05:00+08:00
2025-10-25T07:00:00+08:00,TPE_AIRPORT,81,103,83,2025-10-25T07:05:00+08:00
2025-10-25T07:00:00+08:00,TAIPEI_MAIN,139,198,147,2025-10-25T07:05:00+08:00
2025-10-25T07:00:00+08:00,XIMENDING,126,175,156,2025-10-25T07:05:00+08:00
2025-10-25T07:00:00+08:00,TAIPEI_101,100,144,116,2025-10-25T07:05:00+08:00
2025-10-25T08:00:00+08:00,TPE_AIRPORT,95,139,124,2025-10-25T08:05:00+08:00
2025-10-25T08:00:00+08:00,TAIPEI_MAIN,126,199,155,2025-10-25T08:05:00+08:00
2025-10-25T08:00:00+08:00,XIMENDING,141,191,147,2025-10-25T08:05:00+08:00
2025-10-25T08:00:00+08:00,TAIPEI_101,122,184,144,2025-10-25T08:05:00+08:00
2025-10-25T09:00:00+08:00,TPE_AIRPORT,112,82,68,2025-10-25T09:05:00+08:00
2025-10-25T09:00:00+08:00,TAIPEI_MAIN,161,127,105,2025-10-25T09:05:00+08:00
2025-10-25T09:00:00+08:00,XIMENDING,170,94,74,2025-10-25T09:05:00+08:00
2025-10-25T09:00:00+08:00,TAIPEI_101,184,138,116,2025-10-25T09:05:00+08:00
2025-10-25T10:00:00+08:00,TPE_AIRPORT,80,63,48,2025-10-25T10:05:00+08:00
2025-10-25T10:00:00+08:00,TAIPEI_MAIN,117,83,61,2025-10-25T10:05:00+08:00
2025-10-25T10:00:00+08:00,XIMENDING,190,160,140,2025-10-25T10:05:00+08:00
2025-10-25T10:00:00+08:00,TAIPEI_101,174,149,112,2025-10-25T10:05:00+08:00
2025-10-25T11:00:00+08:00,TPE_AIRPORT,112,73,64,2025-10-25T11:05:00+08:00
2025-10-25T11:00:00+08:00,TAIPEI_MAIN,145,137,118,2025-10-25T11:05:00+08:00
2025-10-25T11:00:00+08:00,XIMENDING,137,136,112,2025-10-25T11:05:00+08:00
2025-10-25T11:00:00+08:00,TAIPEI_101,163,130,109,2025-10-25T11:05:00+08:00
2025-10-25T12:00:00+08:00,TPE_AIRPORT,110,67,54,2025-10-25T12:05:00+08:00
2025-10-25T12:00:00+08:00,TAIPEI_MAIN,159,79,63,2025-10-25T12:05:00+08:00
2025-10-25T12:00:00+08:00,XIMENDING,175,123,106,2025-10-25T12:05:00+08:00
2025-10-25T12:00:00+08:00,TAIPEI_101,147,98,75,2025-10-25T12:05:00+08:00
2025-10-25T13:00:00+08:00,TPE_AIRPORT,132,64,51,2025-10-25T13:05:00+08:00
2025-10-25T13:00:00+08:00,TAIPEI_MAIN,105,135,105,2025-10-25T13:05:00+08:00
2025-10-25T13:00:00+08:00,XIMENDING,163,134,99,2025-10-25T13:05:00+08:00
2025-10-25T13:00:00+08:00,TAIPEI_101,163,123,107,2025-10-25T13:05:00+08:00
2025-10-25T14:00:00+08:00,TPE_AIRPORT,102,50,42,2025-10-25T14:05:00+08:00
2025-10-25T14:00:00+08:00,TAIPEI_MAIN,141,111,88,2025-10-25T14:05:00+08:00
2025-10-25T14:00:00+08:00,XIMENDING,182,107,93,2025-10-25T14:05:00+08:00
2025-10-25T14:00:00+08:00,TAIPEI_101,174,107,97,2025-10-25T14:05:00+08:00
2025-10-25T15:00:00+08:00,TPE_AIRPORT,131,87,76,2025-10-25T15:05:00+08:00
2025-10-25T15:00:00+08:00,TAIPEI_MAIN,139,102,76,2025-10-25T15:05:00+08:00
2025-10-25T15:00:00+08:00,XIMENDING,149,98,76,2025-10-25T15:05:00+08:00
2025-10-25T15:00:00+08:00,TAIPEI_101,148,66,47,2025-10-25T15:05:00+08:00
2025-10-25T16:00:00+08:00,TPE_AIRPORT,145,70,63,2025-10-25T16:05:00+08:00
2025-10-25T16:00:00+08:00,TAIPEI_MAIN,172,147,117,2025-10-25T16:05:00+08:00
2025-10-25T16:00:00+08:00,XIMENDING,169,89,74,2025-10-25T16:05:00+08:00
2025-10-25T16:00:00+08:00,TAIPEI_101,138,146,115,2025-10-25T16:05:00+08:00
2025-10-25T17:00:00+08:00,TPE_AIRPORT,111,92,76,2025-10-25T17:05:00+08:00
2025-10-25T17:00:00+08:00,TAIPEI_MAIN,166,106,95,2025-10-25T17:05:00+08:00
2025-10-25T17:00:00+08:00,XIMENDING,134,115,97,2025-10-25T17:05:00+08:00
2025-10-25T17:00:00+08:00,TAIPEI_101,133,88,72,2025-10-25T17:05:00+08:00
2025-10-25T18:00:00+08:00,TPE_AIRPORT,99,55,46,2025-10-25T18:05:00+08:00
2025-10-25T18:00:00+08:00,TAIPEI_MAIN,151,73,65,2025-10-25T18:05:00+08:00
2025-10-25T18:00:00+08:00,XIMENDING,153,125,106,2025-10-25T18:05:00+08:00
2025-10-25T18:00:00+08:00,TAIPEI_101,136,108,81,2025-10-25T18:05:00+08:00
2025-10-25T19:00:00+08:00,TPE_AIRPORT,103,84,76,2025-10-25T19:05:00+08:00
2025-10-25T19:00:00+08:00,TAIPEI_MAIN,164,131,96,2025-10-25T19:05:00+08:00
2025-10-25T19:00:00+08:00,XIMENDING,145,136,114,2025-10-25T19:05:00+08:00
2025-10-25T19:00:00+08:00,TAIPEI_101,175,97,71,2025-10-25T19:05:00+08:00
2025-10-25T20:00:00+08:00,TPE_AIRPORT,58,158,133,2025-10-25T20:05:00+08:00
2025-10-25T20:00:00+08:00,TAIPEI_MAIN,134,139,104,2025-10-25T20:05:00+08:00
2025-10-25T20:00:00+08:00,XIMENDING,130,192,169,2025-10-25T20:05:00+08:00
2025-10-25T20:00:00+08:00,TAIPEI_101,121,129,116,2025-10-25T20:05:00+08:00
2025-10-25T21:00:00+08:00,TPE_AIRPORT,62,132,113,2025-10-25T21:05:00+08:00
2025-10-25T21:00:00+08:00,TAIPEI_MAIN,122,200,151,2025-10-25T21:05:00+08:00
2025-10-25T21:00:00+08:00,XIMENDING,142,159,121,2025-10-25T21:05:00+08:00
2025-10-25T21:00:00+08:00,TAIPEI_101,145,189,142,2025-10-25T21:05:00+08:00
2025-10-25T22:00:00+08:00,TPE_AIRPORT,96,53,43,2025-10-25T22:05:00+08:00
2025-10-25T22:00:00+08:00,TAIPEI_MAIN,160,156,130,2025-10-25T22:05:00+08:00
2025-10-25T22:00:00+08:00,XIMENDING,133,189,167,2025-10-25T22:05:00+08:00
2025-10-25T22:00:00+08:00,TAIPEI_101,154,194,163,2025-10-25T22:05:00+08:00
2025-10-25T23:00:00+08:00,TPE_AIRPORT,73,126,90,2025-10-25T23:05:00+08:00
2025-10-25T23:00:00+08:00,TAIPEI_MAIN,136,181,136,2025-10-25T23:05:00+08:00
2025-10-25T23:00:00+08:00,XIMENDING,160,154,122,2025-10-25T23:05:00+08:00
2025-10-25T23:00:00+08:00,TAIPEI_101,157,184,166,2025-10-25T23:05:00+08:00
2025-10-26T00:00:00+08:00,TPE_AIRPORT,94,100,75,2025-10-26T00:05:00+08:00
2025-10-26T00:00:00+08:00,TAIPEI_MAIN,159,121,103,2025-10-26T00:05:00+08:00
2025-10-26T00:00:00+08:00,XIMENDING,140,99,83,2025-10-26T00:05:00+08:00
2025-10-26T00:00:00+08:00,TAIPEI_101,144,96,76,2025-10-26T00:05:00+08:00
2025-10-26T01:00:00+08:00,TPE_AIRPORT,118,86,70,2025-10-26T01:05:00+08:00
2025-10-26T01:00:00+08:00,TAIPEI_MAIN,146,108,97,2025-10-26T01:05:00+08:00
2025-10-26T01:00:00+08:00,XIMENDING,157,126,112,2025-10-26T01:05:00+08:00
2025-10-26T01:00:00+08:00,TAIPEI_101,140,160,138,2025-10-26T01:05:00+08:00
2025-10-26T02:00:00+08:00,TPE_AIRPORT,96,76,61,2025-10-26T02:05:00+08:00
2025-10-26T02:00:00+08:00,TAIPEI_MAIN,166,134,101,2025-10-26T02:05:00+08:00
2025-10-26T02:00:00+08:00,XIMENDING,144,104,93,2025-10-26T02:05:00+08:00
2025-10-26T02:00:00+08:00,TAIPEI_101,187,160,136,2025-10-26T02:05:00+08:00
2025-10-26T03:00:00+08:00,TPE_AIRPORT,101,83,65,2025-10-26T03:05:00+08:00
2025-10-26T03:00:00+08:00,TAIPEI_MAIN,158,123,97,2025-10-26T03:05:00+08:00
2025-10-26T03:00:00+08:00,XIMENDING,152,89,73,2025-10-26T03:05:00+08:00
2025-10-26T03:00:00+08:00,TAIPEI_101,157,138,109,2025-10-26T03:05:00+08:00
2025-10-26T04:00:00+08:00,TPE_AIRPORT,92,68,50,2025-10-26T04:05:00+08:00
2025-10-26T04:00:00+08:00,TAIPEI_MAIN,133,86,71,2025-10-26T04:05:00+08:00
2025-10-26T04:00:00+08:00,XIMENDING,153,125,103,2025-10-26T04:05:00+08:00
2025-10-26T04:00:00+08:00,TAIPEI_101,153,90,74,2025-10-26T04:05:00+08:00
2025-10-26T05:00:00+08:00,TPE_AIRPORT,82,146,132,2025-10-26T05:05:00+08:00
2025-10-26T05:00:00+08:00,TAIPEI_MAIN,113,209,178,2025-10-26T05:05:00+08:00
2025-10-26T05:00:00+08:00,XIMENDING,115,224,167,2025-10-26T05:05:00+08:00
2025-10-26T05:00:00+08:00,TAIPEI_101,115,170,143,2025-10-26T05:05:00+08:00
2025-10-26T06:00:00+08:00,TPE_AIRPORT,85,132,106,2025-10-26T06:05:00+08:00
2025-10-26T06:00:00+08:00,TAIPEI_MAIN,113,192,138,2025-10-26T06:05:00+08:00
2025-10-26T06:00:00+08:00,XIMENDING,135,223,199,2025-10-26T06:05:00+08:00
2025-10-26T06:00:00+08:00,TAIPEI_101,175,203,149,2025-10-26T06:05:00+08:00
2025-10-26T07:00:00+08:00,TPE_AIRPORT,81,148,116,2025-10-26T07:05:00+08:00
2025-10-26T07:00:00+08:00,TAIPEI_MAIN,120,194,171,2025-10-26T07:05:00+08:00
2025-10-26T07:00:00+08:00,XIMENDING,113,179,138,2025-10-26T07:05:00+08:00
2025-10-26T07:00:00+08:00,TAIPEI_101,147,143,111,2025-10-26T07:05:00+08:00
2025-10-26T08:00:00+08:00,TPE_AIRPORT,82,121,99,2025-10-26T08:05:00+08:00
2025-10-26T08:00:00+08:00,TAIPEI_MAIN,123,185,146,2025-10-26T08:05:00+08:00
2025-10-26T08:00:00+08:00,XIMENDING,156,208,155,2025-10-26T08:05:00+08:00
2025-10-26T08:00:00+08:00,TAIPEI_101,127,203,175,2025-10-26T08:05:00+08:00
2025-10-26T09:00:00+08:00,TPE_AIRPORT,81,62,52,2025-10-26T09:05:00+08:00
2025-10-26T09:00:00+08:00,TAIPEI_MAIN,167,102,80,2025-10-26T09:05:00+08:00
2025-10-26T09:00:00+08:00,XIMENDING,199,136,120,2025-10-26T09:05:00+08:00
2025-10-26T09:00:00+08:00,TAIPEI_101,150,92,68,2025-10-26T09:05:00+08:00
2025-10-26T10:00:00+08:00,TPE_AIRPORT,102,94,79,2025-10-26T10:05:00+08:00
2025-10-26T10:00:00+08:00,TAIPEI_MAIN,179,152,135,2025-10-26T10:05:00+08:00
2025-10-26T10:00:00+08:00,XIMENDING,156,148,118,2025-10-26T10:05:00+08:00
2025-10-26T10:00:00+08:00,TAIPEI_101,140,128,113,2025-10-26T10:05:00+08:00
2025-10-26T11:00:00+08:00,TPE_AIRPORT,105,60,49,2025-10-26T11:05:00+08:00
2025-10-26T11:00:00+08:00,TAIPEI_MAIN,193,91,73,2025-10-26T11:05:00+08:00
2025-10-26T11:00:00+08:00,XIMENDING,194,167,129,2025-10-26T11:05:00+08:00
2025-10-26T11:00:00+08:00,TAIPEI_101,162,85,71,2025-10-26T11:05:00+08:00
2025-10-26T12:00:00+08:00,TPE_AIRPORT,120,104,92,2025-10-26T12:05:00+08:00
2025-10-26T12:00:00+08:00,TAIPEI_MAIN,142,90,74,2025-10-26T12:05:00+08:00
2025-10-26T12:00:00+08:00,XIMENDING,174,108,96,2025-10-26T12:05:00+08:00
2025-10-26T12:00:00+08:00,TAIPEI_101,162,97,80,2025-10-26T12:05:00+08:00
2025-10-26T13:00:00+08:00,TPE_AIRPORT,98,78,68,2025-10-26T13:05:00+08:00
2025-10-26T13:00:00+08:00,TAIPEI_MAIN,152,120,94,2025-10-26T13:05:00+08:00
2025-10-26T13:00:00+08:00,XIMENDING,152,142,117,2025-10-26T13:05:00+08:00
2025-10-26T13:00:00+08:00,TAIPEI_101,180,112,91,2025-10-26T13:05:00+08:00
2025-10-26T14:00:00+08:00,TPE_AIRPORT,102,75,64,2025-10-26T14:05:00+08:00
2025-10-26T14:00:00+08:00,TAIPEI_MAIN,171,114,85,2025-10-26T14:05:00+08:00
2025-10-26T14:00:00+08:00,XIMENDING,188,114,84,2025-10-26T14:05:00+08:00
2025-10-26T14:00:00+08:00,TAIPEI_101,166,79,67,2025-10-26T14:05:00+08:00
2025-10-26T15:00:00+08:00,TPE_AIRPORT,118,113,96,2025-10-26T15:05:00+08:00
2025-10-26T15:00:00+08:00,TAIPEI_MAIN,156,94,75,2025-10-26T15:05:00+08:00
2025-10-26T15:00:00+08:00,XIMENDING,173,103,87,2025-10-26T15:05:00+08:00
2025-10-26T15:00:00+08:00,TAIPEI_101,152,142,125,2025-10-26T15:05:00+08:00
2025-10-26T16:00:00+08:00,TPE_AIRPORT,132,111,83,2025-10-26T16:05:00+08:00
2025-10-26T16:00:00+08:00,TAIPEI_MAIN,115,101,87,2025-10-26T16:05:00+08:00
2025-10-26T16:00:00+08:00,XIMENDING,142,90,71,2025-10-26T16:05:00+08:00
2025-10-26T16:00:00+08:00,TAIPEI_101,151,78,58,2025-10-26T16:05:00+08:00
2025-10-26T17:00:00+08:00,TPE_AIRPORT,91,73,53,2025-10-26T17:05:00+08:00
2025-10-26T17:00:00+08:00,TAIPEI_MAIN,176,125,95,2025-10-26T17:05:00+08:00
2025-10-26T17:00:00+08:00,XIMENDING,160,137,115,2025-10-26T17:05:00+08:00
2025-10-26T17:00:00+08:00,TAIPEI_101,142,105,80,2025-10-26T17:05:00+08:00
2025-10-26T18:00:00+08:00,TPE_AIRPORT,130,73,57,2025-10-26T18:05:00+08:00
2025-10-26T18:00:00+08:00,TAIPEI_MAIN,163,88,76,2025-10-26T18:05:00+08:00
2025-10-26T18:00:00+08:00,XIMENDING,126,105,76,2025-10-26T18:05:00+08:00
2025-10-26T18:00:00+08:00,TAIPEI_101,135,122,105,2025-10-26T18:05:00+08:00
2025-10-26T19:00:00+08:00,TPE_AIRPORT,121,121,93,2025-10-26T19:05:00+08:00
2025-10-26T19:00:00+08:00,TAIPEI_MAIN,126,114,88,2025-10-26T19:05:00+08:00
2025-10-26T19:00:00+08:00,XIMENDING,187,131,117,2025-10-26T19:05:00+08:00
2025-10-26T19:00:00+08:00,TAIPEI_101,168,90,70,2025-10-26T19:05:00+08:00
2025-10-26T20:00:00+08:00,TPE_AIRPORT,64,143,128,2025-10-26T20:05:00+08:00
2025-10-26T20:00:00+08:00,TAIPEI_MAIN,127,199,154,2025-10-26T20:05:00+08:00
2025-10-26T20:00:00+08:00,XIMENDING,177,203,154,2025-10-26T20:05:00+08:00
2025-10-26T20:00:00+08:00,TAIPEI_101,135,190,139,2025-10-26T20:05:00+08:00
2025-10-26T21:00:00+08:00,TPE_AIRPORT,72,85,62,2025-10-26T21:05:00+08:00
2025-10-26T21:00:00+08:00,TAIPEI_MAIN,114,196,155,2025-10-26T21:05:00+08:00
2025-10-26T21:00:00+08:00,XIMENDING,128,152,116,2025-10-26T21:05:00+08:00
2025-10-26T21:00:00+08:00,TAIPEI_101,135,174,155,2025-10-26T21:05:00+08:00
2025-10-26T22:00:00+08:00,TPE_AIRPORT,61,155,130,2025-10-26T22:05:00+08:00
2025-10-26T22:00:00+08:00,TAIPEI_MAIN,142,194,153,2025-10-26T22:05:00+08:00
2025-10-26T22:00:00+08:00,XIMENDING,131,195,149,2025-10-26T22:05:00+08:00
2025-10-26T22:00:00+08:00,TAIPEI_101,137,141,122,2025-10-26T22:05:00+08:00
2025-10-26T23:00:00+08:00,TPE_AIRPORT,99,72,60,2025-10-26T23:05:00+08:00
2025-10-26T23:00:00+08:00,TAIPEI_MAIN,146,184,143,2025-10-26T23:05:00+08:00
2025-10-26T23:00:00+08:00,XIMENDING,131,161,139,2025-10-26T23:05:00+08:00
2025-10-26T23:00:00+08:00,TAIPEI_101,116,153,132,2025-10-26T23:05:00+08:00
