redemption_id,trip_id,user_id,promo_code,discount_twd,redeemed_at,ingested_at
R0000001,T0045001,U010098,TPE100,100.0,2025-09-29T02:36:00+08:00,2025-09-29T02:38:00+08:00
R0000002,T0045002,U012818,TPE150,150.0,2025-09-07T10:55:00+08:00,2025-09-07T11:04:00+08:00
R0000003,T0045004,U001198,TPE100,100.0,2025-10-15T20:53:00+08:00,2025-10-15T21:02:00+08:00
R0000004,T0045005,U012588,TPE150,150.0,2025-10-11T20:01:00+08:00,2025-10-11T20:12:00+08:00
R0000005,T0045006,U000389,TPE150,150.0,2025-09-17T11:52:00+08:00,2025-09-17T11:56:00+08:00
R0000006,T0045007,U005045,TPE150,150.0,2025-09-30T13:44:00+08:00,2025-09-30T13:44:00+08:00
R0000007,T0045009,U007880,TPE150,150.0,2025-09-28T05:36:00+08:00,2025-09-28T05:37:00+08:00
R0000008,T0045011,U024175,TPE150,150.0,2025-09-20T07:48:00+08:00,2025-09-20T07:48:00+08:00
R0000009,T0045012,U020212,TPE100,100.0,2025-09-30T07:13:00+08:00,2025-09-30T07:15:00+08:00
R0000010,T0045013,U009563,TPE100,100.0,2025-10-13T02:05:00+08:00,2025-10-13T02:17:00+08:00
R0000011,T0045014,U004971,TPE100,100.0,2025-09-14T10:18:00+08:00,2025-09-14T10:25:00+08:00
R0000012,T0045015,U004971,LOCAL100,100.0,2025-09-15T14:26:00+08:00,2025-09-15T14:30:00+08:00
R0000013,T0045017,U017587,TPE100,100.0,2025-09-10T00:36:00+08:00,2025-09-10T00:39:00+08:00
R0000014,T0045018,U002231,TPE100,100.0,2025-10-23T10:19:00+08:00,2025-10-23T10:19:00+08:00
R0000015,T0045019,U007372,TPE100,100.0,2025-09-23T13:00:00+08:00,2025-09-23T13:07:00+08:00
R0000016,T0045020,U007372,LOCAL100,100.0,2025-09-27T21:08:00+08:00,2025-09-27T21:12:00+08:00
R0000017,T0045021,U002879,TPE100,100.0,2025-09-08T20:53:00+08:00,2025-09-08T20:56:00+08:00
R0000018,T0045022,U007921,TPE150,150.0,2025-09-09T06:28:00+08:00,2025-09-09T06:36:00+08:00
R0000019,T0045023,U024872,TPE150,150.0,2025-09-11T22:41:00+08:00,2025-09-11T22:48:00+08:00
R0000020,T0045024,U016411,TPE100,100.0,2025-10-12T00:22:00+08:00,2025-10-12T00:30:00+08:00
R0000021,T0045025,U016411,LOCAL100,100.0,2025-10-14T15:20:00+08:00,2025-10-14T15:32:00+08:00
R0000022,T0045026,U016501,TPE150,150.0,2025-09-10T08:14:00+08:00,2025-09-10T08:19:00+08:00
R0000023,T0045028,U005946,TPE100,100.0,2025-10-21T03:52:00+08:00,2025-10-21T03:53:00+08:00
R0000024,T0045030,U022553,TPE100,100.0,2025-09-18T16:24:00+08:00,2025-09-18T16:27:00+08:00
R0000025,T0045031,U020995,TPE100,100.0,2025-09-18T00:44:00+08:00,2025-09-18T00:58:00+08:00
R0000026,T0045033,U017354,TPE150,150.0,2025-10-11T05:30:00+08:00,2025-10-11T05:41:00+08:00
R0000027,T0045034,U026757,TPE100,100.0,2025-09-17T20:03:00+08:00,2025-09-17T20:10:00+08:00
R0000028,T0045035,U021152,TPE150,150.0,2025-10-17T21:37:00+08:00,2025-10-17T21:43:00+08:00
R0000029,T0045036,U012181,TPE150,150.0,2025-10-03T22:51:00+08:00,2025-10-03T22:59:00+08:00
R0000030,T0045037,U007429,TPE150,150.0,2025-09-06T02:58:00+08:00,2025-09-06T03:09:00+08:00
R0000031,T0045039,U024985,TPE150,150.0,2025-09-11T11:11:00+08:00,2025-09-11T11:15:00+08:00
R0000032,T0045040,U005117,TPE100,100.0,2025-09-06T00:53:00+08:00,2025-09-06T01:08:00+08:00
R0000033,T0045041,U005117,LOCAL100,100.0,2025-09-09T06:43:00+08:00,2025-09-09T06:51:00+08:00
R0000034,T0045042,U019908,TPE150,150.0,2025-10-16T00:27:00+08:00,2025-10-16T00:38:00+08:00
R0000035,T0045043,U014072,TPE150,150.0,2025-09-27T22:27:00+08:00,2025-09-27T22:36:00+08:00
R0000036,T0045044,U000616,TPE100,100.0,2025-10-18T07:44:00+08:00,2025-10-18T07:59:00+08:00
R0000037,T0045045,U012569,TPE150,150.0,2025-10-09T12:02:00+08:00,2025-10-09T12:15:00+08:00
R0000038,T0045046,U007784,TPE150,150.0,2025-10-26T01:02:00+08:00,2025-10-26T01:15:00+08:00
R0000039,T0045048,U025666,TPE150,150.0,2025-10-14T08:02:00+08:00,2025-10-14T08:05:00+08:00
R0000040,T0045049,U014316,TPE100,100.0,2025-10-02T01:56:00+08:00,2025-10-02T01:59:00+08:00
R0000041,T0045050,U014316,LOCAL100,100.0,2025-10-03T20:21:00+08:00,2025-10-03T20:31:00+08:00
R0000042,T0045052,U028517,TPE100,100.0,2025-10-10T09:46:00+08:00,2025-10-10T09:57:00+08:00
R0000043,T0045053,U009361,TPE150,150.0,2025-09-08T06:58:00+08:00,2025-09-08T07:03:00+08:00
R0000044,T0045054,U001962,TPE150,150.0,2025-09-02T11:35:00+08:00,2025-09-02T11:36:00+08:00
R0000045,T0045055,U009601,TPE100,100.0,2025-09-22T20:10:00+08:00,2025-09-22T20:16:00+08:00
R0000046,T0045056,U009601,LOCAL100,100.0,2025-09-24T04:37:00+08:00,2025-09-24T04:46:00+08:00
R0000047,T0045057,U001653,TPE150,150.0,2025-09-06T08:52:00+08:00,2025-09-06T08:53:00+08:00
R0000048,T0045059,U004473,TPE150,150.0,2025-10-18T18:35:00+08:00,2025-10-18T18:49:00+08:00
R0000049,T0045060,U022683,TPE100,100.0,2025-09-08T23:07:00+08:00,2025-09-08T23:17:00+08:00
R0000050,T0045063,U000374,TPE100,100.0,2025-09-29T15:21:00+08:00,2025-09-29T15:26:00+08:00
R0000051,T0045064,U000374,LOCAL100,100.0,2025-10-01T06:50:00+08:00,2025-10-01T06:56:00+08:00
R0000052,T0045065,U024324,TPE100,100.0,2025-10-22T10:26:00+08:00,2025-10-22T10:33:00+08:00
R0000053,T0045066,U024324,LOCAL100,100.0,2025-10-26T01:23:00+08:00,2025-10-26T01:31:00+08:00
R0000054,T0045067,U029671,TPE100,100.0,2025-09-30T03:27:00+08:00,2025-09-30T03:38:00+08:00
R0000055,T0045068,U023553,TPE150,150.0,2025-09-23T05:55:00+08:00,2025-09-23T06:09:00+08:00
R0000056,T0045070,U029127,TPE150,150.0,2025-09-06T02:57:00+08:00,2025-09-06T03:04:00+08:00
R0000057,T0045071,U024023,TPE100,100.0,2025-10-12T09:39:00+08:00,2025-10-12T09:43:00+08:00
R0000058,T0045072,U010884,TPE100,100.0,2025-09-28T19:57:00+08:00,2025-09-28T20:02:00+08:00
R0000059,T0045075,U021720,TPE100,100.0,2025-10-27T01:15:00+08:00,2025-10-27T01:24:00+08:00
R0000060,T0045076,U024854,TPE100,100.0,2025-09-05T05:24:00+08:00,2025-09-05T05:36:00+08:00
R0000061,T0045077,U024854,LOCAL100,100.0,2025-09-11T21:51:00+08:00,2025-09-11T21:51:00+08:00
R0000062,T0045078,U013876,TPE150,150.0,2025-10-06T12:01:00+08:00,2025-10-06T12:09:00+08:00
R0000063,T0045079,U029151,TPE150,150.0,2025-10-04T07:36:00+08:00,2025-10-04T07:38:00+08:00
R0000064,T0045080,U021421,TPE150,150.0,2025-09-23T04:56:00+08:00,2025-09-23T04:59:00+08:00
R0000065,T0045081,U010557,TPE100,100.0,2025-09-20T23:08:00+08:00,2025-09-20T23:16:00+08:00
R0000066,T0045083,U003619,TPE150,150.0,2025-09-07T02:55:00+08:00,2025-09-07T02:55:00+08:00
R0000067,T0045084,U019911,TPE100,100.0,2025-09-20T16:55:00+08:00,2025-09-20T16:58:00+08:00
R0000068,T0045085,U019911,LOCAL100,100.0,2025-09-22T23:47:00+08:00,2025-09-23T00:00:00+08:00
R0000069,T0045086,U017056,TPE100,100.0,2025-10-24T22:13:00+08:00,2025-10-24T22:22:00+08:00
R0000070,T0045087,U013092,TPE150,150.0,2025-09-28T18:53:00+08:00,2025-09-28T18:56:00+08:00
R0000071,T0045088,U008774,TPE100,100.0,2025-10-04T08:56:00+08:00,2025-10-04T09:00:00+08:00
R0000072,T0045089,U006734,TPE100,100.0,2025-09-19T03:20:00+08:00,2025-09-19T03:29:00+08:00
R0000073,T0045090,U015040,TPE100,100.0,2025-09-05T13:27:00+08:00,2025-09-05T13:37:00+08:00
R0000074,T0045091,U015040,LOCAL100,100.0,2025-09-10T04:10:00+08:00,2025-09-10T04:23:00+08:00
R0000075,T0045092,U021002,TPE150,150.0,2025-10-24T12:37:00+08:00,2025-10-24T12:48:00+08:00
R0000076,T0045093,U020785,TPE100,100.0,2025-10-15T09:38:00+08:00,2025-10-15T09:49:00+08:00
R0000077,T0045095,U015465,TPE100,100.0,2025-09-11T23:49:00+08:00,2025-09-11T23:57:00+08:00
R0000078,T0045096,U015465,LOCAL100,100.0,2025-09-18T04:36:00+08:00,2025-09-18T04:47:00+08:00
R0000079,T0045097,U022166,TPE150,150.0,2025-10-01T21:10:00+08:00,2025-10-01T21:20:00+08:00
R0000080,T0045100,U004502,TPE100,100.0,2025-09-06T12:34:00+08:00,2025-09-06T12:45:00+08:00
R0000081,T0045101,U004502,LOCAL100,100.0,2025-09-07T22:51:00+08:00,2025-09-07T22:57:00+08:00
R0000082,T0045102,U026209,TPE100,100.0,2025-09-02T01:08:00+08:00,2025-09-02T01:21:00+08:00
R0000083,T0045103,U015199,TPE150,150.0,2025-10-01T10:32:00+08:00,2025-10-01T10:35:00+08:00
R0000084,T0045104,U029147,TPE150,150.0,2025-09-28T15:39:00+08:00,2025-09-28T15:41:00+08:00
R0000085,T0045105,U008026,TPE100,100.0,2025-10-07T22:31:00+08:00,2025-10-07T22:33:00+08:00
R0000086,T0045106,U007434,TPE150,150.0,2025-09-02T09:01:00+08:00,2025-09-02T09:03:00+08:00
R0000087,T0045107,U026480,TPE100,100.0,2025-09-03T22:47:00+08:00,2025-09-03T22:54:00+08:00
R0000088,T0045108,U026480,LOCAL100,100.0,2025-09-09T23:35:00+08:00,2025-09-09T23:38:00+08:00
R0000089,T0045111,U009311,TPE150,150.0,2025-10-08T02:31:00+08:00,2025-10-08T02:37:00+08:00
R0000090,T0045112,U010655,TPE100,100.0,2025-09-30T10:03:00+08:00,2025-09-30T10:17:00+08:00
R0000091,T0045113,U010655,LOCAL100,100.0,2025-10-02T11:54:00+08:00,2025-10-02T12:02:00+08:00
R0000092,T0045114,U011475,TPE100,100.0,2025-10-04T08:10:00+08:00,2025-10-04T08:12:00+08:00
R0000093,T0045115,U011475,LOCAL100,100.0,2025-10-10T21:47:00+08:00,2025-10-10T21:50:00+08:00
R0000094,T0045116,U024944,TPE150,150.0,2025-10-09T09:03:00+08:00,2025-10-09T09:06:00+08:00
R0000095,T0045117,U007687,TPE150,150.0,2025-10-22T01:37:00+08:00,2025-10-22T01:39:00+08:00
R0000096,T0045118,U006237,TPE150,150.0,2025-10-03T04:36:00+08:00,2025-10-03T04:42:00+08:00
R0000097,T0045119,U018504,TPE100,100.0,2025-09-22T00:47:00+08:00,2025-09-22T00:59:00+08:00
R0000098,T0045120,U018504,LOCAL100,100.0,2025-09-23T13:46:00+08:00,2025-09-23T13:57:00+08:00
R0000099,T0045121,U007270,TPE100,100.0,2025-10-02T09:55:00+08:00,2025-10-02T10:03:00+08:00
R0000100,T0045122,U007270,LOCAL100,100.0,2025-10-03T18:10:00+08:00,2025-10-03T18:25:00+08:00
R0000101,T0045123,U003097,TPE100,100.0,2025-10-06T23:04:00+08:00,2025-10-06T23:16:00+08:00
R0000102,T0045124,U027070,TPE150,150.0,2025-09-13T14:43:00+08:00,2025-09-13T14:56:00+08:00
R0000103,T0045125,U000565,TPE100,100.0,2025-10-20T13:29:00+08:00,2025-10-20T13:35:00+08:00
R0000104,T0045126,U003396,TPE100,100.0,2025-10-08T12:24:00+08:00,2025-10-08T12:37:00+08:00
R0000105,T0045127,U011188,TPE150,150.0,2025-09-19T17:05:00+08:00,2025-09-19T17:06:00+08:00
R0000106,T0045128,U017272,TPE100,100.0,2025-09-05T12:42:00+08:00,2025-09-05T12:51:00+08:00
R0000107,T0045129,U026638,TPE150,150.0,2025-10-11T04:59:00+08:00,2025-10-11T05:01:00+08:00
R0000108,T0045130,U006997,TPE150,150.0,2025-09-22T06:06:00+08:00,2025-09-22T06:20:00+08:00
R0000109,T0045132,U027854,TPE100,100.0,2025-10-07T17:17:00+08:00,2025-10-07T17:25:00+08:00
R0000110,T0045134,U006767,TPE100,100.0,2025-10-25T08:31:00+08:00,2025-10-25T08:41:00+08:00
R0000111,T0045135,U027734,TPE150,150.0,2025-09-13T01:10:00+08:00,2025-09-13T01:14:00+08:00
R0000112,T0045136,U017412,TPE150,150.0,2025-10-20T07:48:00+08:00,2025-10-20T07:51:00+08:00
R0000113,T0045138,U021213,TPE150,150.0,2025-09-19T08:55:00+08:00,2025-09-19T09:08:00+08:00
R0000114,T0045140,U014318,TPE100,100.0,2025-09-08T06:17:00+08:00,2025-09-08T06:19:00+08:00
R0000115,T0045141,U019381,TPE100,100.0,2025-10-03T08:41:00+08:00,2025-10-03T08:51:00+08:00
R0000116,T0045142,U022536,TPE150,150.0,2025-09-04T09:27:00+08:00,2025-09-04T09:40:00+08:00
R0000117,T0045143,U001931,TPE100,100.0,2025-10-04T19:39:00+08:00,2025-10-04T19:42:00+08:00
R0000118,T0045144,U029636,TPE150,150.0,2025-10-02T11:27:00+08:00,2025-10-02T11:30:00+08:00
R0000119,T0045145,U010343,TPE100,100.0,2025-10-19T06:29:00+08:00,2025-10-19T06:37:00+08:00
R0000120,T0045146,U010343,LOCAL100,100.0,2025-10-25T22:04:00+08:00,2025-10-25T22:13:00+08:00
R0000121,T0045147,U022298,TPE100,100.0,2025-09-06T01:47:00+08:00,2025-09-06T01:59:00+08:00
R0000122,T0045148,U005502,TPE100,100.0,2025-09-20T00:14:00+08:00,2025-09-20T00:17:00+08:00
R0000123,T0045149,U009261,TPE150,150.0,2025-09-12T04:16:00+08:00,2025-09-12T04:16:00+08:00
R0000124,T0045150,U029511,TPE100,100.0,2025-10-20T10:26:00+08:00,2025-10-20T10:39:00+08:00
R0000125,T0045151,U029511,LOCAL100,100.0,2025-10-23T20:04:00+08:00,2025-10-23T20:06:00+08:00
R0000126,T0045152,U021946,TPE100,100.0,2025-10-17T03:47:00+08:00,2025-10-17T03:58:00+08:00
R0000127,T0045154,U005357,TPE100,100.0,2025-10-14T00:35:00+08:00,2025-10-14T00:46:00+08:00
R0000128,T0045156,U000760,TPE150,9999,2025-10-23T19:35:00+08:00,2025-10-23T19:45:00+08:00
R0000129,T0045157,U023387,TPE100,100.0,2025-10-17T00:29:00+08:00,2025-10-17T00:39:00+08:00
R0000130,T0045158,U021403,TPE100,100.0,2025-09-29T20:49:00+08:00,2025-09-29T20:51:00+08:00
R0000131,T0045159,U022682,TPE100,100.0,2025-09-01T10:10:00+08:00,2025-09-01T10:20:00+08:00
R0000132,T0045160,U017778,TPE150,150.0,2025-09-09T10:31:00+08:00,2025-09-09T10:38:00+08:00
R0000133,T0045161,U020628,TPE150,150.0,2025-09-22T20:35:00+08:00,2025-09-22T20:36:00+08:00
R0000134,T0045162,U006366,TPE150,150.0,2025-09-24T11:36:00+08:00,2025-09-24T11:51:00+08:00
R0000135,T0045164,U014164,TPE100,100.0,2025-09-28T23:44:00+08:00,2025-09-28T23:53:00+08:00
R0000136,T0045165,U014164,LOCAL100,100.0,2025-10-02T04:45:00+08:00,2025-10-02T04:52:00+08:00
R0000137,T0045166,U011895,TPE150,150.0,2025-10-19T11:02:00+08:00,2025-10-19T11:15:00+08:00
R0000138,T0045167,U008681,TPE100,100.0,2025-10-23T09:59:00+08:00,2025-10-23T09:59:00+08:00
R0000139,T0045168,U008308,TPE100,100.0,2025-09-04T00:27:00+08:00,2025-09-04T00:27:00+08:00
R0000140,T0045169,U008308,LOCAL100,100.0,2025-09-10T13:51:00+08:00,2025-09-10T13:51:00+08:00
R0000141,T0045171,U014764,TPE100,100.0,2025-09-02T01:21:00+08:00,2025-09-02T01:23:00+08:00
R0000142,T0045172,U009058,TPE100,100.0,2025-10-15T11:56:00+08:00,2025-10-15T12:06:00+08:00
R0000143,T0045173,U007006,TPE100,100.0,2025-10-24T07:54:00+08:00,2025-10-24T08:08:00+08:00
R0000144,T0045174,U007006,LOCAL100,100.0,2025-10-28T02:44:00+08:00,2025-10-28T02:52:00+08:00
R0000145,T0045175,U016801,TPE150,150.0,2025-10-06T13:12:00+08:00,2025-10-06T13:23:00+08:00
R0000146,T0045176,U014886,TPE150,150.0,2025-10-25T08:18:00+08:00,2025-10-25T08:19:00+08:00
R0000147,T0045178,U014717,TPE150,150.0,2025-09-08T07:54:00+08:00,2025-09-08T07:59:00+08:00
R0000148,T0045179,U019044,TPE150,150.0,2025-10-06T12:25:00+08:00,2025-10-06T12:26:00+08:00
R0000149,T0045182,U020512,TPE150,150.0,2025-10-17T09:43:00+08:00,2025-10-17T09:47:00+08:00
R0000150,T0045184,U025182,TPE100,100.0,2025-09-20T11:09:00+08:00,2025-09-20T11:12:00+08:00
R0000151,T0045185,U018380,TPE150,150.0,2025-09-23T09:10:00+08:00,2025-09-23T09:20:00+08:00
R0000152,T0045187,U022849,TPE150,150.0,2025-10-08T02:32:00+08:00,2025-10-08T02:41:00+08:00
R0000153,T0045189,U010372,TPE100,100.0,2025-09-19T22:49:00+08:00,2025-09-19T22:52:00+08:00
R0000154,T0045190,U019025,TPE100,100.0,2025-09-14T21:34:00+08:00,2025-09-14T21:38:00+08:00
R0000155,T0045191,U019025,LOCAL100,100.0,2025-09-16T14:55:00+08:00,2025-09-16T14:57:00+08:00
R0000156,T0045192,U020419,TPE150,150.0,2025-10-19T11:08:00+08:00,2025-10-19T11:12:00+08:00
R0000157,T0045193,U000116,TPE100,100.0,2025-10-13T10:57:00+08:00,2025-10-13T10:57:00+08:00
R0000158,T0045194,U000116,LOCAL100,100.0,2025-10-14T16:33:00+08:00,2025-10-14T16:38:00+08:00
R0000159,T0045197,U021770,TPE150,150.0,2025-10-19T08:41:00+08:00,2025-10-19T08:46:00+08:00
R0000160,T0045199,U027798,TPE100,100.0,2025-09-21T01:34:00+08:00,2025-09-21T01:37:00+08:00
R0000161,T0045200,U009986,TPE100,100.0,2025-09-23T11:40:00+08:00,2025-09-23T11:53:00+08:00
R0000162,T0045202,U026737,TPE150,150.0,2025-10-01T18:06:00+08:00,2025-10-01T18:09:00+08:00
R0000163,T0045203,U002762,TPE100,100.0,2025-10-11T13:03:00+08:00,2025-10-11T13:12:00+08:00
R0000164,T0045204,U017648,TPE100,100.0,2025-09-08T01:14:00+08:00,2025-09-08T01:18:00+08:00
R0000165,T0045205,U008863,TPE100,100.0,2025-10-21T11:05:00+08:00,2025-10-21T11:15:00+08:00
R0000166,T0045206,U008863,LOCAL100,100.0,2025-10-23T13:32:00+08:00,2025-10-23T13:36:00+08:00
R0000167,T0045207,U019778,TPE100,100.0,2025-09-22T11:29:00+08:00,2025-09-22T11:40:00+08:00
R0000168,T0045208,U019778,LOCAL100,100.0,2025-09-27T15:40:00+08:00,2025-09-27T15:49:00+08:00
R0000169,T0045209,U029083,TPE100,100.0,2025-09-19T10:09:00+08:00,2025-09-19T10:14:00+08:00
R0000170,T0045210,U029083,LOCAL100,100.0,2025-09-23T19:24:00+08:00,2025-09-23T19:32:00+08:00
R0000171,T0045211,U001353,TPE100,100.0,2025-09-02T15:15:00+08:00,2025-09-02T15:29:00+08:00
R0000172,T0045212,U001353,LOCAL100,100.0,2025-09-04T02:44:00+08:00,2025-09-04T02:47:00+08:00
R0000173,T0045213,U022114,TPE150,150.0,2025-09-18T09:16:00+08:00,2025-09-18T09:27:00+08:00
R0000174,T0045214,U000645,TPE100,100.0,2025-10-17T16:49:00+08:00,2025-10-17T16:56:00+08:00
R0000175,T0045215,U016390,TPE150,150.0,2025-10-05T12:12:00+08:00,2025-10-05T12:21:00+08:00
R0000176,T0045216,U008022,TPE100,100.0,2025-10-03T10:05:00+08:00,2025-10-03T10:07:00+08:00
R0000177,T0045217,U008022,LOCAL100,100.0,2025-10-08T21:30:00+08:00,2025-10-08T21:35:00+08:00
R0000178,T0045219,U015055,TPE100,100.0,2025-09-19T06:25:00+08:00,2025-09-19T06:32:00+08:00
R0000179,T0045220,U001744,TPE150,150.0,2025-09-09T11:13:00+08:00,2025-09-09T11:14:00+08:00
R0000180,T0045221,U014555,TPE100,100.0,2025-10-13T01:31:00+08:00,2025-10-13T01:43:00+08:00
R0000181,T0045222,U021407,TPE150,150.0,2025-10-05T05:58:00+08:00,2025-10-05T06:01:00+08:00
R0000182,T0045224,U000242,TPE100,100.0,2025-10-22T01:18:00+08:00,2025-10-22T01:21:00+08:00
R0000183,T0045225,U002373,TPE150,150.0,2025-09-22T09:55:00+08:00,2025-09-22T09:55:00+08:00
R0000184,T0045226,U005798,TPE100,100.0,2025-10-04T15:15:00+08:00,2025-10-04T15:28:00+08:00
R0000185,T0045228,U021871,TPE150,150.0,2025-09-03T09:50:00+08:00,2025-09-03T10:05:00+08:00
R0000186,T0045229,U009886,TPE100,100.0,2025-09-04T21:37:00+08:00,2025-09-04T21:52:00+08:00
R0000187,T0045230,U002643,TPE100,100.0,2025-10-10T02:03:00+08:00,2025-10-10T02:14:00+08:00
R0000188,T0045231,U015077,TPE150,150.0,2025-10-07T04:47:00+08:00,2025-10-07T04:57:00+08:00
R0000189,T0045232,U013438,TPE100,100.0,2025-10-08T10:47:00+08:00,2025-10-08T10:58:00+08:00
R0000190,T0045233,U023357,TPE150,150.0,2025-09-07T16:23:00+08:00,2025-09-07T16:32:00+08:00
R0000191,T0045237,U023878,TPE150,150.0,2025-09-05T08:49:00+08:00,2025-09-05T08:51:00+08:00
R0000192,T0045238,U024742,TPE100,100.0,2025-09-30T12:34:00+08:00,2025-09-30T12:48:00+08:00
R0000193,T0045239,U017466,TPE150,150.0,2025-09-05T02:10:00+08:00,2025-09-05T02:17:00+08:00
R0000194,T0045241,U024793,TPE150,150.0,2025-10-21T18:46:00+08:00,2025-10-21T19:00:00+08:00
R0000195,T0045243,U021804,TPE150,150.0,2025-09-04T04:17:00+08:00,2025-09-04T04:29:00+08:00
R0000196,T0045247,U023829,TPE100,100.0,2025-10-27T00:58:00+08:00,2025-10-27T01:03:00+08:00
R0000197,T0045248,U011366,TPE150,150.0,2025-10-04T10:28:00+08:00,2025-10-04T10:39:00+08:00
R0000198,T0045250,U024355,TPE150,150.0,2025-09-15T23:52:00+08:00,2025-09-16T00:01:00+08:00
R0000199,T0045251,U021938,TPE100,100.0,2025-10-21T11:04:00+08:00,2025-10-21T11:14:00+08:00
R0000200,T0045252,U021938,LOCAL100,100.0,2025-10-27T21:02:00+08:00,2025-10-27T21:09:00+08:00
R0000201,T0045253,U018531,TPE150,150.0,2025-09-05T12:25:00+08:00,2025-09-05T12:28:00+08:00
R0000202,T0045254,U008392,TPE100,100.0,2025-10-18T05:59:00+08:00,2025-10-18T06:05:00+08:00
R0000203,T0045255,U008392,LOCAL100,100.0,2025-10-23T12:31:00+08:00,2025-10-23T12:39:00+08:00
R0000204,T0045256,U013961,TPE100,100.0,2025-09-30T23:20:00+08:00,2025-09-30T23:26:00+08:00
R0000205,T0045258,U017613,TPE150,150.0,2025-09-28T02:13:00+08:00,2025-09-28T02:23:00+08:00
R0000206,T0045259,U026624,TPE100,100.0,2025-10-07T17:07:00+08:00,2025-10-07T17:10:00+08:00
R0000207,T0045260,U026624,LOCAL100,100.0,2025-10-10T02:49:00+08:00,2025-10-10T02:51:00+08:00
R0000208,T0045261,U006915,TPE100,100.0,2025-09-27T19:37:00+08:00,2025-09-27T19:52:00+08:00
R0000209,T0045262,U010746,TPE150,150.0,2025-10-26T11:45:00+08:00,2025-10-26T11:51:00+08:00
R0000210,T0045263,U016464,TPE150,150.0,2025-09-30T14:59:00+08:00,2025-09-30T15:05:00+08:00
R0000211,T0045265,U015546,TPE100,100.0,2025-09-11T05:49:00+08:00,2025-09-11T05:55:00+08:00
R0000212,T0045266,U021028,TPE100,100.0,2025-09-26T04:27:00+08:00,2025-09-26T04:42:00+08:00
R0000213,T0045267,U022654,TPE150,150.0,2025-10-12T09:00:00+08:00,2025-10-12T09:13:00+08:00
R0000214,T0045268,U002008,TPE150,150.0,2025-10-07T08:04:00+08:00,2025-10-07T08:07:00+08:00
R0000215,T0045270,U002819,TPE150,150.0,2025-10-06T02:15:00+08:00,2025-10-06T02:20:00+08:00
R0000216,T0045273,U024543,TPE100,100.0,2025-09-24T22:50:00+08:00,2025-09-24T23:04:00+08:00
R0000217,T0045274,U008885,TPE150,150.0,2025-09-06T12:09:00+08:00,2025-09-06T12:15:00+08:00
R0000218,T0045275,U029099,TPE150,150.0,2025-10-18T12:05:00+08:00,2025-10-18T12:17:00+08:00
R0000219,T0045277,U008781,TPE150,150.0,2025-09-05T14:22:00+08:00,2025-09-05T14:26:00+08:00
R0000220,T0045280,U022718,TPE100,100.0,2025-10-02T05:00:00+08:00,2025-10-02T05:15:00+08:00
R0000221,T0045281,U022718,LOCAL100,100.0,2025-10-03T06:57:00+08:00,2025-10-03T07:04:00+08:00
R0000222,T0045283,U011624,TPE100,100.0,2025-10-07T00:40:00+08:00,2025-10-07T00:50:00+08:00
R0000223,T0045284,U011624,LOCAL100,100.0,2025-10-09T06:26:00+08:00,2025-10-09T06:28:00+08:00
R0000224,T0045285,U025582,TPE150,150.0,2025-10-09T09:10:00+08:00,2025-10-09T09:18:00+08:00
R0000225,T0045287,U000282,TPE100,100.0,2025-10-10T22:22:00+08:00,2025-10-10T22:37:00+08:00
R0000226,T0045288,U015625,TPE150,150.0,2025-09-10T08:58:00+08:00,2025-09-10T09:03:00+08:00
R0000227,T0045289,U024075,TPE100,100.0,2025-10-22T23:19:00+08:00,2025-10-22T23:21:00+08:00
R0000228,T0045290,U024075,LOCAL100,100.0,2025-10-24T11:43:00+08:00,2025-10-24T11:44:00+08:00
R0000229,T0045291,U010716,TPE100,100.0,2025-09-04T06:47:00+08:00,2025-09-04T06:50:00+08:00
R0000230,T0045292,U010716,LOCAL100,100.0,2025-09-06T11:39:00+08:00,2025-09-06T11:46:00+08:00
R0000231,T0045293,U027451,TPE150,150.0,2025-10-19T04:51:00+08:00,2025-10-19T05:06:00+08:00
R0000232,T0045295,U015209,TPE150,150.0,2025-10-05T19:48:00+08:00,2025-10-05T19:48:00+08:00
R0000233,T0045296,U008664,TPE150,150.0,2025-09-03T13:32:00+08:00,2025-09-03T13:44:00+08:00
R0000234,T0045298,U017138,TPE100,100.0,2025-10-01T08:41:00+08:00,2025-10-01T08:41:00+08:00
R0000235,T0045299,U024370,TPE100,100.0,2025-10-09T14:47:00+08:00,2025-10-09T14:51:00+08:00
R0000236,T0045300,U024370,LOCAL100,100.0,2025-10-12T22:04:00+08:00,2025-10-12T22:15:00+08:00
R0000237,T0045301,U011594,TPE100,100.0,2025-09-05T00:46:00+08:00,2025-09-05T00:58:00+08:00
R0000238,T0045302,U011594,LOCAL100,100.0,2025-09-06T01:12:00+08:00,2025-09-06T01:17:00+08:00
R0000239,T0045303,U006933,TPE100,100.0,2025-09-17T11:31:00+08:00,2025-09-17T11:45:00+08:00
R0000240,T0045304,U003457,TPE100,9999,2025-09-06T00:29:00+08:00,2025-09-06T00:40:00+08:00
R0000241,T0045305,U015542,TPE150,150.0,2025-09-27T08:55:00+08:00,2025-09-27T09:10:00+08:00
R0000242,T0045307,U009859,TPE150,150.0,2025-10-23T10:33:00+08:00,2025-10-23T10:39:00+08:00
R0000243,T0045309,U002978,TPE150,150.0,2025-10-25T00:49:00+08:00,2025-10-25T00:55:00+08:00
R0000244,T0045311,U013437,TPE100,100.0,2025-09-27T13:07:00+08:00,2025-09-27T13:15:00+08:00
R0000245,T0045312,U007614,TPE150,150.0,2025-10-02T00:07:00+08:00,2025-10-02T00:18:00+08:00
R0000246,T0045313,U016951,TPE100,100.0,2025-09-02T10:35:00+08:00,2025-09-02T10:47:00+08:00
R0000247,T0045315,U016642,TPE100,100.0,2025-10-11T06:52:00+08:00,2025-10-11T06:54:00+08:00
R0000248,T0045316,U008935,TPE100,100.0,2025-10-08T09:00:00+08:00,2025-10-08T09:10:00+08:00
R0000249,T0045317,U008935,LOCAL100,100.0,2025-10-10T14:25:00+08:00,2025-10-10T14:26:00+08:00
R0000250,T0045318,U008338,TPE100,100.0,2025-09-02T00:24:00+08:00,2025-09-02T00:37:00+08:00
R0000251,T0045319,U008338,LOCAL100,100.0,2025-09-05T13:13:00+08:00,2025-09-05T13:20:00+08:00
R0000252,T0045320,U010192,TPE150,150.0,2025-09-02T10:51:00+08:00,2025-09-02T10:51:00+08:00
R0000253,T0045321,U016317,TPE150,150.0,2025-09-07T09:33:00+08:00,2025-09-07T09:36:00+08:00
R0000254,T0045322,U003471,TPE100,100.0,2025-10-24T02:59:00+08:00,2025-10-24T03:00:00+08:00
R0000255,T0045324,U024731,TPE100,100.0,2025-10-17T01:03:00+08:00,2025-10-17T01:09:00+08:00
R0000256,T0045325,U024731,LOCAL100,100.0,2025-10-18T05:18:00+08:00,2025-10-18T05:19:00+08:00
R0000257,T0045326,U025810,TPE100,100.0,2025-10-15T19:13:00+08:00,2025-10-15T19:15:00+08:00
R0000258,T0045327,U025810,LOCAL100,100.0,2025-10-18T23:04:00+08:00,2025-10-18T23:05:00+08:00
R0000259,T0045329,U010156,TPE100,100.0,2025-09-15T04:47:00+08:00,2025-09-15T05:02:00+08:00
R0000260,T0045332,U025174,TPE150,150.0,2025-09-25T00:07:00+08:00,2025-09-25T00:14:00+08:00
R0000261,T0045333,U019380,TPE100,100.0,2025-09-26T05:02:00+08:00,2025-09-26T05:06:00+08:00
R0000262,T0045334,U001863,TPE100,100.0,2025-09-15T11:49:00+08:00,2025-09-15T11:53:00+08:00
R0000263,T0045335,U001863,LOCAL100,100.0,2025-09-17T14:55:00+08:00,2025-09-17T15:02:00+08:00
R0000264,T0045336,U013930,TPE150,150.0,2025-09-28T19:54:00+08:00,2025-09-28T19:54:00+08:00
R0000265,T0045337,U003324,TPE100,100.0,2025-10-05T05:13:00+08:00,2025-10-05T05:14:00+08:00
R0000266,T0045338,U027501,TPE100,100.0,2025-10-02T07:40:00+08:00,2025-10-02T07:43:00+08:00
R0000267,T0045339,U027501,LOCAL100,100.0,2025-10-05T03:02:00+08:00,2025-10-05T03:11:00+08:00
R0000268,T0045340,U010931,TPE150,150.0,2025-09-13T22:04:00+08:00,2025-09-13T22:10:00+08:00
R0000269,T0045341,U026655,TPE100,100.0,2025-10-13T02:38:00+08:00,2025-10-13T02:44:00+08:00
R0000270,T0045342,U015399,TPE150,150.0,2025-09-28T22:17:00+08:00,2025-09-28T22:22:00+08:00
R0000271,T0045343,U008083,TPE100,100.0,2025-09-02T00:36:00+08:00,2025-09-02T00:44:00+08:00
R0000272,T0045344,U021714,TPE100,100.0,2025-09-20T01:24:00+08:00,2025-09-20T01:31:00+08:00
R0000273,T0045346,U021309,TPE150,150.0,2025-09-12T20:37:00+08:00,2025-09-12T20:47:00+08:00
R0000274,T0045347,U019666,TPE150,150.0,2025-10-17T02:19:00+08:00,2025-10-17T02:19:00+08:00
R0000275,T0045348,U025638,TPE100,100.0,2025-10-10T10:03:00+08:00,2025-10-10T10:07:00+08:00
R0000276,T0045349,U003590,TPE100,100.0,2025-10-15T16:35:00+08:00,2025-10-15T16:45:00+08:00
R0000277,T0045351,U026411,TPE150,150.0,2025-09-21T15:52:00+08:00,2025-09-21T16:06:00+08:00
R0000278,T0045353,U010757,TPE100,100.0,2025-09-17T22:08:00+08:00,2025-09-17T22:22:00+08:00
R0000279,T0045354,U010757,LOCAL100,100.0,2025-09-21T00:51:00+08:00,2025-09-21T01:00:00+08:00
R0000280,T0045356,U014849,TPE100,100.0,2025-10-12T22:41:00+08:00,2025-10-12T22:54:00+08:00
R0000281,T0045357,U003484,TPE150,150.0,2025-10-01T18:34:00+08:00,2025-10-01T18:47:00+08:00
R0000282,T0045358,U020978,TPE150,150.0,2025-10-23T09:25:00+08:00,2025-10-23T09:31:00+08:00
R0000283,T0045359,U023515,TPE100,100.0,2025-09-10T21:22:00+08:00,2025-09-10T21:34:00+08:00
R0000284,T0045362,U008370,TPE100,100.0,2025-09-02T00:42:00+08:00,2025-09-02T00:44:00+08:00
R0000285,T0045363,U022379,TPE150,150.0,2025-10-04T19:07:00+08:00,2025-10-04T19:22:00+08:00
R0000286,T0045365,U028004,TPE100,100.0,2025-09-18T23:58:00+08:00,2025-09-19T00:09:00+08:00
R0000287,T0045366,U028004,LOCAL100,100.0,2025-09-20T17:23:00+08:00,2025-09-20T17:23:00+08:00
R0000288,T0045367,U005422,TPE100,100.0,2025-10-04T10:47:00+08:00,2025-10-04T10:51:00+08:00
R0000289,T0045368,U005422,LOCAL100,100.0,2025-10-07T11:47:00+08:00,2025-10-07T11:59:00+08:00
R0000290,T0045369,U008415,TPE100,100.0,2025-09-29T11:58:00+08:00,2025-09-29T12:13:00+08:00
R0000291,T0045370,U008415,LOCAL100,100.0,2025-10-05T17:02:00+08:00,2025-10-05T17:11:00+08:00
R0000292,T0045371,U012687,TPE150,150.0,2025-10-17T19:28:00+08:00,2025-10-17T19:31:00+08:00
R0000293,T0045372,U008608,TPE100,100.0,2025-10-01T08:25:00+08:00,2025-10-01T08:27:00+08:00
R0000294,T0045373,U008608,LOCAL100,100.0,2025-10-08T03:18:00+08:00,2025-10-08T03:30:00+08:00
R0000295,T0045375,U016368,TPE150,150.0,2025-09-27T06:07:00+08:00,2025-09-27T06:17:00+08:00
R0000296,T0045376,U014863,TPE150,150.0,2025-09-02T08:58:00+08:00,2025-09-02T09:00:00+08:00
R0000297,T0045378,U022399,TPE150,150.0,2025-10-19T12:26:00+08:00,2025-10-19T12:26:00+08:00
R0000298,T0045380,U000835,TPE100,100.0,2025-10-25T23:22:00+08:00,2025-10-25T23:26:00+08:00
R0000299,T0045381,U015386,TPE100,100.0,2025-09-18T14:46:00+08:00,2025-09-18T14:55:00+08:00
R0000300,T0045384,U014081,TPE150,150.0,2025-10-01T20:29:00+08:00,2025-10-01T20:39:00+08:00
R0000301,T0045386,U022331,TPE100,100.0,2025-10-22T17:30:00+08:00,2025-10-22T17:35:00+08:00
R0000302,T0045391,U004924,TPE150,150.0,2025-09-21T01:43:00+08:00,2025-09-21T01:48:00+08:00
R0000303,T0045392,U010448,TPE150,150.0,2025-09-03T21:30:00+08:00,2025-09-03T21:38:00+08:00
R0000304,T0045393,U013089,TPE100,100.0,2025-10-12T17:12:00+08:00,2025-10-12T17:16:00+08:00
R0000305,T0045396,U002193,TPE150,150.0,2025-09-02T18:52:00+08:00,2025-09-02T18:58:00+08:00
R0000306,T0045397,U026300,TPE150,150.0,2025-10-16T12:29:00+08:00,2025-10-16T12:42:00+08:00
R0000307,T0045399,U027909,TPE150,150.0,2025-10-14T14:21:00+08:00,2025-10-14T14:22:00+08:00
R0000308,T0045400,U024943,TPE150,150.0,2025-10-04T04:13:00+08:00,2025-10-04T04:13:00+08:00
R0000309,T0045402,U012799,TPE100,100.0,2025-10-25T07:44:00+08:00,2025-10-25T07:59:00+08:00
R0000310,T0045403,U012799,LOCAL100,100.0,2025-10-26T12:38:00+08:00,2025-10-26T12:52:00+08:00
R0000311,T0045404,U007873,TPE150,150.0,2025-09-15T08:23:00+08:00,2025-09-15T08:30:00+08:00
R0000312,T0045406,U014241,TPE100,100.0,2025-09-06T18:58:00+08:00,2025-09-06T19:00:00+08:00
R0000313,T0045407,U005361,TPE100,100.0,2025-09-24T23:29:00+08:00,2025-09-24T23:30:00+08:00
R0000314,T0045408,U014752,TPE150,150.0,2025-09-21T04:45:00+08:00,2025-09-21T04:58:00+08:00
R0000315,T0045409,U016492,TPE150,150.0,2025-10-02T13:23:00+08:00,2025-10-02T13:38:00+08:00
R0000316,T0045411,U015556,TPE150,150.0,2025-10-14T16:37:00+08:00,2025-10-14T16:40:00+08:00
R0000317,T0045414,U012024,TPE150,150.0,2025-10-06T14:25:00+08:00,2025-10-06T14:37:00+08:00
R0000318,T0045415,U023555,TPE150,150.0,2025-09-13T13:10:00+08:00,2025-09-13T13:12:00+08:00
R0000319,T0045416,U003776,TPE100,100.0,2025-09-14T00:55:00+08:00,2025-09-14T01:08:00+08:00
R0000320,T0045417,U003776,LOCAL100,100.0,2025-09-17T02:29:00+08:00,2025-09-17T02:34:00+08:00
R0000321,T0045419,U000698,TPE100,100.0,2025-09-01T16:16:00+08:00,2025-09-01T16:23:00+08:00
R0000322,T0045420,U000698,LOCAL100,100.0,2025-09-07T22:55:00+08:00,2025-09-07T23:01:00+08:00
R0000323,T0045421,U027110,TPE150,150.0,2025-10-16T14:16:00+08:00,2025-10-16T14:16:00+08:00
R0000324,T0045424,U026587,TPE150,150.0,2025-09-12T17:24:00+08:00,2025-09-12T17:38:00+08:00
R0000325,T0045425,U001727,TPE150,150.0,2025-09-19T17:50:00+08:00,2025-09-19T17:54:00+08:00
R0000326,T0045427,U002380,TPE150,150.0,2025-10-20T11:28:00+08:00,2025-10-20T11:37:00+08:00
R0000327,T0045429,U022425,TPE100,100.0,2025-09-19T23:03:00+08:00,2025-09-19T23:10:00+08:00
R0000328,T0045430,U022425,LOCAL100,100.0,2025-09-21T05:54:00+08:00,2025-09-21T05:54:00+08:00
R0000329,T0045431,U016342,TPE150,150.0,2025-09-17T15:52:00+08:00,2025-09-17T16:05:00+08:00
R0000330,T0045433,U018071,TPE150,150.0,2025-09-21T09:22:00+08:00,2025-09-21T09:32:00+08:00
R0000331,T0045435,U009083,TPE100,100.0,2025-10-02T09:09:00+08:00,2025-10-02T09:24:00+08:00
R0000332,T0045436,U009083,LOCAL100,100.0,2025-10-06T15:06:00+08:00,2025-10-06T15:07:00+08:00
R0000333,T0045437,U025357,TPE150,150.0,2025-10-20T10:17:00+08:00,2025-10-20T10:22:00+08:00
R0000334,T0045440,U029154,TPE150,150.0,2025-10-26T12:58:00+08:00,2025-10-26T13:13:00+08:00
R0000335,T0045441,U021917,TPE100,9999,2025-09-17T00:36:00+08:00,2025-09-17T00:43:00+08:00
R0000336,T0045443,U008658,TPE150,150.0,2025-10-07T19:55:00+08:00,2025-10-07T20:05:00+08:00
R0000337,T0045446,U022869,TPE100,100.0,2025-09-10T15:30:00+08:00,2025-09-10T15:31:00+08:00
R0000338,T0045447,U022869,LOCAL100,100.0,2025-09-15T04:12:00+08:00,2025-09-15T04:15:00+08:00
R0000339,T0045448,U028375,TPE100,100.0,2025-09-02T10:14:00+08:00,2025-09-02T10:29:00+08:00
R0000340,T0045449,U018819,TPE100,100.0,2025-09-19T11:59:00+08:00,2025-09-19T12:10:00+08:00
R0000341,T0045450,U004288,TPE150,150.0,2025-10-26T06:56:00+08:00,2025-10-26T07:03:00+08:00
R0000342,T0045451,U021773,TPE150,150.0,2025-09-01T13:57:00+08:00,2025-09-01T14:06:00+08:00
R0000343,T0045452,U025735,TPE150,150.0,2025-09-18T02:13:00+08:00,2025-09-18T02:20:00+08:00
R0000344,T0045453,U020252,TPE100,100.0,2025-10-10T23:50:00+08:00,2025-10-10T23:50:00+08:00
R0000345,T0045454,U000464,TPE150,150.0,2025-10-18T12:33:00+08:00,2025-10-18T12:46:00+08:00
R0000346,T0045456,U018125,TPE150,150.0,2025-10-18T09:32:00+08:00,2025-10-18T09:32:00+08:00
R0000347,T0045458,U028956,TPE100,100.0,2025-09-17T16:35:00+08:00,2025-09-17T16:46:00+08:00
R0000348,T0045459,U028956,LOCAL100,100.0,2025-09-23T09:42:00+08:00,2025-09-23T09:47:00+08:00
R0000349,T0045460,U007316,TPE150,150.0,2025-09-25T23:48:00+08:00,2025-09-26T00:01:00+08:00
R0000350,T0045461,U024507,TPE150,150.0,2025-10-19T02:04:00+08:00,2025-10-19T02:10:00+08:00
R0000351,T0045462,U015864,TPE100,100.0,2025-09-21T22:54:00+08:00,2025-09-21T23:09:00+08:00
R0000352,T0045463,U007739,TPE150,150.0,2025-09-01T23:16:00+08:00,2025-09-01T23:27:00+08:00
R0000353,T0045464,U022494,TPE150,150.0,2025-09-23T11:27:00+08:00,2025-09-23T11:33:00+08:00
R0000354,T0045466,U029195,TPE150,150.0,2025-10-03T06:36:00+08:00,2025-10-03T06:49:00+08:00
R0000355,T0045467,U021718,TPE100,100.0,2025-09-05T12:25:00+08:00,2025-09-05T12:29:00+08:00
R0000356,T0045468,U003250,TPE100,100.0,2025-09-11T03:29:00+08:00,2025-09-11T03:39:00+08:00
R0000357,T0045469,U003250,LOCAL100,100.0,2025-09-15T08:27:00+08:00,2025-09-15T08:33:00+08:00
R0000358,T0045470,U020594,TPE150,150.0,2025-09-05T01:58:00+08:00,2025-09-05T02:11:00+08:00
R0000359,T0045472,U019855,TPE100,100.0,2025-09-09T11:03:00+08:00,2025-09-09T11:17:00+08:00
R0000360,T0045473,U019855,LOCAL100,100.0,2025-09-14T00:54:00+08:00,2025-09-14T01:08:00+08:00
R0000361,T0045475,U026852,TPE100,100.0,2025-09-27T17:22:00+08:00,2025-09-27T17:28:00+08:00
R0000362,T0045476,U001634,TPE150,150.0,2025-10-04T02:33:00+08:00,2025-10-04T02:35:00+08:00
R0000363,T0045477,U028179,TPE150,150.0,2025-09-19T08:22:00+08:00,2025-09-19T08:25:00+08:00
R0000364,T0045478,U004028,TPE150,150.0,2025-10-12T22:54:00+08:00,2025-10-12T22:56:00+08:00
R0000365,T0045480,U019562,TPE150,150.0,2025-10-03T12:39:00+08:00,2025-10-03T12:51:00+08:00
R0000366,T0045481,U007274,TPE150,150.0,2025-10-17T05:12:00+08:00,2025-10-17T05:17:00+08:00
R0000367,T0045484,U004321,TPE150,150.0,2025-09-10T02:18:00+08:00,2025-09-10T02:25:00+08:00
R0000368,T0045485,U025828,TPE150,150.0,2025-10-09T23:06:00+08:00,2025-10-09T23:11:00+08:00
R0000369,T0045487,U020084,TPE150,150.0,2025-09-25T11:18:00+08:00,2025-09-25T11:28:00+08:00
R0000370,T0045488,U013534,TPE150,150.0,2025-10-26T10:16:00+08:00,2025-10-26T10:30:00+08:00
R0000371,T0045489,U027226,TPE150,150.0,2025-10-23T02:14:00+08:00,2025-10-23T02:23:00+08:00
R0000372,T0045491,U003205,TPE150,150.0,2025-09-16T01:19:00+08:00,2025-09-16T01:27:00+08:00
R0000373,T0045495,U007544,TPE100,100.0,2025-10-12T23:23:00+08:00,2025-10-12T23:34:00+08:00
R0000374,T0045496,U009637,TPE100,100.0,2025-10-26T06:11:00+08:00,2025-10-26T06:19:00+08:00
R0000375,T0045497,U009637,LOCAL100,100.0,2025-10-31T20:03:00+08:00,2025-10-31T20:04:00+08:00
R0000376,T0045498,U029542,TPE150,150.0,2025-10-12T10:28:00+08:00,2025-10-12T10:37:00+08:00
R0000377,T0045499,U007232,TPE100,100.0,2025-09-28T00:35:00+08:00,2025-09-28T00:49:00+08:00
R0000378,T0045500,U007232,LOCAL100,100.0,2025-10-01T20:18:00+08:00,2025-10-01T20:30:00+08:00
R0000379,T0045501,U011140,TPE150,150.0,2025-10-17T01:50:00+08:00,2025-10-17T01:53:00+08:00
R0000380,T0045502,U028222,TPE150,150.0,2025-10-22T15:38:00+08:00,2025-10-22T15:45:00+08:00
R0000381,T0045503,U003120,TPE150,150.0,2025-09-30T16:44:00+08:00,2025-09-30T16:47:00+08:00
R0000382,T0045504,U027862,TPE150,150.0,2025-10-25T04:28:00+08:00,2025-10-25T04:33:00+08:00
R0000383,T0045505,U019832,TPE100,100.0,2025-10-25T09:58:00+08:00,2025-10-25T10:03:00+08:00
R0000384,T0045507,U019931,TPE100,100.0,2025-10-24T11:24:00+08:00,2025-10-24T11:28:00+08:00
R0000385,T0045508,U006357,TPE100,100.0,2025-10-25T18:01:00+08:00,2025-10-25T18:06:00+08:00
R0000386,T0045509,U025768,TPE150,150.0,2025-09-04T00:46:00+08:00,2025-09-04T00:55:00+08:00
R0000387,T0045511,U027587,TPE150,150.0,2025-10-08T23:37:00+08:00,2025-10-08T23:47:00+08:00
R0000388,T0045512,U017071,TPE100,100.0,2025-09-26T22:53:00+08:00,2025-09-26T23:06:00+08:00
R0000389,T0045513,U017071,LOCAL100,100.0,2025-10-03T04:39:00+08:00,2025-10-03T04:48:00+08:00
R0000390,T0045514,U017172,TPE100,100.0,2025-10-18T10:12:00+08:00,2025-10-18T10:24:00+08:00
R0000391,T0045516,U017560,TPE150,150.0,2025-09-17T00:13:00+08:00,2025-09-17T00:28:00+08:00
R0000392,T0045518,U017734,TPE100,100.0,2025-09-03T06:21:00+08:00,2025-09-03T06:32:00+08:00
R0000393,T0045519,U023216,TPE150,150.0,2025-09-02T01:25:00+08:00,2025-09-02T01:40:00+08:00
R0000394,T0045520,U013905,TPE100,100.0,2025-09-10T13:11:00+08:00,2025-09-10T13:16:00+08:00
R0000395,T0045521,U001792,TPE100,100.0,2025-09-11T01:50:00+08:00,2025-09-11T01:52:00+08:00
R0000396,T0045522,U025533,TPE150,150.0,2025-09-29T01:54:00+08:00,2025-09-29T01:57:00+08:00
R0000397,T0045523,U020237,TPE100,100.0,2025-10-09T18:55:00+08:00,2025-10-09T19:03:00+08:00
R0000398,T0045524,U026249,TPE100,100.0,2025-09-30T01:17:00+08:00,2025-09-30T01:32:00+08:00
R0000399,T0045525,U010352,TPE150,150.0,2025-09-16T10:53:00+08:00,2025-09-16T10:56:00+08:00
R0000400,T0045527,U009269,TPE100,100.0,2025-09-27T12:01:00+08:00,2025-09-27T12:07:00+08:00
R0000401,T0045528,U021754,TPE100,100.0,2025-09-17T19:44:00+08:00,2025-09-17T19:55:00+08:00
R0000402,T0045529,U016289,TPE100,100.0,2025-10-04T16:05:00+08:00,2025-10-04T16:11:00+08:00
R0000403,T0045530,U026299,TPE150,150.0,2025-09-12T09:41:00+08:00,2025-09-12T09:55:00+08:00
R0000404,T0045532,U010407,TPE100,100.0,2025-09-20T00:45:00+08:00,2025-09-20T00:57:00+08:00
R0000405,T0045533,U013893,TPE150,150.0,2025-09-18T05:10:00+08:00,2025-09-18T05:15:00+08:00
R0000406,T0045535,U014721,TPE150,150.0,2025-09-19T09:44:00+08:00,2025-09-19T09:56:00+08:00
R0000407,T0045537,U024863,TPE100,100.0,2025-09-06T04:23:00+08:00,2025-09-06T04:26:00+08:00
R0000408,T0045538,U024863,LOCAL100,100.0,2025-09-10T12:59:00+08:00,2025-09-10T13:12:00+08:00
R0000409,T0045539,U000547,TPE150,150.0,2025-09-28T04:42:00+08:00,2025-09-28T04:42:00+08:00
R0000410,T0045540,U018993,TPE150,150.0,2025-10-20T08:09:00+08:00,2025-10-20T08:17:00+08:00
R0000411,T0045542,U008241,TPE150,150.0,2025-09-17T07:51:00+08:00,2025-09-17T08:03:00+08:00
R0000412,T0045543,U020171,TPE100,100.0,2025-10-11T17:53:00+08:00,2025-10-11T18:04:00+08:00
R0000413,T0045544,U003840,TPE150,150.0,2025-10-24T02:19:00+08:00,2025-10-24T02:27:00+08:00
R0000414,T0045546,U013780,TPE150,150.0,2025-10-18T19:19:00+08:00,2025-10-18T19:19:00+08:00
R0000415,T0045547,U010657,TPE150,150.0,2025-09-06T17:26:00+08:00,2025-09-06T17:39:00+08:00
R0000416,T0045549,U006792,TPE150,150.0,2025-09-15T02:28:00+08:00,2025-09-15T02:39:00+08:00
R0000417,T0045551,U021158,TPE150,150.0,2025-09-25T09:34:00+08:00,2025-09-25T09:48:00+08:00
R0000418,T0045553,U017963,TPE150,150.0,2025-10-02T00:24:00+08:00,2025-10-02T00:31:00+08:00
R0000419,T0045554,U000206,TPE150,150.0,2025-09-20T12:07:00+08:00,2025-09-20T12:10:00+08:00
R0000420,T0045555,U016963,TPE150,150.0,2025-10-05T10:02:00+08:00,2025-10-05T10:08:00+08:00
R0000421,T0045556,U006476,TPE100,100.0,2025-09-30T22:55:00+08:00,2025-09-30T23:00:00+08:00
R0000422,T0045557,U011928,TPE150,150.0,2025-09-05T02:13:00+08:00,2025-09-05T02:22:00+08:00
R0000423,T0045558,U017925,TPE100,100.0,2025-09-25T18:01:00+08:00,2025-09-25T18:06:00+08:00
R0000424,T0045559,U016320,TPE150,150.0,2025-10-15T07:00:00+08:00,2025-10-15T07:04:00+08:00
R0000425,T0045560,U010490,TPE150,150.0,2025-09-26T10:10:00+08:00,2025-09-26T10:13:00+08:00
R0000426,T0045561,U011556,TPE100,100.0,2025-09-15T07:48:00+08:00,2025-09-15T07:51:00+08:00
R0000427,T0045562,U028364,TPE150,150.0,2025-09-17T12:12:00+08:00,2025-09-17T12:27:00+08:00
R0000428,T0045564,U026197,TPE150,150.0,2025-09-26T19:17:00+08:00,2025-09-26T19:25:00+08:00
R0000429,T0045566,U008801,TPE100,100.0,2025-09-06T12:00:00+08:00,2025-09-06T12:14:00+08:00
R0000430,T0045567,U026630,TPE150,150.0,2025-10-24T15:19:00+08:00,2025-10-24T15:30:00+08:00
R0000431,T0045569,U025636,TPE100,100.0,2025-09-24T00:50:00+08:00,2025-09-24T00:59:00+08:00
R0000432,T0045570,U029010,TPE150,150.0,2025-10-09T08:09:00+08:00,2025-10-09T08:17:00+08:00
R0000433,T0045571,U006516,TPE100,100.0,2025-09-20T23:19:00+08:00,2025-09-20T23:24:00+08:00
R0000434,T0045572,U006516,LOCAL100,100.0,2025-09-25T11:17:00+08:00,2025-09-25T11:20:00+08:00
R0000435,T0045573,U019922,TPE150,150.0,2025-10-23T10:54:00+08:00,2025-10-23T10:55:00+08:00
R0000436,T0045574,U020323,TPE100,100.0,2025-09-11T23:57:00+08:00,2025-09-12T00:10:00+08:00
R0000437,T0045576,U006875,TPE150,150.0,2025-09-29T16:40:00+08:00,2025-09-29T16:55:00+08:00
R0000438,T0045577,U028118,TPE100,100.0,2025-09-04T01:57:00+08:00,2025-09-04T02:08:00+08:00
R0000439,T0045579,U006558,TPE100,100.0,2025-09-23T09:00:00+08:00,2025-09-23T09:00:00+08:00
R0000440,T0045580,U012083,TPE100,100.0,2025-10-21T01:51:00+08:00,2025-10-21T02:00:00+08:00
R0000441,T0045581,U012083,LOCAL100,100.0,2025-10-25T13:42:00+08:00,2025-10-25T13:56:00+08:00
R0000442,T0045582,U011152,TPE100,100.0,2025-09-19T08:42:00+08:00,2025-09-19T08:52:00+08:00
R0000443,T0045584,U013303,TPE150,150.0,2025-09-07T07:11:00+08:00,2025-09-07T07:15:00+08:00
R0000444,T0045587,U024083,TPE100,100.0,2025-10-01T23:31:00+08:00,2025-10-01T23:38:00+08:00
R0000445,T0045588,U024083,LOCAL100,100.0,2025-10-08T00:48:00+08:00,2025-10-08T00:58:00+08:00
R0000446,T0045589,U028090,TPE100,100.0,2025-09-05T05:44:00+08:00,2025-09-05T05:56:00+08:00
R0000447,T0045590,U018787,TPE100,100.0,2025-10-13T03:44:00+08:00,2025-10-13T03:52:00+08:00
R0000448,T0045593,U022137,TPE150,150.0,2025-10-01T19:27:00+08:00,2025-10-01T19:35:00+08:00
R0000449,T0045595,U011362,TPE100,100.0,2025-09-29T23:11:00+08:00,2025-09-29T23:17:00+08:00
R0000450,T0045597,U027776,TPE100,100.0,2025-10-15T13:40:00+08:00,2025-10-15T13:48:00+08:00
R0000451,T0045598,U026206,TPE150,150.0,2025-10-14T22:57:00+08:00,2025-10-14T23:02:00+08:00
R0000452,T0045599,U019431,TPE150,150.0,2025-09-25T10:34:00+08:00,2025-09-25T10:38:00+08:00
R0000453,T0045600,U019284,TPE150,150.0,2025-10-10T14:01:00+08:00,2025-10-10T14:09:00+08:00
R0000454,T0045603,U027689,TPE100,9999,2025-09-05T09:53:00+08:00,2025-09-05T10:06:00+08:00
R0000455,T0045604,U027130,TPE150,150.0,2025-09-30T09:06:00+08:00,2025-09-30T09:16:00+08:00
R0000456,T0045607,U022045,TPE100,100.0,2025-09-07T08:17:00+08:00,2025-09-07T08:17:00+08:00
R0000457,T0045608,U022045,LOCAL100,100.0,2025-09-11T23:54:00+08:00,2025-09-11T23:56:00+08:00
R0000458,T0045609,U029550,TPE100,100.0,2025-09-13T00:32:00+08:00,2025-09-13T00:40:00+08:00
R0000459,T0045610,U029550,LOCAL100,100.0,2025-09-18T08:41:00+08:00,2025-09-18T08:55:00+08:00
R0000460,T0045611,U027551,TPE100,100.0,2025-09-15T02:53:00+08:00,2025-09-15T03:06:00+08:00
R0000461,T0045612,U007690,TPE150,9999,2025-09-04T19:59:00+08:00,2025-09-04T20:09:00+08:00
R0000462,T0045614,U004966,TPE150,150.0,2025-10-10T01:50:00+08:00,2025-10-10T01:50:00+08:00
R0000463,T0045615,U002644,TPE150,150.0,2025-09-15T19:53:00+08:00,2025-09-15T19:57:00+08:00
R0000464,T0045617,U009591,TPE100,100.0,2025-10-10T10:20:00+08:00,2025-10-10T10:25:00+08:00
R0000465,T0045618,U015445,TPE100,100.0,2025-09-09T08:57:00+08:00,2025-09-09T09:07:00+08:00
R0000466,T0045619,U001910,TPE150,150.0,2025-09-24T10:57:00+08:00,2025-09-24T11:07:00+08:00
R0000467,T0045620,U023632,TPE150,150.0,2025-10-01T07:02:00+08:00,2025-10-01T07:16:00+08:00
R0000468,T0045621,U004928,TPE100,100.0,2025-09-29T12:52:00+08:00,2025-09-29T12:57:00+08:00
R0000469,T0045623,U008334,TPE100,100.0,2025-10-10T06:37:00+08:00,2025-10-10T06:40:00+08:00
R0000470,T0045624,U018960,TPE100,100.0,2025-09-03T11:50:00+08:00,2025-09-03T12:02:00+08:00
R0000471,T0045625,U009606,TPE100,100.0,2025-10-22T09:51:00+08:00,2025-10-22T09:53:00+08:00
R0000472,T0045626,U009606,LOCAL100,100.0,2025-10-27T03:43:00+08:00,2025-10-27T03:53:00+08:00
R0000473,T0045627,U016655,TPE100,100.0,2025-10-13T12:14:00+08:00,2025-10-13T12:14:00+08:00
R0000474,T0045628,U016655,LOCAL100,100.0,2025-10-15T01:55:00+08:00,2025-10-15T02:01:00+08:00
R0000475,T0045629,U022947,TPE100,100.0,2025-10-09T06:26:00+08:00,2025-10-09T06:37:00+08:00
R0000476,T0045630,U001942,TPE100,100.0,2025-09-11T20:44:00+08:00,2025-09-11T20:49:00+08:00
R0000477,T0045631,U025616,TPE100,100.0,2025-09-22T10:05:00+08:00,2025-09-22T10:11:00+08:00
R0000478,T0045632,U025616,LOCAL100,100.0,2025-09-26T00:15:00+08:00,2025-09-26T00:15:00+08:00
R0000479,T0045633,U007796,TPE100,100.0,2025-10-14T08:09:00+08:00,2025-10-14T08:17:00+08:00
R0000480,T0045635,U016347,TPE100,100.0,2025-10-11T05:26:00+08:00,2025-10-11T05:33:00+08:00
R0000481,T0045636,U016347,LOCAL100,100.0,2025-10-14T13:10:00+08:00,2025-10-14T13:21:00+08:00
R0000482,T0045637,U013045,TPE150,150.0,2025-09-10T08:14:00+08:00,2025-09-10T08:29:00+08:00
R0000483,T0045638,U012127,TPE150,150.0,2025-09-16T05:53:00+08:00,2025-09-16T05:57:00+08:00
R0000484,T0045641,U025282,TPE150,150.0,2025-10-20T22:56:00+08:00,2025-10-20T22:56:00+08:00
R0000485,T0045642,U015520,TPE150,150.0,2025-10-16T10:47:00+08:00,2025-10-16T10:50:00+08:00
R0000486,T0045643,U011226,TPE100,100.0,2025-10-04T06:08:00+08:00,2025-10-04T06:23:00+08:00
R0000487,T0045644,U011226,LOCAL100,100.0,2025-10-10T19:49:00+08:00,2025-10-10T19:52:00+08:00
R0000488,T0045645,U015662,TPE150,150.0,2025-09-19T08:05:00+08:00,2025-09-19T08:09:00+08:00
R0000489,T0045646,U014224,TPE100,100.0,2025-10-08T22:11:00+08:00,2025-10-08T22:23:00+08:00
R0000490,T0045647,U014224,LOCAL100,100.0,2025-10-14T22:50:00+08:00,2025-10-14T23:00:00+08:00
R0000491,T0045648,U017797,TPE150,150.0,2025-09-18T08:36:00+08:00,2025-09-18T08:40:00+08:00
R0000492,T0045649,U006943,TPE100,100.0,2025-10-04T23:30:00+08:00,2025-10-04T23:38:00+08:00
R0000493,T0045650,U026334,TPE150,150.0,2025-09-03T06:23:00+08:00,2025-09-03T06:34:00+08:00
R0000494,T0045651,U024148,TPE150,150.0,2025-09-27T07:19:00+08:00,2025-09-27T07:26:00+08:00
R0000495,T0045652,U022652,TPE100,100.0,2025-10-20T11:05:00+08:00,2025-10-20T11:10:00+08:00
R0000496,T0045654,U027605,TPE100,100.0,2025-10-20T22:08:00+08:00,2025-10-20T22:10:00+08:00
R0000497,T0045655,U017549,TPE100,100.0,2025-09-06T06:29:00+08:00,2025-09-06T06:33:00+08:00
R0000498,T0045656,U019901,TPE100,100.0,2025-10-20T09:16:00+08:00,2025-10-20T09:29:00+08:00
R0000499,T0045657,U019901,LOCAL100,100.0,2025-10-24T20:57:00+08:00,2025-10-24T21:11:00+08:00
R0000500,T0045658,U018291,TPE100,100.0,2025-10-01T00:16:00+08:00,2025-10-01T00:29:00+08:00
R0000501,T0045660,U023512,TPE100,100.0,2025-09-12T06:51:00+08:00,2025-09-12T07:03:00+08:00
R0000502,T0045661,U023512,LOCAL100,100.0,2025-09-13T16:01:00+08:00,2025-09-13T16:16:00+08:00
R0000503,T0045662,U014900,TPE100,100.0,2025-10-20T22:33:00+08:00,2025-10-20T22:45:00+08:00
R0000504,T0045663,U015311,TPE100,100.0,2025-09-04T07:52:00+08:00,2025-09-04T08:01:00+08:00
R0000505,T0045665,U024126,TPE150,150.0,2025-10-08T09:12:00+08:00,2025-10-08T09:13:00+08:00
R0000506,T0045666,U000482,TPE100,100.0,2025-09-03T02:31:00+08:00,2025-09-03T02:39:00+08:00
R0000507,T0045667,U006008,TPE100,100.0,2025-09-16T07:31:00+08:00,2025-09-16T07:40:00+08:00
R0000508,T0045668,U006008,LOCAL100,100.0,2025-09-21T01:30:00+08:00,2025-09-21T01:33:00+08:00
R0000509,T0045669,U005597,TPE100,100.0,2025-10-05T12:18:00+08:00,2025-10-05T12:29:00+08:00
R0000510,T0045670,U026312,TPE150,150.0,2025-10-19T08:51:00+08:00,2025-10-19T09:03:00+08:00
R0000511,T0045671,U014851,TPE150,150.0,2025-09-24T16:11:00+08:00,2025-09-24T16:15:00+08:00
R0000512,T0045673,U005980,TPE100,100.0,2025-10-16T07:42:00+08:00,2025-10-16T07:44:00+08:00
R0000513,T0045674,U005980,LOCAL100,100.0,2025-10-20T23:42:00+08:00,2025-10-20T23:54:00+08:00
R0000514,T0045675,U015937,TPE100,100.0,2025-10-20T07:17:00+08:00,2025-10-20T07:22:00+08:00
R0000515,T0045676,U017027,TPE150,150.0,2025-10-23T04:49:00+08:00,2025-10-23T04:55:00+08:00
R0000516,T0045677,U011020,TPE150,150.0,2025-10-23T08:03:00+08:00,2025-10-23T08:15:00+08:00
R0000517,T0045679,U025683,TPE100,100.0,2025-10-19T07:53:00+08:00,2025-10-19T08:08:00+08:00
R0000518,T0045680,U007478,TPE150,150.0,2025-09-12T13:17:00+08:00,2025-09-12T13:18:00+08:00
R0000519,T0045681,U018280,TPE150,150.0,2025-09-28T10:50:00+08:00,2025-09-28T10:55:00+08:00
R0000520,T0045683,U003098,TPE150,150.0,2025-10-21T08:03:00+08:00,2025-10-21T08:16:00+08:00
R0000521,T0045686,U003628,TPE100,100.0,2025-09-28T11:29:00+08:00,2025-09-28T11:43:00+08:00
R0000522,T0045688,U016527,TPE150,150.0,2025-10-13T09:46:00+08:00,2025-10-13T09:47:00+08:00
R0000523,T0045689,U001190,TPE150,150.0,2025-09-15T19:35:00+08:00,2025-09-15T19:37:00+08:00
R0000524,T0045690,U025702,TPE150,150.0,2025-09-12T04:13:00+08:00,2025-09-12T04:25:00+08:00
R0000525,T0045692,U027111,TPE150,150.0,2025-10-07T09:26:00+08:00,2025-10-07T09:40:00+08:00
R0000526,T0045693,U005410,TPE100,100.0,2025-10-14T07:06:00+08:00,2025-10-14T07:06:00+08:00
R0000527,T0045694,U005410,LOCAL100,100.0,2025-10-20T22:15:00+08:00,2025-10-20T22:21:00+08:00
R0000528,T0045698,U003374,TPE100,100.0,2025-09-12T17:33:00+08:00,2025-09-12T17:43:00+08:00
R0000529,T0045699,U003374,LOCAL100,100.0,2025-09-16T04:19:00+08:00,2025-09-16T04:30:00+08:00
R0000530,T0045700,U023009,TPE100,100.0,2025-10-16T20:54:00+08:00,2025-10-16T21:06:00+08:00
R0000531,T0045701,U004349,TPE150,150.0,2025-10-26T11:10:00+08:00,2025-10-26T11:11:00+08:00
R0000532,T0045702,U009687,TPE100,100.0,2025-09-25T23:16:00+08:00,2025-09-25T23:31:00+08:00
R0000533,T0045703,U009687,LOCAL100,100.0,2025-09-29T11:56:00+08:00,2025-09-29T11:59:00+08:00
R0000534,T0045704,U024879,TPE150,150.0,2025-09-14T20:02:00+08:00,2025-09-14T20:03:00+08:00
R0000535,T0045708,U002541,TPE150,150.0,2025-10-06T00:36:00+08:00,2025-10-06T00:38:00+08:00
R0000536,T0045709,U018255,TPE150,150.0,2025-10-01T02:22:00+08:00,2025-10-01T02:24:00+08:00
R0000537,T0045710,U029654,TPE100,100.0,2025-09-12T08:18:00+08:00,2025-09-12T08:23:00+08:00
R0000538,T0045711,U029654,LOCAL100,100.0,2025-09-19T01:02:00+08:00,2025-09-19T01:05:00+08:00
R0000539,T0045712,U014127,TPE150,150.0,2025-10-03T12:12:00+08:00,2025-10-03T12:27:00+08:00
R0000540,T0045713,U005379,TPE150,150.0,2025-10-02T11:03:00+08:00,2025-10-02T11:04:00+08:00
R0000541,T0045714,U015541,TPE100,100.0,2025-10-21T09:11:00+08:00,2025-10-21T09:17:00+08:00
R0000542,T0045715,U027279,TPE100,100.0,2025-09-09T11:58:00+08:00,2025-09-09T12:03:00+08:00
R0000543,T0045716,U002207,TPE150,150.0,2025-09-24T18:31:00+08:00,2025-09-24T18:43:00+08:00
R0000544,T0045717,U008877,TPE100,100.0,2025-09-29T21:59:00+08:00,2025-09-29T22:01:00+08:00
R0000545,T0045718,U008877,LOCAL100,100.0,2025-10-03T06:31:00+08:00,2025-10-03T06:35:00+08:00
R0000546,T0045722,U027406,TPE100,100.0,2025-10-10T11:25:00+08:00,2025-10-10T11:39:00+08:00
R0000547,T0045723,U029796,TPE150,150.0,2025-09-25T11:48:00+08:00,2025-09-25T11:55:00+08:00
R0000548,T0045726,U025816,TPE100,100.0,2025-10-13T03:39:00+08:00,2025-10-13T03:48:00+08:00
R0000549,T0045727,U025816,LOCAL100,100.0,2025-10-16T06:02:00+08:00,2025-10-16T06:10:00+08:00
R0000550,T0045729,U001760,TPE100,100.0,2025-09-29T02:12:00+08:00,2025-09-29T02:16:00+08:00
R0000551,T0045732,U014637,TPE150,150.0,2025-09-28T19:03:00+08:00,2025-09-28T19:15:00+08:00
R0000552,T0045733,U023106,TPE100,100.0,2025-09-20T12:27:00+08:00,2025-09-20T12:32:00+08:00
R0000553,T0045734,U023106,LOCAL100,100.0,2025-09-22T16:17:00+08:00,2025-09-22T16:23:00+08:00
R0000554,T0045735,U022623,TPE150,150.0,2025-09-27T03:16:00+08:00,2025-09-27T03:30:00+08:00
R0000555,T0045736,U017843,TPE100,100.0,2025-09-13T12:35:00+08:00,2025-09-13T12:39:00+08:00
R0000556,T0045737,U003055,TPE100,100.0,2025-09-26T03:19:00+08:00,2025-09-26T03:21:00+08:00
R0000557,T0045738,U015533,TPE100,100.0,2025-09-18T08:37:00+08:00,2025-09-18T08:46:00+08:00
R0000558,T0045739,U015533,LOCAL100,100.0,2025-09-23T21:29:00+08:00,2025-09-23T21:33:00+08:00
R0000559,T0045740,U010184,TPE100,100.0,2025-10-13T02:45:00+08:00,2025-10-13T02:57:00+08:00
R0000560,T0045741,U018476,TPE100,100.0,2025-10-13T02:07:00+08:00,2025-10-13T02:18:00+08:00
R0000561,T0045744,U023993,TPE150,150.0,2025-09-19T17:53:00+08:00,2025-09-19T17:54:00+08:00
R0000562,T0045746,U000350,TPE150,150.0,2025-10-16T00:09:00+08:00,2025-10-16T00:22:00+08:00
R0000563,T0045748,U007983,TPE150,9999,2025-10-20T09:36:00+08:00,2025-10-20T09:45:00+08:00
R0000564,T0045749,U016016,TPE150,150.0,2025-09-02T05:24:00+08:00,2025-09-02T05:38:00+08:00
R0000565,T0045751,U027312,TPE100,100.0,2025-09-07T00:18:00+08:00,2025-09-07T00:19:00+08:00
R0000566,T0045752,U027312,LOCAL100,100.0,2025-09-12T18:26:00+08:00,2025-09-12T18:38:00+08:00
R0000567,T0045753,U023758,TPE100,100.0,2025-09-03T10:14:00+08:00,2025-09-03T10:18:00+08:00
R0000568,T0045754,U023758,LOCAL100,100.0,2025-09-08T14:29:00+08:00,2025-09-08T14:41:00+08:00
R0000569,T0045756,U020279,TPE150,150.0,2025-10-26T06:11:00+08:00,2025-10-26T06:14:00+08:00
R0000570,T0045757,U025936,TPE150,150.0,2025-10-23T08:20:00+08:00,2025-10-23T08:28:00+08:00
R0000571,T0045758,U022098,TPE150,150.0,2025-10-10T02:04:00+08:00,2025-10-10T02:05:00+08:00
R0000572,T0045759,U011706,TPE100,100.0,2025-10-22T07:37:00+08:00,2025-10-22T07:41:00+08:00
R0000573,T0045760,U006944,TPE100,100.0,2025-10-04T13:33:00+08:00,2025-10-04T13:36:00+08:00
R0000574,T0045761,U006944,LOCAL100,100.0,2025-10-06T23:07:00+08:00,2025-10-06T23:15:00+08:00
R0000575,T0045762,U026378,TPE150,150.0,2025-09-10T02:04:00+08:00,2025-09-10T02:17:00+08:00
R0000576,T0045763,U026743,TPE100,100.0,2025-09-10T12:04:00+08:00,2025-09-10T12:17:00+08:00
R0000577,T0045764,U004169,TPE150,150.0,2025-09-20T12:26:00+08:00,2025-09-20T12:31:00+08:00
R0000578,T0045766,U027840,TPE100,100.0,2025-09-15T00:58:00+08:00,2025-09-15T01:05:00+08:00
R0000579,T0045768,U008456,TPE100,100.0,2025-09-09T10:04:00+08:00,2025-09-09T10:09:00+08:00
R0000580,T0045771,U006735,TPE100,100.0,2025-10-25T05:21:00+08:00,2025-10-25T05:29:00+08:00
R0000581,T0045772,U014776,TPE100,100.0,2025-09-15T00:39:00+08:00,2025-09-15T00:39:00+08:00
R0000582,T0045773,U014776,LOCAL100,100.0,2025-09-17T06:54:00+08:00,2025-09-17T07:02:00+08:00
R0000583,T0045774,U019620,TPE100,100.0,2025-10-24T22:02:00+08:00,2025-10-24T22:10:00+08:00
R0000584,T0045775,U017469,TPE100,100.0,2025-09-01T06:16:00+08:00,2025-09-01T06:28:00+08:00
R0000585,T0045776,U017469,LOCAL100,100.0,2025-09-02T07:42:00+08:00,2025-09-02T07:54:00+08:00
R0000586,T0045777,U026987,TPE100,100.0,2025-10-13T08:16:00+08:00,2025-10-13T08:27:00+08:00
R0000587,T0045778,U010697,TPE150,150.0,2025-10-20T11:00:00+08:00,2025-10-20T11:13:00+08:00
R0000588,T0045780,U009137,TPE100,100.0,2025-09-17T00:02:00+08:00,2025-09-17T00:10:00+08:00
R0000589,T0045781,U009137,LOCAL100,100.0,2025-09-19T04:01:00+08:00,2025-09-19T04:08:00+08:00
R0000590,T0045782,U000795,TPE150,150.0,2025-10-11T11:33:00+08:00,2025-10-11T11:34:00+08:00
R0000591,T0045783,U018122,TPE100,100.0,2025-10-15T10:30:00+08:00,2025-10-15T10:38:00+08:00
R0000592,T0045784,U026639,TPE100,100.0,2025-10-25T09:32:00+08:00,2025-10-25T09:32:00+08:00
R0000593,T0045785,U022695,TPE150,150.0,2025-09-28T16:04:00+08:00,2025-09-28T16:15:00+08:00
R0000594,T0045786,U019673,TPE150,150.0,2025-10-11T21:45:00+08:00,2025-10-11T21:53:00+08:00
R0000595,T0045787,U008918,TPE150,150.0,2025-09-07T13:10:00+08:00,2025-09-07T13:19:00+08:00
R0000596,T0045788,U025897,TPE100,100.0,2025-10-20T20:19:00+08:00,2025-10-20T20:20:00+08:00
R0000597,T0045790,U016374,TPE150,150.0,2025-10-16T10:14:00+08:00,2025-10-16T10:28:00+08:00
R0000598,T0045792,U010744,TPE100,100.0,2025-10-24T06:16:00+08:00,2025-10-24T06:24:00+08:00
R0000599,T0045794,U007868,TPE150,150.0,2025-10-21T12:55:00+08:00,2025-10-21T13:08:00+08:00
R0000600,T0045796,U003434,TPE100,100.0,2025-09-22T10:28:00+08:00,2025-09-22T10:39:00+08:00
R0000601,T0045797,U021354,TPE150,150.0,2025-09-13T18:17:00+08:00,2025-09-13T18:22:00+08:00
R0000602,T0045798,U026395,TPE150,150.0,2025-10-19T23:50:00+08:00,2025-10-20T00:01:00+08:00
R0000603,T0045799,U016158,TPE150,150.0,2025-09-01T10:25:00+08:00,2025-09-01T10:36:00+08:00
R0000604,T0045800,U021192,TPE100,100.0,2025-09-06T13:07:00+08:00,2025-09-06T13:07:00+08:00
R0000605,T0045801,U026454,TPE100,9999,2025-10-04T01:23:00+08:00,2025-10-04T01:24:00+08:00
R0000606,T0045802,U019810,TPE150,150.0,2025-10-18T21:44:00+08:00,2025-10-18T21:49:00+08:00
R0000607,T0045804,U019571,TPE150,150.0,2025-10-14T02:34:00+08:00,2025-10-14T02:42:00+08:00
R0000608,T0045805,U015645,TPE150,150.0,2025-10-15T09:28:00+08:00,2025-10-15T09:37:00+08:00
R0000609,T0045806,U011696,TPE100,100.0,2025-09-05T07:48:00+08:00,2025-09-05T07:58:00+08:00
R0000610,T0045807,U009402,TPE150,150.0,2025-09-29T02:05:00+08:00,2025-09-29T02:07:00+08:00
R0000611,T0045810,U010592,TPE100,100.0,2025-09-15T23:19:00+08:00,2025-09-15T23:28:00+08:00
R0000612,T0045811,U010592,LOCAL100,100.0,2025-09-19T08:40:00+08:00,2025-09-19T08:51:00+08:00
R0000613,T0045813,U017267,TPE100,100.0,2025-09-30T20:43:00+08:00,2025-09-30T20:54:00+08:00
R0000614,T0045814,U027094,TPE150,150.0,2025-10-10T02:07:00+08:00,2025-10-10T02:21:00+08:00
R0000615,T0045816,U004043,TPE150,150.0,2025-09-10T01:22:00+08:00,2025-09-10T01:31:00+08:00
R0000616,T0045817,U008233,TPE100,100.0,2025-09-18T10:56:00+08:00,2025-09-18T11:07:00+08:00
R0000617,T0045818,U008233,LOCAL100,100.0,2025-09-25T01:46:00+08:00,2025-09-25T01:52:00+08:00
R0000618,T0045819,U028723,TPE100,100.0,2025-10-07T23:25:00+08:00,2025-10-07T23:25:00+08:00
R0000619,T0045820,U028723,LOCAL100,100.0,2025-10-10T05:09:00+08:00,2025-10-10T05:21:00+08:00
R0000620,T0045821,U011278,TPE150,150.0,2025-09-08T04:49:00+08:00,2025-09-08T04:56:00+08:00
R0000621,T0045823,U026111,TPE100,100.0,2025-10-15T08:10:00+08:00,2025-10-15T08:24:00+08:00
R0000622,T0045825,U024657,TPE150,150.0,2025-09-21T08:59:00+08:00,2025-09-21T09:11:00+08:00
R0000623,T0045826,U020620,TPE150,150.0,2025-10-19T13:41:00+08:00,2025-10-19T13:50:00+08:00
R0000624,T0045828,U001769,TPE100,100.0,2025-09-28T16:31:00+08:00,2025-09-28T16:32:00+08:00
R0000625,T0045829,U001769,LOCAL100,100.0,2025-10-02T01:23:00+08:00,2025-10-02T01:24:00+08:00
R0000626,T0045830,U024766,TPE150,150.0,2025-10-18T14:31:00+08:00,2025-10-18T14:44:00+08:00
R0000627,T0045832,U010006,TPE100,100.0,2025-10-12T08:41:00+08:00,2025-10-12T08:54:00+08:00
R0000628,T0045833,U029663,TPE100,100.0,2025-09-14T01:50:00+08:00,2025-09-14T01:50:00+08:00
R0000629,T0045834,U015547,TPE100,100.0,2025-10-24T13:35:00+08:00,2025-10-24T13:45:00+08:00
R0000630,T0045835,U015547,LOCAL100,100.0,2025-10-30T20:11:00+08:00,2025-10-30T20:15:00+08:00
R0000631,T0045836,U022072,TPE100,100.0,2025-10-20T07:42:00+08:00,2025-10-20T07:43:00+08:00
R0000632,T0045837,U001214,TPE100,100.0,2025-09-09T16:26:00+08:00,2025-09-09T16:39:00+08:00
R0000633,T0045838,U001214,LOCAL100,100.0,2025-09-15T12:06:00+08:00,2025-09-15T12:17:00+08:00
R0000634,T0045839,U002530,TPE150,150.0,2025-10-07T14:07:00+08:00,2025-10-07T14:19:00+08:00
R0000635,T0045841,U025741,TPE150,150.0,2025-09-12T23:50:00+08:00,2025-09-12T23:59:00+08:00
R0000636,T0045845,U021709,TPE150,150.0,2025-10-23T12:40:00+08:00,2025-10-23T12:49:00+08:00
R0000637,T0045846,U001209,TPE100,100.0,2025-09-02T15:10:00+08:00,2025-09-02T15:21:00+08:00
R0000638,T0045848,U012279,TPE100,100.0,2025-10-19T11:08:00+08:00,2025-10-19T11:18:00+08:00
R0000639,T0045849,U012279,LOCAL100,100.0,2025-10-25T04:59:00+08:00,2025-10-25T05:10:00+08:00
R0000640,T0045850,U012077,TPE150,150.0,2025-09-28T17:02:00+08:00,2025-09-28T17:17:00+08:00
R0000641,T0045852,U008729,TPE150,150.0,2025-10-17T09:29:00+08:00,2025-10-17T09:39:00+08:00
R0000642,T0045853,U001745,TPE150,150.0,2025-10-12T01:48:00+08:00,2025-10-12T01:58:00+08:00
R0000643,T0045854,U028145,TPE100,100.0,2025-09-12T11:03:00+08:00,2025-09-12T11:05:00+08:00
R0000644,T0045855,U023205,TPE150,150.0,2025-10-27T01:28:00+08:00,2025-10-27T01:37:00+08:00
R0000645,T0045857,U013172,TPE100,100.0,2025-09-30T12:39:00+08:00,2025-09-30T12:49:00+08:00
R0000646,T0045858,U013172,LOCAL100,100.0,2025-10-03T22:29:00+08:00,2025-10-03T22:32:00+08:00
R0000647,T0045859,U026319,TPE150,150.0,2025-09-26T09:25:00+08:00,2025-09-26T09:34:00+08:00
R0000648,T0045861,U005072,TPE150,150.0,2025-09-23T08:15:00+08:00,2025-09-23T08:18:00+08:00
R0000649,T0045862,U008495,TPE150,150.0,2025-10-17T23:20:00+08:00,2025-10-17T23:23:00+08:00
R0000650,T0045863,U002476,TPE150,150.0,2025-09-25T09:37:00+08:00,2025-09-25T09:50:00+08:00
R0000651,T0045864,U025677,TPE150,150.0,2025-09-10T18:03:00+08:00,2025-09-10T18:14:00+08:00
R0000652,T0045865,U020214,TPE150,150.0,2025-10-20T09:40:00+08:00,2025-10-20T09:43:00+08:00
R0000653,T0045866,U012877,TPE150,150.0,2025-09-10T08:45:00+08:00,2025-09-10T08:45:00+08:00
R0000654,T0045867,U005297,TPE100,100.0,2025-10-10T05:04:00+08:00,2025-10-10T05:05:00+08:00
R0000655,T0045868,U005297,LOCAL100,100.0,2025-10-16T17:43:00+08:00,2025-10-16T17:43:00+08:00
R0000656,T0045869,U019866,TPE100,100.0,2025-09-11T23:22:00+08:00,2025-09-11T23:37:00+08:00
R0000657,T0045870,U019866,LOCAL100,100.0,2025-09-18T15:02:00+08:00,2025-09-18T15:03:00+08:00
R0000658,T0045872,U027483,TPE150,150.0,2025-10-01T00:03:00+08:00,2025-10-01T00:09:00+08:00
R0000659,T0045873,U018815,TPE150,150.0,2025-09-17T00:11:00+08:00,2025-09-17T00:24:00+08:00
R0000660,T0045874,U001614,TPE100,100.0,2025-10-16T08:35:00+08:00,2025-10-16T08:44:00+08:00
R0000661,T0045875,U001614,LOCAL100,100.0,2025-10-22T10:50:00+08:00,2025-10-22T10:56:00+08:00
R0000662,T0045876,U015201,TPE100,100.0,2025-09-11T00:04:00+08:00,2025-09-11T00:10:00+08:00
R0000663,T0045877,U011566,TPE100,100.0,2025-09-18T01:19:00+08:00,2025-09-18T01:25:00+08:00
R0000664,T0045878,U011566,LOCAL100,100.0,2025-09-22T13:58:00+08:00,2025-09-22T13:59:00+08:00
R0000665,T0045879,U001842,TPE150,150.0,2025-09-02T03:19:00+08:00,2025-09-02T03:33:00+08:00
R0000666,T0045881,U020340,TPE150,150.0,2025-10-24T18:28:00+08:00,2025-10-24T18:43:00+08:00
R0000667,T0045883,U022978,TPE150,150.0,2025-09-14T15:27:00+08:00,2025-09-14T15:42:00+08:00
R0000668,T0045884,U020658,TPE100,100.0,2025-10-10T01:18:00+08:00,2025-10-10T01:24:00+08:00
R0000669,T0045885,U020658,LOCAL100,100.0,2025-10-16T17:31:00+08:00,2025-10-16T17:42:00+08:00
R0000670,T0045886,U008391,TPE150,150.0,2025-10-06T01:36:00+08:00,2025-10-06T01:49:00+08:00
R0000671,T0045887,U020306,TPE150,150.0,2025-09-20T11:52:00+08:00,2025-09-20T11:57:00+08:00
R0000672,T0045888,U000537,TPE150,150.0,2025-09-01T11:48:00+08:00,2025-09-01T11:49:00+08:00
R0000673,T0045891,U027125,TPE150,150.0,2025-10-12T02:20:00+08:00,2025-10-12T02:35:00+08:00
R0000674,T0045892,U021159,TPE150,150.0,2025-09-06T17:57:00+08:00,2025-09-06T18:09:00+08:00
R0000675,T0045893,U003957,TPE150,150.0,2025-09-27T14:16:00+08:00,2025-09-27T14:30:00+08:00
R0000676,T0045895,U018697,TPE100,100.0,2025-10-05T19:15:00+08:00,2025-10-05T19:18:00+08:00
R0000677,T0045896,U025475,TPE100,100.0,2025-10-19T10:56:00+08:00,2025-10-19T11:00:00+08:00
R0000678,T0045897,U022594,TPE100,100.0,2025-10-06T22:20:00+08:00,2025-10-06T22:26:00+08:00
R0000679,T0045898,U022594,LOCAL100,100.0,2025-10-09T04:49:00+08:00,2025-10-09T04:58:00+08:00
R0000680,T0045899,U018751,TPE100,100.0,2025-10-10T22:31:00+08:00,2025-10-10T22:42:00+08:00
R0000681,T0045900,U019080,TPE100,100.0,2025-10-13T10:02:00+08:00,2025-10-13T10:08:00+08:00
R0000682,T0045901,U019080,LOCAL100,100.0,2025-10-16T16:04:00+08:00,2025-10-16T16:15:00+08:00
R0000683,T0045902,U010530,TPE100,100.0,2025-09-21T22:22:00+08:00,2025-09-21T22:26:00+08:00
R0000684,T0045903,U004067,TPE150,150.0,2025-09-27T01:41:00+08:00,2025-09-27T01:52:00+08:00
R0000685,T0045904,U020987,TPE150,150.0,2025-10-11T09:10:00+08:00,2025-10-11T09:17:00+08:00
R0000686,T0045905,U012080,TPE100,100.0,2025-10-09T02:48:00+08:00,2025-10-09T02:50:00+08:00
R0000687,T0045906,U029531,TPE100,100.0,2025-09-08T08:50:00+08:00,2025-09-08T09:01:00+08:00
R0000688,T0045907,U008526,TPE100,100.0,2025-09-23T00:21:00+08:00,2025-09-23T00:31:00+08:00
R0000689,T0045908,U008526,LOCAL100,100.0,2025-09-24T15:11:00+08:00,2025-09-24T15:19:00+08:00
R0000690,T0045909,U002933,TPE150,150.0,2025-10-09T00:31:00+08:00,2025-10-09T00:32:00+08:00
R0000691,T0045910,U017765,TPE100,100.0,2025-09-17T00:59:00+08:00,2025-09-17T01:13:00+08:00
R0000692,T0045912,U006089,TPE100,100.0,2025-09-15T00:05:00+08:00,2025-09-15T00:12:00+08:00
R0000693,T0045913,U008865,TPE150,150.0,2025-10-16T06:17:00+08:00,2025-10-16T06:23:00+08:00
R0000694,T0045915,U009101,TPE150,150.0,2025-10-22T09:06:00+08:00,2025-10-22T09:12:00+08:00
R0000695,T0045916,U006927,TPE100,100.0,2025-09-25T00:37:00+08:00,2025-09-25T00:43:00+08:00
R0000696,T0045917,U006927,LOCAL100,100.0,2025-09-28T00:57:00+08:00,2025-09-28T01:11:00+08:00
R0000697,T0045918,U016891,TPE150,150.0,2025-09-03T09:55:00+08:00,2025-09-03T09:55:00+08:00
R0000698,T0045919,U025678,TPE100,100.0,2025-09-21T00:57:00+08:00,2025-09-21T01:08:00+08:00
R0000699,T0045920,U025678,LOCAL100,100.0,2025-09-23T05:54:00+08:00,2025-09-23T06:07:00+08:00
R0000700,T0045921,U004267,TPE150,150.0,2025-10-17T10:54:00+08:00,2025-10-17T10:55:00+08:00
R0000701,T0045923,U011436,TPE100,100.0,2025-10-17T08:34:00+08:00,2025-10-17T08:34:00+08:00
R0000702,T0045924,U011242,TPE100,100.0,2025-09-06T01:31:00+08:00,2025-09-06T01:33:00+08:00
R0000703,T0045925,U011242,LOCAL100,100.0,2025-09-12T06:16:00+08:00,2025-09-12T06:18:00+08:00
R0000704,T0045926,U005937,TPE100,100.0,2025-10-03T22:08:00+08:00,2025-10-03T22:17:00+08:00
R0000705,T0045927,U007154,TPE100,100.0,2025-09-28T03:54:00+08:00,2025-09-28T03:59:00+08:00
R0000706,T0045928,U007154,LOCAL100,100.0,2025-09-30T06:10:00+08:00,2025-09-30T06:19:00+08:00
R0000707,T0045929,U005687,TPE150,150.0,2025-09-22T15:34:00+08:00,2025-09-22T15:34:00+08:00
R0000708,T0045930,U015834,TPE100,100.0,2025-10-20T11:16:00+08:00,2025-10-20T11:28:00+08:00
R0000709,T0045931,U011462,TPE150,150.0,2025-09-04T00:33:00+08:00,2025-09-04T00:40:00+08:00
R0000710,T0045933,U001720,TPE150,150.0,2025-09-21T23:30:00+08:00,2025-09-21T23:44:00+08:00
R0000711,T0045936,U017476,TPE100,100.0,2025-09-25T13:07:00+08:00,2025-09-25T13:09:00+08:00
R0000712,T0045937,U001641,TPE150,150.0,2025-10-02T06:14:00+08:00,2025-10-02T06:21:00+08:00
R0000713,T0045938,U015215,TPE150,150.0,2025-10-11T04:36:00+08:00,2025-10-11T04:47:00+08:00
R0000714,T0045939,U027169,TPE150,150.0,2025-10-05T15:58:00+08:00,2025-10-05T16:06:00+08:00
R0000715,T0045940,U003252,TPE150,150.0,2025-09-06T11:28:00+08:00,2025-09-06T11:37:00+08:00
R0000716,T0045941,U021858,TPE150,150.0,2025-09-09T15:40:00+08:00,2025-09-09T15:44:00+08:00
R0000717,T0045942,U008398,TPE150,150.0,2025-09-02T09:12:00+08:00,2025-09-02T09:19:00+08:00
R0000718,T0045943,U007177,TPE150,150.0,2025-09-28T10:56:00+08:00,2025-09-28T11:06:00+08:00
R0000719,T0045944,U025764,TPE100,100.0,2025-10-26T19:31:00+08:00,2025-10-26T19:36:00+08:00
R0000720,T0045945,U025764,LOCAL100,100.0,2025-10-31T04:13:00+08:00,2025-10-31T04:18:00+08:00
R0000721,T0045947,U029976,TPE100,100.0,2025-09-04T10:52:00+08:00,2025-09-04T11:00:00+08:00
R0000722,T0045948,U020750,TPE100,100.0,2025-09-08T10:24:00+08:00,2025-09-08T10:30:00+08:00
R0000723,T0045949,U020750,LOCAL100,100.0,2025-09-11T05:59:00+08:00,2025-09-11T06:03:00+08:00
R0000724,T0045954,U014315,TPE150,150.0,2025-09-04T12:45:00+08:00,2025-09-04T12:46:00+08:00
R0000725,T0045955,U029425,TPE100,100.0,2025-10-26T07:45:00+08:00,2025-10-26T07:49:00+08:00
R0000726,T0045956,U029425,LOCAL100,100.0,2025-10-29T18:29:00+08:00,2025-10-29T18:39:00+08:00
R0000727,T0045958,U019765,TPE150,150.0,2025-09-27T23:02:00+08:00,2025-09-27T23:05:00+08:00
R0000728,T0045960,U006002,TPE100,100.0,2025-09-14T05:44:00+08:00,2025-09-14T05:52:00+08:00
R0000729,T0045961,U029613,TPE150,150.0,2025-10-24T08:57:00+08:00,2025-10-24T09:11:00+08:00
R0000730,T0045965,U025455,TPE100,100.0,2025-09-15T09:30:00+08:00,2025-09-15T09:45:00+08:00
R0000731,T0045966,U004438,TPE100,100.0,2025-09-26T02:50:00+08:00,2025-09-26T02:59:00+08:00
R0000732,T0045967,U028208,TPE150,150.0,2025-09-27T15:32:00+08:00,2025-09-27T15:42:00+08:00
R0000733,T0045969,U024666,TPE100,100.0,2025-09-29T10:31:00+08:00,2025-09-29T10:33:00+08:00
R0000734,T0045970,U029414,TPE100,100.0,2025-09-07T23:18:00+08:00,2025-09-07T23:21:00+08:00
R0000735,T0045971,U002731,TPE100,100.0,2025-09-24T02:54:00+08:00,2025-09-24T02:59:00+08:00
R0000736,T0045972,U022556,TPE150,150.0,2025-10-14T00:24:00+08:00,2025-10-14T00:39:00+08:00
R0000737,T0045974,U008112,TPE100,100.0,2025-09-06T17:59:00+08:00,2025-09-06T18:03:00+08:00
R0000738,T0045975,U009118,TPE150,150.0,2025-10-13T09:38:00+08:00,2025-10-13T09:41:00+08:00
R0000739,T0045976,U004247,TPE100,100.0,2025-10-19T01:13:00+08:00,2025-10-19T01:22:00+08:00
R0000740,T0045977,U004247,LOCAL100,100.0,2025-10-24T04:27:00+08:00,2025-10-24T04:28:00+08:00
R0000741,T0045978,U018609,TPE150,150.0,2025-10-12T14:28:00+08:00,2025-10-12T14:39:00+08:00
R0000742,T0045979,U027330,TPE100,100.0,2025-09-16T09:43:00+08:00,2025-09-16T09:55:00+08:00
R0000743,T0045980,U027330,LOCAL100,100.0,2025-09-20T22:36:00+08:00,2025-09-20T22:44:00+08:00
R0000744,T0045981,U017211,TPE150,150.0,2025-09-15T03:20:00+08:00,2025-09-15T03:20:00+08:00
R0000745,T0045982,U028246,TPE100,100.0,2025-10-09T12:53:00+08:00,2025-10-09T13:07:00+08:00
R0000746,T0045983,U028246,LOCAL100,100.0,2025-10-12T21:46:00+08:00,2025-10-12T22:00:00+08:00
R0000747,T0045984,U009294,TPE100,100.0,2025-10-13T13:16:00+08:00,2025-10-13T13:20:00+08:00
R0000748,T0045985,U021639,TPE100,100.0,2025-10-25T00:32:00+08:00,2025-10-25T00:32:00+08:00
R0000749,T0045986,U017477,TPE100,100.0,2025-09-28T10:35:00+08:00,2025-09-28T10:46:00+08:00
R0000750,T0045987,U005196,TPE150,150.0,2025-09-18T10:13:00+08:00,2025-09-18T10:18:00+08:00
R0000751,T0045989,U018028,TPE100,100.0,2025-10-07T23:22:00+08:00,2025-10-07T23:22:00+08:00
R0000752,T0045990,U027890,TPE100,100.0,2025-10-08T21:13:00+08:00,2025-10-08T21:13:00+08:00
R0000753,T0045991,U015897,TPE100,100.0,2025-09-12T07:17:00+08:00,2025-09-12T07:22:00+08:00
R0000754,T0045992,U012480,TPE150,150.0,2025-09-08T12:48:00+08:00,2025-09-08T12:59:00+08:00
R0000755,T0045993,U024701,TPE100,100.0,2025-09-02T15:59:00+08:00,2025-09-02T16:10:00+08:00
R0000756,T0045994,U024701,LOCAL100,100.0,2025-09-04T06:50:00+08:00,2025-09-04T06:51:00+08:00
R0000757,T0045995,U005112,TPE150,150.0,2025-09-13T15:42:00+08:00,2025-09-13T15:46:00+08:00
R0000758,T0045996,U025398,TPE150,150.0,2025-09-29T10:30:00+08:00,2025-09-29T10:34:00+08:00
R0000759,T0045997,U000779,TPE100,100.0,2025-10-04T19:43:00+08:00,2025-10-04T19:56:00+08:00
R0000760,T0045998,U009607,TPE150,150.0,2025-09-01T06:17:00+08:00,2025-09-01T06:32:00+08:00
R0000761,T0045999,U002792,TPE150,150.0,2025-10-05T00:58:00+08:00,2025-10-05T01:07:00+08:00
R0000762,T0046000,U009016,TPE100,100.0,2025-10-08T19:57:00+08:00,2025-10-08T20:02:00+08:00
R0000763,T0046001,U028880,TPE100,100.0,2025-09-29T09:03:00+08:00,2025-09-29T09:18:00+08:00
R0000764,T0046003,U027337,TPE100,100.0,2025-09-09T11:54:00+08:00,2025-09-09T12:07:00+08:00
R0000765,T0046005,U024824,TPE150,150.0,2025-10-11T16:17:00+08:00,2025-10-11T16:24:00+08:00
R0000766,T0046006,U025926,TPE100,100.0,2025-09-12T14:08:00+08:00,2025-09-12T14:16:00+08:00
R0000767,T0046007,U005552,TPE100,100.0,2025-10-05T10:08:00+08:00,2025-10-05T10:09:00+08:00
R0000768,T0046008,U005552,LOCAL100,100.0,2025-10-09T04:17:00+08:00,2025-10-09T04:17:00+08:00
R0000769,T0046009,U006424,TPE100,100.0,2025-10-22T09:20:00+08:00,2025-10-22T09:28:00+08:00
R0000770,T0046010,U015064,TPE100,100.0,2025-10-20T18:41:00+08:00,2025-10-20T18:55:00+08:00
R0000771,T0046011,U006299,TPE150,150.0,2025-10-17T20:42:00+08:00,2025-10-17T20:57:00+08:00
R0000772,T0046012,U028795,TPE150,150.0,2025-10-23T09:32:00+08:00,2025-10-23T09:36:00+08:00
R0000773,T0046014,U018488,TPE100,100.0,2025-10-11T14:17:00+08:00,2025-10-11T14:21:00+08:00
R0000774,T0046016,U024386,TPE100,100.0,2025-09-29T13:46:00+08:00,2025-09-29T13:55:00+08:00
R0000775,T0046017,U013884,TPE100,100.0,2025-10-15T08:56:00+08:00,2025-10-15T08:58:00+08:00
R0000776,T0046018,U013884,LOCAL100,100.0,2025-10-17T23:00:00+08:00,2025-10-17T23:06:00+08:00
R0000777,T0046019,U008401,TPE150,150.0,2025-09-05T10:27:00+08:00,2025-09-05T10:27:00+08:00
R0000778,T0046020,U011078,TPE150,150.0,2025-10-01T00:27:00+08:00,2025-10-01T00:30:00+08:00
R0000779,T0046021,U016080,TPE150,150.0,2025-09-07T02:01:00+08:00,2025-09-07T02:10:00+08:00
R0000780,T0046024,U021841,TPE150,150.0,2025-10-18T19:39:00+08:00,2025-10-18T19:41:00+08:00
R0000781,T0046025,U021597,TPE150,150.0,2025-09-16T03:44:00+08:00,2025-09-16T03:48:00+08:00
R0000782,T0046027,U005234,TPE150,150.0,2025-09-19T07:13:00+08:00,2025-09-19T07:23:00+08:00
R0000783,T0046029,U010180,TPE100,100.0,2025-09-13T05:11:00+08:00,2025-09-13T05:18:00+08:00
R0000784,T0046030,U028502,TPE150,150.0,2025-09-17T09:37:00+08:00,2025-09-17T09:48:00+08:00
R0000785,T0046031,U021466,TPE150,150.0,2025-10-01T11:02:00+08:00,2025-10-01T11:10:00+08:00
R0000786,T0046032,U026097,TPE150,150.0,2025-10-24T11:17:00+08:00,2025-10-24T11:18:00+08:00
R0000787,T0046034,U003219,TPE150,150.0,2025-10-09T05:29:00+08:00,2025-10-09T05:41:00+08:00
R0000788,T0046036,U014497,TPE100,100.0,2025-10-21T17:05:00+08:00,2025-10-21T17:11:00+08:00
R0000789,T0046037,U014497,LOCAL100,100.0,2025-10-28T10:13:00+08:00,2025-10-28T10:17:00+08:00
R0000790,T0046038,U004919,TPE100,100.0,2025-09-26T04:08:00+08:00,2025-09-26T04:19:00+08:00
R0000791,T0046041,U007362,TPE100,100.0,2025-10-17T19:20:00+08:00,2025-10-17T19:29:00+08:00
R0000792,T0046042,U023461,TPE100,100.0,2025-09-12T10:16:00+08:00,2025-09-12T10:27:00+08:00
R0000793,T0046043,U023461,LOCAL100,100.0,2025-09-16T13:53:00+08:00,2025-09-16T13:56:00+08:00
R0000794,T0046044,U022702,TPE150,150.0,2025-09-02T15:17:00+08:00,2025-09-02T15:27:00+08:00
R0000795,T0046045,U007764,TPE100,100.0,2025-09-18T10:31:00+08:00,2025-09-18T10:37:00+08:00
R0000796,T0046046,U007764,LOCAL100,100.0,2025-09-25T05:02:00+08:00,2025-09-25T05:08:00+08:00
R0000797,T0046047,U022213,TPE150,150.0,2025-09-12T12:34:00+08:00,2025-09-12T12:43:00+08:00
R0000798,T0046048,U010422,TPE100,100.0,2025-09-25T01:09:00+08:00,2025-09-25T01:13:00+08:00
R0000799,T0046050,U010645,TPE150,150.0,2025-10-14T16:31:00+08:00,2025-10-14T16:32:00+08:00
R0000800,T0046054,U029159,TPE150,150.0,2025-10-21T12:02:00+08:00,2025-10-21T12:07:00+08:00
R0000801,T0046055,U025261,TPE100,100.0,2025-10-06T19:04:00+08:00,2025-10-06T19:12:00+08:00
R0000802,T0046056,U028452,TPE150,150.0,2025-10-23T02:48:00+08:00,2025-10-23T02:56:00+08:00
R0000803,T0046057,U016075,TPE150,150.0,2025-10-02T18:10:00+08:00,2025-10-02T18:12:00+08:00
R0000804,T0046058,U019570,TPE100,100.0,2025-09-26T08:56:00+08:00,2025-09-26T09:09:00+08:00
R0000805,T0046059,U019570,LOCAL100,100.0,2025-09-27T19:47:00+08:00,2025-09-27T19:59:00+08:00
R0000806,T0046060,U026585,TPE150,150.0,2025-09-29T13:05:00+08:00,2025-09-29T13:19:00+08:00
R0000807,T0046061,U022953,TPE150,150.0,2025-09-18T08:20:00+08:00,2025-09-18T08:28:00+08:00
R0000808,T0046062,U016096,TPE150,150.0,2025-09-20T11:53:00+08:00,2025-09-20T12:08:00+08:00
R0000809,T0046064,U024525,TPE100,100.0,2025-09-14T10:49:00+08:00,2025-09-14T11:04:00+08:00
R0000810,T0046065,U013807,TPE100,100.0,2025-09-15T08:04:00+08:00,2025-09-15T08:17:00+08:00
R0000811,T0046066,U015924,TPE100,100.0,2025-10-25T10:27:00+08:00,2025-10-25T10:36:00+08:00
R0000812,T0046067,U004589,TPE100,100.0,2025-09-17T23:49:00+08:00,2025-09-17T23:55:00+08:00
R0000813,T0046068,U004589,LOCAL100,100.0,2025-09-21T12:10:00+08:00,2025-09-21T12:16:00+08:00
R0000814,T0046070,U012478,TPE100,100.0,2025-09-22T00:53:00+08:00,2025-09-22T01:06:00+08:00
R0000815,T0046071,U004420,TPE150,150.0,2025-09-25T06:41:00+08:00,2025-09-25T06:46:00+08:00
R0000816,T0046072,U000580,TPE100,100.0,2025-09-17T22:16:00+08:00,2025-09-17T22:17:00+08:00
R0000817,T0046073,U017215,TPE100,100.0,2025-09-16T09:25:00+08:00,2025-09-16T09:37:00+08:00
R0000818,T0046074,U017439,TPE100,100.0,2025-10-19T11:35:00+08:00,2025-10-19T11:50:00+08:00
R0000819,T0046075,U017439,LOCAL100,100.0,2025-10-26T00:22:00+08:00,2025-10-26T00:35:00+08:00
R0000820,T0046076,U013465,TPE100,100.0,2025-09-03T13:41:00+08:00,2025-09-03T13:48:00+08:00
R0000821,T0046077,U019686,TPE150,150.0,2025-09-23T09:42:00+08:00,2025-09-23T09:43:00+08:00
R0000822,T0046078,U018812,TPE150,150.0,2025-09-05T09:55:00+08:00,2025-09-05T09:57:00+08:00
R0000823,T0046079,U019598,TPE150,150.0,2025-09-11T16:20:00+08:00,2025-09-11T16:22:00+08:00
R0000824,T0046081,U027124,TPE150,150.0,2025-10-18T23:13:00+08:00,2025-10-18T23:17:00+08:00
R0000825,T0046084,U015869,TPE100,100.0,2025-10-07T08:55:00+08:00,2025-10-07T08:55:00+08:00
R0000826,T0046085,U016521,TPE100,100.0,2025-10-21T11:21:00+08:00,2025-10-21T11:27:00+08:00
R0000827,T0046088,U024506,TPE100,100.0,2025-10-05T09:36:00+08:00,2025-10-05T09:39:00+08:00
R0000828,T0046089,U009183,TPE100,100.0,2025-10-23T07:33:00+08:00,2025-10-23T07:36:00+08:00
R0000829,T0046090,U009183,LOCAL100,100.0,2025-10-27T01:18:00+08:00,2025-10-27T01:24:00+08:00
R0000830,T0046091,U008193,TPE150,150.0,2025-09-13T09:50:00+08:00,2025-09-13T09:58:00+08:00
R0000831,T0046092,U021162,TPE100,100.0,2025-10-05T22:16:00+08:00,2025-10-05T22:26:00+08:00
R0000832,T0046093,U021162,LOCAL100,100.0,2025-10-11T19:19:00+08:00,2025-10-11T19:33:00+08:00
R0000833,T0046096,U025374,TPE150,150.0,2025-09-24T02:42:00+08:00,2025-09-24T02:42:00+08:00
R0000834,T0046099,U022840,TPE100,100.0,2025-10-17T23:26:00+08:00,2025-10-17T23:38:00+08:00
R0000835,T0046100,U022840,LOCAL100,100.0,2025-10-19T09:25:00+08:00,2025-10-19T09:34:00+08:00
R0000836,T0046101,U019282,TPE150,150.0,2025-10-16T17:41:00+08:00,2025-10-16T17:45:00+08:00
R0000837,T0046102,U027961,TPE100,100.0,2025-10-06T12:38:00+08:00,2025-10-06T12:49:00+08:00
R0000838,T0046103,U002260,TPE150,150.0,2025-10-15T02:42:00+08:00,2025-10-15T02:57:00+08:00
R0000839,T0046104,U019341,TPE150,150.0,2025-10-10T08:47:00+08:00,2025-10-10T08:58:00+08:00
R0000840,T0046108,U000613,TPE100,100.0,2025-09-01T10:36:00+08:00,2025-09-01T10:43:00+08:00
R0000841,T0046109,U014443,TPE150,150.0,2025-10-18T12:39:00+08:00,2025-10-18T12:51:00+08:00
R0000842,T0046111,U004918,TPE100,100.0,2025-10-07T10:49:00+08:00,2025-10-07T10:49:00+08:00
R0000843,T0046113,U012272,TPE150,150.0,2025-10-25T11:57:00+08:00,2025-10-25T12:05:00+08:00
R0000844,T0046114,U028582,TPE150,150.0,2025-10-19T13:56:00+08:00,2025-10-19T14:04:00+08:00
R0000845,T0046115,U024710,TPE100,100.0,2025-09-09T17:42:00+08:00,2025-09-09T17:51:00+08:00
R0000846,T0046117,U018282,TPE150,150.0,2025-09-29T01:26:00+08:00,2025-09-29T01:33:00+08:00
R0000847,T0046118,U027881,TPE100,100.0,2025-10-16T11:05:00+08:00,2025-10-16T11:16:00+08:00
R0000848,T0046121,U015759,TPE100,100.0,2025-09-28T06:01:00+08:00,2025-09-28T06:05:00+08:00
R0000849,T0046122,U015759,LOCAL100,100.0,2025-10-03T21:20:00+08:00,2025-10-03T21:20:00+08:00
R0000850,T0046123,U008805,TPE150,150.0,2025-09-26T03:39:00+08:00,2025-09-26T03:49:00+08:00
R0000851,T0046124,U009053,TPE150,150.0,2025-10-01T03:45:00+08:00,2025-10-01T03:58:00+08:00
R0000852,T0046125,U027634,TPE100,100.0,2025-10-20T20:46:00+08:00,2025-10-20T20:58:00+08:00
R0000853,T0046127,U029946,TPE150,150.0,2025-09-10T06:44:00+08:00,2025-09-10T06:48:00+08:00
R0000854,T0046128,U003493,TPE150,150.0,2025-10-09T08:20:00+08:00,2025-10-09T08:21:00+08:00
R0000855,T0046129,U006678,TPE100,100.0,2025-10-13T02:15:00+08:00,2025-10-13T02:27:00+08:00
R0000856,T0046130,U026723,TPE100,100.0,2025-10-13T03:04:00+08:00,2025-10-13T03:04:00+08:00
R0000857,T0046131,U012883,TPE100,100.0,2025-09-19T04:05:00+08:00,2025-09-19T04:11:00+08:00
R0000858,T0046132,U012883,LOCAL100,100.0,2025-09-23T10:02:00+08:00,2025-09-23T10:15:00+08:00
R0000859,T0046133,U026913,TPE100,100.0,2025-09-13T01:07:00+08:00,2025-09-13T01:08:00+08:00
R0000860,T0046134,U007698,TPE150,150.0,2025-09-11T02:25:00+08:00,2025-09-11T02:31:00+08:00
R0000861,T0046135,U001251,TPE150,150.0,2025-09-30T08:25:00+08:00,2025-09-30T08:40:00+08:00
R0000862,T0046136,U005817,TPE100,100.0,2025-10-26T13:38:00+08:00,2025-10-26T13:52:00+08:00
R0000863,T0046137,U008698,TPE150,150.0,2025-10-14T12:23:00+08:00,2025-10-14T12:24:00+08:00
R0000864,T0046139,U029209,TPE150,150.0,2025-10-05T01:21:00+08:00,2025-10-05T01:33:00+08:00
R0000865,T0046140,U001664,TPE150,150.0,2025-10-17T01:56:00+08:00,2025-10-17T01:59:00+08:00
R0000866,T0046141,U024405,TPE150,150.0,2025-09-22T09:28:00+08:00,2025-09-22T09:38:00+08:00
R0000867,T0046142,U025128,TPE150,150.0,2025-10-06T06:59:00+08:00,2025-10-06T07:06:00+08:00
R0000868,T0046143,U006203,TPE150,150.0,2025-09-20T09:34:00+08:00,2025-09-20T09:41:00+08:00
R0000869,T0046144,U028702,TPE150,150.0,2025-10-10T05:54:00+08:00,2025-10-10T06:00:00+08:00
R0000870,T0046145,U017146,TPE150,150.0,2025-10-12T17:34:00+08:00,2025-10-12T17:39:00+08:00
R0000871,T0046147,U008261,TPE100,100.0,2025-09-07T00:46:00+08:00,2025-09-07T00:55:00+08:00
R0000872,T0046148,U008261,LOCAL100,100.0,2025-09-11T18:45:00+08:00,2025-09-11T18:56:00+08:00
R0000873,T0046149,U002610,TPE150,150.0,2025-09-29T12:04:00+08:00,2025-09-29T12:19:00+08:00
R0000874,T0046150,U002405,TPE150,150.0,2025-10-07T12:18:00+08:00,2025-10-07T12:18:00+08:00
R0000875,T0046151,U017663,TPE100,100.0,2025-10-10T12:43:00+08:00,2025-10-10T12:50:00+08:00
R0000876,T0046152,U005414,TPE100,100.0,2025-09-17T01:44:00+08:00,2025-09-17T01:57:00+08:00
R0000877,T0046153,U005414,LOCAL100,100.0,2025-09-22T05:49:00+08:00,2025-09-22T06:03:00+08:00
R0000878,T0046154,U013794,TPE150,150.0,2025-10-10T03:05:00+08:00,2025-10-10T03:08:00+08:00
R0000879,T0046156,U015921,TPE150,150.0,2025-09-27T02:42:00+08:00,2025-09-27T02:42:00+08:00
R0000880,T0046157,U002977,TPE100,100.0,2025-09-03T07:50:00+08:00,2025-09-03T07:55:00+08:00
R0000881,T0046158,U009855,TPE150,150.0,2025-10-11T13:20:00+08:00,2025-10-11T13:26:00+08:00
R0000882,T0046159,U014351,TPE150,150.0,2025-09-09T00:33:00+08:00,2025-09-09T00:42:00+08:00
R0000883,T0046160,U026766,TPE100,100.0,2025-09-26T11:34:00+08:00,2025-09-26T11:48:00+08:00
R0000884,T0046161,U026766,LOCAL100,100.0,2025-09-28T15:10:00+08:00,2025-09-28T15:15:00+08:00
R0000885,T0046162,U023421,TPE100,100.0,2025-10-05T13:15:00+08:00,2025-10-05T13:26:00+08:00
R0000886,T0046163,U010262,TPE150,150.0,2025-10-17T00:36:00+08:00,2025-10-17T00:44:00+08:00
R0000887,T0046164,U026058,TPE100,100.0,2025-10-04T11:06:00+08:00,2025-10-04T11:13:00+08:00
R0000888,T0046165,U026058,LOCAL100,100.0,2025-10-07T19:33:00+08:00,2025-10-07T19:47:00+08:00
R0000889,T0046168,U023915,TPE150,150.0,2025-10-19T09:15:00+08:00,2025-10-19T09:25:00+08:00
R0000890,T0046169,U000628,TPE150,150.0,2025-09-15T02:02:00+08:00,2025-09-15T02:16:00+08:00
R0000891,T0046170,U003266,TPE100,100.0,2025-09-17T14:43:00+08:00,2025-09-17T14:51:00+08:00
R0000892,T0046171,U016246,TPE150,150.0,2025-09-19T13:08:00+08:00,2025-09-19T13:14:00+08:00
R0000893,T0046172,U012025,TPE100,100.0,2025-09-09T23:58:00+08:00,2025-09-10T00:08:00+08:00
R0000894,T0046173,U012025,LOCAL100,100.0,2025-09-14T07:59:00+08:00,2025-09-14T08:05:00+08:00
R0000895,T0046174,U009369,TPE150,150.0,2025-10-15T05:43:00+08:00,2025-10-15T05:52:00+08:00
R0000896,T0046175,U002408,TPE100,100.0,2025-10-16T08:00:00+08:00,2025-10-16T08:02:00+08:00
R0000897,T0046177,U001936,TPE150,150.0,2025-09-15T01:26:00+08:00,2025-09-15T01:27:00+08:00
R0000898,T0046179,U000782,TPE150,150.0,2025-10-23T01:08:00+08:00,2025-10-23T01:10:00+08:00
R0000899,T0046180,U006577,TPE100,100.0,2025-09-30T11:23:00+08:00,2025-09-30T11:31:00+08:00
R0000900,T0046181,U004620,TPE150,150.0,2025-09-13T22:34:00+08:00,2025-09-13T22:47:00+08:00
R0000901,T0046182,U027265,TPE150,150.0,2025-09-26T10:57:00+08:00,2025-09-26T11:10:00+08:00
R0000902,T0046184,U008165,TPE100,100.0,2025-10-03T07:13:00+08:00,2025-10-03T07:25:00+08:00
R0000903,T0046187,U012656,TPE150,150.0,2025-10-18T17:57:00+08:00,2025-10-18T18:01:00+08:00
R0000904,T0046189,U017994,TPE100,100.0,2025-09-05T13:52:00+08:00,2025-09-05T14:01:00+08:00
R0000905,T0046190,U021305,TPE150,150.0,2025-09-04T00:46:00+08:00,2025-09-04T00:55:00+08:00
R0000906,T0046192,U021163,TPE100,100.0,2025-09-22T12:23:00+08:00,2025-09-22T12:36:00+08:00
R0000907,T0046193,U021163,LOCAL100,100.0,2025-09-25T01:17:00+08:00,2025-09-25T01:28:00+08:00
R0000908,T0046194,U011388,TPE100,100.0,2025-10-17T08:01:00+08:00,2025-10-17T08:01:00+08:00
R0000909,T0046195,U021255,TPE100,100.0,2025-10-23T16:02:00+08:00,2025-10-23T16:17:00+08:00
R0000910,T0046196,U006909,TPE150,150.0,2025-09-23T17:03:00+08:00,2025-09-23T17:03:00+08:00
R0000911,T0046198,U012133,TPE150,150.0,2025-10-21T03:01:00+08:00,2025-10-21T03:06:00+08:00
R0000912,T0046202,U023811,TPE150,150.0,2025-10-24T01:08:00+08:00,2025-10-24T01:19:00+08:00
R0000913,T0046203,U018573,TPE100,100.0,2025-09-01T09:54:00+08:00,2025-09-01T09:57:00+08:00
R0000914,T0046204,U028215,TPE100,100.0,2025-10-20T01:39:00+08:00,2025-10-20T01:47:00+08:00
R0000915,T0046206,U010225,TPE100,100.0,2025-10-01T07:27:00+08:00,2025-10-01T07:29:00+08:00
R0000916,T0046207,U026231,TPE100,100.0,2025-10-24T01:55:00+08:00,2025-10-24T02:09:00+08:00
R0000917,T0046208,U026231,LOCAL100,100.0,2025-10-28T11:05:00+08:00,2025-10-28T11:05:00+08:00
R0000918,T0046209,U003643,TPE150,150.0,2025-09-13T12:46:00+08:00,2025-09-13T13:01:00+08:00
R0000919,T0046210,U005647,TPE100,100.0,2025-10-16T19:47:00+08:00,2025-10-16T19:48:00+08:00
R0000920,T0046211,U005647,LOCAL100,100.0,2025-10-20T21:13:00+08:00,2025-10-20T21:25:00+08:00
R0000921,T0046212,U011618,TPE150,9999,2025-09-26T23:48:00+08:00,2025-09-26T23:56:00+08:00
R0000922,T0046213,U005314,TPE150,150.0,2025-10-17T20:29:00+08:00,2025-10-17T20:39:00+08:00
R0000923,T0046214,U005826,TPE150,150.0,2025-09-01T09:47:00+08:00,2025-09-01T09:50:00+08:00
R0000924,T0046215,U025280,TPE150,150.0,2025-09-11T18:01:00+08:00,2025-09-11T18:15:00+08:00
R0000925,T0046217,U023739,TPE100,100.0,2025-09-13T12:03:00+08:00,2025-09-13T12:06:00+08:00
R0000926,T0046218,U023739,LOCAL100,100.0,2025-09-19T22:45:00+08:00,2025-09-19T22:47:00+08:00
R0000927,T0046219,U022727,TPE100,100.0,2025-09-24T02:09:00+08:00,2025-09-24T02:22:00+08:00
R0000928,T0046220,U022727,LOCAL100,100.0,2025-09-25T11:24:00+08:00,2025-09-25T11:32:00+08:00
R0000929,T0046221,U003892,TPE150,150.0,2025-09-15T08:37:00+08:00,2025-09-15T08:42:00+08:00
R0000930,T0046222,U019452,TPE100,100.0,2025-09-23T00:13:00+08:00,2025-09-23T00:25:00+08:00
R0000931,T0046223,U019452,LOCAL100,100.0,2025-09-27T11:15:00+08:00,2025-09-27T11:22:00+08:00
R0000932,T0046224,U002937,TPE150,150.0,2025-10-23T12:20:00+08:00,2025-10-23T12:29:00+08:00
R0000933,T0046225,U014861,TPE150,150.0,2025-09-24T11:42:00+08:00,2025-09-24T11:53:00+08:00
R0000934,T0046226,U001096,TPE150,150.0,2025-10-24T01:48:00+08:00,2025-10-24T01:50:00+08:00
R0000935,T0046227,U012116,TPE150,150.0,2025-09-04T12:36:00+08:00,2025-09-04T12:46:00+08:00
R0000936,T0046229,U007044,TPE150,150.0,2025-09-24T13:18:00+08:00,2025-09-24T13:28:00+08:00
R0000937,T0046231,U011771,TPE150,150.0,2025-09-20T14:26:00+08:00,2025-09-20T14:40:00+08:00
R0000938,T0046234,U025847,TPE100,100.0,2025-10-01T08:27:00+08:00,2025-10-01T08:33:00+08:00
R0000939,T0046236,U009169,TPE100,100.0,2025-10-01T05:06:00+08:00,2025-10-01T05:08:00+08:00
R0000940,T0046237,U009169,LOCAL100,100.0,2025-10-04T19:47:00+08:00,2025-10-04T19:53:00+08:00
R0000941,T0046240,U007754,TPE100,100.0,2025-09-26T09:16:00+08:00,2025-09-26T09:28:00+08:00
R0000942,T0046241,U027306,TPE100,100.0,2025-10-07T01:56:00+08:00,2025-10-07T02:03:00+08:00
R0000943,T0046242,U027306,LOCAL100,100.0,2025-10-12T06:11:00+08:00,2025-10-12T06:22:00+08:00
R0000944,T0046243,U003885,TPE150,150.0,2025-09-05T23:08:00+08:00,2025-09-05T23:22:00+08:00
R0000945,T0046245,U020832,TPE150,150.0,2025-10-19T22:30:00+08:00,2025-10-19T22:37:00+08:00
R0000946,T0046246,U013354,TPE150,150.0,2025-09-04T22:37:00+08:00,2025-09-04T22:42:00+08:00
R0000947,T0046247,U002140,TPE100,100.0,2025-09-09T08:16:00+08:00,2025-09-09T08:24:00+08:00
R0000948,T0046248,U021261,TPE150,150.0,2025-09-11T00:27:00+08:00,2025-09-11T00:38:00+08:00
R0000949,T0046250,U029594,TPE150,150.0,2025-10-03T09:37:00+08:00,2025-10-03T09:51:00+08:00
R0000950,T0046251,U009824,TPE150,150.0,2025-10-25T01:16:00+08:00,2025-10-25T01:18:00+08:00
R0000951,T0046253,U020380,TPE100,100.0,2025-10-15T08:40:00+08:00,2025-10-15T08:53:00+08:00
R0000952,T0046256,U002803,TPE150,150.0,2025-09-21T10:25:00+08:00,2025-09-21T10:30:00+08:00
R0000953,T0046258,U020326,TPE150,150.0,2025-09-02T06:49:00+08:00,2025-09-02T06:56:00+08:00
R0000954,T0046259,U017066,TPE150,150.0,2025-09-18T01:17:00+08:00,2025-09-18T01:20:00+08:00
R0000955,T0046261,U007846,TPE150,150.0,2025-09-17T12:16:00+08:00,2025-09-17T12:20:00+08:00
R0000956,T0046262,U006308,TPE100,100.0,2025-09-02T00:42:00+08:00,2025-09-02T00:49:00+08:00
R0000957,T0046263,U025343,TPE150,150.0,2025-10-10T13:30:00+08:00,2025-10-10T13:37:00+08:00
R0000958,T0046266,U029293,TPE150,150.0,2025-09-03T05:24:00+08:00,2025-09-03T05:32:00+08:00
R0000959,T0046267,U025176,TPE150,150.0,2025-09-26T02:56:00+08:00,2025-09-26T03:03:00+08:00
R0000960,T0046268,U024719,TPE150,150.0,2025-09-02T10:53:00+08:00,2025-09-02T10:57:00+08:00
R0000961,T0046270,U012957,TPE150,150.0,2025-09-08T00:35:00+08:00,2025-09-08T00:44:00+08:00
R0000962,T0046273,U015730,TPE150,150.0,2025-09-07T01:47:00+08:00,2025-09-07T01:47:00+08:00
R0000963,T0046274,U018939,TPE150,150.0,2025-09-02T23:36:00+08:00,2025-09-02T23:47:00+08:00
R0000964,T0046275,U012010,TPE100,100.0,2025-10-06T02:57:00+08:00,2025-10-06T03:12:00+08:00
R0000965,T0046276,U012010,LOCAL100,100.0,2025-10-10T07:55:00+08:00,2025-10-10T08:09:00+08:00
R0000966,T0046277,U017732,TPE150,150.0,2025-10-03T00:36:00+08:00,2025-10-03T00:37:00+08:00
R0000967,T0046278,U003934,TPE100,100.0,2025-09-01T09:20:00+08:00,2025-09-01T09:25:00+08:00
R0000968,T0046279,U026762,TPE100,100.0,2025-10-01T16:02:00+08:00,2025-10-01T16:09:00+08:00
R0000969,T0046280,U026762,LOCAL100,100.0,2025-10-04T18:03:00+08:00,2025-10-04T18:07:00+08:00
R0000970,T0046283,U011775,TPE150,150.0,2025-09-25T08:08:00+08:00,2025-09-25T08:19:00+08:00
R0000971,T0046284,U027068,TPE100,100.0,2025-09-19T00:22:00+08:00,2025-09-19T00:36:00+08:00
R0000972,T0046285,U028372,TPE100,100.0,2025-10-11T23:34:00+08:00,2025-10-11T23:46:00+08:00
R0000973,T0046286,U028372,LOCAL100,100.0,2025-10-18T11:37:00+08:00,2025-10-18T11:51:00+08:00
R0000974,T0046287,U017942,TPE100,100.0,2025-09-20T01:52:00+08:00,2025-09-20T02:01:00+08:00
R0000975,T0046288,U022036,TPE150,150.0,2025-09-05T08:33:00+08:00,2025-09-05T08:34:00+08:00
R0000976,T0046289,U023912,TPE100,100.0,2025-10-01T18:58:00+08:00,2025-10-01T19:02:00+08:00
R0000977,T0046290,U023912,LOCAL100,100.0,2025-10-07T22:48:00+08:00,2025-10-07T22:54:00+08:00
R0000978,T0046291,U009038,TPE150,150.0,2025-10-12T06:59:00+08:00,2025-10-12T07:06:00+08:00
R0000979,T0046292,U019690,TPE100,100.0,2025-09-10T03:07:00+08:00,2025-09-10T03:10:00+08:00
R0000980,T0046293,U000753,TPE150,150.0,2025-10-10T10:32:00+08:00,2025-10-10T10:34:00+08:00
R0000981,T0046294,U024726,TPE150,150.0,2025-10-09T00:58:00+08:00,2025-10-09T01:08:00+08:00
R0000982,T0046296,U014524,TPE150,150.0,2025-09-29T05:33:00+08:00,2025-09-29T05:45:00+08:00
R0000983,T0046299,U016284,TPE100,100.0,2025-10-22T02:04:00+08:00,2025-10-22T02:13:00+08:00
R0000984,T0046300,U029503,TPE100,100.0,2025-09-05T18:29:00+08:00,2025-09-05T18:43:00+08:00
R0000985,T0046301,U029503,LOCAL100,100.0,2025-09-10T08:17:00+08:00,2025-09-10T08:32:00+08:00
R0000986,T0046302,U016945,TPE150,150.0,2025-10-06T11:20:00+08:00,2025-10-06T11:29:00+08:00
R0000987,T0046304,U017168,TPE150,150.0,2025-10-14T01:23:00+08:00,2025-10-14T01:36:00+08:00
R0000988,T0046307,U025094,TPE150,150.0,2025-10-21T06:54:00+08:00,2025-10-21T06:54:00+08:00
R0000989,T0046309,U018351,TPE100,100.0,2025-09-15T04:04:00+08:00,2025-09-15T04:19:00+08:00
R0000990,T0046310,U005026,TPE150,150.0,2025-09-02T12:25:00+08:00,2025-09-02T12:27:00+08:00
R0000991,T0046311,U010257,TPE150,150.0,2025-09-14T02:12:00+08:00,2025-09-14T02:13:00+08:00
R0000992,T0046315,U029656,TPE100,100.0,2025-09-20T11:22:00+08:00,2025-09-20T11:22:00+08:00
R0000993,T0046316,U019732,TPE150,150.0,2025-10-10T06:37:00+08:00,2025-10-10T06:40:00+08:00
R0000994,T0046317,U005365,TPE150,150.0,2025-10-07T09:00:00+08:00,2025-10-07T09:08:00+08:00
R0000995,T0046318,U019231,TPE100,100.0,2025-10-11T18:14:00+08:00,2025-10-11T18:27:00+08:00
R0000996,T0046319,U026243,TPE100,100.0,2025-10-10T08:49:00+08:00,2025-10-10T08:59:00+08:00
R0000997,T0046321,U005700,TPE150,150.0,2025-10-22T01:09:00+08:00,2025-10-22T01:23:00+08:00
R0000998,T0046322,U009759,TPE100,100.0,2025-10-21T23:23:00+08:00,2025-10-21T23:26:00+08:00
R0000999,T0046323,U009759,LOCAL100,100.0,2025-10-23T11:34:00+08:00,2025-10-23T11:43:00+08:00
R0001000,T0046324,U006633,TPE150,150.0,2025-10-17T10:38:00+08:00,2025-10-17T10:38:00+08:00
R0001001,T0046325,U006649,TPE150,150.0,2025-10-13T09:41:00+08:00,2025-10-13T09:44:00+08:00
R0001002,T0046327,U026141,TPE100,100.0,2025-09-21T11:55:00+08:00,2025-09-21T11:59:00+08:00
R0001003,T0046328,U027233,TPE150,150.0,2025-09-22T22:08:00+08:00,2025-09-22T22:20:00+08:00
R0001004,T0046329,U008851,TPE100,100.0,2025-10-18T00:29:00+08:00,2025-10-18T00:41:00+08:00
R0001005,T0046330,U006504,TPE150,150.0,2025-10-22T12:12:00+08:00,2025-10-22T12:26:00+08:00
R0001006,T0046331,U025139,TPE100,100.0,2025-09-15T00:25:00+08:00,2025-09-15T00:37:00+08:00
R0001007,T0046332,U025139,LOCAL100,100.0,2025-09-20T08:27:00+08:00,2025-09-20T08:31:00+08:00
R0001008,T0046333,U023133,TPE150,150.0,2025-09-18T15:13:00+08:00,2025-09-18T15:14:00+08:00
R0001009,T0046335,U008831,TPE100,100.0,2025-09-02T11:01:00+08:00,2025-09-02T11:11:00+08:00
R0001010,T0046339,U027732,TPE100,100.0,2025-10-15T04:18:00+08:00,2025-10-15T04:30:00+08:00
R0001011,T0046340,U002922,TPE150,150.0,2025-10-07T12:31:00+08:00,2025-10-07T12:31:00+08:00
R0001012,T0046341,U018156,TPE100,100.0,2025-09-14T09:12:00+08:00,2025-09-14T09:15:00+08:00
R0001013,T0046342,U001658,TPE150,150.0,2025-09-25T04:31:00+08:00,2025-09-25T04:46:00+08:00
R0001014,T0046343,U023780,TPE150,150.0,2025-09-26T09:03:00+08:00,2025-09-26T09:14:00+08:00
R0001015,T0046345,U018654,TPE150,150.0,2025-09-25T09:27:00+08:00,2025-09-25T09:28:00+08:00
R0001016,T0046346,U027554,TPE100,100.0,2025-09-14T14:07:00+08:00,2025-09-14T14:21:00+08:00
R0001017,T0046347,U027554,LOCAL100,100.0,2025-09-17T02:38:00+08:00,2025-09-17T02:53:00+08:00
R0001018,T0046348,U029718,TPE150,150.0,2025-09-02T17:54:00+08:00,2025-09-02T18:08:00+08:00
R0001019,T0046350,U012807,TPE100,100.0,2025-09-29T22:03:00+08:00,2025-09-29T22:14:00+08:00
R0001020,T0046353,U020016,TPE100,100.0,2025-10-23T05:32:00+08:00,2025-10-23T05:36:00+08:00
R0001021,T0046354,U004208,TPE100,100.0,2025-09-14T07:35:00+08:00,2025-09-14T07:47:00+08:00
R0001022,T0046356,U019076,TPE150,150.0,2025-09-08T06:51:00+08:00,2025-09-08T07:05:00+08:00
R0001023,T0046357,U010404,TPE100,100.0,2025-10-06T09:20:00+08:00,2025-10-06T09:24:00+08:00
R0001024,T0046358,U002424,TPE150,150.0,2025-09-10T09:42:00+08:00,2025-09-10T09:51:00+08:00
R0001025,T0046359,U026955,TPE100,100.0,2025-09-30T06:03:00+08:00,2025-09-30T06:09:00+08:00
R0001026,T0046361,U003800,TPE150,150.0,2025-09-30T08:54:00+08:00,2025-09-30T08:56:00+08:00
R0001027,T0046362,U008405,TPE100,100.0,2025-09-25T14:13:00+08:00,2025-09-25T14:28:00+08:00
R0001028,T0046363,U008405,LOCAL100,100.0,2025-10-01T21:05:00+08:00,2025-10-01T21:18:00+08:00
R0001029,T0046365,U006377,TPE100,100.0,2025-09-30T19:03:00+08:00,2025-09-30T19:09:00+08:00
R0001030,T0046366,U006377,LOCAL100,100.0,2025-10-03T03:27:00+08:00,2025-10-03T03:42:00+08:00
R0001031,T0046367,U013868,TPE100,100.0,2025-09-17T02:39:00+08:00,2025-09-17T02:54:00+08:00
R0001032,T0046368,U013868,LOCAL100,100.0,2025-09-20T11:01:00+08:00,2025-09-20T11:04:00+08:00
R0001033,T0046369,U020845,TPE150,150.0,2025-09-11T13:52:00+08:00,2025-09-11T14:02:00+08:00
R0001034,T0046370,U009190,TPE150,150.0,2025-09-30T13:02:00+08:00,2025-09-30T13:03:00+08:00
R0001035,T0046372,U001535,TPE150,150.0,2025-10-18T22:19:00+08:00,2025-10-18T22:23:00+08:00
R0001036,T0046373,U001000,TPE150,150.0,2025-09-17T04:38:00+08:00,2025-09-17T04:46:00+08:00
R0001037,T0046374,U029942,TPE100,100.0,2025-09-11T09:03:00+08:00,2025-09-11T09:06:00+08:00
R0001038,T0046375,U012741,TPE150,150.0,2025-10-25T09:49:00+08:00,2025-10-25T09:56:00+08:00
R0001039,T0046377,U008144,TPE150,150.0,2025-09-14T21:15:00+08:00,2025-09-14T21:24:00+08:00
R0001040,T0046379,U014185,TPE150,150.0,2025-10-04T06:08:00+08:00,2025-10-04T06:16:00+08:00
R0001041,T0046380,U023519,TPE100,100.0,2025-10-06T20:38:00+08:00,2025-10-06T20:49:00+08:00
R0001042,T0046381,U010016,TPE100,100.0,2025-09-05T08:44:00+08:00,2025-09-05T08:44:00+08:00
R0001043,T0046382,U017881,TPE100,100.0,2025-10-14T08:46:00+08:00,2025-10-14T09:01:00+08:00
R0001044,T0046384,U019230,TPE150,150.0,2025-09-04T20:37:00+08:00,2025-09-04T20:40:00+08:00
R0001045,T0046388,U025710,TPE150,150.0,2025-10-20T12:27:00+08:00,2025-10-20T12:38:00+08:00
R0001046,T0046389,U000498,TPE100,100.0,2025-10-19T12:20:00+08:00,2025-10-19T12:33:00+08:00
R0001047,T0046390,U016456,TPE150,150.0,2025-10-13T03:06:00+08:00,2025-10-13T03:15:00+08:00
R0001048,T0046391,U007982,TPE100,100.0,2025-10-10T08:48:00+08:00,2025-10-10T08:51:00+08:00
R0001049,T0046392,U012863,TPE100,100.0,2025-10-14T06:51:00+08:00,2025-10-14T06:53:00+08:00
R0001050,T0046393,U012863,LOCAL100,100.0,2025-10-18T12:00:00+08:00,2025-10-18T12:04:00+08:00
R0001051,T0046394,U018345,TPE100,100.0,2025-10-01T15:06:00+08:00,2025-10-01T15:18:00+08:00
R0001052,T0046395,U018345,LOCAL100,100.0,2025-10-04T10:27:00+08:00,2025-10-04T10:27:00+08:00
R0001053,T0046396,U021542,TPE100,100.0,2025-09-19T02:22:00+08:00,2025-09-19T02:29:00+08:00
R0001054,T0046397,U012328,TPE150,150.0,2025-09-11T00:07:00+08:00,2025-09-11T00:19:00+08:00
R0001055,T0046398,U001248,TPE100,100.0,2025-10-20T07:52:00+08:00,2025-10-20T08:01:00+08:00
R0001056,T0046399,U020123,TPE100,100.0,2025-10-14T09:48:00+08:00,2025-10-14T09:55:00+08:00
R0001057,T0046400,U020123,LOCAL100,100.0,2025-10-15T10:29:00+08:00,2025-10-15T10:42:00+08:00
R0001058,T0046401,U005318,TPE100,100.0,2025-10-11T08:16:00+08:00,2025-10-11T08:16:00+08:00
R0001059,T0046402,U006919,TPE150,150.0,2025-09-12T03:15:00+08:00,2025-09-12T03:24:00+08:00
R0001060,T0046405,U028569,TPE150,150.0,2025-09-01T07:28:00+08:00,2025-09-01T07:32:00+08:00
R0001061,T0046406,U012928,TPE150,150.0,2025-09-26T13:54:00+08:00,2025-09-26T13:58:00+08:00
R0001062,T0046407,U020456,TPE100,100.0,2025-10-12T09:57:00+08:00,2025-10-12T10:05:00+08:00
R0001063,T0046408,U020456,LOCAL100,100.0,2025-10-15T18:22:00+08:00,2025-10-15T18:24:00+08:00
R0001064,T0046410,U017178,TPE100,100.0,2025-10-18T04:05:00+08:00,2025-10-18T04:07:00+08:00
R0001065,T0046411,U019309,TPE150,150.0,2025-09-13T11:53:00+08:00,2025-09-13T11:53:00+08:00
R0001066,T0046412,U008412,TPE100,100.0,2025-09-30T23:20:00+08:00,2025-09-30T23:29:00+08:00
R0001067,T0046413,U008412,LOCAL100,100.0,2025-10-06T10:03:00+08:00,2025-10-06T10:06:00+08:00
R0001068,T0046414,U022485,TPE100,100.0,2025-10-24T21:20:00+08:00,2025-10-24T21:26:00+08:00
R0001069,T0046415,U009176,TPE100,100.0,2025-09-10T11:39:00+08:00,2025-09-10T11:39:00+08:00
R0001070,T0046416,U008701,TPE100,100.0,2025-09-03T17:03:00+08:00,2025-09-03T17:14:00+08:00
R0001071,T0046417,U000118,TPE150,150.0,2025-09-25T05:04:00+08:00,2025-09-25T05:14:00+08:00
R0001072,T0046419,U025154,TPE150,150.0,2025-10-26T08:40:00+08:00,2025-10-26T08:43:00+08:00
R0001073,T0046423,U022742,TPE100,100.0,2025-09-04T11:51:00+08:00,2025-09-04T11:56:00+08:00
R0001074,T0046424,U019173,TPE100,100.0,2025-10-01T07:09:00+08:00,2025-10-01T07:14:00+08:00
R0001075,T0046425,U019173,LOCAL100,100.0,2025-10-03T15:58:00+08:00,2025-10-03T16:04:00+08:00
R0001076,T0046426,U029766,TPE150,150.0,2025-09-14T06:36:00+08:00,2025-09-14T06:38:00+08:00
R0001077,T0046427,U008803,TPE150,150.0,2025-09-21T02:22:00+08:00,2025-09-21T02:29:00+08:00
R0001078,T0046428,U027195,TPE150,150.0,2025-10-01T15:47:00+08:00,2025-10-01T15:52:00+08:00
R0001079,T0046429,U023866,TPE100,100.0,2025-10-05T08:31:00+08:00,2025-10-05T08:44:00+08:00
R0001080,T0046430,U002722,TPE100,100.0,2025-09-22T02:02:00+08:00,2025-09-22T02:02:00+08:00
R0001081,T0046431,U019569,TPE100,100.0,2025-09-25T23:57:00+08:00,2025-09-26T00:09:00+08:00
R0001082,T0046432,U007048,TPE100,100.0,2025-10-23T14:35:00+08:00,2025-10-23T14:42:00+08:00
R0001083,T0046433,U007048,LOCAL100,100.0,2025-10-30T09:11:00+08:00,2025-10-30T09:22:00+08:00
R0001084,T0046434,U017829,TPE100,100.0,2025-09-16T01:37:00+08:00,2025-09-16T01:49:00+08:00
R0001085,T0046436,U022928,TPE150,150.0,2025-10-18T01:22:00+08:00,2025-10-18T01:22:00+08:00
R0001086,T0046437,U004493,TPE100,100.0,2025-09-03T05:56:00+08:00,2025-09-03T06:03:00+08:00
R0001087,T0046438,U022994,TPE100,100.0,2025-09-08T02:06:00+08:00,2025-09-08T02:13:00+08:00
R0001088,T0046440,U011923,TPE100,100.0,2025-09-06T07:26:00+08:00,2025-09-06T07:32:00+08:00
R0001089,T0046441,U003550,TPE100,100.0,2025-09-14T07:58:00+08:00,2025-09-14T08:04:00+08:00
R0001090,T0046442,U003550,LOCAL100,100.0,2025-09-15T21:48:00+08:00,2025-09-15T22:02:00+08:00
R0001091,T0046443,U011796,TPE150,150.0,2025-09-26T12:24:00+08:00,2025-09-26T12:34:00+08:00
R0001092,T0046444,U029710,TPE150,150.0,2025-10-06T02:12:00+08:00,2025-10-06T02:21:00+08:00
R0001093,T0046446,U029495,TPE150,150.0,2025-09-07T02:04:00+08:00,2025-09-07T02:10:00+08:00
R0001094,T0046447,U009492,TPE150,150.0,2025-09-13T21:58:00+08:00,2025-09-13T22:12:00+08:00
R0001095,T0046448,U001455,TPE150,150.0,2025-09-16T17:47:00+08:00,2025-09-16T17:53:00+08:00
R0001096,T0046449,U006876,TPE100,100.0,2025-09-28T08:39:00+08:00,2025-09-28T08:51:00+08:00
R0001097,T0046450,U006876,LOCAL100,100.0,2025-10-02T03:34:00+08:00,2025-10-02T03:45:00+08:00
R0001098,T0046451,U016863,TPE150,150.0,2025-10-25T23:57:00+08:00,2025-10-26T00:07:00+08:00
R0001099,T0046453,U010933,TPE100,100.0,2025-10-13T08:17:00+08:00,2025-10-13T08:30:00+08:00
R0001100,T0046454,U010933,LOCAL100,100.0,2025-10-18T16:01:00+08:00,2025-10-18T16:09:00+08:00
R0001101,T0046455,U014742,TPE100,100.0,2025-09-13T12:52:00+08:00,2025-09-13T13:06:00+08:00
R0001102,T0046456,U014742,LOCAL100,100.0,2025-09-14T19:36:00+08:00,2025-09-14T19:47:00+08:00
R0001103,T0046457,U026290,TPE100,100.0,2025-09-27T10:09:00+08:00,2025-09-27T10:13:00+08:00
R0001104,T0046458,U012916,TPE150,150.0,2025-10-06T12:55:00+08:00,2025-10-06T13:01:00+08:00
R0001105,T0046461,U024451,TPE150,150.0,2025-10-14T13:19:00+08:00,2025-10-14T13:29:00+08:00
R0001106,T0046463,U006346,TPE100,100.0,2025-10-23T11:17:00+08:00,2025-10-23T11:19:00+08:00
R0001107,T0046464,U017759,TPE100,100.0,2025-09-18T04:54:00+08:00,2025-09-18T05:05:00+08:00
R0001108,T0046465,U017759,LOCAL100,100.0,2025-09-21T12:37:00+08:00,2025-09-21T12:43:00+08:00
R0001109,T0046466,U016984,TPE100,100.0,2025-10-10T01:30:00+08:00,2025-10-10T01:39:00+08:00
R0001110,T0046467,U012073,TPE100,100.0,2025-09-18T22:09:00+08:00,2025-09-18T22:19:00+08:00
R0001111,T0046468,U028933,TPE150,150.0,2025-10-03T00:22:00+08:00,2025-10-03T00:25:00+08:00
R0001112,T0046469,U017421,TPE150,150.0,2025-09-17T12:34:00+08:00,2025-09-17T12:42:00+08:00
R0001113,T0046471,U029974,TPE100,100.0,2025-10-04T11:37:00+08:00,2025-10-04T11:41:00+08:00
R0001114,T0046473,U010832,TPE150,150.0,2025-09-27T00:38:00+08:00,2025-09-27T00:44:00+08:00
R0001115,T0046474,U004393,TPE150,150.0,2025-09-02T01:28:00+08:00,2025-09-02T01:43:00+08:00
R0001116,T0046476,U017806,TPE100,100.0,2025-10-15T09:27:00+08:00,2025-10-15T09:31:00+08:00
R0001117,T0046477,U019301,TPE150,150.0,2025-09-04T10:09:00+08:00,2025-09-04T10:11:00+08:00
R0001118,T0046478,U017048,TPE150,150.0,2025-09-29T10:07:00+08:00,2025-09-29T10:14:00+08:00
R0001119,T0046481,U005737,TPE150,150.0,2025-09-10T01:06:00+08:00,2025-09-10T01:18:00+08:00
R0001120,T0046484,U009685,TPE150,150.0,2025-10-18T19:56:00+08:00,2025-10-18T20:09:00+08:00
R0001121,T0046486,U014320,TPE150,150.0,2025-10-22T16:41:00+08:00,2025-10-22T16:44:00+08:00
R0001122,T0046487,U026930,TPE100,100.0,2025-10-07T14:03:00+08:00,2025-10-07T14:10:00+08:00
R0001123,T0046488,U026930,LOCAL100,100.0,2025-10-09T21:27:00+08:00,2025-10-09T21:38:00+08:00
R0001124,T0046489,U003212,TPE150,150.0,2025-10-20T09:38:00+08:00,2025-10-20T09:51:00+08:00
R0001125,T0046490,U007445,TPE100,100.0,2025-10-04T10:53:00+08:00,2025-10-04T11:04:00+08:00
R0001126,T0046491,U007445,LOCAL100,100.0,2025-10-10T16:12:00+08:00,2025-10-10T16:18:00+08:00
R0001127,T0046492,U024200,TPE150,150.0,2025-10-05T09:25:00+08:00,2025-10-05T09:34:00+08:00
R0001128,T0046494,U011453,TPE100,100.0,2025-10-16T12:24:00+08:00,2025-10-16T12:25:00+08:00
R0001129,T0046495,U011453,LOCAL100,100.0,2025-10-19T02:16:00+08:00,2025-10-19T02:27:00+08:00
R0001130,T0046496,U025012,TPE150,150.0,2025-09-29T09:20:00+08:00,2025-09-29T09:31:00+08:00
R0001131,T0046497,U021253,TPE150,150.0,2025-09-13T05:32:00+08:00,2025-09-13T05:44:00+08:00
R0001132,T0046498,U010464,TPE150,150.0,2025-10-20T02:35:00+08:00,2025-10-20T02:35:00+08:00
R0001133,T0046499,U009129,TPE150,150.0,2025-10-14T08:44:00+08:00,2025-10-14T08:44:00+08:00
R0001134,T0046501,U009884,TPE150,150.0,2025-10-25T12:46:00+08:00,2025-10-25T12:57:00+08:00
R0001135,T0046503,U016576,TPE150,150.0,2025-09-26T09:07:00+08:00,2025-09-26T09:19:00+08:00
R0001136,T0046505,U027489,TPE100,100.0,2025-09-21T07:29:00+08:00,2025-09-21T07:40:00+08:00
R0001137,T0046506,U027489,LOCAL100,100.0,2025-09-24T21:41:00+08:00,2025-09-24T21:50:00+08:00
R0001138,T0046507,U008175,TPE100,100.0,2025-09-15T00:37:00+08:00,2025-09-15T00:49:00+08:00
R0001139,T0046508,U008175,LOCAL100,100.0,2025-09-21T10:25:00+08:00,2025-09-21T10:28:00+08:00
R0001140,T0046509,U018516,TPE150,150.0,2025-10-18T21:24:00+08:00,2025-10-18T21:38:00+08:00
R0001141,T0046511,U002754,TPE150,150.0,2025-10-14T01:30:00+08:00,2025-10-14T01:36:00+08:00
R0001142,T0046514,U006066,TPE100,100.0,2025-09-29T08:54:00+08:00,2025-09-29T08:54:00+08:00
R0001143,T0046515,U006066,LOCAL100,100.0,2025-10-04T18:23:00+08:00,2025-10-04T18:36:00+08:00
R0001144,T0046516,U029833,TPE150,150.0,2025-09-13T10:59:00+08:00,2025-09-13T11:02:00+08:00
R0001145,T0046518,U018684,TPE150,150.0,2025-09-02T12:21:00+08:00,2025-09-02T12:35:00+08:00
R0001146,T0046521,U019005,TPE100,100.0,2025-09-20T19:40:00+08:00,2025-09-20T19:53:00+08:00
R0001147,T0046523,U020058,TPE100,100.0,2025-09-30T03:43:00+08:00,2025-09-30T03:57:00+08:00
R0001148,T0046524,U008311,TPE100,100.0,2025-10-15T10:39:00+08:00,2025-10-15T10:51:00+08:00
R0001149,T0046525,U008311,LOCAL100,100.0,2025-10-18T03:34:00+08:00,2025-10-18T03:39:00+08:00
R0001150,T0046526,U025705,TPE150,150.0,2025-10-11T03:56:00+08:00,2025-10-11T04:03:00+08:00
R0001151,T0046528,U003246,TPE150,150.0,2025-09-09T01:34:00+08:00,2025-09-09T01:38:00+08:00
R0001152,T0046529,U005390,TPE150,150.0,2025-10-14T18:29:00+08:00,2025-10-14T18:32:00+08:00
R0001153,T0046530,U014526,TPE150,150.0,2025-09-19T10:42:00+08:00,2025-09-19T10:48:00+08:00
R0001154,T0046531,U026871,TPE150,150.0,2025-10-19T08:52:00+08:00,2025-10-19T09:04:00+08:00
R0001155,T0046532,U002851,TPE100,100.0,2025-10-04T06:26:00+08:00,2025-10-04T06:26:00+08:00
R0001156,T0046533,U002851,LOCAL100,100.0,2025-10-07T08:22:00+08:00,2025-10-07T08:33:00+08:00
R0001157,T0046536,U021682,TPE100,100.0,2025-10-10T11:27:00+08:00,2025-10-10T11:32:00+08:00
R0001158,T0046537,U007749,TPE100,100.0,2025-10-13T07:30:00+08:00,2025-10-13T07:32:00+08:00
R0001159,T0046538,U007749,LOCAL100,100.0,2025-10-15T00:16:00+08:00,2025-10-15T00:19:00+08:00
R0001160,T0046539,U007112,TPE150,150.0,2025-10-21T03:29:00+08:00,2025-10-21T03:41:00+08:00
R0001161,T0046541,U027014,TPE100,100.0,2025-10-05T12:47:00+08:00,2025-10-05T12:48:00+08:00
R0001162,T0046542,U027014,LOCAL100,100.0,2025-10-08T19:00:00+08:00,2025-10-08T19:00:00+08:00
R0001163,T0046543,U021613,TPE150,150.0,2025-09-28T07:47:00+08:00,2025-09-28T08:02:00+08:00
R0001164,T0046545,U029119,TPE100,100.0,2025-09-19T00:27:00+08:00,2025-09-19T00:30:00+08:00
R0001165,T0046546,U029119,LOCAL100,100.0,2025-09-21T01:58:00+08:00,2025-09-21T02:09:00+08:00
R0001166,T0046547,U024336,TPE150,150.0,2025-09-19T05:05:00+08:00,2025-09-19T05:07:00+08:00
R0001167,T0046548,U004459,TPE150,150.0,2025-09-09T10:24:00+08:00,2025-09-09T10:27:00+08:00
R0001168,T0046550,U024249,TPE150,150.0,2025-10-02T09:31:00+08:00,2025-10-02T09:45:00+08:00
R0001169,T0046551,U010105,TPE100,100.0,2025-09-19T23:18:00+08:00,2025-09-19T23:25:00+08:00
R0001170,T0046552,U010105,LOCAL100,100.0,2025-09-26T17:58:00+08:00,2025-09-26T18:06:00+08:00
R0001171,T0046553,U012347,TPE100,100.0,2025-09-26T21:39:00+08:00,2025-09-26T21:54:00+08:00
R0001172,T0046554,U012347,LOCAL100,100.0,2025-10-03T16:18:00+08:00,2025-10-03T16:31:00+08:00
R0001173,T0046555,U029439,TPE100,100.0,2025-09-10T11:03:00+08:00,2025-09-10T11:14:00+08:00
R0001174,T0046556,U008839,TPE100,100.0,2025-10-24T10:05:00+08:00,2025-10-24T10:10:00+08:00
R0001175,T0046558,U020035,TPE100,100.0,2025-09-27T22:57:00+08:00,2025-09-27T23:10:00+08:00
R0001176,T0046559,U020035,LOCAL100,100.0,2025-09-29T16:46:00+08:00,2025-09-29T16:53:00+08:00
R0001177,T0046560,U020957,TPE150,150.0,2025-10-26T15:16:00+08:00,2025-10-26T15:21:00+08:00
R0001178,T0046561,U005589,TPE100,100.0,2025-09-10T01:19:00+08:00,2025-09-10T01:31:00+08:00
R0001179,T0046564,U013479,TPE150,150.0,2025-09-15T10:44:00+08:00,2025-09-15T10:54:00+08:00
R0001180,T0046565,U024408,TPE150,150.0,2025-10-19T08:23:00+08:00,2025-10-19T08:35:00+08:00
R0001181,T0046567,U005319,TPE100,100.0,2025-09-21T02:54:00+08:00,2025-09-21T02:59:00+08:00
R0001182,T0046569,U011925,TPE150,150.0,2025-10-20T21:53:00+08:00,2025-10-20T22:04:00+08:00
R0001183,T0046570,U010501,TPE150,150.0,2025-10-12T00:24:00+08:00,2025-10-12T00:32:00+08:00
R0001184,T0046571,U009614,TPE100,100.0,2025-10-14T10:24:00+08:00,2025-10-14T10:24:00+08:00
R0001185,T0046575,U016024,TPE100,100.0,2025-10-11T01:49:00+08:00,2025-10-11T02:04:00+08:00
R0001186,T0046576,U016024,LOCAL100,100.0,2025-10-16T08:06:00+08:00,2025-10-16T08:19:00+08:00
R0001187,T0046577,U013550,TPE150,150.0,2025-10-12T12:11:00+08:00,2025-10-12T12:17:00+08:00
R0001188,T0046579,U002912,TPE150,150.0,2025-10-03T03:07:00+08:00,2025-10-03T03:09:00+08:00
R0001189,T0046581,U016047,TPE150,150.0,2025-10-07T23:47:00+08:00,2025-10-07T23:54:00+08:00
R0001190,T0046582,U022851,TPE100,100.0,2025-10-10T16:59:00+08:00,2025-10-10T17:12:00+08:00
R0001191,T0046583,U022851,LOCAL100,100.0,2025-10-14T04:48:00+08:00,2025-10-14T04:59:00+08:00
R0001192,T0046586,U025121,TPE100,100.0,2025-10-26T02:58:00+08:00,2025-10-26T03:03:00+08:00
R0001193,T0046587,U025121,LOCAL100,100.0,2025-10-29T03:57:00+08:00,2025-10-29T04:00:00+08:00
R0001194,T0046588,U003752,TPE100,100.0,2025-10-16T13:04:00+08:00,2025-10-16T13:13:00+08:00
R0001195,T0046589,U015419,TPE150,150.0,2025-09-13T19:21:00+08:00,2025-09-13T19:33:00+08:00
R0001196,T0046592,U013245,TPE150,150.0,2025-10-11T00:08:00+08:00,2025-10-11T00:08:00+08:00
R0001197,T0046594,U025082,TPE100,100.0,2025-10-21T10:35:00+08:00,2025-10-21T10:50:00+08:00
R0001198,T0046595,U025082,LOCAL100,100.0,2025-10-25T21:21:00+08:00,2025-10-25T21:35:00+08:00
R0001199,T0046597,U006726,TPE150,150.0,2025-09-12T17:47:00+08:00,2025-09-12T18:01:00+08:00
R0001200,T0046598,U011291,TPE150,150.0,2025-09-07T21:55:00+08:00,2025-09-07T22:04:00+08:00
R0001201,T0046600,U028689,TPE150,150.0,2025-10-12T18:16:00+08:00,2025-10-12T18:26:00+08:00
R0001202,T0046602,U012159,TPE150,150.0,2025-09-14T15:10:00+08:00,2025-09-14T15:25:00+08:00
R0001203,T0046603,U021991,TPE150,150.0,2025-09-17T08:08:00+08:00,2025-09-17T08:11:00+08:00
R0001204,T0046604,U008842,TPE100,100.0,2025-09-25T12:25:00+08:00,2025-09-25T12:35:00+08:00
R0001205,T0046605,U021496,TPE100,100.0,2025-09-17T01:34:00+08:00,2025-09-17T01:45:00+08:00
R0001206,T0046606,U011549,TPE100,100.0,2025-10-04T13:00:00+08:00,2025-10-04T13:09:00+08:00
R0001207,T0046608,U021882,TPE100,100.0,2025-09-26T00:21:00+08:00,2025-09-26T00:21:00+08:00
R0001208,T0046609,U021882,LOCAL100,100.0,2025-09-29T12:33:00+08:00,2025-09-29T12:43:00+08:00
R0001209,T0046610,U029466,TPE150,150.0,2025-09-17T12:44:00+08:00,2025-09-17T12:53:00+08:00
R0001210,T0046611,U009515,TPE150,150.0,2025-10-22T20:24:00+08:00,2025-10-22T20:24:00+08:00
R0001211,T0046612,U005595,TPE150,150.0,2025-09-12T08:08:00+08:00,2025-09-12T08:19:00+08:00
R0001212,T0046613,U001197,TPE100,100.0,2025-10-13T20:15:00+08:00,2025-10-13T20:19:00+08:00
R0001213,T0046614,U001197,LOCAL100,100.0,2025-10-19T04:30:00+08:00,2025-10-19T04:33:00+08:00
R0001214,T0046615,U012768,TPE150,150.0,2025-10-24T05:31:00+08:00,2025-10-24T05:37:00+08:00
R0001215,T0046617,U021061,TPE150,150.0,2025-10-09T12:39:00+08:00,2025-10-09T12:43:00+08:00
R0001216,T0046618,U025615,TPE150,150.0,2025-09-19T13:52:00+08:00,2025-09-19T13:56:00+08:00
R0001217,T0046621,U019681,TPE150,150.0,2025-09-09T17:23:00+08:00,2025-09-09T17:32:00+08:00
R0001218,T0046622,U006646,TPE100,100.0,2025-10-16T03:08:00+08:00,2025-10-16T03:16:00+08:00
R0001219,T0046623,U029108,TPE150,150.0,2025-09-18T07:55:00+08:00,2025-09-18T08:01:00+08:00
R0001220,T0046625,U010383,TPE150,150.0,2025-10-01T18:40:00+08:00,2025-10-01T18:53:00+08:00
R0001221,T0046626,U001776,TPE150,150.0,2025-09-23T20:15:00+08:00,2025-09-23T20:18:00+08:00
R0001222,T0046627,U005763,TPE100,100.0,2025-09-02T03:59:00+08:00,2025-09-02T03:59:00+08:00
R0001223,T0046629,U015073,TPE100,100.0,2025-09-27T08:09:00+08:00,2025-09-27T08:23:00+08:00
R0001224,T0046630,U024875,TPE100,100.0,2025-09-19T10:23:00+08:00,2025-09-19T10:24:00+08:00
R0001225,T0046631,U014162,TPE100,9999,2025-10-15T12:07:00+08:00,2025-10-15T12:11:00+08:00
R0001226,T0046632,U008474,TPE100,100.0,2025-09-12T22:25:00+08:00,2025-09-12T22:40:00+08:00
R0001227,T0046633,U008474,LOCAL100,100.0,2025-09-15T08:53:00+08:00,2025-09-15T09:05:00+08:00
R0001228,T0046634,U020332,TPE150,150.0,2025-10-15T09:57:00+08:00,2025-10-15T10:03:00+08:00
R0001229,T0046635,U005511,TPE150,150.0,2025-10-03T11:17:00+08:00,2025-10-03T11:28:00+08:00
R0001230,T0046636,U017644,TPE150,150.0,2025-10-21T00:16:00+08:00,2025-10-21T00:20:00+08:00
R0001231,T0046637,U027616,TPE150,150.0,2025-09-09T03:26:00+08:00,2025-09-09T03:32:00+08:00
R0001232,T0046639,U000396,TPE150,150.0,2025-10-05T23:17:00+08:00,2025-10-05T23:28:00+08:00
R0001233,T0046640,U005181,TPE100,100.0,2025-10-20T00:11:00+08:00,2025-10-20T00:19:00+08:00
R0001234,T0046641,U005181,LOCAL100,100.0,2025-10-25T08:20:00+08:00,2025-10-25T08:34:00+08:00
R0001235,T0046642,U011348,TPE150,150.0,2025-10-03T07:56:00+08:00,2025-10-03T07:59:00+08:00
R0001236,T0046643,U014428,TPE150,150.0,2025-09-20T17:23:00+08:00,2025-09-20T17:36:00+08:00
R0001237,T0046644,U020053,TPE100,100.0,2025-09-01T11:33:00+08:00,2025-09-01T11:34:00+08:00
R0001238,T0046645,U020053,LOCAL100,100.0,2025-09-03T18:18:00+08:00,2025-09-03T18:28:00+08:00
R0001239,T0046646,U015788,TPE100,100.0,2025-09-21T16:09:00+08:00,2025-09-21T16:11:00+08:00
R0001240,T0046647,U026702,TPE100,100.0,2025-10-23T01:42:00+08:00,2025-10-23T01:44:00+08:00
R0001241,T0046648,U026702,LOCAL100,100.0,2025-10-28T17:44:00+08:00,2025-10-28T17:48:00+08:00
R0001242,T0046649,U010149,TPE150,150.0,2025-10-25T11:51:00+08:00,2025-10-25T12:04:00+08:00
R0001243,T0046650,U009629,TPE150,150.0,2025-09-02T10:49:00+08:00,2025-09-02T10:49:00+08:00
R0001244,T0046652,U019365,TPE100,100.0,2025-09-17T02:05:00+08:00,2025-09-17T02:18:00+08:00
R0001245,T0046653,U019365,LOCAL100,100.0,2025-09-18T03:10:00+08:00,2025-09-18T03:20:00+08:00
R0001246,T0046654,U024096,TPE100,100.0,2025-09-17T02:43:00+08:00,2025-09-17T02:47:00+08:00
R0001247,T0046655,U007471,TPE150,150.0,2025-09-13T11:21:00+08:00,2025-09-13T11:24:00+08:00
R0001248,T0046656,U016968,TPE100,100.0,2025-09-06T10:25:00+08:00,2025-09-06T10:40:00+08:00
R0001249,T0046657,U016968,LOCAL100,100.0,2025-09-10T00:16:00+08:00,2025-09-10T00:19:00+08:00
R0001250,T0046658,U021995,TPE150,150.0,2025-09-04T09:13:00+08:00,2025-09-04T09:20:00+08:00
R0001251,T0046661,U024891,TPE150,150.0,2025-09-09T00:25:00+08:00,2025-09-09T00:37:00+08:00
R0001252,T0046662,U014681,TPE150,150.0,2025-10-24T12:59:00+08:00,2025-10-24T13:06:00+08:00
R0001253,T0046663,U019413,TPE150,150.0,2025-10-10T19:08:00+08:00,2025-10-10T19:13:00+08:00
R0001254,T0046665,U001516,TPE100,100.0,2025-09-26T09:38:00+08:00,2025-09-26T09:40:00+08:00
R0001255,T0046666,U010520,TPE100,100.0,2025-09-09T08:52:00+08:00,2025-09-09T09:00:00+08:00
R0001256,T0046667,U010520,LOCAL100,100.0,2025-09-12T12:33:00+08:00,2025-09-12T12:42:00+08:00
R0001257,T0046668,U002910,TPE100,100.0,2025-09-30T13:26:00+08:00,2025-09-30T13:38:00+08:00
R0001258,T0046669,U002910,LOCAL100,100.0,2025-10-05T17:33:00+08:00,2025-10-05T17:43:00+08:00
R0001259,T0046670,U018777,TPE100,100.0,2025-10-18T21:25:00+08:00,2025-10-18T21:28:00+08:00
R0001260,T0046672,U024803,TPE100,100.0,2025-10-18T18:38:00+08:00,2025-10-18T18:53:00+08:00
R0001261,T0046674,U008469,TPE150,150.0,2025-10-06T06:54:00+08:00,2025-10-06T07:01:00+08:00
R0001262,T0046675,U007194,TPE100,100.0,2025-09-28T21:02:00+08:00,2025-09-28T21:06:00+08:00
R0001263,T0046676,U007194,LOCAL100,100.0,2025-10-01T22:52:00+08:00,2025-10-01T22:54:00+08:00
R0001264,T0046677,U003536,TPE150,150.0,2025-09-10T02:14:00+08:00,2025-09-10T02:25:00+08:00
R0001265,T0046680,U017348,TPE100,100.0,2025-09-12T10:54:00+08:00,2025-09-12T10:56:00+08:00
R0001266,T0046681,U017348,LOCAL100,100.0,2025-09-13T17:44:00+08:00,2025-09-13T17:52:00+08:00
R0001267,T0046682,U029971,TPE150,150.0,2025-10-26T07:54:00+08:00,2025-10-26T07:58:00+08:00
R0001268,T0046683,U023920,TPE150,150.0,2025-09-13T15:52:00+08:00,2025-09-13T16:04:00+08:00
R0001269,T0046684,U022291,TPE150,150.0,2025-09-04T10:46:00+08:00,2025-09-04T10:47:00+08:00
R0001270,T0046685,U013695,TPE100,100.0,2025-10-08T08:31:00+08:00,2025-10-08T08:45:00+08:00
R0001271,T0046686,U001426,TPE150,150.0,2025-10-16T00:29:00+08:00,2025-10-16T00:36:00+08:00
R0001272,T0046687,U024379,TPE100,100.0,2025-09-30T02:34:00+08:00,2025-09-30T02:43:00+08:00
R0001273,T0046688,U003519,TPE100,100.0,2025-10-10T11:35:00+08:00,2025-10-10T11:40:00+08:00
R0001274,T0046689,U002269,TPE150,150.0,2025-09-08T08:51:00+08:00,2025-09-08T08:52:00+08:00
R0001275,T0046691,U016152,TPE150,150.0,2025-09-22T09:27:00+08:00,2025-09-22T09:27:00+08:00
R0001276,T0046692,U019059,TPE150,150.0,2025-09-06T22:23:00+08:00,2025-09-06T22:27:00+08:00
R0001277,T0046693,U020798,TPE150,150.0,2025-10-17T06:00:00+08:00,2025-10-17T06:06:00+08:00
R0001278,T0046695,U015981,TPE150,150.0,2025-10-19T16:08:00+08:00,2025-10-19T16:16:00+08:00
R0001279,T0046696,U000798,TPE150,150.0,2025-09-20T05:21:00+08:00,2025-09-20T05:32:00+08:00
R0001280,T0046697,U020680,TPE100,100.0,2025-09-27T11:17:00+08:00,2025-09-27T11:22:00+08:00
R0001281,T0046698,U020680,LOCAL100,100.0,2025-09-30T16:56:00+08:00,2025-09-30T17:00:00+08:00
R0001282,T0046702,U027280,TPE100,100.0,2025-09-05T11:56:00+08:00,2025-09-05T12:05:00+08:00
R0001283,T0046704,U017017,TPE100,100.0,2025-10-04T02:38:00+08:00,2025-10-04T02:43:00+08:00
R0001284,T0046705,U020783,TPE150,150.0,2025-09-17T00:52:00+08:00,2025-09-17T01:06:00+08:00
R0001285,T0046707,U025198,TPE100,100.0,2025-10-13T08:04:00+08:00,2025-10-13T08:09:00+08:00
R0001286,T0046708,U001501,TPE150,150.0,2025-10-02T16:53:00+08:00,2025-10-02T16:59:00+08:00
R0001287,T0046709,U023358,TPE150,150.0,2025-10-11T20:09:00+08:00,2025-10-11T20:10:00+08:00
R0001288,T0046712,U020555,TPE100,100.0,2025-09-11T08:43:00+08:00,2025-09-11T08:58:00+08:00
R0001289,T0046713,U023759,TPE100,100.0,2025-09-27T13:22:00+08:00,2025-09-27T13:32:00+08:00
R0001290,T0046714,U002483,TPE150,150.0,2025-09-23T07:10:00+08:00,2025-09-23T07:24:00+08:00
R0001291,T0046716,U010335,TPE150,150.0,2025-09-02T12:30:00+08:00,2025-09-02T12:40:00+08:00
R0001292,T0046717,U027695,TPE150,9999,2025-09-24T12:27:00+08:00,2025-09-24T12:40:00+08:00
R0001293,T0046718,U000409,TPE100,100.0,2025-10-25T02:35:00+08:00,2025-10-25T02:39:00+08:00
R0001294,T0046719,U000409,LOCAL100,100.0,2025-10-30T02:59:00+08:00,2025-10-30T03:03:00+08:00
R0001295,T0046720,U024805,TPE150,150.0,2025-10-22T02:29:00+08:00,2025-10-22T02:35:00+08:00
R0001296,T0046722,U022035,TPE150,150.0,2025-09-10T12:43:00+08:00,2025-09-10T12:52:00+08:00
R0001297,T0046723,U027651,TPE150,150.0,2025-09-18T23:43:00+08:00,2025-09-18T23:50:00+08:00
R0001298,T0046724,U021026,TPE150,150.0,2025-10-06T00:05:00+08:00,2025-10-06T00:11:00+08:00
R0001299,T0046725,U010704,TPE100,100.0,2025-09-28T01:01:00+08:00,2025-09-28T01:09:00+08:00
R0001300,T0046726,U028392,TPE150,150.0,2025-10-13T04:22:00+08:00,2025-10-13T04:27:00+08:00
R0001301,T0046727,U013756,TPE150,150.0,2025-10-20T00:29:00+08:00,2025-10-20T00:33:00+08:00
R0001302,T0046728,U018453,TPE150,150.0,2025-10-02T10:26:00+08:00,2025-10-02T10:41:00+08:00
R0001303,T0046729,U013330,TPE150,150.0,2025-09-01T23:56:00+08:00,2025-09-02T00:07:00+08:00
R0001304,T0046731,U007579,TPE150,150.0,2025-09-21T23:56:00+08:00,2025-09-22T00:04:00+08:00
R0001305,T0046733,U008967,TPE100,100.0,2025-09-16T01:11:00+08:00,2025-09-16T01:20:00+08:00
R0001306,T0046734,U008967,LOCAL100,100.0,2025-09-19T02:06:00+08:00,2025-09-19T02:13:00+08:00
R0001307,T0046735,U012649,TPE150,150.0,2025-10-26T08:33:00+08:00,2025-10-26T08:39:00+08:00
R0001308,T0046736,U018650,TPE100,100.0,2025-10-22T17:51:00+08:00,2025-10-22T17:59:00+08:00
R0001309,T0046737,U018353,TPE150,150.0,2025-09-03T06:29:00+08:00,2025-09-03T06:44:00+08:00
R0001310,T0046738,U012394,TPE150,150.0,2025-10-16T23:45:00+08:00,2025-10-16T23:47:00+08:00
R0001311,T0046739,U018864,TPE100,100.0,2025-09-19T00:12:00+08:00,2025-09-19T00:12:00+08:00
R0001312,T0046740,U021351,TPE150,150.0,2025-10-03T21:36:00+08:00,2025-10-03T21:50:00+08:00
R0001313,T0046742,U016224,TPE100,100.0,2025-10-01T02:49:00+08:00,2025-10-01T03:02:00+08:00
R0001314,T0046744,U010178,TPE100,100.0,2025-10-16T12:39:00+08:00,2025-10-16T12:41:00+08:00
R0001315,T0046745,U029752,TPE100,100.0,2025-10-04T23:35:00+08:00,2025-10-04T23:42:00+08:00
R0001316,T0046746,U029752,LOCAL100,100.0,2025-10-11T15:10:00+08:00,2025-10-11T15:22:00+08:00
R0001317,T0046747,U021494,TPE150,150.0,2025-09-19T00:38:00+08:00,2025-09-19T00:45:00+08:00
R0001318,T0046749,U019202,TPE100,100.0,2025-09-25T02:48:00+08:00,2025-09-25T02:55:00+08:00
R0001319,T0046750,U028971,TPE100,100.0,2025-09-18T08:44:00+08:00,2025-09-18T08:46:00+08:00
R0001320,T0046751,U028971,LOCAL100,100.0,2025-09-19T21:57:00+08:00,2025-09-19T21:59:00+08:00
R0001321,T0046752,U027706,TPE150,150.0,2025-10-03T15:44:00+08:00,2025-10-03T15:44:00+08:00
R0001322,T0046753,U001793,TPE150,150.0,2025-10-03T18:47:00+08:00,2025-10-03T19:01:00+08:00
R0001323,T0046754,U026563,TPE150,150.0,2025-09-24T18:00:00+08:00,2025-09-24T18:05:00+08:00
R0001324,T0046755,U019472,TPE150,150.0,2025-10-17T11:08:00+08:00,2025-10-17T11:15:00+08:00
R0001325,T0046757,U010127,TPE100,100.0,2025-10-09T11:30:00+08:00,2025-10-09T11:30:00+08:00
R0001326,T0046758,U010127,LOCAL100,100.0,2025-10-12T00:51:00+08:00,2025-10-12T00:57:00+08:00
R0001327,T0046760,U001193,TPE100,100.0,2025-09-26T07:51:00+08:00,2025-09-26T08:04:00+08:00
R0001328,T0046761,U024963,TPE100,100.0,2025-09-10T09:12:00+08:00,2025-09-10T09:15:00+08:00
R0001329,T0046762,U011404,TPE150,150.0,2025-09-22T09:28:00+08:00,2025-09-22T09:31:00+08:00
R0001330,T0046763,U022819,TPE150,150.0,2025-10-26T17:29:00+08:00,2025-10-26T17:41:00+08:00
R0001331,T0046764,U011338,TPE150,150.0,2025-10-20T11:23:00+08:00,2025-10-20T11:32:00+08:00
R0001332,T0046766,U006648,TPE150,150.0,2025-10-27T00:23:00+08:00,2025-10-27T00:36:00+08:00
R0001333,T0046767,U008871,TPE100,100.0,2025-10-23T07:17:00+08:00,2025-10-23T07:17:00+08:00
R0001334,T0046768,U008871,LOCAL100,100.0,2025-10-28T03:22:00+08:00,2025-10-28T03:26:00+08:00
R0001335,T0046769,U008300,TPE100,100.0,2025-10-11T14:06:00+08:00,2025-10-11T14:17:00+08:00
R0001336,T0046770,U008300,LOCAL100,9999,2025-10-13T22:02:00+08:00,2025-10-13T22:05:00+08:00
R0001337,T0046772,U005854,TPE150,9999,2025-10-10T23:23:00+08:00,2025-10-10T23:24:00+08:00
R0001338,T0046773,U024942,TPE150,150.0,2025-09-04T02:36:00+08:00,2025-09-04T02:39:00+08:00
R0001339,T0046774,U021097,TPE100,100.0,2025-10-08T02:50:00+08:00,2025-10-08T03:00:00+08:00
R0001340,T0046775,U021097,LOCAL100,100.0,2025-10-09T07:58:00+08:00,2025-10-09T07:58:00+08:00
R0001341,T0046776,U000853,TPE150,150.0,2025-09-23T17:22:00+08:00,2025-09-23T17:36:00+08:00
R0001342,T0046778,U019300,TPE100,100.0,2025-09-04T07:42:00+08:00,2025-09-04T07:42:00+08:00
R0001343,T0046780,U004440,TPE100,100.0,2025-10-19T22:53:00+08:00,2025-10-19T23:01:00+08:00
R0001344,T0046781,U012958,TPE150,150.0,2025-09-25T20:13:00+08:00,2025-09-25T20:22:00+08:00
R0001345,T0046786,U000640,TPE100,100.0,2025-10-23T08:11:00+08:00,2025-10-23T08:20:00+08:00
R0001346,T0046787,U000640,LOCAL100,100.0,2025-10-25T18:40:00+08:00,2025-10-25T18:53:00+08:00
R0001347,T0046788,U018334,TPE150,150.0,2025-09-27T23:13:00+08:00,2025-09-27T23:18:00+08:00
R0001348,T0046789,U013343,TPE150,150.0,2025-09-03T06:44:00+08:00,2025-09-03T06:56:00+08:00
R0001349,T0046792,U003286,TPE150,150.0,2025-09-10T11:18:00+08:00,2025-09-10T11:22:00+08:00
R0001350,T0046794,U002515,TPE150,150.0,2025-10-04T03:22:00+08:00,2025-10-04T03:32:00+08:00
R0001351,T0046795,U019123,TPE150,150.0,2025-09-23T01:32:00+08:00,2025-09-23T01:34:00+08:00
R0001352,T0046796,U019518,TPE150,9999,2025-09-09T00:18:00+08:00,2025-09-09T00:25:00+08:00
R0001353,T0046798,U007841,TPE150,150.0,2025-10-21T00:10:00+08:00,2025-10-21T00:19:00+08:00
R0001354,T0046801,U026507,TPE150,150.0,2025-10-13T10:44:00+08:00,2025-10-13T10:53:00+08:00
R0001355,T0046802,U000451,TPE150,150.0,2025-10-23T01:56:00+08:00,2025-10-23T02:04:00+08:00
R0001356,T0046803,U010679,TPE150,150.0,2025-10-20T02:08:00+08:00,2025-10-20T02:14:00+08:00
R0001357,T0046805,U023787,TPE100,100.0,2025-09-30T21:56:00+08:00,2025-09-30T22:05:00+08:00
R0001358,T0046806,U007242,TPE150,150.0,2025-09-07T20:40:00+08:00,2025-09-07T20:43:00+08:00
R0001359,T0046807,U004743,TPE100,100.0,2025-10-10T12:28:00+08:00,2025-10-10T12:32:00+08:00
R0001360,T0046808,U004743,LOCAL100,100.0,2025-10-13T23:06:00+08:00,2025-10-13T23:11:00+08:00
R0001361,T0046810,U003533,TPE150,150.0,2025-09-07T14:04:00+08:00,2025-09-07T14:16:00+08:00
R0001362,T0046812,U005535,TPE150,150.0,2025-10-14T13:35:00+08:00,2025-10-14T13:45:00+08:00
R0001363,T0046813,U021139,TPE150,150.0,2025-10-08T02:40:00+08:00,2025-10-08T02:40:00+08:00
R0001364,T0046814,U027430,TPE100,100.0,2025-10-19T09:53:00+08:00,2025-10-19T09:54:00+08:00
R0001365,T0046815,U016286,TPE150,150.0,2025-10-16T10:00:00+08:00,2025-10-16T10:13:00+08:00
R0001366,T0046817,U004333,TPE150,150.0,2025-09-14T10:51:00+08:00,2025-09-14T11:06:00+08:00
R0001367,T0046820,U026971,TPE150,150.0,2025-09-17T23:51:00+08:00,2025-09-18T00:02:00+08:00
R0001368,T0046821,U023527,TPE100,100.0,2025-10-19T04:06:00+08:00,2025-10-19T04:11:00+08:00
R0001369,T0046822,U023527,LOCAL100,100.0,2025-10-20T10:39:00+08:00,2025-10-20T10:45:00+08:00
R0001370,T0046823,U014314,TPE150,150.0,2025-09-22T05:51:00+08:00,2025-09-22T05:54:00+08:00
R0001371,T0046825,U017315,TPE100,100.0,2025-09-01T21:06:00+08:00,2025-09-01T21:16:00+08:00
R0001372,T0046827,U008613,TPE150,150.0,2025-10-09T23:27:00+08:00,2025-10-09T23:29:00+08:00
R0001373,T0046829,U014811,TPE150,150.0,2025-09-23T07:02:00+08:00,2025-09-23T07:08:00+08:00
R0001374,T0046832,U023326,TPE100,100.0,2025-10-03T14:29:00+08:00,2025-10-03T14:33:00+08:00
R0001375,T0046833,U002049,TPE100,100.0,2025-10-26T10:57:00+08:00,2025-10-26T11:11:00+08:00
R0001376,T0046834,U001491,TPE100,100.0,2025-09-25T21:43:00+08:00,2025-09-25T21:43:00+08:00
R0001377,T0046835,U001491,LOCAL100,100.0,2025-10-02T13:22:00+08:00,2025-10-02T13:29:00+08:00
R0001378,T0046836,U017419,TPE100,100.0,2025-09-25T22:56:00+08:00,2025-09-25T23:10:00+08:00
R0001379,T0046837,U008741,TPE150,150.0,2025-10-22T08:50:00+08:00,2025-10-22T08:53:00+08:00
R0001380,T0046839,U023933,TPE100,100.0,2025-09-15T00:43:00+08:00,2025-09-15T00:56:00+08:00
R0001381,T0046840,U003981,TPE100,100.0,2025-10-26T16:55:00+08:00,2025-10-26T17:08:00+08:00
R0001382,T0046841,U003981,LOCAL100,100.0,2025-10-28T01:26:00+08:00,2025-10-28T01:36:00+08:00
R0001383,T0046842,U005473,TPE100,100.0,2025-10-03T17:30:00+08:00,2025-10-03T17:39:00+08:00
R0001384,T0046843,U014458,TPE100,100.0,2025-10-21T09:15:00+08:00,2025-10-21T09:23:00+08:00
R0001385,T0046844,U014458,LOCAL100,100.0,2025-10-23T23:52:00+08:00,2025-10-23T23:53:00+08:00
R0001386,T0046845,U006311,TPE150,150.0,2025-10-12T09:52:00+08:00,2025-10-12T09:56:00+08:00
R0001387,T0046850,U010751,TPE100,100.0,2025-09-15T23:48:00+08:00,2025-09-15T23:49:00+08:00
R0001388,T0046851,U013375,TPE100,100.0,2025-09-16T05:21:00+08:00,2025-09-16T05:33:00+08:00
R0001389,T0046852,U005625,TPE150,150.0,2025-09-07T09:00:00+08:00,2025-09-07T09:03:00+08:00
R0001390,T0046854,U011733,TPE150,150.0,2025-10-06T09:18:00+08:00,2025-10-06T09:21:00+08:00
R0001391,T0046855,U027846,TPE100,100.0,2025-09-27T07:36:00+08:00,2025-09-27T07:45:00+08:00
R0001392,T0046858,U004619,TPE100,100.0,2025-09-23T15:58:00+08:00,2025-09-23T16:08:00+08:00
R0001393,T0046859,U004619,LOCAL100,100.0,2025-09-27T17:47:00+08:00,2025-09-27T17:49:00+08:00
R0001394,T0046860,U018328,TPE100,100.0,2025-10-15T13:56:00+08:00,2025-10-15T14:00:00+08:00
R0001395,T0046861,U006483,TPE150,150.0,2025-10-19T22:20:00+08:00,2025-10-19T22:22:00+08:00
R0001396,T0046862,U012565,TPE100,100.0,2025-09-29T01:02:00+08:00,2025-09-29T01:04:00+08:00
R0001397,T0046863,U027120,TPE150,150.0,2025-09-20T17:46:00+08:00,2025-09-20T17:55:00+08:00
R0001398,T0046866,U011523,TPE100,100.0,2025-10-04T08:33:00+08:00,2025-10-04T08:41:00+08:00
R0001399,T0046867,U011523,LOCAL100,100.0,2025-10-08T14:24:00+08:00,2025-10-08T14:25:00+08:00
R0001400,T0046868,U016925,TPE100,100.0,2025-10-14T10:10:00+08:00,2025-10-14T10:14:00+08:00
R0001401,T0046869,U016925,LOCAL100,100.0,2025-10-16T23:02:00+08:00,2025-10-16T23:06:00+08:00
R0001402,T0046870,U017794,TPE100,100.0,2025-10-03T12:21:00+08:00,2025-10-03T12:24:00+08:00
R0001403,T0046871,U013718,TPE150,150.0,2025-09-17T08:48:00+08:00,2025-09-17T08:52:00+08:00
R0001404,T0046872,U004611,TPE150,150.0,2025-09-11T21:07:00+08:00,2025-09-11T21:10:00+08:00
R0001405,T0046873,U012299,TPE100,100.0,2025-10-06T03:50:00+08:00,2025-10-06T04:04:00+08:00
R0001406,T0046874,U012299,LOCAL100,100.0,2025-10-11T08:24:00+08:00,2025-10-11T08:24:00+08:00
R0001407,T0046875,U021923,TPE100,100.0,2025-10-07T00:27:00+08:00,2025-10-07T00:41:00+08:00
R0001408,T0046876,U005688,TPE150,150.0,2025-10-01T11:04:00+08:00,2025-10-01T11:15:00+08:00
R0001409,T0046877,U022677,TPE150,150.0,2025-09-13T08:48:00+08:00,2025-09-13T08:51:00+08:00
R0001410,T0046879,U021435,TPE150,150.0,2025-10-10T07:57:00+08:00,2025-10-10T08:12:00+08:00
R0001411,T0046880,U024079,TPE100,100.0,2025-10-26T00:11:00+08:00,2025-10-26T00:23:00+08:00
R0001412,T0046881,U018681,TPE150,150.0,2025-10-12T08:04:00+08:00,2025-10-12T08:08:00+08:00
R0001413,T0046882,U021959,TPE100,100.0,2025-10-17T18:14:00+08:00,2025-10-17T18:24:00+08:00
R0001414,T0046883,U021959,LOCAL100,100.0,2025-10-23T03:45:00+08:00,2025-10-23T04:00:00+08:00
R0001415,T0046884,U008688,TPE100,100.0,2025-09-18T00:25:00+08:00,2025-09-18T00:33:00+08:00
R0001416,T0046886,U001020,TPE150,150.0,2025-09-02T10:47:00+08:00,2025-09-02T11:00:00+08:00
R0001417,T0046887,U005740,TPE100,100.0,2025-10-07T07:43:00+08:00,2025-10-07T07:45:00+08:00
R0001418,T0046888,U026392,TPE150,150.0,2025-09-14T03:21:00+08:00,2025-09-14T03:25:00+08:00
R0001419,T0046889,U010977,TPE100,100.0,2025-09-11T22:43:00+08:00,2025-09-11T22:50:00+08:00
R0001420,T0046890,U014675,TPE100,100.0,2025-10-10T02:33:00+08:00,2025-10-10T02:39:00+08:00
R0001421,T0046891,U019345,TPE150,150.0,2025-10-07T02:10:00+08:00,2025-10-07T02:20:00+08:00
R0001422,T0046893,U020274,TPE150,150.0,2025-09-05T17:54:00+08:00,2025-09-05T17:56:00+08:00
R0001423,T0046894,U009028,TPE150,150.0,2025-10-16T07:04:00+08:00,2025-10-16T07:04:00+08:00
R0001424,T0046896,U016947,TPE150,150.0,2025-10-23T23:31:00+08:00,2025-10-23T23:32:00+08:00
R0001425,T0046897,U005745,TPE100,100.0,2025-09-03T05:50:00+08:00,2025-09-03T05:57:00+08:00
R0001426,T0046898,U000232,TPE100,100.0,2025-10-17T13:05:00+08:00,2025-10-17T13:09:00+08:00
R0001427,T0046899,U023341,TPE100,100.0,2025-10-02T15:23:00+08:00,2025-10-02T15:38:00+08:00
R0001428,T0046900,U025701,TPE100,100.0,2025-10-02T14:47:00+08:00,2025-10-02T14:51:00+08:00
R0001429,T0046901,U025701,LOCAL100,100.0,2025-10-07T22:22:00+08:00,2025-10-07T22:37:00+08:00
R0001430,T0046903,U017404,TPE150,150.0,2025-09-19T03:00:00+08:00,2025-09-19T03:11:00+08:00
R0001431,T0046904,U001435,TPE100,100.0,2025-10-18T08:41:00+08:00,2025-10-18T08:44:00+08:00
R0001432,T0046905,U020850,TPE150,150.0,2025-10-22T21:56:00+08:00,2025-10-22T22:04:00+08:00
R0001433,T0046907,U009237,TPE100,100.0,2025-09-04T19:23:00+08:00,2025-09-04T19:36:00+08:00
R0001434,T0046908,U005120,TPE150,150.0,2025-10-08T02:03:00+08:00,2025-10-08T02:18:00+08:00
R0001435,T0046909,U008824,TPE100,100.0,2025-09-26T08:53:00+08:00,2025-09-26T09:08:00+08:00
R0001436,T0046910,U007798,TPE100,100.0,2025-09-06T01:31:00+08:00,2025-09-06T01:43:00+08:00
R0001437,T0046911,U007798,LOCAL100,100.0,2025-09-11T17:16:00+08:00,2025-09-11T17:20:00+08:00
R0001438,T0046912,U004244,TPE100,100.0,2025-09-01T22:03:00+08:00,2025-09-01T22:18:00+08:00
R0001439,T0046913,U004244,LOCAL100,100.0,2025-09-07T12:07:00+08:00,2025-09-07T12:13:00+08:00
R0001440,T0046914,U007606,TPE150,150.0,2025-10-15T09:17:00+08:00,2025-10-15T09:31:00+08:00
R0001441,T0046915,U007028,TPE100,100.0,2025-09-17T21:49:00+08:00,2025-09-17T22:00:00+08:00
R0001442,T0046916,U003517,TPE150,150.0,2025-09-20T12:49:00+08:00,2025-09-20T12:57:00+08:00
R0001443,T0046918,U006254,TPE100,100.0,2025-10-17T11:23:00+08:00,2025-10-17T11:37:00+08:00
R0001444,T0046919,U006254,LOCAL100,100.0,2025-10-18T13:13:00+08:00,2025-10-18T13:14:00+08:00
R0001445,T0046920,U003465,TPE150,150.0,2025-10-15T07:55:00+08:00,2025-10-15T08:10:00+08:00
R0001446,T0046922,U020627,TPE150,150.0,2025-09-05T10:05:00+08:00,2025-09-05T10:11:00+08:00
R0001447,T0046923,U009497,TPE100,100.0,2025-10-25T23:39:00+08:00,2025-10-25T23:44:00+08:00
R0001448,T0046924,U026842,TPE150,150.0,2025-10-15T23:31:00+08:00,2025-10-15T23:40:00+08:00
R0001449,T0046926,U008524,TPE150,150.0,2025-09-02T01:16:00+08:00,2025-09-02T01:29:00+08:00
R0001450,T0046927,U027360,TPE150,150.0,2025-09-13T08:42:00+08:00,2025-09-13T08:43:00+08:00
R0001451,T0046928,U013061,TPE100,100.0,2025-09-06T08:51:00+08:00,2025-09-06T09:00:00+08:00
R0001452,T0046929,U009789,TPE150,150.0,2025-10-01T11:00:00+08:00,2025-10-01T11:09:00+08:00
R0001453,T0046931,U013213,TPE100,100.0,2025-09-09T01:01:00+08:00,2025-09-09T01:05:00+08:00
R0001454,T0046932,U013213,LOCAL100,100.0,2025-09-12T17:05:00+08:00,2025-09-12T17:14:00+08:00
R0001455,T0046933,U021624,TPE100,100.0,2025-10-22T09:35:00+08:00,2025-10-22T09:35:00+08:00
R0001456,T0046934,U005033,TPE100,100.0,2025-10-13T03:14:00+08:00,2025-10-13T03:29:00+08:00
R0001457,T0046936,U015191,TPE150,150.0,2025-09-17T09:43:00+08:00,2025-09-17T09:56:00+08:00
R0001458,T0046937,U002062,TPE150,150.0,2025-09-07T08:32:00+08:00,2025-09-07T08:47:00+08:00
R0001459,T0046938,U019905,TPE150,150.0,2025-09-21T07:32:00+08:00,2025-09-21T07:43:00+08:00
R0001460,T0046940,U021746,TPE100,100.0,2025-09-18T14:15:00+08:00,2025-09-18T14:17:00+08:00
R0001461,T0046941,U002360,TPE150,150.0,2025-09-16T15:44:00+08:00,2025-09-16T15:52:00+08:00
R0001462,T0046942,U028776,TPE150,150.0,2025-09-29T00:56:00+08:00,2025-09-29T01:04:00+08:00
R0001463,T0046943,U020238,TPE100,100.0,2025-10-22T09:02:00+08:00,2025-10-22T09:11:00+08:00
R0001464,T0046944,U024911,TPE150,150.0,2025-10-26T06:47:00+08:00,2025-10-26T07:01:00+08:00
R0001465,T0046945,U006948,TPE100,100.0,2025-10-11T01:47:00+08:00,2025-10-11T01:58:00+08:00
R0001466,T0046946,U019212,TPE100,100.0,2025-09-05T06:30:00+08:00,2025-09-05T06:42:00+08:00
R0001467,T0046947,U019212,LOCAL100,100.0,2025-09-10T16:01:00+08:00,2025-09-10T16:15:00+08:00
R0001468,T0046948,U027906,TPE100,100.0,2025-09-01T06:46:00+08:00,2025-09-01T06:56:00+08:00
R0001469,T0046950,U024072,TPE150,150.0,2025-10-09T08:17:00+08:00,2025-10-09T08:23:00+08:00
R0001470,T0046951,U010042,TPE150,150.0,2025-09-16T00:25:00+08:00,2025-09-16T00:37:00+08:00
R0001471,T0046952,U004824,TPE150,150.0,2025-09-19T11:15:00+08:00,2025-09-19T11:16:00+08:00
R0001472,T0046955,U026721,TPE150,150.0,2025-10-17T20:20:00+08:00,2025-10-17T20:29:00+08:00
R0001473,T0046957,U004447,TPE100,100.0,2025-09-24T10:24:00+08:00,2025-09-24T10:35:00+08:00
R0001474,T0046958,U004447,LOCAL100,100.0,2025-09-27T23:55:00+08:00,2025-09-28T00:06:00+08:00
R0001475,T0046960,U025347,TPE150,150.0,2025-10-24T09:11:00+08:00,2025-10-24T09:13:00+08:00
R0001476,T0046961,U027952,TPE100,100.0,2025-09-28T06:00:00+08:00,2025-09-28T06:12:00+08:00
R0001477,T0046962,U007277,TPE100,100.0,2025-09-08T16:14:00+08:00,2025-09-08T16:18:00+08:00
R0001478,T0046963,U025254,TPE100,100.0,2025-10-12T12:22:00+08:00,2025-10-12T12:34:00+08:00
R0001479,T0046964,U019379,TPE150,150.0,2025-09-04T08:01:00+08:00,2025-09-04T08:03:00+08:00
R0001480,T0046966,U026324,TPE150,9999,2025-09-26T11:38:00+08:00,2025-09-26T11:40:00+08:00
R0001481,T0046967,U015180,TPE150,150.0,2025-10-24T07:26:00+08:00,2025-10-24T07:34:00+08:00
R0001482,T0046968,U014082,TPE150,150.0,2025-09-07T20:58:00+08:00,2025-09-07T20:58:00+08:00
R0001483,T0046970,U025389,TPE100,100.0,2025-09-07T17:23:00+08:00,2025-09-07T17:23:00+08:00
R0001484,T0046971,U025389,LOCAL100,100.0,2025-09-11T01:21:00+08:00,2025-09-11T01:34:00+08:00
R0001485,T0046972,U028346,TPE150,150.0,2025-10-08T11:39:00+08:00,2025-10-08T11:47:00+08:00
R0001486,T0046973,U005529,TPE100,100.0,2025-10-23T01:42:00+08:00,2025-10-23T01:56:00+08:00
R0001487,T0046974,U003710,TPE100,9999,2025-09-04T20:53:00+08:00,2025-09-04T20:56:00+08:00
R0001488,T0046975,U005555,TPE150,150.0,2025-10-17T08:44:00+08:00,2025-10-17T08:55:00+08:00
R0001489,T0046977,U019995,TPE150,150.0,2025-10-16T06:15:00+08:00,2025-10-16T06:22:00+08:00
R0001490,T0046980,U024949,TPE150,150.0,2025-10-01T19:42:00+08:00,2025-10-01T19:53:00+08:00
R0001491,T0046981,U018944,TPE150,150.0,2025-10-18T20:51:00+08:00,2025-10-18T21:05:00+08:00
R0001492,T0046982,U007803,TPE100,100.0,2025-09-05T13:57:00+08:00,2025-09-05T14:01:00+08:00
R0001493,T0046983,U027248,TPE150,150.0,2025-09-30T00:15:00+08:00,2025-09-30T00:17:00+08:00
R0001494,T0046984,U007694,TPE150,150.0,2025-10-24T16:47:00+08:00,2025-10-24T16:59:00+08:00
R0001495,T0046985,U027485,TPE150,150.0,2025-10-16T22:30:00+08:00,2025-10-16T22:36:00+08:00
R0001496,T0046986,U017311,TPE150,150.0,2025-10-21T00:30:00+08:00,2025-10-21T00:41:00+08:00
R0001497,T0046987,U021098,TPE100,100.0,2025-09-27T14:13:00+08:00,2025-09-27T14:24:00+08:00
R0001498,T0046988,U012648,TPE100,100.0,2025-10-02T07:21:00+08:00,2025-10-02T07:22:00+08:00
R0001499,T0046989,U012648,LOCAL100,100.0,2025-10-05T14:44:00+08:00,2025-10-05T14:59:00+08:00
R0001500,T0046990,U018045,TPE100,100.0,2025-09-30T12:52:00+08:00,2025-09-30T13:06:00+08:00
R0001501,T0046991,U000578,TPE100,100.0,2025-09-18T01:49:00+08:00,2025-09-18T02:02:00+08:00
R0001502,T0046992,U003893,TPE100,100.0,2025-09-19T23:20:00+08:00,2025-09-19T23:35:00+08:00
R0001503,T0046993,U029079,TPE100,100.0,2025-10-16T16:46:00+08:00,2025-10-16T16:56:00+08:00
R0001504,T0046994,U029079,LOCAL100,100.0,2025-10-22T08:53:00+08:00,2025-10-22T09:08:00+08:00
R0001505,T0046995,U009030,TPE100,100.0,2025-09-19T00:06:00+08:00,2025-09-19T00:14:00+08:00
R0001506,T0046996,U010565,TPE150,150.0,2025-10-22T13:51:00+08:00,2025-10-22T14:00:00+08:00
R0001507,T0046997,U014259,TPE100,100.0,2025-09-13T01:36:00+08:00,2025-09-13T01:51:00+08:00
R0001508,T0046998,U010279,TPE100,100.0,2025-10-03T07:17:00+08:00,2025-10-03T07:22:00+08:00
R0001509,T0046999,U010459,TPE100,100.0,2025-09-19T04:00:00+08:00,2025-09-19T04:14:00+08:00
R0001510,T0047000,U026722,TPE150,150.0,2025-10-21T11:16:00+08:00,2025-10-21T11:24:00+08:00
R0001511,T0047003,U003955,TPE150,150.0,2025-10-13T15:45:00+08:00,2025-10-13T15:54:00+08:00
R0001512,T0047005,U021519,TPE100,100.0,2025-10-02T01:24:00+08:00,2025-10-02T01:28:00+08:00
R0001513,T0047006,U021519,LOCAL100,100.0,2025-10-04T19:15:00+08:00,2025-10-04T19:15:00+08:00
R0001514,T0047009,U020093,TPE100,100.0,2025-09-08T11:16:00+08:00,2025-09-08T11:28:00+08:00
R0001515,T0047010,U003087,TPE100,100.0,2025-10-05T06:24:00+08:00,2025-10-05T06:28:00+08:00
R0001516,T0047011,U009493,TPE150,150.0,2025-09-13T10:18:00+08:00,2025-09-13T10:32:00+08:00
R0001517,T0047012,U001302,TPE150,150.0,2025-10-13T09:59:00+08:00,2025-10-13T10:01:00+08:00
R0001518,T0047013,U013715,TPE100,100.0,2025-09-10T11:38:00+08:00,2025-09-10T11:49:00+08:00
R0001519,T0047014,U013715,LOCAL100,100.0,2025-09-11T21:16:00+08:00,2025-09-11T21:17:00+08:00
R0001520,T0047017,U021785,TPE150,150.0,2025-09-06T11:01:00+08:00,2025-09-06T11:06:00+08:00
R0001521,T0047018,U024722,TPE100,100.0,2025-10-23T17:26:00+08:00,2025-10-23T17:36:00+08:00
R0001522,T0047019,U026172,TPE150,150.0,2025-09-12T12:22:00+08:00,2025-09-12T12:32:00+08:00
R0001523,T0047020,U006410,TPE150,150.0,2025-09-25T02:24:00+08:00,2025-09-25T02:33:00+08:00
R0001524,T0047021,U005488,TPE150,150.0,2025-10-05T05:02:00+08:00,2025-10-05T05:17:00+08:00
R0001525,T0047022,U016908,TPE100,100.0,2025-10-12T10:37:00+08:00,2025-10-12T10:37:00+08:00
R0001526,T0047023,U016908,LOCAL100,100.0,2025-10-18T15:22:00+08:00,2025-10-18T15:23:00+08:00
R0001527,T0047024,U023846,TPE150,150.0,2025-10-02T10:59:00+08:00,2025-10-02T11:13:00+08:00
R0001528,T0047025,U006642,TPE100,100.0,2025-09-14T12:06:00+08:00,2025-09-14T12:17:00+08:00
R0001529,T0047026,U006642,LOCAL100,100.0,2025-09-15T16:16:00+08:00,2025-09-15T16:18:00+08:00
R0001530,T0047027,U002003,TPE100,100.0,2025-09-19T01:06:00+08:00,2025-09-19T01:19:00+08:00
R0001531,T0047028,U025093,TPE100,100.0,2025-10-07T13:52:00+08:00,2025-10-07T13:53:00+08:00
R0001532,T0047029,U025093,LOCAL100,100.0,2025-10-10T03:41:00+08:00,2025-10-10T03:54:00+08:00
R0001533,T0047031,U001982,TPE150,150.0,2025-10-23T22:52:00+08:00,2025-10-23T23:06:00+08:00
R0001534,T0047032,U028180,TPE150,150.0,2025-09-14T05:40:00+08:00,2025-09-14T05:50:00+08:00
R0001535,T0047034,U010773,TPE100,100.0,2025-10-19T11:34:00+08:00,2025-10-19T11:49:00+08:00
R0001536,T0047035,U014919,TPE150,150.0,2025-10-13T11:12:00+08:00,2025-10-13T11:21:00+08:00
R0001537,T0047037,U007217,TPE150,150.0,2025-09-06T16:13:00+08:00,2025-09-06T16:26:00+08:00
R0001538,T0047038,U020907,TPE100,100.0,2025-10-17T02:48:00+08:00,2025-10-17T02:51:00+08:00
R0001539,T0047039,U024136,TPE150,150.0,2025-10-15T01:27:00+08:00,2025-10-15T01:42:00+08:00
R0001540,T0047041,U015063,TPE150,150.0,2025-10-10T23:56:00+08:00,2025-10-10T23:58:00+08:00
R0001541,T0047043,U028220,TPE150,150.0,2025-09-26T23:57:00+08:00,2025-09-27T00:00:00+08:00
R0001542,T0047045,U005407,TPE100,100.0,2025-10-02T11:11:00+08:00,2025-10-02T11:13:00+08:00
R0001543,T0047046,U008826,TPE150,150.0,2025-10-21T03:44:00+08:00,2025-10-21T03:53:00+08:00
R0001544,T0047047,U008245,TPE100,100.0,2025-09-20T05:10:00+08:00,2025-09-20T05:21:00+08:00
R0001545,T0047048,U021312,TPE100,100.0,2025-10-13T15:29:00+08:00,2025-10-13T15:40:00+08:00
R0001546,T0047049,U016677,TPE150,150.0,2025-10-01T06:42:00+08:00,2025-10-01T06:45:00+08:00
R0001547,T0047050,U014935,TPE150,150.0,2025-10-15T11:19:00+08:00,2025-10-15T11:25:00+08:00
R0001548,T0047051,U012308,TPE100,100.0,2025-10-21T22:44:00+08:00,2025-10-21T22:59:00+08:00
R0001549,T0047054,U010009,TPE150,150.0,2025-10-08T11:24:00+08:00,2025-10-08T11:29:00+08:00
R0001550,T0047056,U001906,TPE100,100.0,2025-10-09T00:38:00+08:00,2025-10-09T00:43:00+08:00
R0001551,T0047057,U001906,LOCAL100,100.0,2025-10-14T17:52:00+08:00,2025-10-14T18:07:00+08:00
R0001552,T0047058,U003559,TPE100,100.0,2025-10-20T22:38:00+08:00,2025-10-20T22:41:00+08:00
R0001553,T0047059,U003559,LOCAL100,100.0,2025-10-22T07:16:00+08:00,2025-10-22T07:29:00+08:00
R0001554,T0047060,U000439,TPE150,150.0,2025-09-01T08:37:00+08:00,2025-09-01T08:46:00+08:00
R0001555,T0047063,U010861,TPE100,100.0,2025-09-07T17:47:00+08:00,2025-09-07T18:01:00+08:00
R0001556,T0047064,U010861,LOCAL100,100.0,2025-09-09T13:45:00+08:00,2025-09-09T13:47:00+08:00
R0001557,T0047065,U005732,TPE150,150.0,2025-10-06T18:57:00+08:00,2025-10-06T19:05:00+08:00
R0001558,T0047067,U008895,TPE150,150.0,2025-10-07T04:09:00+08:00,2025-10-07T04:18:00+08:00
R0001559,T0047071,U014085,TPE150,150.0,2025-09-26T00:15:00+08:00,2025-09-26T00:24:00+08:00
R0001560,T0047072,U028716,TPE150,150.0,2025-10-08T03:47:00+08:00,2025-10-08T03:51:00+08:00
R0001561,T0047074,U024184,TPE150,150.0,2025-09-25T07:34:00+08:00,2025-09-25T07:47:00+08:00
R0001562,T0047075,U017619,TPE100,100.0,2025-10-15T10:13:00+08:00,2025-10-15T10:19:00+08:00
R0001563,T0047076,U017619,LOCAL100,100.0,2025-10-20T03:37:00+08:00,2025-10-20T03:38:00+08:00
R0001564,T0047077,U000246,TPE150,150.0,2025-09-23T09:29:00+08:00,2025-09-23T09:33:00+08:00
R0001565,T0047078,U019254,TPE100,100.0,2025-10-02T12:22:00+08:00,2025-10-02T12:34:00+08:00
R0001566,T0047079,U020248,TPE150,150.0,2025-09-08T01:35:00+08:00,2025-09-08T01:46:00+08:00
R0001567,T0047083,U007132,TPE100,100.0,2025-09-11T10:47:00+08:00,2025-09-11T10:57:00+08:00
R0001568,T0047084,U019442,TPE100,100.0,2025-10-16T01:11:00+08:00,2025-10-16T01:24:00+08:00
R0001569,T0047086,U008499,TPE100,100.0,2025-09-18T20:56:00+08:00,2025-09-18T21:05:00+08:00
R0001570,T0047089,U025722,TPE100,100.0,2025-10-14T00:04:00+08:00,2025-10-14T00:18:00+08:00
R0001571,T0047091,U027344,TPE100,100.0,2025-10-04T08:59:00+08:00,2025-10-04T09:00:00+08:00
R0001572,T0047092,U008527,TPE100,100.0,2025-10-24T01:30:00+08:00,2025-10-24T01:37:00+08:00
R0001573,T0047093,U008527,LOCAL100,100.0,2025-10-27T13:41:00+08:00,2025-10-27T13:42:00+08:00
R0001574,T0047094,U028014,TPE100,100.0,2025-10-20T01:07:00+08:00,2025-10-20T01:20:00+08:00
R0001575,T0047095,U003065,TPE100,100.0,2025-10-24T00:31:00+08:00,2025-10-24T00:36:00+08:00
R0001576,T0047096,U010747,TPE150,150.0,2025-10-09T23:50:00+08:00,2025-10-09T23:50:00+08:00
R0001577,T0047098,U015336,TPE150,150.0,2025-10-25T11:16:00+08:00,2025-10-25T11:23:00+08:00
R0001578,T0047099,U001633,TPE100,100.0,2025-10-21T04:55:00+08:00,2025-10-21T04:56:00+08:00
R0001579,T0047100,U024276,TPE100,100.0,2025-09-07T20:16:00+08:00,2025-09-07T20:30:00+08:00
R0001580,T0047101,U016350,TPE100,100.0,2025-10-15T01:00:00+08:00,2025-10-15T01:08:00+08:00
R0001581,T0047102,U014997,TPE100,100.0,2025-09-18T20:22:00+08:00,2025-09-18T20:33:00+08:00
R0001582,T0047103,U004394,TPE100,100.0,2025-09-25T10:49:00+08:00,2025-09-25T10:52:00+08:00
R0001583,T0047104,U020883,TPE150,150.0,2025-09-19T15:32:00+08:00,2025-09-19T15:38:00+08:00
R0001584,T0047105,U002196,TPE150,150.0,2025-09-09T22:16:00+08:00,2025-09-09T22:16:00+08:00
R0001585,T0047106,U008244,TPE150,150.0,2025-09-12T22:56:00+08:00,2025-09-12T23:03:00+08:00
R0001586,T0047107,U021201,TPE150,150.0,2025-10-15T03:18:00+08:00,2025-10-15T03:32:00+08:00
R0001587,T0047108,U019024,TPE150,150.0,2025-10-23T04:41:00+08:00,2025-10-23T04:41:00+08:00
R0001588,T0047109,U010062,TPE150,150.0,2025-10-23T08:22:00+08:00,2025-10-23T08:30:00+08:00
R0001589,T0047111,U016971,TPE100,100.0,2025-10-01T18:54:00+08:00,2025-10-01T18:59:00+08:00
R0001590,T0047112,U004339,TPE100,100.0,2025-09-04T17:32:00+08:00,2025-09-04T17:43:00+08:00
R0001591,T0047114,U000202,TPE100,100.0,2025-09-20T00:55:00+08:00,2025-09-20T00:56:00+08:00
R0001592,T0047115,U000202,LOCAL100,100.0,2025-09-26T08:59:00+08:00,2025-09-26T09:14:00+08:00
R0001593,T0047116,U017180,TPE100,100.0,2025-09-04T08:39:00+08:00,2025-09-04T08:39:00+08:00
R0001594,T0047118,U021465,TPE100,100.0,2025-09-25T09:23:00+08:00,2025-09-25T09:27:00+08:00
R0001595,T0047121,U014333,TPE100,100.0,2025-09-25T07:16:00+08:00,2025-09-25T07:19:00+08:00
R0001596,T0047122,U021490,TPE150,150.0,2025-10-14T16:58:00+08:00,2025-10-14T17:02:00+08:00
R0001597,T0047123,U024551,TPE100,100.0,2025-09-21T22:45:00+08:00,2025-09-21T23:00:00+08:00
R0001598,T0047124,U007360,TPE100,100.0,2025-10-12T01:26:00+08:00,2025-10-12T01:29:00+08:00
R0001599,T0047125,U007360,LOCAL100,100.0,2025-10-16T05:55:00+08:00,2025-10-16T06:10:00+08:00
R0001600,T0047127,U022446,TPE150,150.0,2025-09-27T11:45:00+08:00,2025-09-27T11:58:00+08:00
R0001601,T0047129,U012646,TPE100,100.0,2025-09-27T19:39:00+08:00,2025-09-27T19:50:00+08:00
R0001602,T0047130,U000186,TPE150,150.0,2025-10-25T13:15:00+08:00,2025-10-25T13:20:00+08:00
R0001603,T0047132,U028850,TPE100,100.0,2025-10-18T22:53:00+08:00,2025-10-18T23:05:00+08:00
R0001604,T0047133,U019935,TPE100,100.0,2025-09-01T08:23:00+08:00,2025-09-01T08:38:00+08:00
R0001605,T0047134,U003702,TPE100,100.0,2025-10-10T23:38:00+08:00,2025-10-10T23:43:00+08:00
R0001606,T0047135,U003702,LOCAL100,100.0,2025-10-12T02:30:00+08:00,2025-10-12T02:36:00+08:00
R0001607,T0047136,U017024,TPE100,100.0,2025-09-23T00:42:00+08:00,2025-09-23T00:47:00+08:00
R0001608,T0047137,U017024,LOCAL100,100.0,2025-09-26T18:42:00+08:00,2025-09-26T18:51:00+08:00
R0001609,T0047139,U006949,TPE100,100.0,2025-09-28T01:47:00+08:00,2025-09-28T02:02:00+08:00
R0001610,T0047140,U024266,TPE100,100.0,2025-10-19T17:11:00+08:00,2025-10-19T17:25:00+08:00
R0001611,T0047141,U024266,LOCAL100,100.0,2025-10-25T02:18:00+08:00,2025-10-25T02:21:00+08:00
R0001612,T0047142,U013475,TPE150,150.0,2025-09-12T05:16:00+08:00,2025-09-12T05:17:00+08:00
R0001613,T0047145,U029091,TPE150,150.0,2025-09-05T22:42:00+08:00,2025-09-05T22:51:00+08:00
R0001614,T0047147,U015785,TPE100,100.0,2025-09-26T16:41:00+08:00,2025-09-26T16:48:00+08:00
R0001615,T0047148,U015785,LOCAL100,100.0,2025-09-29T03:25:00+08:00,2025-09-29T03:25:00+08:00
R0001616,T0047149,U012730,TPE150,150.0,2025-10-03T14:58:00+08:00,2025-10-03T15:04:00+08:00
R0001617,T0047150,U000635,TPE150,150.0,2025-10-24T19:03:00+08:00,2025-10-24T19:07:00+08:00
R0001618,T0047151,U012628,TPE100,100.0,2025-09-13T23:20:00+08:00,2025-09-13T23:34:00+08:00
R0001619,T0047152,U014948,TPE100,100.0,2025-09-15T10:26:00+08:00,2025-09-15T10:40:00+08:00
R0001620,T0047153,U003379,TPE100,100.0,2025-09-05T03:33:00+08:00,2025-09-05T03:42:00+08:00
R0001621,T0047154,U028112,TPE150,150.0,2025-09-14T10:50:00+08:00,2025-09-14T11:03:00+08:00
R0001622,T0047156,U021471,TPE150,150.0,2025-09-24T11:39:00+08:00,2025-09-24T11:47:00+08:00
R0001623,T0047158,U025762,TPE150,150.0,2025-10-21T11:12:00+08:00,2025-10-21T11:23:00+08:00
R0001624,T0047159,U005794,TPE150,150.0,2025-10-07T19:41:00+08:00,2025-10-07T19:53:00+08:00
R0001625,T0047161,U021124,TPE100,100.0,2025-10-26T01:24:00+08:00,2025-10-26T01:39:00+08:00
R0001626,T0047164,U015394,TPE150,150.0,2025-10-08T07:22:00+08:00,2025-10-08T07:34:00+08:00
R0001627,T0047165,U005914,TPE150,150.0,2025-09-30T17:06:00+08:00,2025-09-30T17:08:00+08:00
R0001628,T0047168,U020565,TPE100,100.0,2025-09-27T17:26:00+08:00,2025-09-27T17:31:00+08:00
R0001629,T0047169,U020565,LOCAL100,100.0,2025-09-29T12:03:00+08:00,2025-09-29T12:11:00+08:00
R0001630,T0047172,U013970,TPE100,100.0,2025-10-01T00:06:00+08:00,2025-10-01T00:18:00+08:00
R0001631,T0047175,U026443,TPE100,100.0,2025-09-07T00:44:00+08:00,2025-09-07T00:59:00+08:00
R0001632,T0047177,U004128,TPE100,100.0,2025-09-11T05:48:00+08:00,2025-09-11T05:57:00+08:00
R0001633,T0047178,U004128,LOCAL100,100.0,2025-09-14T20:35:00+08:00,2025-09-14T20:49:00+08:00
R0001634,T0047179,U018604,TPE100,100.0,2025-09-22T13:49:00+08:00,2025-09-22T14:00:00+08:00
R0001635,T0047180,U018604,LOCAL100,100.0,2025-09-24T01:07:00+08:00,2025-09-24T01:13:00+08:00
R0001636,T0047181,U020582,TPE100,100.0,2025-09-10T12:57:00+08:00,2025-09-10T13:10:00+08:00
R0001637,T0047182,U020582,LOCAL100,100.0,2025-09-12T17:42:00+08:00,2025-09-12T17:57:00+08:00
R0001638,T0047183,U009052,TPE100,100.0,2025-09-23T23:53:00+08:00,2025-09-23T23:53:00+08:00
R0001639,T0047186,U013006,TPE150,150.0,2025-10-09T11:45:00+08:00,2025-10-09T11:56:00+08:00
R0001640,T0047187,U017671,TPE100,100.0,2025-09-25T02:57:00+08:00,2025-09-25T03:05:00+08:00
R0001641,T0047188,U017671,LOCAL100,100.0,2025-10-01T18:10:00+08:00,2025-10-01T18:14:00+08:00
R0001642,T0047189,U027041,TPE150,150.0,2025-10-06T23:11:00+08:00,2025-10-06T23:18:00+08:00
R0001643,T0047190,U012290,TPE150,150.0,2025-10-07T11:45:00+08:00,2025-10-07T11:52:00+08:00
R0001644,T0047191,U015056,TPE150,150.0,2025-09-15T10:00:00+08:00,2025-09-15T10:02:00+08:00
R0001645,T0047193,U001986,TPE100,100.0,2025-09-08T15:16:00+08:00,2025-09-08T15:19:00+08:00
R0001646,T0047194,U028166,TPE150,150.0,2025-10-11T10:15:00+08:00,2025-10-11T10:19:00+08:00
R0001647,T0047195,U008016,TPE150,150.0,2025-09-24T03:45:00+08:00,2025-09-24T03:56:00+08:00
R0001648,T0047198,U005381,TPE100,100.0,2025-09-25T16:57:00+08:00,2025-09-25T17:09:00+08:00
R0001649,T0047199,U005381,LOCAL100,100.0,2025-09-27T03:37:00+08:00,2025-09-27T03:46:00+08:00
R0001650,T0047200,U019367,TPE100,100.0,2025-09-23T01:55:00+08:00,2025-09-23T01:58:00+08:00
R0001651,T0047201,U008377,TPE150,150.0,2025-10-10T09:54:00+08:00,2025-10-10T10:08:00+08:00
R0001652,T0047202,U024343,TPE100,100.0,2025-10-01T10:36:00+08:00,2025-10-01T10:49:00+08:00
R0001653,T0047203,U024343,LOCAL100,100.0,2025-10-06T12:51:00+08:00,2025-10-06T12:53:00+08:00
R0001654,T0047204,U007456,TPE100,100.0,2025-10-20T16:19:00+08:00,2025-10-20T16:28:00+08:00
R0001655,T0047205,U007456,LOCAL100,100.0,2025-10-27T06:02:00+08:00,2025-10-27T06:03:00+08:00
R0001656,T0047206,U018015,TPE100,100.0,2025-09-07T11:12:00+08:00,2025-09-07T11:18:00+08:00
R0001657,T0047207,U018015,LOCAL100,100.0,2025-09-09T18:14:00+08:00,2025-09-09T18:21:00+08:00
R0001658,T0047208,U014156,TPE100,100.0,2025-09-09T10:57:00+08:00,2025-09-09T11:00:00+08:00
R0001659,T0047209,U014156,LOCAL100,100.0,2025-09-15T14:04:00+08:00,2025-09-15T14:10:00+08:00
R0001660,T0047210,U016807,TPE100,100.0,2025-09-28T21:32:00+08:00,2025-09-28T21:42:00+08:00
R0001661,T0047211,U016807,LOCAL100,100.0,2025-10-04T07:39:00+08:00,2025-10-04T07:52:00+08:00
R0001662,T0047212,U017035,TPE100,100.0,2025-10-25T21:31:00+08:00,2025-10-25T21:31:00+08:00
R0001663,T0047213,U009128,TPE150,150.0,2025-09-23T20:01:00+08:00,2025-09-23T20:09:00+08:00
R0001664,T0047215,U017788,TPE100,100.0,2025-10-15T11:54:00+08:00,2025-10-15T12:05:00+08:00
R0001665,T0047216,U026629,TPE100,100.0,2025-09-15T08:27:00+08:00,2025-09-15T08:32:00+08:00
R0001666,T0047218,U022725,TPE150,150.0,2025-10-23T17:56:00+08:00,2025-10-23T17:57:00+08:00
R0001667,T0047219,U006376,TPE100,100.0,2025-10-17T22:02:00+08:00,2025-10-17T22:07:00+08:00
R0001668,T0047220,U010130,TPE150,150.0,2025-10-22T00:43:00+08:00,2025-10-22T00:44:00+08:00
R0001669,T0047221,U020098,TPE150,150.0,2025-10-25T09:39:00+08:00,2025-10-25T09:53:00+08:00
R0001670,T0047222,U001849,TPE100,100.0,2025-09-02T17:27:00+08:00,2025-09-02T17:31:00+08:00
R0001671,T0047223,U001849,LOCAL100,100.0,2025-09-04T01:25:00+08:00,2025-09-04T01:33:00+08:00
R0001672,T0047224,U019852,TPE150,150.0,2025-09-28T10:14:00+08:00,2025-09-28T10:19:00+08:00
R0001673,T0047225,U018140,TPE150,150.0,2025-10-18T07:11:00+08:00,2025-10-18T07:22:00+08:00
R0001674,T0047226,U017320,TPE150,150.0,2025-10-25T10:40:00+08:00,2025-10-25T10:43:00+08:00
R0001675,T0047228,U007349,TPE150,150.0,2025-09-09T00:01:00+08:00,2025-09-09T00:06:00+08:00
R0001676,T0047229,U028509,TPE150,150.0,2025-09-20T08:00:00+08:00,2025-09-20T08:12:00+08:00
R0001677,T0047231,U024171,TPE150,150.0,2025-10-06T17:11:00+08:00,2025-10-06T17:22:00+08:00
R0001678,T0047232,U016943,TPE150,150.0,2025-09-20T10:26:00+08:00,2025-09-20T10:37:00+08:00
R0001679,T0047233,U028110,TPE150,150.0,2025-10-03T09:32:00+08:00,2025-10-03T09:43:00+08:00
R0001680,T0047234,U027366,TPE150,150.0,2025-09-30T05:55:00+08:00,2025-09-30T06:05:00+08:00
R0001681,T0047236,U023508,TPE100,100.0,2025-10-25T05:03:00+08:00,2025-10-25T05:10:00+08:00
R0001682,T0047237,U023508,LOCAL100,100.0,2025-10-27T15:23:00+08:00,2025-10-27T15:32:00+08:00
R0001683,T0047240,U015514,TPE150,150.0,2025-09-11T10:37:00+08:00,2025-09-11T10:38:00+08:00
R0001684,T0047241,U024639,TPE100,100.0,2025-10-13T22:00:00+08:00,2025-10-13T22:02:00+08:00
R0001685,T0047242,U019974,TPE100,100.0,2025-10-24T18:03:00+08:00,2025-10-24T18:16:00+08:00
R0001686,T0047243,U019974,LOCAL100,100.0,2025-10-31T13:14:00+08:00,2025-10-31T13:18:00+08:00
R0001687,T0047244,U002359,TPE100,100.0,2025-10-05T00:44:00+08:00,2025-10-05T00:55:00+08:00
R0001688,T0047245,U002359,LOCAL100,100.0,2025-10-07T02:02:00+08:00,2025-10-07T02:04:00+08:00
R0001689,T0047246,U026214,TPE100,100.0,2025-09-22T01:21:00+08:00,2025-09-22T01:21:00+08:00
R0001690,T0047247,U028838,TPE150,150.0,2025-10-15T08:03:00+08:00,2025-10-15T08:10:00+08:00
R0001691,T0047249,U004314,TPE100,100.0,2025-10-16T09:02:00+08:00,2025-10-16T09:14:00+08:00
R0001692,T0047250,U025767,TPE150,150.0,2025-09-11T06:23:00+08:00,2025-09-11T06:28:00+08:00
R0001693,T0047251,U021484,TPE100,100.0,2025-09-01T09:38:00+08:00,2025-09-01T09:41:00+08:00
R0001694,T0047252,U021484,LOCAL100,100.0,2025-09-04T19:23:00+08:00,2025-09-04T19:27:00+08:00
R0001695,T0047253,U004614,TPE100,100.0,2025-09-30T04:52:00+08:00,2025-09-30T05:04:00+08:00
R0001696,T0047254,U000500,TPE100,100.0,2025-09-02T00:03:00+08:00,2025-09-02T00:13:00+08:00
R0001697,T0047255,U001992,TPE150,150.0,2025-09-13T02:55:00+08:00,2025-09-13T02:55:00+08:00
R0001698,T0047256,U008210,TPE150,150.0,2025-10-17T22:26:00+08:00,2025-10-17T22:35:00+08:00
R0001699,T0047257,U022235,TPE150,150.0,2025-09-02T07:06:00+08:00,2025-09-02T07:17:00+08:00
R0001700,T0047258,U022245,TPE150,150.0,2025-09-09T17:58:00+08:00,2025-09-09T18:03:00+08:00
R0001701,T0047260,U026461,TPE150,150.0,2025-09-30T13:23:00+08:00,2025-09-30T13:24:00+08:00
R0001702,T0047261,U011721,TPE100,100.0,2025-09-04T04:46:00+08:00,2025-09-04T04:55:00+08:00
R0001703,T0047262,U011830,TPE100,100.0,2025-10-18T00:32:00+08:00,2025-10-18T00:34:00+08:00
R0001704,T0047263,U001164,TPE150,150.0,2025-09-18T01:05:00+08:00,2025-09-18T01:17:00+08:00
R0001705,T0047265,U018544,TPE100,100.0,2025-10-04T02:28:00+08:00,2025-10-04T02:28:00+08:00
R0001706,T0047266,U018544,LOCAL100,100.0,2025-10-05T08:25:00+08:00,2025-10-05T08:37:00+08:00
R0001707,T0047267,U000859,TPE100,100.0,2025-10-26T16:49:00+08:00,2025-10-26T16:53:00+08:00
R0001708,T0047268,U000859,LOCAL100,100.0,2025-10-29T10:39:00+08:00,2025-10-29T10:42:00+08:00
R0001709,T0047269,U019827,TPE150,150.0,2025-09-23T04:38:00+08:00,2025-09-23T04:45:00+08:00
R0001710,T0047271,U016516,TPE100,100.0,2025-10-06T16:19:00+08:00,2025-10-06T16:32:00+08:00
R0001711,T0047272,U019605,TPE150,150.0,2025-10-03T07:16:00+08:00,2025-10-03T07:18:00+08:00
R0001712,T0047273,U015793,TPE100,100.0,2025-09-25T11:26:00+08:00,2025-09-25T11:26:00+08:00
R0001713,T0047275,U016859,TPE100,100.0,2025-09-07T09:20:00+08:00,2025-09-07T09:30:00+08:00
R0001714,T0047276,U016859,LOCAL100,100.0,2025-09-12T16:48:00+08:00,2025-09-12T16:54:00+08:00
R0001715,T0047277,U018990,TPE100,100.0,2025-10-20T10:25:00+08:00,2025-10-20T10:27:00+08:00
R0001716,T0047278,U018990,LOCAL100,100.0,2025-10-21T23:28:00+08:00,2025-10-21T23:30:00+08:00
R0001717,T0047280,U012295,TPE100,100.0,2025-10-10T01:21:00+08:00,2025-10-10T01:31:00+08:00
R0001718,T0047281,U018469,TPE150,150.0,2025-09-13T00:31:00+08:00,2025-09-13T00:31:00+08:00
R0001719,T0047282,U025409,TPE100,100.0,2025-09-04T12:35:00+08:00,2025-09-04T12:44:00+08:00
R0001720,T0047283,U006486,TPE150,150.0,2025-09-09T23:43:00+08:00,2025-09-09T23:43:00+08:00
R0001721,T0047284,U014874,TPE100,100.0,2025-09-01T16:50:00+08:00,2025-09-01T16:55:00+08:00
R0001722,T0047285,U011940,TPE100,100.0,2025-09-16T22:03:00+08:00,2025-09-16T22:12:00+08:00
R0001723,T0047286,U009341,TPE150,150.0,2025-10-11T21:28:00+08:00,2025-10-11T21:37:00+08:00
R0001724,T0047287,U027105,TPE100,100.0,2025-09-30T00:19:00+08:00,2025-09-30T00:31:00+08:00
R0001725,T0047288,U027105,LOCAL100,100.0,2025-10-04T18:10:00+08:00,2025-10-04T18:16:00+08:00
R0001726,T0047289,U024540,TPE100,100.0,2025-09-10T09:08:00+08:00,2025-09-10T09:13:00+08:00
R0001727,T0047290,U024540,LOCAL100,100.0,2025-09-16T12:29:00+08:00,2025-09-16T12:42:00+08:00
R0001728,T0047291,U005424,TPE150,150.0,2025-09-22T10:13:00+08:00,2025-09-22T10:19:00+08:00
R0001729,T0047292,U018858,TPE150,150.0,2025-09-06T14:30:00+08:00,2025-09-06T14:32:00+08:00
R0001730,T0047293,U013355,TPE100,100.0,2025-10-17T09:49:00+08:00,2025-10-17T10:01:00+08:00
R0001731,T0047294,U016379,TPE100,100.0,2025-09-21T11:21:00+08:00,2025-09-21T11:24:00+08:00
R0001732,T0047295,U016379,LOCAL100,100.0,2025-09-25T17:09:00+08:00,2025-09-25T17:16:00+08:00
R0001733,T0047296,U019275,TPE100,100.0,2025-09-28T07:20:00+08:00,2025-09-28T07:24:00+08:00
R0001734,T0047297,U020154,TPE150,150.0,2025-10-07T08:41:00+08:00,2025-10-07T08:54:00+08:00
R0001735,T0047298,U012512,TPE150,150.0,2025-10-06T08:53:00+08:00,2025-10-06T08:53:00+08:00
R0001736,T0047300,U024155,TPE100,100.0,2025-09-10T08:30:00+08:00,2025-09-10T08:31:00+08:00
R0001737,T0047301,U015154,TPE150,150.0,2025-09-03T10:13:00+08:00,2025-09-03T10:18:00+08:00
R0001738,T0047303,U008505,TPE150,150.0,2025-10-18T15:46:00+08:00,2025-10-18T15:47:00+08:00
R0001739,T0047304,U012135,TPE150,150.0,2025-10-06T09:37:00+08:00,2025-10-06T09:39:00+08:00
R0001740,T0047305,U028885,TPE150,150.0,2025-09-27T13:04:00+08:00,2025-09-27T13:13:00+08:00
R0001741,T0047307,U027462,TPE150,150.0,2025-10-17T09:26:00+08:00,2025-10-17T09:28:00+08:00
R0001742,T0047308,U029677,TPE150,150.0,2025-09-07T16:04:00+08:00,2025-09-07T16:06:00+08:00
R0001743,T0047309,U020864,TPE100,100.0,2025-10-14T01:12:00+08:00,2025-10-14T01:26:00+08:00
R0001744,T0047310,U018882,TPE150,150.0,2025-09-25T10:15:00+08:00,2025-09-25T10:29:00+08:00
R0001745,T0047312,U008408,TPE100,100.0,2025-10-20T05:43:00+08:00,2025-10-20T05:43:00+08:00
R0001746,T0047313,U008408,LOCAL100,100.0,2025-10-25T13:19:00+08:00,2025-10-25T13:32:00+08:00
R0001747,T0047314,U002520,TPE100,100.0,2025-09-30T02:50:00+08:00,2025-09-30T02:59:00+08:00
R0001748,T0047315,U002520,LOCAL100,100.0,2025-10-02T05:09:00+08:00,2025-10-02T05:19:00+08:00
R0001749,T0047316,U005250,TPE150,150.0,2025-09-17T20:16:00+08:00,2025-09-17T20:24:00+08:00
R0001750,T0047318,U023107,TPE150,150.0,2025-09-23T08:41:00+08:00,2025-09-23T08:46:00+08:00
R0001751,T0047319,U021867,TPE150,150.0,2025-09-13T01:12:00+08:00,2025-09-13T01:15:00+08:00
R0001752,T0047321,U027569,TPE100,100.0,2025-10-08T01:36:00+08:00,2025-10-08T01:49:00+08:00
R0001753,T0047322,U014888,TPE100,100.0,2025-09-13T08:56:00+08:00,2025-09-13T08:56:00+08:00
R0001754,T0047323,U020269,TPE100,100.0,2025-10-10T01:20:00+08:00,2025-10-10T01:34:00+08:00
R0001755,T0047324,U008411,TPE100,100.0,2025-10-18T00:18:00+08:00,2025-10-18T00:20:00+08:00
R0001756,T0047326,U011051,TPE100,100.0,2025-10-15T01:11:00+08:00,2025-10-15T01:15:00+08:00
R0001757,T0047327,U005472,TPE100,100.0,2025-09-10T11:26:00+08:00,2025-09-10T11:27:00+08:00
R0001758,T0047328,U010897,TPE150,150.0,2025-09-14T17:03:00+08:00,2025-09-14T17:16:00+08:00
R0001759,T0047329,U021817,TPE100,100.0,2025-10-19T01:28:00+08:00,2025-10-19T01:39:00+08:00
R0001760,T0047331,U003887,TPE150,150.0,2025-10-27T01:40:00+08:00,2025-10-27T01:42:00+08:00
R0001761,T0047332,U025166,TPE150,150.0,2025-09-04T12:01:00+08:00,2025-09-04T12:12:00+08:00
R0001762,T0047333,U016493,TPE100,100.0,2025-10-15T08:44:00+08:00,2025-10-15T08:49:00+08:00
R0001763,T0047334,U016493,LOCAL100,100.0,2025-10-20T03:42:00+08:00,2025-10-20T03:56:00+08:00
R0001764,T0047335,U023251,TPE150,150.0,2025-10-03T11:46:00+08:00,2025-10-03T11:52:00+08:00
R0001765,T0047336,U012854,TPE100,100.0,2025-09-07T01:15:00+08:00,2025-09-07T01:15:00+08:00
R0001766,T0047337,U012854,LOCAL100,100.0,2025-09-13T04:27:00+08:00,2025-09-13T04:28:00+08:00
R0001767,T0047339,U011939,TPE100,100.0,2025-10-11T10:12:00+08:00,2025-10-11T10:24:00+08:00
R0001768,T0047340,U008631,TPE100,100.0,2025-10-15T08:40:00+08:00,2025-10-15T08:44:00+08:00
R0001769,T0047341,U008631,LOCAL100,100.0,2025-10-17T14:39:00+08:00,2025-10-17T14:44:00+08:00
R0001770,T0047342,U015746,TPE150,150.0,2025-09-09T01:05:00+08:00,2025-09-09T01:18:00+08:00
R0001771,T0047343,U009520,TPE100,100.0,2025-10-12T09:55:00+08:00,2025-10-12T10:02:00+08:00
R0001772,T0047345,U015061,TPE150,9999,2025-10-20T23:08:00+08:00,2025-10-20T23:12:00+08:00
R0001773,T0047347,U005525,TPE150,150.0,2025-10-24T12:06:00+08:00,2025-10-24T12:17:00+08:00
R0001774,T0047348,U026190,TPE100,100.0,2025-10-19T10:33:00+08:00,2025-10-19T10:45:00+08:00
R0001775,T0047349,U012755,TPE100,100.0,2025-09-25T02:42:00+08:00,2025-09-25T02:48:00+08:00
R0001776,T0047350,U003735,TPE150,150.0,2025-09-07T09:52:00+08:00,2025-09-07T10:02:00+08:00
R0001777,T0047352,U008890,TPE100,100.0,2025-09-16T04:49:00+08:00,2025-09-16T05:01:00+08:00
R0001778,T0047353,U013080,TPE100,100.0,2025-10-11T02:20:00+08:00,2025-10-11T02:27:00+08:00
R0001779,T0047354,U013080,LOCAL100,100.0,2025-10-15T04:50:00+08:00,2025-10-15T05:02:00+08:00
R0001780,T0047355,U021184,TPE150,150.0,2025-10-12T01:11:00+08:00,2025-10-12T01:18:00+08:00
R0001781,T0047356,U004418,TPE100,100.0,2025-10-20T03:24:00+08:00,2025-10-20T03:37:00+08:00
R0001782,T0047359,U001115,TPE100,100.0,2025-10-17T16:52:00+08:00,2025-10-17T17:00:00+08:00
R0001783,T0047360,U016861,TPE150,150.0,2025-10-13T04:29:00+08:00,2025-10-13T04:37:00+08:00
R0001784,T0047362,U023806,TPE150,150.0,2025-09-27T01:37:00+08:00,2025-09-27T01:49:00+08:00
R0001785,T0047363,U017534,TPE150,150.0,2025-10-13T04:16:00+08:00,2025-10-13T04:16:00+08:00
R0001786,T0047364,U022260,TPE100,100.0,2025-10-20T09:50:00+08:00,2025-10-20T10:04:00+08:00
R0001787,T0047365,U016750,TPE150,150.0,2025-09-25T00:52:00+08:00,2025-09-25T01:04:00+08:00
R0001788,T0047366,U018491,TPE150,150.0,2025-09-01T10:08:00+08:00,2025-09-01T10:13:00+08:00
R0001789,T0047367,U023494,TPE100,100.0,2025-09-04T11:52:00+08:00,2025-09-04T12:07:00+08:00
R0001790,T0047368,U023494,LOCAL100,100.0,2025-09-05T19:50:00+08:00,2025-09-05T20:00:00+08:00
R0001791,T0047369,U025675,TPE100,100.0,2025-09-21T08:38:00+08:00,2025-09-21T08:52:00+08:00
R0001792,T0047371,U006449,TPE100,100.0,2025-10-15T01:27:00+08:00,2025-10-15T01:34:00+08:00
R0001793,T0047372,U006449,LOCAL100,100.0,2025-10-21T08:23:00+08:00,2025-10-21T08:38:00+08:00
R0001794,T0047373,U010767,TPE100,100.0,2025-10-15T23:40:00+08:00,2025-10-15T23:47:00+08:00
R0001795,T0047374,U014219,TPE100,100.0,2025-09-16T12:19:00+08:00,2025-09-16T12:25:00+08:00
R0001796,T0047375,U021164,TPE100,100.0,2025-10-23T17:08:00+08:00,2025-10-23T17:15:00+08:00
R0001797,T0047376,U020723,TPE150,150.0,2025-10-02T02:14:00+08:00,2025-10-02T02:14:00+08:00
R0001798,T0047379,U020938,TPE100,100.0,2025-09-12T11:42:00+08:00,2025-09-12T11:50:00+08:00
R0001799,T0047380,U020938,LOCAL100,100.0,2025-09-17T14:29:00+08:00,2025-09-17T14:36:00+08:00
R0001800,T0047382,U018223,TPE100,100.0,2025-09-30T08:28:00+08:00,2025-09-30T08:30:00+08:00
R0001801,T0047383,U018223,LOCAL100,100.0,2025-10-04T09:03:00+08:00,2025-10-04T09:05:00+08:00
R0001802,T0047384,U003211,TPE150,150.0,2025-09-15T23:39:00+08:00,2025-09-15T23:48:00+08:00
R0001803,T0047386,U015298,TPE100,100.0,2025-10-19T20:46:00+08:00,2025-10-19T20:53:00+08:00
R0001804,T0047387,U027371,TPE100,100.0,2025-09-16T09:57:00+08:00,2025-09-16T10:05:00+08:00
R0001805,T0047388,U027371,LOCAL100,100.0,2025-09-18T11:32:00+08:00,2025-09-18T11:37:00+08:00
R0001806,T0047390,U012084,TPE100,100.0,2025-09-07T07:57:00+08:00,2025-09-07T08:07:00+08:00
R0001807,T0047392,U019118,TPE150,150.0,2025-09-16T10:17:00+08:00,2025-09-16T10:29:00+08:00
R0001808,T0047393,U007175,TPE100,100.0,2025-09-12T08:55:00+08:00,2025-09-12T08:58:00+08:00
R0001809,T0047395,U019334,TPE100,100.0,2025-09-24T22:35:00+08:00,2025-09-24T22:37:00+08:00
R0001810,T0047397,U016518,TPE150,150.0,2025-10-01T01:54:00+08:00,2025-10-01T01:57:00+08:00
R0001811,T0047399,U023467,TPE150,150.0,2025-10-25T01:59:00+08:00,2025-10-25T02:08:00+08:00
R0001812,T0047400,U022350,TPE100,100.0,2025-10-07T07:19:00+08:00,2025-10-07T07:29:00+08:00
R0001813,T0047401,U007074,TPE150,150.0,2025-10-11T09:28:00+08:00,2025-10-11T09:30:00+08:00
R0001814,T0047402,U021671,TPE150,150.0,2025-10-21T14:06:00+08:00,2025-10-21T14:11:00+08:00
R0001815,T0047403,U016591,TPE100,100.0,2025-09-30T09:05:00+08:00,2025-09-30T09:10:00+08:00
R0001816,T0047404,U016591,LOCAL100,100.0,2025-10-06T10:31:00+08:00,2025-10-06T10:40:00+08:00
R0001817,T0047405,U009061,TPE150,150.0,2025-09-07T12:13:00+08:00,2025-09-07T12:21:00+08:00
R0001818,T0047406,U012100,TPE150,150.0,2025-09-09T01:18:00+08:00,2025-09-09T01:24:00+08:00
R0001819,T0047407,U019200,TPE150,150.0,2025-10-11T13:22:00+08:00,2025-10-11T13:37:00+08:00
R0001820,T0047410,U025102,TPE150,150.0,2025-10-18T14:54:00+08:00,2025-10-18T14:56:00+08:00
R0001821,T0047411,U022325,TPE150,150.0,2025-09-25T10:21:00+08:00,2025-09-25T10:25:00+08:00
R0001822,T0047412,U020398,TPE150,150.0,2025-09-27T09:40:00+08:00,2025-09-27T09:54:00+08:00
R0001823,T0047413,U028797,TPE150,150.0,2025-09-10T18:31:00+08:00,2025-09-10T18:37:00+08:00
R0001824,T0047414,U018202,TPE100,100.0,2025-09-21T06:56:00+08:00,2025-09-21T07:00:00+08:00
R0001825,T0047415,U002782,TPE100,100.0,2025-09-04T01:29:00+08:00,2025-09-04T01:44:00+08:00
R0001826,T0047416,U002782,LOCAL100,100.0,2025-09-08T12:03:00+08:00,2025-09-08T12:06:00+08:00
R0001827,T0047417,U012176,TPE150,150.0,2025-09-26T00:32:00+08:00,2025-09-26T00:45:00+08:00
R0001828,T0047418,U007097,TPE150,150.0,2025-09-08T19:48:00+08:00,2025-09-08T19:50:00+08:00
R0001829,T0047420,U028293,TPE150,150.0,2025-10-14T12:27:00+08:00,2025-10-14T12:31:00+08:00
R0001830,T0047421,U021141,TPE150,150.0,2025-09-14T17:36:00+08:00,2025-09-14T17:42:00+08:00
R0001831,T0047423,U019055,TPE150,9999,2025-09-04T07:35:00+08:00,2025-09-04T07:37:00+08:00
R0001832,T0047424,U014171,TPE100,100.0,2025-10-17T09:41:00+08:00,2025-10-17T09:49:00+08:00
R0001833,T0047426,U021523,TPE150,150.0,2025-09-01T07:50:00+08:00,2025-09-01T07:55:00+08:00
R0001834,T0047427,U022710,TPE150,150.0,2025-09-15T08:49:00+08:00,2025-09-15T09:04:00+08:00
R0001835,T0047428,U017492,TPE100,100.0,2025-09-16T11:50:00+08:00,2025-09-16T11:51:00+08:00
R0001836,T0047431,U010628,TPE100,100.0,2025-10-06T09:17:00+08:00,2025-10-06T09:30:00+08:00
R0001837,T0047432,U010628,LOCAL100,100.0,2025-10-08T20:16:00+08:00,2025-10-08T20:31:00+08:00
R0001838,T0047433,U025932,TPE100,100.0,2025-09-30T02:13:00+08:00,2025-09-30T02:13:00+08:00
R0001839,T0047435,U000203,TPE100,100.0,2025-10-17T01:57:00+08:00,2025-10-17T02:06:00+08:00
R0001840,T0047436,U003276,TPE150,150.0,2025-10-23T13:43:00+08:00,2025-10-23T13:54:00+08:00
R0001841,T0047437,U013435,TPE150,150.0,2025-09-24T07:43:00+08:00,2025-09-24T07:56:00+08:00
R0001842,T0047438,U024378,TPE150,150.0,2025-09-28T15:33:00+08:00,2025-09-28T15:37:00+08:00
R0001843,T0047439,U021934,TPE150,150.0,2025-09-07T02:12:00+08:00,2025-09-07T02:26:00+08:00
R0001844,T0047440,U022719,TPE150,150.0,2025-09-16T01:13:00+08:00,2025-09-16T01:14:00+08:00
R0001845,T0047441,U018248,TPE150,150.0,2025-09-08T15:23:00+08:00,2025-09-08T15:37:00+08:00
R0001846,T0047442,U015496,TPE150,150.0,2025-09-23T16:51:00+08:00,2025-09-23T17:02:00+08:00
R0001847,T0047443,U006946,TPE150,150.0,2025-10-08T17:58:00+08:00,2025-10-08T18:12:00+08:00
R0001848,T0047444,U002783,TPE150,150.0,2025-10-23T05:19:00+08:00,2025-10-23T05:29:00+08:00
R0001849,T0047447,U010046,TPE150,150.0,2025-09-21T08:46:00+08:00,2025-09-21T08:58:00+08:00
R0001850,T0047449,U017610,TPE100,100.0,2025-09-22T22:04:00+08:00,2025-09-22T22:09:00+08:00
R0001851,T0047450,U012849,TPE150,150.0,2025-10-07T23:32:00+08:00,2025-10-07T23:40:00+08:00
R0001852,T0047452,U028325,TPE150,150.0,2025-09-26T07:37:00+08:00,2025-09-26T07:42:00+08:00
R0001853,T0047453,U007419,TPE150,150.0,2025-10-19T13:34:00+08:00,2025-10-19T13:35:00+08:00
R0001854,T0047454,U025759,TPE150,150.0,2025-09-09T17:05:00+08:00,2025-09-09T17:06:00+08:00
R0001855,T0047455,U007095,TPE100,100.0,2025-09-19T15:11:00+08:00,2025-09-19T15:11:00+08:00
R0001856,T0047458,U011550,TPE150,150.0,2025-09-29T19:17:00+08:00,2025-09-29T19:30:00+08:00
R0001857,T0047459,U004238,TPE100,100.0,2025-09-24T17:55:00+08:00,2025-09-24T18:08:00+08:00
R0001858,T0047460,U013120,TPE150,150.0,2025-10-13T04:22:00+08:00,2025-10-13T04:32:00+08:00
R0001859,T0047462,U024757,TPE150,150.0,2025-09-26T16:06:00+08:00,2025-09-26T16:17:00+08:00
R0001860,T0047463,U016353,TPE100,100.0,2025-09-08T13:39:00+08:00,2025-09-08T13:40:00+08:00
R0001861,T0047464,U002114,TPE150,150.0,2025-09-28T02:53:00+08:00,2025-09-28T02:54:00+08:00
R0001862,T0047465,U009126,TPE100,100.0,2025-09-22T00:25:00+08:00,2025-09-22T00:34:00+08:00
R0001863,T0047468,U021670,TPE150,150.0,2025-09-14T10:03:00+08:00,2025-09-14T10:03:00+08:00
R0001864,T0047470,U011003,TPE150,150.0,2025-09-27T02:55:00+08:00,2025-09-27T03:05:00+08:00
R0001865,T0047471,U001824,TPE150,150.0,2025-09-13T09:40:00+08:00,2025-09-13T09:43:00+08:00
R0001866,T0047473,U001236,TPE150,150.0,2025-09-18T07:46:00+08:00,2025-09-18T07:53:00+08:00
R0001867,T0047475,U020412,TPE150,150.0,2025-09-29T09:19:00+08:00,2025-09-29T09:19:00+08:00
R0001868,T0047477,U019733,TPE100,100.0,2025-10-01T10:21:00+08:00,2025-10-01T10:21:00+08:00
R0001869,T0047478,U019733,LOCAL100,100.0,2025-10-03T22:11:00+08:00,2025-10-03T22:11:00+08:00
R0001870,T0047479,U011814,TPE150,150.0,2025-10-08T20:08:00+08:00,2025-10-08T20:23:00+08:00
R0001871,T0047480,U028713,TPE100,100.0,2025-10-15T10:40:00+08:00,2025-10-15T10:48:00+08:00
R0001872,T0047482,U028258,TPE100,100.0,2025-09-29T12:54:00+08:00,2025-09-29T13:09:00+08:00
R0001873,T0047483,U025806,TPE150,150.0,2025-09-01T12:49:00+08:00,2025-09-01T12:59:00+08:00
R0001874,T0047484,U010173,TPE150,150.0,2025-09-27T16:34:00+08:00,2025-09-27T16:45:00+08:00
R0001875,T0047485,U002878,TPE150,150.0,2025-09-09T21:57:00+08:00,2025-09-09T22:03:00+08:00
R0001876,T0047486,U027157,TPE150,150.0,2025-09-09T19:05:00+08:00,2025-09-09T19:15:00+08:00
R0001877,T0047487,U013832,TPE150,150.0,2025-10-22T19:46:00+08:00,2025-10-22T19:51:00+08:00
R0001878,T0047489,U002263,TPE150,150.0,2025-09-25T04:42:00+08:00,2025-09-25T04:43:00+08:00
R0001879,T0047490,U005132,TPE100,100.0,2025-10-10T02:15:00+08:00,2025-10-10T02:27:00+08:00
R0001880,T0047491,U001954,TPE150,150.0,2025-09-30T00:02:00+08:00,2025-09-30T00:07:00+08:00
R0001881,T0047492,U005160,TPE150,150.0,2025-09-28T01:24:00+08:00,2025-09-28T01:28:00+08:00
R0001882,T0047493,U011044,TPE100,100.0,2025-09-06T06:16:00+08:00,2025-09-06T06:19:00+08:00
R0001883,T0047494,U015960,TPE100,100.0,2025-09-18T03:28:00+08:00,2025-09-18T03:33:00+08:00
R0001884,T0047495,U006500,TPE150,150.0,2025-09-25T07:57:00+08:00,2025-09-25T08:05:00+08:00
R0001885,T0047496,U000243,TPE100,100.0,2025-10-25T06:16:00+08:00,2025-10-25T06:27:00+08:00
R0001886,T0047497,U005135,TPE150,150.0,2025-09-07T05:03:00+08:00,2025-09-07T05:11:00+08:00
R0001887,T0047500,U029652,TPE150,150.0,2025-09-16T09:19:00+08:00,2025-09-16T09:22:00+08:00
R0001888,T0047502,U026685,TPE100,100.0,2025-10-16T17:43:00+08:00,2025-10-16T17:49:00+08:00
R0001889,T0047504,U026870,TPE150,150.0,2025-10-09T03:05:00+08:00,2025-10-09T03:05:00+08:00
R0001890,T0047506,U011736,TPE150,150.0,2025-09-27T18:43:00+08:00,2025-09-27T18:48:00+08:00
R0001891,T0047507,U012697,TPE150,150.0,2025-10-23T11:19:00+08:00,2025-10-23T11:31:00+08:00
R0001892,T0047509,U021532,TPE100,100.0,2025-10-21T10:17:00+08:00,2025-10-21T10:26:00+08:00
R0001893,T0047511,U023845,TPE100,100.0,2025-09-02T07:56:00+08:00,2025-09-02T07:57:00+08:00
R0001894,T0047513,U020728,TPE100,100.0,2025-10-09T04:34:00+08:00,2025-10-09T04:42:00+08:00
R0001895,T0047514,U011652,TPE100,100.0,2025-10-13T01:36:00+08:00,2025-10-13T01:40:00+08:00
R0001896,T0047515,U018828,TPE100,100.0,2025-10-10T23:46:00+08:00,2025-10-10T23:52:00+08:00
R0001897,T0047516,U018828,LOCAL100,100.0,2025-10-12T01:19:00+08:00,2025-10-12T01:22:00+08:00
R0001898,T0047517,U008543,TPE100,100.0,2025-10-07T11:51:00+08:00,2025-10-07T11:54:00+08:00
R0001899,T0047518,U020881,TPE150,150.0,2025-09-30T03:46:00+08:00,2025-09-30T03:47:00+08:00
R0001900,T0047519,U005315,TPE150,150.0,2025-10-12T12:03:00+08:00,2025-10-12T12:14:00+08:00
R0001901,T0047520,U006686,TPE150,150.0,2025-10-10T02:52:00+08:00,2025-10-10T02:54:00+08:00
R0001902,T0047522,U026456,TPE150,150.0,2025-10-23T22:49:00+08:00,2025-10-23T22:57:00+08:00
R0001903,T0047523,U029955,TPE100,100.0,2025-10-08T11:09:00+08:00,2025-10-08T11:11:00+08:00
R0001904,T0047524,U015337,TPE100,100.0,2025-09-15T08:07:00+08:00,2025-09-15T08:19:00+08:00
R0001905,T0047525,U023836,TPE150,150.0,2025-09-18T14:46:00+08:00,2025-09-18T14:57:00+08:00
R0001906,T0047526,U010245,TPE150,150.0,2025-10-18T01:55:00+08:00,2025-10-18T02:02:00+08:00
R0001907,T0047528,U004198,TPE100,100.0,2025-10-17T09:44:00+08:00,2025-10-17T09:49:00+08:00
R0001908,T0047529,U003930,TPE100,100.0,2025-09-29T03:30:00+08:00,2025-09-29T03:41:00+08:00
R0001909,T0047530,U024586,TPE150,150.0,2025-09-03T20:08:00+08:00,2025-09-03T20:17:00+08:00
R0001910,T0047532,U027996,TPE100,100.0,2025-09-25T02:14:00+08:00,2025-09-25T02:22:00+08:00
R0001911,T0047533,U017697,TPE150,150.0,2025-09-26T07:53:00+08:00,2025-09-26T08:08:00+08:00
R0001912,T0047535,U026661,TPE100,100.0,2025-10-26T08:39:00+08:00,2025-10-26T08:40:00+08:00
R0001913,T0047536,U003534,TPE100,100.0,2025-09-12T23:48:00+08:00,2025-09-12T23:51:00+08:00
R0001914,T0047537,U003534,LOCAL100,100.0,2025-09-15T09:37:00+08:00,2025-09-15T09:51:00+08:00
R0001915,T0047538,U005864,TPE150,150.0,2025-10-25T12:27:00+08:00,2025-10-25T12:39:00+08:00
R0001916,T0047540,U019084,TPE100,100.0,2025-10-15T08:07:00+08:00,2025-10-15T08:21:00+08:00
R0001917,T0047541,U019084,LOCAL100,100.0,2025-10-20T22:28:00+08:00,2025-10-20T22:42:00+08:00
R0001918,T0047542,U007261,TPE100,100.0,2025-10-23T10:06:00+08:00,2025-10-23T10:15:00+08:00
R0001919,T0047543,U007261,LOCAL100,100.0,2025-10-24T19:49:00+08:00,2025-10-24T19:57:00+08:00
R0001920,T0047544,U002847,TPE100,100.0,2025-10-27T01:33:00+08:00,2025-10-27T01:36:00+08:00
R0001921,T0047546,U009608,TPE100,100.0,2025-09-25T16:26:00+08:00,2025-09-25T16:33:00+08:00
R0001922,T0047547,U009608,LOCAL100,100.0,2025-09-26T20:54:00+08:00,2025-09-26T21:03:00+08:00
R0001923,T0047548,U011186,TPE100,100.0,2025-09-08T02:39:00+08:00,2025-09-08T02:50:00+08:00
R0001924,T0047549,U023493,TPE150,150.0,2025-10-19T03:51:00+08:00,2025-10-19T04:06:00+08:00
R0001925,T0047552,U021197,TPE100,100.0,2025-09-05T13:14:00+08:00,2025-09-05T13:16:00+08:00
R0001926,T0047553,U006030,TPE100,100.0,2025-09-22T09:14:00+08:00,2025-09-22T09:23:00+08:00
R0001927,T0047554,U015124,TPE150,150.0,2025-09-19T13:29:00+08:00,2025-09-19T13:30:00+08:00
R0001928,T0047557,U009243,TPE150,150.0,2025-09-07T02:40:00+08:00,2025-09-07T02:51:00+08:00
R0001929,T0047559,U020052,TPE100,100.0,2025-09-02T07:49:00+08:00,2025-09-02T08:04:00+08:00
R0001930,T0047563,U013823,TPE150,150.0,2025-10-25T20:02:00+08:00,2025-10-25T20:11:00+08:00
R0001931,T0047565,U005885,TPE100,100.0,2025-10-01T20:34:00+08:00,2025-10-01T20:39:00+08:00
R0001932,T0047566,U005885,LOCAL100,100.0,2025-10-06T08:21:00+08:00,2025-10-06T08:33:00+08:00
R0001933,T0047567,U016250,TPE150,150.0,2025-09-04T08:22:00+08:00,2025-09-04T08:28:00+08:00
R0001934,T0047568,U024081,TPE100,100.0,2025-09-28T10:50:00+08:00,2025-09-28T11:02:00+08:00
R0001935,T0047569,U005240,TPE100,100.0,2025-09-09T11:38:00+08:00,2025-09-09T11:45:00+08:00
R0001936,T0047570,U005240,LOCAL100,100.0,2025-09-13T06:29:00+08:00,2025-09-13T06:29:00+08:00
R0001937,T0047572,U005812,TPE100,100.0,2025-10-20T13:44:00+08:00,2025-10-20T13:45:00+08:00
R0001938,T0047573,U017043,TPE150,150.0,2025-09-30T19:24:00+08:00,2025-09-30T19:26:00+08:00
R0001939,T0047574,U000354,TPE150,150.0,2025-09-06T16:21:00+08:00,2025-09-06T16:28:00+08:00
R0001940,T0047575,U019239,TPE150,150.0,2025-09-10T01:02:00+08:00,2025-09-10T01:08:00+08:00
R0001941,T0047576,U027230,TPE100,100.0,2025-09-01T15:01:00+08:00,2025-09-01T15:05:00+08:00
R0001942,T0047577,U027230,LOCAL100,100.0,2025-09-07T21:01:00+08:00,2025-09-07T21:06:00+08:00
R0001943,T0047578,U017422,TPE150,150.0,2025-10-18T10:56:00+08:00,2025-10-18T10:59:00+08:00
R0001944,T0047579,U016791,TPE150,150.0,2025-09-13T23:45:00+08:00,2025-09-13T23:46:00+08:00
R0001945,T0047580,U022068,TPE100,100.0,2025-10-22T23:01:00+08:00,2025-10-22T23:02:00+08:00
R0001946,T0047581,U018391,TPE100,100.0,2025-09-03T08:23:00+08:00,2025-09-03T08:29:00+08:00
R0001947,T0047582,U018391,LOCAL100,100.0,2025-09-06T00:58:00+08:00,2025-09-06T01:01:00+08:00
R0001948,T0047585,U011632,TPE100,100.0,2025-09-20T22:57:00+08:00,2025-09-20T23:01:00+08:00
R0001949,T0047586,U011632,LOCAL100,100.0,2025-09-22T12:06:00+08:00,2025-09-22T12:20:00+08:00
R0001950,T0047588,U013441,TPE100,100.0,2025-09-26T18:25:00+08:00,2025-09-26T18:37:00+08:00
R0001951,T0047590,U008956,TPE100,9999,2025-10-13T06:06:00+08:00,2025-10-13T06:10:00+08:00
R0001952,T0047591,U008956,LOCAL100,100.0,2025-10-18T17:41:00+08:00,2025-10-18T17:45:00+08:00
R0001953,T0047592,U029229,TPE100,100.0,2025-10-05T11:55:00+08:00,2025-10-05T12:06:00+08:00
R0001954,T0047594,U029848,TPE100,100.0,2025-09-19T02:10:00+08:00,2025-09-19T02:19:00+08:00
R0001955,T0047595,U002314,TPE150,150.0,2025-09-28T15:48:00+08:00,2025-09-28T16:00:00+08:00
R0001956,T0047596,U006766,TPE100,100.0,2025-10-16T12:53:00+08:00,2025-10-16T12:59:00+08:00
R0001957,T0047597,U006766,LOCAL100,100.0,2025-10-18T23:52:00+08:00,2025-10-19T00:04:00+08:00
R0001958,T0047598,U017173,TPE100,100.0,2025-10-23T12:14:00+08:00,2025-10-23T12:22:00+08:00
R0001959,T0047599,U027636,TPE150,150.0,2025-09-05T00:34:00+08:00,2025-09-05T00:48:00+08:00
R0001960,T0047600,U015149,TPE100,100.0,2025-10-08T18:24:00+08:00,2025-10-08T18:27:00+08:00
R0001961,T0047602,U026189,TPE100,100.0,2025-10-08T02:43:00+08:00,2025-10-08T02:53:00+08:00
R0001962,T0047603,U026189,LOCAL100,100.0,2025-10-11T20:47:00+08:00,2025-10-11T20:50:00+08:00
R0001963,T0047604,U010168,TPE100,100.0,2025-09-25T07:44:00+08:00,2025-09-25T07:45:00+08:00
R0001964,T0047607,U028601,TPE150,150.0,2025-10-13T23:38:00+08:00,2025-10-13T23:43:00+08:00
R0001965,T0047608,U014796,TPE150,9999,2025-09-15T17:52:00+08:00,2025-09-15T18:06:00+08:00
R0001966,T0047611,U021079,TPE100,100.0,2025-09-01T08:40:00+08:00,2025-09-01T08:47:00+08:00
R0001967,T0047612,U021079,LOCAL100,100.0,2025-09-02T14:23:00+08:00,2025-09-02T14:24:00+08:00
R0001968,T0047613,U003451,TPE100,100.0,2025-09-13T01:07:00+08:00,2025-09-13T01:19:00+08:00
R0001969,T0047614,U003451,LOCAL100,100.0,2025-09-18T08:08:00+08:00,2025-09-18T08:15:00+08:00
R0001970,T0047616,U029633,TPE150,150.0,2025-10-14T01:44:00+08:00,2025-10-14T01:54:00+08:00
R0001971,T0047618,U026704,TPE150,150.0,2025-09-07T00:44:00+08:00,2025-09-07T00:57:00+08:00
R0001972,T0047619,U014354,TPE150,150.0,2025-10-01T20:46:00+08:00,2025-10-01T20:52:00+08:00
R0001973,T0047621,U012274,TPE150,150.0,2025-10-07T05:03:00+08:00,2025-10-07T05:04:00+08:00
R0001974,T0047623,U020241,TPE150,150.0,2025-09-17T08:58:00+08:00,2025-09-17T08:59:00+08:00
R0001975,T0047624,U002089,TPE100,100.0,2025-09-18T01:58:00+08:00,2025-09-18T02:08:00+08:00
R0001976,T0047625,U002089,LOCAL100,100.0,2025-09-21T07:52:00+08:00,2025-09-21T08:00:00+08:00
R0001977,T0047626,U022314,TPE100,100.0,2025-09-06T23:21:00+08:00,2025-09-06T23:28:00+08:00
R0001978,T0047627,U004137,TPE150,150.0,2025-09-06T22:43:00+08:00,2025-09-06T22:50:00+08:00
R0001979,T0047628,U007476,TPE150,150.0,2025-10-01T03:18:00+08:00,2025-10-01T03:20:00+08:00
R0001980,T0047629,U003411,TPE100,100.0,2025-10-11T21:58:00+08:00,2025-10-11T22:13:00+08:00
R0001981,T0047630,U005751,TPE100,100.0,2025-10-11T10:36:00+08:00,2025-10-11T10:40:00+08:00
R0001982,T0047632,U004956,TPE100,100.0,2025-09-04T19:54:00+08:00,2025-09-04T19:57:00+08:00
R0001983,T0047634,U000763,TPE150,150.0,2025-10-05T13:50:00+08:00,2025-10-05T13:50:00+08:00
R0001984,T0047635,U023284,TPE150,150.0,2025-09-05T08:11:00+08:00,2025-09-05T08:25:00+08:00
R0001985,T0047637,U009755,TPE100,100.0,2025-09-17T01:43:00+08:00,2025-09-17T01:57:00+08:00
R0001986,T0047639,U011206,TPE100,100.0,2025-09-10T08:30:00+08:00,2025-09-10T08:43:00+08:00
R0001987,T0047640,U011206,LOCAL100,100.0,2025-09-11T17:46:00+08:00,2025-09-11T17:54:00+08:00
R0001988,T0047641,U018721,TPE100,100.0,2025-10-15T00:31:00+08:00,2025-10-15T00:39:00+08:00
R0001989,T0047642,U018721,LOCAL100,100.0,2025-10-19T11:45:00+08:00,2025-10-19T12:00:00+08:00
R0001990,T0047643,U013119,TPE100,100.0,2025-09-08T01:08:00+08:00,2025-09-08T01:17:00+08:00
R0001991,T0047645,U015315,TPE100,100.0,2025-10-12T12:13:00+08:00,2025-10-12T12:22:00+08:00
R0001992,T0047646,U013827,TPE100,100.0,2025-09-28T08:27:00+08:00,2025-09-28T08:41:00+08:00
R0001993,T0047648,U022070,TPE150,150.0,2025-09-20T11:41:00+08:00,2025-09-20T11:43:00+08:00
R0001994,T0047649,U007907,TPE150,150.0,2025-09-16T08:08:00+08:00,2025-09-16T08:18:00+08:00
R0001995,T0047651,U001711,TPE150,150.0,2025-09-19T09:58:00+08:00,2025-09-19T10:13:00+08:00
R0001996,T0047652,U029666,TPE100,100.0,2025-10-02T01:51:00+08:00,2025-10-02T01:52:00+08:00
R0001997,T0047653,U019164,TPE100,100.0,2025-09-23T16:08:00+08:00,2025-09-23T16:15:00+08:00
R0001998,T0047654,U006975,TPE100,100.0,2025-10-13T08:38:00+08:00,2025-10-13T08:42:00+08:00
R0001999,T0047655,U006975,LOCAL100,100.0,2025-10-19T13:44:00+08:00,2025-10-19T13:46:00+08:00
R0002000,T0047656,U028500,TPE100,100.0,2025-10-05T19:10:00+08:00,2025-10-05T19:17:00+08:00
R0002001,T0047657,U013840,TPE100,100.0,2025-10-06T01:15:00+08:00,2025-10-06T01:23:00+08:00
R0002002,T0047658,U011834,TPE150,150.0,2025-09-29T17:04:00+08:00,2025-09-29T17:04:00+08:00
R0002003,T0047660,U008843,TPE150,150.0,2025-10-26T02:18:00+08:00,2025-10-26T02:21:00+08:00
R0002004,T0047661,U024772,TPE100,100.0,2025-09-05T15:51:00+08:00,2025-09-05T15:57:00+08:00
R0002005,T0047662,U004327,TPE100,100.0,2025-09-10T10:35:00+08:00,2025-09-10T10:40:00+08:00
R0002006,T0047663,U010827,TPE100,100.0,2025-10-16T22:16:00+08:00,2025-10-16T22:16:00+08:00
R0002007,T0047664,U010827,LOCAL100,100.0,2025-10-20T10:55:00+08:00,2025-10-20T11:05:00+08:00
R0002008,T0047665,U027154,TPE150,150.0,2025-09-08T11:14:00+08:00,2025-09-08T11:18:00+08:00
R0002009,T0047666,U022207,TPE100,100.0,2025-09-26T14:59:00+08:00,2025-09-26T15:09:00+08:00
R0002010,T0047668,U013250,TPE100,100.0,2025-09-15T01:48:00+08:00,2025-09-15T01:50:00+08:00
R0002011,T0047669,U018245,TPE100,100.0,2025-10-20T22:59:00+08:00,2025-10-20T23:00:00+08:00
R0002012,T0047670,U018245,LOCAL100,100.0,2025-10-26T01:26:00+08:00,2025-10-26T01:41:00+08:00
R0002013,T0047671,U012609,TPE100,100.0,2025-10-06T21:22:00+08:00,2025-10-06T21:30:00+08:00
R0002014,T0047672,U005752,TPE100,100.0,2025-10-16T17:44:00+08:00,2025-10-16T17:48:00+08:00
R0002015,T0047673,U027212,TPE100,100.0,2025-10-16T01:59:00+08:00,2025-10-16T02:14:00+08:00
R0002016,T0047674,U006144,TPE100,100.0,2025-09-20T21:16:00+08:00,2025-09-20T21:24:00+08:00
R0002017,T0047676,U028035,TPE150,150.0,2025-10-25T02:45:00+08:00,2025-10-25T03:00:00+08:00
R0002018,T0047677,U010204,TPE150,150.0,2025-09-08T19:06:00+08:00,2025-09-08T19:16:00+08:00
R0002019,T0047679,U025604,TPE100,100.0,2025-09-07T23:31:00+08:00,2025-09-07T23:41:00+08:00
R0002020,T0047680,U027178,TPE150,150.0,2025-09-21T10:20:00+08:00,2025-09-21T10:21:00+08:00
R0002021,T0047681,U029997,TPE100,100.0,2025-10-21T13:10:00+08:00,2025-10-21T13:25:00+08:00
R0002022,T0047682,U022480,TPE100,100.0,2025-09-23T03:20:00+08:00,2025-09-23T03:33:00+08:00
R0002023,T0047683,U022480,LOCAL100,100.0,2025-09-26T04:57:00+08:00,2025-09-26T05:06:00+08:00
R0002024,T0047684,U010703,TPE150,150.0,2025-09-27T21:16:00+08:00,2025-09-27T21:18:00+08:00
R0002025,T0047686,U017611,TPE150,150.0,2025-10-13T10:06:00+08:00,2025-10-13T10:21:00+08:00
R0002026,T0047687,U026018,TPE100,100.0,2025-10-24T18:08:00+08:00,2025-10-24T18:18:00+08:00
R0002027,T0047688,U018811,TPE150,150.0,2025-09-07T02:25:00+08:00,2025-09-07T02:26:00+08:00
R0002028,T0047690,U019560,TPE150,150.0,2025-10-06T23:58:00+08:00,2025-10-07T00:10:00+08:00
R0002029,T0047691,U002615,TPE100,100.0,2025-09-28T18:54:00+08:00,2025-09-28T19:07:00+08:00
R0002030,T0047692,U000688,TPE100,100.0,2025-10-08T08:49:00+08:00,2025-10-08T08:51:00+08:00
R0002031,T0047693,U000688,LOCAL100,100.0,2025-10-14T11:19:00+08:00,2025-10-14T11:29:00+08:00
R0002032,T0047694,U012493,TPE100,100.0,2025-09-16T11:29:00+08:00,2025-09-16T11:43:00+08:00
R0002033,T0047695,U012493,LOCAL100,100.0,2025-09-21T01:03:00+08:00,2025-09-21T01:17:00+08:00
R0002034,T0047696,U027102,TPE100,100.0,2025-10-01T12:45:00+08:00,2025-10-01T12:53:00+08:00
R0002035,T0047697,U004700,TPE100,100.0,2025-10-09T09:15:00+08:00,2025-10-09T09:30:00+08:00
R0002036,T0047698,U024897,TPE100,100.0,2025-10-04T16:12:00+08:00,2025-10-04T16:24:00+08:00
R0002037,T0047699,U024897,LOCAL100,100.0,2025-10-08T01:22:00+08:00,2025-10-08T01:28:00+08:00
R0002038,T0047700,U026763,TPE100,100.0,2025-10-05T10:41:00+08:00,2025-10-05T10:52:00+08:00
R0002039,T0047701,U017054,TPE100,100.0,2025-10-24T11:21:00+08:00,2025-10-24T11:34:00+08:00
R0002040,T0047702,U023177,TPE100,100.0,2025-10-10T08:36:00+08:00,2025-10-10T08:45:00+08:00
R0002041,T0047703,U023177,LOCAL100,100.0,2025-10-13T15:53:00+08:00,2025-10-13T16:03:00+08:00
R0002042,T0047705,U025658,TPE150,150.0,2025-09-02T05:37:00+08:00,2025-09-02T05:39:00+08:00
R0002043,T0047706,U008574,TPE100,100.0,2025-09-15T00:49:00+08:00,2025-09-15T00:53:00+08:00
R0002044,T0047709,U003152,TPE150,150.0,2025-09-08T00:48:00+08:00,2025-09-08T00:58:00+08:00
R0002045,T0047711,U000607,TPE100,100.0,2025-10-22T12:26:00+08:00,2025-10-22T12:27:00+08:00
R0002046,T0047712,U000607,LOCAL100,100.0,2025-10-26T18:31:00+08:00,2025-10-26T18:36:00+08:00
R0002047,T0047713,U012293,TPE100,100.0,2025-10-25T07:47:00+08:00,2025-10-25T07:57:00+08:00
R0002048,T0047714,U012293,LOCAL100,100.0,2025-10-28T20:31:00+08:00,2025-10-28T20:34:00+08:00
R0002049,T0047715,U025830,TPE100,100.0,2025-10-11T23:24:00+08:00,2025-10-11T23:34:00+08:00
R0002050,T0047716,U015685,TPE100,100.0,2025-09-14T09:18:00+08:00,2025-09-14T09:28:00+08:00
R0002051,T0047717,U015685,LOCAL100,100.0,2025-09-21T00:31:00+08:00,2025-09-21T00:46:00+08:00
R0002052,T0047718,U001909,TPE100,100.0,2025-09-11T23:48:00+08:00,2025-09-11T23:53:00+08:00
R0002053,T0047720,U008251,TPE100,100.0,2025-10-26T09:33:00+08:00,2025-10-26T09:33:00+08:00
R0002054,T0047721,U008251,LOCAL100,100.0,2025-10-28T16:13:00+08:00,2025-10-28T16:25:00+08:00
R0002055,T0047722,U017395,TPE100,100.0,2025-09-15T10:09:00+08:00,2025-09-15T10:15:00+08:00
R0002056,T0047724,U028078,TPE150,150.0,2025-09-14T02:17:00+08:00,2025-09-14T02:21:00+08:00
R0002057,T0047726,U025317,TPE150,150.0,2025-09-20T23:41:00+08:00,2025-09-20T23:45:00+08:00
R0002058,T0047727,U022326,TPE150,150.0,2025-09-17T14:07:00+08:00,2025-09-17T14:13:00+08:00
R0002059,T0047728,U001609,TPE100,100.0,2025-09-08T01:09:00+08:00,2025-09-08T01:14:00+08:00
R0002060,T0047729,U016231,TPE100,100.0,2025-09-09T17:59:00+08:00,2025-09-09T18:09:00+08:00
R0002061,T0047732,U021104,TPE100,100.0,2025-09-21T05:34:00+08:00,2025-09-21T05:40:00+08:00
R0002062,T0047733,U008963,TPE150,150.0,2025-09-23T23:50:00+08:00,2025-09-23T23:53:00+08:00
R0002063,T0047734,U010166,TPE100,100.0,2025-09-16T14:52:00+08:00,2025-09-16T15:04:00+08:00
R0002064,T0047736,U005627,TPE150,150.0,2025-10-23T13:31:00+08:00,2025-10-23T13:35:00+08:00
R0002065,T0047737,U013515,TPE100,100.0,2025-09-09T08:17:00+08:00,2025-09-09T08:21:00+08:00
R0002066,T0047738,U013515,LOCAL100,100.0,2025-09-11T17:54:00+08:00,2025-09-11T18:01:00+08:00
R0002067,T0047739,U021802,TPE100,100.0,2025-09-25T10:07:00+08:00,2025-09-25T10:08:00+08:00
R0002068,T0047740,U021802,LOCAL100,100.0,2025-10-02T03:21:00+08:00,2025-10-02T03:30:00+08:00
R0002069,T0047741,U027258,TPE150,150.0,2025-09-06T05:09:00+08:00,2025-09-06T05:23:00+08:00
R0002070,T0047742,U029023,TPE150,150.0,2025-09-11T18:24:00+08:00,2025-09-11T18:32:00+08:00
R0002071,T0047743,U029473,TPE100,100.0,2025-10-19T13:06:00+08:00,2025-10-19T13:07:00+08:00
R0002072,T0047744,U006606,TPE100,100.0,2025-09-08T10:26:00+08:00,2025-09-08T10:39:00+08:00
R0002073,T0047745,U006606,LOCAL100,100.0,2025-09-13T01:37:00+08:00,2025-09-13T01:42:00+08:00
R0002074,T0047747,U020339,TPE100,100.0,2025-10-10T12:55:00+08:00,2025-10-10T12:55:00+08:00
R0002075,T0047748,U002067,TPE150,150.0,2025-10-13T09:50:00+08:00,2025-10-13T09:51:00+08:00
R0002076,T0047750,U007288,TPE150,150.0,2025-09-12T16:04:00+08:00,2025-09-12T16:09:00+08:00
R0002077,T0047751,U023047,TPE150,150.0,2025-10-25T01:38:00+08:00,2025-10-25T01:47:00+08:00
R0002078,T0047752,U024627,TPE150,150.0,2025-10-11T12:15:00+08:00,2025-10-11T12:30:00+08:00
R0002079,T0047756,U000450,TPE150,150.0,2025-10-21T21:26:00+08:00,2025-10-21T21:31:00+08:00
R0002080,T0047757,U023533,TPE150,150.0,2025-10-20T07:22:00+08:00,2025-10-20T07:37:00+08:00
R0002081,T0047758,U012206,TPE150,150.0,2025-09-07T18:45:00+08:00,2025-09-07T18:52:00+08:00
R0002082,T0047759,U011580,TPE150,150.0,2025-09-06T05:31:00+08:00,2025-09-06T05:35:00+08:00
R0002083,T0047760,U010174,TPE100,100.0,2025-09-12T23:03:00+08:00,2025-09-12T23:10:00+08:00
R0002084,T0047761,U014449,TPE150,150.0,2025-09-09T15:18:00+08:00,2025-09-09T15:18:00+08:00
R0002085,T0047763,U025269,TPE150,150.0,2025-10-12T18:43:00+08:00,2025-10-12T18:58:00+08:00
R0002086,T0047764,U016304,TPE150,150.0,2025-10-17T14:04:00+08:00,2025-10-17T14:04:00+08:00
R0002087,T0047766,U025467,TPE100,100.0,2025-09-02T12:16:00+08:00,2025-09-02T12:16:00+08:00
R0002088,T0047767,U025467,LOCAL100,100.0,2025-09-07T20:55:00+08:00,2025-09-07T21:06:00+08:00
R0002089,T0047768,U024914,TPE150,150.0,2025-09-29T11:33:00+08:00,2025-09-29T11:46:00+08:00
R0002090,T0047769,U007209,TPE150,150.0,2025-09-17T04:06:00+08:00,2025-09-17T04:08:00+08:00
R0002091,T0047770,U011174,TPE150,150.0,2025-10-01T17:53:00+08:00,2025-10-01T18:02:00+08:00
R0002092,T0047771,U028958,TPE100,100.0,2025-10-04T23:21:00+08:00,2025-10-04T23:22:00+08:00
R0002093,T0047772,U028958,LOCAL100,100.0,2025-10-11T17:07:00+08:00,2025-10-11T17:09:00+08:00
R0002094,T0047773,U018771,TPE100,100.0,2025-10-15T08:10:00+08:00,2025-10-15T08:13:00+08:00
R0002095,T0047774,U018771,LOCAL100,100.0,2025-10-16T11:48:00+08:00,2025-10-16T11:51:00+08:00
R0002096,T0047775,U011611,TPE150,9999,2025-09-10T11:55:00+08:00,2025-09-10T11:57:00+08:00
R0002097,T0047778,U013953,TPE150,150.0,2025-10-02T12:35:00+08:00,2025-10-02T12:48:00+08:00
R0002098,T0047779,U028682,TPE100,100.0,2025-10-18T00:29:00+08:00,2025-10-18T00:41:00+08:00
R0002099,T0047780,U013069,TPE150,150.0,2025-09-28T08:57:00+08:00,2025-09-28T09:08:00+08:00
R0002100,T0047781,U008784,TPE150,150.0,2025-09-09T17:18:00+08:00,2025-09-09T17:29:00+08:00
R0002101,T0047782,U008743,TPE100,100.0,2025-09-03T10:29:00+08:00,2025-09-03T10:31:00+08:00
R0002102,T0047783,U013419,TPE150,150.0,2025-10-26T21:04:00+08:00,2025-10-26T21:14:00+08:00
R0002103,T0047784,U019961,TPE150,150.0,2025-10-02T02:27:00+08:00,2025-10-02T02:27:00+08:00
R0002104,T0047786,U013201,TPE100,100.0,2025-10-14T11:43:00+08:00,2025-10-14T11:50:00+08:00
R0002105,T0047787,U009443,TPE100,100.0,2025-09-10T11:57:00+08:00,2025-09-10T12:06:00+08:00
R0002106,T0047788,U009443,LOCAL100,100.0,2025-09-16T05:13:00+08:00,2025-09-16T05:13:00+08:00
R0002107,T0047789,U022575,TPE100,100.0,2025-10-20T02:09:00+08:00,2025-10-20T02:09:00+08:00
R0002108,T0047790,U022575,LOCAL100,100.0,2025-10-21T07:14:00+08:00,2025-10-21T07:21:00+08:00
R0002109,T0047792,U016522,TPE100,100.0,2025-09-12T11:49:00+08:00,2025-09-12T11:53:00+08:00
R0002110,T0047793,U016522,LOCAL100,100.0,2025-09-15T15:04:00+08:00,2025-09-15T15:16:00+08:00
R0002111,T0047794,U004497,TPE100,100.0,2025-10-10T07:07:00+08:00,2025-10-10T07:19:00+08:00
R0002112,T0047795,U014147,TPE150,150.0,2025-09-27T15:16:00+08:00,2025-09-27T15:27:00+08:00
R0002113,T0047796,U001545,TPE100,100.0,2025-09-25T11:46:00+08:00,2025-09-25T11:50:00+08:00
R0002114,T0047797,U004544,TPE100,100.0,2025-10-01T03:30:00+08:00,2025-10-01T03:42:00+08:00
R0002115,T0047798,U004544,LOCAL100,100.0,2025-10-02T07:10:00+08:00,2025-10-02T07:23:00+08:00
R0002116,T0047800,U027785,TPE100,100.0,2025-09-09T01:58:00+08:00,2025-09-09T02:05:00+08:00
R0002117,T0047802,U001628,TPE150,150.0,2025-10-20T12:07:00+08:00,2025-10-20T12:07:00+08:00
R0002118,T0047804,U013222,TPE100,100.0,2025-09-06T08:58:00+08:00,2025-09-06T09:07:00+08:00
R0002119,T0047807,U008335,TPE100,100.0,2025-10-03T02:01:00+08:00,2025-10-03T02:01:00+08:00
R0002120,T0047808,U008335,LOCAL100,100.0,2025-10-06T12:21:00+08:00,2025-10-06T12:32:00+08:00
R0002121,T0047811,U021792,TPE100,100.0,2025-09-02T11:14:00+08:00,2025-09-02T11:21:00+08:00
R0002122,T0047813,U001612,TPE150,150.0,2025-09-05T17:20:00+08:00,2025-09-05T17:29:00+08:00
R0002123,T0047814,U006271,TPE150,150.0,2025-10-04T08:58:00+08:00,2025-10-04T09:13:00+08:00
R0002124,T0047815,U015449,TPE150,150.0,2025-09-26T04:22:00+08:00,2025-09-26T04:34:00+08:00
R0002125,T0047816,U016592,TPE100,100.0,2025-10-16T17:49:00+08:00,2025-10-16T18:01:00+08:00
R0002126,T0047817,U010140,TPE150,150.0,2025-10-26T22:53:00+08:00,2025-10-26T23:00:00+08:00
R0002127,T0047820,U007127,TPE150,150.0,2025-09-15T08:30:00+08:00,2025-09-15T08:32:00+08:00
R0002128,T0047821,U012790,TPE100,100.0,2025-09-22T19:24:00+08:00,2025-09-22T19:31:00+08:00
R0002129,T0047822,U012790,LOCAL100,100.0,2025-09-26T22:17:00+08:00,2025-09-26T22:18:00+08:00
R0002130,T0047825,U004282,TPE100,100.0,2025-10-08T07:35:00+08:00,2025-10-08T07:42:00+08:00
R0002131,T0047827,U006310,TPE150,150.0,2025-09-19T01:07:00+08:00,2025-09-19T01:17:00+08:00
R0002132,T0047828,U020057,TPE150,150.0,2025-10-23T10:35:00+08:00,2025-10-23T10:47:00+08:00
R0002133,T0047829,U000153,TPE150,150.0,2025-10-19T05:28:00+08:00,2025-10-19T05:40:00+08:00
R0002134,T0047830,U017116,TPE100,100.0,2025-09-02T00:29:00+08:00,2025-09-02T00:39:00+08:00
R0002135,T0047831,U017116,LOCAL100,100.0,2025-09-05T07:19:00+08:00,2025-09-05T07:30:00+08:00
R0002136,T0047832,U027799,TPE100,100.0,2025-09-26T09:40:00+08:00,2025-09-26T09:40:00+08:00
R0002137,T0047833,U027799,LOCAL100,100.0,2025-09-29T00:12:00+08:00,2025-09-29T00:15:00+08:00
R0002138,T0047836,U002898,TPE100,100.0,2025-09-02T22:18:00+08:00,2025-09-02T22:22:00+08:00
R0002139,T0047838,U003954,TPE100,100.0,2025-09-06T02:41:00+08:00,2025-09-06T02:56:00+08:00
R0002140,T0047840,U003852,TPE100,100.0,2025-09-07T00:46:00+08:00,2025-09-07T00:56:00+08:00
R0002141,T0047841,U003852,LOCAL100,100.0,2025-09-13T18:11:00+08:00,2025-09-13T18:21:00+08:00
R0002142,T0047842,U013510,TPE150,150.0,2025-09-29T12:40:00+08:00,2025-09-29T12:48:00+08:00
R0002143,T0047844,U014687,TPE100,100.0,2025-10-18T09:55:00+08:00,2025-10-18T10:03:00+08:00
R0002144,T0047847,U000571,TPE100,100.0,2025-09-09T14:23:00+08:00,2025-09-09T14:24:00+08:00
R0002145,T0047850,U022828,TPE150,150.0,2025-09-17T07:46:00+08:00,2025-09-17T07:57:00+08:00
R0002146,T0047852,U024035,TPE150,150.0,2025-09-12T03:07:00+08:00,2025-09-12T03:21:00+08:00
R0002147,T0047853,U021930,TPE100,100.0,2025-09-22T03:27:00+08:00,2025-09-22T03:34:00+08:00
R0002148,T0047854,U024477,TPE150,150.0,2025-10-22T05:20:00+08:00,2025-10-22T05:34:00+08:00
R0002149,T0047855,U012383,TPE100,100.0,2025-10-08T16:12:00+08:00,2025-10-08T16:15:00+08:00
R0002150,T0047856,U009046,TPE100,100.0,2025-10-08T11:04:00+08:00,2025-10-08T11:05:00+08:00
R0002151,T0047857,U009046,LOCAL100,100.0,2025-10-15T03:03:00+08:00,2025-10-15T03:18:00+08:00
R0002152,T0047858,U002964,TPE150,150.0,2025-09-14T07:40:00+08:00,2025-09-14T07:55:00+08:00
R0002153,T0047859,U019674,TPE100,100.0,2025-10-05T00:45:00+08:00,2025-10-05T00:56:00+08:00
R0002154,T0047860,U022565,TPE150,150.0,2025-10-19T09:33:00+08:00,2025-10-19T09:37:00+08:00
R0002155,T0047861,U029682,TPE100,100.0,2025-09-08T11:57:00+08:00,2025-09-08T12:10:00+08:00
R0002156,T0047862,U014751,TPE100,100.0,2025-09-06T02:29:00+08:00,2025-09-06T02:34:00+08:00
R0002157,T0047863,U014751,LOCAL100,100.0,2025-09-09T18:01:00+08:00,2025-09-09T18:16:00+08:00
R0002158,T0047864,U000139,TPE150,150.0,2025-10-08T08:36:00+08:00,2025-10-08T08:44:00+08:00
R0002159,T0047865,U007336,TPE150,150.0,2025-09-28T08:28:00+08:00,2025-09-28T08:35:00+08:00
R0002160,T0047867,U017484,TPE100,100.0,2025-10-06T03:53:00+08:00,2025-10-06T03:58:00+08:00
R0002161,T0047868,U017484,LOCAL100,100.0,2025-10-09T13:34:00+08:00,2025-10-09T13:34:00+08:00
R0002162,T0047869,U010878,TPE100,100.0,2025-10-01T10:38:00+08:00,2025-10-01T10:42:00+08:00
R0002163,T0047872,U006501,TPE100,100.0,2025-10-04T01:47:00+08:00,2025-10-04T01:52:00+08:00
R0002164,T0047873,U006501,LOCAL100,100.0,2025-10-06T19:52:00+08:00,2025-10-06T20:05:00+08:00
R0002165,T0047875,U025556,TPE150,150.0,2025-09-29T13:01:00+08:00,2025-09-29T13:03:00+08:00
R0002166,T0047876,U028190,TPE150,150.0,2025-09-12T18:39:00+08:00,2025-09-12T18:43:00+08:00
R0002167,T0047878,U007684,TPE150,150.0,2025-09-18T02:28:00+08:00,2025-09-18T02:34:00+08:00
R0002168,T0047879,U014921,TPE150,150.0,2025-10-14T03:19:00+08:00,2025-10-14T03:26:00+08:00
R0002169,T0047880,U018618,TPE100,100.0,2025-09-01T15:31:00+08:00,2025-09-01T15:39:00+08:00
R0002170,T0047881,U018618,LOCAL100,100.0,2025-09-07T02:05:00+08:00,2025-09-07T02:14:00+08:00
R0002171,T0047882,U024302,TPE150,150.0,2025-09-12T23:53:00+08:00,2025-09-12T23:57:00+08:00
R0002172,T0047884,U021705,TPE150,150.0,2025-09-27T00:59:00+08:00,2025-09-27T01:00:00+08:00
R0002173,T0047885,U029562,TPE150,150.0,2025-09-01T04:28:00+08:00,2025-09-01T04:32:00+08:00
R0002174,T0047886,U004144,TPE150,150.0,2025-10-21T00:02:00+08:00,2025-10-21T00:11:00+08:00
R0002175,T0047889,U029056,TPE100,100.0,2025-10-11T03:35:00+08:00,2025-10-11T03:43:00+08:00
R0002176,T0047890,U012310,TPE100,100.0,2025-09-18T11:31:00+08:00,2025-09-18T11:45:00+08:00
R0002177,T0047891,U029076,TPE150,150.0,2025-10-22T09:58:00+08:00,2025-10-22T10:11:00+08:00
R0002178,T0047892,U028592,TPE150,150.0,2025-09-27T01:56:00+08:00,2025-09-27T02:11:00+08:00
R0002179,T0047893,U016579,TPE150,150.0,2025-09-11T10:43:00+08:00,2025-09-11T10:46:00+08:00
R0002180,T0047895,U016035,TPE100,100.0,2025-09-02T08:17:00+08:00,2025-09-02T08:29:00+08:00
R0002181,T0047896,U022397,TPE150,150.0,2025-10-16T18:07:00+08:00,2025-10-16T18:21:00+08:00
R0002182,T0047897,U011831,TPE100,100.0,2025-09-23T09:00:00+08:00,2025-09-23T09:06:00+08:00
R0002183,T0047899,U008615,TPE150,150.0,2025-10-05T09:22:00+08:00,2025-10-05T09:30:00+08:00
R0002184,T0047902,U015239,TPE100,100.0,2025-09-28T21:42:00+08:00,2025-09-28T21:53:00+08:00
R0002185,T0047903,U015239,LOCAL100,100.0,2025-10-01T00:01:00+08:00,2025-10-01T00:12:00+08:00
R0002186,T0047904,U005866,TPE150,150.0,2025-09-22T10:25:00+08:00,2025-09-22T10:29:00+08:00
R0002187,T0047905,U019006,TPE100,100.0,2025-09-27T11:27:00+08:00,2025-09-27T11:30:00+08:00
R0002188,T0047906,U019006,LOCAL100,100.0,2025-09-30T00:20:00+08:00,2025-09-30T00:29:00+08:00
R0002189,T0047908,U024452,TPE150,150.0,2025-10-21T19:45:00+08:00,2025-10-21T19:53:00+08:00
R0002190,T0047911,U002521,TPE100,100.0,2025-09-08T06:06:00+08:00,2025-09-08T06:21:00+08:00
R0002191,T0047912,U021287,TPE100,100.0,2025-09-21T03:47:00+08:00,2025-09-21T03:47:00+08:00
R0002192,T0047913,U014711,TPE100,100.0,2025-10-01T18:55:00+08:00,2025-10-01T18:59:00+08:00
R0002193,T0047914,U001844,TPE100,100.0,2025-09-13T09:46:00+08:00,2025-09-13T09:53:00+08:00
R0002194,T0047916,U025937,TPE100,100.0,2025-10-04T14:59:00+08:00,2025-10-04T15:03:00+08:00
R0002195,T0047917,U002021,TPE150,150.0,2025-10-26T00:19:00+08:00,2025-10-26T00:33:00+08:00
R0002196,T0047919,U004192,TPE150,150.0,2025-10-10T12:01:00+08:00,2025-10-10T12:03:00+08:00
R0002197,T0047921,U017134,TPE100,100.0,2025-10-08T21:53:00+08:00,2025-10-08T22:01:00+08:00
R0002198,T0047922,U007386,TPE100,100.0,2025-09-13T16:49:00+08:00,2025-09-13T17:00:00+08:00
R0002199,T0047923,U010500,TPE150,150.0,2025-09-22T22:53:00+08:00,2025-09-22T22:55:00+08:00
R0002200,T0047924,U027821,TPE100,100.0,2025-10-06T20:46:00+08:00,2025-10-06T21:00:00+08:00
R0002201,T0047925,U017294,TPE150,150.0,2025-10-10T18:35:00+08:00,2025-10-10T18:50:00+08:00
R0002202,T0047928,U014157,TPE100,100.0,2025-10-12T01:59:00+08:00,2025-10-12T02:11:00+08:00
R0002203,T0047929,U013758,TPE150,150.0,2025-10-20T05:01:00+08:00,2025-10-20T05:05:00+08:00
R0002204,T0047931,U017120,TPE150,150.0,2025-10-10T01:55:00+08:00,2025-10-10T02:06:00+08:00
R0002205,T0047933,U000820,TPE150,150.0,2025-10-03T00:42:00+08:00,2025-10-03T00:43:00+08:00
R0002206,T0047934,U014437,TPE100,100.0,2025-09-06T02:50:00+08:00,2025-09-06T02:52:00+08:00
R0002207,T0047936,U026574,TPE100,100.0,2025-10-23T08:59:00+08:00,2025-10-23T09:09:00+08:00
R0002208,T0047937,U025483,TPE150,150.0,2025-09-01T11:16:00+08:00,2025-09-01T11:30:00+08:00
R0002209,T0047938,U001874,TPE150,150.0,2025-10-19T03:25:00+08:00,2025-10-19T03:27:00+08:00
R0002210,T0047939,U025488,TPE150,150.0,2025-09-19T02:12:00+08:00,2025-09-19T02:22:00+08:00
R0002211,T0047941,U009397,TPE150,150.0,2025-10-14T17:31:00+08:00,2025-10-14T17:45:00+08:00
R0002212,T0047942,U025515,TPE150,9999,2025-09-24T20:00:00+08:00,2025-09-24T20:10:00+08:00
R0002213,T0047943,U003546,TPE100,100.0,2025-09-21T13:49:00+08:00,2025-09-21T13:57:00+08:00
R0002214,T0047944,U003546,LOCAL100,100.0,2025-09-25T06:01:00+08:00,2025-09-25T06:16:00+08:00
R0002215,T0047945,U005991,TPE150,150.0,2025-09-08T02:44:00+08:00,2025-09-08T02:57:00+08:00
R0002216,T0047947,U018881,TPE100,100.0,2025-09-24T08:30:00+08:00,2025-09-24T08:38:00+08:00
R0002217,T0047948,U018881,LOCAL100,100.0,2025-09-29T17:03:00+08:00,2025-09-29T17:18:00+08:00
R0002218,T0047949,U002039,TPE100,100.0,2025-10-16T01:31:00+08:00,2025-10-16T01:41:00+08:00
R0002219,T0047951,U015339,TPE150,150.0,2025-09-28T12:21:00+08:00,2025-09-28T12:33:00+08:00
R0002220,T0047952,U014618,TPE100,100.0,2025-10-07T19:45:00+08:00,2025-10-07T19:46:00+08:00
R0002221,T0047953,U016455,TPE100,100.0,2025-09-12T08:45:00+08:00,2025-09-12T08:50:00+08:00
R0002222,T0047954,U016455,LOCAL100,100.0,2025-09-15T21:34:00+08:00,2025-09-15T21:42:00+08:00
R0002223,T0047955,U020982,TPE150,150.0,2025-10-15T16:03:00+08:00,2025-10-15T16:03:00+08:00
R0002224,T0047956,U001577,TPE100,100.0,2025-09-08T09:18:00+08:00,2025-09-08T09:19:00+08:00
R0002225,T0047957,U006214,TPE100,100.0,2025-09-27T13:48:00+08:00,2025-09-27T14:03:00+08:00
R0002226,T0047958,U006214,LOCAL100,100.0,2025-09-30T23:21:00+08:00,2025-09-30T23:28:00+08:00
R0002227,T0047961,U020748,TPE100,100.0,2025-09-15T12:08:00+08:00,2025-09-15T12:11:00+08:00
R0002228,T0047962,U020748,LOCAL100,100.0,2025-09-18T20:41:00+08:00,2025-09-18T20:51:00+08:00
R0002229,T0047963,U009229,TPE150,150.0,2025-10-03T23:54:00+08:00,2025-10-04T00:02:00+08:00
R0002230,T0047964,U025446,TPE150,150.0,2025-09-12T23:17:00+08:00,2025-09-12T23:26:00+08:00
R0002231,T0047966,U019895,TPE100,100.0,2025-09-28T12:03:00+08:00,2025-09-28T12:17:00+08:00
R0002232,T0047967,U021696,TPE100,100.0,2025-09-09T11:56:00+08:00,2025-09-09T12:02:00+08:00
R0002233,T0047968,U021696,LOCAL100,100.0,2025-09-12T14:44:00+08:00,2025-09-12T14:46:00+08:00
R0002234,T0047969,U013811,TPE150,150.0,2025-10-09T12:18:00+08:00,2025-10-09T12:20:00+08:00
R0002235,T0047970,U002259,TPE150,150.0,2025-10-19T14:07:00+08:00,2025-10-19T14:22:00+08:00
R0002236,T0047971,U008587,TPE100,100.0,2025-09-21T02:09:00+08:00,2025-09-21T02:20:00+08:00
R0002237,T0047973,U011368,TPE100,100.0,2025-09-08T01:56:00+08:00,2025-09-08T02:01:00+08:00
R0002238,T0047974,U011368,LOCAL100,100.0,2025-09-09T23:06:00+08:00,2025-09-09T23:12:00+08:00
R0002239,T0047976,U019543,TPE100,100.0,2025-09-13T22:07:00+08:00,2025-09-13T22:18:00+08:00
R0002240,T0047977,U019543,LOCAL100,100.0,2025-09-16T01:25:00+08:00,2025-09-16T01:26:00+08:00
R0002241,T0047979,U025487,TPE150,150.0,2025-10-16T08:37:00+08:00,2025-10-16T08:44:00+08:00
R0002242,T0047980,U024888,TPE150,150.0,2025-09-25T23:33:00+08:00,2025-09-25T23:34:00+08:00
R0002243,T0047981,U016106,TPE100,100.0,2025-09-12T16:33:00+08:00,2025-09-12T16:38:00+08:00
R0002244,T0047982,U020901,TPE150,150.0,2025-10-05T22:21:00+08:00,2025-10-05T22:21:00+08:00
R0002245,T0047984,U024278,TPE100,100.0,2025-10-10T00:50:00+08:00,2025-10-10T01:05:00+08:00
R0002246,T0047985,U024278,LOCAL100,100.0,2025-10-14T03:02:00+08:00,2025-10-14T03:17:00+08:00
R0002247,T0047986,U004101,TPE150,150.0,2025-09-02T13:23:00+08:00,2025-09-02T13:31:00+08:00
R0002248,T0047987,U000167,TPE150,150.0,2025-09-21T22:41:00+08:00,2025-09-21T22:55:00+08:00
R0002249,T0047988,U011761,TPE100,100.0,2025-09-14T18:52:00+08:00,2025-09-14T18:58:00+08:00
R0002250,T0047989,U019792,TPE100,100.0,2025-10-04T08:23:00+08:00,2025-10-04T08:29:00+08:00
R0002251,T0047990,U000948,TPE100,100.0,2025-10-26T14:47:00+08:00,2025-10-26T14:58:00+08:00
R0002252,T0047991,U018557,TPE100,100.0,2025-10-05T23:24:00+08:00,2025-10-05T23:39:00+08:00
R0002253,T0047993,U002172,TPE150,150.0,2025-09-18T21:24:00+08:00,2025-09-18T21:33:00+08:00
R0002254,T0047994,U008585,TPE150,150.0,2025-09-10T12:19:00+08:00,2025-09-10T12:19:00+08:00
R0002255,T0047996,U003857,TPE150,150.0,2025-10-05T05:24:00+08:00,2025-10-05T05:26:00+08:00
R0002256,T0047998,U004631,TPE150,150.0,2025-09-27T19:26:00+08:00,2025-09-27T19:39:00+08:00
R0002257,T0047999,U026897,TPE150,150.0,2025-10-25T15:07:00+08:00,2025-10-25T15:21:00+08:00
R0002258,T0048000,U004416,TPE150,150.0,2025-10-10T19:42:00+08:00,2025-10-10T19:57:00+08:00
R0002259,T0048002,U018913,TPE150,150.0,2025-10-06T04:30:00+08:00,2025-10-06T04:35:00+08:00
R0002260,T0048003,U013634,TPE100,100.0,2025-09-30T15:14:00+08:00,2025-09-30T15:17:00+08:00
R0002261,T0048004,U002636,TPE100,100.0,2025-10-01T09:59:00+08:00,2025-10-01T10:03:00+08:00
R0002262,T0048005,U007908,TPE100,100.0,2025-10-24T13:51:00+08:00,2025-10-24T13:54:00+08:00
R0002263,T0048006,U012436,TPE150,150.0,2025-10-20T09:16:00+08:00,2025-10-20T09:16:00+08:00
R0002264,T0048007,U001747,TPE150,150.0,2025-10-13T07:17:00+08:00,2025-10-13T07:17:00+08:00
R0002265,T0048008,U024832,TPE150,150.0,2025-10-17T03:28:00+08:00,2025-10-17T03:36:00+08:00
R0002266,T0048009,U024764,TPE150,150.0,2025-09-19T08:46:00+08:00,2025-09-19T08:55:00+08:00
R0002267,T0048010,U009247,TPE100,100.0,2025-09-06T09:33:00+08:00,2025-09-06T09:43:00+08:00
R0002268,T0048011,U009247,LOCAL100,100.0,2025-09-10T21:25:00+08:00,2025-09-10T21:30:00+08:00
R0002269,T0048012,U005295,TPE150,150.0,2025-10-19T00:29:00+08:00,2025-10-19T00:42:00+08:00
R0002270,T0048013,U020062,TPE100,100.0,2025-10-14T03:05:00+08:00,2025-10-14T03:14:00+08:00
R0002271,T0048014,U029011,TPE150,150.0,2025-10-21T16:47:00+08:00,2025-10-21T16:49:00+08:00
R0002272,T0048015,U005154,TPE150,150.0,2025-10-06T07:26:00+08:00,2025-10-06T07:41:00+08:00
R0002273,T0048016,U012152,TPE100,100.0,2025-10-10T11:57:00+08:00,2025-10-10T11:59:00+08:00
R0002274,T0048018,U015007,TPE100,100.0,2025-10-02T02:14:00+08:00,2025-10-02T02:14:00+08:00
R0002275,T0048019,U015007,LOCAL100,100.0,2025-10-03T20:34:00+08:00,2025-10-03T20:36:00+08:00
R0002276,T0048020,U016661,TPE150,150.0,2025-09-21T08:15:00+08:00,2025-09-21T08:30:00+08:00
R0002277,T0048023,U004585,TPE100,100.0,2025-10-08T00:16:00+08:00,2025-10-08T00:27:00+08:00
R0002278,T0048024,U025966,TPE150,150.0,2025-09-06T18:59:00+08:00,2025-09-06T19:06:00+08:00
R0002279,T0048025,U029237,TPE100,100.0,2025-10-12T13:16:00+08:00,2025-10-12T13:27:00+08:00
R0002280,T0048026,U016271,TPE150,150.0,2025-10-10T11:24:00+08:00,2025-10-10T11:25:00+08:00
R0002281,T0048029,U011130,TPE150,150.0,2025-10-11T03:14:00+08:00,2025-10-11T03:17:00+08:00
R0002282,T0048030,U013367,TPE100,100.0,2025-09-10T17:14:00+08:00,2025-09-10T17:24:00+08:00
R0002283,T0048031,U013367,LOCAL100,100.0,2025-09-13T21:57:00+08:00,2025-09-13T21:57:00+08:00
R0002284,T0048032,U009420,TPE150,150.0,2025-10-24T14:01:00+08:00,2025-10-24T14:16:00+08:00
R0002285,T0048034,U021571,TPE100,100.0,2025-09-10T21:35:00+08:00,2025-09-10T21:46:00+08:00
R0002286,T0048035,U021571,LOCAL100,100.0,2025-09-12T05:08:00+08:00,2025-09-12T05:23:00+08:00
R0002287,T0048036,U025967,TPE150,150.0,2025-09-10T12:50:00+08:00,2025-09-10T12:59:00+08:00
R0002288,T0048037,U000572,TPE100,100.0,2025-10-08T00:15:00+08:00,2025-10-08T00:19:00+08:00
R0002289,T0048038,U028354,TPE150,150.0,2025-09-02T09:19:00+08:00,2025-09-02T09:30:00+08:00
R0002290,T0048040,U020352,TPE100,100.0,2025-10-13T23:31:00+08:00,2025-10-13T23:41:00+08:00
R0002291,T0048041,U029693,TPE100,100.0,2025-09-20T23:55:00+08:00,2025-09-20T23:59:00+08:00
R0002292,T0048042,U013843,TPE150,150.0,2025-09-18T04:04:00+08:00,2025-09-18T04:15:00+08:00
R0002293,T0048043,U007937,TPE100,100.0,2025-10-12T19:38:00+08:00,2025-10-12T19:43:00+08:00
R0002294,T0048044,U020917,TPE100,100.0,2025-09-18T02:28:00+08:00,2025-09-18T02:32:00+08:00
R0002295,T0048045,U020917,LOCAL100,100.0,2025-09-24T18:01:00+08:00,2025-09-24T18:16:00+08:00
R0002296,T0048046,U020329,TPE150,150.0,2025-10-10T18:41:00+08:00,2025-10-10T18:54:00+08:00
R0002297,T0048049,U013493,TPE150,150.0,2025-10-17T00:22:00+08:00,2025-10-17T00:37:00+08:00
R0002298,T0048051,U013257,TPE100,100.0,2025-10-04T20:18:00+08:00,2025-10-04T20:30:00+08:00
R0002299,T0048052,U013257,LOCAL100,100.0,2025-10-05T22:17:00+08:00,2025-10-05T22:31:00+08:00
R0002300,T0048053,U021185,TPE150,150.0,2025-10-16T15:38:00+08:00,2025-10-16T15:44:00+08:00
R0002301,T0048054,U009722,TPE100,100.0,2025-10-05T23:49:00+08:00,2025-10-06T00:02:00+08:00
R0002302,T0048055,U009722,LOCAL100,100.0,2025-10-09T10:25:00+08:00,2025-10-09T10:35:00+08:00
R0002303,T0048056,U002704,TPE150,150.0,2025-10-14T05:55:00+08:00,2025-10-14T05:56:00+08:00
R0002304,T0048058,U000110,TPE100,100.0,2025-10-07T13:03:00+08:00,2025-10-07T13:10:00+08:00
R0002305,T0048059,U000110,LOCAL100,100.0,2025-10-10T20:09:00+08:00,2025-10-10T20:13:00+08:00
R0002306,T0048060,U023129,TPE100,100.0,2025-10-19T10:52:00+08:00,2025-10-19T10:53:00+08:00
R0002307,T0048061,U023129,LOCAL100,100.0,2025-10-21T15:38:00+08:00,2025-10-21T15:43:00+08:00
R0002308,T0048062,U010561,TPE150,150.0,2025-09-07T02:01:00+08:00,2025-09-07T02:12:00+08:00
R0002309,T0048063,U000767,TPE100,100.0,2025-09-08T09:27:00+08:00,2025-09-08T09:39:00+08:00
R0002310,T0048064,U000767,LOCAL100,100.0,2025-09-12T00:31:00+08:00,2025-09-12T00:40:00+08:00
R0002311,T0048066,U002587,TPE100,100.0,2025-10-05T19:05:00+08:00,2025-10-05T19:16:00+08:00
R0002312,T0048067,U011216,TPE150,150.0,2025-10-17T12:11:00+08:00,2025-10-17T12:24:00+08:00
R0002313,T0048068,U022640,TPE150,150.0,2025-09-02T21:08:00+08:00,2025-09-02T21:15:00+08:00
R0002314,T0048069,U000018,TPE100,100.0,2025-10-13T08:46:00+08:00,2025-10-13T08:49:00+08:00
R0002315,T0048070,U028942,TPE150,150.0,2025-09-20T09:15:00+08:00,2025-09-20T09:16:00+08:00
R0002316,T0048072,U027275,TPE150,150.0,2025-10-10T12:07:00+08:00,2025-10-10T12:11:00+08:00
R0002317,T0048073,U018809,TPE100,100.0,2025-10-14T06:44:00+08:00,2025-10-14T06:51:00+08:00
R0002318,T0048074,U025170,TPE100,100.0,2025-09-11T03:53:00+08:00,2025-09-11T03:54:00+08:00
R0002319,T0048075,U025170,LOCAL100,100.0,2025-09-13T20:29:00+08:00,2025-09-13T20:40:00+08:00
R0002320,T0048076,U002379,TPE150,150.0,2025-09-19T23:54:00+08:00,2025-09-20T00:03:00+08:00
R0002321,T0048077,U024584,TPE150,150.0,2025-10-22T14:41:00+08:00,2025-10-22T14:42:00+08:00
R0002322,T0048080,U016467,TPE100,100.0,2025-10-11T23:55:00+08:00,2025-10-12T00:09:00+08:00
R0002323,T0048081,U016467,LOCAL100,100.0,2025-10-18T13:30:00+08:00,2025-10-18T13:40:00+08:00
R0002324,T0048082,U006290,TPE100,100.0,2025-09-20T03:44:00+08:00,2025-09-20T03:54:00+08:00
R0002325,T0048083,U029148,TPE150,150.0,2025-10-16T03:00:00+08:00,2025-10-16T03:14:00+08:00
R0002326,T0048084,U014387,TPE150,150.0,2025-10-15T20:06:00+08:00,2025-10-15T20:15:00+08:00
R0002327,T0048085,U016964,TPE150,150.0,2025-09-27T06:30:00+08:00,2025-09-27T06:36:00+08:00
R0002328,T0048087,U009156,TPE100,100.0,2025-10-22T22:08:00+08:00,2025-10-22T22:20:00+08:00
R0002329,T0048088,U009156,LOCAL100,100.0,2025-10-25T05:35:00+08:00,2025-10-25T05:44:00+08:00
R0002330,T0048091,U005052,TPE150,150.0,2025-10-24T13:01:00+08:00,2025-10-24T13:15:00+08:00
R0002331,T0048092,U010321,TPE150,150.0,2025-09-27T11:23:00+08:00,2025-09-27T11:34:00+08:00
R0002332,T0048093,U010927,TPE100,100.0,2025-10-03T19:14:00+08:00,2025-10-03T19:27:00+08:00
R0002333,T0048094,U013655,TPE150,150.0,2025-09-19T01:22:00+08:00,2025-09-19T01:36:00+08:00
R0002334,T0048095,U002555,TPE100,100.0,2025-10-13T11:31:00+08:00,2025-10-13T11:31:00+08:00
R0002335,T0048096,U002555,LOCAL100,100.0,2025-10-16T07:42:00+08:00,2025-10-16T07:48:00+08:00
R0002336,T0048097,U024871,TPE150,150.0,2025-10-16T02:18:00+08:00,2025-10-16T02:24:00+08:00
R0002337,T0048098,U012449,TPE100,100.0,2025-10-19T02:03:00+08:00,2025-10-19T02:12:00+08:00
R0002338,T0048099,U012449,LOCAL100,100.0,2025-10-23T20:45:00+08:00,2025-10-23T21:00:00+08:00
R0002339,T0048101,U015829,TPE150,150.0,2025-10-02T12:17:00+08:00,2025-10-02T12:23:00+08:00
R0002340,T0048102,U022885,TPE150,150.0,2025-10-11T08:01:00+08:00,2025-10-11T08:09:00+08:00
R0002341,T0048103,U028462,TPE150,150.0,2025-10-02T08:41:00+08:00,2025-10-02T08:47:00+08:00
R0002342,T0048104,U021894,TPE150,150.0,2025-10-09T03:28:00+08:00,2025-10-09T03:34:00+08:00
R0002343,T0048105,U029512,TPE150,150.0,2025-09-22T01:21:00+08:00,2025-09-22T01:36:00+08:00
R0002344,T0048106,U019675,TPE150,150.0,2025-10-08T20:36:00+08:00,2025-10-08T20:44:00+08:00
R0002345,T0048107,U022279,TPE150,150.0,2025-09-16T12:00:00+08:00,2025-09-16T12:13:00+08:00
R0002346,T0048109,U024058,TPE100,100.0,2025-10-06T11:09:00+08:00,2025-10-06T11:12:00+08:00
R0002347,T0048110,U021224,TPE100,100.0,2025-09-26T01:19:00+08:00,2025-09-26T01:29:00+08:00
R0002348,T0048114,U002708,TPE150,150.0,2025-10-05T14:15:00+08:00,2025-10-05T14:17:00+08:00
R0002349,T0048116,U016756,TPE100,100.0,2025-09-14T12:55:00+08:00,2025-09-14T13:04:00+08:00
R0002350,T0048117,U016756,LOCAL100,100.0,2025-09-16T18:53:00+08:00,2025-09-16T18:57:00+08:00
R0002351,T0048118,U020206,TPE100,100.0,2025-10-06T07:26:00+08:00,2025-10-06T07:38:00+08:00
R0002352,T0048119,U000138,TPE150,150.0,2025-10-08T22:37:00+08:00,2025-10-08T22:42:00+08:00
R0002353,T0048120,U024614,TPE150,150.0,2025-09-13T17:02:00+08:00,2025-09-13T17:13:00+08:00
R0002354,T0048121,U025042,TPE100,100.0,2025-09-25T13:06:00+08:00,2025-09-25T13:11:00+08:00
R0002355,T0048122,U019256,TPE150,150.0,2025-09-10T02:02:00+08:00,2025-09-10T02:13:00+08:00
R0002356,T0048123,U024188,TPE100,100.0,2025-09-06T08:39:00+08:00,2025-09-06T08:49:00+08:00
R0002357,T0048125,U007643,TPE100,100.0,2025-10-05T00:33:00+08:00,2025-10-05T00:44:00+08:00
R0002358,T0048126,U007643,LOCAL100,100.0,2025-10-06T10:03:00+08:00,2025-10-06T10:07:00+08:00
R0002359,T0048127,U024545,TPE100,100.0,2025-10-14T17:01:00+08:00,2025-10-14T17:01:00+08:00
R0002360,T0048128,U024545,LOCAL100,100.0,2025-10-18T06:40:00+08:00,2025-10-18T06:43:00+08:00
R0002361,T0048129,U024104,TPE100,100.0,2025-10-13T07:25:00+08:00,2025-10-13T07:34:00+08:00
R0002362,T0048132,U002769,TPE150,150.0,2025-10-06T13:48:00+08:00,2025-10-06T13:59:00+08:00
R0002363,T0048133,U016479,TPE150,150.0,2025-09-08T10:48:00+08:00,2025-09-08T10:51:00+08:00
R0002364,T0048134,U008477,TPE100,100.0,2025-10-09T22:17:00+08:00,2025-10-09T22:17:00+08:00
R0002365,T0048135,U002190,TPE150,150.0,2025-10-24T11:30:00+08:00,2025-10-24T11:34:00+08:00
R0002366,T0048136,U008634,TPE150,150.0,2025-10-07T16:17:00+08:00,2025-10-07T16:25:00+08:00
R0002367,T0048137,U027552,TPE100,100.0,2025-10-04T02:20:00+08:00,2025-10-04T02:23:00+08:00
R0002368,T0048138,U027552,LOCAL100,100.0,2025-10-08T09:26:00+08:00,2025-10-08T09:37:00+08:00
R0002369,T0048139,U007076,TPE100,100.0,2025-09-30T03:52:00+08:00,2025-09-30T03:52:00+08:00
R0002370,T0048140,U007076,LOCAL100,100.0,2025-10-03T09:44:00+08:00,2025-10-03T09:51:00+08:00
R0002371,T0048141,U003627,TPE100,100.0,2025-10-06T13:27:00+08:00,2025-10-06T13:41:00+08:00
R0002372,T0048142,U017005,TPE150,150.0,2025-10-21T10:45:00+08:00,2025-10-21T10:45:00+08:00
R0002373,T0048143,U013110,TPE150,150.0,2025-10-13T12:26:00+08:00,2025-10-13T12:40:00+08:00
R0002374,T0048145,U005532,TPE150,150.0,2025-10-01T20:34:00+08:00,2025-10-01T20:44:00+08:00
R0002375,T0048148,U000497,TPE150,150.0,2025-10-01T22:51:00+08:00,2025-10-01T22:58:00+08:00
R0002376,T0048149,U020663,TPE100,100.0,2025-10-02T11:02:00+08:00,2025-10-02T11:09:00+08:00
R0002377,T0048151,U029037,TPE100,100.0,2025-10-12T02:20:00+08:00,2025-10-12T02:23:00+08:00
R0002378,T0048152,U029037,LOCAL100,100.0,2025-10-18T19:39:00+08:00,2025-10-18T19:41:00+08:00
R0002379,T0048153,U016285,TPE150,150.0,2025-10-25T23:59:00+08:00,2025-10-26T00:04:00+08:00
R0002380,T0048154,U014487,TPE150,150.0,2025-09-24T10:57:00+08:00,2025-09-24T11:06:00+08:00
R0002381,T0048155,U012470,TPE150,150.0,2025-09-02T17:53:00+08:00,2025-09-02T18:03:00+08:00
R0002382,T0048158,U012767,TPE100,100.0,2025-10-08T22:30:00+08:00,2025-10-08T22:37:00+08:00
R0002383,T0048159,U028255,TPE100,100.0,2025-09-24T02:43:00+08:00,2025-09-24T02:51:00+08:00
R0002384,T0048160,U004863,TPE150,150.0,2025-09-15T21:01:00+08:00,2025-09-15T21:02:00+08:00
R0002385,T0048161,U002838,TPE150,150.0,2025-09-13T09:42:00+08:00,2025-09-13T09:56:00+08:00
R0002386,T0048162,U006996,TPE150,150.0,2025-10-14T00:21:00+08:00,2025-10-14T00:31:00+08:00
R0002387,T0048163,U021335,TPE150,150.0,2025-10-19T19:50:00+08:00,2025-10-19T20:00:00+08:00
R0002388,T0048164,U014238,TPE150,150.0,2025-09-11T12:19:00+08:00,2025-09-11T12:29:00+08:00
R0002389,T0048165,U027088,TPE100,100.0,2025-10-25T09:34:00+08:00,2025-10-25T09:37:00+08:00
R0002390,T0048166,U029776,TPE100,100.0,2025-09-19T11:34:00+08:00,2025-09-19T11:45:00+08:00
R0002391,T0048167,U009354,TPE150,150.0,2025-09-11T20:16:00+08:00,2025-09-11T20:17:00+08:00
R0002392,T0048168,U016273,TPE150,150.0,2025-10-01T22:27:00+08:00,2025-10-01T22:40:00+08:00
R0002393,T0048171,U029135,TPE150,150.0,2025-10-22T10:18:00+08:00,2025-10-22T10:33:00+08:00
R0002394,T0048172,U015894,TPE100,100.0,2025-09-29T23:16:00+08:00,2025-09-29T23:21:00+08:00
R0002395,T0048173,U015894,LOCAL100,100.0,2025-10-01T03:52:00+08:00,2025-10-01T03:54:00+08:00
R0002396,T0048174,U015164,TPE100,100.0,2025-10-18T10:55:00+08:00,2025-10-18T10:55:00+08:00
R0002397,T0048175,U006003,TPE100,100.0,2025-10-13T02:36:00+08:00,2025-10-13T02:36:00+08:00
R0002398,T0048177,U006861,TPE100,100.0,2025-10-08T01:31:00+08:00,2025-10-08T01:42:00+08:00
R0002399,T0048178,U006861,LOCAL100,100.0,2025-10-11T09:53:00+08:00,2025-10-11T09:57:00+08:00
R0002400,T0048179,U026421,TPE150,150.0,2025-09-10T04:31:00+08:00,2025-09-10T04:32:00+08:00
R0002401,T0048181,U024419,TPE100,100.0,2025-10-02T04:24:00+08:00,2025-10-02T04:36:00+08:00
R0002402,T0048182,U024419,LOCAL100,100.0,2025-10-05T20:04:00+08:00,2025-10-05T20:14:00+08:00
R0002403,T0048183,U000530,TPE100,100.0,2025-10-25T09:52:00+08:00,2025-10-25T10:00:00+08:00
R0002404,T0048184,U025536,TPE150,150.0,2025-09-27T23:20:00+08:00,2025-09-27T23:20:00+08:00
R0002405,T0048187,U003863,TPE100,100.0,2025-10-04T10:15:00+08:00,2025-10-04T10:26:00+08:00
R0002406,T0048189,U017897,TPE100,100.0,2025-10-08T21:34:00+08:00,2025-10-08T21:44:00+08:00
R0002407,T0048190,U000140,TPE150,150.0,2025-10-15T08:31:00+08:00,2025-10-15T08:45:00+08:00
R0002408,T0048192,U028906,TPE100,100.0,2025-09-07T23:16:00+08:00,2025-09-07T23:24:00+08:00
R0002409,T0048193,U005439,TPE150,150.0,2025-10-25T08:37:00+08:00,2025-10-25T08:42:00+08:00
R0002410,T0048195,U025654,TPE100,100.0,2025-10-06T01:26:00+08:00,2025-10-06T01:31:00+08:00
R0002411,T0048196,U028829,TPE100,100.0,2025-10-20T12:27:00+08:00,2025-10-20T12:28:00+08:00
R0002412,T0048197,U028829,LOCAL100,100.0,2025-10-21T18:08:00+08:00,2025-10-21T18:13:00+08:00
R0002413,T0048198,U024831,TPE100,100.0,2025-10-24T10:29:00+08:00,2025-10-24T10:37:00+08:00
R0002414,T0048199,U024831,LOCAL100,100.0,2025-10-28T17:18:00+08:00,2025-10-28T17:22:00+08:00
R0002415,T0048200,U014248,TPE100,100.0,2025-10-26T13:29:00+08:00,2025-10-26T13:44:00+08:00
R0002416,T0048202,U001250,TPE150,150.0,2025-10-25T11:01:00+08:00,2025-10-25T11:04:00+08:00
R0002417,T0048204,U014511,TPE100,100.0,2025-10-24T15:19:00+08:00,2025-10-24T15:30:00+08:00
R0002418,T0048205,U019049,TPE150,150.0,2025-10-20T14:30:00+08:00,2025-10-20T14:34:00+08:00
R0002419,T0048207,U010030,TPE100,100.0,2025-09-24T16:28:00+08:00,2025-09-24T16:34:00+08:00
R0002420,T0048208,U010030,LOCAL100,100.0,2025-09-30T13:53:00+08:00,2025-09-30T13:58:00+08:00
R0002421,T0048209,U010043,TPE100,100.0,2025-10-20T11:15:00+08:00,2025-10-20T11:24:00+08:00
R0002422,T0048210,U010043,LOCAL100,100.0,2025-10-23T23:20:00+08:00,2025-10-23T23:20:00+08:00
R0002423,T0048212,U025201,TPE150,150.0,2025-09-09T14:50:00+08:00,2025-09-09T14:58:00+08:00
R0002424,T0048213,U028706,TPE150,150.0,2025-10-05T10:47:00+08:00,2025-10-05T10:55:00+08:00
R0002425,T0048216,U024162,TPE150,150.0,2025-10-06T14:19:00+08:00,2025-10-06T14:29:00+08:00
R0002426,T0048217,U026891,TPE150,150.0,2025-10-03T06:23:00+08:00,2025-10-03T06:26:00+08:00
R0002427,T0048218,U002931,TPE150,150.0,2025-10-13T16:24:00+08:00,2025-10-13T16:29:00+08:00
R0002428,T0048219,U004574,TPE100,100.0,2025-09-12T11:31:00+08:00,2025-09-12T11:42:00+08:00
R0002429,T0048220,U008737,TPE100,100.0,2025-09-05T13:34:00+08:00,2025-09-05T13:37:00+08:00
R0002430,T0048221,U008737,LOCAL100,100.0,2025-09-08T20:09:00+08:00,2025-09-08T20:13:00+08:00
R0002431,T0048224,U026746,TPE150,150.0,2025-10-10T23:09:00+08:00,2025-10-10T23:09:00+08:00
R0002432,T0048225,U013542,TPE150,9999,2025-09-24T07:46:00+08:00,2025-09-24T07:54:00+08:00
R0002433,T0048226,U026256,TPE100,100.0,2025-09-09T12:39:00+08:00,2025-09-09T12:41:00+08:00
R0002434,T0048227,U026256,LOCAL100,100.0,2025-09-15T04:54:00+08:00,2025-09-15T05:02:00+08:00
R0002435,T0048229,U021039,TPE100,100.0,2025-09-01T02:01:00+08:00,2025-09-01T02:09:00+08:00
R0002436,T0048230,U021039,LOCAL100,100.0,2025-09-07T17:57:00+08:00,2025-09-07T17:58:00+08:00
R0002437,T0048231,U022624,TPE100,100.0,2025-10-22T06:22:00+08:00,2025-10-22T06:22:00+08:00
R0002438,T0048232,U028765,TPE150,150.0,2025-10-04T02:50:00+08:00,2025-10-04T02:51:00+08:00
R0002439,T0048233,U001334,TPE100,100.0,2025-10-25T22:45:00+08:00,2025-10-25T22:48:00+08:00
R0002440,T0048234,U001334,LOCAL100,100.0,2025-10-29T14:01:00+08:00,2025-10-29T14:01:00+08:00
R0002441,T0048235,U005984,TPE100,100.0,2025-10-11T00:38:00+08:00,2025-10-11T00:49:00+08:00
R0002442,T0048237,U004958,TPE150,150.0,2025-09-13T23:04:00+08:00,2025-09-13T23:15:00+08:00
R0002443,T0048239,U015873,TPE100,100.0,2025-09-11T11:42:00+08:00,2025-09-11T11:47:00+08:00
R0002444,T0048240,U014748,TPE100,100.0,2025-09-11T12:28:00+08:00,2025-09-11T12:39:00+08:00
R0002445,T0048241,U014748,LOCAL100,100.0,2025-09-13T22:40:00+08:00,2025-09-13T22:48:00+08:00
R0002446,T0048242,U018406,TPE100,100.0,2025-09-23T02:26:00+08:00,2025-09-23T02:36:00+08:00
R0002447,T0048243,U010779,TPE100,100.0,2025-10-03T12:26:00+08:00,2025-10-03T12:31:00+08:00
R0002448,T0048244,U010779,LOCAL100,100.0,2025-10-08T21:51:00+08:00,2025-10-08T22:00:00+08:00
R0002449,T0048245,U013379,TPE150,150.0,2025-09-13T11:14:00+08:00,2025-09-13T11:19:00+08:00
R0002450,T0048246,U005124,TPE150,150.0,2025-09-02T20:33:00+08:00,2025-09-02T20:36:00+08:00
R0002451,T0048248,U012211,TPE150,150.0,2025-10-12T10:23:00+08:00,2025-10-12T10:26:00+08:00
R0002452,T0048250,U003460,TPE100,100.0,2025-09-16T09:12:00+08:00,2025-09-16T09:18:00+08:00
R0002453,T0048251,U003460,LOCAL100,100.0,2025-09-20T00:06:00+08:00,2025-09-20T00:20:00+08:00
R0002454,T0048252,U017246,TPE150,150.0,2025-10-01T09:25:00+08:00,2025-10-01T09:29:00+08:00
R0002455,T0048253,U023715,TPE150,150.0,2025-10-19T09:02:00+08:00,2025-10-19T09:11:00+08:00
R0002456,T0048254,U025136,TPE100,100.0,2025-09-09T18:54:00+08:00,2025-09-09T19:02:00+08:00
R0002457,T0048255,U019977,TPE150,150.0,2025-09-20T12:02:00+08:00,2025-09-20T12:02:00+08:00
R0002458,T0048257,U024834,TPE100,100.0,2025-10-24T06:44:00+08:00,2025-10-24T06:50:00+08:00
R0002459,T0048258,U011316,TPE100,100.0,2025-09-14T21:43:00+08:00,2025-09-14T21:53:00+08:00
R0002460,T0048260,U012192,TPE150,150.0,2025-09-26T15:55:00+08:00,2025-09-26T16:10:00+08:00
R0002461,T0048262,U029141,TPE100,100.0,2025-09-21T20:26:00+08:00,2025-09-21T20:36:00+08:00
R0002462,T0048263,U029141,LOCAL100,100.0,2025-09-23T23:24:00+08:00,2025-09-23T23:29:00+08:00
R0002463,T0048264,U004343,TPE100,100.0,2025-09-17T07:39:00+08:00,2025-09-17T07:39:00+08:00
R0002464,T0048265,U010517,TPE100,100.0,2025-10-11T18:45:00+08:00,2025-10-11T18:57:00+08:00
R0002465,T0048266,U010517,LOCAL100,100.0,2025-10-14T23:25:00+08:00,2025-10-14T23:28:00+08:00
R0002466,T0048267,U023900,TPE150,150.0,2025-10-08T07:19:00+08:00,2025-10-08T07:23:00+08:00
R0002467,T0048268,U019102,TPE100,100.0,2025-10-21T07:26:00+08:00,2025-10-21T07:31:00+08:00
R0002468,T0048269,U008066,TPE150,150.0,2025-09-04T06:09:00+08:00,2025-09-04T06:17:00+08:00
R0002469,T0048271,U013318,TPE100,100.0,2025-09-07T10:09:00+08:00,2025-09-07T10:21:00+08:00
R0002470,T0048272,U009323,TPE100,100.0,2025-10-06T17:00:00+08:00,2025-10-06T17:04:00+08:00
R0002471,T0048273,U002283,TPE100,100.0,2025-10-01T01:48:00+08:00,2025-10-01T01:56:00+08:00
R0002472,T0048274,U009326,TPE150,150.0,2025-10-03T13:54:00+08:00,2025-10-03T14:02:00+08:00
R0002473,T0048275,U029573,TPE100,100.0,2025-10-12T11:36:00+08:00,2025-10-12T11:49:00+08:00
R0002474,T0048277,U003763,TPE150,150.0,2025-09-10T22:44:00+08:00,2025-09-10T22:46:00+08:00
R0002475,T0048279,U002558,TPE150,150.0,2025-09-21T11:32:00+08:00,2025-09-21T11:32:00+08:00
R0002476,T0048280,U002984,TPE150,150.0,2025-09-01T11:46:00+08:00,2025-09-01T11:52:00+08:00
R0002477,T0048282,U013881,TPE100,100.0,2025-10-22T22:51:00+08:00,2025-10-22T23:05:00+08:00
R0002478,T0048283,U015691,TPE150,150.0,2025-09-02T00:39:00+08:00,2025-09-02T00:49:00+08:00
R0002479,T0048284,U014485,TPE100,100.0,2025-09-29T04:38:00+08:00,2025-09-29T04:39:00+08:00
R0002480,T0048285,U018396,TPE100,100.0,2025-09-15T11:52:00+08:00,2025-09-15T12:04:00+08:00
R0002481,T0048286,U018396,LOCAL100,100.0,2025-09-20T18:39:00+08:00,2025-09-20T18:40:00+08:00
R0002482,T0048288,U028018,TPE150,150.0,2025-10-18T01:49:00+08:00,2025-10-18T01:51:00+08:00
R0002483,T0048289,U028984,TPE100,100.0,2025-09-20T01:53:00+08:00,2025-09-20T01:59:00+08:00
R0002484,T0048290,U028984,LOCAL100,100.0,2025-09-25T11:35:00+08:00,2025-09-25T11:42:00+08:00
R0002485,T0048292,U019289,TPE100,100.0,2025-10-01T11:47:00+08:00,2025-10-01T11:54:00+08:00
R0002486,T0048293,U025072,TPE100,100.0,2025-09-28T07:59:00+08:00,2025-09-28T08:08:00+08:00
R0002487,T0048295,U028282,TPE100,100.0,2025-09-13T00:52:00+08:00,2025-09-13T00:55:00+08:00
R0002488,T0048296,U017696,TPE150,150.0,2025-10-13T10:44:00+08:00,2025-10-13T10:52:00+08:00
R0002489,T0048298,U011901,TPE150,150.0,2025-10-04T20:45:00+08:00,2025-10-04T20:58:00+08:00
R0002490,T0048300,U006062,TPE150,150.0,2025-10-18T04:33:00+08:00,2025-10-18T04:39:00+08:00
R0002491,T0048302,U007052,TPE150,150.0,2025-09-21T08:21:00+08:00,2025-09-21T08:27:00+08:00
R0002492,T0048304,U015181,TPE150,150.0,2025-10-25T02:14:00+08:00,2025-10-25T02:28:00+08:00
R0002493,T0048305,U011493,TPE150,150.0,2025-09-17T22:07:00+08:00,2025-09-17T22:16:00+08:00
R0002494,T0048306,U009351,TPE150,150.0,2025-09-16T23:22:00+08:00,2025-09-16T23:33:00+08:00
R0002495,T0048307,U019010,TPE100,100.0,2025-10-14T11:05:00+08:00,2025-10-14T11:15:00+08:00
R0002496,T0048308,U013452,TPE150,150.0,2025-09-08T22:29:00+08:00,2025-09-08T22:29:00+08:00
R0002497,T0048309,U018717,TPE150,150.0,2025-10-21T23:01:00+08:00,2025-10-21T23:02:00+08:00
R0002498,T0048310,U021892,TPE150,150.0,2025-09-02T00:37:00+08:00,2025-09-02T00:39:00+08:00
R0002499,T0048312,U027443,TPE150,150.0,2025-09-10T08:49:00+08:00,2025-09-10T09:01:00+08:00
R0002500,T0048314,U018967,TPE100,100.0,2025-09-13T09:20:00+08:00,2025-09-13T09:23:00+08:00
R0002501,T0048315,U018967,LOCAL100,100.0,2025-09-14T13:16:00+08:00,2025-09-14T13:16:00+08:00
R0002502,T0048316,U008429,TPE100,100.0,2025-09-02T12:21:00+08:00,2025-09-02T12:26:00+08:00
R0002503,T0048319,U022921,TPE150,150.0,2025-10-14T07:04:00+08:00,2025-10-14T07:06:00+08:00
R0002504,T0048320,U011692,TPE150,150.0,2025-10-10T21:51:00+08:00,2025-10-10T22:04:00+08:00
R0002505,T0048322,U011604,TPE150,150.0,2025-09-03T23:18:00+08:00,2025-09-03T23:30:00+08:00
R0002506,T0048325,U022244,TPE150,150.0,2025-09-26T12:44:00+08:00,2025-09-26T12:44:00+08:00
R0002507,T0048326,U013015,TPE100,100.0,2025-10-05T15:27:00+08:00,2025-10-05T15:41:00+08:00
R0002508,T0048329,U019111,TPE100,100.0,2025-09-23T17:03:00+08:00,2025-09-23T17:06:00+08:00
R0002509,T0048330,U019111,LOCAL100,100.0,2025-09-30T06:02:00+08:00,2025-09-30T06:10:00+08:00
R0002510,T0048331,U023749,TPE150,150.0,2025-09-06T07:25:00+08:00,2025-09-06T07:32:00+08:00
R0002511,T0048332,U007763,TPE100,100.0,2025-10-24T11:52:00+08:00,2025-10-24T11:57:00+08:00
R0002512,T0048333,U007763,LOCAL100,100.0,2025-10-27T20:31:00+08:00,2025-10-27T20:45:00+08:00
R0002513,T0048334,U028940,TPE100,100.0,2025-09-01T09:18:00+08:00,2025-09-01T09:24:00+08:00
R0002514,T0048335,U028940,LOCAL100,100.0,2025-09-08T04:41:00+08:00,2025-09-08T04:52:00+08:00
R0002515,T0048336,U015580,TPE100,100.0,2025-09-14T22:37:00+08:00,2025-09-14T22:42:00+08:00
R0002516,T0048337,U015580,LOCAL100,100.0,2025-09-21T17:12:00+08:00,2025-09-21T17:18:00+08:00
R0002517,T0048338,U018677,TPE100,100.0,2025-09-25T04:23:00+08:00,2025-09-25T04:30:00+08:00
R0002518,T0048339,U029024,TPE100,100.0,2025-10-26T03:47:00+08:00,2025-10-26T03:53:00+08:00
R0002519,T0048343,U028002,TPE150,150.0,2025-09-06T01:04:00+08:00,2025-09-06T01:04:00+08:00
R0002520,T0048344,U028931,TPE150,150.0,2025-10-22T23:36:00+08:00,2025-10-22T23:51:00+08:00
R0002521,T0048345,U020687,TPE150,150.0,2025-09-27T12:28:00+08:00,2025-09-27T12:40:00+08:00
R0002522,T0048346,U029383,TPE100,100.0,2025-09-10T02:04:00+08:00,2025-09-10T02:09:00+08:00
R0002523,T0048347,U008985,TPE150,150.0,2025-09-09T16:21:00+08:00,2025-09-09T16:22:00+08:00
R0002524,T0048349,U000757,TPE150,150.0,2025-10-18T06:49:00+08:00,2025-10-18T06:52:00+08:00
R0002525,T0048350,U012344,TPE150,150.0,2025-10-16T05:48:00+08:00,2025-10-16T06:00:00+08:00
R0002526,T0048352,U002425,TPE100,100.0,2025-10-15T02:28:00+08:00,2025-10-15T02:38:00+08:00
R0002527,T0048353,U002957,TPE100,100.0,2025-10-14T23:26:00+08:00,2025-10-14T23:37:00+08:00
R0002528,T0048354,U027301,TPE100,100.0,2025-10-17T05:25:00+08:00,2025-10-17T05:38:00+08:00
R0002529,T0048355,U016574,TPE100,100.0,2025-10-20T03:13:00+08:00,2025-10-20T03:25:00+08:00
R0002530,T0048356,U026405,TPE150,150.0,2025-10-03T06:18:00+08:00,2025-10-03T06:18:00+08:00
R0002531,T0048358,U000699,TPE100,100.0,2025-10-18T10:36:00+08:00,2025-10-18T10:48:00+08:00
R0002532,T0048359,U002214,TPE150,150.0,2025-09-26T04:46:00+08:00,2025-09-26T04:54:00+08:00
R0002533,T0048360,U018083,TPE100,100.0,2025-10-26T01:33:00+08:00,2025-10-26T01:48:00+08:00
R0002534,T0048362,U001969,TPE100,100.0,2025-09-22T09:13:00+08:00,2025-09-22T09:15:00+08:00
R0002535,T0048363,U001969,LOCAL100,100.0,2025-09-24T04:43:00+08:00,2025-09-24T04:50:00+08:00
R0002536,T0048364,U000966,TPE150,150.0,2025-09-28T07:48:00+08:00,2025-09-28T07:57:00+08:00
R0002537,T0048366,U001875,TPE100,100.0,2025-10-04T12:05:00+08:00,2025-10-04T12:12:00+08:00
R0002538,T0048367,U001875,LOCAL100,100.0,2025-10-06T15:12:00+08:00,2025-10-06T15:18:00+08:00
R0002539,T0048369,U007760,TPE100,100.0,2025-10-03T11:40:00+08:00,2025-10-03T11:47:00+08:00
R0002540,T0048370,U016620,TPE100,100.0,2025-10-26T12:48:00+08:00,2025-10-26T13:00:00+08:00
R0002541,T0048371,U001794,TPE100,100.0,2025-09-18T15:14:00+08:00,2025-09-18T15:18:00+08:00
R0002542,T0048373,U013381,TPE100,100.0,2025-09-03T11:13:00+08:00,2025-09-03T11:14:00+08:00
R0002543,T0048374,U022814,TPE100,100.0,2025-09-29T12:44:00+08:00,2025-09-29T12:44:00+08:00
R0002544,T0048375,U009021,TPE100,100.0,2025-10-20T15:41:00+08:00,2025-10-20T15:56:00+08:00
R0002545,T0048377,U003618,TPE150,150.0,2025-10-01T11:02:00+08:00,2025-10-01T11:05:00+08:00
R0002546,T0048378,U018725,TPE100,100.0,2025-10-11T05:35:00+08:00,2025-10-11T05:46:00+08:00
R0002547,T0048379,U018725,LOCAL100,100.0,2025-10-15T07:33:00+08:00,2025-10-15T07:34:00+08:00
R0002548,T0048380,U010122,TPE150,150.0,2025-10-15T01:18:00+08:00,2025-10-15T01:21:00+08:00
R0002549,T0048381,U011509,TPE100,100.0,2025-09-10T02:28:00+08:00,2025-09-10T02:38:00+08:00
R0002550,T0048382,U017448,TPE100,100.0,2025-10-22T07:30:00+08:00,2025-10-22T07:45:00+08:00
R0002551,T0048383,U011196,TPE100,100.0,2025-09-26T09:34:00+08:00,2025-09-26T09:41:00+08:00
R0002552,T0048385,U003183,TPE150,150.0,2025-10-22T11:31:00+08:00,2025-10-22T11:43:00+08:00
R0002553,T0048387,U014973,TPE100,100.0,2025-09-19T15:05:00+08:00,2025-09-19T15:09:00+08:00
R0002554,T0048388,U017363,TPE150,150.0,2025-09-25T17:43:00+08:00,2025-09-25T17:43:00+08:00
R0002555,T0048389,U024202,TPE100,100.0,2025-10-05T07:40:00+08:00,2025-10-05T07:50:00+08:00
R0002556,T0048391,U006838,TPE100,100.0,2025-09-07T09:30:00+08:00,2025-09-07T09:32:00+08:00
R0002557,T0048392,U006838,LOCAL100,100.0,2025-09-08T14:39:00+08:00,2025-09-08T14:48:00+08:00
R0002558,T0048393,U012896,TPE150,150.0,2025-10-08T07:29:00+08:00,2025-10-08T07:31:00+08:00
R0002559,T0048396,U026057,TPE100,100.0,2025-10-19T11:26:00+08:00,2025-10-19T11:28:00+08:00
R0002560,T0048398,U000261,TPE100,100.0,2025-09-17T19:03:00+08:00,2025-09-17T19:06:00+08:00
R0002561,T0048399,U002987,TPE150,150.0,2025-09-05T22:09:00+08:00,2025-09-05T22:15:00+08:00
R0002562,T0048400,U015414,TPE100,100.0,2025-10-06T02:50:00+08:00,2025-10-06T02:54:00+08:00
R0002563,T0048401,U023058,TPE150,150.0,2025-09-21T19:26:00+08:00,2025-09-21T19:32:00+08:00
R0002564,T0048402,U011773,TPE100,100.0,2025-09-24T10:19:00+08:00,2025-09-24T10:34:00+08:00
R0002565,T0048403,U021672,TPE100,100.0,2025-10-01T17:34:00+08:00,2025-10-01T17:48:00+08:00
R0002566,T0048404,U021672,LOCAL100,100.0,2025-10-07T18:42:00+08:00,2025-10-07T18:52:00+08:00
R0002567,T0048406,U015664,TPE150,150.0,2025-09-28T03:47:00+08:00,2025-09-28T03:57:00+08:00
R0002568,T0048407,U011222,TPE150,150.0,2025-09-27T01:31:00+08:00,2025-09-27T01:37:00+08:00
R0002569,T0048409,U022510,TPE100,100.0,2025-09-27T10:40:00+08:00,2025-09-27T10:54:00+08:00
R0002570,T0048410,U019366,TPE100,100.0,2025-09-11T11:48:00+08:00,2025-09-11T11:48:00+08:00
R0002571,T0048411,U028192,TPE150,150.0,2025-10-24T07:44:00+08:00,2025-10-24T07:45:00+08:00
R0002572,T0048413,U020614,TPE150,150.0,2025-09-02T15:53:00+08:00,2025-09-02T16:06:00+08:00
R0002573,T0048414,U000873,TPE150,150.0,2025-10-21T22:59:00+08:00,2025-10-21T23:04:00+08:00
R0002574,T0048415,U013280,TPE100,100.0,2025-10-18T00:08:00+08:00,2025-10-18T00:16:00+08:00
R0002575,T0048416,U000488,TPE150,150.0,2025-10-15T08:26:00+08:00,2025-10-15T08:30:00+08:00
R0002576,T0048417,U016457,TPE150,150.0,2025-10-12T11:07:00+08:00,2025-10-12T11:09:00+08:00
R0002577,T0048421,U024159,TPE100,100.0,2025-09-25T11:53:00+08:00,2025-09-25T11:54:00+08:00
R0002578,T0048422,U028893,TPE100,100.0,2025-09-13T08:11:00+08:00,2025-09-13T08:19:00+08:00
R0002579,T0048423,U013887,TPE100,100.0,2025-10-12T13:14:00+08:00,2025-10-12T13:16:00+08:00
R0002580,T0048424,U023235,TPE100,100.0,2025-10-13T07:08:00+08:00,2025-10-13T07:16:00+08:00
R0002581,T0048425,U023235,LOCAL100,100.0,2025-10-17T02:12:00+08:00,2025-10-17T02:22:00+08:00
R0002582,T0048426,U025177,TPE150,150.0,2025-10-24T12:06:00+08:00,2025-10-24T12:19:00+08:00
R0002583,T0048429,U029943,TPE100,100.0,2025-10-27T02:37:00+08:00,2025-10-27T02:41:00+08:00
R0002584,T0048430,U003804,TPE150,150.0,2025-09-13T03:10:00+08:00,2025-09-13T03:10:00+08:00
R0002585,T0048432,U022881,TPE100,100.0,2025-09-11T20:11:00+08:00,2025-09-11T20:14:00+08:00
R0002586,T0048433,U015659,TPE100,100.0,2025-09-01T08:37:00+08:00,2025-09-01T08:44:00+08:00
R0002587,T0048434,U015659,LOCAL100,100.0,2025-09-03T23:20:00+08:00,2025-09-03T23:32:00+08:00
R0002588,T0048435,U022121,TPE100,100.0,2025-09-13T01:41:00+08:00,2025-09-13T01:54:00+08:00
R0002589,T0048436,U012301,TPE100,100.0,2025-10-01T01:40:00+08:00,2025-10-01T01:45:00+08:00
R0002590,T0048437,U006414,TPE150,150.0,2025-10-26T06:40:00+08:00,2025-10-26T06:46:00+08:00
R0002591,T0048438,U028726,TPE150,150.0,2025-09-02T22:23:00+08:00,2025-09-02T22:28:00+08:00
R0002592,T0048439,U001643,TPE150,150.0,2025-09-14T09:16:00+08:00,2025-09-14T09:26:00+08:00
R0002593,T0048441,U022386,TPE100,100.0,2025-10-20T11:41:00+08:00,2025-10-20T11:47:00+08:00
R0002594,T0048442,U022386,LOCAL100,100.0,2025-10-21T23:25:00+08:00,2025-10-21T23:40:00+08:00
R0002595,T0048443,U002729,TPE150,150.0,2025-10-24T14:04:00+08:00,2025-10-24T14:10:00+08:00
R0002596,T0048445,U024889,TPE100,100.0,2025-10-19T01:39:00+08:00,2025-10-19T01:44:00+08:00
R0002597,T0048446,U027254,TPE150,150.0,2025-10-07T00:25:00+08:00,2025-10-07T00:35:00+08:00
R0002598,T0048449,U025468,TPE150,150.0,2025-09-02T09:31:00+08:00,2025-09-02T09:32:00+08:00
R0002599,T0048450,U012997,TPE100,100.0,2025-10-16T10:52:00+08:00,2025-10-16T11:02:00+08:00
R0002600,T0048451,U012997,LOCAL100,100.0,2025-10-22T14:10:00+08:00,2025-10-22T14:16:00+08:00
R0002601,T0048452,U018203,TPE150,150.0,2025-09-15T00:57:00+08:00,2025-09-15T01:11:00+08:00
R0002602,T0048453,U023902,TPE150,150.0,2025-09-15T21:57:00+08:00,2025-09-15T22:06:00+08:00
R0002603,T0048455,U028071,TPE150,150.0,2025-09-04T00:06:00+08:00,2025-09-04T00:14:00+08:00
R0002604,T0048456,U027623,TPE100,100.0,2025-09-04T00:18:00+08:00,2025-09-04T00:28:00+08:00
R0002605,T0048457,U027623,LOCAL100,100.0,2025-09-10T19:25:00+08:00,2025-09-10T19:29:00+08:00
R0002606,T0048458,U020476,TPE150,150.0,2025-09-24T21:59:00+08:00,2025-09-24T22:07:00+08:00
R0002607,T0048459,U007412,TPE150,150.0,2025-10-23T01:10:00+08:00,2025-10-23T01:10:00+08:00
R0002608,T0048460,U012713,TPE100,100.0,2025-09-16T14:53:00+08:00,2025-09-16T15:00:00+08:00
R0002609,T0048461,U012713,LOCAL100,100.0,2025-09-22T04:34:00+08:00,2025-09-22T04:49:00+08:00
R0002610,T0048462,U020128,TPE100,100.0,2025-10-20T17:49:00+08:00,2025-10-20T17:51:00+08:00
R0002611,T0048463,U004020,TPE100,100.0,2025-10-13T09:44:00+08:00,2025-10-13T09:45:00+08:00
R0002612,T0048464,U004020,LOCAL100,100.0,2025-10-19T13:22:00+08:00,2025-10-19T13:29:00+08:00
R0002613,T0048465,U014542,TPE150,150.0,2025-10-10T10:34:00+08:00,2025-10-10T10:47:00+08:00
R0002614,T0048467,U023976,TPE150,150.0,2025-09-10T02:48:00+08:00,2025-09-10T02:51:00+08:00
R0002615,T0048468,U005795,TPE150,150.0,2025-09-16T08:50:00+08:00,2025-09-16T09:04:00+08:00
R0002616,T0048469,U024263,TPE150,150.0,2025-09-09T20:25:00+08:00,2025-09-09T20:31:00+08:00
R0002617,T0048470,U020141,TPE100,100.0,2025-09-03T06:05:00+08:00,2025-09-03T06:09:00+08:00
R0002618,T0048471,U012544,TPE150,150.0,2025-09-17T23:08:00+08:00,2025-09-17T23:09:00+08:00
R0002619,T0048472,U010188,TPE100,100.0,2025-10-26T19:13:00+08:00,2025-10-26T19:13:00+08:00
R0002620,T0048474,U015338,TPE150,150.0,2025-10-08T11:56:00+08:00,2025-10-08T12:11:00+08:00
R0002621,T0048475,U008498,TPE100,100.0,2025-09-25T14:59:00+08:00,2025-09-25T15:09:00+08:00
R0002622,T0048477,U023694,TPE150,150.0,2025-10-18T03:29:00+08:00,2025-10-18T03:42:00+08:00
R0002623,T0048478,U003458,TPE150,150.0,2025-10-16T10:13:00+08:00,2025-10-16T10:14:00+08:00
R0002624,T0048479,U018984,TPE100,100.0,2025-10-07T00:59:00+08:00,2025-10-07T01:08:00+08:00
R0002625,T0048480,U000417,TPE150,150.0,2025-09-04T07:28:00+08:00,2025-09-04T07:41:00+08:00
R0002626,T0048481,U021741,TPE150,150.0,2025-09-25T23:50:00+08:00,2025-09-25T23:51:00+08:00
R0002627,T0048482,U008912,TPE100,100.0,2025-10-04T15:38:00+08:00,2025-10-04T15:53:00+08:00
R0002628,T0048483,U008912,LOCAL100,100.0,2025-10-08T01:10:00+08:00,2025-10-08T01:20:00+08:00
R0002629,T0048484,U021854,TPE150,150.0,2025-09-11T22:51:00+08:00,2025-09-11T22:55:00+08:00
R0002630,T0048488,U000888,TPE100,100.0,2025-10-06T12:36:00+08:00,2025-10-06T12:37:00+08:00
R0002631,T0048489,U000888,LOCAL100,100.0,2025-10-10T02:35:00+08:00,2025-10-10T02:45:00+08:00
R0002632,T0048490,U015403,TPE100,100.0,2025-09-02T05:52:00+08:00,2025-09-02T05:57:00+08:00
R0002633,T0048491,U024311,TPE150,150.0,2025-09-12T02:35:00+08:00,2025-09-12T02:44:00+08:00
R0002634,T0048492,U024391,TPE150,150.0,2025-09-05T08:12:00+08:00,2025-09-05T08:27:00+08:00
R0002635,T0048494,U029095,TPE100,100.0,2025-10-21T00:15:00+08:00,2025-10-21T00:18:00+08:00
R0002636,T0048495,U029095,LOCAL100,100.0,2025-10-23T16:34:00+08:00,2025-10-23T16:49:00+08:00
R0002637,T0048496,U012140,TPE100,100.0,2025-09-21T14:20:00+08:00,2025-09-21T14:20:00+08:00
R0002638,T0048497,U012140,LOCAL100,100.0,2025-09-26T00:22:00+08:00,2025-09-26T00:27:00+08:00
R0002639,T0048500,U015964,TPE150,150.0,2025-09-17T07:16:00+08:00,2025-09-17T07:19:00+08:00
R0002640,T0048501,U003312,TPE100,100.0,2025-09-06T05:35:00+08:00,2025-09-06T05:50:00+08:00
R0002641,T0048502,U027988,TPE150,150.0,2025-10-04T12:27:00+08:00,2025-10-04T12:34:00+08:00
R0002642,T0048506,U020040,TPE100,100.0,2025-09-25T11:06:00+08:00,2025-09-25T11:13:00+08:00
R0002643,T0048507,U020548,TPE150,150.0,2025-10-13T05:46:00+08:00,2025-10-13T05:46:00+08:00
R0002644,T0048508,U009660,TPE100,100.0,2025-10-19T01:35:00+08:00,2025-10-19T01:50:00+08:00
R0002645,T0048509,U029046,TPE150,150.0,2025-10-16T10:57:00+08:00,2025-10-16T11:02:00+08:00
R0002646,T0048510,U006833,TPE150,150.0,2025-10-04T11:25:00+08:00,2025-10-04T11:38:00+08:00
R0002647,T0048512,U023653,TPE150,150.0,2025-09-14T11:13:00+08:00,2025-09-14T11:23:00+08:00
R0002648,T0048513,U010874,TPE100,100.0,2025-09-27T13:20:00+08:00,2025-09-27T13:25:00+08:00
R0002649,T0048514,U010874,LOCAL100,100.0,2025-10-03T23:29:00+08:00,2025-10-03T23:32:00+08:00
R0002650,T0048517,U027546,TPE150,150.0,2025-10-10T00:33:00+08:00,2025-10-10T00:43:00+08:00
R0002651,T0048519,U029071,TPE150,150.0,2025-10-14T22:18:00+08:00,2025-10-14T22:27:00+08:00
R0002652,T0048520,U023953,TPE100,100.0,2025-09-26T08:11:00+08:00,2025-09-26T08:23:00+08:00
R0002653,T0048521,U023953,LOCAL100,100.0,2025-10-01T02:34:00+08:00,2025-10-01T02:44:00+08:00
R0002654,T0048522,U006939,TPE150,150.0,2025-09-11T15:39:00+08:00,2025-09-11T15:51:00+08:00
R0002655,T0048525,U023386,TPE100,100.0,2025-10-14T08:09:00+08:00,2025-10-14T08:13:00+08:00
R0002656,T0048526,U013967,TPE150,150.0,2025-09-11T16:06:00+08:00,2025-09-11T16:08:00+08:00
R0002657,T0048527,U018244,TPE150,150.0,2025-10-01T00:18:00+08:00,2025-10-01T00:30:00+08:00
R0002658,T0048528,U028988,TPE150,150.0,2025-09-15T08:20:00+08:00,2025-09-15T08:26:00+08:00
R0002659,T0048530,U011528,TPE150,150.0,2025-10-05T03:00:00+08:00,2025-10-05T03:12:00+08:00
R0002660,T0048531,U012339,TPE100,100.0,2025-10-20T08:14:00+08:00,2025-10-20T08:21:00+08:00
R0002661,T0048532,U004263,TPE100,100.0,2025-10-12T00:09:00+08:00,2025-10-12T00:13:00+08:00
R0002662,T0048534,U007836,TPE100,100.0,2025-09-22T07:38:00+08:00,2025-09-22T07:40:00+08:00
R0002663,T0048535,U018467,TPE150,150.0,2025-10-20T05:00:00+08:00,2025-10-20T05:15:00+08:00
R0002664,T0048536,U000124,TPE100,100.0,2025-09-21T04:33:00+08:00,2025-09-21T04:43:00+08:00
R0002665,T0048537,U000181,TPE100,100.0,2025-09-23T01:14:00+08:00,2025-09-23T01:21:00+08:00
R0002666,T0048538,U000181,LOCAL100,100.0,2025-09-29T08:16:00+08:00,2025-09-29T08:20:00+08:00
R0002667,T0048539,U018936,TPE150,150.0,2025-09-23T08:04:00+08:00,2025-09-23T08:09:00+08:00
R0002668,T0048540,U026793,TPE100,100.0,2025-10-01T08:19:00+08:00,2025-10-01T08:19:00+08:00
R0002669,T0048541,U002130,TPE100,100.0,2025-10-12T06:12:00+08:00,2025-10-12T06:15:00+08:00
R0002670,T0048542,U002130,LOCAL100,100.0,2025-10-18T00:34:00+08:00,2025-10-18T00:46:00+08:00
R0002671,T0048543,U020009,TPE150,150.0,2025-09-18T16:53:00+08:00,2025-09-18T16:53:00+08:00
R0002672,T0048544,U003697,TPE150,150.0,2025-10-20T00:42:00+08:00,2025-10-20T00:43:00+08:00
R0002673,T0048545,U008040,TPE150,150.0,2025-09-16T23:52:00+08:00,2025-09-17T00:07:00+08:00
R0002674,T0048547,U021526,TPE100,100.0,2025-10-12T00:39:00+08:00,2025-10-12T00:48:00+08:00
R0002675,T0048548,U025971,TPE150,150.0,2025-09-19T23:05:00+08:00,2025-09-19T23:13:00+08:00
R0002676,T0048549,U022388,TPE100,100.0,2025-09-29T02:04:00+08:00,2025-09-29T02:06:00+08:00
R0002677,T0048550,U022388,LOCAL100,100.0,2025-10-03T09:09:00+08:00,2025-10-03T09:14:00+08:00
R0002678,T0048551,U025935,TPE100,100.0,2025-09-10T09:45:00+08:00,2025-09-10T09:46:00+08:00
R0002679,T0048552,U025935,LOCAL100,100.0,2025-09-12T19:08:00+08:00,2025-09-12T19:23:00+08:00
R0002680,T0048553,U019979,TPE150,150.0,2025-09-17T11:47:00+08:00,2025-09-17T11:53:00+08:00
R0002681,T0048555,U010789,TPE150,150.0,2025-10-02T01:55:00+08:00,2025-10-02T02:06:00+08:00
R0002682,T0048556,U013640,TPE100,100.0,2025-09-30T20:51:00+08:00,2025-09-30T20:57:00+08:00
R0002683,T0048557,U004720,TPE100,100.0,2025-09-04T00:45:00+08:00,2025-09-04T00:52:00+08:00
R0002684,T0048558,U004720,LOCAL100,100.0,2025-09-08T06:53:00+08:00,2025-09-08T07:07:00+08:00
R0002685,T0048559,U004136,TPE150,150.0,2025-09-22T20:51:00+08:00,2025-09-22T20:55:00+08:00
R0002686,T0048560,U007220,TPE150,150.0,2025-10-21T21:10:00+08:00,2025-10-21T21:24:00+08:00
R0002687,T0048563,U027407,TPE100,100.0,2025-10-06T11:18:00+08:00,2025-10-06T11:32:00+08:00
R0002688,T0048564,U027407,LOCAL100,9999,2025-10-07T16:45:00+08:00,2025-10-07T16:45:00+08:00
R0002689,T0048566,U014925,TPE100,100.0,2025-10-15T04:30:00+08:00,2025-10-15T04:31:00+08:00
R0002690,T0048567,U023464,TPE150,150.0,2025-10-11T16:37:00+08:00,2025-10-11T16:40:00+08:00
R0002691,T0048568,U002441,TPE150,150.0,2025-10-19T15:46:00+08:00,2025-10-19T15:54:00+08:00
R0002692,T0048569,U014467,TPE100,100.0,2025-09-12T09:40:00+08:00,2025-09-12T09:54:00+08:00
R0002693,T0048570,U014467,LOCAL100,100.0,2025-09-19T06:45:00+08:00,2025-09-19T06:45:00+08:00
R0002694,T0048572,U022062,TPE100,100.0,2025-09-03T12:09:00+08:00,2025-09-03T12:11:00+08:00
R0002695,T0048573,U026931,TPE100,100.0,2025-10-02T23:57:00+08:00,2025-10-03T00:02:00+08:00
R0002696,T0048574,U029387,TPE100,100.0,2025-09-22T17:26:00+08:00,2025-09-22T17:35:00+08:00
R0002697,T0048575,U003985,TPE150,150.0,2025-09-30T03:58:00+08:00,2025-09-30T04:10:00+08:00
R0002698,T0048576,U012801,TPE150,150.0,2025-10-24T01:36:00+08:00,2025-10-24T01:42:00+08:00
R0002699,T0048580,U005340,TPE100,100.0,2025-09-20T16:26:00+08:00,2025-09-20T16:34:00+08:00
R0002700,T0048581,U005340,LOCAL100,100.0,2025-09-27T00:33:00+08:00,2025-09-27T00:36:00+08:00
R0002701,T0048582,U003043,TPE150,150.0,2025-09-27T11:12:00+08:00,2025-09-27T11:27:00+08:00
R0002702,T0048583,U004597,TPE100,100.0,2025-10-22T11:04:00+08:00,2025-10-22T11:17:00+08:00
R0002703,T0048584,U008867,TPE150,150.0,2025-10-13T00:03:00+08:00,2025-10-13T00:03:00+08:00
R0002704,T0048585,U001205,TPE150,150.0,2025-09-09T15:20:00+08:00,2025-09-09T15:31:00+08:00
R0002705,T0048587,U005655,TPE150,9999,2025-10-12T08:05:00+08:00,2025-10-12T08:16:00+08:00
R0002706,T0048590,U013022,TPE150,150.0,2025-10-23T12:37:00+08:00,2025-10-23T12:51:00+08:00
R0002707,T0048591,U023854,TPE100,100.0,2025-09-14T08:22:00+08:00,2025-09-14T08:27:00+08:00
R0002708,T0048593,U021385,TPE100,100.0,2025-09-09T20:38:00+08:00,2025-09-09T20:48:00+08:00
R0002709,T0048595,U005267,TPE100,100.0,2025-10-22T22:28:00+08:00,2025-10-22T22:42:00+08:00
R0002710,T0048597,U019434,TPE100,100.0,2025-10-02T09:31:00+08:00,2025-10-02T09:41:00+08:00
R0002711,T0048598,U016358,TPE150,150.0,2025-09-29T09:04:00+08:00,2025-09-29T09:18:00+08:00
R0002712,T0048602,U028826,TPE100,100.0,2025-09-29T09:19:00+08:00,2025-09-29T09:20:00+08:00
R0002713,T0048603,U028826,LOCAL100,100.0,2025-10-01T12:02:00+08:00,2025-10-01T12:16:00+08:00
R0002714,T0048604,U007857,TPE100,100.0,2025-09-21T11:05:00+08:00,2025-09-21T11:18:00+08:00
R0002715,T0048605,U007857,LOCAL100,100.0,2025-09-27T19:32:00+08:00,2025-09-27T19:44:00+08:00
R0002716,T0048606,U024348,TPE100,100.0,2025-10-24T11:24:00+08:00,2025-10-24T11:25:00+08:00
R0002717,T0048607,U008470,TPE100,100.0,2025-10-26T08:47:00+08:00,2025-10-26T08:58:00+08:00
R0002718,T0048608,U008470,LOCAL100,100.0,2025-10-29T14:46:00+08:00,2025-10-29T14:59:00+08:00
R0002719,T0048610,U020138,TPE150,150.0,2025-10-15T00:24:00+08:00,2025-10-15T00:33:00+08:00
R0002720,T0048611,U012599,TPE150,150.0,2025-09-01T08:56:00+08:00,2025-09-01T09:06:00+08:00
R0002721,T0048613,U028692,TPE150,150.0,2025-09-08T09:40:00+08:00,2025-09-08T09:45:00+08:00
R0002722,T0048615,U008501,TPE150,150.0,2025-10-19T00:36:00+08:00,2025-10-19T00:50:00+08:00
R0002723,T0048618,U016842,TPE150,150.0,2025-10-08T12:51:00+08:00,2025-10-08T12:52:00+08:00
R0002724,T0048619,U027829,TPE100,100.0,2025-09-13T13:29:00+08:00,2025-09-13T13:31:00+08:00
R0002725,T0048620,U020740,TPE150,150.0,2025-09-17T08:34:00+08:00,2025-09-17T08:37:00+08:00
R0002726,T0048621,U009813,TPE150,150.0,2025-10-04T10:30:00+08:00,2025-10-04T10:44:00+08:00
R0002727,T0048622,U000236,TPE100,100.0,2025-10-22T00:04:00+08:00,2025-10-22T00:10:00+08:00
R0002728,T0048623,U005191,TPE100,100.0,2025-10-26T07:16:00+08:00,2025-10-26T07:18:00+08:00
R0002729,T0048624,U005191,LOCAL100,100.0,2025-10-27T14:25:00+08:00,2025-10-27T14:32:00+08:00
R0002730,T0048625,U013802,TPE100,100.0,2025-09-21T11:37:00+08:00,2025-09-21T11:40:00+08:00
R0002731,T0048626,U013802,LOCAL100,100.0,2025-09-27T00:30:00+08:00,2025-09-27T00:31:00+08:00
R0002732,T0048628,U001526,TPE100,100.0,2025-09-22T17:48:00+08:00,2025-09-22T17:53:00+08:00
R0002733,T0048629,U001526,LOCAL100,100.0,2025-09-29T07:12:00+08:00,2025-09-29T07:12:00+08:00
R0002734,T0048630,U016536,TPE100,100.0,2025-09-19T07:49:00+08:00,2025-09-19T07:57:00+08:00
R0002735,T0048631,U016536,LOCAL100,100.0,2025-09-23T02:02:00+08:00,2025-09-23T02:09:00+08:00
R0002736,T0048632,U012669,TPE150,150.0,2025-10-04T21:10:00+08:00,2025-10-04T21:21:00+08:00
R0002737,T0048633,U008936,TPE150,150.0,2025-10-26T01:30:00+08:00,2025-10-26T01:43:00+08:00
R0002738,T0048634,U000701,TPE100,100.0,2025-10-16T07:12:00+08:00,2025-10-16T07:15:00+08:00
R0002739,T0048635,U003060,TPE150,150.0,2025-10-05T11:59:00+08:00,2025-10-05T12:08:00+08:00
R0002740,T0048636,U001855,TPE150,150.0,2025-10-02T08:01:00+08:00,2025-10-02T08:15:00+08:00
R0002741,T0048637,U025681,TPE100,100.0,2025-09-18T02:19:00+08:00,2025-09-18T02:33:00+08:00
R0002742,T0048638,U025681,LOCAL100,100.0,2025-09-23T06:15:00+08:00,2025-09-23T06:22:00+08:00
R0002743,T0048640,U026182,TPE100,100.0,2025-09-01T11:41:00+08:00,2025-09-01T11:49:00+08:00
R0002744,T0048641,U021956,TPE150,150.0,2025-10-19T01:22:00+08:00,2025-10-19T01:22:00+08:00
R0002745,T0048643,U012833,TPE150,150.0,2025-10-02T12:16:00+08:00,2025-10-02T12:24:00+08:00
R0002746,T0048645,U015502,TPE100,100.0,2025-10-06T20:41:00+08:00,2025-10-06T20:45:00+08:00
R0002747,T0048646,U013568,TPE100,100.0,2025-09-02T01:56:00+08:00,2025-09-02T01:59:00+08:00
R0002748,T0048647,U013568,LOCAL100,100.0,2025-09-03T11:31:00+08:00,2025-09-03T11:42:00+08:00
R0002749,T0048648,U001701,TPE100,100.0,2025-09-06T13:01:00+08:00,2025-09-06T13:03:00+08:00
R0002750,T0048649,U006544,TPE100,100.0,2025-09-28T07:11:00+08:00,2025-09-28T07:11:00+08:00
R0002751,T0048650,U004639,TPE150,150.0,2025-09-16T01:39:00+08:00,2025-09-16T01:46:00+08:00
R0002752,T0048651,U011183,TPE150,150.0,2025-09-12T02:46:00+08:00,2025-09-12T02:59:00+08:00
R0002753,T0048653,U029831,TPE100,100.0,2025-10-05T12:25:00+08:00,2025-10-05T12:38:00+08:00
R0002754,T0048654,U013745,TPE100,100.0,2025-10-07T15:59:00+08:00,2025-10-07T16:14:00+08:00
R0002755,T0048656,U006059,TPE150,150.0,2025-09-28T21:33:00+08:00,2025-09-28T21:47:00+08:00
R0002756,T0048658,U029667,TPE100,100.0,2025-09-15T10:32:00+08:00,2025-09-15T10:32:00+08:00
R0002757,T0048659,U029667,LOCAL100,100.0,2025-09-19T16:14:00+08:00,2025-09-19T16:18:00+08:00
R0002758,T0048660,U014801,TPE150,150.0,2025-09-20T18:10:00+08:00,2025-09-20T18:23:00+08:00
R0002759,T0048663,U008947,TPE150,150.0,2025-09-24T00:03:00+08:00,2025-09-24T00:04:00+08:00
R0002760,T0048664,U015697,TPE100,100.0,2025-09-27T14:47:00+08:00,2025-09-27T14:54:00+08:00
R0002761,T0048665,U009015,TPE150,150.0,2025-09-10T22:10:00+08:00,2025-09-10T22:21:00+08:00
R0002762,T0048666,U023035,TPE150,150.0,2025-10-16T21:39:00+08:00,2025-10-16T21:54:00+08:00
R0002763,T0048669,U016328,TPE150,150.0,2025-10-03T23:02:00+08:00,2025-10-03T23:05:00+08:00
R0002764,T0048670,U011729,TPE150,150.0,2025-10-04T13:41:00+08:00,2025-10-04T13:48:00+08:00
R0002765,T0048672,U014548,TPE100,100.0,2025-10-16T01:02:00+08:00,2025-10-16T01:05:00+08:00
R0002766,T0048673,U014548,LOCAL100,100.0,2025-10-17T20:28:00+08:00,2025-10-17T20:36:00+08:00
R0002767,T0048674,U025697,TPE100,100.0,2025-09-21T19:32:00+08:00,2025-09-21T19:40:00+08:00
R0002768,T0048675,U028381,TPE150,150.0,2025-10-19T11:28:00+08:00,2025-10-19T11:38:00+08:00
R0002769,T0048676,U020232,TPE100,100.0,2025-09-09T03:55:00+08:00,2025-09-09T04:00:00+08:00
R0002770,T0048677,U004930,TPE100,100.0,2025-09-22T16:17:00+08:00,2025-09-22T16:24:00+08:00
R0002771,T0048678,U003503,TPE100,100.0,2025-10-04T13:48:00+08:00,2025-10-04T13:56:00+08:00
R0002772,T0048680,U018719,TPE100,100.0,2025-10-14T01:41:00+08:00,2025-10-14T01:48:00+08:00
R0002773,T0048681,U026515,TPE150,150.0,2025-09-09T16:25:00+08:00,2025-09-09T16:35:00+08:00
R0002774,T0048683,U003642,TPE150,150.0,2025-09-10T08:58:00+08:00,2025-09-10T09:13:00+08:00
R0002775,T0048686,U011393,TPE150,150.0,2025-10-26T18:01:00+08:00,2025-10-26T18:13:00+08:00
R0002776,T0048687,U001143,TPE150,150.0,2025-10-03T19:57:00+08:00,2025-10-03T19:57:00+08:00
R0002777,T0048688,U001245,TPE150,150.0,2025-10-20T22:22:00+08:00,2025-10-20T22:36:00+08:00
R0002778,T0048689,U012936,TPE100,100.0,2025-09-09T07:36:00+08:00,2025-09-09T07:45:00+08:00
R0002779,T0048690,U018852,TPE150,150.0,2025-09-15T02:34:00+08:00,2025-09-15T02:38:00+08:00
R0002780,T0048691,U011913,TPE150,150.0,2025-09-14T00:11:00+08:00,2025-09-14T00:12:00+08:00
R0002781,T0048692,U002257,TPE100,100.0,2025-10-17T21:59:00+08:00,2025-10-17T22:09:00+08:00
R0002782,T0048693,U023412,TPE100,100.0,2025-10-14T00:18:00+08:00,2025-10-14T00:21:00+08:00
R0002783,T0048694,U023412,LOCAL100,100.0,2025-10-16T20:00:00+08:00,2025-10-16T20:12:00+08:00
R0002784,T0048695,U008800,TPE150,150.0,2025-09-29T02:06:00+08:00,2025-09-29T02:11:00+08:00
R0002785,T0048697,U011546,TPE100,100.0,2025-10-17T18:54:00+08:00,2025-10-17T19:04:00+08:00
R0002786,T0048698,U011546,LOCAL100,100.0,2025-10-19T03:16:00+08:00,2025-10-19T03:27:00+08:00
R0002787,T0048701,U001879,TPE100,100.0,2025-10-15T01:47:00+08:00,2025-10-15T01:52:00+08:00
R0002788,T0048702,U022346,TPE100,100.0,2025-09-09T03:08:00+08:00,2025-09-09T03:22:00+08:00
R0002789,T0048704,U019736,TPE150,150.0,2025-09-18T12:31:00+08:00,2025-09-18T12:42:00+08:00
R0002790,T0048706,U010215,TPE150,150.0,2025-10-21T23:07:00+08:00,2025-10-21T23:14:00+08:00
R0002791,T0048708,U028811,TPE150,150.0,2025-10-26T09:46:00+08:00,2025-10-26T10:01:00+08:00
R0002792,T0048709,U021904,TPE100,100.0,2025-10-25T15:43:00+08:00,2025-10-25T15:44:00+08:00
R0002793,T0048710,U021904,LOCAL100,100.0,2025-10-28T20:29:00+08:00,2025-10-28T20:39:00+08:00
R0002794,T0048713,U029169,TPE150,150.0,2025-09-23T22:36:00+08:00,2025-09-23T22:48:00+08:00
R0002795,T0048715,U024933,TPE100,100.0,2025-10-23T03:45:00+08:00,2025-10-23T03:49:00+08:00
R0002796,T0048717,U029665,TPE100,100.0,2025-09-28T08:45:00+08:00,2025-09-28T08:57:00+08:00
R0002797,T0048718,U005426,TPE150,150.0,2025-10-13T10:15:00+08:00,2025-10-13T10:21:00+08:00
R0002798,T0048719,U005214,TPE100,100.0,2025-09-20T03:54:00+08:00,2025-09-20T04:00:00+08:00
R0002799,T0048720,U005214,LOCAL100,100.0,2025-09-25T08:38:00+08:00,2025-09-25T08:38:00+08:00
R0002800,T0048721,U000131,TPE100,100.0,2025-09-06T22:59:00+08:00,2025-09-06T23:06:00+08:00
R0002801,T0048722,U015562,TPE150,150.0,2025-10-07T05:47:00+08:00,2025-10-07T06:02:00+08:00
R0002802,T0048723,U029412,TPE150,150.0,2025-10-08T18:24:00+08:00,2025-10-08T18:33:00+08:00
R0002803,T0048724,U013036,TPE100,100.0,2025-10-19T19:27:00+08:00,2025-10-19T19:32:00+08:00
R0002804,T0048725,U009743,TPE150,150.0,2025-10-08T11:18:00+08:00,2025-10-08T11:31:00+08:00
R0002805,T0048728,U024330,TPE150,150.0,2025-09-25T20:16:00+08:00,2025-09-25T20:26:00+08:00
R0002806,T0048729,U029308,TPE100,100.0,2025-09-25T09:07:00+08:00,2025-09-25T09:10:00+08:00
R0002807,T0048730,U029308,LOCAL100,100.0,2025-10-01T15:04:00+08:00,2025-10-01T15:08:00+08:00
R0002808,T0048732,U013690,TPE150,150.0,2025-10-11T19:02:00+08:00,2025-10-11T19:14:00+08:00
R0002809,T0048733,U029469,TPE100,100.0,2025-09-17T22:39:00+08:00,2025-09-17T22:50:00+08:00
R0002810,T0048734,U029469,LOCAL100,100.0,2025-09-20T16:33:00+08:00,2025-09-20T16:39:00+08:00
R0002811,T0048735,U001306,TPE100,100.0,2025-09-13T17:16:00+08:00,2025-09-13T17:25:00+08:00
R0002812,T0048736,U005956,TPE100,100.0,2025-09-18T05:03:00+08:00,2025-09-18T05:09:00+08:00
R0002813,T0048737,U008962,TPE100,100.0,2025-09-13T09:16:00+08:00,2025-09-13T09:16:00+08:00
R0002814,T0048738,U008962,LOCAL100,100.0,2025-09-16T14:06:00+08:00,2025-09-16T14:06:00+08:00
R0002815,T0048739,U029785,TPE150,150.0,2025-10-01T04:44:00+08:00,2025-10-01T04:49:00+08:00
R0002816,T0048740,U028265,TPE150,150.0,2025-10-13T12:09:00+08:00,2025-10-13T12:15:00+08:00
R0002817,T0048741,U008649,TPE100,100.0,2025-09-11T07:10:00+08:00,2025-09-11T07:15:00+08:00
R0002818,T0048743,U002151,TPE100,100.0,2025-09-02T21:16:00+08:00,2025-09-02T21:30:00+08:00
R0002819,T0048744,U002151,LOCAL100,100.0,2025-09-09T01:35:00+08:00,2025-09-09T01:37:00+08:00
R0002820,T0048745,U024819,TPE100,100.0,2025-10-02T11:16:00+08:00,2025-10-02T11:17:00+08:00
R0002821,T0048746,U024819,LOCAL100,100.0,2025-10-09T03:10:00+08:00,2025-10-09T03:12:00+08:00
R0002822,T0048747,U016699,TPE100,100.0,2025-09-20T11:10:00+08:00,2025-09-20T11:12:00+08:00
R0002823,T0048748,U016699,LOCAL100,100.0,2025-09-21T13:33:00+08:00,2025-09-21T13:46:00+08:00
R0002824,T0048749,U002845,TPE100,100.0,2025-09-21T11:49:00+08:00,2025-09-21T12:04:00+08:00
R0002825,T0048750,U002845,LOCAL100,100.0,2025-09-27T01:49:00+08:00,2025-09-27T01:57:00+08:00
R0002826,T0048751,U005990,TPE150,150.0,2025-09-08T11:03:00+08:00,2025-09-08T11:15:00+08:00
R0002827,T0048753,U012894,TPE100,100.0,2025-10-26T04:31:00+08:00,2025-10-26T04:44:00+08:00
R0002828,T0048754,U012894,LOCAL100,100.0,2025-10-31T07:11:00+08:00,2025-10-31T07:24:00+08:00
R0002829,T0048755,U029712,TPE150,150.0,2025-10-02T23:26:00+08:00,2025-10-02T23:40:00+08:00
R0002830,T0048756,U008727,TPE100,100.0,2025-09-12T02:46:00+08:00,2025-09-12T02:59:00+08:00
R0002831,T0048757,U008727,LOCAL100,100.0,2025-09-17T16:01:00+08:00,2025-09-17T16:13:00+08:00
R0002832,T0048758,U014386,TPE150,150.0,2025-09-02T10:46:00+08:00,2025-09-02T10:49:00+08:00
R0002833,T0048759,U020746,TPE150,150.0,2025-10-04T09:34:00+08:00,2025-10-04T09:40:00+08:00
R0002834,T0048761,U022555,TPE100,100.0,2025-10-22T17:37:00+08:00,2025-10-22T17:38:00+08:00
R0002835,T0048762,U022555,LOCAL100,100.0,2025-10-26T22:02:00+08:00,2025-10-26T22:07:00+08:00
R0002836,T0048763,U028593,TPE100,100.0,2025-09-22T13:00:00+08:00,2025-09-22T13:06:00+08:00
R0002837,T0048765,U027901,TPE100,100.0,2025-09-06T09:05:00+08:00,2025-09-06T09:18:00+08:00
R0002838,T0048766,U027901,LOCAL100,100.0,2025-09-09T19:35:00+08:00,2025-09-09T19:38:00+08:00
R0002839,T0048767,U014658,TPE150,9999,2025-09-26T23:32:00+08:00,2025-09-26T23:42:00+08:00
R0002840,T0048769,U029569,TPE100,100.0,2025-10-04T23:50:00+08:00,2025-10-04T23:53:00+08:00
R0002841,T0048770,U007746,TPE100,100.0,2025-09-27T21:05:00+08:00,2025-09-27T21:15:00+08:00
R0002842,T0048771,U007746,LOCAL100,100.0,2025-10-02T09:05:00+08:00,2025-10-02T09:13:00+08:00
R0002843,T0048772,U008312,TPE150,150.0,2025-10-20T22:32:00+08:00,2025-10-20T22:34:00+08:00
R0002844,T0048773,U006582,TPE100,100.0,2025-10-13T04:30:00+08:00,2025-10-13T04:33:00+08:00
R0002845,T0048775,U008747,TPE150,150.0,2025-10-09T01:25:00+08:00,2025-10-09T01:31:00+08:00
R0002846,T0048776,U027912,TPE150,150.0,2025-09-30T19:13:00+08:00,2025-09-30T19:14:00+08:00
R0002847,T0048778,U001834,TPE100,100.0,2025-09-28T23:06:00+08:00,2025-09-28T23:18:00+08:00
R0002848,T0048779,U001834,LOCAL100,100.0,2025-10-03T10:46:00+08:00,2025-10-03T10:56:00+08:00
R0002849,T0048780,U001587,TPE100,100.0,2025-10-22T16:37:00+08:00,2025-10-22T16:42:00+08:00
R0002850,T0048781,U001587,LOCAL100,100.0,2025-10-27T21:03:00+08:00,2025-10-27T21:15:00+08:00
R0002851,T0048782,U017313,TPE150,150.0,2025-09-19T17:55:00+08:00,2025-09-19T18:10:00+08:00
R0002852,T0048783,U025963,TPE100,100.0,2025-09-20T01:40:00+08:00,2025-09-20T01:49:00+08:00
R0002853,T0048784,U015273,TPE100,100.0,2025-09-07T11:29:00+08:00,2025-09-07T11:44:00+08:00
R0002854,T0048785,U015273,LOCAL100,100.0,2025-09-13T05:38:00+08:00,2025-09-13T05:40:00+08:00
R0002855,T0048786,U020205,TPE150,150.0,2025-10-24T12:07:00+08:00,2025-10-24T12:08:00+08:00
R0002856,T0048787,U027067,TPE100,100.0,2025-09-29T01:40:00+08:00,2025-09-29T01:48:00+08:00
R0002857,T0048788,U027067,LOCAL100,100.0,2025-10-01T11:27:00+08:00,2025-10-01T11:41:00+08:00
R0002858,T0048789,U024145,TPE150,150.0,2025-10-09T02:08:00+08:00,2025-10-09T02:12:00+08:00
R0002859,T0048791,U022024,TPE100,100.0,2025-10-23T01:54:00+08:00,2025-10-23T01:59:00+08:00
R0002860,T0048792,U022024,LOCAL100,100.0,2025-10-28T02:08:00+08:00,2025-10-28T02:16:00+08:00
R0002861,T0048793,U025114,TPE150,150.0,2025-10-03T08:10:00+08:00,2025-10-03T08:24:00+08:00
R0002862,T0048794,U001593,TPE150,150.0,2025-10-23T09:05:00+08:00,2025-10-23T09:17:00+08:00
R0002863,T0048795,U004379,TPE150,150.0,2025-09-25T01:52:00+08:00,2025-09-25T01:57:00+08:00
R0002864,T0048796,U022886,TPE100,100.0,2025-10-25T07:50:00+08:00,2025-10-25T07:55:00+08:00
R0002865,T0048797,U022886,LOCAL100,100.0,2025-10-27T11:38:00+08:00,2025-10-27T11:47:00+08:00
R0002866,T0048798,U013580,TPE100,100.0,2025-09-18T09:37:00+08:00,2025-09-18T09:38:00+08:00
R0002867,T0048799,U013580,LOCAL100,100.0,2025-09-19T14:18:00+08:00,2025-09-19T14:20:00+08:00
R0002868,T0048800,U011189,TPE150,150.0,2025-09-19T22:12:00+08:00,2025-09-19T22:12:00+08:00
R0002869,T0048801,U008560,TPE100,100.0,2025-10-25T11:40:00+08:00,2025-10-25T11:47:00+08:00
R0002870,T0048802,U000627,TPE100,100.0,2025-09-26T03:43:00+08:00,2025-09-26T03:52:00+08:00
R0002871,T0048803,U021018,TPE150,150.0,2025-09-20T01:24:00+08:00,2025-09-20T01:33:00+08:00
R0002872,T0048805,U028223,TPE150,150.0,2025-10-13T04:59:00+08:00,2025-10-13T05:03:00+08:00
R0002873,T0048806,U005375,TPE150,150.0,2025-10-17T09:11:00+08:00,2025-10-17T09:23:00+08:00
R0002874,T0048808,U022453,TPE150,150.0,2025-10-19T11:59:00+08:00,2025-10-19T12:12:00+08:00
R0002875,T0048809,U010313,TPE150,150.0,2025-10-09T23:06:00+08:00,2025-10-09T23:06:00+08:00
R0002876,T0048811,U015915,TPE100,100.0,2025-09-27T23:58:00+08:00,2025-09-28T00:04:00+08:00
R0002877,T0048812,U009251,TPE100,100.0,2025-10-22T15:30:00+08:00,2025-10-22T15:32:00+08:00
R0002878,T0048813,U003011,TPE100,100.0,2025-10-14T13:06:00+08:00,2025-10-14T13:07:00+08:00
R0002879,T0048814,U021069,TPE100,100.0,2025-09-23T13:41:00+08:00,2025-09-23T13:56:00+08:00
R0002880,T0048815,U010371,TPE150,150.0,2025-09-12T23:32:00+08:00,2025-09-12T23:34:00+08:00
R0002881,T0048817,U020795,TPE100,100.0,2025-09-22T00:32:00+08:00,2025-09-22T00:44:00+08:00
R0002882,T0048818,U022583,TPE150,150.0,2025-09-08T02:41:00+08:00,2025-09-08T02:41:00+08:00
R0002883,T0048819,U009975,TPE150,150.0,2025-10-07T23:02:00+08:00,2025-10-07T23:08:00+08:00
R0002884,T0048820,U021057,TPE150,150.0,2025-10-14T01:36:00+08:00,2025-10-14T01:38:00+08:00
R0002885,T0048823,U013900,TPE150,150.0,2025-09-30T00:45:00+08:00,2025-09-30T00:45:00+08:00
R0002886,T0048824,U023507,TPE100,100.0,2025-10-23T13:46:00+08:00,2025-10-23T13:57:00+08:00
R0002887,T0048825,U027889,TPE100,100.0,2025-09-18T21:31:00+08:00,2025-09-18T21:44:00+08:00
R0002888,T0048826,U016572,TPE150,150.0,2025-10-05T19:41:00+08:00,2025-10-05T19:43:00+08:00
R0002889,T0048827,U000008,TPE100,100.0,2025-10-22T13:26:00+08:00,2025-10-22T13:39:00+08:00
R0002890,T0048829,U006441,TPE100,100.0,2025-09-21T17:23:00+08:00,2025-09-21T17:24:00+08:00
R0002891,T0048830,U006441,LOCAL100,100.0,2025-09-26T06:12:00+08:00,2025-09-26T06:21:00+08:00
R0002892,T0048833,U015807,TPE150,150.0,2025-10-02T09:18:00+08:00,2025-10-02T09:18:00+08:00
R0002893,T0048834,U013547,TPE150,150.0,2025-09-20T10:13:00+08:00,2025-09-20T10:19:00+08:00
R0002894,T0048835,U022368,TPE100,100.0,2025-10-06T01:44:00+08:00,2025-10-06T01:50:00+08:00
R0002895,T0048836,U028141,TPE150,150.0,2025-09-29T09:11:00+08:00,2025-09-29T09:16:00+08:00
R0002896,T0048837,U012280,TPE150,150.0,2025-10-12T10:05:00+08:00,2025-10-12T10:15:00+08:00
R0002897,T0048838,U017192,TPE150,150.0,2025-10-11T20:10:00+08:00,2025-10-11T20:25:00+08:00
R0002898,T0048840,U016334,TPE100,100.0,2025-09-21T22:16:00+08:00,2025-09-21T22:21:00+08:00
R0002899,T0048841,U029898,TPE100,100.0,2025-10-16T14:35:00+08:00,2025-10-16T14:40:00+08:00
R0002900,T0048842,U029898,LOCAL100,100.0,2025-10-20T07:48:00+08:00,2025-10-20T07:52:00+08:00
R0002901,T0048843,U000827,TPE150,150.0,2025-09-12T10:28:00+08:00,2025-09-12T10:37:00+08:00
R0002902,T0048844,U000046,TPE100,100.0,2025-10-16T01:28:00+08:00,2025-10-16T01:29:00+08:00
R0002903,T0048845,U000046,LOCAL100,100.0,2025-10-22T18:14:00+08:00,2025-10-22T18:20:00+08:00
R0002904,T0048847,U012416,TPE100,100.0,2025-10-24T08:11:00+08:00,2025-10-24T08:18:00+08:00
R0002905,T0048849,U005621,TPE150,150.0,2025-09-12T11:58:00+08:00,2025-09-12T12:05:00+08:00
R0002906,T0048850,U022219,TPE150,150.0,2025-09-04T15:33:00+08:00,2025-09-04T15:41:00+08:00
R0002907,T0048851,U006891,TPE100,100.0,2025-10-16T00:55:00+08:00,2025-10-16T00:56:00+08:00
R0002908,T0048852,U013396,TPE100,100.0,2025-10-12T21:03:00+08:00,2025-10-12T21:12:00+08:00
R0002909,T0048853,U013396,LOCAL100,100.0,2025-10-17T04:51:00+08:00,2025-10-17T04:52:00+08:00
R0002910,T0048854,U027720,TPE100,100.0,2025-10-21T11:26:00+08:00,2025-10-21T11:36:00+08:00
R0002911,T0048855,U027720,LOCAL100,100.0,2025-10-26T05:25:00+08:00,2025-10-26T05:33:00+08:00
R0002912,T0048856,U018455,TPE100,100.0,2025-10-20T23:44:00+08:00,2025-10-20T23:51:00+08:00
R0002913,T0048858,U018437,TPE100,100.0,2025-09-15T05:59:00+08:00,2025-09-15T06:03:00+08:00
R0002914,T0048859,U019219,TPE100,100.0,2025-10-25T08:48:00+08:00,2025-10-25T08:52:00+08:00
R0002915,T0048860,U019219,LOCAL100,100.0,2025-10-30T15:38:00+08:00,2025-10-30T15:40:00+08:00
R0002916,T0048861,U007389,TPE150,150.0,2025-09-28T15:45:00+08:00,2025-09-28T15:54:00+08:00
R0002917,T0048863,U000768,TPE100,100.0,2025-09-24T09:18:00+08:00,2025-09-24T09:26:00+08:00
R0002918,T0048864,U018480,TPE100,100.0,2025-10-14T11:19:00+08:00,2025-10-14T11:28:00+08:00
R0002919,T0048865,U018480,LOCAL100,100.0,2025-10-16T04:48:00+08:00,2025-10-16T04:57:00+08:00
R0002920,T0048866,U021113,TPE150,150.0,2025-09-24T01:34:00+08:00,2025-09-24T01:45:00+08:00
R0002921,T0048867,U009121,TPE100,100.0,2025-09-23T08:59:00+08:00,2025-09-23T09:08:00+08:00
R0002922,T0048870,U002319,TPE150,9999,2025-10-05T13:12:00+08:00,2025-10-05T13:16:00+08:00
R0002923,T0048872,U009866,TPE150,150.0,2025-10-11T01:00:00+08:00,2025-10-11T01:00:00+08:00
R0002924,T0048874,U010410,TPE100,100.0,2025-09-11T23:55:00+08:00,2025-09-12T00:03:00+08:00
R0002925,T0048875,U010410,LOCAL100,100.0,2025-09-13T09:08:00+08:00,2025-09-13T09:17:00+08:00
R0002926,T0048876,U003392,TPE150,150.0,2025-10-07T12:20:00+08:00,2025-10-07T12:25:00+08:00
R0002927,T0048878,U012400,TPE100,100.0,2025-09-24T03:31:00+08:00,2025-09-24T03:35:00+08:00
R0002928,T0048879,U012400,LOCAL100,100.0,2025-09-26T19:40:00+08:00,2025-09-26T19:40:00+08:00
R0002929,T0048880,U014673,TPE100,100.0,2025-09-25T12:17:00+08:00,2025-09-25T12:19:00+08:00
R0002930,T0048881,U014673,LOCAL100,100.0,2025-09-26T23:29:00+08:00,2025-09-26T23:41:00+08:00
R0002931,T0048882,U024460,TPE150,150.0,2025-09-05T11:57:00+08:00,2025-09-05T12:12:00+08:00
R0002932,T0048883,U008318,TPE100,100.0,2025-09-07T09:21:00+08:00,2025-09-07T09:33:00+08:00
R0002933,T0048884,U016145,TPE100,100.0,2025-10-13T05:51:00+08:00,2025-10-13T05:56:00+08:00
R0002934,T0048885,U004942,TPE100,100.0,2025-10-11T02:10:00+08:00,2025-10-11T02:16:00+08:00
R0002935,T0048886,U023369,TPE100,100.0,2025-10-01T00:49:00+08:00,2025-10-01T00:49:00+08:00
R0002936,T0048887,U008078,TPE150,150.0,2025-10-20T03:44:00+08:00,2025-10-20T03:53:00+08:00
R0002937,T0048888,U011554,TPE150,150.0,2025-10-22T21:01:00+08:00,2025-10-22T21:14:00+08:00
R0002938,T0048889,U022650,TPE150,150.0,2025-10-23T10:39:00+08:00,2025-10-23T10:48:00+08:00
R0002939,T0048891,U021437,TPE100,100.0,2025-09-25T21:55:00+08:00,2025-09-25T22:02:00+08:00
R0002940,T0048892,U012195,TPE100,100.0,2025-10-03T11:37:00+08:00,2025-10-03T11:49:00+08:00
R0002941,T0048893,U012195,LOCAL100,100.0,2025-10-08T18:43:00+08:00,2025-10-08T18:54:00+08:00
R0002942,T0048894,U021426,TPE100,100.0,2025-09-18T08:57:00+08:00,2025-09-18T09:04:00+08:00
R0002943,T0048895,U021426,LOCAL100,100.0,2025-09-20T16:07:00+08:00,2025-09-20T16:13:00+08:00
R0002944,T0048896,U016627,TPE150,150.0,2025-10-13T23:45:00+08:00,2025-10-13T23:55:00+08:00
R0002945,T0048898,U026642,TPE150,150.0,2025-09-29T22:10:00+08:00,2025-09-29T22:23:00+08:00
R0002946,T0048899,U011914,TPE100,100.0,2025-09-17T23:33:00+08:00,2025-09-17T23:33:00+08:00
R0002947,T0048900,U011914,LOCAL100,100.0,2025-09-20T00:47:00+08:00,2025-09-20T00:59:00+08:00
R0002948,T0048901,U017612,TPE150,150.0,2025-09-08T04:32:00+08:00,2025-09-08T04:42:00+08:00
R0002949,T0048902,U027355,TPE100,100.0,2025-09-04T05:20:00+08:00,2025-09-04T05:25:00+08:00
R0002950,T0048904,U008576,TPE100,100.0,2025-10-16T02:28:00+08:00,2025-10-16T02:40:00+08:00
R0002951,T0048905,U009424,TPE100,100.0,2025-09-21T13:08:00+08:00,2025-09-21T13:19:00+08:00
R0002952,T0048906,U009424,LOCAL100,100.0,2025-09-25T21:46:00+08:00,2025-09-25T21:55:00+08:00
R0002953,T0048907,U005100,TPE100,100.0,2025-09-09T12:25:00+08:00,2025-09-09T12:39:00+08:00
R0002954,T0048908,U005100,LOCAL100,100.0,2025-09-11T01:38:00+08:00,2025-09-11T01:51:00+08:00
R0002955,T0048909,U012475,TPE100,100.0,2025-09-04T18:58:00+08:00,2025-09-04T19:00:00+08:00
R0002956,T0048911,U006695,TPE100,100.0,2025-09-24T01:06:00+08:00,2025-09-24T01:12:00+08:00
R0002957,T0048912,U006695,LOCAL100,100.0,2025-09-30T17:48:00+08:00,2025-09-30T18:02:00+08:00
R0002958,T0048913,U010729,TPE100,100.0,2025-09-20T16:58:00+08:00,2025-09-20T17:10:00+08:00
R0002959,T0048914,U010729,LOCAL100,100.0,2025-09-21T17:25:00+08:00,2025-09-21T17:34:00+08:00
R0002960,T0048915,U017558,TPE150,150.0,2025-10-16T05:53:00+08:00,2025-10-16T06:05:00+08:00
R0002961,T0048917,U000535,TPE150,150.0,2025-09-15T11:14:00+08:00,2025-09-15T11:15:00+08:00
R0002962,T0048918,U017277,TPE100,100.0,2025-09-03T19:59:00+08:00,2025-09-03T20:03:00+08:00
R0002963,T0048920,U000170,TPE100,100.0,2025-09-13T13:32:00+08:00,2025-09-13T13:40:00+08:00
R0002964,T0048921,U023016,TPE100,100.0,2025-09-25T01:12:00+08:00,2025-09-25T01:24:00+08:00
R0002965,T0048922,U023016,LOCAL100,100.0,2025-09-28T18:02:00+08:00,2025-09-28T18:17:00+08:00
R0002966,T0048923,U018908,TPE150,150.0,2025-10-25T20:09:00+08:00,2025-10-25T20:13:00+08:00
R0002967,T0048925,U028335,TPE100,100.0,2025-09-09T23:57:00+08:00,2025-09-10T00:06:00+08:00
R0002968,T0048926,U028335,LOCAL100,100.0,2025-09-12T11:41:00+08:00,2025-09-12T11:50:00+08:00
R0002969,T0048927,U027894,TPE100,100.0,2025-09-15T22:07:00+08:00,2025-09-15T22:08:00+08:00
R0002970,T0048928,U027894,LOCAL100,100.0,2025-09-17T06:50:00+08:00,2025-09-17T06:59:00+08:00
R0002971,T0048929,U012379,TPE100,100.0,2025-09-06T03:01:00+08:00,2025-09-06T03:14:00+08:00
R0002972,T0048930,U006863,TPE150,150.0,2025-10-01T03:46:00+08:00,2025-10-01T03:46:00+08:00
R0002973,T0048931,U021250,TPE100,100.0,2025-10-23T18:42:00+08:00,2025-10-23T18:51:00+08:00
R0002974,T0048932,U021096,TPE150,150.0,2025-09-23T03:34:00+08:00,2025-09-23T03:41:00+08:00
R0002975,T0048933,U012162,TPE150,150.0,2025-10-04T04:23:00+08:00,2025-10-04T04:23:00+08:00
R0002976,T0048934,U027669,TPE150,150.0,2025-09-06T06:49:00+08:00,2025-09-06T06:57:00+08:00
R0002977,T0048936,U010289,TPE150,150.0,2025-09-30T23:56:00+08:00,2025-09-30T23:57:00+08:00
R0002978,T0048937,U025394,TPE100,100.0,2025-10-10T05:21:00+08:00,2025-10-10T05:27:00+08:00
R0002979,T0048938,U025394,LOCAL100,100.0,2025-10-13T19:11:00+08:00,2025-10-13T19:26:00+08:00
R0002980,T0048939,U025473,TPE150,150.0,2025-09-22T18:10:00+08:00,2025-09-22T18:18:00+08:00
R0002981,T0048940,U017884,TPE150,150.0,2025-10-25T13:21:00+08:00,2025-10-25T13:30:00+08:00
R0002982,T0048941,U023122,TPE150,150.0,2025-09-21T00:08:00+08:00,2025-09-21T00:13:00+08:00
R0002983,T0048942,U022004,TPE150,150.0,2025-10-19T00:52:00+08:00,2025-10-19T00:57:00+08:00
R0002984,T0048943,U026873,TPE100,100.0,2025-10-18T01:04:00+08:00,2025-10-18T01:18:00+08:00
R0002985,T0048944,U028136,TPE100,100.0,2025-10-03T21:52:00+08:00,2025-10-03T22:00:00+08:00
R0002986,T0048945,U009158,TPE100,100.0,2025-09-05T22:58:00+08:00,2025-09-05T23:08:00+08:00
R0002987,T0048946,U001467,TPE150,150.0,2025-09-09T22:21:00+08:00,2025-09-09T22:23:00+08:00
R0002988,T0048947,U014667,TPE150,150.0,2025-09-06T13:24:00+08:00,2025-09-06T13:27:00+08:00
R0002989,T0048948,U028718,TPE150,150.0,2025-09-05T09:12:00+08:00,2025-09-05T09:19:00+08:00
R0002990,T0048950,U017593,TPE100,100.0,2025-09-11T06:12:00+08:00,2025-09-11T06:12:00+08:00
R0002991,T0048951,U017593,LOCAL100,100.0,2025-09-12T10:30:00+08:00,2025-09-12T10:30:00+08:00
R0002992,T0048953,U016401,TPE100,100.0,2025-10-13T12:09:00+08:00,2025-10-13T12:15:00+08:00
R0002993,T0048954,U004628,TPE150,150.0,2025-10-12T02:49:00+08:00,2025-10-12T02:56:00+08:00
R0002994,T0048955,U002324,TPE150,150.0,2025-09-23T07:55:00+08:00,2025-09-23T08:10:00+08:00
R0002995,T0048957,U005841,TPE100,100.0,2025-09-19T12:26:00+08:00,2025-09-19T12:40:00+08:00
R0002996,T0048958,U005841,LOCAL100,100.0,2025-09-23T17:13:00+08:00,2025-09-23T17:23:00+08:00
R0002997,T0048959,U023921,TPE150,150.0,2025-09-02T03:17:00+08:00,2025-09-02T03:23:00+08:00
R0002998,T0048961,U025494,TPE100,100.0,2025-09-09T11:45:00+08:00,2025-09-09T12:00:00+08:00
R0002999,T0048962,U025494,LOCAL100,100.0,2025-09-16T01:27:00+08:00,2025-09-16T01:40:00+08:00
R0003000,T0048963,U022630,TPE150,150.0,2025-09-29T01:32:00+08:00,2025-09-29T01:39:00+08:00
R0003001,T0048964,U021596,TPE150,150.0,2025-10-25T01:56:00+08:00,2025-10-25T02:06:00+08:00
R0003002,T0048965,U003588,TPE100,100.0,2025-10-05T09:07:00+08:00,2025-10-05T09:10:00+08:00
R0003003,T0048966,U002504,TPE150,150.0,2025-09-06T02:29:00+08:00,2025-09-06T02:39:00+08:00
R0003004,T0048967,U026669,TPE100,100.0,2025-10-16T15:51:00+08:00,2025-10-16T15:59:00+08:00
R0003005,T0048968,U026669,LOCAL100,100.0,2025-10-21T00:31:00+08:00,2025-10-21T00:41:00+08:00
R0003006,T0048970,U002908,TPE150,150.0,2025-09-30T18:50:00+08:00,2025-09-30T18:57:00+08:00
R0003007,T0048973,U008450,TPE150,150.0,2025-09-13T13:46:00+08:00,2025-09-13T13:57:00+08:00
R0003008,T0048974,U017789,TPE150,150.0,2025-09-25T09:37:00+08:00,2025-09-25T09:51:00+08:00
R0003009,T0048975,U014512,TPE150,150.0,2025-10-16T01:02:00+08:00,2025-10-16T01:10:00+08:00
R0003010,T0048976,U016730,TPE150,150.0,2025-09-16T00:05:00+08:00,2025-09-16T00:16:00+08:00
R0003011,T0048977,U011352,TPE150,150.0,2025-10-09T21:20:00+08:00,2025-10-09T21:33:00+08:00
R0003012,T0048979,U013670,TPE150,150.0,2025-09-24T07:15:00+08:00,2025-09-24T07:16:00+08:00
R0003013,T0048980,U022620,TPE150,150.0,2025-10-06T00:10:00+08:00,2025-10-06T00:19:00+08:00
R0003014,T0048982,U019760,TPE100,100.0,2025-09-01T07:07:00+08:00,2025-09-01T07:08:00+08:00
R0003015,T0048983,U008323,TPE150,150.0,2025-09-29T13:35:00+08:00,2025-09-29T13:49:00+08:00
R0003016,T0048986,U022747,TPE100,100.0,2025-10-17T18:34:00+08:00,2025-10-17T18:48:00+08:00
R0003017,T0048987,U022747,LOCAL100,100.0,2025-10-18T19:56:00+08:00,2025-10-18T20:10:00+08:00
R0003018,T0048989,U021148,TPE150,150.0,2025-09-17T09:02:00+08:00,2025-09-17T09:07:00+08:00
R0003019,T0048990,U027141,TPE150,150.0,2025-10-03T10:20:00+08:00,2025-10-03T10:29:00+08:00
R0003020,T0048992,U017830,TPE100,100.0,2025-09-18T00:50:00+08:00,2025-09-18T00:50:00+08:00
R0003021,T0048993,U017830,LOCAL100,100.0,2025-09-21T09:39:00+08:00,2025-09-21T09:52:00+08:00
R0003022,T0048994,U021722,TPE150,150.0,2025-09-29T03:03:00+08:00,2025-09-29T03:04:00+08:00
R0003023,T0048995,U004712,TPE150,150.0,2025-09-29T11:19:00+08:00,2025-09-29T11:26:00+08:00
R0003024,T0048996,U006021,TPE150,150.0,2025-10-21T09:47:00+08:00,2025-10-21T09:48:00+08:00
R0003025,T0048997,U026605,TPE150,150.0,2025-10-17T01:16:00+08:00,2025-10-17T01:24:00+08:00
R0003026,T0048998,U024152,TPE150,150.0,2025-10-12T18:46:00+08:00,2025-10-12T18:54:00+08:00
R0003027,T0048999,U015890,TPE100,100.0,2025-09-07T07:17:00+08:00,2025-09-07T07:18:00+08:00
R0003028,T0049000,U015890,LOCAL100,100.0,2025-09-12T11:20:00+08:00,2025-09-12T11:31:00+08:00
R0003029,T0049001,U004890,TPE150,150.0,2025-09-30T09:06:00+08:00,2025-09-30T09:13:00+08:00
R0003030,T0049003,U023707,TPE150,150.0,2025-10-18T01:38:00+08:00,2025-10-18T01:42:00+08:00
R0003031,T0049004,U009452,TPE150,150.0,2025-09-20T01:08:00+08:00,2025-09-20T01:23:00+08:00
R0003032,T0049006,U023973,TPE150,150.0,2025-10-13T17:02:00+08:00,2025-10-13T17:17:00+08:00
R0003033,T0049007,U027940,TPE150,150.0,2025-09-10T22:45:00+08:00,2025-09-10T22:46:00+08:00
R0003034,T0049009,U026998,TPE150,150.0,2025-09-03T08:50:00+08:00,2025-09-03T08:55:00+08:00
R0003035,T0049010,U002673,TPE100,100.0,2025-10-07T08:57:00+08:00,2025-10-07T09:01:00+08:00
R0003036,T0049011,U010682,TPE150,150.0,2025-09-11T12:14:00+08:00,2025-09-11T12:23:00+08:00
R0003037,T0049012,U009319,TPE150,150.0,2025-09-21T08:17:00+08:00,2025-09-21T08:18:00+08:00
R0003038,T0049014,U008006,TPE100,100.0,2025-10-02T01:24:00+08:00,2025-10-02T01:35:00+08:00
R0003039,T0049015,U008006,LOCAL100,100.0,2025-10-07T07:10:00+08:00,2025-10-07T07:24:00+08:00
R0003040,T0049019,U020622,TPE150,150.0,2025-10-20T10:57:00+08:00,2025-10-20T11:07:00+08:00
R0003041,T0049021,U013206,TPE150,150.0,2025-10-25T15:29:00+08:00,2025-10-25T15:42:00+08:00
R0003042,T0049022,U007135,TPE100,100.0,2025-09-17T02:44:00+08:00,2025-09-17T02:47:00+08:00
R0003043,T0049023,U012057,TPE100,100.0,2025-09-23T02:11:00+08:00,2025-09-23T02:23:00+08:00
R0003044,T0049024,U012057,LOCAL100,100.0,2025-09-26T11:04:00+08:00,2025-09-26T11:15:00+08:00
R0003045,T0049025,U001677,TPE150,150.0,2025-09-10T02:04:00+08:00,2025-09-10T02:08:00+08:00
R0003046,T0049026,U014324,TPE150,150.0,2025-10-05T09:32:00+08:00,2025-10-05T09:32:00+08:00
R0003047,T0049027,U028787,TPE100,100.0,2025-09-28T09:20:00+08:00,2025-09-28T09:33:00+08:00
R0003048,T0049031,U017461,TPE100,100.0,2025-09-24T09:38:00+08:00,2025-09-24T09:45:00+08:00
R0003049,T0049032,U002364,TPE150,150.0,2025-09-02T19:24:00+08:00,2025-09-02T19:33:00+08:00
R0003050,T0049033,U013417,TPE100,100.0,2025-09-10T14:59:00+08:00,2025-09-10T15:14:00+08:00
R0003051,T0049034,U013417,LOCAL100,100.0,2025-09-12T22:44:00+08:00,2025-09-12T22:46:00+08:00
R0003052,T0049035,U010251,TPE150,150.0,2025-10-08T19:42:00+08:00,2025-10-08T19:42:00+08:00
R0003053,T0049037,U024947,TPE150,150.0,2025-09-03T11:58:00+08:00,2025-09-03T12:06:00+08:00
R0003054,T0049039,U027441,TPE100,100.0,2025-10-21T08:09:00+08:00,2025-10-21T08:24:00+08:00
R0003055,T0049040,U029380,TPE100,100.0,2025-09-22T02:16:00+08:00,2025-09-22T02:24:00+08:00
R0003056,T0049041,U029323,TPE100,100.0,2025-10-07T11:26:00+08:00,2025-10-07T11:29:00+08:00
R0003057,T0049042,U029323,LOCAL100,100.0,2025-10-10T19:55:00+08:00,2025-10-10T20:03:00+08:00
R0003058,T0049044,U012276,TPE150,150.0,2025-09-26T02:02:00+08:00,2025-09-26T02:13:00+08:00
R0003059,T0049045,U022545,TPE100,100.0,2025-10-15T18:56:00+08:00,2025-10-15T19:06:00+08:00
R0003060,T0049046,U022545,LOCAL100,100.0,2025-10-22T00:03:00+08:00,2025-10-22T00:12:00+08:00
R0003061,T0049048,U013090,TPE100,100.0,2025-10-25T10:23:00+08:00,2025-10-25T10:38:00+08:00
R0003062,T0049049,U008618,TPE100,100.0,2025-10-13T00:04:00+08:00,2025-10-13T00:12:00+08:00
R0003063,T0049051,U017576,TPE100,100.0,2025-10-17T10:07:00+08:00,2025-10-17T10:15:00+08:00
R0003064,T0049052,U009139,TPE100,100.0,2025-10-25T22:40:00+08:00,2025-10-25T22:51:00+08:00
R0003065,T0049053,U015608,TPE100,100.0,2025-09-09T05:37:00+08:00,2025-09-09T05:48:00+08:00
R0003066,T0049054,U003687,TPE150,150.0,2025-10-20T05:05:00+08:00,2025-10-20T05:13:00+08:00
R0003067,T0049055,U000560,TPE150,150.0,2025-09-24T08:20:00+08:00,2025-09-24T08:31:00+08:00
R0003068,T0049056,U013956,TPE100,100.0,2025-09-07T10:46:00+08:00,2025-09-07T10:49:00+08:00
R0003069,T0049057,U022374,TPE100,100.0,2025-09-07T11:51:00+08:00,2025-09-07T12:04:00+08:00
R0003070,T0049058,U022374,LOCAL100,100.0,2025-09-08T23:56:00+08:00,2025-09-09T00:00:00+08:00
R0003071,T0049059,U015721,TPE100,100.0,2025-09-02T08:21:00+08:00,2025-09-02T08:22:00+08:00
R0003072,T0049064,U021856,TPE150,150.0,2025-10-15T00:10:00+08:00,2025-10-15T00:21:00+08:00
R0003073,T0049065,U023785,TPE150,150.0,2025-10-13T07:42:00+08:00,2025-10-13T07:52:00+08:00
R0003074,T0049066,U006911,TPE100,100.0,2025-09-06T06:44:00+08:00,2025-09-06T06:51:00+08:00
R0003075,T0049067,U011945,TPE100,100.0,2025-10-03T21:02:00+08:00,2025-10-03T21:04:00+08:00
R0003076,T0049068,U025895,TPE100,100.0,2025-10-06T16:40:00+08:00,2025-10-06T16:40:00+08:00
R0003077,T0049069,U025895,LOCAL100,100.0,2025-10-11T06:53:00+08:00,2025-10-11T07:03:00+08:00
R0003078,T0049070,U022999,TPE150,150.0,2025-09-29T09:46:00+08:00,2025-09-29T09:54:00+08:00
R0003079,T0049071,U004223,TPE100,100.0,2025-09-28T11:29:00+08:00,2025-09-28T11:41:00+08:00
R0003080,T0049072,U011790,TPE100,100.0,2025-09-10T18:23:00+08:00,2025-09-10T18:26:00+08:00
R0003081,T0049074,U011001,TPE150,150.0,2025-10-15T01:54:00+08:00,2025-10-15T01:54:00+08:00
R0003082,T0049075,U015480,TPE100,100.0,2025-10-19T11:20:00+08:00,2025-10-19T11:35:00+08:00
R0003083,T0049076,U014754,TPE150,150.0,2025-09-28T05:08:00+08:00,2025-09-28T05:09:00+08:00
R0003084,T0049077,U018755,TPE150,150.0,2025-10-15T01:55:00+08:00,2025-10-15T02:05:00+08:00
R0003085,T0049078,U021368,TPE100,100.0,2025-10-03T22:47:00+08:00,2025-10-03T22:50:00+08:00
R0003086,T0049079,U016191,TPE150,150.0,2025-10-12T00:57:00+08:00,2025-10-12T01:01:00+08:00
R0003087,T0049080,U029478,TPE150,150.0,2025-10-26T11:57:00+08:00,2025-10-26T12:00:00+08:00
R0003088,T0049081,U018507,TPE100,100.0,2025-09-11T07:44:00+08:00,2025-09-11T07:57:00+08:00
R0003089,T0049083,U018636,TPE100,100.0,2025-09-12T12:20:00+08:00,2025-09-12T12:21:00+08:00
R0003090,T0049084,U005060,TPE150,150.0,2025-10-09T10:45:00+08:00,2025-10-09T10:47:00+08:00
R0003091,T0049085,U010733,TPE150,150.0,2025-09-18T19:57:00+08:00,2025-09-18T20:09:00+08:00
R0003092,T0049087,U018730,TPE100,100.0,2025-10-17T11:46:00+08:00,2025-10-17T11:59:00+08:00
R0003093,T0049088,U008533,TPE100,100.0,2025-09-24T12:51:00+08:00,2025-09-24T12:59:00+08:00
R0003094,T0049089,U018844,TPE150,150.0,2025-10-10T05:27:00+08:00,2025-10-10T05:40:00+08:00
R0003095,T0049090,U006395,TPE100,100.0,2025-10-06T01:48:00+08:00,2025-10-06T01:55:00+08:00
R0003096,T0049091,U006395,LOCAL100,100.0,2025-10-11T10:10:00+08:00,2025-10-11T10:20:00+08:00
R0003097,T0049092,U027307,TPE100,100.0,2025-10-20T23:51:00+08:00,2025-10-20T23:54:00+08:00
R0003098,T0049093,U027307,LOCAL100,100.0,2025-10-26T09:17:00+08:00,2025-10-26T09:28:00+08:00
R0003099,T0049094,U025436,TPE100,100.0,2025-09-19T12:24:00+08:00,2025-09-19T12:28:00+08:00
R0003100,T0049096,U018679,TPE150,150.0,2025-10-20T16:00:00+08:00,2025-10-20T16:14:00+08:00
R0003101,T0049097,U015032,TPE100,100.0,2025-09-26T10:18:00+08:00,2025-09-26T10:18:00+08:00
R0003102,T0049098,U015032,LOCAL100,100.0,2025-09-28T03:28:00+08:00,2025-09-28T03:34:00+08:00
R0003103,T0049099,U009286,TPE100,100.0,2025-10-21T03:23:00+08:00,2025-10-21T03:35:00+08:00
R0003104,T0049101,U019948,TPE100,100.0,2025-10-07T23:17:00+08:00,2025-10-07T23:30:00+08:00
R0003105,T0049102,U000472,TPE100,100.0,2025-09-02T23:38:00+08:00,2025-09-02T23:49:00+08:00
R0003106,T0049103,U006540,TPE150,150.0,2025-09-14T07:42:00+08:00,2025-09-14T07:49:00+08:00
R0003107,T0049106,U023875,TPE100,100.0,2025-09-21T11:48:00+08:00,2025-09-21T11:58:00+08:00
R0003108,T0049107,U023875,LOCAL100,100.0,2025-09-27T21:04:00+08:00,2025-09-27T21:17:00+08:00
R0003109,T0049108,U023305,TPE100,100.0,2025-09-05T21:20:00+08:00,2025-09-05T21:30:00+08:00
R0003110,T0049109,U021681,TPE100,100.0,2025-09-01T18:52:00+08:00,2025-09-01T19:00:00+08:00
R0003111,T0049110,U007342,TPE100,100.0,2025-09-25T12:25:00+08:00,2025-09-25T12:27:00+08:00
R0003112,T0049111,U015745,TPE100,100.0,2025-10-09T11:48:00+08:00,2025-10-09T11:57:00+08:00
R0003113,T0049112,U003984,TPE150,150.0,2025-10-15T01:36:00+08:00,2025-10-15T01:37:00+08:00
R0003114,T0049114,U004395,TPE100,100.0,2025-09-05T06:55:00+08:00,2025-09-05T07:10:00+08:00
R0003115,T0049115,U020894,TPE100,100.0,2025-09-15T15:15:00+08:00,2025-09-15T15:29:00+08:00
R0003116,T0049116,U020894,LOCAL100,100.0,2025-09-17T21:31:00+08:00,2025-09-17T21:34:00+08:00
R0003117,T0049117,U015497,TPE100,100.0,2025-09-03T07:25:00+08:00,2025-09-03T07:30:00+08:00
R0003118,T0049118,U015497,LOCAL100,100.0,2025-09-05T18:22:00+08:00,2025-09-05T18:35:00+08:00
R0003119,T0049119,U013781,TPE150,150.0,2025-09-04T09:27:00+08:00,2025-09-04T09:29:00+08:00
R0003120,T0049120,U022206,TPE150,150.0,2025-09-11T18:07:00+08:00,2025-09-11T18:07:00+08:00
R0003121,T0049121,U012006,TPE100,100.0,2025-09-28T12:47:00+08:00,2025-09-28T12:50:00+08:00
R0003122,T0049122,U024697,TPE150,150.0,2025-10-09T23:08:00+08:00,2025-10-09T23:20:00+08:00
R0003123,T0049124,U020369,TPE100,100.0,2025-10-07T18:37:00+08:00,2025-10-07T18:45:00+08:00
R0003124,T0049125,U020369,LOCAL100,100.0,2025-10-09T05:50:00+08:00,2025-10-09T05:53:00+08:00
R0003125,T0049126,U011988,TPE100,100.0,2025-09-27T12:30:00+08:00,2025-09-27T12:37:00+08:00
R0003126,T0049129,U016333,TPE150,150.0,2025-10-18T10:37:00+08:00,2025-10-18T10:40:00+08:00
R0003127,T0049130,U022912,TPE100,100.0,2025-10-24T08:07:00+08:00,2025-10-24T08:18:00+08:00
R0003128,T0049134,U013160,TPE100,100.0,2025-09-21T12:15:00+08:00,2025-09-21T12:21:00+08:00
R0003129,T0049135,U013160,LOCAL100,100.0,2025-09-25T18:37:00+08:00,2025-09-25T18:42:00+08:00
R0003130,T0049136,U021256,TPE150,150.0,2025-09-05T20:27:00+08:00,2025-09-05T20:33:00+08:00
R0003131,T0049138,U023339,TPE100,100.0,2025-10-15T16:31:00+08:00,2025-10-15T16:33:00+08:00
R0003132,T0049139,U029175,TPE150,150.0,2025-09-16T12:02:00+08:00,2025-09-16T12:05:00+08:00
R0003133,T0049141,U018870,TPE100,100.0,2025-09-06T10:55:00+08:00,2025-09-06T11:05:00+08:00
R0003134,T0049142,U016973,TPE150,150.0,2025-10-17T09:12:00+08:00,2025-10-17T09:27:00+08:00
R0003135,T0049143,U027937,TPE150,9999,2025-09-12T23:44:00+08:00,2025-09-12T23:53:00+08:00
R0003136,T0049144,U007717,TPE100,100.0,2025-10-26T01:10:00+08:00,2025-10-26T01:24:00+08:00
R0003137,T0049145,U013189,TPE150,150.0,2025-09-08T11:17:00+08:00,2025-09-08T11:26:00+08:00
R0003138,T0049146,U022067,TPE100,100.0,2025-09-06T03:01:00+08:00,2025-09-06T03:09:00+08:00
R0003139,T0049147,U023677,TPE100,100.0,2025-09-17T07:26:00+08:00,2025-09-17T07:31:00+08:00
R0003140,T0049148,U016564,TPE100,100.0,2025-09-02T07:07:00+08:00,2025-09-02T07:09:00+08:00
R0003141,T0049149,U021076,TPE100,100.0,2025-09-27T04:30:00+08:00,2025-09-27T04:31:00+08:00
R0003142,T0049150,U021076,LOCAL100,100.0,2025-09-30T19:28:00+08:00,2025-09-30T19:30:00+08:00
R0003143,T0049153,U004938,TPE100,100.0,2025-10-09T10:14:00+08:00,2025-10-09T10:28:00+08:00
R0003144,T0049154,U004938,LOCAL100,100.0,2025-10-15T21:17:00+08:00,2025-10-15T21:31:00+08:00
R0003145,T0049155,U005483,TPE150,150.0,2025-10-14T11:18:00+08:00,2025-10-14T11:20:00+08:00
R0003146,T0049156,U008882,TPE150,150.0,2025-09-20T00:55:00+08:00,2025-09-20T01:00:00+08:00
R0003147,T0049157,U019564,TPE150,150.0,2025-09-12T02:13:00+08:00,2025-09-12T02:25:00+08:00
R0003148,T0049158,U021204,TPE150,150.0,2025-09-28T07:42:00+08:00,2025-09-28T07:52:00+08:00
R0003149,T0049159,U022551,TPE100,100.0,2025-10-24T21:50:00+08:00,2025-10-24T21:56:00+08:00
R0003150,T0049160,U017099,TPE150,150.0,2025-10-18T11:08:00+08:00,2025-10-18T11:10:00+08:00
R0003151,T0049162,U016003,TPE100,100.0,2025-10-10T11:31:00+08:00,2025-10-10T11:44:00+08:00
R0003152,T0049163,U025959,TPE100,100.0,2025-09-21T01:07:00+08:00,2025-09-21T01:08:00+08:00
R0003153,T0049164,U007158,TPE150,150.0,2025-10-23T12:09:00+08:00,2025-10-23T12:12:00+08:00
R0003154,T0049166,U022529,TPE100,100.0,2025-09-25T03:16:00+08:00,2025-09-25T03:29:00+08:00
R0003155,T0049168,U019842,TPE150,150.0,2025-09-06T00:15:00+08:00,2025-09-06T00:26:00+08:00
R0003156,T0049169,U007315,TPE100,100.0,2025-10-16T00:57:00+08:00,2025-10-16T01:05:00+08:00
R0003157,T0049170,U007315,LOCAL100,100.0,2025-10-21T10:04:00+08:00,2025-10-21T10:08:00+08:00
R0003158,T0049171,U027482,TPE150,150.0,2025-09-26T14:58:00+08:00,2025-09-26T15:12:00+08:00
R0003159,T0049172,U004995,TPE150,150.0,2025-09-15T19:52:00+08:00,2025-09-15T19:59:00+08:00
R0003160,T0049173,U005263,TPE100,100.0,2025-09-02T19:49:00+08:00,2025-09-02T19:59:00+08:00
R0003161,T0049174,U005263,LOCAL100,100.0,2025-09-06T09:45:00+08:00,2025-09-06T09:48:00+08:00
R0003162,T0049175,U024216,TPE150,150.0,2025-10-10T16:57:00+08:00,2025-10-10T17:01:00+08:00
R0003163,T0049176,U000851,TPE100,100.0,2025-10-23T20:23:00+08:00,2025-10-23T20:37:00+08:00
R0003164,T0049177,U000851,LOCAL100,100.0,2025-10-25T08:00:00+08:00,2025-10-25T08:01:00+08:00
R0003165,T0049178,U023295,TPE150,150.0,2025-10-07T00:55:00+08:00,2025-10-07T00:57:00+08:00
R0003166,T0049180,U006723,TPE150,150.0,2025-09-27T10:26:00+08:00,2025-09-27T10:28:00+08:00
R0003167,T0049181,U017391,TPE150,150.0,2025-09-22T08:20:00+08:00,2025-09-22T08:23:00+08:00
R0003168,T0049182,U029161,TPE100,100.0,2025-09-02T11:58:00+08:00,2025-09-02T12:05:00+08:00
R0003169,T0049183,U019801,TPE150,150.0,2025-09-26T01:44:00+08:00,2025-09-26T01:44:00+08:00
R0003170,T0049184,U022689,TPE100,100.0,2025-10-20T12:13:00+08:00,2025-10-20T12:17:00+08:00
R0003171,T0049186,U007759,TPE150,150.0,2025-09-16T10:26:00+08:00,2025-09-16T10:31:00+08:00
R0003172,T0049188,U008558,TPE150,150.0,2025-09-02T12:17:00+08:00,2025-09-02T12:20:00+08:00
R0003173,T0049189,U003751,TPE150,150.0,2025-09-10T02:42:00+08:00,2025-09-10T02:49:00+08:00
R0003174,T0049191,U017431,TPE100,100.0,2025-10-01T18:43:00+08:00,2025-10-01T18:50:00+08:00
R0003175,T0049192,U017431,LOCAL100,100.0,2025-10-03T11:37:00+08:00,2025-10-03T11:49:00+08:00
R0003176,T0049194,U014665,TPE150,150.0,2025-10-22T13:04:00+08:00,2025-10-22T13:06:00+08:00
R0003177,T0049195,U000338,TPE100,100.0,2025-10-14T22:54:00+08:00,2025-10-14T23:09:00+08:00
R0003178,T0049196,U022791,TPE100,100.0,2025-10-06T21:21:00+08:00,2025-10-06T21:32:00+08:00
R0003179,T0049197,U027831,TPE100,100.0,2025-10-13T03:51:00+08:00,2025-10-13T03:59:00+08:00
R0003180,T0049200,U000416,TPE100,100.0,2025-10-17T10:03:00+08:00,2025-10-17T10:13:00+08:00
R0003181,T0049201,U000416,LOCAL100,100.0,2025-10-21T17:54:00+08:00,2025-10-21T18:04:00+08:00
R0003182,T0049202,U012737,TPE150,150.0,2025-09-23T01:30:00+08:00,2025-09-23T01:30:00+08:00
R0003183,T0049205,U028417,TPE150,150.0,2025-09-22T12:02:00+08:00,2025-09-22T12:16:00+08:00
R0003184,T0049206,U025294,TPE150,150.0,2025-10-18T01:34:00+08:00,2025-10-18T01:45:00+08:00
R0003185,T0049207,U005759,TPE100,100.0,2025-10-17T09:42:00+08:00,2025-10-17T09:55:00+08:00
R0003186,T0049208,U005759,LOCAL100,100.0,2025-10-23T03:47:00+08:00,2025-10-23T03:51:00+08:00
R0003187,T0049209,U006462,TPE100,100.0,2025-09-02T23:53:00+08:00,2025-09-03T00:00:00+08:00
R0003188,T0049210,U006462,LOCAL100,100.0,2025-09-09T09:46:00+08:00,2025-09-09T09:54:00+08:00
R0003189,T0049211,U022040,TPE150,150.0,2025-09-30T14:31:00+08:00,2025-09-30T14:33:00+08:00
R0003190,T0049212,U018971,TPE100,100.0,2025-09-04T22:30:00+08:00,2025-09-04T22:40:00+08:00
R0003191,T0049213,U029844,TPE100,100.0,2025-09-11T21:26:00+08:00,2025-09-11T21:41:00+08:00
R0003192,T0049214,U027817,TPE150,150.0,2025-10-10T11:55:00+08:00,2025-10-10T12:06:00+08:00
R0003193,T0049215,U011650,TPE100,100.0,2025-09-19T13:37:00+08:00,2025-09-19T13:49:00+08:00
R0003194,T0049216,U011650,LOCAL100,100.0,2025-09-25T23:25:00+08:00,2025-09-25T23:37:00+08:00
R0003195,T0049217,U019408,TPE150,150.0,2025-10-09T23:20:00+08:00,2025-10-09T23:33:00+08:00
R0003196,T0049220,U002961,TPE100,100.0,2025-09-04T01:42:00+08:00,2025-09-04T01:53:00+08:00
R0003197,T0049221,U002961,LOCAL100,100.0,2025-09-06T12:46:00+08:00,2025-09-06T12:51:00+08:00
R0003198,T0049222,U026653,TPE150,150.0,2025-10-24T05:39:00+08:00,2025-10-24T05:50:00+08:00
R0003199,T0049223,U012691,TPE150,150.0,2025-09-24T14:40:00+08:00,2025-09-24T14:49:00+08:00
R0003200,T0049224,U017445,TPE150,150.0,2025-10-14T08:38:00+08:00,2025-10-14T08:40:00+08:00
R0003201,T0049227,U024855,TPE150,150.0,2025-09-05T03:53:00+08:00,2025-09-05T03:59:00+08:00
R0003202,T0049228,U004280,TPE100,100.0,2025-09-16T15:54:00+08:00,2025-09-16T16:00:00+08:00
R0003203,T0049230,U025750,TPE100,100.0,2025-09-15T01:04:00+08:00,2025-09-15T01:14:00+08:00
R0003204,T0049231,U026607,TPE100,100.0,2025-09-18T14:48:00+08:00,2025-09-18T14:59:00+08:00
R0003205,T0049232,U029780,TPE100,100.0,2025-10-11T00:37:00+08:00,2025-10-11T00:44:00+08:00
R0003206,T0049233,U008138,TPE150,150.0,2025-09-18T15:51:00+08:00,2025-09-18T16:03:00+08:00
R0003207,T0049234,U013687,TPE100,100.0,2025-09-10T01:11:00+08:00,2025-09-10T01:23:00+08:00
R0003208,T0049235,U011908,TPE100,100.0,2025-10-22T10:48:00+08:00,2025-10-22T10:48:00+08:00
R0003209,T0049236,U022983,TPE150,150.0,2025-10-11T08:53:00+08:00,2025-10-11T09:01:00+08:00
R0003210,T0049237,U007770,TPE100,100.0,2025-09-04T04:48:00+08:00,2025-09-04T04:57:00+08:00
R0003211,T0049238,U007770,LOCAL100,100.0,2025-09-06T00:45:00+08:00,2025-09-06T01:00:00+08:00
R0003212,T0049240,U008648,TPE100,100.0,2025-09-18T11:55:00+08:00,2025-09-18T11:56:00+08:00
R0003213,T0049243,U015139,TPE150,150.0,2025-09-20T09:09:00+08:00,2025-09-20T09:21:00+08:00
R0003214,T0049244,U000125,TPE150,150.0,2025-09-17T21:45:00+08:00,2025-09-17T21:48:00+08:00
R0003215,T0049246,U005650,TPE150,150.0,2025-10-15T12:56:00+08:00,2025-10-15T13:04:00+08:00
R0003216,T0049247,U021575,TPE100,100.0,2025-10-17T01:04:00+08:00,2025-10-17T01:06:00+08:00
R0003217,T0049248,U004853,TPE150,150.0,2025-10-04T01:21:00+08:00,2025-10-04T01:35:00+08:00
R0003218,T0049249,U001122,TPE100,100.0,2025-09-15T00:17:00+08:00,2025-09-15T00:28:00+08:00
R0003219,T0049250,U001122,LOCAL100,100.0,2025-09-16T12:56:00+08:00,2025-09-16T13:08:00+08:00
R0003220,T0049251,U017058,TPE100,100.0,2025-09-30T19:14:00+08:00,2025-09-30T19:19:00+08:00
R0003221,T0049252,U012316,TPE100,100.0,2025-09-21T18:21:00+08:00,2025-09-21T18:29:00+08:00
R0003222,T0049253,U012316,LOCAL100,100.0,2025-09-25T12:10:00+08:00,2025-09-25T12:17:00+08:00
R0003223,T0049254,U010357,TPE150,150.0,2025-09-13T08:41:00+08:00,2025-09-13T08:44:00+08:00
R0003224,T0049255,U006150,TPE150,150.0,2025-09-17T16:46:00+08:00,2025-09-17T16:49:00+08:00
R0003225,T0049257,U011282,TPE150,150.0,2025-10-18T00:07:00+08:00,2025-10-18T00:19:00+08:00
R0003226,T0049259,U025514,TPE150,150.0,2025-10-13T11:37:00+08:00,2025-10-13T11:39:00+08:00
R0003227,T0049261,U019075,TPE150,150.0,2025-10-02T00:04:00+08:00,2025-10-02T00:18:00+08:00
R0003228,T0049262,U003088,TPE150,150.0,2025-10-20T23:51:00+08:00,2025-10-20T23:59:00+08:00
R0003229,T0049263,U011296,TPE150,150.0,2025-09-16T08:26:00+08:00,2025-09-16T08:32:00+08:00
R0003230,T0049264,U006704,TPE150,150.0,2025-10-11T15:05:00+08:00,2025-10-11T15:07:00+08:00
R0003231,T0049266,U002626,TPE100,100.0,2025-09-06T03:00:00+08:00,2025-09-06T03:08:00+08:00
R0003232,T0049267,U008201,TPE100,100.0,2025-10-11T22:22:00+08:00,2025-10-11T22:31:00+08:00
R0003233,T0049268,U015080,TPE100,100.0,2025-09-28T00:29:00+08:00,2025-09-28T00:30:00+08:00
R0003234,T0049270,U013182,TPE150,150.0,2025-10-02T00:48:00+08:00,2025-10-02T00:55:00+08:00
R0003235,T0049271,U001256,TPE150,150.0,2025-10-08T01:20:00+08:00,2025-10-08T01:35:00+08:00
R0003236,T0049272,U010596,TPE150,150.0,2025-09-09T01:39:00+08:00,2025-09-09T01:46:00+08:00
R0003237,T0049273,U016514,TPE150,150.0,2025-09-01T20:37:00+08:00,2025-09-01T20:52:00+08:00
R0003238,T0049274,U008262,TPE150,150.0,2025-10-22T11:16:00+08:00,2025-10-22T11:16:00+08:00
R0003239,T0049275,U006041,TPE150,150.0,2025-10-07T23:15:00+08:00,2025-10-07T23:22:00+08:00
R0003240,T0049276,U010070,TPE100,100.0,2025-09-25T01:06:00+08:00,2025-09-25T01:16:00+08:00
R0003241,T0049277,U010070,LOCAL100,100.0,2025-09-29T06:17:00+08:00,2025-09-29T06:30:00+08:00
R0003242,T0049278,U028579,TPE150,150.0,2025-09-27T11:48:00+08:00,2025-09-27T11:48:00+08:00
R0003243,T0049279,U004977,TPE150,150.0,2025-10-01T04:13:00+08:00,2025-10-01T04:27:00+08:00
R0003244,T0049280,U004251,TPE150,150.0,2025-09-25T09:30:00+08:00,2025-09-25T09:40:00+08:00
R0003245,T0049281,U014066,TPE100,100.0,2025-09-28T09:51:00+08:00,2025-09-28T09:57:00+08:00
R0003246,T0049283,U014709,TPE100,100.0,2025-10-26T00:42:00+08:00,2025-10-26T00:57:00+08:00
R0003247,T0049284,U014709,LOCAL100,100.0,2025-10-29T08:34:00+08:00,2025-10-29T08:44:00+08:00
R0003248,T0049285,U006551,TPE150,150.0,2025-09-06T15:51:00+08:00,2025-09-06T15:55:00+08:00
R0003249,T0049287,U011000,TPE100,100.0,2025-09-12T01:00:00+08:00,2025-09-12T01:11:00+08:00
R0003250,T0049290,U029510,TPE150,150.0,2025-09-18T11:23:00+08:00,2025-09-18T11:27:00+08:00
R0003251,T0049291,U027246,TPE100,100.0,2025-10-09T01:40:00+08:00,2025-10-09T01:43:00+08:00
R0003252,T0049292,U027246,LOCAL100,100.0,2025-10-11T20:15:00+08:00,2025-10-11T20:27:00+08:00
R0003253,T0049293,U027383,TPE150,150.0,2025-10-13T22:20:00+08:00,2025-10-13T22:31:00+08:00
R0003254,T0049294,U003094,TPE100,100.0,2025-09-28T02:21:00+08:00,2025-09-28T02:22:00+08:00
R0003255,T0049295,U004149,TPE150,150.0,2025-10-23T19:56:00+08:00,2025-10-23T20:08:00+08:00
R0003256,T0049297,U012814,TPE100,100.0,2025-10-14T12:08:00+08:00,2025-10-14T12:10:00+08:00
R0003257,T0049298,U002519,TPE100,100.0,2025-10-20T12:13:00+08:00,2025-10-20T12:16:00+08:00
R0003258,T0049299,U027174,TPE150,150.0,2025-10-24T07:27:00+08:00,2025-10-24T07:27:00+08:00
R0003259,T0049302,U027784,TPE150,150.0,2025-09-13T12:03:00+08:00,2025-09-13T12:06:00+08:00
R0003260,T0049304,U021269,TPE100,100.0,2025-09-04T01:51:00+08:00,2025-09-04T02:01:00+08:00
R0003261,T0049305,U028340,TPE100,100.0,2025-10-02T10:19:00+08:00,2025-10-02T10:31:00+08:00
R0003262,T0049306,U027752,TPE100,100.0,2025-10-07T02:07:00+08:00,2025-10-07T02:14:00+08:00
R0003263,T0049309,U009643,TPE150,150.0,2025-10-12T14:24:00+08:00,2025-10-12T14:33:00+08:00
R0003264,T0049311,U006699,TPE100,100.0,2025-10-22T12:18:00+08:00,2025-10-22T12:31:00+08:00
R0003265,T0049312,U011402,TPE150,150.0,2025-09-01T11:30:00+08:00,2025-09-01T11:36:00+08:00
R0003266,T0049313,U003748,TPE100,100.0,2025-10-17T11:55:00+08:00,2025-10-17T12:00:00+08:00
R0003267,T0049314,U019636,TPE100,100.0,2025-09-25T04:38:00+08:00,2025-09-25T04:46:00+08:00
R0003268,T0049315,U019636,LOCAL100,100.0,2025-09-30T15:48:00+08:00,2025-09-30T15:59:00+08:00
R0003269,T0049316,U007703,TPE100,100.0,2025-10-25T01:50:00+08:00,2025-10-25T02:03:00+08:00
R0003270,T0049317,U007703,LOCAL100,100.0,2025-10-26T17:43:00+08:00,2025-10-26T17:51:00+08:00
R0003271,T0049318,U013230,TPE100,100.0,2025-09-12T16:23:00+08:00,2025-09-12T16:38:00+08:00
R0003272,T0049319,U012816,TPE150,150.0,2025-09-15T10:15:00+08:00,2025-09-15T10:19:00+08:00
R0003273,T0049322,U004018,TPE150,150.0,2025-09-12T00:18:00+08:00,2025-09-12T00:18:00+08:00
R0003274,T0049323,U002640,TPE150,150.0,2025-10-10T04:09:00+08:00,2025-10-10T04:12:00+08:00
R0003275,T0049324,U002550,TPE100,100.0,2025-09-05T03:05:00+08:00,2025-09-05T03:17:00+08:00
R0003276,T0049325,U025202,TPE150,150.0,2025-09-13T02:43:00+08:00,2025-09-13T02:50:00+08:00
R0003277,T0049327,U001169,TPE150,150.0,2025-09-30T01:58:00+08:00,2025-09-30T02:07:00+08:00
R0003278,T0049329,U012658,TPE150,150.0,2025-09-02T03:38:00+08:00,2025-09-02T03:40:00+08:00
R0003279,T0049330,U002400,TPE150,150.0,2025-10-11T08:55:00+08:00,2025-10-11T09:04:00+08:00
R0003280,T0049332,U010268,TPE150,150.0,2025-10-23T01:57:00+08:00,2025-10-23T02:09:00+08:00
R0003281,T0049333,U015531,TPE150,150.0,2025-10-12T23:59:00+08:00,2025-10-13T00:11:00+08:00
R0003282,T0049334,U022972,TPE150,150.0,2025-10-09T00:15:00+08:00,2025-10-09T00:23:00+08:00
R0003283,T0049336,U016922,TPE100,100.0,2025-10-23T09:58:00+08:00,2025-10-23T10:10:00+08:00
R0003284,T0049337,U005648,TPE150,150.0,2025-09-05T22:37:00+08:00,2025-09-05T22:52:00+08:00
R0003285,T0049338,U008015,TPE150,150.0,2025-09-10T07:46:00+08:00,2025-09-10T07:59:00+08:00
R0003286,T0049340,U026196,TPE150,150.0,2025-09-15T18:26:00+08:00,2025-09-15T18:30:00+08:00
R0003287,T0049341,U001546,TPE150,150.0,2025-09-16T23:08:00+08:00,2025-09-16T23:09:00+08:00
R0003288,T0049342,U000586,TPE100,100.0,2025-09-03T09:34:00+08:00,2025-09-03T09:40:00+08:00
R0003289,T0049343,U000586,LOCAL100,100.0,2025-09-08T10:49:00+08:00,2025-09-08T11:02:00+08:00
R0003290,T0049344,U005151,TPE100,100.0,2025-10-20T06:44:00+08:00,2025-10-20T06:45:00+08:00
R0003291,T0049345,U005151,LOCAL100,100.0,2025-10-26T21:41:00+08:00,2025-10-26T21:50:00+08:00
R0003292,T0049347,U021252,TPE150,150.0,2025-09-29T15:11:00+08:00,2025-09-29T15:23:00+08:00
R0003293,T0049348,U020718,TPE150,150.0,2025-10-24T08:27:00+08:00,2025-10-24T08:36:00+08:00
R0003294,T0049350,U001338,TPE150,150.0,2025-09-16T10:31:00+08:00,2025-09-16T10:36:00+08:00
R0003295,T0049351,U007447,TPE100,100.0,2025-09-30T17:23:00+08:00,2025-09-30T17:26:00+08:00
R0003296,T0049353,U012441,TPE150,150.0,2025-09-30T09:49:00+08:00,2025-09-30T09:58:00+08:00
R0003297,T0049354,U000014,TPE100,100.0,2025-10-21T23:59:00+08:00,2025-10-22T00:11:00+08:00
R0003298,T0049355,U000014,LOCAL100,100.0,2025-10-24T09:32:00+08:00,2025-10-24T09:43:00+08:00
R0003299,T0049356,U010360,TPE100,100.0,2025-09-15T16:09:00+08:00,2025-09-15T16:24:00+08:00
R0003300,T0049358,U006464,TPE150,150.0,2025-09-09T09:40:00+08:00,2025-09-09T09:51:00+08:00
R0003301,T0049359,U005675,TPE150,150.0,2025-10-19T00:30:00+08:00,2025-10-19T00:31:00+08:00
R0003302,T0049361,U014262,TPE100,100.0,2025-10-07T11:41:00+08:00,2025-10-07T11:43:00+08:00
R0003303,T0049362,U014760,TPE100,100.0,2025-10-03T08:08:00+08:00,2025-10-03T08:13:00+08:00
R0003304,T0049364,U001827,TPE150,150.0,2025-09-19T13:04:00+08:00,2025-09-19T13:10:00+08:00
R0003305,T0049365,U013107,TPE100,100.0,2025-10-18T06:52:00+08:00,2025-10-18T07:00:00+08:00
R0003306,T0049366,U013299,TPE150,150.0,2025-09-27T08:55:00+08:00,2025-09-27T09:00:00+08:00
R0003307,T0049367,U017854,TPE150,150.0,2025-09-06T04:16:00+08:00,2025-09-06T04:26:00+08:00
R0003308,T0049368,U014390,TPE150,150.0,2025-09-10T02:39:00+08:00,2025-09-10T02:53:00+08:00
R0003309,T0049369,U005482,TPE100,100.0,2025-10-08T00:11:00+08:00,2025-10-08T00:15:00+08:00
R0003310,T0049370,U005482,LOCAL100,100.0,2025-10-13T15:21:00+08:00,2025-10-13T15:36:00+08:00
R0003311,T0049371,U001902,TPE100,100.0,2025-09-20T03:03:00+08:00,2025-09-20T03:13:00+08:00
R0003312,T0049372,U002059,TPE150,150.0,2025-10-22T12:11:00+08:00,2025-10-22T12:18:00+08:00
R0003313,T0049374,U029822,TPE100,100.0,2025-10-13T23:30:00+08:00,2025-10-13T23:41:00+08:00
R0003314,T0049375,U029822,LOCAL100,100.0,2025-10-17T12:47:00+08:00,2025-10-17T12:49:00+08:00
R0003315,T0049376,U027924,TPE100,100.0,2025-10-10T01:07:00+08:00,2025-10-10T01:18:00+08:00
R0003316,T0049379,U005299,TPE150,150.0,2025-10-25T01:51:00+08:00,2025-10-25T02:03:00+08:00
R0003317,T0049380,U028331,TPE100,100.0,2025-09-08T18:30:00+08:00,2025-09-08T18:34:00+08:00
R0003318,T0049383,U028913,TPE150,150.0,2025-10-06T16:22:00+08:00,2025-10-06T16:34:00+08:00
R0003319,T0049384,U010385,TPE150,150.0,2025-10-03T02:10:00+08:00,2025-10-03T02:20:00+08:00
R0003320,T0049385,U000056,TPE100,100.0,2025-10-06T09:58:00+08:00,2025-10-06T10:13:00+08:00
R0003321,T0049386,U012738,TPE100,100.0,2025-10-07T03:18:00+08:00,2025-10-07T03:28:00+08:00
R0003322,T0049387,U012738,LOCAL100,100.0,2025-10-09T13:01:00+08:00,2025-10-09T13:05:00+08:00
R0003323,T0049388,U018538,TPE150,150.0,2025-10-06T23:48:00+08:00,2025-10-06T23:58:00+08:00
R0003324,T0049390,U006999,TPE100,100.0,2025-10-21T11:52:00+08:00,2025-10-21T12:06:00+08:00
R0003325,T0049391,U006999,LOCAL100,100.0,2025-10-24T18:16:00+08:00,2025-10-24T18:29:00+08:00
R0003326,T0049393,U018533,TPE150,150.0,2025-09-02T13:40:00+08:00,2025-09-02T13:41:00+08:00
R0003327,T0049394,U008830,TPE150,150.0,2025-10-01T18:50:00+08:00,2025-10-01T18:50:00+08:00
R0003328,T0049396,U006304,TPE100,100.0,2025-09-18T00:32:00+08:00,2025-09-18T00:34:00+08:00
R0003329,T0049397,U010339,TPE150,150.0,2025-10-12T08:17:00+08:00,2025-10-12T08:20:00+08:00
R0003330,T0049398,U023931,TPE100,100.0,2025-10-22T18:39:00+08:00,2025-10-22T18:44:00+08:00
R0003331,T0049399,U005344,TPE100,100.0,2025-09-28T01:34:00+08:00,2025-09-28T01:43:00+08:00
R0003332,T0049400,U027713,TPE100,100.0,2025-10-05T05:40:00+08:00,2025-10-05T05:52:00+08:00
R0003333,T0049402,U004904,TPE150,150.0,2025-09-21T03:06:00+08:00,2025-09-21T03:13:00+08:00
R0003334,T0049403,U013121,TPE100,100.0,2025-10-12T00:04:00+08:00,2025-10-12T00:16:00+08:00
R0003335,T0049404,U007495,TPE150,150.0,2025-09-12T09:38:00+08:00,2025-09-12T09:53:00+08:00
R0003336,T0049406,U022688,TPE100,100.0,2025-10-08T13:02:00+08:00,2025-10-08T13:16:00+08:00
R0003337,T0049408,U016252,TPE100,100.0,2025-09-01T11:31:00+08:00,2025-09-01T11:46:00+08:00
R0003338,T0049411,U002133,TPE150,150.0,2025-10-16T12:59:00+08:00,2025-10-16T13:02:00+08:00
R0003339,T0049414,U006313,TPE100,100.0,2025-09-26T02:55:00+08:00,2025-09-26T03:10:00+08:00
R0003340,T0049415,U006313,LOCAL100,100.0,2025-09-30T07:27:00+08:00,2025-09-30T07:29:00+08:00
R0003341,T0049416,U008493,TPE100,100.0,2025-09-21T10:39:00+08:00,2025-09-21T10:44:00+08:00
R0003342,T0049417,U008493,LOCAL100,100.0,2025-09-27T11:30:00+08:00,2025-09-27T11:39:00+08:00
R0003343,T0049418,U013561,TPE150,150.0,2025-10-10T23:44:00+08:00,2025-10-10T23:57:00+08:00
R0003344,T0049419,U017785,TPE150,150.0,2025-09-30T19:30:00+08:00,2025-09-30T19:45:00+08:00
R0003345,T0049421,U020579,TPE150,150.0,2025-09-09T00:43:00+08:00,2025-09-09T00:52:00+08:00
R0003346,T0049422,U025138,TPE100,100.0,2025-10-12T13:26:00+08:00,2025-10-12T13:29:00+08:00
R0003347,T0049423,U018509,TPE150,150.0,2025-10-01T08:46:00+08:00,2025-10-01T08:57:00+08:00
R0003348,T0049425,U010301,TPE150,150.0,2025-10-12T11:14:00+08:00,2025-10-12T11:18:00+08:00
R0003349,T0049426,U006514,TPE150,150.0,2025-09-17T10:39:00+08:00,2025-09-17T10:40:00+08:00
R0003350,T0049429,U029026,TPE150,150.0,2025-10-06T01:48:00+08:00,2025-10-06T01:59:00+08:00
R0003351,T0049431,U012151,TPE150,150.0,2025-09-29T13:11:00+08:00,2025-09-29T13:11:00+08:00
R0003352,T0049433,U023803,TPE100,100.0,2025-09-08T11:46:00+08:00,2025-09-08T11:54:00+08:00
R0003353,T0049434,U007872,TPE100,100.0,2025-09-03T12:59:00+08:00,2025-09-03T13:12:00+08:00
R0003354,T0049435,U004755,TPE150,150.0,2025-09-30T04:43:00+08:00,2025-09-30T04:51:00+08:00
R0003355,T0049436,U022735,TPE150,150.0,2025-10-20T12:37:00+08:00,2025-10-20T12:40:00+08:00
R0003356,T0049439,U001351,TPE150,150.0,2025-09-28T08:32:00+08:00,2025-09-28T08:47:00+08:00
R0003357,T0049440,U022001,TPE150,150.0,2025-09-18T23:23:00+08:00,2025-09-18T23:37:00+08:00
R0003358,T0049441,U005387,TPE150,150.0,2025-10-11T08:09:00+08:00,2025-10-11T08:15:00+08:00
R0003359,T0049442,U024230,TPE150,150.0,2025-09-19T09:14:00+08:00,2025-09-19T09:24:00+08:00
R0003360,T0049444,U026713,TPE150,150.0,2025-09-30T10:13:00+08:00,2025-09-30T10:27:00+08:00
R0003361,T0049446,U022693,TPE100,100.0,2025-10-09T00:20:00+08:00,2025-10-09T00:25:00+08:00
R0003362,T0049447,U022693,LOCAL100,100.0,2025-10-15T13:27:00+08:00,2025-10-15T13:39:00+08:00
R0003363,T0049448,U018069,TPE100,100.0,2025-10-02T07:47:00+08:00,2025-10-02T07:52:00+08:00
R0003364,T0049449,U027694,TPE100,100.0,2025-09-05T23:45:00+08:00,2025-09-05T23:51:00+08:00
R0003365,T0049450,U011383,TPE100,100.0,2025-09-17T09:08:00+08:00,2025-09-17T09:12:00+08:00
R0003366,T0049451,U011383,LOCAL100,100.0,2025-09-18T17:41:00+08:00,2025-09-18T17:52:00+08:00
R0003367,T0049452,U000175,TPE150,150.0,2025-09-29T13:40:00+08:00,2025-09-29T13:40:00+08:00
R0003368,T0049454,U007927,TPE100,100.0,2025-10-03T01:15:00+08:00,2025-10-03T01:20:00+08:00
R0003369,T0049455,U007927,LOCAL100,100.0,2025-10-09T09:44:00+08:00,2025-10-09T09:55:00+08:00
R0003370,T0049456,U025205,TPE100,100.0,2025-10-26T07:54:00+08:00,2025-10-26T08:05:00+08:00
R0003371,T0049457,U025205,LOCAL100,100.0,2025-10-28T15:20:00+08:00,2025-10-28T15:33:00+08:00
R0003372,T0049458,U028842,TPE100,100.0,2025-09-26T08:19:00+08:00,2025-09-26T08:34:00+08:00
R0003373,T0049459,U023389,TPE150,150.0,2025-10-26T00:51:00+08:00,2025-10-26T01:03:00+08:00
R0003374,T0049460,U003925,TPE100,100.0,2025-09-15T13:50:00+08:00,2025-09-15T13:51:00+08:00
R0003375,T0049461,U003925,LOCAL100,100.0,2025-09-19T09:21:00+08:00,2025-09-19T09:24:00+08:00
R0003376,T0049463,U027757,TPE100,100.0,2025-09-14T00:38:00+08:00,2025-09-14T00:50:00+08:00
R0003377,T0049465,U023636,TPE150,150.0,2025-09-30T08:00:00+08:00,2025-09-30T08:10:00+08:00
R0003378,T0049466,U014856,TPE100,100.0,2025-09-20T11:32:00+08:00,2025-09-20T11:47:00+08:00
R0003379,T0049468,U001841,TPE100,100.0,2025-10-24T01:16:00+08:00,2025-10-24T01:20:00+08:00
R0003380,T0049469,U001841,LOCAL100,100.0,2025-10-28T15:40:00+08:00,2025-10-28T15:46:00+08:00
R0003381,T0049470,U027038,TPE150,150.0,2025-09-05T01:39:00+08:00,2025-09-05T01:40:00+08:00
R0003382,T0049472,U005523,TPE150,150.0,2025-09-20T23:38:00+08:00,2025-09-20T23:52:00+08:00
R0003383,T0049473,U017727,TPE150,150.0,2025-09-21T10:23:00+08:00,2025-09-21T10:24:00+08:00
R0003384,T0049475,U010329,TPE150,150.0,2025-10-10T20:52:00+08:00,2025-10-10T20:59:00+08:00
R0003385,T0049476,U005331,TPE150,150.0,2025-10-12T10:33:00+08:00,2025-10-12T10:37:00+08:00
R0003386,T0049478,U026020,TPE150,150.0,2025-09-14T10:48:00+08:00,2025-09-14T10:50:00+08:00
R0003387,T0049479,U024137,TPE150,150.0,2025-09-22T00:03:00+08:00,2025-09-22T00:15:00+08:00
R0003388,T0049480,U022134,TPE100,100.0,2025-10-08T09:24:00+08:00,2025-10-08T09:25:00+08:00
R0003389,T0049481,U022134,LOCAL100,100.0,2025-10-14T01:31:00+08:00,2025-10-14T01:40:00+08:00
R0003390,T0049482,U000777,TPE100,100.0,2025-10-07T00:14:00+08:00,2025-10-07T00:18:00+08:00
R0003391,T0049483,U010278,TPE100,100.0,2025-10-12T18:11:00+08:00,2025-10-12T18:23:00+08:00
R0003392,T0049484,U014122,TPE100,100.0,2025-09-30T14:53:00+08:00,2025-09-30T14:56:00+08:00
R0003393,T0049485,U018405,TPE150,150.0,2025-09-06T13:48:00+08:00,2025-09-06T13:49:00+08:00
R0003394,T0049488,U015578,TPE100,100.0,2025-09-12T10:53:00+08:00,2025-09-12T10:54:00+08:00
R0003395,T0049489,U006162,TPE100,100.0,2025-10-18T03:47:00+08:00,2025-10-18T03:57:00+08:00
R0003396,T0049490,U013551,TPE150,150.0,2025-10-24T08:00:00+08:00,2025-10-24T08:10:00+08:00
R0003397,T0049491,U001663,TPE100,100.0,2025-09-22T00:44:00+08:00,2025-09-22T00:56:00+08:00
R0003398,T0049493,U008815,TPE100,100.0,2025-09-20T14:12:00+08:00,2025-09-20T14:20:00+08:00
R0003399,T0049494,U016614,TPE100,100.0,2025-09-30T22:33:00+08:00,2025-09-30T22:47:00+08:00
R0003400,T0049496,U005015,TPE100,100.0,2025-09-08T11:19:00+08:00,2025-09-08T11:27:00+08:00
R0003401,T0049497,U001652,TPE100,100.0,2025-09-13T11:29:00+08:00,2025-09-13T11:38:00+08:00
R0003402,T0049498,U006350,TPE150,150.0,2025-10-20T03:13:00+08:00,2025-10-20T03:14:00+08:00
R0003403,T0049499,U002766,TPE100,100.0,2025-09-28T07:13:00+08:00,2025-09-28T07:19:00+08:00
R0003404,T0049500,U002766,LOCAL100,100.0,2025-10-01T17:51:00+08:00,2025-10-01T17:54:00+08:00
R0003405,T0049501,U007532,TPE150,150.0,2025-10-05T11:09:00+08:00,2025-10-05T11:12:00+08:00
R0003406,T0049503,U022892,TPE100,100.0,2025-09-06T23:29:00+08:00,2025-09-06T23:32:00+08:00
R0003407,T0049504,U022892,LOCAL100,100.0,2025-09-09T02:25:00+08:00,2025-09-09T02:27:00+08:00
R0003408,T0049506,U014349,TPE100,100.0,2025-10-23T09:52:00+08:00,2025-10-23T10:07:00+08:00
R0003409,T0049507,U029179,TPE100,100.0,2025-09-11T19:24:00+08:00,2025-09-11T19:29:00+08:00
R0003410,T0049509,U009161,TPE100,100.0,2025-09-16T22:26:00+08:00,2025-09-16T22:32:00+08:00
R0003411,T0049510,U018991,TPE100,100.0,2025-09-29T08:45:00+08:00,2025-09-29T08:54:00+08:00
R0003412,T0049511,U018991,LOCAL100,100.0,2025-10-02T21:51:00+08:00,2025-10-02T21:52:00+08:00
R0003413,T0049512,U020288,TPE150,150.0,2025-09-17T08:50:00+08:00,2025-09-17T08:57:00+08:00
R0003414,T0049513,U011038,TPE150,150.0,2025-09-18T03:48:00+08:00,2025-09-18T03:56:00+08:00
R0003415,T0049516,U026250,TPE100,100.0,2025-09-07T13:28:00+08:00,2025-09-07T13:34:00+08:00
R0003416,T0049517,U026250,LOCAL100,100.0,2025-09-09T04:43:00+08:00,2025-09-09T04:51:00+08:00
R0003417,T0049518,U026678,TPE150,150.0,2025-10-03T11:55:00+08:00,2025-10-03T12:06:00+08:00
R0003418,T0049520,U014734,TPE100,100.0,2025-09-25T11:28:00+08:00,2025-09-25T11:43:00+08:00
R0003419,T0049521,U014734,LOCAL100,100.0,2025-09-28T12:50:00+08:00,2025-09-28T12:56:00+08:00
R0003420,T0049522,U010239,TPE150,150.0,2025-10-05T10:19:00+08:00,2025-10-05T10:34:00+08:00
R0003421,T0049523,U006164,TPE100,100.0,2025-10-16T09:17:00+08:00,2025-10-16T09:29:00+08:00
R0003422,T0049525,U011394,TPE150,150.0,2025-09-06T11:01:00+08:00,2025-09-06T11:03:00+08:00
R0003423,T0049526,U009074,TPE100,100.0,2025-10-26T09:46:00+08:00,2025-10-26T09:54:00+08:00
R0003424,T0049527,U009335,TPE150,150.0,2025-09-25T22:08:00+08:00,2025-09-25T22:16:00+08:00
R0003425,T0049528,U022003,TPE100,100.0,2025-10-01T12:15:00+08:00,2025-10-01T12:30:00+08:00
R0003426,T0049530,U020409,TPE150,150.0,2025-09-07T23:10:00+08:00,2025-09-07T23:20:00+08:00
R0003427,T0049531,U019776,TPE150,150.0,2025-10-13T06:29:00+08:00,2025-10-13T06:40:00+08:00
R0003428,T0049532,U008421,TPE100,100.0,2025-09-13T13:57:00+08:00,2025-09-13T14:12:00+08:00
R0003429,T0049533,U027765,TPE100,100.0,2025-10-09T07:38:00+08:00,2025-10-09T07:41:00+08:00
R0003430,T0049534,U027765,LOCAL100,100.0,2025-10-13T09:46:00+08:00,2025-10-13T10:01:00+08:00
R0003431,T0049535,U016085,TPE150,150.0,2025-09-04T11:05:00+08:00,2025-09-04T11:12:00+08:00
R0003432,T0049537,U006210,TPE150,150.0,2025-09-12T16:28:00+08:00,2025-09-12T16:29:00+08:00
R0003433,T0049538,U005902,TPE100,100.0,2025-09-20T08:16:00+08:00,2025-09-20T08:26:00+08:00
R0003434,T0049539,U019154,TPE100,100.0,2025-10-02T16:33:00+08:00,2025-10-02T16:33:00+08:00
R0003435,T0049541,U028590,TPE150,150.0,2025-09-19T23:54:00+08:00,2025-09-20T00:07:00+08:00
R0003436,T0049542,U006450,TPE150,150.0,2025-09-10T21:50:00+08:00,2025-09-10T21:56:00+08:00
R0003437,T0049543,U028440,TPE150,150.0,2025-10-26T18:29:00+08:00,2025-10-26T18:30:00+08:00
R0003438,T0049544,U020974,TPE150,150.0,2025-10-23T16:17:00+08:00,2025-10-23T16:30:00+08:00
R0003439,T0049545,U026371,TPE100,100.0,2025-09-07T00:41:00+08:00,2025-09-07T00:49:00+08:00
R0003440,T0049546,U026371,LOCAL100,100.0,2025-09-08T06:13:00+08:00,2025-09-08T06:25:00+08:00
R0003441,T0049547,U010515,TPE150,150.0,2025-09-17T01:36:00+08:00,2025-09-17T01:44:00+08:00
R0003442,T0049548,U008340,TPE100,100.0,2025-10-10T01:37:00+08:00,2025-10-10T01:41:00+08:00
R0003443,T0049549,U000296,TPE150,150.0,2025-10-22T10:45:00+08:00,2025-10-22T10:55:00+08:00
R0003444,T0049550,U024835,TPE100,100.0,2025-10-22T12:16:00+08:00,2025-10-22T12:26:00+08:00
R0003445,T0049551,U004737,TPE150,150.0,2025-09-27T01:46:00+08:00,2025-09-27T01:54:00+08:00
R0003446,T0049553,U028887,TPE150,150.0,2025-09-28T02:31:00+08:00,2025-09-28T02:41:00+08:00
R0003447,T0049555,U024236,TPE100,100.0,2025-10-08T09:57:00+08:00,2025-10-08T09:58:00+08:00
R0003448,T0049556,U024236,LOCAL100,100.0,2025-10-11T19:55:00+08:00,2025-10-11T19:57:00+08:00
R0003449,T0049557,U014998,TPE100,100.0,2025-09-23T08:40:00+08:00,2025-09-23T08:54:00+08:00
R0003450,T0049558,U014998,LOCAL100,100.0,2025-09-28T17:39:00+08:00,2025-09-28T17:50:00+08:00
R0003451,T0049559,U007297,TPE150,150.0,2025-09-27T23:06:00+08:00,2025-09-27T23:13:00+08:00
R0003452,T0049561,U021664,TPE150,150.0,2025-09-30T06:06:00+08:00,2025-09-30T06:08:00+08:00
R0003453,T0049562,U001269,TPE100,100.0,2025-09-01T12:39:00+08:00,2025-09-01T12:48:00+08:00
R0003454,T0049563,U001269,LOCAL100,100.0,2025-09-05T17:17:00+08:00,2025-09-05T17:29:00+08:00
R0003455,T0049564,U029580,TPE100,100.0,2025-10-12T10:54:00+08:00,2025-10-12T11:04:00+08:00
R0003456,T0049566,U001349,TPE100,100.0,2025-09-27T00:21:00+08:00,2025-09-27T00:33:00+08:00
R0003457,T0049567,U009923,TPE150,150.0,2025-10-17T01:40:00+08:00,2025-10-17T01:40:00+08:00
R0003458,T0049570,U027717,TPE150,150.0,2025-10-03T00:18:00+08:00,2025-10-03T00:27:00+08:00
R0003459,T0049571,U021920,TPE150,150.0,2025-09-05T23:47:00+08:00,2025-09-05T23:47:00+08:00
R0003460,T0049572,U028256,TPE100,100.0,2025-10-03T12:16:00+08:00,2025-10-03T12:27:00+08:00
R0003461,T0049575,U021902,TPE100,100.0,2025-09-21T10:04:00+08:00,2025-09-21T10:19:00+08:00
R0003462,T0049576,U021902,LOCAL100,100.0,2025-09-25T20:30:00+08:00,2025-09-25T20:35:00+08:00
R0003463,T0049577,U020800,TPE100,100.0,2025-10-23T06:09:00+08:00,2025-10-23T06:14:00+08:00
R0003464,T0049578,U020800,LOCAL100,100.0,2025-10-27T01:01:00+08:00,2025-10-27T01:03:00+08:00
R0003465,T0049579,U021377,TPE150,150.0,2025-10-24T09:23:00+08:00,2025-10-24T09:37:00+08:00
R0003466,T0049580,U026787,TPE100,100.0,2025-09-27T15:15:00+08:00,2025-09-27T15:30:00+08:00
R0003467,T0049582,U024260,TPE100,100.0,2025-09-15T12:34:00+08:00,2025-09-15T12:40:00+08:00
R0003468,T0049583,U024260,LOCAL100,100.0,2025-09-22T00:14:00+08:00,2025-09-22T00:26:00+08:00
R0003469,T0049584,U016461,TPE150,150.0,2025-09-30T11:14:00+08:00,2025-09-30T11:29:00+08:00
R0003470,T0049586,U006074,TPE150,150.0,2025-10-26T06:19:00+08:00,2025-10-26T06:33:00+08:00
R0003471,T0049588,U020202,TPE150,150.0,2025-09-29T02:08:00+08:00,2025-09-29T02:17:00+08:00
R0003472,T0049589,U007566,TPE100,100.0,2025-09-22T10:52:00+08:00,2025-09-22T10:55:00+08:00
R0003473,T0049590,U018796,TPE150,150.0,2025-09-15T11:43:00+08:00,2025-09-15T11:55:00+08:00
R0003474,T0049594,U004237,TPE100,100.0,2025-10-02T01:22:00+08:00,2025-10-02T01:35:00+08:00
R0003475,T0049595,U004237,LOCAL100,100.0,2025-10-08T17:14:00+08:00,2025-10-08T17:24:00+08:00
R0003476,T0049597,U000336,TPE150,150.0,2025-09-11T00:14:00+08:00,2025-09-11T00:18:00+08:00
R0003477,T0049599,U025855,TPE150,150.0,2025-10-23T09:09:00+08:00,2025-10-23T09:18:00+08:00
R0003478,T0049603,U010193,TPE150,150.0,2025-10-22T13:50:00+08:00,2025-10-22T13:53:00+08:00
R0003479,T0049605,U005544,TPE150,150.0,2025-10-23T10:55:00+08:00,2025-10-23T11:06:00+08:00
R0003480,T0049607,U004986,TPE150,150.0,2025-09-10T12:45:00+08:00,2025-09-10T12:55:00+08:00
R0003481,T0049608,U029403,TPE100,100.0,2025-09-22T15:01:00+08:00,2025-09-22T15:09:00+08:00
R0003482,T0049609,U029403,LOCAL100,100.0,2025-09-24T06:19:00+08:00,2025-09-24T06:21:00+08:00
R0003483,T0049610,U000366,TPE100,100.0,2025-09-24T11:38:00+08:00,2025-09-24T11:44:00+08:00
R0003484,T0049611,U000366,LOCAL100,100.0,2025-09-26T13:41:00+08:00,2025-09-26T13:56:00+08:00
R0003485,T0049612,U002827,TPE150,150.0,2025-10-18T01:07:00+08:00,2025-10-18T01:14:00+08:00
R0003486,T0049614,U003777,TPE150,150.0,2025-09-17T06:16:00+08:00,2025-09-17T06:26:00+08:00
R0003487,T0049615,U010293,TPE150,150.0,2025-09-23T01:20:00+08:00,2025-09-23T01:25:00+08:00
R0003488,T0049616,U000250,TPE100,100.0,2025-10-17T09:02:00+08:00,2025-10-17T09:06:00+08:00
R0003489,T0049617,U012408,TPE100,100.0,2025-10-16T11:33:00+08:00,2025-10-16T11:34:00+08:00
R0003490,T0049619,U001928,TPE150,150.0,2025-09-18T23:07:00+08:00,2025-09-18T23:08:00+08:00
R0003491,T0049621,U017989,TPE100,100.0,2025-09-28T23:35:00+08:00,2025-09-28T23:45:00+08:00
R0003492,T0049622,U017989,LOCAL100,100.0,2025-10-05T13:52:00+08:00,2025-10-05T13:55:00+08:00
R0003493,T0049623,U003614,TPE150,150.0,2025-10-18T00:33:00+08:00,2025-10-18T00:45:00+08:00
R0003494,T0049624,U025811,TPE150,150.0,2025-09-16T02:22:00+08:00,2025-09-16T02:36:00+08:00
R0003495,T0049625,U020223,TPE150,150.0,2025-09-15T08:45:00+08:00,2025-09-15T08:57:00+08:00
R0003496,T0049626,U015408,TPE100,100.0,2025-09-07T15:14:00+08:00,2025-09-07T15:26:00+08:00
R0003497,T0049628,U027438,TPE100,100.0,2025-09-24T23:55:00+08:00,2025-09-25T00:06:00+08:00
R0003498,T0049629,U027438,LOCAL100,100.0,2025-09-27T13:21:00+08:00,2025-09-27T13:31:00+08:00
R0003499,T0049631,U020229,TPE150,150.0,2025-10-18T09:01:00+08:00,2025-10-18T09:02:00+08:00
R0003500,T0049634,U025792,TPE100,100.0,2025-09-11T23:42:00+08:00,2025-09-11T23:56:00+08:00
R0003501,T0049635,U025792,LOCAL100,100.0,2025-09-18T01:59:00+08:00,2025-09-18T02:09:00+08:00
R0003502,T0049636,U014362,TPE150,150.0,2025-10-01T10:17:00+08:00,2025-10-01T10:27:00+08:00
R0003503,T0049637,U016548,TPE100,100.0,2025-09-03T07:52:00+08:00,2025-09-03T07:57:00+08:00
R0003504,T0049638,U029356,TPE150,150.0,2025-10-22T21:04:00+08:00,2025-10-22T21:14:00+08:00
R0003505,T0049639,U029216,TPE100,100.0,2025-09-07T12:36:00+08:00,2025-09-07T12:48:00+08:00
R0003506,T0049640,U006663,TPE150,150.0,2025-09-03T05:52:00+08:00,2025-09-03T05:53:00+08:00
R0003507,T0049641,U026823,TPE150,150.0,2025-09-21T01:35:00+08:00,2025-09-21T01:40:00+08:00
R0003508,T0049642,U017214,TPE100,100.0,2025-09-16T01:03:00+08:00,2025-09-16T01:12:00+08:00
R0003509,T0049643,U017214,LOCAL100,100.0,2025-09-20T10:22:00+08:00,2025-09-20T10:28:00+08:00
R0003510,T0049644,U025000,TPE150,150.0,2025-09-20T13:44:00+08:00,2025-09-20T13:46:00+08:00
R0003511,T0049646,U011261,TPE150,150.0,2025-09-03T22:44:00+08:00,2025-09-03T22:53:00+08:00
R0003512,T0049648,U021446,TPE100,100.0,2025-10-03T01:34:00+08:00,2025-10-03T01:38:00+08:00
R0003513,T0049649,U025275,TPE150,150.0,2025-10-23T17:30:00+08:00,2025-10-23T17:30:00+08:00
R0003514,T0049651,U001233,TPE100,100.0,2025-10-26T13:04:00+08:00,2025-10-26T13:18:00+08:00
R0003515,T0049652,U001233,LOCAL100,100.0,2025-11-01T15:33:00+08:00,2025-11-01T15:41:00+08:00
R0003516,T0049653,U025057,TPE100,100.0,2025-09-21T23:46:00+08:00,2025-09-21T23:54:00+08:00
R0003517,T0049654,U027011,TPE150,9999,2025-09-24T01:22:00+08:00,2025-09-24T01:25:00+08:00
R0003518,T0049655,U008021,TPE150,150.0,2025-10-07T00:09:00+08:00,2025-10-07T00:18:00+08:00
R0003519,T0049656,U003789,TPE100,100.0,2025-09-30T06:50:00+08:00,2025-09-30T07:05:00+08:00
R0003520,T0049657,U009249,TPE100,100.0,2025-10-04T07:50:00+08:00,2025-10-04T07:52:00+08:00
R0003521,T0049658,U009249,LOCAL100,100.0,2025-10-06T11:12:00+08:00,2025-10-06T11:17:00+08:00
R0003522,T0049659,U024641,TPE100,100.0,2025-09-04T09:14:00+08:00,2025-09-04T09:20:00+08:00
R0003523,T0049660,U021360,TPE150,150.0,2025-09-27T11:05:00+08:00,2025-09-27T11:12:00+08:00
R0003524,T0049661,U001297,TPE100,100.0,2025-10-08T08:21:00+08:00,2025-10-08T08:26:00+08:00
R0003525,T0049664,U003833,TPE100,100.0,2025-10-21T09:38:00+08:00,2025-10-21T09:49:00+08:00
R0003526,T0049665,U003833,LOCAL100,100.0,2025-10-23T03:13:00+08:00,2025-10-23T03:26:00+08:00
R0003527,T0049666,U006873,TPE150,150.0,2025-09-07T00:54:00+08:00,2025-09-07T00:56:00+08:00
R0003528,T0049667,U015468,TPE150,150.0,2025-09-07T11:33:00+08:00,2025-09-07T11:34:00+08:00
R0003529,T0049668,U023428,TPE150,150.0,2025-09-19T09:14:00+08:00,2025-09-19T09:20:00+08:00
R0003530,T0049670,U007223,TPE150,150.0,2025-09-25T12:14:00+08:00,2025-09-25T12:19:00+08:00
R0003531,T0049672,U014476,TPE150,150.0,2025-10-01T23:15:00+08:00,2025-10-01T23:16:00+08:00
R0003532,T0049673,U023332,TPE150,150.0,2025-09-18T12:40:00+08:00,2025-09-18T12:41:00+08:00
R0003533,T0049674,U008365,TPE150,150.0,2025-09-21T11:15:00+08:00,2025-09-21T11:19:00+08:00
R0003534,T0049676,U012726,TPE150,150.0,2025-10-25T00:18:00+08:00,2025-10-25T00:29:00+08:00
R0003535,T0049677,U003525,TPE150,150.0,2025-10-24T01:21:00+08:00,2025-10-24T01:21:00+08:00
R0003536,T0049678,U007897,TPE150,150.0,2025-10-20T21:59:00+08:00,2025-10-20T22:08:00+08:00
R0003537,T0049679,U015633,TPE150,150.0,2025-10-25T19:17:00+08:00,2025-10-25T19:24:00+08:00
R0003538,T0049680,U019639,TPE150,150.0,2025-10-06T00:01:00+08:00,2025-10-06T00:03:00+08:00
R0003539,T0049684,U016912,TPE150,150.0,2025-09-21T02:32:00+08:00,2025-09-21T02:43:00+08:00
R0003540,T0049685,U019711,TPE150,150.0,2025-10-20T13:02:00+08:00,2025-10-20T13:15:00+08:00
R0003541,T0049686,U022080,TPE100,100.0,2025-10-22T10:37:00+08:00,2025-10-22T10:46:00+08:00
R0003542,T0049687,U005470,TPE100,100.0,2025-09-05T13:14:00+08:00,2025-09-05T13:26:00+08:00
R0003543,T0049688,U007559,TPE150,150.0,2025-09-28T13:08:00+08:00,2025-09-28T13:21:00+08:00
R0003544,T0049689,U023423,TPE150,150.0,2025-10-20T23:06:00+08:00,2025-10-20T23:08:00+08:00
R0003545,T0049690,U001105,TPE150,150.0,2025-09-23T10:59:00+08:00,2025-09-23T11:03:00+08:00
R0003546,T0049691,U025879,TPE100,100.0,2025-10-04T10:10:00+08:00,2025-10-04T10:19:00+08:00
R0003547,T0049692,U015137,TPE150,150.0,2025-10-04T07:40:00+08:00,2025-10-04T07:54:00+08:00
R0003548,T0049693,U024816,TPE150,150.0,2025-09-05T23:13:00+08:00,2025-09-05T23:24:00+08:00
R0003549,T0049694,U009314,TPE100,100.0,2025-10-03T11:41:00+08:00,2025-10-03T11:44:00+08:00
R0003550,T0049695,U009314,LOCAL100,100.0,2025-10-09T20:37:00+08:00,2025-10-09T20:48:00+08:00
R0003551,T0049696,U024890,TPE100,100.0,2025-09-07T03:21:00+08:00,2025-09-07T03:33:00+08:00
R0003552,T0049697,U024890,LOCAL100,100.0,2025-09-09T07:39:00+08:00,2025-09-09T07:43:00+08:00
R0003553,T0049698,U006498,TPE100,100.0,2025-09-18T06:53:00+08:00,2025-09-18T06:59:00+08:00
R0003554,T0049699,U013241,TPE100,100.0,2025-09-27T10:02:00+08:00,2025-09-27T10:04:00+08:00
R0003555,T0049700,U012282,TPE150,150.0,2025-09-17T01:01:00+08:00,2025-09-17T01:02:00+08:00
R0003556,T0049702,U006186,TPE150,150.0,2025-10-04T10:38:00+08:00,2025-10-04T10:49:00+08:00
R0003557,T0049703,U005889,TPE150,150.0,2025-10-18T05:17:00+08:00,2025-10-18T05:24:00+08:00
R0003558,T0049704,U016867,TPE150,150.0,2025-09-11T11:50:00+08:00,2025-09-11T12:03:00+08:00
R0003559,T0049705,U028465,TPE150,150.0,2025-10-02T03:16:00+08:00,2025-10-02T03:21:00+08:00
R0003560,T0049706,U015572,TPE100,100.0,2025-10-11T23:59:00+08:00,2025-10-12T00:08:00+08:00
R0003561,T0049707,U015572,LOCAL100,100.0,2025-10-15T12:24:00+08:00,2025-10-15T12:25:00+08:00
R0003562,T0049708,U005629,TPE150,150.0,2025-09-25T06:16:00+08:00,2025-09-25T06:25:00+08:00
R0003563,T0049709,U004362,TPE100,100.0,2025-09-24T01:20:00+08:00,2025-09-24T01:20:00+08:00
R0003564,T0049710,U008846,TPE150,150.0,2025-10-02T08:55:00+08:00,2025-10-02T08:55:00+08:00
R0003565,T0049711,U013272,TPE150,150.0,2025-09-06T09:06:00+08:00,2025-09-06T09:16:00+08:00
R0003566,T0049712,U028873,TPE150,150.0,2025-09-06T15:08:00+08:00,2025-09-06T15:14:00+08:00
R0003567,T0049713,U029747,TPE100,100.0,2025-10-10T11:37:00+08:00,2025-10-10T11:38:00+08:00
R0003568,T0049714,U029747,LOCAL100,100.0,2025-10-16T12:55:00+08:00,2025-10-16T13:07:00+08:00
R0003569,T0049715,U020293,TPE150,150.0,2025-10-13T01:00:00+08:00,2025-10-13T01:00:00+08:00
R0003570,T0049716,U011634,TPE100,100.0,2025-10-15T08:10:00+08:00,2025-10-15T08:20:00+08:00
R0003571,T0049717,U019299,TPE100,100.0,2025-09-26T08:08:00+08:00,2025-09-26T08:08:00+08:00
R0003572,T0049718,U021462,TPE150,150.0,2025-09-19T14:48:00+08:00,2025-09-19T14:59:00+08:00
R0003573,T0049720,U012067,TPE150,150.0,2025-10-26T19:12:00+08:00,2025-10-26T19:26:00+08:00
R0003574,T0049721,U028525,TPE100,100.0,2025-09-20T07:03:00+08:00,2025-09-20T07:04:00+08:00
R0003575,T0049723,U014984,TPE100,100.0,2025-10-07T19:01:00+08:00,2025-10-07T19:10:00+08:00
R0003576,T0049724,U020367,TPE150,150.0,2025-10-12T03:00:00+08:00,2025-10-12T03:09:00+08:00
R0003577,T0049726,U015585,TPE100,100.0,2025-09-29T03:01:00+08:00,2025-09-29T03:11:00+08:00
R0003578,T0049728,U016728,TPE150,150.0,2025-10-07T09:12:00+08:00,2025-10-07T09:20:00+08:00
R0003579,T0049730,U018517,TPE150,150.0,2025-10-04T06:11:00+08:00,2025-10-04T06:21:00+08:00
R0003580,T0049732,U025509,TPE150,150.0,2025-10-12T19:43:00+08:00,2025-10-12T19:45:00+08:00
R0003581,T0049734,U000629,TPE100,100.0,2025-09-16T10:56:00+08:00,2025-09-16T11:00:00+08:00
R0003582,T0049735,U004479,TPE150,150.0,2025-09-20T04:55:00+08:00,2025-09-20T04:55:00+08:00
R0003583,T0049736,U009064,TPE150,150.0,2025-09-24T22:32:00+08:00,2025-09-24T22:45:00+08:00
R0003584,T0049737,U004279,TPE150,150.0,2025-09-21T00:13:00+08:00,2025-09-21T00:19:00+08:00
R0003585,T0049740,U022646,TPE150,150.0,2025-09-04T21:57:00+08:00,2025-09-04T22:06:00+08:00
R0003586,T0049741,U000371,TPE150,150.0,2025-10-10T11:53:00+08:00,2025-10-10T11:54:00+08:00
R0003587,T0049742,U024713,TPE150,150.0,2025-10-05T21:08:00+08:00,2025-10-05T21:13:00+08:00
R0003588,T0049744,U010366,TPE100,100.0,2025-10-14T09:36:00+08:00,2025-10-14T09:37:00+08:00
R0003589,T0049745,U027037,TPE150,150.0,2025-09-24T09:20:00+08:00,2025-09-24T09:33:00+08:00
R0003590,T0049747,U020090,TPE150,150.0,2025-10-03T21:29:00+08:00,2025-10-03T21:37:00+08:00
R0003591,T0049748,U020625,TPE150,150.0,2025-09-15T08:55:00+08:00,2025-09-15T09:07:00+08:00
R0003592,T0049750,U011871,TPE100,100.0,2025-09-18T11:12:00+08:00,2025-09-18T11:14:00+08:00
R0003593,T0049751,U011871,LOCAL100,100.0,2025-09-24T20:19:00+08:00,2025-09-24T20:25:00+08:00
R0003594,T0049753,U018999,TPE150,150.0,2025-09-23T13:51:00+08:00,2025-09-23T14:05:00+08:00
R0003595,T0049755,U015815,TPE150,150.0,2025-09-01T09:23:00+08:00,2025-09-01T09:36:00+08:00
R0003596,T0049756,U014152,TPE150,150.0,2025-09-20T09:11:00+08:00,2025-09-20T09:23:00+08:00
R0003597,T0049757,U009014,TPE150,150.0,2025-09-19T02:17:00+08:00,2025-09-19T02:32:00+08:00
R0003598,T0049758,U024361,TPE150,150.0,2025-10-12T23:03:00+08:00,2025-10-12T23:05:00+08:00
R0003599,T0049759,U002916,TPE100,100.0,2025-09-09T09:48:00+08:00,2025-09-09T10:03:00+08:00
R0003600,T0049760,U019382,TPE150,150.0,2025-10-20T11:01:00+08:00,2025-10-20T11:15:00+08:00
R0003601,T0049761,U026473,TPE100,100.0,2025-09-21T22:01:00+08:00,2025-09-21T22:03:00+08:00
R0003602,T0049762,U026473,LOCAL100,100.0,2025-09-27T11:23:00+08:00,2025-09-27T11:27:00+08:00
R0003603,T0049764,U024122,TPE150,150.0,2025-09-18T01:50:00+08:00,2025-09-18T02:00:00+08:00
R0003604,T0049766,U018230,TPE100,100.0,2025-09-20T02:38:00+08:00,2025-09-20T02:39:00+08:00
R0003605,T0049767,U027334,TPE150,150.0,2025-09-15T10:17:00+08:00,2025-09-15T10:23:00+08:00
R0003606,T0049768,U021593,TPE150,150.0,2025-10-23T09:00:00+08:00,2025-10-23T09:05:00+08:00
R0003607,T0049769,U027718,TPE150,150.0,2025-10-04T06:46:00+08:00,2025-10-04T06:58:00+08:00
R0003608,T0049770,U005622,TPE100,100.0,2025-09-30T01:01:00+08:00,2025-09-30T01:04:00+08:00
R0003609,T0049771,U029389,TPE100,100.0,2025-09-11T20:20:00+08:00,2025-09-11T20:33:00+08:00
R0003610,T0049772,U029389,LOCAL100,100.0,2025-09-17T07:08:00+08:00,2025-09-17T07:18:00+08:00
R0003611,T0049773,U019670,TPE150,150.0,2025-09-09T18:21:00+08:00,2025-09-09T18:28:00+08:00
R0003612,T0049775,U015672,TPE100,100.0,2025-10-06T22:22:00+08:00,2025-10-06T22:32:00+08:00
R0003613,T0049776,U007415,TPE150,150.0,2025-10-07T07:07:00+08:00,2025-10-07T07:17:00+08:00
R0003614,T0049778,U007791,TPE150,150.0,2025-09-04T15:11:00+08:00,2025-09-04T15:13:00+08:00
R0003615,T0049779,U009784,TPE100,100.0,2025-09-14T23:14:00+08:00,2025-09-14T23:25:00+08:00
R0003616,T0049780,U009784,LOCAL100,100.0,2025-09-21T18:18:00+08:00,2025-09-21T18:31:00+08:00
R0003617,T0049782,U022911,TPE150,150.0,2025-10-11T12:11:00+08:00,2025-10-11T12:26:00+08:00
R0003618,T0049783,U006710,TPE100,100.0,2025-10-24T20:35:00+08:00,2025-10-24T20:43:00+08:00
R0003619,T0049784,U014882,TPE150,150.0,2025-09-16T05:44:00+08:00,2025-09-16T05:51:00+08:00
R0003620,T0049785,U002813,TPE150,150.0,2025-09-25T02:02:00+08:00,2025-09-25T02:12:00+08:00
R0003621,T0049787,U029092,TPE150,150.0,2025-09-02T09:54:00+08:00,2025-09-02T10:03:00+08:00
R0003622,T0049789,U012645,TPE150,150.0,2025-09-10T09:56:00+08:00,2025-09-10T09:56:00+08:00
R0003623,T0049790,U012757,TPE150,150.0,2025-10-14T10:44:00+08:00,2025-10-14T10:53:00+08:00
R0003624,T0049792,U011969,TPE100,100.0,2025-09-27T03:41:00+08:00,2025-09-27T03:46:00+08:00
R0003625,T0049793,U011969,LOCAL100,100.0,2025-10-01T08:07:00+08:00,2025-10-01T08:15:00+08:00
R0003626,T0049794,U018537,TPE150,150.0,2025-10-08T12:47:00+08:00,2025-10-08T12:57:00+08:00
R0003627,T0049795,U013429,TPE150,150.0,2025-09-15T10:08:00+08:00,2025-09-15T10:15:00+08:00
R0003628,T0049796,U017912,TPE150,150.0,2025-10-11T07:13:00+08:00,2025-10-11T07:16:00+08:00
R0003629,T0049797,U003201,TPE100,100.0,2025-10-11T00:08:00+08:00,2025-10-11T00:09:00+08:00
R0003630,T0049798,U003201,LOCAL100,100.0,2025-10-16T09:14:00+08:00,2025-10-16T09:15:00+08:00
R0003631,T0049800,U004040,TPE100,100.0,2025-10-26T07:20:00+08:00,2025-10-26T07:23:00+08:00
R0003632,T0049801,U004040,LOCAL100,100.0,2025-10-30T08:45:00+08:00,2025-10-30T08:45:00+08:00
R0003633,T0049802,U011384,TPE150,150.0,2025-10-06T12:30:00+08:00,2025-10-06T12:43:00+08:00
R0003634,T0049804,U029187,TPE150,150.0,2025-09-27T13:38:00+08:00,2025-09-27T13:40:00+08:00
R0003635,T0049805,U018797,TPE150,150.0,2025-09-27T13:46:00+08:00,2025-09-27T13:58:00+08:00
R0003636,T0049806,U004984,TPE150,150.0,2025-09-21T05:00:00+08:00,2025-09-21T05:09:00+08:00
R0003637,T0049807,U017545,TPE150,150.0,2025-09-28T09:06:00+08:00,2025-09-28T09:10:00+08:00
R0003638,T0049808,U026920,TPE150,150.0,2025-10-12T11:36:00+08:00,2025-10-12T11:39:00+08:00
R0003639,T0049810,U022595,TPE100,100.0,2025-09-11T01:35:00+08:00,2025-09-11T01:41:00+08:00
R0003640,T0049812,U018463,TPE150,150.0,2025-09-20T12:25:00+08:00,2025-09-20T12:29:00+08:00
R0003641,T0049813,U016995,TPE100,100.0,2025-10-01T21:43:00+08:00,2025-10-01T21:47:00+08:00
R0003642,T0049815,U019669,TPE150,150.0,2025-10-02T15:07:00+08:00,2025-10-02T15:15:00+08:00
R0003643,T0049816,U001005,TPE150,150.0,2025-09-09T00:36:00+08:00,2025-09-09T00:48:00+08:00
R0003644,T0049817,U021050,TPE150,150.0,2025-09-28T10:03:00+08:00,2025-09-28T10:10:00+08:00
R0003645,T0049818,U016208,TPE150,150.0,2025-09-07T01:08:00+08:00,2025-09-07T01:19:00+08:00
R0003646,T0049820,U012897,TPE100,100.0,2025-10-02T11:10:00+08:00,2025-10-02T11:19:00+08:00
R0003647,T0049821,U021576,TPE150,150.0,2025-10-25T03:01:00+08:00,2025-10-25T03:07:00+08:00
R0003648,T0049823,U025956,TPE100,100.0,2025-09-23T02:34:00+08:00,2025-09-23T02:48:00+08:00
R0003649,T0049824,U025956,LOCAL100,100.0,2025-09-27T12:54:00+08:00,2025-09-27T12:55:00+08:00
R0003650,T0049827,U012465,TPE150,150.0,2025-09-27T10:27:00+08:00,2025-09-27T10:27:00+08:00
R0003651,T0049828,U024925,TPE100,100.0,2025-10-18T10:05:00+08:00,2025-10-18T10:05:00+08:00
R0003652,T0049829,U024925,LOCAL100,100.0,2025-10-20T12:08:00+08:00,2025-10-20T12:10:00+08:00
R0003653,T0049831,U005355,TPE150,150.0,2025-09-27T13:38:00+08:00,2025-09-27T13:44:00+08:00
R0003654,T0049834,U026098,TPE100,100.0,2025-09-14T13:31:00+08:00,2025-09-14T13:43:00+08:00
R0003655,T0049835,U026098,LOCAL100,100.0,2025-09-16T20:56:00+08:00,2025-09-16T21:11:00+08:00
R0003656,T0049836,U024187,TPE100,100.0,2025-09-30T05:39:00+08:00,2025-09-30T05:46:00+08:00
R0003657,T0049837,U024187,LOCAL100,100.0,2025-10-06T11:14:00+08:00,2025-10-06T11:20:00+08:00
R0003658,T0049838,U026550,TPE100,100.0,2025-10-23T09:01:00+08:00,2025-10-23T09:13:00+08:00
R0003659,T0049839,U026550,LOCAL100,100.0,2025-10-25T20:44:00+08:00,2025-10-25T20:59:00+08:00
R0003660,T0049840,U000400,TPE100,100.0,2025-09-24T12:24:00+08:00,2025-09-24T12:27:00+08:00
R0003661,T0049841,U000400,LOCAL100,100.0,2025-09-26T17:10:00+08:00,2025-09-26T17:16:00+08:00
R0003662,T0049842,U022362,TPE150,150.0,2025-09-01T22:24:00+08:00,2025-09-01T22:36:00+08:00
R0003663,T0049843,U000708,TPE150,150.0,2025-10-02T00:38:00+08:00,2025-10-02T00:52:00+08:00
R0003664,T0049844,U013645,TPE150,150.0,2025-10-02T08:27:00+08:00,2025-10-02T08:39:00+08:00
R0003665,T0049847,U014140,TPE100,100.0,2025-09-21T20:40:00+08:00,2025-09-21T20:50:00+08:00
R0003666,T0049849,U011993,TPE150,150.0,2025-10-15T01:28:00+08:00,2025-10-15T01:39:00+08:00
R0003667,T0049850,U026170,TPE100,100.0,2025-10-04T03:16:00+08:00,2025-10-04T03:17:00+08:00
R0003668,T0049852,U026937,TPE150,150.0,2025-09-29T01:48:00+08:00,2025-09-29T01:56:00+08:00
R0003669,T0049853,U000111,TPE100,100.0,2025-10-04T23:21:00+08:00,2025-10-04T23:28:00+08:00
R0003670,T0049854,U000111,LOCAL100,100.0,2025-10-10T13:42:00+08:00,2025-10-10T13:46:00+08:00
R0003671,T0049855,U021117,TPE150,150.0,2025-10-07T01:13:00+08:00,2025-10-07T01:20:00+08:00
R0003672,T0049856,U025512,TPE100,100.0,2025-09-09T07:43:00+08:00,2025-09-09T07:43:00+08:00
R0003673,T0049857,U024170,TPE100,100.0,2025-09-26T23:48:00+08:00,2025-09-26T23:58:00+08:00
R0003674,T0049858,U022380,TPE150,150.0,2025-10-19T11:41:00+08:00,2025-10-19T11:49:00+08:00
R0003675,T0049860,U019188,TPE150,150.0,2025-10-17T01:42:00+08:00,2025-10-17T01:56:00+08:00
R0003676,T0049863,U026972,TPE150,150.0,2025-09-07T06:27:00+08:00,2025-09-07T06:28:00+08:00
R0003677,T0049864,U020699,TPE100,100.0,2025-10-21T12:17:00+08:00,2025-10-21T12:19:00+08:00
R0003678,T0049865,U023320,TPE100,100.0,2025-10-06T04:29:00+08:00,2025-10-06T04:32:00+08:00
R0003679,T0049866,U023320,LOCAL100,100.0,2025-10-10T08:40:00+08:00,2025-10-10T08:51:00+08:00
R0003680,T0049867,U002652,TPE100,100.0,2025-09-22T18:39:00+08:00,2025-09-22T18:51:00+08:00
R0003681,T0049868,U004458,TPE150,150.0,2025-09-07T20:10:00+08:00,2025-09-07T20:12:00+08:00
R0003682,T0049869,U018279,TPE100,100.0,2025-10-24T09:56:00+08:00,2025-10-24T10:02:00+08:00
R0003683,T0049870,U018279,LOCAL100,100.0,2025-10-25T15:37:00+08:00,2025-10-25T15:49:00+08:00
R0003684,T0049871,U020602,TPE150,150.0,2025-09-22T14:27:00+08:00,2025-09-22T14:35:00+08:00
R0003685,T0049872,U018321,TPE100,100.0,2025-09-25T10:17:00+08:00,2025-09-25T10:31:00+08:00
R0003686,T0049873,U018321,LOCAL100,100.0,2025-09-28T19:14:00+08:00,2025-09-28T19:16:00+08:00
R0003687,T0049874,U026506,TPE100,100.0,2025-09-12T02:24:00+08:00,2025-09-12T02:35:00+08:00
R0003688,T0049875,U001159,TPE150,150.0,2025-09-15T06:14:00+08:00,2025-09-15T06:27:00+08:00
R0003689,T0049877,U024141,TPE100,100.0,2025-09-22T23:43:00+08:00,2025-09-22T23:50:00+08:00
R0003690,T0049878,U024141,LOCAL100,100.0,2025-09-25T09:25:00+08:00,2025-09-25T09:39:00+08:00
R0003691,T0049879,U001990,TPE100,100.0,2025-10-04T08:26:00+08:00,2025-10-04T08:38:00+08:00
R0003692,T0049880,U001990,LOCAL100,100.0,2025-10-07T09:20:00+08:00,2025-10-07T09:27:00+08:00
R0003693,T0049881,U028898,TPE150,150.0,2025-09-14T00:04:00+08:00,2025-09-14T00:06:00+08:00
R0003694,T0049882,U020029,TPE150,150.0,2025-09-02T12:39:00+08:00,2025-09-02T12:46:00+08:00
R0003695,T0049883,U008535,TPE150,150.0,2025-10-18T23:50:00+08:00,2025-10-18T23:56:00+08:00
R0003696,T0049884,U001836,TPE150,150.0,2025-09-10T11:32:00+08:00,2025-09-10T11:37:00+08:00
R0003697,T0049886,U022944,TPE100,100.0,2025-09-11T03:58:00+08:00,2025-09-11T04:10:00+08:00
R0003698,T0049887,U003137,TPE100,100.0,2025-10-10T07:27:00+08:00,2025-10-10T07:40:00+08:00
R0003699,T0049888,U026943,TPE100,100.0,2025-09-10T23:06:00+08:00,2025-09-10T23:19:00+08:00
R0003700,T0049889,U029470,TPE150,150.0,2025-10-04T23:48:00+08:00,2025-10-04T23:58:00+08:00
R0003701,T0049890,U002141,TPE150,150.0,2025-09-01T04:20:00+08:00,2025-09-01T04:33:00+08:00
R0003702,T0049891,U027244,TPE100,100.0,2025-10-22T00:56:00+08:00,2025-10-22T01:11:00+08:00
R0003703,T0049892,U027244,LOCAL100,100.0,2025-10-24T21:17:00+08:00,2025-10-24T21:18:00+08:00
R0003704,T0049893,U011778,TPE150,150.0,2025-10-23T02:02:00+08:00,2025-10-23T02:05:00+08:00
R0003705,T0049894,U022508,TPE150,9999,2025-10-16T08:39:00+08:00,2025-10-16T08:40:00+08:00
R0003706,T0049895,U027739,TPE150,150.0,2025-09-14T07:08:00+08:00,2025-09-14T07:12:00+08:00
R0003707,T0049897,U024975,TPE100,100.0,2025-09-29T00:01:00+08:00,2025-09-29T00:03:00+08:00
R0003708,T0049899,U021862,TPE100,100.0,2025-09-14T07:16:00+08:00,2025-09-14T07:30:00+08:00
R0003709,T0049901,U029891,TPE100,100.0,2025-09-30T10:54:00+08:00,2025-09-30T10:55:00+08:00
R0003710,T0049902,U029891,LOCAL100,100.0,2025-10-04T14:29:00+08:00,2025-10-04T14:32:00+08:00
R0003711,T0049905,U004309,TPE100,100.0,2025-09-30T10:29:00+08:00,2025-09-30T10:30:00+08:00
R0003712,T0049906,U004309,LOCAL100,100.0,2025-10-03T00:41:00+08:00,2025-10-03T00:44:00+08:00
R0003713,T0049907,U021325,TPE100,100.0,2025-10-15T00:26:00+08:00,2025-10-15T00:41:00+08:00
R0003714,T0049908,U021325,LOCAL100,100.0,2025-10-21T20:17:00+08:00,2025-10-21T20:32:00+08:00
R0003715,T0049913,U026006,TPE150,150.0,2025-09-16T13:31:00+08:00,2025-09-16T13:43:00+08:00
R0003716,T0049914,U003429,TPE150,150.0,2025-10-17T23:41:00+08:00,2025-10-17T23:56:00+08:00
R0003717,T0049915,U005334,TPE150,150.0,2025-10-22T10:54:00+08:00,2025-10-22T11:07:00+08:00
R0003718,T0049916,U020211,TPE100,100.0,2025-10-06T00:20:00+08:00,2025-10-06T00:22:00+08:00
R0003719,T0049917,U020211,LOCAL100,100.0,2025-10-11T07:50:00+08:00,2025-10-11T08:03:00+08:00
R0003720,T0049918,U004194,TPE150,150.0,2025-09-11T01:05:00+08:00,2025-09-11T01:09:00+08:00
R0003721,T0049919,U001681,TPE150,150.0,2025-09-14T09:52:00+08:00,2025-09-14T10:01:00+08:00
R0003722,T0049921,U001421,TPE150,150.0,2025-09-11T07:09:00+08:00,2025-09-11T07:20:00+08:00
R0003723,T0049923,U027716,TPE100,100.0,2025-10-14T11:35:00+08:00,2025-10-14T11:49:00+08:00
R0003724,T0049924,U004491,TPE100,100.0,2025-09-09T11:04:00+08:00,2025-09-09T11:09:00+08:00
R0003725,T0049926,U005693,TPE150,150.0,2025-09-01T23:23:00+08:00,2025-09-01T23:25:00+08:00
R0003726,T0049928,U019277,TPE100,100.0,2025-10-08T01:02:00+08:00,2025-10-08T01:04:00+08:00
R0003727,T0049929,U019277,LOCAL100,100.0,2025-10-10T08:45:00+08:00,2025-10-10T08:55:00+08:00
R0003728,T0049932,U006736,TPE100,100.0,2025-09-22T07:49:00+08:00,2025-09-22T07:55:00+08:00
R0003729,T0049933,U006755,TPE100,100.0,2025-10-17T11:23:00+08:00,2025-10-17T11:38:00+08:00
R0003730,T0049934,U006755,LOCAL100,100.0,2025-10-21T04:49:00+08:00,2025-10-21T04:51:00+08:00
R0003731,T0049935,U010141,TPE100,100.0,2025-10-22T07:28:00+08:00,2025-10-22T07:40:00+08:00
R0003732,T0049937,U029190,TPE150,150.0,2025-10-01T08:24:00+08:00,2025-10-01T08:30:00+08:00
R0003733,T0049939,U015188,TPE100,100.0,2025-10-26T22:28:00+08:00,2025-10-26T22:35:00+08:00
R0003734,T0049940,U015188,LOCAL100,100.0,2025-11-01T07:12:00+08:00,2025-11-01T07:26:00+08:00
R0003735,T0049941,U022241,TPE150,150.0,2025-09-19T04:27:00+08:00,2025-09-19T04:29:00+08:00
R0003736,T0049943,U003854,TPE150,150.0,2025-09-26T03:32:00+08:00,2025-09-26T03:38:00+08:00
R0003737,T0049944,U017418,TPE150,150.0,2025-10-07T08:39:00+08:00,2025-10-07T08:43:00+08:00
R0003738,T0049945,U003309,TPE150,150.0,2025-10-17T00:41:00+08:00,2025-10-17T00:48:00+08:00
R0003739,T0049946,U026557,TPE100,100.0,2025-10-18T00:45:00+08:00,2025-10-18T00:53:00+08:00
R0003740,T0049947,U009179,TPE150,150.0,2025-09-24T12:37:00+08:00,2025-09-24T12:47:00+08:00
R0003741,T0049948,U027557,TPE150,150.0,2025-09-24T09:13:00+08:00,2025-09-24T09:16:00+08:00
R0003742,T0049949,U014631,TPE150,150.0,2025-09-07T15:07:00+08:00,2025-09-07T15:07:00+08:00
R0003743,T0049950,U016806,TPE150,150.0,2025-09-25T04:59:00+08:00,2025-09-25T05:09:00+08:00
R0003744,T0049951,U018645,TPE100,100.0,2025-09-25T12:53:00+08:00,2025-09-25T13:05:00+08:00
R0003745,T0049952,U004202,TPE150,150.0,2025-10-19T21:34:00+08:00,2025-10-19T21:38:00+08:00
R0003746,T0049953,U023301,TPE150,150.0,2025-10-24T18:22:00+08:00,2025-10-24T18:34:00+08:00
R0003747,T0049954,U002793,TPE150,150.0,2025-10-09T00:28:00+08:00,2025-10-09T00:37:00+08:00
R0003748,T0049956,U020317,TPE150,150.0,2025-09-16T22:01:00+08:00,2025-09-16T22:08:00+08:00
R0003749,T0049957,U022738,TPE100,100.0,2025-10-08T10:49:00+08:00,2025-10-08T10:49:00+08:00
R0003750,T0049960,U000269,TPE100,100.0,2025-10-26T23:11:00+08:00,2025-10-26T23:23:00+08:00
R0003751,T0049961,U026490,TPE150,150.0,2025-09-14T00:00:00+08:00,2025-09-14T00:06:00+08:00
R0003752,T0049962,U025146,TPE100,100.0,2025-10-02T00:39:00+08:00,2025-10-02T00:53:00+08:00
R0003753,T0049963,U000393,TPE150,150.0,2025-09-23T00:11:00+08:00,2025-09-23T00:18:00+08:00
R0003754,T0049965,U016833,TPE150,150.0,2025-09-19T18:26:00+08:00,2025-09-19T18:35:00+08:00
R0003755,T0049967,U003240,TPE150,150.0,2025-10-09T19:42:00+08:00,2025-10-09T19:45:00+08:00
R0003756,T0049970,U027822,TPE150,150.0,2025-09-03T09:36:00+08:00,2025-09-03T09:37:00+08:00
R0003757,T0049971,U021114,TPE150,150.0,2025-09-25T10:18:00+08:00,2025-09-25T10:31:00+08:00
R0003758,T0049972,U005582,TPE150,150.0,2025-10-20T04:41:00+08:00,2025-10-20T04:56:00+08:00
R0003759,T0049973,U026851,TPE100,100.0,2025-10-02T08:31:00+08:00,2025-10-02T08:45:00+08:00
R0003760,T0049974,U003682,TPE100,100.0,2025-09-04T10:47:00+08:00,2025-09-04T11:02:00+08:00
R0003761,T0049975,U003682,LOCAL100,100.0,2025-09-06T19:20:00+08:00,2025-09-06T19:30:00+08:00
R0003762,T0049976,U022464,TPE150,150.0,2025-09-20T03:06:00+08:00,2025-09-20T03:14:00+08:00
R0003763,T0049977,U024142,TPE150,150.0,2025-09-18T13:23:00+08:00,2025-09-18T13:38:00+08:00
R0003764,T0049979,U012464,TPE100,100.0,2025-09-20T10:03:00+08:00,2025-09-20T10:03:00+08:00
R0003765,T0049980,U012464,LOCAL100,100.0,2025-09-25T18:01:00+08:00,2025-09-25T18:16:00+08:00
R0003766,T0049981,U028545,TPE100,100.0,2025-10-25T23:36:00+08:00,2025-10-25T23:48:00+08:00
R0003767,T0049982,U028545,LOCAL100,100.0,2025-10-28T12:02:00+08:00,2025-10-28T12:05:00+08:00
R0003768,T0049983,U013774,TPE150,150.0,2025-09-02T12:01:00+08:00,2025-09-02T12:05:00+08:00
R0003769,T0049990,U018259,TPE100,100.0,2025-09-01T12:37:00+08:00,2025-09-01T12:44:00+08:00
R0003770,T0049991,U018631,TPE150,150.0,2025-10-18T01:48:00+08:00,2025-10-18T01:56:00+08:00
R0003771,T0049993,U020558,TPE100,100.0,2025-09-30T11:50:00+08:00,2025-09-30T11:50:00+08:00
R0003772,T0049996,U027149,TPE100,100.0,2025-10-05T11:30:00+08:00,2025-10-05T11:45:00+08:00
R0003773,T0049997,U027149,LOCAL100,100.0,2025-10-08T15:10:00+08:00,2025-10-08T15:11:00+08:00
R0003774,T0049999,U014148,TPE150,150.0,2025-10-21T07:32:00+08:00,2025-10-21T07:39:00+08:00
R0003775,T0050000,U029275,TPE150,150.0,2025-10-19T23:24:00+08:00,2025-10-19T23:37:00+08:00
R0003776,T0050001,U010911,TPE150,150.0,2025-09-29T00:12:00+08:00,2025-09-29T00:17:00+08:00
R0003777,T0050002,U017787,TPE150,150.0,2025-09-25T01:00:00+08:00,2025-09-25T01:08:00+08:00
R0003778,T0050003,U012350,TPE100,100.0,2025-09-26T03:27:00+08:00,2025-09-26T03:31:00+08:00
R0003779,T0050004,U012350,LOCAL100,100.0,2025-10-01T07:14:00+08:00,2025-10-01T07:22:00+08:00
R0003780,T0050006,U022087,TPE100,100.0,2025-09-25T01:13:00+08:00,2025-09-25T01:18:00+08:00
R0003781,T0050007,U022087,LOCAL100,100.0,2025-09-27T13:36:00+08:00,2025-09-27T13:39:00+08:00
R0003782,T0050008,U029800,TPE150,150.0,2025-09-24T13:15:00+08:00,2025-09-24T13:20:00+08:00
R0003783,T0050009,U005053,TPE100,100.0,2025-10-18T01:04:00+08:00,2025-10-18T01:12:00+08:00
R0003784,T0050010,U004757,TPE100,100.0,2025-09-30T09:29:00+08:00,2025-09-30T09:39:00+08:00
R0003785,T0050011,U004558,TPE100,100.0,2025-09-30T00:02:00+08:00,2025-09-30T00:08:00+08:00
R0003786,T0050012,U000465,TPE150,150.0,2025-10-23T02:35:00+08:00,2025-10-23T02:35:00+08:00
R0003787,T0050013,U027913,TPE100,100.0,2025-09-04T23:08:00+08:00,2025-09-04T23:08:00+08:00
R0003788,T0050016,U003766,TPE150,150.0,2025-10-06T04:58:00+08:00,2025-10-06T05:12:00+08:00
R0003789,T0050018,U027089,TPE150,150.0,2025-09-15T10:26:00+08:00,2025-09-15T10:30:00+08:00
R0003790,T0050019,U028126,TPE150,150.0,2025-09-30T10:28:00+08:00,2025-09-30T10:39:00+08:00
R0003791,T0050020,U024971,TPE150,150.0,2025-09-09T11:40:00+08:00,2025-09-09T11:51:00+08:00
R0003792,T0050023,U003459,TPE100,100.0,2025-09-03T10:51:00+08:00,2025-09-03T11:03:00+08:00
R0003793,T0050024,U025292,TPE150,150.0,2025-10-15T02:17:00+08:00,2025-10-15T02:18:00+08:00
R0003794,T0050026,U014456,TPE150,150.0,2025-09-23T01:05:00+08:00,2025-09-23T01:16:00+08:00
R0003795,T0050027,U026510,TPE100,100.0,2025-09-08T02:23:00+08:00,2025-09-08T02:27:00+08:00
R0003796,T0050029,U014401,TPE150,150.0,2025-10-23T01:02:00+08:00,2025-10-23T01:08:00+08:00
R0003797,T0050031,U001327,TPE100,100.0,2025-09-04T11:58:00+08:00,2025-09-04T12:02:00+08:00
R0003798,T0050032,U003535,TPE150,150.0,2025-09-26T00:54:00+08:00,2025-09-26T00:56:00+08:00
R0003799,T0050033,U021345,TPE150,150.0,2025-09-13T09:10:00+08:00,2025-09-13T09:21:00+08:00
R0003800,T0050034,U010052,TPE150,150.0,2025-10-04T08:51:00+08:00,2025-10-04T09:00:00+08:00
R0003801,T0050036,U022587,TPE150,150.0,2025-10-09T20:31:00+08:00,2025-10-09T20:32:00+08:00
R0003802,T0050038,U023602,TPE150,150.0,2025-10-02T20:24:00+08:00,2025-10-02T20:32:00+08:00
R0003803,T0050039,U029614,TPE100,100.0,2025-09-09T09:13:00+08:00,2025-09-09T09:24:00+08:00
R0003804,T0050040,U021783,TPE150,150.0,2025-09-03T15:04:00+08:00,2025-09-03T15:10:00+08:00
R0003805,T0050041,U017171,TPE100,100.0,2025-09-23T13:21:00+08:00,2025-09-23T13:25:00+08:00
R0003806,T0050042,U017171,LOCAL100,100.0,2025-09-28T04:32:00+08:00,2025-09-28T04:39:00+08:00
R0003807,T0050043,U026686,TPE100,100.0,2025-09-04T12:01:00+08:00,2025-09-04T12:01:00+08:00
R0003808,T0050044,U026686,LOCAL100,100.0,2025-09-09T19:47:00+08:00,2025-09-09T19:53:00+08:00
R0003809,T0050045,U013932,TPE150,150.0,2025-09-29T11:48:00+08:00,2025-09-29T11:57:00+08:00
R0003810,T0050046,U027170,TPE100,100.0,2025-09-01T15:31:00+08:00,2025-09-01T15:40:00+08:00
R0003811,T0050047,U005896,TPE150,150.0,2025-10-10T00:58:00+08:00,2025-10-10T01:09:00+08:00
R0003812,T0050048,U028165,TPE150,150.0,2025-09-29T10:50:00+08:00,2025-09-29T10:51:00+08:00
R0003813,T0050050,U025112,TPE100,100.0,2025-09-13T08:37:00+08:00,2025-09-13T08:50:00+08:00
R0003814,T0050052,U003381,TPE150,150.0,2025-09-18T11:13:00+08:00,2025-09-18T11:26:00+08:00
R0003815,T0050053,U021147,TPE100,100.0,2025-09-29T02:38:00+08:00,2025-09-29T02:47:00+08:00
R0003816,T0050056,U014086,TPE100,100.0,2025-10-17T13:27:00+08:00,2025-10-17T13:32:00+08:00
R0003817,T0050057,U010221,TPE150,150.0,2025-10-12T15:36:00+08:00,2025-10-12T15:37:00+08:00
R0003818,T0050058,U012455,TPE100,100.0,2025-10-23T00:51:00+08:00,2025-10-23T01:02:00+08:00
R0003819,T0050059,U010922,TPE100,100.0,2025-10-18T06:43:00+08:00,2025-10-18T06:56:00+08:00
R0003820,T0050060,U010922,LOCAL100,100.0,2025-10-23T17:13:00+08:00,2025-10-23T17:28:00+08:00
R0003821,T0050061,U018239,TPE150,150.0,2025-10-09T23:26:00+08:00,2025-10-09T23:35:00+08:00
R0003822,T0050062,U014028,TPE100,100.0,2025-09-24T09:39:00+08:00,2025-09-24T09:41:00+08:00
R0003823,T0050063,U019876,TPE150,150.0,2025-10-08T07:36:00+08:00,2025-10-08T07:48:00+08:00
R0003824,T0050064,U014854,TPE150,150.0,2025-09-26T13:47:00+08:00,2025-09-26T14:01:00+08:00
R0003825,T0050067,U014048,TPE150,150.0,2025-09-20T00:04:00+08:00,2025-09-20T00:15:00+08:00
R0003826,T0050069,U018785,TPE100,100.0,2025-10-07T08:38:00+08:00,2025-10-07T08:51:00+08:00
R0003827,T0050070,U015163,TPE100,100.0,2025-09-21T07:49:00+08:00,2025-09-21T08:04:00+08:00
R0003828,T0050071,U001921,TPE150,150.0,2025-10-15T09:23:00+08:00,2025-10-15T09:29:00+08:00
R0003829,T0050073,U029355,TPE150,150.0,2025-09-06T21:13:00+08:00,2025-09-06T21:28:00+08:00
R0003830,T0050075,U011663,TPE150,150.0,2025-10-05T17:04:00+08:00,2025-10-05T17:08:00+08:00
R0003831,T0050076,U008183,TPE100,100.0,2025-10-26T09:43:00+08:00,2025-10-26T09:43:00+08:00
R0003832,T0050077,U008183,LOCAL100,100.0,2025-10-29T16:40:00+08:00,2025-10-29T16:51:00+08:00
R0003833,T0050079,U003197,TPE150,150.0,2025-09-23T05:30:00+08:00,2025-09-23T05:36:00+08:00
R0003834,T0050081,U001722,TPE150,150.0,2025-09-27T16:18:00+08:00,2025-09-27T16:24:00+08:00
R0003835,T0050083,U002229,TPE150,150.0,2025-09-02T07:38:00+08:00,2025-09-02T07:40:00+08:00
R0003836,T0050085,U019672,TPE100,100.0,2025-10-24T13:21:00+08:00,2025-10-24T13:35:00+08:00
R0003837,T0050086,U025835,TPE150,150.0,2025-10-22T23:15:00+08:00,2025-10-22T23:17:00+08:00
R0003838,T0050088,U009667,TPE150,150.0,2025-10-06T21:56:00+08:00,2025-10-06T22:05:00+08:00
R0003839,T0050089,U011194,TPE150,150.0,2025-10-04T00:44:00+08:00,2025-10-04T00:57:00+08:00
R0003840,T0050090,U028073,TPE100,100.0,2025-09-03T21:31:00+08:00,2025-09-03T21:38:00+08:00
R0003841,T0050091,U028073,LOCAL100,100.0,2025-09-09T02:00:00+08:00,2025-09-09T02:08:00+08:00
R0003842,T0050092,U000449,TPE100,100.0,2025-09-18T23:47:00+08:00,2025-09-18T23:50:00+08:00
R0003843,T0050093,U029371,TPE150,150.0,2025-09-13T07:43:00+08:00,2025-09-13T07:45:00+08:00
R0003844,T0050094,U003103,TPE150,150.0,2025-10-12T10:04:00+08:00,2025-10-12T10:11:00+08:00
R0003845,T0050096,U012901,TPE150,150.0,2025-10-12T08:03:00+08:00,2025-10-12T08:16:00+08:00
R0003846,T0050097,U002756,TPE150,150.0,2025-10-26T02:24:00+08:00,2025-10-26T02:35:00+08:00
R0003847,T0050098,U023170,TPE100,100.0,2025-09-29T05:12:00+08:00,2025-09-29T05:15:00+08:00
R0003848,T0050099,U016541,TPE150,150.0,2025-10-21T19:00:00+08:00,2025-10-21T19:14:00+08:00
R0003849,T0050100,U004888,TPE150,150.0,2025-10-10T10:54:00+08:00,2025-10-10T10:54:00+08:00
R0003850,T0050102,U003023,TPE100,100.0,2025-10-22T09:33:00+08:00,2025-10-22T09:39:00+08:00
R0003851,T0050103,U029224,TPE150,150.0,2025-10-19T06:04:00+08:00,2025-10-19T06:13:00+08:00
R0003852,T0050104,U025774,TPE150,150.0,2025-09-29T15:04:00+08:00,2025-09-29T15:19:00+08:00
R0003853,T0050106,U015037,TPE100,100.0,2025-10-23T03:19:00+08:00,2025-10-23T03:23:00+08:00
R0003854,T0050107,U015037,LOCAL100,100.0,2025-10-28T05:00:00+08:00,2025-10-28T05:15:00+08:00
R0003855,T0050108,U012300,TPE150,150.0,2025-10-26T11:54:00+08:00,2025-10-26T11:59:00+08:00
R0003856,T0050110,U001740,TPE150,150.0,2025-09-30T23:14:00+08:00,2025-09-30T23:14:00+08:00
R0003857,T0050111,U023057,TPE100,100.0,2025-09-05T00:29:00+08:00,2025-09-05T00:42:00+08:00
R0003858,T0050112,U027595,TPE150,150.0,2025-09-15T10:41:00+08:00,2025-09-15T10:44:00+08:00
R0003859,T0050113,U012296,TPE100,100.0,2025-09-28T01:38:00+08:00,2025-09-28T01:47:00+08:00
R0003860,T0050115,U018242,TPE100,100.0,2025-09-25T06:33:00+08:00,2025-09-25T06:41:00+08:00
R0003861,T0050116,U018242,LOCAL100,100.0,2025-09-30T14:55:00+08:00,2025-09-30T15:10:00+08:00
R0003862,T0050117,U022998,TPE100,100.0,2025-09-03T08:48:00+08:00,2025-09-03T09:02:00+08:00
R0003863,T0050118,U022998,LOCAL100,100.0,2025-09-04T22:57:00+08:00,2025-09-04T23:05:00+08:00
R0003864,T0050120,U003242,TPE100,100.0,2025-10-11T04:08:00+08:00,2025-10-11T04:12:00+08:00
R0003865,T0050121,U027639,TPE100,100.0,2025-10-11T09:34:00+08:00,2025-10-11T09:34:00+08:00
R0003866,T0050122,U009707,TPE150,150.0,2025-09-27T13:20:00+08:00,2025-09-27T13:23:00+08:00
R0003867,T0050124,U006602,TPE150,150.0,2025-09-18T01:14:00+08:00,2025-09-18T01:25:00+08:00
R0003868,T0050126,U022303,TPE150,150.0,2025-09-08T10:31:00+08:00,2025-09-08T10:43:00+08:00
R0003869,T0050127,U018747,TPE100,100.0,2025-09-08T05:46:00+08:00,2025-09-08T05:46:00+08:00
R0003870,T0050128,U014741,TPE150,150.0,2025-09-04T23:37:00+08:00,2025-09-04T23:38:00+08:00
R0003871,T0050131,U008431,TPE150,150.0,2025-10-13T23:57:00+08:00,2025-10-13T23:57:00+08:00
R0003872,T0050134,U019916,TPE100,100.0,2025-09-30T13:24:00+08:00,2025-09-30T13:31:00+08:00
R0003873,T0050135,U019916,LOCAL100,100.0,2025-10-07T01:34:00+08:00,2025-10-07T01:48:00+08:00
R0003874,T0050136,U010401,TPE150,150.0,2025-09-24T23:59:00+08:00,2025-09-25T00:05:00+08:00
R0003875,T0050137,U021825,TPE100,100.0,2025-10-07T16:33:00+08:00,2025-10-07T16:37:00+08:00
R0003876,T0050138,U026934,TPE100,100.0,2025-09-22T00:24:00+08:00,2025-09-22T00:30:00+08:00
R0003877,T0050139,U000391,TPE150,150.0,2025-09-03T22:54:00+08:00,2025-09-03T22:59:00+08:00
R0003878,T0050141,U009185,TPE100,100.0,2025-09-03T00:44:00+08:00,2025-09-03T00:58:00+08:00
R0003879,T0050142,U009185,LOCAL100,100.0,2025-09-08T11:16:00+08:00,2025-09-08T11:28:00+08:00
R0003880,T0050143,U026906,TPE150,150.0,2025-10-05T12:14:00+08:00,2025-10-05T12:22:00+08:00
R0003881,T0050144,U012063,TPE150,150.0,2025-09-17T13:27:00+08:00,2025-09-17T13:42:00+08:00
R0003882,T0050145,U029103,TPE150,150.0,2025-09-03T10:17:00+08:00,2025-09-03T10:28:00+08:00
R0003883,T0050146,U024917,TPE150,150.0,2025-10-22T00:39:00+08:00,2025-10-22T00:48:00+08:00
R0003884,T0050147,U016855,TPE100,100.0,2025-10-11T04:30:00+08:00,2025-10-11T04:35:00+08:00
R0003885,T0050148,U028701,TPE100,100.0,2025-09-24T10:51:00+08:00,2025-09-24T11:00:00+08:00
R0003886,T0050149,U028701,LOCAL100,9999,2025-09-29T16:53:00+08:00,2025-09-29T16:54:00+08:00
R0003887,T0050150,U004352,TPE100,100.0,2025-10-02T01:11:00+08:00,2025-10-02T01:15:00+08:00
R0003888,T0050151,U009499,TPE150,150.0,2025-09-03T18:38:00+08:00,2025-09-03T18:46:00+08:00
R0003889,T0050152,U003626,TPE100,100.0,2025-09-05T07:21:00+08:00,2025-09-05T07:28:00+08:00
R0003890,T0050153,U012249,TPE100,100.0,2025-09-12T09:49:00+08:00,2025-09-12T09:49:00+08:00
R0003891,T0050154,U017661,TPE150,150.0,2025-10-22T08:06:00+08:00,2025-10-22T08:13:00+08:00
R0003892,T0050155,U000824,TPE150,150.0,2025-10-14T23:32:00+08:00,2025-10-14T23:42:00+08:00
R0003893,T0050156,U024392,TPE100,100.0,2025-09-27T10:00:00+08:00,2025-09-27T10:06:00+08:00
R0003894,T0050157,U019481,TPE100,100.0,2025-09-17T09:56:00+08:00,2025-09-17T10:04:00+08:00
R0003895,T0050158,U011635,TPE100,100.0,2025-10-06T00:06:00+08:00,2025-10-06T00:15:00+08:00
R0003896,T0050159,U008223,TPE150,150.0,2025-09-21T23:58:00+08:00,2025-09-22T00:00:00+08:00
R0003897,T0050160,U014363,TPE150,150.0,2025-09-24T00:25:00+08:00,2025-09-24T00:25:00+08:00
R0003898,T0050161,U000731,TPE100,100.0,2025-10-05T17:30:00+08:00,2025-10-05T17:39:00+08:00
R0003899,T0050162,U006571,TPE150,150.0,2025-09-10T11:28:00+08:00,2025-09-10T11:32:00+08:00
R0003900,T0050163,U011742,TPE150,150.0,2025-10-05T11:54:00+08:00,2025-10-05T12:03:00+08:00
R0003901,T0050164,U001676,TPE150,150.0,2025-09-15T10:13:00+08:00,2025-09-15T10:26:00+08:00
R0003902,T0050165,U028635,TPE100,100.0,2025-10-09T22:57:00+08:00,2025-10-09T22:58:00+08:00
R0003903,T0050166,U028635,LOCAL100,100.0,2025-10-12T16:56:00+08:00,2025-10-12T17:00:00+08:00
R0003904,T0050167,U021903,TPE100,100.0,2025-10-23T05:08:00+08:00,2025-10-23T05:17:00+08:00
R0003905,T0050168,U017281,TPE150,150.0,2025-09-05T02:23:00+08:00,2025-09-05T02:36:00+08:00
R0003906,T0050169,U007046,TPE100,100.0,2025-10-04T06:12:00+08:00,2025-10-04T06:20:00+08:00
R0003907,T0050170,U007046,LOCAL100,100.0,2025-10-06T10:34:00+08:00,2025-10-06T10:41:00+08:00
R0003908,T0050171,U016721,TPE100,100.0,2025-10-24T19:21:00+08:00,2025-10-24T19:29:00+08:00
R0003909,T0050172,U000178,TPE100,100.0,2025-10-20T10:42:00+08:00,2025-10-20T10:52:00+08:00
R0003910,T0050173,U000178,LOCAL100,100.0,2025-10-22T16:24:00+08:00,2025-10-22T16:35:00+08:00
R0003911,T0050177,U003688,TPE100,100.0,2025-09-25T18:56:00+08:00,2025-09-25T18:57:00+08:00
R0003912,T0050178,U022780,TPE150,150.0,2025-09-16T01:11:00+08:00,2025-09-16T01:12:00+08:00
R0003913,T0050179,U028607,TPE150,150.0,2025-09-28T10:11:00+08:00,2025-09-28T10:16:00+08:00
R0003914,T0050181,U017999,TPE100,9999,2025-10-03T02:08:00+08:00,2025-10-03T02:13:00+08:00
R0003915,T0050184,U015513,TPE100,100.0,2025-10-17T10:33:00+08:00,2025-10-17T10:47:00+08:00
R0003916,T0050185,U011573,TPE100,100.0,2025-09-17T18:30:00+08:00,2025-09-17T18:36:00+08:00
R0003917,T0050186,U011573,LOCAL100,100.0,2025-09-20T22:47:00+08:00,2025-09-20T22:55:00+08:00
R0003918,T0050187,U012844,TPE150,150.0,2025-09-28T18:33:00+08:00,2025-09-28T18:42:00+08:00
R0003919,T0050188,U025171,TPE100,100.0,2025-10-04T07:52:00+08:00,2025-10-04T07:58:00+08:00
R0003920,T0050189,U025171,LOCAL100,100.0,2025-10-06T22:26:00+08:00,2025-10-06T22:27:00+08:00
R0003921,T0050190,U012047,TPE150,150.0,2025-10-11T15:33:00+08:00,2025-10-11T15:47:00+08:00
R0003922,T0050191,U026453,TPE100,100.0,2025-09-20T21:39:00+08:00,2025-09-20T21:42:00+08:00
R0003923,T0050192,U026453,LOCAL100,100.0,2025-09-24T16:21:00+08:00,2025-09-24T16:36:00+08:00
R0003924,T0050193,U016890,TPE100,100.0,2025-10-10T12:27:00+08:00,2025-10-10T12:38:00+08:00
R0003925,T0050194,U016890,LOCAL100,100.0,2025-10-17T08:10:00+08:00,2025-10-17T08:11:00+08:00
R0003926,T0050195,U024298,TPE150,150.0,2025-10-05T06:00:00+08:00,2025-10-05T06:01:00+08:00
R0003927,T0050197,U026619,TPE150,150.0,2025-09-27T00:33:00+08:00,2025-09-27T00:39:00+08:00
R0003928,T0050198,U024535,TPE100,100.0,2025-09-07T19:56:00+08:00,2025-09-07T19:59:00+08:00
R0003929,T0050199,U024535,LOCAL100,100.0,2025-09-14T01:33:00+08:00,2025-09-14T01:44:00+08:00
R0003930,T0050200,U006056,TPE100,100.0,2025-09-27T04:43:00+08:00,2025-09-27T04:52:00+08:00
R0003931,T0050201,U006056,LOCAL100,100.0,2025-10-02T06:07:00+08:00,2025-10-02T06:22:00+08:00
R0003932,T0050202,U012529,TPE150,150.0,2025-09-18T10:37:00+08:00,2025-09-18T10:39:00+08:00
R0003933,T0050203,U025190,TPE100,100.0,2025-09-24T22:04:00+08:00,2025-09-24T22:12:00+08:00
R0003934,T0050204,U007851,TPE100,100.0,2025-10-02T02:50:00+08:00,2025-10-02T02:59:00+08:00
R0003935,T0050205,U029482,TPE150,150.0,2025-10-15T15:47:00+08:00,2025-10-15T15:47:00+08:00
R0003936,T0050208,U015658,TPE100,100.0,2025-09-09T08:29:00+08:00,2025-09-09T08:43:00+08:00
R0003937,T0050209,U015658,LOCAL100,100.0,2025-09-15T23:27:00+08:00,2025-09-15T23:42:00+08:00
R0003938,T0050210,U006351,TPE150,150.0,2025-10-14T00:40:00+08:00,2025-10-14T00:41:00+08:00
R0003939,T0050212,U025867,TPE150,150.0,2025-10-01T18:03:00+08:00,2025-10-01T18:15:00+08:00
R0003940,T0050213,U028323,TPE100,100.0,2025-10-09T07:17:00+08:00,2025-10-09T07:17:00+08:00
R0003941,T0050214,U028323,LOCAL100,100.0,2025-10-12T08:38:00+08:00,2025-10-12T08:43:00+08:00
R0003942,T0050215,U003208,TPE100,100.0,2025-09-01T12:03:00+08:00,2025-09-01T12:03:00+08:00
R0003943,T0050216,U004513,TPE100,100.0,2025-09-18T17:55:00+08:00,2025-09-18T18:03:00+08:00
R0003944,T0050217,U004513,LOCAL100,100.0,2025-09-20T11:16:00+08:00,2025-09-20T11:20:00+08:00
R0003945,T0050218,U021133,TPE150,150.0,2025-09-23T19:30:00+08:00,2025-09-23T19:39:00+08:00
R0003946,T0050219,U014570,TPE150,150.0,2025-09-11T21:16:00+08:00,2025-09-11T21:24:00+08:00
R0003947,T0050220,U014345,TPE150,150.0,2025-09-16T09:58:00+08:00,2025-09-16T10:12:00+08:00
R0003948,T0050224,U019997,TPE150,150.0,2025-09-19T11:36:00+08:00,2025-09-19T11:37:00+08:00
R0003949,T0050225,U007002,TPE150,150.0,2025-10-08T13:22:00+08:00,2025-10-08T13:30:00+08:00
R0003950,T0050226,U025840,TPE150,150.0,2025-10-16T22:44:00+08:00,2025-10-16T22:52:00+08:00
R0003951,T0050227,U007567,TPE150,150.0,2025-09-19T00:56:00+08:00,2025-09-19T00:58:00+08:00
R0003952,T0050229,U010960,TPE150,150.0,2025-10-13T21:46:00+08:00,2025-10-13T21:56:00+08:00
R0003953,T0050230,U021579,TPE100,100.0,2025-10-23T02:35:00+08:00,2025-10-23T02:43:00+08:00
R0003954,T0050232,U013538,TPE150,150.0,2025-09-26T07:28:00+08:00,2025-09-26T07:42:00+08:00
R0003955,T0050234,U002794,TPE150,150.0,2025-10-19T22:33:00+08:00,2025-10-19T22:45:00+08:00
R0003956,T0050236,U014235,TPE100,100.0,2025-10-21T09:58:00+08:00,2025-10-21T10:13:00+08:00
R0003957,T0050237,U014235,LOCAL100,100.0,2025-10-23T16:40:00+08:00,2025-10-23T16:55:00+08:00
R0003958,T0050238,U024572,TPE100,100.0,2025-10-22T01:52:00+08:00,2025-10-22T02:05:00+08:00
R0003959,T0050239,U014270,TPE100,100.0,2025-09-15T00:58:00+08:00,2025-09-15T01:07:00+08:00
R0003960,T0050240,U014270,LOCAL100,100.0,2025-09-19T02:33:00+08:00,2025-09-19T02:35:00+08:00
R0003961,T0050241,U000353,TPE150,150.0,2025-10-05T00:10:00+08:00,2025-10-05T00:10:00+08:00
R0003962,T0050242,U025888,TPE150,150.0,2025-09-19T03:28:00+08:00,2025-09-19T03:43:00+08:00
R0003963,T0050243,U021674,TPE100,100.0,2025-10-16T11:01:00+08:00,2025-10-16T11:14:00+08:00
R0003964,T0050244,U011534,TPE100,100.0,2025-09-30T08:35:00+08:00,2025-09-30T08:48:00+08:00
R0003965,T0050246,U011009,TPE100,100.0,2025-10-09T00:45:00+08:00,2025-10-09T00:53:00+08:00
R0003966,T0050247,U013254,TPE150,150.0,2025-10-22T00:56:00+08:00,2025-10-22T01:11:00+08:00
R0003967,T0050249,U027512,TPE100,100.0,2025-10-01T13:12:00+08:00,2025-10-01T13:21:00+08:00
R0003968,T0050250,U027512,LOCAL100,100.0,2025-10-04T02:02:00+08:00,2025-10-04T02:17:00+08:00
R0003969,T0050251,U023277,TPE150,150.0,2025-10-16T06:10:00+08:00,2025-10-16T06:20:00+08:00
R0003970,T0050252,U029043,TPE150,150.0,2025-09-10T22:58:00+08:00,2025-09-10T23:08:00+08:00
R0003971,T0050253,U026070,TPE100,100.0,2025-09-11T19:00:00+08:00,2025-09-11T19:07:00+08:00
R0003972,T0050254,U010113,TPE100,100.0,2025-10-24T15:33:00+08:00,2025-10-24T15:45:00+08:00
R0003973,T0050255,U006267,TPE150,150.0,2025-09-19T15:21:00+08:00,2025-09-19T15:30:00+08:00
R0003974,T0050256,U008361,TPE100,100.0,2025-09-15T01:46:00+08:00,2025-09-15T01:48:00+08:00
R0003975,T0050257,U023944,TPE150,150.0,2025-09-20T17:35:00+08:00,2025-09-20T17:35:00+08:00
R0003976,T0050258,U024044,TPE100,100.0,2025-10-12T10:17:00+08:00,2025-10-12T10:25:00+08:00
R0003977,T0050259,U008279,TPE150,150.0,2025-09-19T18:17:00+08:00,2025-09-19T18:25:00+08:00
R0003978,T0050260,U001013,TPE150,150.0,2025-09-19T23:24:00+08:00,2025-09-19T23:29:00+08:00
R0003979,T0050261,U001935,TPE150,150.0,2025-09-13T12:29:00+08:00,2025-09-13T12:42:00+08:00
R0003980,T0050262,U006249,TPE100,100.0,2025-09-16T03:44:00+08:00,2025-09-16T03:51:00+08:00
R0003981,T0050264,U025543,TPE150,150.0,2025-10-20T08:03:00+08:00,2025-10-20T08:17:00+08:00
R0003982,T0050265,U001229,TPE100,100.0,2025-10-13T00:44:00+08:00,2025-10-13T00:49:00+08:00
R0003983,T0050266,U029048,TPE150,150.0,2025-09-16T15:28:00+08:00,2025-09-16T15:37:00+08:00
R0003984,T0050268,U019965,TPE100,100.0,2025-09-11T22:20:00+08:00,2025-09-11T22:32:00+08:00
R0003985,T0050269,U024698,TPE150,150.0,2025-09-30T02:54:00+08:00,2025-09-30T03:01:00+08:00
R0003986,T0050270,U019241,TPE100,100.0,2025-09-18T02:02:00+08:00,2025-09-18T02:14:00+08:00
R0003987,T0050271,U019241,LOCAL100,100.0,2025-09-20T11:57:00+08:00,2025-09-20T12:06:00+08:00
R0003988,T0050272,U009801,TPE150,150.0,2025-09-09T09:34:00+08:00,2025-09-09T09:38:00+08:00
R0003989,T0050274,U010892,TPE150,150.0,2025-09-21T19:39:00+08:00,2025-09-21T19:47:00+08:00
R0003990,T0050276,U016318,TPE150,150.0,2025-10-15T03:32:00+08:00,2025-10-15T03:45:00+08:00
R0003991,T0050278,U007847,TPE100,100.0,2025-10-13T01:33:00+08:00,2025-10-13T01:44:00+08:00
R0003992,T0050279,U007847,LOCAL100,100.0,2025-10-19T16:21:00+08:00,2025-10-19T16:21:00+08:00
R0003993,T0050280,U015501,TPE150,150.0,2025-09-17T13:46:00+08:00,2025-09-17T13:57:00+08:00
R0003994,T0050281,U016554,TPE150,150.0,2025-10-02T00:26:00+08:00,2025-10-02T00:41:00+08:00
R0003995,T0050282,U014845,TPE100,100.0,2025-09-19T20:12:00+08:00,2025-09-19T20:16:00+08:00
R0003996,T0050283,U014845,LOCAL100,100.0,2025-09-26T09:40:00+08:00,2025-09-26T09:51:00+08:00
R0003997,T0050284,U020645,TPE100,100.0,2025-09-17T00:39:00+08:00,2025-09-17T00:48:00+08:00
R0003998,T0050285,U020645,LOCAL100,100.0,2025-09-19T03:19:00+08:00,2025-09-19T03:33:00+08:00
R0003999,T0050287,U025410,TPE100,100.0,2025-10-02T09:36:00+08:00,2025-10-02T09:50:00+08:00
R0004000,T0050288,U025410,LOCAL100,100.0,2025-10-05T23:05:00+08:00,2025-10-05T23:20:00+08:00
R0004001,T0050289,U011870,TPE150,150.0,2025-09-23T08:20:00+08:00,2025-09-23T08:26:00+08:00
R0004002,T0050291,U017900,TPE150,150.0,2025-09-21T21:54:00+08:00,2025-09-21T22:09:00+08:00
R0004003,T0050292,U019444,TPE100,100.0,2025-10-02T12:20:00+08:00,2025-10-02T12:35:00+08:00
R0004004,T0050293,U010981,TPE100,100.0,2025-09-25T00:36:00+08:00,2025-09-25T00:42:00+08:00
R0004005,T0050294,U010981,LOCAL100,100.0,2025-09-26T05:08:00+08:00,2025-09-26T05:23:00+08:00
R0004006,T0050297,U000899,TPE100,100.0,2025-09-24T06:56:00+08:00,2025-09-24T07:05:00+08:00
R0004007,T0050298,U020069,TPE150,150.0,2025-09-09T03:12:00+08:00,2025-09-09T03:14:00+08:00
R0004008,T0050299,U008924,TPE100,100.0,2025-09-06T22:31:00+08:00,2025-09-06T22:44:00+08:00
R0004009,T0050300,U019699,TPE100,100.0,2025-09-18T10:59:00+08:00,2025-09-18T11:09:00+08:00
R0004010,T0050301,U019699,LOCAL100,100.0,2025-09-24T14:05:00+08:00,2025-09-24T14:16:00+08:00
R0004011,T0050302,U022532,TPE100,100.0,2025-09-07T11:24:00+08:00,2025-09-07T11:34:00+08:00
R0004012,T0050303,U012953,TPE150,150.0,2025-10-17T15:26:00+08:00,2025-10-17T15:26:00+08:00
R0004013,T0050305,U021555,TPE150,150.0,2025-10-18T07:55:00+08:00,2025-10-18T08:02:00+08:00
R0004014,T0050306,U011978,TPE150,150.0,2025-10-22T08:06:00+08:00,2025-10-22T08:07:00+08:00
R0004015,T0050308,U017370,TPE100,100.0,2025-10-04T12:29:00+08:00,2025-10-04T12:39:00+08:00
R0004016,T0050309,U017370,LOCAL100,100.0,2025-10-06T06:25:00+08:00,2025-10-06T06:33:00+08:00
R0004017,T0050310,U003877,TPE150,150.0,2025-09-14T12:42:00+08:00,2025-09-14T12:42:00+08:00
R0004018,T0050313,U008552,TPE100,100.0,2025-10-01T22:53:00+08:00,2025-10-01T22:53:00+08:00
R0004019,T0050314,U014838,TPE150,150.0,2025-09-04T19:15:00+08:00,2025-09-04T19:22:00+08:00
R0004020,T0050315,U024495,TPE100,100.0,2025-09-27T08:43:00+08:00,2025-09-27T08:52:00+08:00
R0004021,T0050316,U013679,TPE150,150.0,2025-10-11T03:35:00+08:00,2025-10-11T03:46:00+08:00
R0004022,T0050317,U020733,TPE150,150.0,2025-09-27T16:35:00+08:00,2025-09-27T16:42:00+08:00
R0004023,T0050319,U023503,TPE150,150.0,2025-10-08T13:04:00+08:00,2025-10-08T13:12:00+08:00
R0004024,T0050320,U024492,TPE150,150.0,2025-10-15T10:58:00+08:00,2025-10-15T10:58:00+08:00
R0004025,T0050321,U006272,TPE100,100.0,2025-09-12T01:10:00+08:00,2025-09-12T01:11:00+08:00
R0004026,T0050322,U006285,TPE100,100.0,2025-09-26T16:12:00+08:00,2025-09-26T16:21:00+08:00
R0004027,T0050323,U021016,TPE100,100.0,2025-09-03T02:59:00+08:00,2025-09-03T03:11:00+08:00
R0004028,T0050325,U022750,TPE150,150.0,2025-09-19T17:36:00+08:00,2025-09-19T17:49:00+08:00
R0004029,T0050326,U020563,TPE150,150.0,2025-10-11T11:07:00+08:00,2025-10-11T11:13:00+08:00
R0004030,T0050327,U001848,TPE150,150.0,2025-09-19T15:36:00+08:00,2025-09-19T15:51:00+08:00
R0004031,T0050329,U023142,TPE150,150.0,2025-10-25T02:00:00+08:00,2025-10-25T02:00:00+08:00
R0004032,T0050330,U024071,TPE150,150.0,2025-09-04T01:40:00+08:00,2025-09-04T01:52:00+08:00
R0004033,T0050332,U010673,TPE150,150.0,2025-10-06T22:36:00+08:00,2025-10-06T22:49:00+08:00
R0004034,T0050333,U019622,TPE100,100.0,2025-10-24T23:34:00+08:00,2025-10-24T23:35:00+08:00
R0004035,T0050334,U013161,TPE150,150.0,2025-09-19T03:04:00+08:00,2025-09-19T03:15:00+08:00
R0004036,T0050335,U011137,TPE150,150.0,2025-10-10T08:49:00+08:00,2025-10-10T08:53:00+08:00
R0004037,T0050337,U007314,TPE100,100.0,2025-10-01T23:20:00+08:00,2025-10-01T23:32:00+08:00
R0004038,T0050338,U029980,TPE150,150.0,2025-09-23T17:29:00+08:00,2025-09-23T17:30:00+08:00
R0004039,T0050340,U025427,TPE150,150.0,2025-09-20T23:06:00+08:00,2025-09-20T23:07:00+08:00
R0004040,T0050341,U004021,TPE100,100.0,2025-09-30T02:28:00+08:00,2025-09-30T02:37:00+08:00
R0004041,T0050342,U004021,LOCAL100,100.0,2025-10-04T09:37:00+08:00,2025-10-04T09:46:00+08:00
R0004042,T0050343,U024959,TPE100,100.0,2025-09-15T00:08:00+08:00,2025-09-15T00:18:00+08:00
R0004043,T0050344,U015613,TPE150,150.0,2025-09-23T11:16:00+08:00,2025-09-23T11:27:00+08:00
R0004044,T0050346,U003661,TPE150,150.0,2025-09-03T19:49:00+08:00,2025-09-03T19:51:00+08:00
R0004045,T0050347,U017259,TPE150,150.0,2025-09-27T16:40:00+08:00,2025-09-27T16:40:00+08:00
R0004046,T0050348,U021212,TPE100,100.0,2025-09-22T12:36:00+08:00,2025-09-22T12:36:00+08:00
R0004047,T0050349,U021212,LOCAL100,100.0,2025-09-24T20:10:00+08:00,2025-09-24T20:23:00+08:00
R0004048,T0050350,U022135,TPE150,150.0,2025-09-09T19:38:00+08:00,2025-09-09T19:50:00+08:00
R0004049,T0050351,U029120,TPE150,150.0,2025-09-06T09:49:00+08:00,2025-09-06T09:49:00+08:00
R0004050,T0050352,U021652,TPE150,150.0,2025-10-18T02:48:00+08:00,2025-10-18T02:49:00+08:00
R0004051,T0050354,U020835,TPE100,100.0,2025-10-10T04:53:00+08:00,2025-10-10T05:01:00+08:00
R0004052,T0050355,U001373,TPE100,100.0,2025-09-30T06:38:00+08:00,2025-09-30T06:38:00+08:00
R0004053,T0050356,U001373,LOCAL100,100.0,2025-10-06T17:18:00+08:00,2025-10-06T17:26:00+08:00
R0004054,T0050357,U011012,TPE150,150.0,2025-09-15T07:55:00+08:00,2025-09-15T08:05:00+08:00
R0004055,T0050358,U008835,TPE100,100.0,2025-10-19T09:49:00+08:00,2025-10-19T09:58:00+08:00
R0004056,T0050359,U008835,LOCAL100,100.0,2025-10-24T19:07:00+08:00,2025-10-24T19:18:00+08:00
R0004057,T0050360,U014100,TPE100,100.0,2025-10-21T08:02:00+08:00,2025-10-21T08:03:00+08:00
R0004058,T0050361,U014100,LOCAL100,100.0,2025-10-22T12:01:00+08:00,2025-10-22T12:09:00+08:00
R0004059,T0050362,U011118,TPE150,150.0,2025-10-23T23:17:00+08:00,2025-10-23T23:28:00+08:00
R0004060,T0050364,U029720,TPE150,150.0,2025-09-24T06:32:00+08:00,2025-09-24T06:45:00+08:00
R0004061,T0050366,U003993,TPE150,150.0,2025-09-09T00:47:00+08:00,2025-09-09T00:49:00+08:00
R0004062,T0050367,U029721,TPE100,100.0,2025-10-07T10:09:00+08:00,2025-10-07T10:18:00+08:00
R0004063,T0050368,U025249,TPE150,150.0,2025-10-13T13:08:00+08:00,2025-10-13T13:19:00+08:00
R0004064,T0050369,U016070,TPE100,100.0,2025-10-23T22:43:00+08:00,2025-10-23T22:54:00+08:00
R0004065,T0050370,U027084,TPE150,150.0,2025-09-28T12:08:00+08:00,2025-09-28T12:18:00+08:00
R0004066,T0050373,U022175,TPE150,150.0,2025-09-04T11:40:00+08:00,2025-09-04T11:53:00+08:00
R0004067,T0050374,U024751,TPE100,100.0,2025-09-05T10:57:00+08:00,2025-09-05T11:09:00+08:00
R0004068,T0050375,U005849,TPE100,100.0,2025-09-08T23:48:00+08:00,2025-09-08T23:51:00+08:00
R0004069,T0050376,U022697,TPE150,150.0,2025-09-02T17:51:00+08:00,2025-09-02T18:03:00+08:00
R0004070,T0050377,U006658,TPE150,150.0,2025-10-06T04:51:00+08:00,2025-10-06T04:54:00+08:00
R0004071,T0050378,U012389,TPE150,150.0,2025-09-05T09:53:00+08:00,2025-09-05T10:04:00+08:00
R0004072,T0050379,U021339,TPE150,150.0,2025-09-21T14:36:00+08:00,2025-09-21T14:38:00+08:00
R0004073,T0050380,U002727,TPE100,100.0,2025-09-29T20:33:00+08:00,2025-09-29T20:35:00+08:00
R0004074,T0050381,U002727,LOCAL100,100.0,2025-10-04T14:41:00+08:00,2025-10-04T14:52:00+08:00
R0004075,T0050383,U007636,TPE150,150.0,2025-09-30T05:32:00+08:00,2025-09-30T05:42:00+08:00
R0004076,T0050384,U001399,TPE100,100.0,2025-10-12T22:35:00+08:00,2025-10-12T22:37:00+08:00
R0004077,T0050385,U004855,TPE150,150.0,2025-10-05T04:21:00+08:00,2025-10-05T04:21:00+08:00
R0004078,T0050389,U018180,TPE150,150.0,2025-09-09T13:38:00+08:00,2025-09-09T13:40:00+08:00
R0004079,T0050392,U014001,TPE150,150.0,2025-09-21T13:13:00+08:00,2025-09-21T13:24:00+08:00
R0004080,T0050393,U005252,TPE100,100.0,2025-09-20T18:55:00+08:00,2025-09-20T19:07:00+08:00
R0004081,T0050394,U019630,TPE100,100.0,2025-09-09T23:30:00+08:00,2025-09-09T23:30:00+08:00
R0004082,T0050395,U026025,TPE100,100.0,2025-10-04T00:01:00+08:00,2025-10-04T00:13:00+08:00
R0004083,T0050396,U026025,LOCAL100,100.0,2025-10-06T16:46:00+08:00,2025-10-06T16:49:00+08:00
R0004084,T0050397,U025562,TPE150,150.0,2025-09-18T21:16:00+08:00,2025-09-18T21:26:00+08:00
R0004085,T0050399,U011207,TPE150,150.0,2025-09-29T01:11:00+08:00,2025-09-29T01:20:00+08:00
R0004086,T0050400,U020088,TPE150,150.0,2025-10-15T10:50:00+08:00,2025-10-15T11:05:00+08:00
R0004087,T0050402,U011638,TPE100,100.0,2025-09-05T02:14:00+08:00,2025-09-05T02:18:00+08:00
R0004088,T0050403,U011638,LOCAL100,100.0,2025-09-10T18:07:00+08:00,2025-09-10T18:14:00+08:00
R0004089,T0050404,U023184,TPE100,100.0,2025-10-23T19:04:00+08:00,2025-10-23T19:04:00+08:00
R0004090,T0050406,U024121,TPE150,150.0,2025-10-11T13:26:00+08:00,2025-10-11T13:27:00+08:00
R0004091,T0050407,U017982,TPE100,100.0,2025-10-13T21:43:00+08:00,2025-10-13T21:56:00+08:00
R0004092,T0050409,U026859,TPE150,150.0,2025-10-19T20:51:00+08:00,2025-10-19T20:58:00+08:00
R0004093,T0050413,U018630,TPE100,100.0,2025-10-19T06:37:00+08:00,2025-10-19T06:42:00+08:00
R0004094,T0050416,U028620,TPE150,150.0,2025-09-25T04:37:00+08:00,2025-09-25T04:37:00+08:00
R0004095,T0050418,U006430,TPE100,100.0,2025-10-20T22:13:00+08:00,2025-10-20T22:26:00+08:00
R0004096,T0050420,U000398,TPE150,150.0,2025-09-08T08:02:00+08:00,2025-09-08T08:08:00+08:00
R0004097,T0050422,U001960,TPE150,150.0,2025-10-11T01:31:00+08:00,2025-10-11T01:39:00+08:00
R0004098,T0050423,U007644,TPE100,100.0,2025-10-05T23:56:00+08:00,2025-10-06T00:09:00+08:00
R0004099,T0050425,U020944,TPE100,100.0,2025-09-22T00:02:00+08:00,2025-09-22T00:16:00+08:00
R0004100,T0050429,U013128,TPE100,100.0,2025-09-11T04:00:00+08:00,2025-09-11T04:05:00+08:00
R0004101,T0050430,U000435,TPE150,150.0,2025-09-20T02:11:00+08:00,2025-09-20T02:13:00+08:00
R0004102,T0050431,U023275,TPE150,150.0,2025-09-27T09:43:00+08:00,2025-09-27T09:51:00+08:00
R0004103,T0050433,U000403,TPE100,100.0,2025-10-07T15:53:00+08:00,2025-10-07T16:00:00+08:00
R0004104,T0050434,U006323,TPE150,150.0,2025-10-19T17:35:00+08:00,2025-10-19T17:43:00+08:00
R0004105,T0050435,U011530,TPE150,150.0,2025-10-19T10:10:00+08:00,2025-10-19T10:25:00+08:00
R0004106,T0050437,U027382,TPE100,100.0,2025-10-18T02:52:00+08:00,2025-10-18T03:04:00+08:00
R0004107,T0050439,U013994,TPE150,150.0,2025-10-23T03:09:00+08:00,2025-10-23T03:14:00+08:00
R0004108,T0050440,U016604,TPE100,100.0,2025-09-27T02:34:00+08:00,2025-09-27T02:42:00+08:00
R0004109,T0050441,U002167,TPE100,100.0,2025-09-30T01:16:00+08:00,2025-09-30T01:28:00+08:00
R0004110,T0050442,U002167,LOCAL100,100.0,2025-10-01T16:43:00+08:00,2025-10-01T16:54:00+08:00
R0004111,T0050443,U001685,TPE150,150.0,2025-10-18T22:51:00+08:00,2025-10-18T23:01:00+08:00
R0004112,T0050445,U004616,TPE150,150.0,2025-09-08T01:39:00+08:00,2025-09-08T01:39:00+08:00
R0004113,T0050446,U006505,TPE150,150.0,2025-10-21T14:47:00+08:00,2025-10-21T14:51:00+08:00
R0004114,T0050448,U012185,TPE150,150.0,2025-09-24T06:59:00+08:00,2025-09-24T07:13:00+08:00
R0004115,T0050450,U021546,TPE150,150.0,2025-09-21T22:39:00+08:00,2025-09-21T22:40:00+08:00
R0004116,T0050451,U014427,TPE150,150.0,2025-09-14T18:03:00+08:00,2025-09-14T18:10:00+08:00
R0004117,T0050454,U012946,TPE150,150.0,2025-09-23T08:48:00+08:00,2025-09-23T09:03:00+08:00
R0004118,T0050456,U018327,TPE150,150.0,2025-10-03T23:02:00+08:00,2025-10-03T23:04:00+08:00
R0004119,T0050457,U011841,TPE150,150.0,2025-09-05T23:40:00+08:00,2025-09-05T23:46:00+08:00
R0004120,T0050458,U017506,TPE100,100.0,2025-09-16T23:57:00+08:00,2025-09-17T00:06:00+08:00
R0004121,T0050459,U017506,LOCAL100,100.0,2025-09-21T14:27:00+08:00,2025-09-21T14:40:00+08:00
R0004122,T0050460,U029385,TPE150,150.0,2025-09-26T18:23:00+08:00,2025-09-26T18:32:00+08:00
R0004123,T0050461,U012841,TPE150,150.0,2025-09-27T02:10:00+08:00,2025-09-27T02:24:00+08:00
R0004124,T0050462,U003775,TPE150,150.0,2025-10-16T19:27:00+08:00,2025-10-16T19:34:00+08:00
R0004125,T0050463,U003795,TPE150,150.0,2025-10-15T04:40:00+08:00,2025-10-15T04:40:00+08:00
R0004126,T0050465,U004485,TPE100,100.0,2025-10-15T00:23:00+08:00,2025-10-15T00:32:00+08:00
R0004127,T0050466,U004485,LOCAL100,100.0,2025-10-17T17:36:00+08:00,2025-10-17T17:47:00+08:00
R0004128,T0050467,U000880,TPE150,150.0,2025-09-23T03:09:00+08:00,2025-09-23T03:12:00+08:00
R0004129,T0050468,U017705,TPE150,150.0,2025-10-19T07:24:00+08:00,2025-10-19T07:28:00+08:00
R0004130,T0050470,U027892,TPE150,150.0,2025-10-21T16:29:00+08:00,2025-10-21T16:41:00+08:00
R0004131,T0050473,U028990,TPE100,100.0,2025-10-07T05:55:00+08:00,2025-10-07T06:10:00+08:00
R0004132,T0050474,U009401,TPE150,150.0,2025-09-20T08:07:00+08:00,2025-09-20T08:21:00+08:00
R0004133,T0050478,U021487,TPE150,150.0,2025-10-26T08:22:00+08:00,2025-10-26T08:36:00+08:00
R0004134,T0050480,U027129,TPE150,150.0,2025-10-22T07:42:00+08:00,2025-10-22T07:47:00+08:00
R0004135,T0050481,U010263,TPE150,150.0,2025-09-12T05:46:00+08:00,2025-09-12T05:53:00+08:00
R0004136,T0050482,U009345,TPE150,150.0,2025-10-20T10:23:00+08:00,2025-10-20T10:36:00+08:00
R0004137,T0050483,U001754,TPE150,150.0,2025-10-02T18:52:00+08:00,2025-10-02T19:02:00+08:00
R0004138,T0050484,U022960,TPE100,100.0,2025-10-07T17:31:00+08:00,2025-10-07T17:45:00+08:00
R0004139,T0050485,U016385,TPE150,150.0,2025-09-07T02:01:00+08:00,2025-09-07T02:03:00+08:00
R0004140,T0050486,U024174,TPE150,150.0,2025-10-20T08:04:00+08:00,2025-10-20T08:18:00+08:00
R0004141,T0050488,U018412,TPE150,150.0,2025-09-18T12:39:00+08:00,2025-09-18T12:53:00+08:00
R0004142,T0050489,U020916,TPE100,100.0,2025-10-16T09:16:00+08:00,2025-10-16T09:20:00+08:00
R0004143,T0050490,U000642,TPE150,150.0,2025-10-17T02:26:00+08:00,2025-10-17T02:29:00+08:00
R0004144,T0050491,U011068,TPE100,100.0,2025-10-23T09:17:00+08:00,2025-10-23T09:30:00+08:00
R0004145,T0050492,U013308,TPE100,100.0,2025-10-03T12:54:00+08:00,2025-10-03T13:02:00+08:00
R0004146,T0050493,U025165,TPE100,100.0,2025-09-23T10:25:00+08:00,2025-09-23T10:37:00+08:00
R0004147,T0050494,U006818,TPE100,100.0,2025-09-20T10:04:00+08:00,2025-09-20T10:10:00+08:00
R0004148,T0050495,U013901,TPE100,100.0,2025-09-14T04:12:00+08:00,2025-09-14T04:12:00+08:00
R0004149,T0050496,U013901,LOCAL100,100.0,2025-09-18T09:06:00+08:00,2025-09-18T09:10:00+08:00
R0004150,T0050497,U028248,TPE100,100.0,2025-10-10T02:34:00+08:00,2025-10-10T02:34:00+08:00
R0004151,T0050498,U028248,LOCAL100,100.0,2025-10-13T14:22:00+08:00,2025-10-13T14:32:00+08:00
R0004152,T0050499,U008406,TPE150,150.0,2025-10-04T13:50:00+08:00,2025-10-04T13:55:00+08:00
R0004153,T0050501,U000083,TPE100,100.0,2025-09-30T20:08:00+08:00,2025-09-30T20:14:00+08:00
R0004154,T0050502,U000083,LOCAL100,100.0,2025-10-04T00:16:00+08:00,2025-10-04T00:24:00+08:00
R0004155,T0050504,U021118,TPE150,150.0,2025-09-02T08:42:00+08:00,2025-09-02T08:57:00+08:00
R0004156,T0050506,U007390,TPE150,150.0,2025-09-14T10:15:00+08:00,2025-09-14T10:27:00+08:00
R0004157,T0050508,U015817,TPE150,150.0,2025-10-06T00:57:00+08:00,2025-10-06T01:02:00+08:00
R0004158,T0050509,U025775,TPE150,150.0,2025-09-30T09:29:00+08:00,2025-09-30T09:30:00+08:00
R0004159,T0050510,U029864,TPE100,100.0,2025-09-10T08:58:00+08:00,2025-09-10T09:04:00+08:00
R0004160,T0050512,U003779,TPE150,150.0,2025-10-19T03:23:00+08:00,2025-10-19T03:38:00+08:00
R0004161,T0050513,U004217,TPE100,100.0,2025-10-25T08:55:00+08:00,2025-10-25T09:00:00+08:00
R0004162,T0050514,U001856,TPE150,150.0,2025-10-04T13:48:00+08:00,2025-10-04T14:01:00+08:00
R0004163,T0050515,U007305,TPE100,100.0,2025-09-27T11:57:00+08:00,2025-09-27T12:04:00+08:00
R0004164,T0050516,U025228,TPE100,100.0,2025-10-17T11:49:00+08:00,2025-10-17T11:49:00+08:00
R0004165,T0050517,U023708,TPE150,150.0,2025-10-20T18:48:00+08:00,2025-10-20T18:50:00+08:00
R0004166,T0050518,U027460,TPE100,100.0,2025-10-05T13:17:00+08:00,2025-10-05T13:30:00+08:00
R0004167,T0050519,U000669,TPE100,100.0,2025-09-06T20:51:00+08:00,2025-09-06T20:58:00+08:00
R0004168,T0050520,U003100,TPE100,100.0,2025-10-20T14:45:00+08:00,2025-10-20T14:45:00+08:00
R0004169,T0050521,U001261,TPE150,150.0,2025-09-15T15:02:00+08:00,2025-09-15T15:13:00+08:00
R0004170,T0050522,U013923,TPE100,100.0,2025-10-02T10:19:00+08:00,2025-10-02T10:27:00+08:00
R0004171,T0050523,U007919,TPE100,100.0,2025-10-15T18:20:00+08:00,2025-10-15T18:29:00+08:00
R0004172,T0050524,U014210,TPE100,100.0,2025-09-26T07:59:00+08:00,2025-09-26T08:07:00+08:00
R0004173,T0050525,U004376,TPE150,150.0,2025-10-15T08:03:00+08:00,2025-10-15T08:06:00+08:00
R0004174,T0050527,U011347,TPE100,100.0,2025-10-16T05:25:00+08:00,2025-10-16T05:27:00+08:00
R0004175,T0050529,U001865,TPE150,150.0,2025-09-24T23:35:00+08:00,2025-09-24T23:44:00+08:00
R0004176,T0050530,U016868,TPE150,150.0,2025-09-26T08:29:00+08:00,2025-09-26T08:35:00+08:00
R0004177,T0050531,U024986,TPE100,100.0,2025-10-21T00:31:00+08:00,2025-10-21T00:31:00+08:00
R0004178,T0050532,U024986,LOCAL100,100.0,2025-10-22T14:26:00+08:00,2025-10-22T14:37:00+08:00
R0004179,T0050534,U019964,TPE100,100.0,2025-10-25T10:17:00+08:00,2025-10-25T10:19:00+08:00
R0004180,T0050536,U015841,TPE100,100.0,2025-09-13T17:28:00+08:00,2025-09-13T17:34:00+08:00
R0004181,T0050537,U001473,TPE150,150.0,2025-10-06T07:58:00+08:00,2025-10-06T08:13:00+08:00
R0004182,T0050538,U000772,TPE150,150.0,2025-10-14T11:22:00+08:00,2025-10-14T11:31:00+08:00
R0004183,T0050539,U025531,TPE100,100.0,2025-10-17T23:36:00+08:00,2025-10-17T23:42:00+08:00
R0004184,T0050540,U009781,TPE150,150.0,2025-09-08T09:15:00+08:00,2025-09-08T09:18:00+08:00
R0004185,T0050541,U008232,TPE100,100.0,2025-09-09T00:39:00+08:00,2025-09-09T00:41:00+08:00
R0004186,T0050542,U028748,TPE100,100.0,2025-10-24T07:53:00+08:00,2025-10-24T08:01:00+08:00
R0004187,T0050543,U014093,TPE100,100.0,2025-09-16T10:50:00+08:00,2025-09-16T10:50:00+08:00
R0004188,T0050544,U014093,LOCAL100,100.0,2025-09-19T14:33:00+08:00,2025-09-19T14:34:00+08:00
R0004189,T0050545,U022334,TPE150,150.0,2025-10-11T03:26:00+08:00,2025-10-11T03:34:00+08:00
R0004190,T0050546,U011487,TPE150,150.0,2025-09-22T04:02:00+08:00,2025-09-22T04:07:00+08:00
R0004191,T0050549,U020896,TPE100,100.0,2025-10-11T04:57:00+08:00,2025-10-11T04:58:00+08:00
R0004192,T0050550,U020896,LOCAL100,100.0,2025-10-15T18:01:00+08:00,2025-10-15T18:09:00+08:00
R0004193,T0050551,U013210,TPE100,100.0,2025-09-16T17:38:00+08:00,2025-09-16T17:51:00+08:00
R0004194,T0050552,U013210,LOCAL100,100.0,2025-09-20T12:03:00+08:00,2025-09-20T12:16:00+08:00
R0004195,T0050554,U018742,TPE100,100.0,2025-09-24T05:46:00+08:00,2025-09-24T05:58:00+08:00
R0004196,T0050555,U025288,TPE150,150.0,2025-10-24T02:58:00+08:00,2025-10-24T03:02:00+08:00
R0004197,T0050556,U001056,TPE150,150.0,2025-10-23T20:08:00+08:00,2025-10-23T20:13:00+08:00
R0004198,T0050557,U001574,TPE150,150.0,2025-09-19T11:57:00+08:00,2025-09-19T11:58:00+08:00
R0004199,T0050558,U019782,TPE100,100.0,2025-10-17T02:45:00+08:00,2025-10-17T02:47:00+08:00
R0004200,T0050559,U008200,TPE100,100.0,2025-10-13T19:28:00+08:00,2025-10-13T19:39:00+08:00
R0004201,T0050560,U008200,LOCAL100,100.0,2025-10-16T09:08:00+08:00,2025-10-16T09:14:00+08:00
R0004202,T0050561,U006730,TPE150,150.0,2025-09-23T03:00:00+08:00,2025-09-23T03:03:00+08:00
R0004203,T0050563,U019478,TPE100,100.0,2025-09-05T06:55:00+08:00,2025-09-05T07:03:00+08:00
R0004204,T0050564,U023813,TPE150,150.0,2025-09-25T23:40:00+08:00,2025-09-25T23:50:00+08:00
R0004205,T0050565,U005278,TPE150,150.0,2025-09-06T09:03:00+08:00,2025-09-06T09:04:00+08:00
R0004206,T0050566,U017365,TPE100,100.0,2025-09-28T21:47:00+08:00,2025-09-28T21:53:00+08:00
R0004207,T0050568,U016146,TPE100,100.0,2025-10-22T10:29:00+08:00,2025-10-22T10:33:00+08:00
R0004208,T0050569,U008467,TPE150,150.0,2025-09-22T03:31:00+08:00,2025-09-22T03:40:00+08:00
R0004209,T0050570,U005941,TPE150,150.0,2025-10-25T09:19:00+08:00,2025-10-25T09:24:00+08:00
R0004210,T0050571,U026225,TPE100,100.0,2025-09-11T11:24:00+08:00,2025-09-11T11:33:00+08:00
R0004211,T0050572,U026225,LOCAL100,100.0,2025-09-16T01:50:00+08:00,2025-09-16T01:53:00+08:00
R0004212,T0050573,U010286,TPE150,150.0,2025-09-07T02:31:00+08:00,2025-09-07T02:32:00+08:00
R0004213,T0050574,U013696,TPE150,150.0,2025-10-04T05:47:00+08:00,2025-10-04T06:00:00+08:00
R0004214,T0050575,U018194,TPE150,150.0,2025-09-16T12:47:00+08:00,2025-09-16T12:54:00+08:00
R0004215,T0050577,U027958,TPE100,100.0,2025-10-06T17:54:00+08:00,2025-10-06T17:54:00+08:00
R0004216,T0050579,U006662,TPE150,150.0,2025-10-07T00:29:00+08:00,2025-10-07T00:37:00+08:00
R0004217,T0050581,U028057,TPE150,150.0,2025-09-21T19:25:00+08:00,2025-09-21T19:36:00+08:00
R0004218,T0050582,U021401,TPE100,100.0,2025-10-23T08:05:00+08:00,2025-10-23T08:12:00+08:00
R0004219,T0050583,U008122,TPE100,100.0,2025-09-30T13:18:00+08:00,2025-09-30T13:23:00+08:00
R0004220,T0050584,U008122,LOCAL100,9999,2025-10-01T22:38:00+08:00,2025-10-01T22:47:00+08:00
R0004221,T0050585,U002824,TPE150,150.0,2025-09-30T04:00:00+08:00,2025-09-30T04:12:00+08:00
R0004222,T0050586,U022625,TPE150,150.0,2025-09-03T14:37:00+08:00,2025-09-03T14:39:00+08:00
R0004223,T0050588,U022957,TPE150,150.0,2025-09-25T06:18:00+08:00,2025-09-25T06:33:00+08:00
R0004224,T0050589,U012370,TPE150,150.0,2025-10-06T10:43:00+08:00,2025-10-06T10:43:00+08:00
R0004225,T0050591,U024345,TPE150,150.0,2025-10-10T14:43:00+08:00,2025-10-10T14:51:00+08:00
R0004226,T0050592,U014226,TPE100,100.0,2025-10-05T05:05:00+08:00,2025-10-05T05:13:00+08:00
R0004227,T0050593,U009484,TPE150,150.0,2025-09-24T00:21:00+08:00,2025-09-24T00:25:00+08:00
R0004228,T0050594,U002372,TPE100,100.0,2025-09-08T13:25:00+08:00,2025-09-08T13:39:00+08:00
R0004229,T0050595,U002372,LOCAL100,100.0,2025-09-15T00:34:00+08:00,2025-09-15T00:46:00+08:00
R0004230,T0050596,U016586,TPE150,150.0,2025-10-01T09:53:00+08:00,2025-10-01T10:05:00+08:00
R0004231,T0050598,U000427,TPE100,100.0,2025-09-16T17:12:00+08:00,2025-09-16T17:21:00+08:00
R0004232,T0050599,U014286,TPE100,100.0,2025-09-05T09:36:00+08:00,2025-09-05T09:48:00+08:00
R0004233,T0050600,U017376,TPE100,100.0,2025-09-09T03:59:00+08:00,2025-09-09T04:05:00+08:00
R0004234,T0050601,U029325,TPE150,150.0,2025-09-14T12:04:00+08:00,2025-09-14T12:08:00+08:00
R0004235,T0050603,U018891,TPE150,150.0,2025-09-18T14:29:00+08:00,2025-09-18T14:36:00+08:00
R0004236,T0050604,U015397,TPE100,100.0,2025-09-18T10:43:00+08:00,2025-09-18T10:52:00+08:00
R0004237,T0050605,U024709,TPE100,100.0,2025-09-09T22:21:00+08:00,2025-09-09T22:30:00+08:00
R0004238,T0050606,U024709,LOCAL100,100.0,2025-09-13T14:34:00+08:00,2025-09-13T14:41:00+08:00
R0004239,T0050607,U002354,TPE100,100.0,2025-09-05T12:34:00+08:00,2025-09-05T12:49:00+08:00
R0004240,T0050608,U027549,TPE150,150.0,2025-10-05T12:20:00+08:00,2025-10-05T12:22:00+08:00
R0004241,T0050609,U016823,TPE100,100.0,2025-10-19T03:02:00+08:00,2025-10-19T03:17:00+08:00
R0004242,T0050611,U005919,TPE150,150.0,2025-09-01T17:45:00+08:00,2025-09-01T17:54:00+08:00
R0004243,T0050612,U005970,TPE150,150.0,2025-09-30T08:30:00+08:00,2025-09-30T08:38:00+08:00
R0004244,T0050613,U022364,TPE150,150.0,2025-10-06T20:52:00+08:00,2025-10-06T21:01:00+08:00
R0004245,T0050614,U022497,TPE100,100.0,2025-09-12T23:59:00+08:00,2025-09-13T00:09:00+08:00
R0004246,T0050615,U022497,LOCAL100,100.0,2025-09-19T15:32:00+08:00,2025-09-19T15:33:00+08:00
R0004247,T0050616,U010396,TPE100,100.0,2025-09-11T19:25:00+08:00,2025-09-11T19:31:00+08:00
R0004248,T0050617,U024094,TPE150,150.0,2025-09-27T23:16:00+08:00,2025-09-27T23:25:00+08:00
R0004249,T0050618,U027411,TPE100,100.0,2025-10-24T13:15:00+08:00,2025-10-24T13:19:00+08:00
R0004250,T0050619,U027411,LOCAL100,100.0,2025-10-28T23:40:00+08:00,2025-10-28T23:49:00+08:00
R0004251,T0050620,U017630,TPE100,100.0,2025-10-11T00:40:00+08:00,2025-10-11T00:55:00+08:00
R0004252,T0050621,U017630,LOCAL100,100.0,2025-10-14T07:57:00+08:00,2025-10-14T08:05:00+08:00
R0004253,T0050622,U028296,TPE100,100.0,2025-10-25T13:48:00+08:00,2025-10-25T14:01:00+08:00
R0004254,T0050624,U027535,TPE150,150.0,2025-10-14T22:12:00+08:00,2025-10-14T22:22:00+08:00
R0004255,T0050626,U022672,TPE150,150.0,2025-10-13T10:37:00+08:00,2025-10-13T10:47:00+08:00
R0004256,T0050628,U011743,TPE150,150.0,2025-09-27T08:44:00+08:00,2025-09-27T08:49:00+08:00
R0004257,T0050629,U017605,TPE100,100.0,2025-10-08T21:30:00+08:00,2025-10-08T21:30:00+08:00
R0004258,T0050630,U001196,TPE150,150.0,2025-10-21T11:33:00+08:00,2025-10-21T11:44:00+08:00
R0004259,T0050631,U018130,TPE100,100.0,2025-09-12T12:43:00+08:00,2025-09-12T12:47:00+08:00
R0004260,T0050632,U024409,TPE100,100.0,2025-10-19T09:05:00+08:00,2025-10-19T09:19:00+08:00
R0004261,T0050633,U020870,TPE150,150.0,2025-10-21T17:11:00+08:00,2025-10-21T17:18:00+08:00
R0004262,T0050634,U006015,TPE150,150.0,2025-10-03T02:41:00+08:00,2025-10-03T02:55:00+08:00
R0004263,T0050637,U015050,TPE100,100.0,2025-09-09T21:28:00+08:00,2025-09-09T21:35:00+08:00
R0004264,T0050638,U023969,TPE100,100.0,2025-09-10T02:43:00+08:00,2025-09-10T02:55:00+08:00
R0004265,T0050639,U024119,TPE150,150.0,2025-09-20T01:28:00+08:00,2025-09-20T01:30:00+08:00
R0004266,T0050640,U019892,TPE100,100.0,2025-09-17T08:18:00+08:00,2025-09-17T08:27:00+08:00
R0004267,T0050641,U019892,LOCAL100,100.0,2025-09-20T14:12:00+08:00,2025-09-20T14:20:00+08:00
R0004268,T0050642,U002768,TPE100,100.0,2025-10-04T09:49:00+08:00,2025-10-04T09:51:00+08:00
R0004269,T0050643,U014312,TPE100,100.0,2025-09-05T06:19:00+08:00,2025-09-05T06:26:00+08:00
R0004270,T0050644,U018420,TPE150,150.0,2025-10-26T16:53:00+08:00,2025-10-26T16:58:00+08:00
R0004271,T0050646,U029650,TPE150,150.0,2025-09-23T06:49:00+08:00,2025-09-23T06:53:00+08:00
R0004272,T0050648,U018277,TPE100,100.0,2025-10-26T12:36:00+08:00,2025-10-26T12:36:00+08:00
R0004273,T0050649,U026119,TPE150,150.0,2025-09-18T03:11:00+08:00,2025-09-18T03:21:00+08:00
R0004274,T0050650,U017859,TPE150,150.0,2025-09-16T05:47:00+08:00,2025-09-16T05:50:00+08:00
R0004275,T0050651,U004675,TPE150,150.0,2025-10-24T23:24:00+08:00,2025-10-24T23:35:00+08:00
R0004276,T0050652,U018584,TPE150,150.0,2025-10-15T11:51:00+08:00,2025-10-15T11:53:00+08:00
R0004277,T0050653,U021236,TPE150,150.0,2025-09-29T22:33:00+08:00,2025-09-29T22:48:00+08:00
R0004278,T0050656,U012023,TPE100,100.0,2025-10-23T08:46:00+08:00,2025-10-23T08:57:00+08:00
R0004279,T0050657,U012023,LOCAL100,100.0,2025-10-26T03:48:00+08:00,2025-10-26T03:49:00+08:00
R0004280,T0050658,U005281,TPE100,100.0,2025-09-21T21:42:00+08:00,2025-09-21T21:55:00+08:00
R0004281,T0050659,U005281,LOCAL100,100.0,2025-09-25T10:58:00+08:00,2025-09-25T11:07:00+08:00
R0004282,T0050660,U000100,TPE150,150.0,2025-10-05T12:42:00+08:00,2025-10-05T12:44:00+08:00
R0004283,T0050661,U026788,TPE100,100.0,2025-10-12T19:49:00+08:00,2025-10-12T19:56:00+08:00
R0004284,T0050662,U027860,TPE100,100.0,2025-09-02T23:27:00+08:00,2025-09-02T23:37:00+08:00
R0004285,T0050663,U008528,TPE100,100.0,2025-09-22T01:25:00+08:00,2025-09-22T01:39:00+08:00
R0004286,T0050664,U029787,TPE150,150.0,2025-09-28T11:35:00+08:00,2025-09-28T11:45:00+08:00
R0004287,T0050666,U005910,TPE100,100.0,2025-10-25T23:16:00+08:00,2025-10-25T23:31:00+08:00
R0004288,T0050667,U005910,LOCAL100,100.0,2025-10-29T06:31:00+08:00,2025-10-29T06:44:00+08:00
R0004289,T0050668,U024317,TPE100,100.0,2025-09-23T02:09:00+08:00,2025-09-23T02:23:00+08:00
R0004290,T0050669,U024317,LOCAL100,100.0,2025-09-26T08:42:00+08:00,2025-09-26T08:50:00+08:00
R0004291,T0050670,U017496,TPE100,100.0,2025-10-17T08:15:00+08:00,2025-10-17T08:15:00+08:00
R0004292,T0050671,U000213,TPE150,150.0,2025-09-05T07:16:00+08:00,2025-09-05T07:16:00+08:00
R0004293,T0050673,U000750,TPE150,150.0,2025-09-09T01:18:00+08:00,2025-09-09T01:18:00+08:00
R0004294,T0050674,U015310,TPE150,150.0,2025-09-25T09:46:00+08:00,2025-09-25T09:56:00+08:00
R0004295,T0050675,U025456,TPE100,100.0,2025-10-14T11:48:00+08:00,2025-10-14T11:57:00+08:00
R0004296,T0050676,U025456,LOCAL100,100.0,2025-10-17T23:50:00+08:00,2025-10-17T23:51:00+08:00
R0004297,T0050677,U028814,TPE100,100.0,2025-09-17T14:24:00+08:00,2025-09-17T14:31:00+08:00
R0004298,T0050680,U025606,TPE100,100.0,2025-09-26T12:12:00+08:00,2025-09-26T12:21:00+08:00
R0004299,T0050681,U025606,LOCAL100,100.0,2025-09-28T12:57:00+08:00,2025-09-28T12:59:00+08:00
R0004300,T0050683,U026946,TPE100,100.0,2025-10-22T08:43:00+08:00,2025-10-22T08:57:00+08:00
R0004301,T0050684,U026946,LOCAL100,100.0,2025-10-27T11:27:00+08:00,2025-10-27T11:39:00+08:00
R0004302,T0050687,U021227,TPE150,150.0,2025-09-23T07:08:00+08:00,2025-09-23T07:20:00+08:00
R0004303,T0050688,U021964,TPE150,150.0,2025-09-04T04:11:00+08:00,2025-09-04T04:16:00+08:00
R0004304,T0050689,U016174,TPE100,100.0,2025-10-26T14:04:00+08:00,2025-10-26T14:09:00+08:00
R0004305,T0050690,U021397,TPE100,100.0,2025-10-02T17:03:00+08:00,2025-10-02T17:17:00+08:00
R0004306,T0050691,U012655,TPE100,100.0,2025-09-29T23:08:00+08:00,2025-09-29T23:17:00+08:00
R0004307,T0050693,U024360,TPE150,150.0,2025-09-22T20:09:00+08:00,2025-09-22T20:15:00+08:00
R0004308,T0050694,U002660,TPE150,150.0,2025-09-20T07:00:00+08:00,2025-09-20T07:09:00+08:00
R0004309,T0050695,U019029,TPE100,100.0,2025-10-26T02:05:00+08:00,2025-10-26T02:20:00+08:00
R0004310,T0050698,U020823,TPE150,150.0,2025-09-02T00:50:00+08:00,2025-09-02T01:05:00+08:00
R0004311,T0050699,U000872,TPE150,150.0,2025-09-27T00:06:00+08:00,2025-09-27T00:08:00+08:00
R0004312,T0050700,U014445,TPE150,150.0,2025-09-24T10:33:00+08:00,2025-09-24T10:46:00+08:00
R0004313,T0050701,U029496,TPE100,100.0,2025-09-03T11:47:00+08:00,2025-09-03T11:58:00+08:00
R0004314,T0050703,U007633,TPE150,150.0,2025-10-14T11:02:00+08:00,2025-10-14T11:04:00+08:00
R0004315,T0050707,U012892,TPE100,100.0,2025-09-10T08:50:00+08:00,2025-09-10T09:01:00+08:00
R0004316,T0050709,U027977,TPE100,100.0,2025-10-10T15:23:00+08:00,2025-10-10T15:24:00+08:00
R0004317,T0050710,U027977,LOCAL100,100.0,2025-10-14T21:44:00+08:00,2025-10-14T21:47:00+08:00
R0004318,T0050711,U027536,TPE100,100.0,2025-09-09T23:34:00+08:00,2025-09-09T23:41:00+08:00
R0004319,T0050712,U001971,TPE150,150.0,2025-09-09T08:44:00+08:00,2025-09-09T08:54:00+08:00
R0004320,T0050714,U020083,TPE100,100.0,2025-09-16T10:51:00+08:00,2025-09-16T10:59:00+08:00
R0004321,T0050715,U020083,LOCAL100,100.0,2025-09-18T17:18:00+08:00,2025-09-18T17:26:00+08:00
R0004322,T0050716,U025845,TPE150,150.0,2025-10-25T10:30:00+08:00,2025-10-25T10:45:00+08:00
R0004323,T0050717,U000412,TPE150,150.0,2025-09-14T21:51:00+08:00,2025-09-14T21:55:00+08:00
R0004324,T0050718,U028558,TPE100,100.0,2025-10-10T02:03:00+08:00,2025-10-10T02:18:00+08:00
R0004325,T0050719,U022842,TPE100,100.0,2025-09-29T03:20:00+08:00,2025-09-29T03:23:00+08:00
R0004326,T0050721,U025385,TPE150,150.0,2025-09-28T04:17:00+08:00,2025-09-28T04:18:00+08:00
R0004327,T0050722,U022663,TPE150,9999,2025-09-30T00:01:00+08:00,2025-09-30T00:01:00+08:00
R0004328,T0050724,U021540,TPE150,150.0,2025-09-07T07:15:00+08:00,2025-09-07T07:18:00+08:00
R0004329,T0050725,U027755,TPE100,100.0,2025-10-11T23:51:00+08:00,2025-10-11T23:55:00+08:00
R0004330,T0050727,U025999,TPE150,150.0,2025-09-19T12:38:00+08:00,2025-09-19T12:52:00+08:00
R0004331,T0050728,U000961,TPE150,150.0,2025-09-12T08:13:00+08:00,2025-09-12T08:14:00+08:00
R0004332,T0050731,U022099,TPE150,150.0,2025-09-04T07:40:00+08:00,2025-09-04T07:40:00+08:00
R0004333,T0050732,U029596,TPE100,100.0,2025-09-24T10:44:00+08:00,2025-09-24T10:53:00+08:00
R0004334,T0050733,U002996,TPE100,100.0,2025-10-16T10:24:00+08:00,2025-10-16T10:36:00+08:00
R0004335,T0050734,U017480,TPE100,100.0,2025-10-07T03:46:00+08:00,2025-10-07T03:58:00+08:00
R0004336,T0050735,U024979,TPE150,150.0,2025-09-03T11:57:00+08:00,2025-09-03T11:57:00+08:00
R0004337,T0050737,U000801,TPE150,150.0,2025-09-16T00:52:00+08:00,2025-09-16T01:02:00+08:00
R0004338,T0050739,U011873,TPE150,150.0,2025-09-27T01:05:00+08:00,2025-09-27T01:08:00+08:00
R0004339,T0050741,U015800,TPE100,100.0,2025-10-27T00:59:00+08:00,2025-10-27T01:02:00+08:00
R0004340,T0050742,U015800,LOCAL100,100.0,2025-10-29T11:32:00+08:00,2025-10-29T11:41:00+08:00
R0004341,T0050743,U021341,TPE150,150.0,2025-09-25T13:52:00+08:00,2025-09-25T14:03:00+08:00
R0004342,T0050744,U003743,TPE150,150.0,2025-09-12T10:14:00+08:00,2025-09-12T10:16:00+08:00
R0004343,T0050746,U001203,TPE150,150.0,2025-10-21T21:03:00+08:00,2025-10-21T21:18:00+08:00
R0004344,T0050747,U026477,TPE100,100.0,2025-09-08T00:46:00+08:00,2025-09-08T01:01:00+08:00
R0004345,T0050749,U019383,TPE100,100.0,2025-09-17T11:07:00+08:00,2025-09-17T11:15:00+08:00
R0004346,T0050750,U012253,TPE150,150.0,2025-10-26T11:10:00+08:00,2025-10-26T11:14:00+08:00
R0004347,T0050751,U006435,TPE100,100.0,2025-10-23T18:43:00+08:00,2025-10-23T18:48:00+08:00
R0004348,T0050752,U019638,TPE150,150.0,2025-09-04T01:10:00+08:00,2025-09-04T01:23:00+08:00
R0004349,T0050754,U011846,TPE100,100.0,2025-09-26T10:40:00+08:00,2025-09-26T10:44:00+08:00
R0004350,T0050755,U001071,TPE150,150.0,2025-10-22T23:40:00+08:00,2025-10-22T23:46:00+08:00
R0004351,T0050757,U025581,TPE150,150.0,2025-09-22T11:45:00+08:00,2025-09-22T11:50:00+08:00
R0004352,T0050758,U029686,TPE150,150.0,2025-10-11T04:08:00+08:00,2025-10-11T04:13:00+08:00
R0004353,T0050759,U020402,TPE150,150.0,2025-09-24T06:43:00+08:00,2025-09-24T06:57:00+08:00
R0004354,T0050761,U024785,TPE100,100.0,2025-10-26T12:07:00+08:00,2025-10-26T12:17:00+08:00
R0004355,T0050762,U024785,LOCAL100,100.0,2025-11-01T18:43:00+08:00,2025-11-01T18:57:00+08:00
R0004356,T0050763,U029408,TPE100,100.0,2025-09-04T00:53:00+08:00,2025-09-04T00:54:00+08:00
R0004357,T0050764,U025864,TPE150,150.0,2025-09-16T16:10:00+08:00,2025-09-16T16:18:00+08:00
R0004358,T0050766,U009945,TPE100,100.0,2025-09-09T10:23:00+08:00,2025-09-09T10:27:00+08:00
R0004359,T0050767,U016645,TPE100,100.0,2025-10-25T18:06:00+08:00,2025-10-25T18:19:00+08:00
R0004360,T0050768,U016645,LOCAL100,100.0,2025-10-29T08:39:00+08:00,2025-10-29T08:40:00+08:00
R0004361,T0050769,U017692,TPE150,150.0,2025-09-21T17:27:00+08:00,2025-09-21T17:35:00+08:00
R0004362,T0050772,U007810,TPE100,100.0,2025-09-09T02:52:00+08:00,2025-09-09T03:07:00+08:00
R0004363,T0050773,U007810,LOCAL100,100.0,2025-09-13T11:44:00+08:00,2025-09-13T11:49:00+08:00
R0004364,T0050774,U025274,TPE150,150.0,2025-10-19T01:36:00+08:00,2025-10-19T01:37:00+08:00
R0004365,T0050776,U003351,TPE100,100.0,2025-10-20T14:40:00+08:00,2025-10-20T14:43:00+08:00
R0004366,T0050777,U003351,LOCAL100,100.0,2025-10-26T02:38:00+08:00,2025-10-26T02:50:00+08:00
R0004367,T0050778,U011919,TPE100,100.0,2025-09-27T03:41:00+08:00,2025-09-27T03:44:00+08:00
R0004368,T0050779,U011919,LOCAL100,100.0,2025-10-01T17:18:00+08:00,2025-10-01T17:23:00+08:00
R0004369,T0050780,U002383,TPE150,150.0,2025-09-04T12:13:00+08:00,2025-09-04T12:16:00+08:00
R0004370,T0050782,U002493,TPE150,150.0,2025-09-21T10:36:00+08:00,2025-09-21T10:51:00+08:00
R0004371,T0050783,U016669,TPE150,150.0,2025-10-06T19:07:00+08:00,2025-10-06T19:16:00+08:00
R0004372,T0050784,U029867,TPE100,100.0,2025-10-15T02:34:00+08:00,2025-10-15T02:47:00+08:00
R0004373,T0050785,U007042,TPE100,100.0,2025-09-16T13:03:00+08:00,2025-09-16T13:16:00+08:00
R0004374,T0050786,U007042,LOCAL100,100.0,2025-09-17T19:19:00+08:00,2025-09-17T19:23:00+08:00
R0004375,T0050787,U027824,TPE150,150.0,2025-09-19T02:56:00+08:00,2025-09-19T03:02:00+08:00
R0004376,T0050789,U009107,TPE150,150.0,2025-10-20T09:05:00+08:00,2025-10-20T09:19:00+08:00
R0004377,T0050790,U006075,TPE150,150.0,2025-10-23T16:05:00+08:00,2025-10-23T16:16:00+08:00
R0004378,T0050791,U013240,TPE150,150.0,2025-10-09T12:09:00+08:00,2025-10-09T12:24:00+08:00
R0004379,T0050794,U008761,TPE150,150.0,2025-09-07T07:40:00+08:00,2025-09-07T07:54:00+08:00
R0004380,T0050795,U015840,TPE150,150.0,2025-09-15T06:40:00+08:00,2025-09-15T06:44:00+08:00
R0004381,T0050796,U005713,TPE150,150.0,2025-09-16T04:48:00+08:00,2025-09-16T04:56:00+08:00
R0004382,T0050799,U003631,TPE150,150.0,2025-10-18T03:01:00+08:00,2025-10-18T03:06:00+08:00
R0004383,T0050800,U023180,TPE150,150.0,2025-10-10T08:37:00+08:00,2025-10-10T08:46:00+08:00
R0004384,T0050801,U025558,TPE150,150.0,2025-09-25T20:09:00+08:00,2025-09-25T20:23:00+08:00
R0004385,T0050803,U025737,TPE150,150.0,2025-10-22T12:10:00+08:00,2025-10-22T12:19:00+08:00
R0004386,T0050805,U018363,TPE150,150.0,2025-09-15T00:11:00+08:00,2025-09-15T00:20:00+08:00
R0004387,T0050806,U028121,TPE100,100.0,2025-10-15T16:29:00+08:00,2025-10-15T16:42:00+08:00
R0004388,T0050807,U006096,TPE100,100.0,2025-10-03T16:53:00+08:00,2025-10-03T17:06:00+08:00
R0004389,T0050808,U006096,LOCAL100,100.0,2025-10-04T21:07:00+08:00,2025-10-04T21:13:00+08:00
R0004390,T0050809,U021739,TPE100,100.0,2025-09-15T01:57:00+08:00,2025-09-15T01:58:00+08:00
R0004391,T0050810,U026205,TPE150,150.0,2025-09-09T09:42:00+08:00,2025-09-09T09:56:00+08:00
R0004392,T0050811,U025548,TPE150,150.0,2025-09-02T11:03:00+08:00,2025-09-02T11:12:00+08:00
R0004393,T0050812,U018854,TPE150,150.0,2025-09-06T03:44:00+08:00,2025-09-06T03:50:00+08:00
R0004394,T0050813,U010118,TPE150,150.0,2025-09-08T12:51:00+08:00,2025-09-08T13:00:00+08:00
R0004395,T0050814,U013337,TPE100,100.0,2025-09-28T11:49:00+08:00,2025-09-28T11:57:00+08:00
R0004396,T0050816,U012237,TPE100,100.0,2025-09-06T00:47:00+08:00,2025-09-06T00:50:00+08:00
R0004397,T0050818,U012542,TPE100,100.0,2025-09-21T09:49:00+08:00,2025-09-21T09:49:00+08:00
R0004398,T0050819,U012542,LOCAL100,100.0,2025-09-27T13:27:00+08:00,2025-09-27T13:34:00+08:00
R0004399,T0050820,U007196,TPE150,150.0,2025-10-13T11:05:00+08:00,2025-10-13T11:07:00+08:00
R0004400,T0050821,U016331,TPE150,150.0,2025-09-03T01:00:00+08:00,2025-09-03T01:02:00+08:00
R0004401,T0050822,U029125,TPE150,150.0,2025-09-02T23:49:00+08:00,2025-09-03T00:00:00+08:00
R0004402,T0050823,U006287,TPE150,150.0,2025-10-18T02:10:00+08:00,2025-10-18T02:14:00+08:00
R0004403,T0050824,U024130,TPE100,100.0,2025-09-03T11:10:00+08:00,2025-09-03T11:12:00+08:00
R0004404,T0050826,U001469,TPE100,100.0,2025-09-19T19:25:00+08:00,2025-09-19T19:31:00+08:00
R0004405,T0050830,U021081,TPE150,150.0,2025-10-19T03:39:00+08:00,2025-10-19T03:44:00+08:00
R0004406,T0050831,U009589,TPE150,150.0,2025-09-23T06:52:00+08:00,2025-09-23T07:04:00+08:00
R0004407,T0050832,U014084,TPE150,150.0,2025-10-03T07:19:00+08:00,2025-10-03T07:24:00+08:00
R0004408,T0050834,U025979,TPE100,100.0,2025-10-02T23:29:00+08:00,2025-10-02T23:36:00+08:00
R0004409,T0050835,U004197,TPE100,100.0,2025-10-05T11:15:00+08:00,2025-10-05T11:18:00+08:00
R0004410,T0050836,U004197,LOCAL100,100.0,2025-10-08T01:02:00+08:00,2025-10-08T01:06:00+08:00
R0004411,T0050837,U002279,TPE150,150.0,2025-09-10T21:48:00+08:00,2025-09-10T22:03:00+08:00
R0004412,T0050838,U005572,TPE100,100.0,2025-09-29T10:41:00+08:00,2025-09-29T10:47:00+08:00
R0004413,T0050843,U013170,TPE100,100.0,2025-10-02T02:45:00+08:00,2025-10-02T02:57:00+08:00
R0004414,T0050844,U012166,TPE150,150.0,2025-10-23T09:50:00+08:00,2025-10-23T10:04:00+08:00
R0004415,T0050845,U024922,TPE100,100.0,2025-09-15T22:53:00+08:00,2025-09-15T23:03:00+08:00
R0004416,T0050847,U001481,TPE100,100.0,2025-09-29T19:39:00+08:00,2025-09-29T19:47:00+08:00
R0004417,T0050849,U006679,TPE150,150.0,2025-10-14T00:20:00+08:00,2025-10-14T00:31:00+08:00
R0004418,T0050850,U026419,TPE150,150.0,2025-09-04T09:47:00+08:00,2025-09-04T10:00:00+08:00
R0004419,T0050852,U018021,TPE100,100.0,2025-09-24T00:43:00+08:00,2025-09-24T00:57:00+08:00
R0004420,T0050853,U018021,LOCAL100,100.0,2025-09-26T18:35:00+08:00,2025-09-26T18:48:00+08:00
R0004421,T0050854,U006693,TPE150,150.0,2025-10-24T17:57:00+08:00,2025-10-24T18:08:00+08:00
R0004422,T0050857,U026776,TPE100,100.0,2025-09-12T07:50:00+08:00,2025-09-12T07:58:00+08:00
R0004423,T0050858,U028077,TPE150,150.0,2025-09-18T21:48:00+08:00,2025-09-18T21:51:00+08:00
R0004424,T0050860,U020977,TPE100,100.0,2025-09-29T12:46:00+08:00,2025-09-29T12:46:00+08:00
R0004425,T0050862,U011649,TPE100,100.0,2025-09-05T00:40:00+08:00,2025-09-05T00:49:00+08:00
R0004426,T0050863,U011649,LOCAL100,100.0,2025-09-09T05:09:00+08:00,2025-09-09T05:20:00+08:00
R0004427,T0050864,U022685,TPE100,100.0,2025-09-18T06:23:00+08:00,2025-09-18T06:25:00+08:00
R0004428,T0050865,U022685,LOCAL100,100.0,2025-09-20T09:49:00+08:00,2025-09-20T09:58:00+08:00
R0004429,T0050866,U015432,TPE100,100.0,2025-09-18T23:03:00+08:00,2025-09-18T23:03:00+08:00
R0004430,T0050867,U015432,LOCAL100,100.0,2025-09-25T08:41:00+08:00,2025-09-25T08:47:00+08:00
R0004431,T0050868,U009858,TPE100,100.0,2025-10-04T03:19:00+08:00,2025-10-04T03:25:00+08:00
R0004432,T0050869,U027902,TPE150,150.0,2025-10-18T06:54:00+08:00,2025-10-18T07:03:00+08:00
R0004433,T0050871,U010376,TPE100,100.0,2025-10-17T06:04:00+08:00,2025-10-17T06:18:00+08:00
R0004434,T0050872,U006521,TPE100,100.0,2025-09-02T10:52:00+08:00,2025-09-02T10:54:00+08:00
R0004435,T0050873,U006521,LOCAL100,100.0,2025-09-08T03:01:00+08:00,2025-09-08T03:08:00+08:00
R0004436,T0050874,U023530,TPE150,150.0,2025-10-16T07:02:00+08:00,2025-10-16T07:13:00+08:00
R0004437,T0050875,U002991,TPE100,100.0,2025-10-22T22:36:00+08:00,2025-10-22T22:48:00+08:00
R0004438,T0050876,U002991,LOCAL100,100.0,2025-10-25T14:44:00+08:00,2025-10-25T14:47:00+08:00
R0004439,T0050877,U025795,TPE100,100.0,2025-10-22T08:05:00+08:00,2025-10-22T08:10:00+08:00
R0004440,T0050878,U023830,TPE100,100.0,2025-09-22T13:33:00+08:00,2025-09-22T13:38:00+08:00
R0004441,T0050879,U009019,TPE150,150.0,2025-09-02T17:01:00+08:00,2025-09-02T17:10:00+08:00
R0004442,T0050881,U006680,TPE150,150.0,2025-09-02T12:03:00+08:00,2025-09-02T12:09:00+08:00
R0004443,T0050882,U006475,TPE150,150.0,2025-10-26T11:41:00+08:00,2025-10-26T11:56:00+08:00
R0004444,T0050883,U012028,TPE150,150.0,2025-09-04T07:42:00+08:00,2025-09-04T07:43:00+08:00
R0004445,T0050884,U026595,TPE150,150.0,2025-10-26T13:13:00+08:00,2025-10-26T13:18:00+08:00
R0004446,T0050885,U014440,TPE150,150.0,2025-09-16T23:13:00+08:00,2025-09-16T23:23:00+08:00
R0004447,T0050887,U022274,TPE150,150.0,2025-09-26T09:01:00+08:00,2025-09-26T09:13:00+08:00
R0004448,T0050888,U022576,TPE100,100.0,2025-09-14T01:18:00+08:00,2025-09-14T01:26:00+08:00
R0004449,T0050889,U022949,TPE100,100.0,2025-10-13T09:42:00+08:00,2025-10-13T09:57:00+08:00
R0004450,T0050890,U015422,TPE100,100.0,2025-10-18T16:53:00+08:00,2025-10-18T17:05:00+08:00
R0004451,T0050893,U012337,TPE100,100.0,2025-09-10T22:02:00+08:00,2025-09-10T22:14:00+08:00
R0004452,T0050894,U012337,LOCAL100,100.0,2025-09-12T22:08:00+08:00,2025-09-12T22:21:00+08:00
R0004453,T0050895,U003520,TPE150,150.0,2025-09-11T00:34:00+08:00,2025-09-11T00:38:00+08:00
R0004454,T0050896,U025489,TPE100,100.0,2025-10-26T12:46:00+08:00,2025-10-26T12:58:00+08:00
R0004455,T0050897,U003206,TPE100,100.0,2025-10-07T16:08:00+08:00,2025-10-07T16:12:00+08:00
R0004456,T0050899,U028225,TPE150,150.0,2025-09-03T23:02:00+08:00,2025-09-03T23:05:00+08:00
R0004457,T0050900,U014005,TPE150,150.0,2025-09-02T23:04:00+08:00,2025-09-02T23:06:00+08:00
R0004458,T0050901,U027064,TPE100,100.0,2025-09-18T15:14:00+08:00,2025-09-18T15:23:00+08:00
R0004459,T0050902,U001835,TPE150,150.0,2025-10-01T20:34:00+08:00,2025-10-01T20:38:00+08:00
R0004460,T0050904,U004660,TPE100,100.0,2025-10-09T12:12:00+08:00,2025-10-09T12:27:00+08:00
R0004461,T0050905,U024377,TPE100,100.0,2025-10-26T17:26:00+08:00,2025-10-26T17:31:00+08:00
R0004462,T0050906,U006639,TPE150,150.0,2025-09-09T08:44:00+08:00,2025-09-09T08:48:00+08:00
R0004463,T0050907,U012558,TPE100,100.0,2025-09-30T00:33:00+08:00,2025-09-30T00:45:00+08:00
R0004464,T0050908,U019954,TPE100,100.0,2025-10-17T15:39:00+08:00,2025-10-17T15:42:00+08:00
R0004465,T0050909,U019954,LOCAL100,100.0,2025-10-23T07:25:00+08:00,2025-10-23T07:37:00+08:00
R0004466,T0050910,U014091,TPE100,100.0,2025-10-21T23:21:00+08:00,2025-10-21T23:24:00+08:00
R0004467,T0050911,U010143,TPE100,100.0,2025-10-02T23:24:00+08:00,2025-10-02T23:30:00+08:00
R0004468,T0050912,U010143,LOCAL100,100.0,2025-10-04T09:02:00+08:00,2025-10-04T09:16:00+08:00
R0004469,T0050914,U014544,TPE100,100.0,2025-09-10T16:50:00+08:00,2025-09-10T16:59:00+08:00
R0004470,T0050915,U014544,LOCAL100,100.0,2025-09-16T04:20:00+08:00,2025-09-16T04:30:00+08:00
R0004471,T0050916,U026207,TPE150,150.0,2025-10-02T03:29:00+08:00,2025-10-02T03:44:00+08:00
R0004472,T0050917,U010276,TPE150,150.0,2025-10-16T17:04:00+08:00,2025-10-16T17:09:00+08:00
R0004473,T0050919,U024313,TPE100,100.0,2025-10-08T10:38:00+08:00,2025-10-08T10:39:00+08:00
R0004474,T0050921,U015417,TPE100,100.0,2025-10-05T01:58:00+08:00,2025-10-05T02:12:00+08:00
R0004475,T0050924,U018629,TPE100,100.0,2025-10-23T01:17:00+08:00,2025-10-23T01:32:00+08:00
R0004476,T0050925,U029570,TPE150,150.0,2025-10-26T16:56:00+08:00,2025-10-26T17:05:00+08:00
R0004477,T0050926,U013554,TPE100,100.0,2025-09-07T03:32:00+08:00,2025-09-07T03:42:00+08:00
R0004478,T0050927,U028602,TPE100,100.0,2025-09-03T00:32:00+08:00,2025-09-03T00:44:00+08:00
R0004479,T0050928,U028602,LOCAL100,100.0,2025-09-06T19:52:00+08:00,2025-09-06T19:58:00+08:00
R0004480,T0050929,U023022,TPE150,150.0,2025-10-17T07:49:00+08:00,2025-10-17T08:02:00+08:00
R0004481,T0050930,U007549,TPE100,100.0,2025-09-15T05:45:00+08:00,2025-09-15T05:56:00+08:00
R0004482,T0050931,U007549,LOCAL100,100.0,2025-09-16T16:58:00+08:00,2025-09-16T17:06:00+08:00
R0004483,T0050932,U015058,TPE100,100.0,2025-10-21T05:00:00+08:00,2025-10-21T05:08:00+08:00
R0004484,T0050933,U015058,LOCAL100,100.0,2025-10-27T16:07:00+08:00,2025-10-27T16:11:00+08:00
R0004485,T0050934,U017245,TPE100,100.0,2025-10-13T10:56:00+08:00,2025-10-13T11:07:00+08:00
R0004486,T0050935,U027976,TPE150,150.0,2025-09-02T10:48:00+08:00,2025-09-02T10:55:00+08:00
R0004487,T0050936,U011396,TPE150,150.0,2025-10-03T13:59:00+08:00,2025-10-03T13:59:00+08:00
R0004488,T0050937,U023271,TPE100,100.0,2025-10-09T17:37:00+08:00,2025-10-09T17:43:00+08:00
R0004489,T0050938,U018301,TPE100,100.0,2025-10-06T00:09:00+08:00,2025-10-06T00:23:00+08:00
R0004490,T0050940,U021621,TPE150,150.0,2025-10-06T23:41:00+08:00,2025-10-06T23:53:00+08:00
R0004491,T0050941,U029522,TPE150,150.0,2025-10-08T08:03:00+08:00,2025-10-08T08:03:00+08:00
R0004492,T0050942,U013883,TPE150,150.0,2025-09-10T11:24:00+08:00,2025-09-10T11:35:00+08:00
R0004493,T0050943,U006829,TPE150,150.0,2025-10-07T17:52:00+08:00,2025-10-07T17:57:00+08:00
R0004494,T0050944,U014424,TPE150,150.0,2025-10-13T08:43:00+08:00,2025-10-13T08:52:00+08:00
R0004495,T0050945,U011927,TPE150,150.0,2025-10-25T19:38:00+08:00,2025-10-25T19:41:00+08:00
R0004496,T0050946,U020025,TPE100,100.0,2025-10-14T03:59:00+08:00,2025-10-14T04:10:00+08:00
R0004497,T0050947,U009905,TPE150,150.0,2025-09-10T22:57:00+08:00,2025-09-10T23:09:00+08:00
R0004498,T0050948,U009346,TPE150,150.0,2025-10-23T09:45:00+08:00,2025-10-23T09:56:00+08:00
R0004499,T0050949,U004854,TPE100,100.0,2025-10-12T12:53:00+08:00,2025-10-12T12:54:00+08:00
R0004500,T0050950,U027818,TPE150,150.0,2025-09-19T03:29:00+08:00,2025-09-19T03:41:00+08:00
R0004501,T0050951,U026785,TPE150,150.0,2025-10-18T06:07:00+08:00,2025-10-18T06:15:00+08:00
R0004502,T0050952,U024909,TPE100,100.0,2025-10-13T23:42:00+08:00,2025-10-13T23:48:00+08:00
R0004503,T0050953,U024909,LOCAL100,100.0,2025-10-18T07:21:00+08:00,2025-10-18T07:35:00+08:00
R0004504,T0050954,U024927,TPE150,150.0,2025-09-02T01:37:00+08:00,2025-09-02T01:47:00+08:00
R0004505,T0050955,U014553,TPE100,100.0,2025-09-02T12:51:00+08:00,2025-09-02T13:06:00+08:00
R0004506,T0050956,U014553,LOCAL100,100.0,2025-09-07T20:08:00+08:00,2025-09-07T20:14:00+08:00
R0004507,T0050957,U011553,TPE150,150.0,2025-10-09T11:08:00+08:00,2025-10-09T11:23:00+08:00
R0004508,T0050958,U028860,TPE100,100.0,2025-10-02T04:35:00+08:00,2025-10-02T04:46:00+08:00
R0004509,T0050959,U022980,TPE150,150.0,2025-09-02T00:00:00+08:00,2025-09-02T00:12:00+08:00
R0004510,T0050960,U001392,TPE150,150.0,2025-10-23T08:14:00+08:00,2025-10-23T08:25:00+08:00
R0004511,T0050962,U021222,TPE150,150.0,2025-10-03T16:23:00+08:00,2025-10-03T16:34:00+08:00
R0004512,T0050965,U018112,TPE150,150.0,2025-10-25T23:15:00+08:00,2025-10-25T23:16:00+08:00
R0004513,T0050966,U010503,TPE100,100.0,2025-09-04T10:08:00+08:00,2025-09-04T10:09:00+08:00
R0004514,T0050967,U019328,TPE150,150.0,2025-09-23T08:40:00+08:00,2025-09-23T08:42:00+08:00
R0004515,T0050968,U013734,TPE100,100.0,2025-09-29T09:10:00+08:00,2025-09-29T09:24:00+08:00
R0004516,T0050969,U000173,TPE100,100.0,2025-09-20T14:39:00+08:00,2025-09-20T14:48:00+08:00
R0004517,T0050970,U012069,TPE150,150.0,2025-09-29T08:54:00+08:00,2025-09-29T09:05:00+08:00
R0004518,T0050971,U004409,TPE150,150.0,2025-10-06T12:31:00+08:00,2025-10-06T12:39:00+08:00
R0004519,T0050972,U017009,TPE150,150.0,2025-10-12T08:51:00+08:00,2025-10-12T08:51:00+08:00
R0004520,T0050973,U027637,TPE150,150.0,2025-10-10T19:39:00+08:00,2025-10-10T19:40:00+08:00
R0004521,T0050974,U009057,TPE100,100.0,2025-09-06T07:57:00+08:00,2025-09-06T08:00:00+08:00
R0004522,T0050975,U000142,TPE100,100.0,2025-09-10T13:04:00+08:00,2025-09-10T13:15:00+08:00
R0004523,T0050976,U026616,TPE150,150.0,2025-10-10T09:54:00+08:00,2025-10-10T10:01:00+08:00
R0004524,T0050978,U008239,TPE100,100.0,2025-09-03T15:13:00+08:00,2025-09-03T15:27:00+08:00
R0004525,T0050979,U008239,LOCAL100,100.0,2025-09-06T03:37:00+08:00,2025-09-06T03:44:00+08:00
R0004526,T0050980,U024680,TPE100,100.0,2025-10-02T00:19:00+08:00,2025-10-02T00:27:00+08:00
R0004527,T0050981,U013867,TPE150,150.0,2025-09-21T02:50:00+08:00,2025-09-21T02:53:00+08:00
R0004528,T0050982,U009561,TPE100,100.0,2025-09-19T00:02:00+08:00,2025-09-19T00:11:00+08:00
R0004529,T0050984,U028807,TPE100,100.0,2025-10-12T09:11:00+08:00,2025-10-12T09:13:00+08:00
R0004530,T0050985,U028534,TPE100,100.0,2025-10-20T03:02:00+08:00,2025-10-20T03:08:00+08:00
R0004531,T0050987,U000277,TPE100,100.0,2025-09-10T09:42:00+08:00,2025-09-10T09:51:00+08:00
R0004532,T0050988,U013294,TPE150,150.0,2025-10-26T00:42:00+08:00,2025-10-26T00:47:00+08:00
R0004533,T0050989,U013559,TPE150,150.0,2025-09-23T08:50:00+08:00,2025-09-23T09:04:00+08:00
R0004534,T0050990,U026481,TPE100,100.0,2025-09-29T20:06:00+08:00,2025-09-29T20:21:00+08:00
R0004535,T0050991,U026481,LOCAL100,100.0,2025-10-01T08:03:00+08:00,2025-10-01T08:15:00+08:00
R0004536,T0050992,U017710,TPE150,9999,2025-10-07T11:00:00+08:00,2025-10-07T11:05:00+08:00
R0004537,T0050993,U005781,TPE100,100.0,2025-09-05T11:57:00+08:00,2025-09-05T12:06:00+08:00
R0004538,T0050994,U026979,TPE100,100.0,2025-09-21T02:24:00+08:00,2025-09-21T02:31:00+08:00
R0004539,T0050995,U026979,LOCAL100,100.0,2025-09-23T19:53:00+08:00,2025-09-23T19:54:00+08:00
R0004540,T0050996,U022971,TPE150,150.0,2025-10-25T01:19:00+08:00,2025-10-25T01:29:00+08:00
R0004541,T0050998,U023069,TPE150,150.0,2025-10-13T13:02:00+08:00,2025-10-13T13:14:00+08:00
R0004542,T0050999,U014901,TPE100,100.0,2025-09-23T09:21:00+08:00,2025-09-23T09:33:00+08:00
R0004543,T0051000,U015026,TPE100,100.0,2025-10-23T14:51:00+08:00,2025-10-23T14:55:00+08:00
R0004544,T0051001,U015026,LOCAL100,100.0,2025-10-26T19:37:00+08:00,2025-10-26T19:45:00+08:00
R0004545,T0051002,U010775,TPE100,100.0,2025-09-23T11:09:00+08:00,2025-09-23T11:21:00+08:00
R0004546,T0051003,U026740,TPE150,150.0,2025-10-23T10:12:00+08:00,2025-10-23T10:22:00+08:00
R0004547,T0051006,U023772,TPE150,150.0,2025-10-15T00:51:00+08:00,2025-10-15T00:55:00+08:00
R0004548,T0051007,U021893,TPE150,150.0,2025-09-02T10:17:00+08:00,2025-09-02T10:25:00+08:00
R0004549,T0051008,U003962,TPE150,150.0,2025-10-11T00:26:00+08:00,2025-10-11T00:37:00+08:00
R0004550,T0051009,U020787,TPE100,100.0,2025-10-08T11:32:00+08:00,2025-10-08T11:47:00+08:00
R0004551,T0051012,U029935,TPE150,150.0,2025-09-08T03:00:00+08:00,2025-09-08T03:07:00+08:00
R0004552,T0051014,U000563,TPE150,150.0,2025-10-01T12:21:00+08:00,2025-10-01T12:35:00+08:00
R0004553,T0051015,U010310,TPE150,150.0,2025-09-18T00:47:00+08:00,2025-09-18T00:59:00+08:00
R0004554,T0051016,U016962,TPE150,150.0,2025-10-20T13:28:00+08:00,2025-10-20T13:31:00+08:00
R0004555,T0051017,U026650,TPE100,100.0,2025-09-05T07:48:00+08:00,2025-09-05T08:03:00+08:00
R0004556,T0051018,U026650,LOCAL100,100.0,2025-09-07T17:16:00+08:00,2025-09-07T17:16:00+08:00
R0004557,T0051020,U006393,TPE100,100.0,2025-09-18T11:30:00+08:00,2025-09-18T11:31:00+08:00
R0004558,T0051021,U003684,TPE100,100.0,2025-10-12T09:48:00+08:00,2025-10-12T10:02:00+08:00
R0004559,T0051022,U002623,TPE150,150.0,2025-09-02T02:42:00+08:00,2025-09-02T02:51:00+08:00
R0004560,T0051024,U021319,TPE100,100.0,2025-09-19T12:23:00+08:00,2025-09-19T12:24:00+08:00
R0004561,T0051025,U027687,TPE100,100.0,2025-09-05T23:40:00+08:00,2025-09-05T23:43:00+08:00
R0004562,T0051026,U027687,LOCAL100,100.0,2025-09-10T09:48:00+08:00,2025-09-10T09:56:00+08:00
R0004563,T0051027,U029536,TPE150,150.0,2025-10-23T19:21:00+08:00,2025-10-23T19:26:00+08:00
R0004564,T0051029,U011021,TPE150,150.0,2025-10-21T07:17:00+08:00,2025-10-21T07:31:00+08:00
R0004565,T0051030,U012792,TPE150,150.0,2025-09-27T21:21:00+08:00,2025-09-27T21:34:00+08:00
R0004566,T0051031,U016445,TPE150,150.0,2025-09-30T21:33:00+08:00,2025-09-30T21:46:00+08:00
R0004567,T0051033,U022146,TPE150,150.0,2025-10-25T08:57:00+08:00,2025-10-25T09:11:00+08:00
R0004568,T0051034,U015850,TPE150,150.0,2025-09-24T01:55:00+08:00,2025-09-24T02:02:00+08:00
R0004569,T0051035,U011322,TPE100,100.0,2025-09-22T12:44:00+08:00,2025-09-22T12:52:00+08:00
R0004570,T0051036,U028459,TPE150,150.0,2025-09-24T00:08:00+08:00,2025-09-24T00:16:00+08:00
R0004571,T0051038,U026118,TPE100,100.0,2025-09-24T02:16:00+08:00,2025-09-24T02:29:00+08:00
R0004572,T0051039,U016305,TPE100,100.0,2025-10-22T22:59:00+08:00,2025-10-22T23:00:00+08:00
R0004573,T0051041,U024368,TPE100,100.0,2025-10-24T12:27:00+08:00,2025-10-24T12:42:00+08:00
R0004574,T0051042,U001127,TPE150,150.0,2025-10-04T01:38:00+08:00,2025-10-04T01:44:00+08:00
R0004575,T0051043,U003159,TPE100,100.0,2025-10-11T08:17:00+08:00,2025-10-11T08:18:00+08:00
R0004576,T0051045,U009352,TPE100,100.0,2025-09-05T20:27:00+08:00,2025-09-05T20:37:00+08:00
R0004577,T0051046,U009352,LOCAL100,100.0,2025-09-07T03:09:00+08:00,2025-09-07T03:15:00+08:00
R0004578,T0051047,U026725,TPE150,150.0,2025-10-17T12:16:00+08:00,2025-10-17T12:26:00+08:00
R0004579,T0051048,U012995,TPE150,150.0,2025-10-15T17:51:00+08:00,2025-10-15T18:04:00+08:00
R0004580,T0051050,U009360,TPE100,100.0,2025-09-24T11:28:00+08:00,2025-09-24T11:29:00+08:00
R0004581,T0051051,U009360,LOCAL100,100.0,2025-09-30T15:49:00+08:00,2025-09-30T16:04:00+08:00
R0004582,T0051052,U029309,TPE150,150.0,2025-10-12T22:23:00+08:00,2025-10-12T22:38:00+08:00
R0004583,T0051054,U020501,TPE150,150.0,2025-09-15T11:35:00+08:00,2025-09-15T11:38:00+08:00
R0004584,T0051056,U004061,TPE150,150.0,2025-09-02T03:26:00+08:00,2025-09-02T03:38:00+08:00
R0004585,T0051057,U004142,TPE150,150.0,2025-09-08T09:51:00+08:00,2025-09-08T10:00:00+08:00
R0004586,T0051058,U011903,TPE150,150.0,2025-10-07T12:39:00+08:00,2025-10-07T12:54:00+08:00
R0004587,T0051060,U003730,TPE100,100.0,2025-10-16T05:18:00+08:00,2025-10-16T05:28:00+08:00
R0004588,T0051061,U023286,TPE100,100.0,2025-10-22T08:45:00+08:00,2025-10-22T08:47:00+08:00
R0004589,T0051062,U016600,TPE100,100.0,2025-09-08T10:01:00+08:00,2025-09-08T10:15:00+08:00
R0004590,T0051063,U024448,TPE150,150.0,2025-10-02T10:22:00+08:00,2025-10-02T10:37:00+08:00
R0004591,T0051065,U028238,TPE100,100.0,2025-10-20T02:08:00+08:00,2025-10-20T02:21:00+08:00
R0004592,T0051066,U004024,TPE100,100.0,2025-09-16T05:16:00+08:00,2025-09-16T05:21:00+08:00
R0004593,T0051067,U017254,TPE150,150.0,2025-10-07T13:19:00+08:00,2025-10-07T13:30:00+08:00
R0004594,T0051068,U001249,TPE150,150.0,2025-09-23T04:31:00+08:00,2025-09-23T04:38:00+08:00
R0004595,T0051070,U008972,TPE100,100.0,2025-10-01T12:51:00+08:00,2025-10-01T12:56:00+08:00
R0004596,T0051071,U008972,LOCAL100,100.0,2025-10-03T21:04:00+08:00,2025-10-03T21:09:00+08:00
R0004597,T0051074,U000447,TPE100,100.0,2025-10-25T04:15:00+08:00,2025-10-25T04:17:00+08:00
R0004598,T0051075,U000447,LOCAL100,100.0,2025-10-31T18:41:00+08:00,2025-10-31T18:55:00+08:00
R0004599,T0051076,U025653,TPE150,150.0,2025-09-17T07:25:00+08:00,2025-09-17T07:27:00+08:00
R0004600,T0051077,U011801,TPE100,100.0,2025-09-02T02:11:00+08:00,2025-09-02T02:11:00+08:00
R0004601,T0051078,U026952,TPE100,100.0,2025-10-25T12:15:00+08:00,2025-10-25T12:27:00+08:00
R0004602,T0051079,U026952,LOCAL100,100.0,2025-10-29T23:45:00+08:00,2025-10-30T00:00:00+08:00
R0004603,T0051080,U001680,TPE150,150.0,2025-09-29T05:23:00+08:00,2025-09-29T05:23:00+08:00
R0004604,T0051081,U014682,TPE100,100.0,2025-09-23T07:37:00+08:00,2025-09-23T07:52:00+08:00
R0004605,T0051082,U025067,TPE150,150.0,2025-09-01T14:58:00+08:00,2025-09-01T15:04:00+08:00
R0004606,T0051083,U012639,TPE150,150.0,2025-10-01T06:48:00+08:00,2025-10-01T06:56:00+08:00
R0004607,T0051084,U026590,TPE150,150.0,2025-09-25T19:58:00+08:00,2025-09-25T19:58:00+08:00
R0004608,T0051086,U000989,TPE150,150.0,2025-09-06T08:17:00+08:00,2025-09-06T08:21:00+08:00
R0004609,T0051087,U023496,TPE100,100.0,2025-10-16T09:40:00+08:00,2025-10-16T09:49:00+08:00
R0004610,T0051089,U003304,TPE100,100.0,2025-09-26T06:08:00+08:00,2025-09-26T06:16:00+08:00
R0004611,T0051090,U023458,TPE100,100.0,2025-10-22T17:41:00+08:00,2025-10-22T17:46:00+08:00
R0004612,T0051091,U023458,LOCAL100,100.0,2025-10-24T00:20:00+08:00,2025-10-24T00:32:00+08:00
R0004613,T0051094,U007145,TPE150,150.0,2025-09-21T19:22:00+08:00,2025-09-21T19:25:00+08:00
R0004614,T0051096,U023448,TPE150,150.0,2025-09-30T09:56:00+08:00,2025-09-30T09:57:00+08:00
R0004615,T0051097,U013720,TPE150,150.0,2025-10-11T12:35:00+08:00,2025-10-11T12:35:00+08:00
R0004616,T0051099,U017947,TPE150,150.0,2025-09-21T10:42:00+08:00,2025-09-21T10:45:00+08:00
R0004617,T0051101,U029250,TPE150,150.0,2025-10-19T00:00:00+08:00,2025-10-19T00:01:00+08:00
R0004618,T0051102,U016988,TPE100,100.0,2025-10-25T20:50:00+08:00,2025-10-25T20:55:00+08:00
R0004619,T0051103,U020066,TPE100,100.0,2025-10-09T06:27:00+08:00,2025-10-09T06:29:00+08:00
R0004620,T0051104,U015258,TPE150,150.0,2025-10-07T00:40:00+08:00,2025-10-07T00:48:00+08:00
R0004621,T0051105,U011104,TPE150,150.0,2025-10-14T13:57:00+08:00,2025-10-14T14:00:00+08:00
R0004622,T0051106,U013108,TPE100,100.0,2025-09-14T09:55:00+08:00,2025-09-14T10:04:00+08:00
R0004623,T0051107,U005884,TPE100,100.0,2025-09-23T02:44:00+08:00,2025-09-23T02:48:00+08:00
R0004624,T0051108,U005884,LOCAL100,100.0,2025-09-29T20:51:00+08:00,2025-09-29T20:52:00+08:00
R0004625,T0051110,U016956,TPE100,100.0,2025-09-10T00:20:00+08:00,2025-09-10T00:35:00+08:00
R0004626,T0051111,U006640,TPE150,150.0,2025-10-16T10:46:00+08:00,2025-10-16T10:59:00+08:00
R0004627,T0051112,U012065,TPE150,150.0,2025-10-09T18:48:00+08:00,2025-10-09T19:01:00+08:00
R0004628,T0051115,U018281,TPE150,150.0,2025-09-23T08:18:00+08:00,2025-09-23T08:27:00+08:00
R0004629,T0051116,U021200,TPE150,150.0,2025-09-12T08:44:00+08:00,2025-09-12T08:51:00+08:00
R0004630,T0051117,U017200,TPE100,100.0,2025-10-01T17:16:00+08:00,2025-10-01T17:22:00+08:00
R0004631,T0051118,U003070,TPE150,150.0,2025-10-22T11:42:00+08:00,2025-10-22T11:43:00+08:00
R0004632,T0051119,U020137,TPE150,150.0,2025-09-27T23:54:00+08:00,2025-09-28T00:07:00+08:00
R0004633,T0051120,U017544,TPE150,150.0,2025-10-09T11:56:00+08:00,2025-10-09T12:04:00+08:00
R0004634,T0051121,U004338,TPE100,100.0,2025-10-24T13:25:00+08:00,2025-10-24T13:30:00+08:00
R0004635,T0051122,U002511,TPE150,150.0,2025-10-13T09:43:00+08:00,2025-10-13T09:52:00+08:00
R0004636,T0051124,U019879,TPE100,100.0,2025-09-19T07:38:00+08:00,2025-09-19T07:43:00+08:00
R0004637,T0051125,U019879,LOCAL100,100.0,2025-09-23T08:35:00+08:00,2025-09-23T08:50:00+08:00
R0004638,T0051127,U022789,TPE150,150.0,2025-09-17T08:53:00+08:00,2025-09-17T08:59:00+08:00
R0004639,T0051128,U027194,TPE100,100.0,2025-10-04T07:18:00+08:00,2025-10-04T07:27:00+08:00
R0004640,T0051130,U000327,TPE100,100.0,2025-09-18T13:40:00+08:00,2025-09-18T13:47:00+08:00
R0004641,T0051131,U000327,LOCAL100,100.0,2025-09-20T02:23:00+08:00,2025-09-20T02:36:00+08:00
R0004642,T0051132,U023616,TPE150,150.0,2025-10-08T18:28:00+08:00,2025-10-08T18:34:00+08:00
R0004643,T0051133,U012074,TPE100,100.0,2025-09-30T01:54:00+08:00,2025-09-30T01:59:00+08:00
R0004644,T0051134,U011519,TPE150,150.0,2025-09-23T05:02:00+08:00,2025-09-23T05:02:00+08:00
R0004645,T0051136,U024240,TPE100,100.0,2025-09-22T06:08:00+08:00,2025-09-22T06:08:00+08:00
R0004646,T0051137,U024240,LOCAL100,100.0,2025-09-27T06:46:00+08:00,2025-09-27T06:49:00+08:00
R0004647,T0051138,U021521,TPE100,100.0,2025-09-24T08:34:00+08:00,2025-09-24T08:34:00+08:00
R0004648,T0051139,U019807,TPE150,150.0,2025-10-26T17:00:00+08:00,2025-10-26T17:10:00+08:00
R0004649,T0051140,U014730,TPE100,9999,2025-09-11T15:31:00+08:00,2025-09-11T15:35:00+08:00
R0004650,T0051141,U014730,LOCAL100,100.0,2025-09-16T23:44:00+08:00,2025-09-16T23:46:00+08:00
R0004651,T0051142,U020319,TPE100,100.0,2025-10-24T08:05:00+08:00,2025-10-24T08:15:00+08:00
R0004652,T0051143,U026158,TPE150,150.0,2025-10-04T11:34:00+08:00,2025-10-04T11:40:00+08:00
R0004653,T0051145,U028445,TPE100,100.0,2025-09-15T00:25:00+08:00,2025-09-15T00:27:00+08:00
R0004654,T0051146,U011677,TPE100,100.0,2025-10-25T11:17:00+08:00,2025-10-25T11:31:00+08:00
R0004655,T0051147,U010839,TPE100,100.0,2025-09-08T07:56:00+08:00,2025-09-08T08:11:00+08:00
R0004656,T0051148,U019259,TPE100,100.0,2025-09-18T03:28:00+08:00,2025-09-18T03:32:00+08:00
R0004657,T0051149,U019259,LOCAL100,100.0,2025-09-24T20:01:00+08:00,2025-09-24T20:16:00+08:00
R0004658,T0051150,U008845,TPE150,150.0,2025-09-29T02:19:00+08:00,2025-09-29T02:28:00+08:00
R0004659,T0051151,U014772,TPE100,100.0,2025-09-07T00:41:00+08:00,2025-09-07T00:49:00+08:00
R0004660,T0051153,U019091,TPE150,150.0,2025-09-06T15:00:00+08:00,2025-09-06T15:04:00+08:00
R0004661,T0051154,U006218,TPE150,150.0,2025-10-09T07:07:00+08:00,2025-10-09T07:08:00+08:00
R0004662,T0051156,U014103,TPE100,100.0,2025-10-18T09:33:00+08:00,2025-10-18T09:44:00+08:00
R0004663,T0051160,U001058,TPE150,150.0,2025-10-26T12:14:00+08:00,2025-10-26T12:23:00+08:00
R0004664,T0051161,U020270,TPE100,100.0,2025-09-28T21:21:00+08:00,2025-09-28T21:36:00+08:00
R0004665,T0051162,U020761,TPE100,100.0,2025-10-23T10:39:00+08:00,2025-10-23T10:49:00+08:00
R0004666,T0051163,U020761,LOCAL100,100.0,2025-10-25T20:15:00+08:00,2025-10-25T20:22:00+08:00
R0004667,T0051165,U013917,TPE100,100.0,2025-09-04T20:27:00+08:00,2025-09-04T20:37:00+08:00
R0004668,T0051166,U004219,TPE100,100.0,2025-09-23T04:14:00+08:00,2025-09-23T04:14:00+08:00
R0004669,T0051167,U028953,TPE100,100.0,2025-09-06T03:10:00+08:00,2025-09-06T03:24:00+08:00
R0004670,T0051169,U014905,TPE150,150.0,2025-10-26T01:34:00+08:00,2025-10-26T01:45:00+08:00
R0004671,T0051170,U018838,TPE150,150.0,2025-10-09T01:33:00+08:00,2025-10-09T01:36:00+08:00
R0004672,T0051172,U007990,TPE150,150.0,2025-09-08T14:36:00+08:00,2025-09-08T14:49:00+08:00
R0004673,T0051173,U013863,TPE150,150.0,2025-10-25T14:02:00+08:00,2025-10-25T14:14:00+08:00
R0004674,T0051174,U010244,TPE150,150.0,2025-10-01T09:35:00+08:00,2025-10-01T09:39:00+08:00
R0004675,T0051175,U020374,TPE100,100.0,2025-09-05T11:53:00+08:00,2025-09-05T12:03:00+08:00
R0004676,T0051176,U002289,TPE150,150.0,2025-09-22T11:52:00+08:00,2025-09-22T12:04:00+08:00
R0004677,T0051177,U002535,TPE150,150.0,2025-09-18T00:40:00+08:00,2025-09-18T00:43:00+08:00
R0004678,T0051178,U023441,TPE150,150.0,2025-09-26T18:43:00+08:00,2025-09-26T18:54:00+08:00
R0004679,T0051179,U027426,TPE100,100.0,2025-09-24T07:57:00+08:00,2025-09-24T08:10:00+08:00
R0004680,T0051180,U027426,LOCAL100,100.0,2025-09-25T21:03:00+08:00,2025-09-25T21:04:00+08:00
R0004681,T0051181,U007623,TPE100,100.0,2025-10-07T01:15:00+08:00,2025-10-07T01:16:00+08:00
R0004682,T0051182,U007623,LOCAL100,100.0,2025-10-10T05:25:00+08:00,2025-10-10T05:34:00+08:00
R0004683,T0051183,U016375,TPE150,150.0,2025-10-06T08:05:00+08:00,2025-10-06T08:20:00+08:00
R0004684,T0051184,U005321,TPE100,100.0,2025-09-16T03:08:00+08:00,2025-09-16T03:12:00+08:00
R0004685,T0051185,U005321,LOCAL100,100.0,2025-09-17T05:07:00+08:00,2025-09-17T05:17:00+08:00
R0004686,T0051186,U026617,TPE150,150.0,2025-10-08T09:28:00+08:00,2025-10-08T09:43:00+08:00
R0004687,T0051188,U022979,TPE150,150.0,2025-09-12T10:02:00+08:00,2025-09-12T10:13:00+08:00
R0004688,T0051189,U000007,TPE150,150.0,2025-09-05T15:33:00+08:00,2025-09-05T15:47:00+08:00
R0004689,T0051190,U016832,TPE150,150.0,2025-09-04T09:04:00+08:00,2025-09-04T09:05:00+08:00
R0004690,T0051192,U028694,TPE150,150.0,2025-09-09T16:25:00+08:00,2025-09-09T16:40:00+08:00
R0004691,T0051194,U003808,TPE100,100.0,2025-09-14T00:36:00+08:00,2025-09-14T00:44:00+08:00
R0004692,T0051195,U018074,TPE150,150.0,2025-10-11T12:30:00+08:00,2025-10-11T12:38:00+08:00
R0004693,T0051196,U028667,TPE150,150.0,2025-09-07T19:53:00+08:00,2025-09-07T20:04:00+08:00
R0004694,T0051198,U001993,TPE100,100.0,2025-09-19T19:58:00+08:00,2025-09-19T20:03:00+08:00
R0004695,T0051199,U027604,TPE150,150.0,2025-09-28T01:32:00+08:00,2025-09-28T01:42:00+08:00
R0004696,T0051200,U001308,TPE100,100.0,2025-09-02T19:51:00+08:00,2025-09-02T20:01:00+08:00
R0004697,T0051201,U026996,TPE150,150.0,2025-10-05T10:50:00+08:00,2025-10-05T11:00:00+08:00
R0004698,T0051202,U013458,TPE100,100.0,2025-09-21T12:30:00+08:00,2025-09-21T12:45:00+08:00
R0004699,T0051204,U016916,TPE150,150.0,2025-09-07T06:10:00+08:00,2025-09-07T06:23:00+08:00
R0004700,T0051205,U014986,TPE150,150.0,2025-10-14T14:07:00+08:00,2025-10-14T14:13:00+08:00
R0004701,T0051206,U019093,TPE150,150.0,2025-10-03T09:05:00+08:00,2025-10-03T09:08:00+08:00
R0004702,T0051207,U014831,TPE100,100.0,2025-09-17T20:05:00+08:00,2025-09-17T20:17:00+08:00
R0004703,T0051209,U004231,TPE150,150.0,2025-10-09T02:15:00+08:00,2025-10-09T02:18:00+08:00
R0004704,T0051211,U026213,TPE100,100.0,2025-09-23T10:43:00+08:00,2025-09-23T10:49:00+08:00
R0004705,T0051212,U024800,TPE150,150.0,2025-10-18T02:02:00+08:00,2025-10-18T02:09:00+08:00
R0004706,T0051213,U000776,TPE100,100.0,2025-10-11T13:33:00+08:00,2025-10-11T13:40:00+08:00
R0004707,T0051214,U014405,TPE150,150.0,2025-09-19T10:08:00+08:00,2025-09-19T10:13:00+08:00
R0004708,T0051216,U008644,TPE150,150.0,2025-10-11T11:57:00+08:00,2025-10-11T12:11:00+08:00
R0004709,T0051217,U020528,TPE100,100.0,2025-10-18T07:32:00+08:00,2025-10-18T07:44:00+08:00
R0004710,T0051218,U020528,LOCAL100,100.0,2025-10-21T19:09:00+08:00,2025-10-21T19:23:00+08:00
R0004711,T0051219,U000193,TPE100,100.0,2025-09-09T00:03:00+08:00,2025-09-09T00:09:00+08:00
R0004712,T0051220,U022463,TPE150,150.0,2025-09-05T11:58:00+08:00,2025-09-05T11:59:00+08:00
R0004713,T0051222,U002352,TPE100,100.0,2025-10-10T11:49:00+08:00,2025-10-10T12:01:00+08:00
R0004714,T0051223,U019286,TPE150,150.0,2025-10-03T18:52:00+08:00,2025-10-03T18:53:00+08:00
R0004715,T0051224,U026482,TPE150,150.0,2025-09-19T00:24:00+08:00,2025-09-19T00:24:00+08:00
R0004716,T0051227,U029552,TPE150,150.0,2025-10-02T08:28:00+08:00,2025-10-02T08:31:00+08:00
R0004717,T0051228,U018362,TPE100,100.0,2025-09-05T05:55:00+08:00,2025-09-05T06:05:00+08:00
R0004718,T0051229,U018362,LOCAL100,100.0,2025-09-10T11:48:00+08:00,2025-09-10T11:54:00+08:00
R0004719,T0051230,U002929,TPE150,150.0,2025-09-18T13:49:00+08:00,2025-09-18T13:53:00+08:00
R0004720,T0051232,U026581,TPE150,150.0,2025-09-22T19:03:00+08:00,2025-09-22T19:04:00+08:00
R0004721,T0051234,U013084,TPE150,150.0,2025-09-02T10:45:00+08:00,2025-09-02T10:52:00+08:00
R0004722,T0051236,U026957,TPE100,100.0,2025-10-10T18:38:00+08:00,2025-10-10T18:38:00+08:00
R0004723,T0051237,U026957,LOCAL100,100.0,2025-10-14T22:52:00+08:00,2025-10-14T23:01:00+08:00
R0004724,T0051239,U020376,TPE150,150.0,2025-09-13T09:19:00+08:00,2025-09-13T09:19:00+08:00
R0004725,T0051240,U010237,TPE150,150.0,2025-10-26T11:47:00+08:00,2025-10-26T12:02:00+08:00
R0004726,T0051245,U001949,TPE150,150.0,2025-09-09T12:06:00+08:00,2025-09-09T12:07:00+08:00
R0004727,T0051247,U017092,TPE150,150.0,2025-10-21T22:11:00+08:00,2025-10-21T22:18:00+08:00
R0004728,T0051249,U004783,TPE100,100.0,2025-09-11T11:58:00+08:00,2025-09-11T11:59:00+08:00
R0004729,T0051250,U007562,TPE150,150.0,2025-10-21T15:47:00+08:00,2025-10-21T15:58:00+08:00
R0004730,T0051251,U012488,TPE100,100.0,2025-09-27T10:47:00+08:00,2025-09-27T11:00:00+08:00
R0004731,T0051252,U012488,LOCAL100,100.0,2025-09-28T23:22:00+08:00,2025-09-28T23:25:00+08:00
R0004732,T0051254,U008348,TPE150,150.0,2025-10-07T20:19:00+08:00,2025-10-07T20:19:00+08:00
R0004733,T0051255,U018626,TPE150,150.0,2025-09-02T12:09:00+08:00,2025-09-02T12:10:00+08:00
R0004734,T0051256,U016821,TPE100,100.0,2025-09-22T23:57:00+08:00,2025-09-23T00:07:00+08:00
R0004735,T0051258,U027792,TPE100,100.0,2025-09-11T09:37:00+08:00,2025-09-11T09:52:00+08:00
R0004736,T0051259,U012079,TPE150,150.0,2025-09-04T10:35:00+08:00,2025-09-04T10:40:00+08:00
R0004737,T0051261,U013150,TPE150,150.0,2025-09-15T10:18:00+08:00,2025-09-15T10:27:00+08:00
R0004738,T0051262,U013387,TPE150,150.0,2025-09-23T10:49:00+08:00,2025-09-23T10:56:00+08:00
R0004739,T0051263,U006180,TPE100,100.0,2025-10-25T21:02:00+08:00,2025-10-25T21:09:00+08:00
R0004740,T0051264,U006180,LOCAL100,100.0,2025-10-28T06:28:00+08:00,2025-10-28T06:40:00+08:00
R0004741,T0051265,U026795,TPE150,150.0,2025-09-20T11:57:00+08:00,2025-09-20T12:04:00+08:00
R0004742,T0051266,U005264,TPE150,150.0,2025-09-05T23:22:00+08:00,2025-09-05T23:27:00+08:00
R0004743,T0051267,U012497,TPE150,150.0,2025-10-09T11:41:00+08:00,2025-10-09T11:41:00+08:00
R0004744,T0051268,U005878,TPE150,150.0,2025-10-25T01:12:00+08:00,2025-10-25T01:17:00+08:00
R0004745,T0051269,U016008,TPE100,100.0,2025-09-15T03:17:00+08:00,2025-09-15T03:25:00+08:00
R0004746,T0051270,U016008,LOCAL100,100.0,2025-09-16T08:24:00+08:00,2025-09-16T08:30:00+08:00
R0004747,T0051271,U023949,TPE150,150.0,2025-09-10T14:42:00+08:00,2025-09-10T14:57:00+08:00
R0004748,T0051272,U002672,TPE150,150.0,2025-09-18T23:41:00+08:00,2025-09-18T23:41:00+08:00
R0004749,T0051273,U004950,TPE150,150.0,2025-09-21T12:41:00+08:00,2025-09-21T12:56:00+08:00
R0004750,T0051275,U029316,TPE100,100.0,2025-09-18T11:50:00+08:00,2025-09-18T12:03:00+08:00
R0004751,T0051279,U022170,TPE100,100.0,2025-09-25T05:55:00+08:00,2025-09-25T06:08:00+08:00
R0004752,T0051283,U005556,TPE100,100.0,2025-09-19T21:24:00+08:00,2025-09-19T21:32:00+08:00
R0004753,T0051284,U005556,LOCAL100,100.0,2025-09-23T04:31:00+08:00,2025-09-23T04:42:00+08:00
R0004754,T0051285,U023188,TPE100,100.0,2025-09-13T12:03:00+08:00,2025-09-13T12:11:00+08:00
R0004755,T0051286,U024286,TPE100,100.0,2025-09-28T12:57:00+08:00,2025-09-28T13:02:00+08:00
R0004756,T0051287,U024286,LOCAL100,100.0,2025-10-03T03:33:00+08:00,2025-10-03T03:35:00+08:00
R0004757,T0051288,U006460,TPE150,150.0,2025-09-23T05:26:00+08:00,2025-09-23T05:26:00+08:00
R0004758,T0051289,U014364,TPE100,100.0,2025-10-12T07:47:00+08:00,2025-10-12T07:56:00+08:00
R0004759,T0051291,U013796,TPE150,150.0,2025-10-17T01:58:00+08:00,2025-10-17T02:13:00+08:00
R0004760,T0051292,U028746,TPE100,100.0,2025-09-11T09:50:00+08:00,2025-09-11T10:00:00+08:00
R0004761,T0051293,U029360,TPE150,150.0,2025-10-22T10:01:00+08:00,2025-10-22T10:15:00+08:00
R0004762,T0051294,U021428,TPE150,150.0,2025-10-03T09:05:00+08:00,2025-10-03T09:09:00+08:00
R0004763,T0051295,U013822,TPE100,100.0,2025-10-16T16:00:00+08:00,2025-10-16T16:05:00+08:00
R0004764,T0051296,U013822,LOCAL100,100.0,2025-10-22T16:47:00+08:00,2025-10-22T16:55:00+08:00
R0004765,T0051298,U005417,TPE100,100.0,2025-09-23T13:35:00+08:00,2025-09-23T13:37:00+08:00
R0004766,T0051299,U006077,TPE150,150.0,2025-09-20T16:37:00+08:00,2025-09-20T16:45:00+08:00
R0004767,T0051300,U024620,TPE100,9999,2025-10-20T17:26:00+08:00,2025-10-20T17:26:00+08:00
R0004768,T0051301,U024620,LOCAL100,100.0,2025-10-24T01:40:00+08:00,2025-10-24T01:53:00+08:00
R0004769,T0051303,U019493,TPE100,100.0,2025-09-25T11:05:00+08:00,2025-09-25T11:17:00+08:00
R0004770,T0051304,U026310,TPE150,150.0,2025-10-19T10:09:00+08:00,2025-10-19T10:18:00+08:00
R0004771,T0051305,U019976,TPE100,100.0,2025-09-06T01:36:00+08:00,2025-09-06T01:48:00+08:00
R0004772,T0051306,U019976,LOCAL100,100.0,2025-09-12T06:24:00+08:00,2025-09-12T06:33:00+08:00
R0004773,T0051307,U018008,TPE100,100.0,2025-09-29T01:24:00+08:00,2025-09-29T01:33:00+08:00
R0004774,T0051308,U018008,LOCAL100,100.0,2025-10-04T18:16:00+08:00,2025-10-04T18:31:00+08:00
R0004775,T0051309,U028385,TPE150,150.0,2025-10-20T06:28:00+08:00,2025-10-20T06:41:00+08:00
R0004776,T0051311,U006762,TPE150,150.0,2025-10-18T12:22:00+08:00,2025-10-18T12:23:00+08:00
R0004777,T0051312,U016423,TPE150,150.0,2025-09-05T16:12:00+08:00,2025-09-05T16:12:00+08:00
R0004778,T0051313,U028122,TPE150,150.0,2025-10-22T16:02:00+08:00,2025-10-22T16:04:00+08:00
R0004779,T0051314,U025353,TPE100,100.0,2025-10-06T08:56:00+08:00,2025-10-06T08:57:00+08:00
R0004780,T0051315,U025353,LOCAL100,100.0,2025-10-07T14:10:00+08:00,2025-10-07T14:13:00+08:00
R0004781,T0051316,U015586,TPE100,100.0,2025-10-17T08:55:00+08:00,2025-10-17T08:58:00+08:00
R0004782,T0051317,U015586,LOCAL100,100.0,2025-10-19T20:30:00+08:00,2025-10-19T20:38:00+08:00
R0004783,T0051319,U006624,TPE100,100.0,2025-09-07T22:37:00+08:00,2025-09-07T22:50:00+08:00
R0004784,T0051321,U024383,TPE100,100.0,2025-10-01T01:15:00+08:00,2025-10-01T01:19:00+08:00
R0004785,T0051322,U025329,TPE150,150.0,2025-10-13T01:28:00+08:00,2025-10-13T01:35:00+08:00
R0004786,T0051323,U023454,TPE100,100.0,2025-10-11T09:06:00+08:00,2025-10-11T09:12:00+08:00
R0004787,T0051324,U023454,LOCAL100,100.0,2025-10-17T03:25:00+08:00,2025-10-17T03:39:00+08:00
R0004788,T0051325,U009068,TPE150,150.0,2025-10-09T07:03:00+08:00,2025-10-09T07:04:00+08:00
R0004789,T0051327,U022831,TPE100,100.0,2025-09-08T22:01:00+08:00,2025-09-08T22:12:00+08:00
R0004790,T0051328,U014011,TPE150,150.0,2025-09-08T18:52:00+08:00,2025-09-08T18:52:00+08:00
R0004791,T0051329,U020596,TPE150,150.0,2025-10-21T14:10:00+08:00,2025-10-21T14:24:00+08:00
R0004792,T0051330,U020172,TPE150,150.0,2025-10-23T12:03:00+08:00,2025-10-23T12:03:00+08:00
R0004793,T0051334,U000420,TPE150,150.0,2025-10-25T03:28:00+08:00,2025-10-25T03:43:00+08:00
R0004794,T0051335,U023642,TPE150,150.0,2025-10-15T17:31:00+08:00,2025-10-15T17:40:00+08:00
R0004795,T0051336,U000739,TPE150,150.0,2025-10-26T23:12:00+08:00,2025-10-26T23:16:00+08:00
R0004796,T0051337,U027986,TPE100,100.0,2025-10-13T22:59:00+08:00,2025-10-13T23:04:00+08:00
R0004797,T0051339,U025453,TPE100,100.0,2025-10-23T14:46:00+08:00,2025-10-23T14:58:00+08:00
R0004798,T0051341,U015410,TPE150,150.0,2025-09-24T07:38:00+08:00,2025-09-24T07:40:00+08:00
R0004799,T0051343,U025649,TPE100,100.0,2025-10-21T10:30:00+08:00,2025-10-21T10:41:00+08:00
R0004800,T0051344,U012806,TPE100,100.0,2025-10-11T23:42:00+08:00,2025-10-11T23:42:00+08:00
R0004801,T0051345,U012577,TPE100,100.0,2025-09-14T00:43:00+08:00,2025-09-14T00:57:00+08:00
R0004802,T0051346,U003395,TPE150,150.0,2025-10-15T01:32:00+08:00,2025-10-15T01:47:00+08:00
R0004803,T0051347,U009550,TPE100,100.0,2025-09-01T02:40:00+08:00,2025-09-01T02:54:00+08:00
R0004804,T0051348,U027131,TPE100,100.0,2025-10-26T01:21:00+08:00,2025-10-26T01:21:00+08:00
R0004805,T0051349,U027131,LOCAL100,100.0,2025-10-27T02:32:00+08:00,2025-10-27T02:36:00+08:00
R0004806,T0051350,U007000,TPE150,150.0,2025-10-06T19:41:00+08:00,2025-10-06T19:54:00+08:00
R0004807,T0051352,U009720,TPE100,100.0,2025-10-18T10:59:00+08:00,2025-10-18T10:59:00+08:00
R0004808,T0051353,U009720,LOCAL100,100.0,2025-10-24T05:08:00+08:00,2025-10-24T05:12:00+08:00
R0004809,T0051354,U004654,TPE150,150.0,2025-10-12T18:23:00+08:00,2025-10-12T18:37:00+08:00
R0004810,T0051355,U005122,TPE100,100.0,2025-10-25T23:07:00+08:00,2025-10-25T23:18:00+08:00
R0004811,T0051356,U015534,TPE150,150.0,2025-09-24T00:43:00+08:00,2025-09-24T00:44:00+08:00
R0004812,T0051357,U006960,TPE100,100.0,2025-10-12T08:14:00+08:00,2025-10-12T08:26:00+08:00
R0004813,T0051359,U022811,TPE100,100.0,2025-10-17T23:07:00+08:00,2025-10-17T23:17:00+08:00
R0004814,T0051360,U027364,TPE100,100.0,2025-09-13T23:13:00+08:00,2025-09-13T23:26:00+08:00
R0004815,T0051361,U027364,LOCAL100,100.0,2025-09-17T16:03:00+08:00,2025-09-17T16:12:00+08:00
R0004816,T0051362,U015809,TPE100,100.0,2025-09-04T23:11:00+08:00,2025-09-04T23:26:00+08:00
R0004817,T0051363,U013963,TPE100,100.0,2025-09-14T08:05:00+08:00,2025-09-14T08:13:00+08:00
R0004818,T0051364,U001749,TPE150,150.0,2025-09-15T03:00:00+08:00,2025-09-15T03:03:00+08:00
R0004819,T0051365,U001089,TPE150,150.0,2025-10-25T11:25:00+08:00,2025-10-25T11:29:00+08:00
R0004820,T0051367,U017891,TPE100,100.0,2025-09-11T08:23:00+08:00,2025-09-11T08:28:00+08:00
R0004821,T0051368,U017891,LOCAL100,100.0,2025-09-17T09:18:00+08:00,2025-09-17T09:20:00+08:00
R0004822,T0051369,U022959,TPE150,150.0,2025-09-24T11:23:00+08:00,2025-09-24T11:29:00+08:00
R0004823,T0051370,U008873,TPE150,150.0,2025-09-25T01:17:00+08:00,2025-09-25T01:27:00+08:00
R0004824,T0051371,U013179,TPE100,100.0,2025-09-27T02:24:00+08:00,2025-09-27T02:24:00+08:00
R0004825,T0051372,U019357,TPE150,150.0,2025-10-03T09:00:00+08:00,2025-10-03T09:09:00+08:00
R0004826,T0051374,U025506,TPE150,150.0,2025-09-28T03:00:00+08:00,2025-09-28T03:00:00+08:00
R0004827,T0051375,U003884,TPE100,100.0,2025-09-09T10:46:00+08:00,2025-09-09T10:55:00+08:00
R0004828,T0051376,U003884,LOCAL100,100.0,2025-09-15T20:47:00+08:00,2025-09-15T20:58:00+08:00
R0004829,T0051377,U001638,TPE150,150.0,2025-09-01T12:02:00+08:00,2025-09-01T12:15:00+08:00
R0004830,T0051378,U006760,TPE150,150.0,2025-09-02T22:19:00+08:00,2025-09-02T22:33:00+08:00
R0004831,T0051379,U022827,TPE150,150.0,2025-10-22T23:03:00+08:00,2025-10-22T23:14:00+08:00
R0004832,T0051382,U028994,TPE100,100.0,2025-10-08T11:35:00+08:00,2025-10-08T11:39:00+08:00
R0004833,T0051384,U000898,TPE150,150.0,2025-10-15T07:30:00+08:00,2025-10-15T07:37:00+08:00
R0004834,T0051385,U001304,TPE150,150.0,2025-09-30T02:09:00+08:00,2025-09-30T02:16:00+08:00
R0004835,T0051386,U000632,TPE150,150.0,2025-10-04T09:49:00+08:00,2025-10-04T10:03:00+08:00
R0004836,T0051387,U008998,TPE100,100.0,2025-09-11T18:30:00+08:00,2025-09-11T18:37:00+08:00
R0004837,T0051388,U017598,TPE150,150.0,2025-09-28T15:47:00+08:00,2025-09-28T16:00:00+08:00
R0004838,T0051391,U017033,TPE150,150.0,2025-10-10T13:52:00+08:00,2025-10-10T13:56:00+08:00
R0004839,T0051392,U017101,TPE150,150.0,2025-10-13T00:38:00+08:00,2025-10-13T00:40:00+08:00
R0004840,T0051394,U029481,TPE150,150.0,2025-10-07T00:16:00+08:00,2025-10-07T00:21:00+08:00
R0004841,T0051395,U013566,TPE150,150.0,2025-10-11T11:46:00+08:00,2025-10-11T12:01:00+08:00
R0004842,T0051397,U001741,TPE150,150.0,2025-09-16T11:28:00+08:00,2025-09-16T11:30:00+08:00
R0004843,T0051398,U004586,TPE150,150.0,2025-10-04T11:01:00+08:00,2025-10-04T11:11:00+08:00
R0004844,T0051399,U005779,TPE150,150.0,2025-09-26T11:07:00+08:00,2025-09-26T11:18:00+08:00
R0004845,T0051401,U016927,TPE100,100.0,2025-10-23T18:22:00+08:00,2025-10-23T18:32:00+08:00
R0004846,T0051402,U016927,LOCAL100,100.0,2025-10-27T01:06:00+08:00,2025-10-27T01:12:00+08:00
R0004847,T0051403,U011810,TPE150,150.0,2025-10-24T01:45:00+08:00,2025-10-24T01:46:00+08:00
R0004848,T0051404,U018695,TPE150,150.0,2025-10-12T00:30:00+08:00,2025-10-12T00:43:00+08:00
R0004849,T0051405,U020833,TPE150,150.0,2025-09-22T10:06:00+08:00,2025-09-22T10:11:00+08:00
R0004850,T0051406,U005975,TPE100,100.0,2025-10-01T16:44:00+08:00,2025-10-01T16:45:00+08:00
R0004851,T0051407,U005975,LOCAL100,100.0,2025-10-03T06:36:00+08:00,2025-10-03T06:49:00+08:00
R0004852,T0051408,U004944,TPE100,100.0,2025-10-11T05:01:00+08:00,2025-10-11T05:02:00+08:00
R0004853,T0051409,U016703,TPE150,150.0,2025-10-06T14:08:00+08:00,2025-10-06T14:21:00+08:00
R0004854,T0051410,U013700,TPE150,150.0,2025-09-22T07:54:00+08:00,2025-09-22T07:59:00+08:00
R0004855,T0051411,U021214,TPE150,150.0,2025-09-18T15:47:00+08:00,2025-09-18T16:01:00+08:00
R0004856,T0051413,U025944,TPE150,150.0,2025-10-07T10:34:00+08:00,2025-10-07T10:35:00+08:00
R0004857,T0051416,U020176,TPE100,100.0,2025-09-01T03:03:00+08:00,2025-09-01T03:15:00+08:00
R0004858,T0051417,U013281,TPE150,150.0,2025-09-23T12:55:00+08:00,2025-09-23T12:56:00+08:00
R0004859,T0051419,U004732,TPE150,150.0,2025-10-15T11:34:00+08:00,2025-10-15T11:45:00+08:00
R0004860,T0051420,U014032,TPE100,100.0,2025-10-26T03:36:00+08:00,2025-10-26T03:43:00+08:00
R0004861,T0051421,U014032,LOCAL100,100.0,2025-10-29T09:17:00+08:00,2025-10-29T09:17:00+08:00
R0004862,T0051422,U011407,TPE150,150.0,2025-10-14T11:57:00+08:00,2025-10-14T12:02:00+08:00
R0004863,T0051423,U026532,TPE100,100.0,2025-09-13T21:39:00+08:00,2025-09-13T21:53:00+08:00
R0004864,T0051424,U027032,TPE150,150.0,2025-09-12T00:26:00+08:00,2025-09-12T00:33:00+08:00
R0004865,T0051425,U011808,TPE150,150.0,2025-10-05T17:06:00+08:00,2025-10-05T17:14:00+08:00
R0004866,T0051426,U019576,TPE100,100.0,2025-10-16T00:36:00+08:00,2025-10-16T00:36:00+08:00
R0004867,T0051429,U023424,TPE150,150.0,2025-10-26T13:05:00+08:00,2025-10-26T13:10:00+08:00
R0004868,T0051431,U028916,TPE150,150.0,2025-10-11T04:59:00+08:00,2025-10-11T05:01:00+08:00
R0004869,T0051432,U012856,TPE150,150.0,2025-09-16T08:38:00+08:00,2025-09-16T08:40:00+08:00
R0004870,T0051433,U024483,TPE100,100.0,2025-09-29T08:12:00+08:00,2025-09-29T08:22:00+08:00
R0004871,T0051434,U017647,TPE100,100.0,2025-09-30T10:31:00+08:00,2025-09-30T10:35:00+08:00
R0004872,T0051435,U017647,LOCAL100,100.0,2025-10-06T15:18:00+08:00,2025-10-06T15:19:00+08:00
R0004873,T0051436,U002036,TPE150,150.0,2025-10-06T13:56:00+08:00,2025-10-06T13:58:00+08:00
R0004874,T0051438,U004424,TPE150,150.0,2025-09-21T02:58:00+08:00,2025-09-21T03:13:00+08:00
R0004875,T0051439,U019440,TPE100,100.0,2025-10-18T10:10:00+08:00,2025-10-18T10:11:00+08:00
R0004876,T0051440,U012314,TPE150,150.0,2025-09-24T02:12:00+08:00,2025-09-24T02:18:00+08:00
R0004877,T0051441,U017615,TPE150,150.0,2025-10-19T23:47:00+08:00,2025-10-19T23:56:00+08:00
R0004878,T0051442,U008324,TPE100,100.0,2025-09-28T02:16:00+08:00,2025-09-28T02:26:00+08:00
R0004879,T0051443,U028137,TPE150,150.0,2025-09-15T16:46:00+08:00,2025-09-15T16:50:00+08:00
R0004880,T0051444,U004810,TPE150,150.0,2025-10-06T17:49:00+08:00,2025-10-06T17:56:00+08:00
R0004881,T0051448,U019152,TPE150,150.0,2025-10-18T00:18:00+08:00,2025-10-18T00:32:00+08:00
R0004882,T0051450,U023705,TPE100,100.0,2025-09-12T12:34:00+08:00,2025-09-12T12:42:00+08:00
R0004883,T0051451,U024457,TPE100,100.0,2025-10-21T22:49:00+08:00,2025-10-21T22:55:00+08:00
R0004884,T0051452,U007120,TPE150,150.0,2025-10-02T12:04:00+08:00,2025-10-02T12:04:00+08:00
R0004885,T0051453,U028962,TPE150,150.0,2025-09-05T15:59:00+08:00,2025-09-05T16:13:00+08:00
R0004886,T0051454,U027348,TPE100,100.0,2025-10-26T17:58:00+08:00,2025-10-26T18:00:00+08:00
R0004887,T0051455,U008961,TPE100,100.0,2025-10-18T14:04:00+08:00,2025-10-18T14:08:00+08:00
R0004888,T0051456,U008961,LOCAL100,100.0,2025-10-22T02:55:00+08:00,2025-10-22T03:04:00+08:00
R0004889,T0051460,U017106,TPE150,150.0,2025-09-09T00:42:00+08:00,2025-09-09T00:48:00+08:00
R0004890,T0051461,U026714,TPE100,100.0,2025-09-17T05:04:00+08:00,2025-09-17T05:13:00+08:00
R0004891,T0051462,U021601,TPE100,100.0,2025-10-18T06:02:00+08:00,2025-10-18T06:09:00+08:00
R0004892,T0051463,U021601,LOCAL100,100.0,2025-10-19T18:33:00+08:00,2025-10-19T18:48:00+08:00
R0004893,T0051464,U004055,TPE100,100.0,2025-09-28T12:59:00+08:00,2025-09-28T12:59:00+08:00
R0004894,T0051465,U018188,TPE100,100.0,2025-10-19T23:49:00+08:00,2025-10-19T23:52:00+08:00
R0004895,T0051466,U018188,LOCAL100,100.0,2025-10-21T06:18:00+08:00,2025-10-21T06:29:00+08:00
R0004896,T0051467,U020300,TPE100,100.0,2025-10-04T17:23:00+08:00,2025-10-04T17:25:00+08:00
R0004897,T0051468,U024546,TPE150,150.0,2025-10-10T18:11:00+08:00,2025-10-10T18:25:00+08:00
R0004898,T0051469,U003182,TPE150,150.0,2025-09-20T04:52:00+08:00,2025-09-20T05:00:00+08:00
R0004899,T0051470,U006696,TPE150,150.0,2025-09-06T00:04:00+08:00,2025-09-06T00:18:00+08:00
R0004900,T0051471,U007358,TPE150,150.0,2025-10-08T02:28:00+08:00,2025-10-08T02:35:00+08:00
R0004901,T0051472,U000437,TPE150,150.0,2025-10-23T01:28:00+08:00,2025-10-23T01:43:00+08:00
R0004902,T0051473,U005121,TPE150,150.0,2025-10-15T01:30:00+08:00,2025-10-15T01:34:00+08:00
R0004903,T0051474,U013414,TPE150,150.0,2025-10-13T06:47:00+08:00,2025-10-13T06:51:00+08:00
R0004904,T0051475,U004851,TPE150,150.0,2025-09-26T07:01:00+08:00,2025-09-26T07:06:00+08:00
R0004905,T0051476,U011281,TPE100,100.0,2025-10-05T02:30:00+08:00,2025-10-05T02:35:00+08:00
R0004906,T0051477,U011281,LOCAL100,100.0,2025-10-09T13:04:00+08:00,2025-10-09T13:12:00+08:00
R0004907,T0051478,U000959,TPE150,150.0,2025-10-24T08:23:00+08:00,2025-10-24T08:34:00+08:00
R0004908,T0051480,U025639,TPE100,100.0,2025-09-06T08:35:00+08:00,2025-09-06T08:40:00+08:00
R0004909,T0051481,U013376,TPE100,100.0,2025-09-20T11:03:00+08:00,2025-09-20T11:07:00+08:00
R0004910,T0051482,U013376,LOCAL100,100.0,2025-09-27T02:28:00+08:00,2025-09-27T02:39:00+08:00
R0004911,T0051483,U011209,TPE100,100.0,2025-10-23T04:06:00+08:00,2025-10-23T04:21:00+08:00
R0004912,T0051484,U025869,TPE150,150.0,2025-10-08T09:47:00+08:00,2025-10-08T10:02:00+08:00
R0004913,T0051486,U017113,TPE150,150.0,2025-09-26T08:37:00+08:00,2025-09-26T08:47:00+08:00
R0004914,T0051487,U006265,TPE150,150.0,2025-09-01T12:36:00+08:00,2025-09-01T12:45:00+08:00
R0004915,T0051488,U015643,TPE100,100.0,2025-09-26T23:57:00+08:00,2025-09-27T00:01:00+08:00
R0004916,T0051489,U023526,TPE150,150.0,2025-10-17T11:25:00+08:00,2025-10-17T11:38:00+08:00
R0004917,T0051490,U013408,TPE100,100.0,2025-10-15T12:27:00+08:00,2025-10-15T12:40:00+08:00
R0004918,T0051492,U026865,TPE150,150.0,2025-10-12T01:51:00+08:00,2025-10-12T01:51:00+08:00
R0004919,T0051493,U000239,TPE100,100.0,2025-09-11T00:32:00+08:00,2025-09-11T00:42:00+08:00
R0004920,T0051494,U022382,TPE150,150.0,2025-09-03T10:02:00+08:00,2025-09-03T10:16:00+08:00
R0004921,T0051495,U029768,TPE150,150.0,2025-09-18T02:02:00+08:00,2025-09-18T02:10:00+08:00
R0004922,T0051496,U000228,TPE100,100.0,2025-09-13T21:54:00+08:00,2025-09-13T22:04:00+08:00
R0004923,T0051497,U000228,LOCAL100,100.0,2025-09-18T16:58:00+08:00,2025-09-18T17:07:00+08:00
R0004924,T0051498,U018525,TPE150,150.0,2025-09-14T05:18:00+08:00,2025-09-14T05:21:00+08:00
R0004925,T0051500,U001104,TPE100,100.0,2025-09-16T02:57:00+08:00,2025-09-16T03:08:00+08:00
R0004926,T0051501,U002665,TPE150,150.0,2025-10-02T17:30:00+08:00,2025-10-02T17:35:00+08:00
R0004927,T0051502,U029763,TPE100,100.0,2025-09-10T08:31:00+08:00,2025-09-10T08:39:00+08:00
R0004928,T0051503,U021911,TPE100,100.0,2025-09-20T01:50:00+08:00,2025-09-20T01:57:00+08:00
R0004929,T0051504,U021911,LOCAL100,100.0,2025-09-22T15:25:00+08:00,2025-09-22T15:27:00+08:00
R0004930,T0051505,U008023,TPE100,100.0,2025-09-08T13:23:00+08:00,2025-09-08T13:36:00+08:00
R0004931,T0051506,U020630,TPE150,150.0,2025-10-23T05:41:00+08:00,2025-10-23T05:47:00+08:00
R0004932,T0051508,U022162,TPE150,150.0,2025-10-19T13:33:00+08:00,2025-10-19T13:42:00+08:00
R0004933,T0051510,U027235,TPE100,100.0,2025-09-29T03:10:00+08:00,2025-09-29T03:22:00+08:00
R0004934,T0051511,U028932,TPE100,100.0,2025-09-29T11:02:00+08:00,2025-09-29T11:14:00+08:00
R0004935,T0051512,U028932,LOCAL100,100.0,2025-10-04T02:56:00+08:00,2025-10-04T03:06:00+08:00
R0004936,T0051513,U000977,TPE150,150.0,2025-09-18T03:27:00+08:00,2025-09-18T03:41:00+08:00
R0004937,T0051515,U013249,TPE100,100.0,2025-09-10T04:02:00+08:00,2025-09-10T04:08:00+08:00
R0004938,T0051516,U010896,TPE150,150.0,2025-10-02T00:59:00+08:00,2025-10-02T01:14:00+08:00
R0004939,T0051519,U010881,TPE150,150.0,2025-10-23T06:55:00+08:00,2025-10-23T07:09:00+08:00
R0004940,T0051521,U011584,TPE100,100.0,2025-09-14T11:42:00+08:00,2025-09-14T11:54:00+08:00
R0004941,T0051522,U024791,TPE100,100.0,2025-09-07T23:49:00+08:00,2025-09-07T23:49:00+08:00
R0004942,T0051523,U000881,TPE150,150.0,2025-09-14T08:46:00+08:00,2025-09-14T08:59:00+08:00
R0004943,T0051524,U001252,TPE150,150.0,2025-09-19T17:29:00+08:00,2025-09-19T17:36:00+08:00
R0004944,T0051525,U008638,TPE100,100.0,2025-09-15T23:35:00+08:00,2025-09-15T23:47:00+08:00
R0004945,T0051526,U024990,TPE150,150.0,2025-10-14T10:34:00+08:00,2025-10-14T10:46:00+08:00
R0004946,T0051527,U003452,TPE150,150.0,2025-09-26T02:13:00+08:00,2025-09-26T02:19:00+08:00
R0004947,T0051528,U000939,TPE150,150.0,2025-09-15T01:27:00+08:00,2025-09-15T01:28:00+08:00
R0004948,T0051529,U026173,TPE150,150.0,2025-09-25T17:38:00+08:00,2025-09-25T17:47:00+08:00
R0004949,T0051530,U016428,TPE150,150.0,2025-10-06T01:39:00+08:00,2025-10-06T01:40:00+08:00
R0004950,T0051531,U001401,TPE150,150.0,2025-10-09T20:28:00+08:00,2025-10-09T20:43:00+08:00
R0004951,T0051532,U004905,TPE150,150.0,2025-10-22T08:26:00+08:00,2025-10-22T08:38:00+08:00
R0004952,T0051533,U015895,TPE150,150.0,2025-10-13T13:15:00+08:00,2025-10-13T13:15:00+08:00
R0004953,T0051534,U019092,TPE100,100.0,2025-09-27T20:33:00+08:00,2025-09-27T20:41:00+08:00
R0004954,T0051535,U019092,LOCAL100,100.0,2025-10-04T04:25:00+08:00,2025-10-04T04:25:00+08:00
R0004955,T0051537,U004225,TPE100,100.0,2025-10-19T23:59:00+08:00,2025-10-20T00:01:00+08:00
R0004956,T0051539,U022348,TPE150,150.0,2025-09-13T16:25:00+08:00,2025-09-13T16:40:00+08:00
R0004957,T0051540,U022011,TPE150,150.0,2025-09-05T16:22:00+08:00,2025-09-05T16:31:00+08:00
R0004958,T0051541,U020983,TPE150,150.0,2025-10-15T10:14:00+08:00,2025-10-15T10:23:00+08:00
R0004959,T0051542,U008810,TPE150,150.0,2025-10-20T07:10:00+08:00,2025-10-20T07:22:00+08:00
R0004960,T0051543,U016042,TPE150,150.0,2025-10-01T00:51:00+08:00,2025-10-01T01:03:00+08:00
R0004961,T0051544,U022413,TPE100,100.0,2025-09-12T09:51:00+08:00,2025-09-12T09:59:00+08:00
R0004962,T0051545,U022413,LOCAL100,100.0,2025-09-17T12:47:00+08:00,2025-09-17T13:02:00+08:00
R0004963,T0051546,U002551,TPE100,100.0,2025-09-30T10:25:00+08:00,2025-09-30T10:26:00+08:00
R0004964,T0051547,U018089,TPE100,100.0,2025-10-21T11:48:00+08:00,2025-10-21T11:55:00+08:00
R0004965,T0051548,U014834,TPE100,100.0,2025-09-04T16:15:00+08:00,2025-09-04T16:18:00+08:00
R0004966,T0051549,U028501,TPE100,100.0,2025-10-04T13:35:00+08:00,2025-10-04T13:44:00+08:00
R0004967,T0051550,U028501,LOCAL100,100.0,2025-10-09T20:46:00+08:00,2025-10-09T20:53:00+08:00
R0004968,T0051551,U019421,TPE100,100.0,2025-10-14T07:23:00+08:00,2025-10-14T07:23:00+08:00
R0004969,T0051552,U005935,TPE150,150.0,2025-09-25T07:49:00+08:00,2025-09-25T07:50:00+08:00
R0004970,T0051554,U005992,TPE100,100.0,2025-10-07T12:18:00+08:00,2025-10-07T12:19:00+08:00
R0004971,T0051555,U005992,LOCAL100,100.0,2025-10-11T16:28:00+08:00,2025-10-11T16:39:00+08:00
R0004972,T0051556,U023244,TPE100,100.0,2025-10-24T11:59:00+08:00,2025-10-24T12:08:00+08:00
R0004973,T0051557,U007833,TPE100,100.0,2025-09-05T21:00:00+08:00,2025-09-05T21:07:00+08:00
R0004974,T0051558,U007833,LOCAL100,100.0,2025-09-10T06:10:00+08:00,2025-09-10T06:14:00+08:00
R0004975,T0051559,U028250,TPE100,100.0,2025-10-25T23:39:00+08:00,2025-10-25T23:53:00+08:00
R0004976,T0051560,U028250,LOCAL100,100.0,2025-10-31T09:26:00+08:00,2025-10-31T09:30:00+08:00
R0004977,T0051561,U002218,TPE100,100.0,2025-10-03T02:56:00+08:00,2025-10-03T02:59:00+08:00
R0004978,T0051562,U002218,LOCAL100,100.0,2025-10-09T06:58:00+08:00,2025-10-09T07:03:00+08:00
R0004979,T0051564,U003113,TPE100,100.0,2025-09-10T01:54:00+08:00,2025-09-10T02:07:00+08:00
R0004980,T0051565,U020708,TPE100,100.0,2025-09-26T10:08:00+08:00,2025-09-26T10:19:00+08:00
R0004981,T0051566,U006356,TPE100,100.0,2025-10-13T06:51:00+08:00,2025-10-13T07:06:00+08:00
R0004982,T0051567,U006356,LOCAL100,100.0,2025-10-18T18:32:00+08:00,2025-10-18T18:36:00+08:00
R0004983,T0051568,U029032,TPE100,100.0,2025-10-26T01:20:00+08:00,2025-10-26T01:35:00+08:00
R0004984,T0051569,U029032,LOCAL100,100.0,2025-10-30T18:45:00+08:00,2025-10-30T18:47:00+08:00
R0004985,T0051570,U012219,TPE100,100.0,2025-10-11T09:10:00+08:00,2025-10-11T09:23:00+08:00
R0004986,T0051571,U012219,LOCAL100,100.0,2025-10-16T22:51:00+08:00,2025-10-16T22:57:00+08:00
R0004987,T0051572,U022094,TPE100,100.0,2025-10-04T00:39:00+08:00,2025-10-04T00:41:00+08:00
R0004988,T0051573,U020037,TPE100,100.0,2025-10-26T02:02:00+08:00,2025-10-26T02:05:00+08:00
R0004989,T0051574,U029041,TPE100,100.0,2025-09-11T02:18:00+08:00,2025-09-11T02:21:00+08:00
R0004990,T0051575,U029041,LOCAL100,100.0,2025-09-14T06:47:00+08:00,2025-09-14T06:59:00+08:00
R0004991,T0051576,U001088,TPE100,100.0,2025-09-27T05:17:00+08:00,2025-09-27T05:28:00+08:00
R0004992,T0051577,U005584,TPE150,150.0,2025-09-25T00:36:00+08:00,2025-09-25T00:40:00+08:00
R0004993,T0051578,U001466,TPE100,100.0,2025-09-21T09:23:00+08:00,2025-09-21T09:33:00+08:00
R0004994,T0051579,U001466,LOCAL100,100.0,2025-09-24T14:44:00+08:00,2025-09-24T14:55:00+08:00
R0004995,T0051580,U008046,TPE150,150.0,2025-10-10T04:58:00+08:00,2025-10-10T05:05:00+08:00
R0004996,T0051581,U002249,TPE150,150.0,2025-10-06T03:29:00+08:00,2025-10-06T03:36:00+08:00
R0004997,T0051582,U011369,TPE150,150.0,2025-10-02T01:29:00+08:00,2025-10-02T01:40:00+08:00
R0004998,T0051583,U004478,TPE150,150.0,2025-10-04T23:51:00+08:00,2025-10-04T23:55:00+08:00
R0004999,T0051589,U005303,TPE100,100.0,2025-10-24T05:40:00+08:00,2025-10-24T05:44:00+08:00
R0005000,T0051591,U004275,TPE150,150.0,2025-09-18T13:12:00+08:00,2025-09-18T13:22:00+08:00
R0005001,T0051593,U012634,TPE150,150.0,2025-09-21T00:22:00+08:00,2025-09-21T00:22:00+08:00
R0005002,T0051597,U019626,TPE150,150.0,2025-10-20T05:06:00+08:00,2025-10-20T05:14:00+08:00
R0005003,T0051599,U025854,TPE150,150.0,2025-09-21T13:22:00+08:00,2025-09-21T13:36:00+08:00
R0005004,T0051600,U019335,TPE150,150.0,2025-10-17T16:47:00+08:00,2025-10-17T16:59:00+08:00
R0005005,T0051601,U003279,TPE100,100.0,2025-09-20T10:36:00+08:00,2025-09-20T10:41:00+08:00
R0005006,T0051602,U025320,TPE150,150.0,2025-10-03T02:01:00+08:00,2025-10-03T02:05:00+08:00
