user_id,experiment_arm,assigned_at,booking_id,arrival_at,origin_market,arrival_terminal,language,crm_opt_in,first_airport_requested_at,completed_airport_trip,completed_repeat_trip,completed_7d_trips,net_contribution_twd,reward_cost_twd
U009520,bundle_100_100,2025-10-06 06:47:00+08,B006451,2025-10-12 06:47:00+08,Korea,T2,en,true,2025-10-12 08:07:00+08,true,false,1,160.09999999999997,100.0
U024330,airport_150,2025-09-20 18:34:00+08,B010204,2025-09-25 18:34:00+08,Thailand,T2,ko,true,2025-09-25 19:28:00+08,true,false,1,-84.9,150.0
U010927,bundle_100_100,2025-09-30 17:45:00+08,B008500,2025-10-03 17:45:00+08,USA,T2,ja,true,2025-10-03 18:07:00+08,true,false,1,70.69999999999999,100.0
U023047,airport_150,2025-10-18 21:38:00+08,B007515,2025-10-24 21:38:00+08,Thailand,T1,ja,true,2025-10-24 23:25:00+08,true,false,1,124.19999999999999,150.0
U011206,bundle_100_100,2025-09-05 05:22:00+08,B007213,2025-09-10 05:22:00+08,Japan,T1,ko,true,2025-09-10 06:36:00+08,true,true,2,257.79999999999995,200.0
U016859,bundle_100_100,2025-09-05 07:18:00+08,B006240,2025-09-07 07:18:00+08,Singapore,T1,ja,true,2025-09-07 07:51:00+08,true,true,2,331.0,200.0
U027483,airport_150,2025-09-27 20:13:00+08,B002317,2025-09-30 20:13:00+08,Japan,T1,en,true,2025-09-30 22:06:00+08,true,false,1,93.6,150.0
U010922,bundle_100_100,2025-10-14 04:16:00+08,B013785,2025-10-18 04:16:00+08,Korea,T2,zh-TW,true,2025-10-18 05:09:00+08,true,true,2,361.59999999999997,200.0
U019570,bundle_100_100,2025-09-25 05:18:00+08,B002818,2025-09-26 05:18:00+08,Korea,T1,ja,true,2025-09-26 07:03:00+08,true,true,2,109.89999999999998,200.0
U010376,bundle_100_100,2025-10-16 02:47:00+08,B016055,2025-10-17 02:47:00+08,Hong Kong,T2,zh-TW,true,2025-10-17 04:43:00+08,true,false,1,77.29999999999998,100.0
U024317,bundle_100_100,2025-09-22 00:33:00+08,B015503,2025-09-23 00:33:00+08,Japan,T2,ja,true,2025-09-23 01:32:00+08,true,true,2,29.799999999999997,200.0
U020402,airport_150,2025-09-21 03:30:00+08,B015780,2025-09-24 03:30:00+08,Hong Kong,T1,en,true,2025-09-24 04:36:00+08,true,true,2,144.29999999999998,150.0
U011566,bundle_100_100,2025-09-14 21:35:00+08,B002332,2025-09-17 21:35:00+08,Korea,T2,zh-TW,true,2025-09-17 22:53:00+08,true,true,2,221.8,200.0
U021069,bundle_100_100,2025-09-18 09:48:00+08,B010431,2025-09-23 09:48:00+08,USA,T2,en,true,2025-09-23 11:24:00+08,true,false,1,140.89999999999998,100.0
U013970,bundle_100_100,2025-09-26 21:21:00+08,B005962,2025-09-30 21:21:00+08,Korea,T2,ko,true,2025-09-30 22:06:00+08,true,false,1,153.79999999999998,100.0
U028220,airport_150,2025-09-20 19:51:00+08,B005566,2025-09-26 19:51:00+08,Thailand,T1,en,true,2025-09-26 21:28:00+08,true,false,1,169.5,150.0
U019855,bundle_100_100,2025-09-05 08:05:00+08,B001260,2025-09-09 08:05:00+08,Korea,T1,en,true,2025-09-09 09:18:00+08,true,true,2,78.7,200.0
U027546,airport_150,2025-10-05 21:23:00+08,B009608,2025-10-09 21:23:00+08,Korea,T2,zh-TW,true,2025-10-09 22:28:00+08,true,true,2,217.5,150.0
U006271,airport_150,2025-10-03 06:11:00+08,B007669,2025-10-04 06:11:00+08,Japan,T1,zh-TW,true,2025-10-04 07:32:00+08,true,false,1,93.6,150.0
U005812,bundle_100_100,2025-10-18 11:22:00+08,B007037,2025-10-20 11:22:00+08,Singapore,T2,ja,true,2025-10-20 11:42:00+08,true,false,1,83.29999999999998,100.0
U010321,airport_150,2025-09-22 09:10:00+08,B008497,2025-09-27 09:10:00+08,Singapore,T1,ko,true,2025-09-27 09:45:00+08,true,true,2,204.9,150.0
U024263,airport_150,2025-09-08 17:28:00+08,B009497,2025-09-09 17:28:00+08,Korea,T1,ja,true,2025-09-09 18:26:00+08,true,false,1,90.29999999999998,150.0
U020319,bundle_100_100,2025-10-19 04:25:00+08,B016867,2025-10-24 04:25:00+08,Japan,T2,ko,true,2025-10-24 06:17:00+08,true,false,1,167.0,100.0
U023507,bundle_100_100,2025-10-20 10:55:00+08,B010463,2025-10-23 10:55:00+08,Thailand,T2,zh-TW,true,2025-10-23 11:42:00+08,true,false,1,72.79999999999998,100.0
U017759,bundle_100_100,2025-09-13 01:48:00+08,B003998,2025-09-18 01:48:00+08,Korea,T1,zh-TW,true,2025-09-18 03:42:00+08,true,true,2,75.69999999999997,200.0
U001986,bundle_100_100,2025-09-03 12:20:00+08,B006025,2025-09-08 12:20:00+08,Hong Kong,T2,zh-TW,true,2025-09-08 13:59:00+08,true,false,1,68.0,100.0
U006144,bundle_100_100,2025-09-17 18:03:00+08,B007326,2025-09-20 18:03:00+08,Korea,T2,en,true,2025-09-20 19:11:00+08,true,false,1,100.4,100.0
U027551,bundle_100_100,2025-09-12 23:44:00+08,B001667,2025-09-14 23:44:00+08,Singapore,T2,ja,true,2025-09-15 01:10:00+08,true,false,1,78.19999999999999,100.0
U017593,bundle_100_100,2025-09-10 03:22:00+08,B010778,2025-09-11 03:22:00+08,Korea,T2,ja,true,2025-09-11 04:02:00+08,true,true,2,205.29999999999998,200.0
U018679,airport_150,2025-10-16 12:24:00+08,B011188,2025-10-20 12:24:00+08,Singapore,T2,ko,true,2025-10-20 14:07:00+08,true,false,1,60.599999999999994,150.0
U005303,bundle_100_100,2025-10-20 02:11:00+08,B017966,2025-10-24 02:11:00+08,USA,T2,en,true,2025-10-24 03:55:00+08,true,false,1,109.69999999999999,100.0
U029414,bundle_100_100,2025-09-06 20:45:00+08,B002591,2025-09-07 20:45:00+08,Korea,T1,ja,true,2025-09-07 22:44:00+08,true,false,1,13.399999999999991,100.0
U025722,bundle_100_100,2025-10-10 20:28:00+08,B005714,2025-10-13 20:28:00+08,USA,T1,ko,true,2025-10-13 22:22:00+08,true,false,1,211.7,100.0
U020800,bundle_100_100,2025-10-20 02:37:00+08,B012465,2025-10-23 02:37:00+08,Thailand,T1,en,true,2025-10-23 04:12:00+08,true,true,2,138.99999999999997,200.0
U012272,airport_150,2025-10-23 10:05:00+08,B002980,2025-10-25 10:05:00+08,Korea,T2,ko,true,2025-10-25 11:30:00+08,true,false,1,-83.4,150.0
U013905,bundle_100_100,2025-09-04 09:16:00+08,B001403,2025-09-10 09:16:00+08,Hong Kong,T1,ja,true,2025-09-10 10:43:00+08,true,false,1,130.39999999999998,100.0
U004938,bundle_100_100,2025-10-07 08:19:00+08,B011346,2025-10-09 08:19:00+08,Thailand,T1,zh-TW,true,2025-10-09 09:33:00+08,true,true,2,-36.5,200.0
U006582,bundle_100_100,2025-10-11 03:22:00+08,B010308,2025-10-13 03:22:00+08,USA,T1,ko,true,2025-10-13 03:43:00+08,true,false,1,-12.100000000000009,100.0
U011369,airport_150,2025-09-29 21:52:00+08,B017954,2025-10-01 21:52:00+08,Korea,T1,ja,true,2025-10-01 23:27:00+08,true,false,1,155.39999999999998,150.0
U013811,airport_150,2025-10-04 09:10:00+08,B008101,2025-10-09 09:10:00+08,Hong Kong,T1,en,true,2025-10-09 10:10:00+08,true,false,1,66.0,150.0
U019231,bundle_100_100,2025-10-05 14:02:00+08,B003586,2025-10-11 14:02:00+08,Hong Kong,T1,ja,true,2025-10-11 15:59:00+08,true,false,1,117.79999999999998,100.0
U013550,airport_150,2025-10-08 09:13:00+08,B004265,2025-10-12 09:13:00+08,USA,T2,ja,true,2025-10-12 10:22:00+08,true,true,2,274.5,150.0
U007217,airport_150,2025-09-03 12:38:00+08,B005548,2025-09-06 12:38:00+08,Korea,T1,ko,true,2025-09-06 14:01:00+08,true,false,1,105.6,150.0
U020248,airport_150,2025-09-02 22:45:00+08,B005677,2025-09-07 22:45:00+08,Hong Kong,T1,en,true,2025-09-07 23:46:00+08,true,false,1,109.80000000000001,150.0
U027258,airport_150,2025-09-02 02:26:00+08,B007485,2025-09-06 02:26:00+08,USA,T2,ja,true,2025-09-06 02:50:00+08,true,false,1,77.4,150.0
U006313,bundle_100_100,2025-09-19 23:14:00+08,B012037,2025-09-25 23:14:00+08,USA,T2,ja,true,2025-09-26 00:54:00+08,true,true,2,84.39999999999999,200.0
U022672,airport_150,2025-10-10 08:20:00+08,B015374,2025-10-13 08:20:00+08,Thailand,T2,zh-TW,true,2025-10-13 08:42:00+08,true,true,2,244.79999999999998,150.0
U008348,airport_150,2025-10-01 19:00:00+08,B017139,2025-10-07 19:00:00+08,Thailand,T2,en,true,2025-10-07 19:37:00+08,true,false,1,-72.0,150.0
U020663,bundle_100_100,2025-09-30 07:55:00+08,B008639,2025-10-02 07:55:00+08,Korea,T1,ko,true,2025-10-02 09:13:00+08,true,false,1,111.19999999999999,100.0
U010767,bundle_100_100,2025-10-10 20:21:00+08,B006537,2025-10-15 20:21:00+08,Singapore,T1,en,true,2025-10-15 21:50:00+08,true,false,1,144.79999999999998,100.0
U015408,bundle_100_100,2025-09-02 12:23:00+08,B012567,2025-09-07 12:23:00+08,Japan,T2,ko,true,2025-09-07 13:08:00+08,true,false,1,159.8,100.0
U022689,bundle_100_100,2025-10-19 09:02:00+08,B011445,2025-10-20 09:02:00+08,Thailand,T1,ko,true,2025-10-20 10:00:00+08,true,false,1,122.9,100.0
U024119,airport_150,2025-09-16 23:11:00+08,B015409,2025-09-19 23:11:00+08,Singapore,T2,ko,true,2025-09-19 23:53:00+08,true,false,1,131.7,150.0
U025944,airport_150,2025-10-01 08:05:00+08,B017521,2025-10-07 08:05:00+08,Hong Kong,T2,ko,true,2025-10-07 08:33:00+08,true,false,1,141.89999999999998,150.0
U027776,bundle_100_100,2025-10-14 10:46:00+08,B001624,2025-10-15 10:46:00+08,Singapore,T2,ko,true,2025-10-15 11:55:00+08,true,false,1,88.69999999999999,100.0
U024148,airport_150,2025-09-25 05:55:00+08,B001762,2025-09-27 05:55:00+08,Thailand,T1,ko,true,2025-09-27 06:41:00+08,true,false,1,-35.400000000000006,150.0
U003055,bundle_100_100,2025-09-20 23:46:00+08,B001993,2025-09-25 23:46:00+08,USA,T2,en,true,2025-09-26 01:23:00+08,true,false,1,127.4,100.0
U012080,bundle_100_100,2025-10-04 22:44:00+08,B002399,2025-10-08 22:44:00+08,Korea,T1,ja,true,2025-10-09 00:25:00+08,true,false,1,168.8,100.0
U004611,airport_150,2025-09-05 18:49:00+08,B005082,2025-09-11 18:49:00+08,Thailand,T2,zh-TW,true,2025-09-11 19:28:00+08,true,false,1,49.19999999999999,150.0
U027587,airport_150,2025-10-05 19:40:00+08,B001392,2025-10-08 19:40:00+08,USA,T1,zh-TW,true,2025-10-08 21:36:00+08,true,false,1,130.8,150.0
U004863,airport_150,2025-09-10 17:58:00+08,B008672,2025-09-15 17:58:00+08,Japan,T1,ja,true,2025-09-15 19:26:00+08,true,false,1,9.900000000000006,150.0
U014741,airport_150,2025-09-02 21:20:00+08,B013978,2025-09-04 21:20:00+08,Singapore,T1,en,true,2025-09-04 21:41:00+08,true,false,1,106.80000000000001,150.0
U019299,bundle_100_100,2025-09-22 05:52:00+08,B012805,2025-09-26 05:52:00+08,Korea,T1,ko,true,2025-09-26 06:23:00+08,true,true,2,222.79999999999998,100.0
U008843,airport_150,2025-10-19 23:15:00+08,B007289,2025-10-25 23:15:00+08,Korea,T2,ja,true,2025-10-26 00:28:00+08,true,false,1,78.9,150.0
U007982,bundle_100_100,2025-10-04 05:39:00+08,B003785,2025-10-10 05:39:00+08,Hong Kong,T1,en,true,2025-10-10 06:54:00+08,true,false,1,224.0,100.0
U017445,airport_150,2025-10-08 06:47:00+08,B011547,2025-10-14 06:47:00+08,Japan,T1,zh-TW,true,2025-10-14 08:08:00+08,true,false,1,-54.900000000000006,150.0
U018870,bundle_100_100,2025-09-02 09:24:00+08,B011310,2025-09-06 09:24:00+08,USA,T2,ko,true,2025-09-06 10:10:00+08,true,false,1,-19.900000000000006,100.0
U002824,airport_150,2025-09-28 01:50:00+08,B015286,2025-09-30 01:50:00+08,Japan,T1,ko,true,2025-09-30 03:23:00+08,true,false,1,-76.5,150.0
U014390,airport_150,2025-09-07 23:42:00+08,B011941,2025-09-09 23:42:00+08,Japan,T2,en,true,2025-09-10 00:30:00+08,true,false,1,77.69999999999999,150.0
U020628,airport_150,2025-09-21 17:34:00+08,B000410,2025-09-22 17:34:00+08,Thailand,T2,ja,true,2025-09-22 19:08:00+08,true,false,1,16.799999999999983,150.0
U000757,airport_150,2025-10-12 04:10:00+08,B009164,2025-10-18 04:10:00+08,Korea,T2,en,true,2025-10-18 05:04:00+08,true,false,1,71.69999999999999,150.0
U013695,bundle_100_100,2025-10-03 05:29:00+08,B004562,2025-10-08 05:29:00+08,Singapore,T1,en,true,2025-10-08 07:02:00+08,true,false,1,134.29999999999998,100.0
U011634,bundle_100_100,2025-10-10 05:01:00+08,B012802,2025-10-15 05:01:00+08,Japan,T2,zh-TW,true,2025-10-15 06:46:00+08,true,false,1,146.89999999999998,100.0
U006285,bundle_100_100,2025-09-20 13:16:00+08,B014484,2025-09-26 13:16:00+08,Japan,T1,ko,true,2025-09-26 14:26:00+08,true,false,1,114.79999999999998,100.0
U005752,bundle_100_100,2025-10-10 15:33:00+08,B007322,2025-10-16 15:33:00+08,USA,T2,ko,true,2025-10-16 16:03:00+08,true,true,2,366.79999999999995,100.0
U018654,airport_150,2025-09-22 07:13:00+08,B003657,2025-09-25 07:13:00+08,USA,T2,ko,true,2025-09-25 08:38:00+08,true,true,2,137.7,150.0
U029190,airport_150,2025-09-25 05:41:00+08,B013464,2025-10-01 05:41:00+08,Singapore,T1,zh-TW,true,2025-10-01 06:37:00+08,true,true,2,269.09999999999997,150.0
U017171,bundle_100_100,2025-09-18 09:18:00+08,B013734,2025-09-23 09:18:00+08,Korea,T1,ko,true,2025-09-23 10:51:00+08,true,true,2,119.2,200.0
U006606,bundle_100_100,2025-09-04 07:12:00+08,B007490,2025-09-08 07:12:00+08,Thailand,T2,ja,true,2025-09-08 08:37:00+08,true,true,2,319.9,200.0
U001848,airport_150,2025-09-17 11:40:00+08,B014495,2025-09-19 11:40:00+08,Korea,T2,zh-TW,true,2025-09-19 13:19:00+08,true,false,1,46.5,150.0
U009687,bundle_100_100,2025-09-20 21:01:00+08,B001886,2025-09-25 21:01:00+08,USA,T1,zh-TW,true,2025-09-25 21:21:00+08,true,true,2,131.79999999999995,200.0
U025710,airport_150,2025-10-15 09:42:00+08,B003775,2025-10-20 09:42:00+08,Thailand,T1,zh-TW,true,2025-10-20 10:47:00+08,true,false,1,45.0,150.0
U010596,airport_150,2025-09-03 22:56:00+08,B011714,2025-09-08 22:56:00+08,Japan,T2,ja,true,2025-09-08 23:25:00+08,true,true,2,224.69999999999996,150.0
U027460,bundle_100_100,2025-10-02 12:22:00+08,B015082,2025-10-05 12:22:00+08,Hong Kong,T1,en,true,2025-10-05 12:45:00+08,true,false,1,-28.299999999999997,100.0
U010515,airport_150,2025-09-15 22:46:00+08,B012397,2025-09-16 22:46:00+08,Korea,T1,ko,true,2025-09-16 23:50:00+08,true,false,1,87.89999999999998,150.0
U019673,airport_150,2025-10-05 18:15:00+08,B002101,2025-10-11 18:15:00+08,Thailand,T2,ja,true,2025-10-11 19:49:00+08,true,false,1,40.5,150.0
U026743,bundle_100_100,2025-09-08 09:15:00+08,B002045,2025-09-10 09:15:00+08,USA,T1,ja,true,2025-09-10 10:18:00+08,true,false,1,119.29999999999998,100.0
U027125,airport_150,2025-10-06 22:46:00+08,B002357,2025-10-11 22:46:00+08,Korea,T1,en,true,2025-10-11 23:56:00+08,true,false,1,162.3,150.0
U017245,bundle_100_100,2025-10-11 07:25:00+08,B016246,2025-10-13 07:25:00+08,Hong Kong,T1,zh-TW,true,2025-10-13 09:03:00+08,true,false,1,81.19999999999999,100.0
U000142,bundle_100_100,2025-09-06 10:37:00+08,B016399,2025-09-10 10:37:00+08,Thailand,T2,zh-TW,true,2025-09-10 11:03:00+08,true,false,1,121.1,100.0
U012767,bundle_100_100,2025-10-07 21:10:00+08,B008661,2025-10-08 21:10:00+08,Korea,T2,ja,true,2025-10-08 21:50:00+08,true,false,1,-7.299999999999997,100.0
U020138,airport_150,2025-10-12 21:20:00+08,B009840,2025-10-14 21:20:00+08,USA,T1,en,true,2025-10-14 22:16:00+08,true,false,1,163.5,150.0
U023785,airport_150,2025-10-07 04:11:00+08,B011089,2025-10-13 04:11:00+08,Singapore,T1,ja,true,2025-10-13 05:56:00+08,true,false,1,212.39999999999998,150.0
U001792,bundle_100_100,2025-09-05 23:36:00+08,B001409,2025-09-10 23:36:00+08,USA,T1,en,true,2025-09-11 01:14:00+08,true,false,1,-28.0,100.0
U022840,bundle_100_100,2025-10-16 20:19:00+08,B002937,2025-10-17 20:19:00+08,Japan,T2,ko,true,2025-10-17 21:38:00+08,true,true,2,167.8,200.0
U027067,bundle_100_100,2025-09-26 22:24:00+08,B010343,2025-09-28 22:24:00+08,USA,T2,en,true,2025-09-29 00:23:00+08,true,true,2,219.1,200.0
U013408,bundle_100_100,2025-10-10 09:26:00+08,B017748,2025-10-15 09:26:00+08,Japan,T1,en,true,2025-10-15 10:12:00+08,true,false,1,100.1,100.0
U028713,bundle_100_100,2025-10-14 08:33:00+08,B006827,2025-10-15 08:33:00+08,Singapore,T2,en,true,2025-10-15 09:50:00+08,true,false,1,-17.5,100.0
U003503,bundle_100_100,2025-09-30 09:51:00+08,B010091,2025-10-04 09:51:00+08,Hong Kong,T2,ja,true,2025-10-04 11:39:00+08,true,false,1,81.79999999999998,100.0
U000269,bundle_100_100,2025-10-20 20:38:00+08,B013519,2025-10-26 20:38:00+08,Korea,T1,ko,true,2025-10-26 21:12:00+08,true,false,1,241.09999999999997,100.0
U008649,bundle_100_100,2025-09-08 04:17:00+08,B010244,2025-09-11 04:17:00+08,Thailand,T1,ko,true,2025-09-11 05:22:00+08,true,false,1,130.1,100.0
U003588,bundle_100_100,2025-10-01 05:35:00+08,B010802,2025-10-05 05:35:00+08,Japan,T1,ko,true,2025-10-05 07:18:00+08,true,false,1,183.8,100.0
U005584,airport_150,2025-09-20 20:59:00+08,B017950,2025-09-24 20:59:00+08,Japan,T2,ko,true,2025-09-24 22:50:00+08,true,false,1,136.8,150.0
U027371,bundle_100_100,2025-09-12 06:49:00+08,B006562,2025-09-16 06:49:00+08,Japan,T2,ko,true,2025-09-16 07:55:00+08,true,true,2,105.39999999999998,200.0
U001834,bundle_100_100,2025-09-23 20:41:00+08,B010329,2025-09-28 20:41:00+08,USA,T1,ko,true,2025-09-28 21:11:00+08,true,false,1,205.09999999999997,100.0
U007907,airport_150,2025-09-12 05:41:00+08,B007250,2025-09-16 05:41:00+08,Hong Kong,T2,ja,true,2025-09-16 06:49:00+08,true,true,2,216.9,150.0
U011808,airport_150,2025-10-04 13:43:00+08,B017564,2025-10-05 13:43:00+08,Korea,T2,zh-TW,true,2025-10-05 15:21:00+08,true,false,1,31.19999999999999,150.0
U001334,bundle_100_100,2025-10-23 20:29:00+08,B008854,2025-10-25 20:29:00+08,Hong Kong,T2,zh-TW,true,2025-10-25 22:06:00+08,true,true,2,149.5,200.0
U013240,airport_150,2025-10-03 09:44:00+08,B015859,2025-10-09 09:44:00+08,Thailand,T2,en,true,2025-10-09 10:46:00+08,true,false,1,31.19999999999999,150.0
U014973,bundle_100_100,2025-09-18 12:03:00+08,B009283,2025-09-19 12:03:00+08,Thailand,T1,ko,true,2025-09-19 13:29:00+08,true,false,1,119.6,100.0
U018719,bundle_100_100,2025-10-11 22:32:00+08,B010093,2025-10-13 22:32:00+08,Thailand,T1,zh-TW,true,2025-10-13 23:42:00+08,true,false,1,209.89999999999998,100.0
U006975,bundle_100_100,2025-10-10 06:49:00+08,B007273,2025-10-13 06:49:00+08,Hong Kong,T2,zh-TW,true,2025-10-13 07:10:00+08,true,true,3,145.29999999999998,200.0
U008477,bundle_100_100,2025-10-04 19:16:00+08,B008589,2025-10-09 19:16:00+08,Singapore,T1,zh-TW,true,2025-10-09 20:11:00+08,true,false,1,153.5,100.0
U023133,airport_150,2025-09-14 12:30:00+08,B003629,2025-09-18 12:30:00+08,Korea,T2,ja,true,2025-09-18 13:27:00+08,true,true,2,243.0,150.0
U018112,airport_150,2025-10-23 20:10:00+08,B016354,2025-10-25 20:10:00+08,Thailand,T2,en,true,2025-10-25 21:16:00+08,true,false,1,99.89999999999998,150.0
U011677,bundle_100_100,2025-10-24 08:19:00+08,B016881,2025-10-25 08:19:00+08,Thailand,T1,zh-TW,true,2025-10-25 09:29:00+08,true,false,1,145.1,100.0
U012877,airport_150,2025-09-06 06:43:00+08,B002306,2025-09-10 06:43:00+08,Thailand,T2,en,true,2025-09-10 08:11:00+08,true,false,1,-39.3,150.0
U005902,bundle_100_100,2025-09-14 05:21:00+08,B012378,2025-09-20 05:21:00+08,Korea,T1,ja,true,2025-09-20 06:47:00+08,true,false,1,154.7,100.0
U028222,airport_150,2025-10-20 13:34:00+08,B001356,2025-10-22 13:34:00+08,Japan,T2,en,true,2025-10-22 14:58:00+08,true,false,1,-77.4,150.0
U022885,airport_150,2025-10-08 04:45:00+08,B008521,2025-10-11 04:45:00+08,Singapore,T2,ja,true,2025-10-11 06:41:00+08,true,true,2,154.2,150.0
U021596,airport_150,2025-10-23 22:13:00+08,B010799,2025-10-24 22:13:00+08,Thailand,T2,ko,true,2025-10-25 00:13:00+08,true,false,1,38.099999999999994,150.0
U000139,airport_150,2025-10-06 05:50:00+08,B007816,2025-10-08 05:50:00+08,Singapore,T2,ko,true,2025-10-08 07:12:00+08,true,false,1,96.89999999999998,150.0
U029935,airport_150,2025-09-03 23:57:00+08,B016501,2025-09-07 23:57:00+08,Korea,T1,ko,true,2025-09-08 01:28:00+08,true,true,2,104.99999999999999,150.0
U018202,bundle_100_100,2025-09-16 03:08:00+08,B006616,2025-09-21 03:08:00+08,Hong Kong,T2,ja,true,2025-09-21 04:49:00+08,true,false,1,93.79999999999998,100.0
U010178,bundle_100_100,2025-10-11 10:24:00+08,B004717,2025-10-16 10:24:00+08,Singapore,T1,zh-TW,true,2025-10-16 10:58:00+08,true,false,1,120.19999999999999,100.0
U000125,airport_150,2025-09-14 19:31:00+08,B011638,2025-09-17 19:31:00+08,Thailand,T2,zh-TW,true,2025-09-17 19:52:00+08,true,false,1,77.69999999999999,150.0
U027799,bundle_100_100,2025-09-20 06:56:00+08,B007725,2025-09-26 06:56:00+08,Thailand,T1,ja,true,2025-09-26 07:40:00+08,true,true,2,319.3,200.0
U008543,bundle_100_100,2025-10-06 09:05:00+08,B006921,2025-10-07 09:05:00+08,Thailand,T1,ko,true,2025-10-07 09:39:00+08,true,false,1,101.6,100.0
U001793,airport_150,2025-10-02 15:30:00+08,B004741,2025-10-03 15:30:00+08,Japan,T1,ja,true,2025-10-03 16:38:00+08,true,false,1,67.79999999999998,150.0
U014882,airport_150,2025-09-14 03:49:00+08,B013004,2025-09-16 03:49:00+08,Singapore,T2,zh-TW,true,2025-09-16 04:35:00+08,true,false,1,15.299999999999983,150.0
U024460,airport_150,2025-09-02 08:45:00+08,B010611,2025-09-05 08:45:00+08,Thailand,T1,ja,true,2025-09-05 09:47:00+08,true,false,1,39.29999999999998,150.0
U027734,airport_150,2025-09-09 23:21:00+08,B000347,2025-09-12 23:21:00+08,Japan,T2,en,true,2025-09-12 23:58:00+08,true,false,1,84.6,150.0
U012133,airport_150,2025-10-16 00:08:00+08,B003218,2025-10-21 00:08:00+08,Japan,T1,en,true,2025-10-21 01:38:00+08,true,false,1,10.199999999999989,150.0
U026616,airport_150,2025-10-07 07:13:00+08,B016401,2025-10-10 07:13:00+08,USA,T2,en,true,2025-10-10 08:21:00+08,true,true,2,252.3,150.0
U002819,airport_150,2025-10-03 23:51:00+08,B000728,2025-10-05 23:51:00+08,Hong Kong,T1,ja,true,2025-10-06 00:44:00+08,true,false,1,34.5,150.0
U029308,bundle_100_100,2025-09-21 06:02:00+08,B010207,2025-09-25 06:02:00+08,Hong Kong,T1,zh-TW,true,2025-09-25 06:34:00+08,true,true,2,173.2,200.0
U008845,airport_150,2025-09-27 23:44:00+08,B016892,2025-09-28 23:44:00+08,Thailand,T2,zh-TW,true,2025-09-29 01:06:00+08,true,false,1,18.599999999999994,150.0
U026722,airport_150,2025-10-20 07:45:00+08,B005445,2025-10-21 07:45:00+08,Thailand,T2,ko,true,2025-10-21 09:06:00+08,true,false,1,84.89999999999998,150.0
U009755,bundle_100_100,2025-09-13 23:28:00+08,B007210,2025-09-16 23:28:00+08,Korea,T2,ko,true,2025-09-16 23:55:00+08,true,false,1,168.8,100.0
U018074,airport_150,2025-10-07 08:59:00+08,B016998,2025-10-11 08:59:00+08,Singapore,T2,zh-TW,true,2025-10-11 10:37:00+08,true,false,1,58.5,150.0
U008183,bundle_100_100,2025-10-21 06:42:00+08,B013826,2025-10-26 06:42:00+08,USA,T2,zh-TW,true,2025-10-26 08:18:00+08,true,true,2,101.79999999999998,200.0
U012290,airport_150,2025-10-04 10:05:00+08,B006014,2025-10-07 10:05:00+08,Singapore,T1,ja,true,2025-10-07 10:34:00+08,true,false,1,13.199999999999989,150.0
U024058,bundle_100_100,2025-10-04 08:37:00+08,B008535,2025-10-06 08:37:00+08,Singapore,T1,ja,true,2025-10-06 09:36:00+08,true,false,1,87.5,100.0
U026225,bundle_100_100,2025-09-07 09:29:00+08,B015236,2025-09-11 09:29:00+08,USA,T1,ko,true,2025-09-11 10:43:00+08,true,true,2,24.999999999999986,200.0
U007095,bundle_100_100,2025-09-16 13:09:00+08,B006752,2025-09-19 13:09:00+08,Hong Kong,T1,zh-TW,true,2025-09-19 13:48:00+08,true,false,1,59.29999999999998,100.0
U016721,bundle_100_100,2025-10-23 17:31:00+08,B014109,2025-10-24 17:31:00+08,Korea,T2,en,true,2025-10-24 18:54:00+08,true,false,1,-22.60000000000001,100.0
U004589,bundle_100_100,2025-09-11 21:32:00+08,B002852,2025-09-17 21:32:00+08,Japan,T2,ko,true,2025-09-17 21:58:00+08,true,true,2,154.0,200.0
U013700,airport_150,2025-09-17 05:20:00+08,B017518,2025-09-22 05:20:00+08,Hong Kong,T2,zh-TW,true,2025-09-22 06:18:00+08,true,false,1,76.79999999999998,150.0
U024170,bundle_100_100,2025-09-20 20:47:00+08,B013214,2025-09-26 20:47:00+08,Hong Kong,T2,ja,true,2025-09-26 21:59:00+08,true,false,1,150.5,100.0
U013551,airport_150,2025-10-21 04:59:00+08,B012234,2025-10-24 04:59:00+08,USA,T1,ja,true,2025-10-24 06:16:00+08,true,false,1,152.7,150.0
U006376,bundle_100_100,2025-10-14 19:05:00+08,B006084,2025-10-17 19:05:00+08,Thailand,T1,zh-TW,true,2025-10-17 19:49:00+08,true,false,1,89.0,100.0
U011130,airport_150,2025-10-07 00:14:00+08,B008296,2025-10-11 00:14:00+08,Japan,T1,ko,true,2025-10-11 01:07:00+08,true,false,1,81.0,150.0
U029439,bundle_100_100,2025-09-08 07:06:00+08,B004210,2025-09-10 07:06:00+08,Thailand,T1,zh-TW,true,2025-09-10 08:44:00+08,true,false,1,208.09999999999997,100.0
U019916,bundle_100_100,2025-09-29 10:53:00+08,B013987,2025-09-30 10:53:00+08,Korea,T2,en,true,2025-09-30 11:23:00+08,true,true,2,121.9,200.0
U023057,bundle_100_100,2025-09-02 21:37:00+08,B013923,2025-09-04 21:37:00+08,Japan,T1,en,true,2025-09-04 22:25:00+08,true,false,1,149.29999999999998,100.0
U028077,airport_150,2025-09-13 19:17:00+08,B016031,2025-09-18 19:17:00+08,Japan,T2,ko,true,2025-09-18 20:57:00+08,true,false,1,-42.900000000000006,150.0
U023910,airport_150,2025-10-18 00:38:00+08,B010354,2025-10-23 00:38:00+08,USA,T2,ja,true,2025-10-23 09:17:00+08,true,false,1,183.29999999999998,0.0
U013716,control,2025-10-19 19:23:00+08,B011006,2025-10-22 19:23:00+08,Thailand,T1,en,true,2025-10-22 20:58:00+08,true,false,1,265.8,0.0
U009056,control,2025-10-10 16:27:00+08,B008273,2025-10-16 16:27:00+08,Thailand,T2,ko,true,2025-10-16 17:56:00+08,true,false,1,208.79999999999998,0.0
U027833,bundle_100_100,2025-09-30 12:02:00+08,B013873,2025-10-06 12:02:00+08,USA,T1,ja,true,2025-10-11 03:26:00+08,true,false,1,184.5,0.0
U011013,airport_150,2025-09-28 22:30:00+08,B001764,2025-10-04 22:30:00+08,Singapore,T2,ja,true,2025-10-05 19:39:00+08,true,false,1,230.7,0.0
U028610,control,2025-09-08 22:04:00+08,B003837,2025-09-10 22:04:00+08,Thailand,T1,ko,true,2025-09-10 22:48:00+08,true,false,1,236.7,0.0
U018375,control,2025-10-16 01:18:00+08,B013643,2025-10-22 01:18:00+08,Japan,T2,ko,true,2025-10-22 01:53:00+08,true,false,1,210.9,0.0
U015649,control,2025-10-18 09:24:00+08,B006258,2025-10-22 09:24:00+08,Korea,T1,zh-TW,true,2025-10-22 10:52:00+08,true,false,1,186.0,0.0
U003607,control,2025-10-10 08:50:00+08,B009777,2025-10-11 08:50:00+08,Thailand,T1,zh-TW,true,2025-10-11 10:21:00+08,true,false,1,85.5,0.0
U027695,airport_150,2025-09-21 10:00:00+08,B004637,2025-09-24 10:00:00+08,Singapore,T2,zh-TW,true,2025-09-24 10:29:00+08,true,false,1,239.39999999999998,0.0
U023083,bundle_100_100,2025-10-09 00:52:00+08,B009372,2025-10-14 00:52:00+08,Korea,T1,en,true,2025-10-15 13:04:00+08,true,false,1,88.5,0.0
U007983,airport_150,2025-10-17 05:53:00+08,B002008,2025-10-20 05:53:00+08,Thailand,T1,zh-TW,true,2025-10-20 07:39:00+08,true,false,1,307.2,0.0
U026781,control,2025-10-16 10:19:00+08,B014870,2025-10-21 10:19:00+08,Japan,T2,ko,true,2025-10-21 12:19:00+08,true,false,1,223.79999999999998,0.0
U000712,control,2025-09-13 05:01:00+08,B002953,2025-09-14 05:01:00+08,Singapore,T1,ko,true,2025-09-14 05:42:00+08,true,false,1,92.39999999999999,0.0
U027075,control,2025-09-18 22:41:00+08,B004120,2025-09-21 22:41:00+08,Hong Kong,T2,zh-TW,true,2025-09-21 23:33:00+08,true,true,2,146.7,0.0
U026637,bundle_100_100,2025-10-07 06:56:00+08,B006396,2025-10-10 06:56:00+08,Korea,T2,zh-TW,true,,false,false,0,0.0,0.0
U009189,bundle_100_100,2025-10-11 21:53:00+08,B004743,2025-10-16 21:53:00+08,Hong Kong,T2,ko,true,,false,false,0,0.0,0.0
U009212,airport_150,2025-09-19 13:32:00+08,B004602,2025-09-21 13:32:00+08,Singapore,T2,ko,true,,false,false,0,0.0,0.0
U020721,airport_150,2025-10-09 23:09:00+08,B000466,2025-10-13 23:09:00+08,USA,T1,ja,true,,false,false,0,0.0,0.0
U003048,bundle_100_100,2025-09-19 22:39:00+08,B009897,2025-09-21 22:39:00+08,Korea,T1,zh-TW,true,,false,false,0,0.0,0.0
U010611,airport_150,2025-09-28 05:14:00+08,B010582,2025-10-02 05:14:00+08,Thailand,T1,zh-TW,true,,false,false,0,0.0,0.0
U011820,bundle_100_100,2025-09-25 05:24:00+08,B004450,2025-09-26 05:24:00+08,Hong Kong,T2,en,true,,false,false,0,0.0,0.0
U012147,airport_150,2025-10-14 01:46:00+08,B010915,2025-10-17 01:46:00+08,Japan,T1,en,true,,false,false,0,0.0,0.0
U012629,bundle_100_100,2025-09-08 00:38:00+08,B013131,2025-09-11 00:38:00+08,Singapore,T2,ko,true,,false,false,1,49.5,0.0
U013896,bundle_100_100,2025-09-27 05:55:00+08,B015188,2025-10-03 05:55:00+08,Hong Kong,T1,zh-TW,true,,false,false,0,0.0,0.0
U025015,airport_150,2025-10-20 22:15:00+08,B007476,2025-10-21 22:15:00+08,Thailand,T1,en,true,,false,false,0,0.0,0.0
U025630,bundle_100_100,2025-10-24 07:21:00+08,B002846,2025-10-25 07:21:00+08,Singapore,T1,ko,true,,false,false,0,0.0,0.0
U006877,control,2025-10-16 09:20:00+08,B004969,2025-10-17 09:20:00+08,Hong Kong,T1,zh-TW,true,,false,false,0,0.0,0.0
U022106,airport_150,2025-10-23 22:22:00+08,B003997,2025-10-26 22:22:00+08,Hong Kong,T2,ko,true,,false,false,0,0.0,0.0
U024009,bundle_100_100,2025-10-17 15:08:00+08,B002291,2025-10-18 15:08:00+08,Hong Kong,T1,ko,true,,false,false,0,0.0,0.0
U016846,control,2025-10-18 18:48:00+08,B013020,2025-10-19 18:48:00+08,Singapore,T1,ko,true,,false,false,0,0.0,0.0
U017665,bundle_100_100,2025-09-04 21:15:00+08,B000013,2025-09-06 21:15:00+08,Singapore,T1,ja,true,,false,false,0,0.0,0.0
U026908,airport_150,2025-09-05 21:39:00+08,B004767,2025-09-11 21:39:00+08,USA,T1,ja,true,,false,false,0,0.0,0.0
U006796,airport_150,2025-10-05 10:40:00+08,B013787,2025-10-06 10:40:00+08,Thailand,T2,en,true,,false,false,0,0.0,0.0
U015996,bundle_100_100,2025-09-23 07:57:00+08,B016535,2025-09-24 07:57:00+08,Korea,T1,en,true,,false,false,0,0.0,0.0
U017823,airport_150,2025-09-15 20:37:00+08,B015505,2025-09-19 20:37:00+08,Thailand,T1,zh-TW,true,,false,false,0,0.0,0.0
U018039,control,2025-09-20 23:24:00+08,B005320,2025-09-24 23:24:00+08,Thailand,T1,en,true,,false,false,0,0.0,0.0
U020313,bundle_100_100,2025-10-08 00:49:00+08,B011037,2025-10-13 00:49:00+08,USA,T2,zh-TW,true,,false,false,0,0.0,0.0
U003354,bundle_100_100,2025-09-06 06:32:00+08,B007564,2025-09-08 06:32:00+08,Thailand,T2,en,true,,false,false,0,0.0,0.0
U009681,bundle_100_100,2025-09-05 06:09:00+08,B014610,2025-09-06 06:09:00+08,Hong Kong,T2,ja,true,,false,false,0,0.0,0.0
U004864,airport_150,2025-10-17 01:00:00+08,B005288,2025-10-19 01:00:00+08,Singapore,T1,ja,true,,false,false,0,0.0,0.0
U007149,bundle_100_100,2025-10-22 13:47:00+08,B013329,2025-10-23 13:47:00+08,USA,T1,zh-TW,true,,false,false,0,0.0,0.0
U012368,bundle_100_100,2025-09-14 09:40:00+08,B016133,2025-09-20 09:40:00+08,USA,T2,zh-TW,true,,false,false,0,0.0,0.0
U000843,control,2025-09-26 08:13:00+08,B016866,2025-09-30 08:13:00+08,Hong Kong,T1,zh-TW,true,,false,false,0,0.0,0.0
U002796,bundle_100_100,2025-09-16 06:55:00+08,B013268,2025-09-22 06:55:00+08,Singapore,T2,zh-TW,true,,false,false,0,0.0,0.0
U007266,bundle_100_100,2025-09-11 06:02:00+08,B017417,2025-09-12 06:02:00+08,USA,T2,en,true,,false,false,0,0.0,0.0
U015908,bundle_100_100,2025-09-02 12:12:00+08,B003830,2025-09-05 12:12:00+08,Singapore,T2,ja,true,,false,false,0,0.0,0.0
U008582,airport_150,2025-10-10 05:52:00+08,B000752,2025-10-11 05:52:00+08,Singapore,T1,ja,true,,false,false,0,0.0,0.0
U007865,airport_150,2025-09-03 20:44:00+08,B010592,2025-09-09 20:44:00+08,Korea,T1,zh-TW,true,,false,false,0,0.0,0.0
U018446,airport_150,2025-10-03 09:34:00+08,B014310,2025-10-06 09:34:00+08,Japan,T1,ja,true,,false,false,0,0.0,0.0
U010455,airport_150,2025-09-03 08:50:00+08,B006531,2025-09-08 08:50:00+08,Japan,T2,ko,true,,false,false,0,0.0,0.0
U029142,bundle_100_100,2025-10-02 04:15:00+08,B012503,2025-10-07 04:15:00+08,Thailand,T1,en,true,,false,false,0,0.0,0.0
U003002,airport_150,2025-10-19 12:28:00+08,B014702,2025-10-23 12:28:00+08,Korea,T1,ja,true,,false,false,0,0.0,0.0
U019079,control,2025-09-20 23:59:00+08,B000221,2025-09-21 23:59:00+08,USA,T2,en,true,,false,false,0,0.0,0.0
U026028,control,2025-10-14 09:01:00+08,B008469,2025-10-16 09:01:00+08,Korea,T1,zh-TW,true,,false,false,0,0.0,0.0
U016095,bundle_100_100,2025-09-08 21:39:00+08,B005330,2025-09-09 21:39:00+08,Thailand,T2,zh-TW,true,,false,false,0,0.0,0.0
U017774,bundle_100_100,2025-10-08 06:56:00+08,B010512,2025-10-13 06:56:00+08,Korea,T2,ko,true,,false,false,0,0.0,0.0
U027115,airport_150,2025-10-05 02:14:00+08,B013939,2025-10-09 02:14:00+08,USA,T1,zh-TW,true,,false,false,0,0.0,0.0
U017550,airport_150,2025-10-07 20:48:00+08,B006785,2025-10-12 20:48:00+08,Thailand,T1,en,true,,false,false,0,0.0,0.0
U024526,bundle_100_100,2025-09-11 02:43:00+08,B009468,2025-09-14 02:43:00+08,Hong Kong,T1,en,true,,false,false,0,0.0,0.0
U014275,airport_150,2025-09-22 07:32:00+08,B007996,2025-09-28 07:32:00+08,USA,T2,en,true,,false,false,0,0.0,0.0
U015030,control,2025-10-12 06:35:00+08,B004618,2025-10-15 06:35:00+08,Korea,T1,ja,true,,false,false,0,0.0,0.0
U005255,airport_150,2025-10-20 17:16:00+08,B011428,2025-10-22 17:16:00+08,Thailand,T1,zh-TW,true,,false,false,1,75.3,0.0
U001519,bundle_100_100,2025-09-30 07:34:00+08,B007701,2025-10-04 07:34:00+08,Japan,T2,ja,true,,false,false,0,0.0,0.0
U001922,bundle_100_100,2025-10-16 09:01:00+08,B013049,2025-10-22 09:01:00+08,Japan,T1,ja,true,,false,false,0,0.0,0.0
U006868,bundle_100_100,2025-10-16 01:05:00+08,B002599,2025-10-20 01:05:00+08,Hong Kong,T1,en,true,,false,false,0,0.0,0.0
U026258,airport_150,2025-09-15 16:20:00+08,B017133,2025-09-21 16:20:00+08,Korea,T1,zh-TW,true,,false,false,0,0.0,0.0
U002750,bundle_100_100,2025-10-10 07:41:00+08,B011419,2025-10-11 07:41:00+08,Thailand,T2,en,true,,false,false,0,0.0,0.0
U013608,bundle_100_100,2025-09-26 06:43:00+08,B002874,2025-10-01 06:43:00+08,Singapore,T2,ja,true,,false,false,0,0.0,0.0
U022403,airport_150,2025-09-20 04:01:00+08,B009047,2025-09-25 04:01:00+08,Korea,T2,ko,true,,false,false,0,0.0,0.0
U015430,bundle_100_100,2025-09-08 20:55:00+08,B001828,2025-09-14 20:55:00+08,Singapore,T1,en,true,,false,false,0,0.0,0.0
U014668,bundle_100_100,2025-09-28 14:54:00+08,B007848,2025-10-03 14:54:00+08,USA,T1,ko,true,,false,false,0,0.0,0.0
U015725,bundle_100_100,2025-09-30 13:08:00+08,B011533,2025-10-05 13:08:00+08,Japan,T2,ko,true,,false,false,0,0.0,0.0
U020944,bundle_100_100,2025-09-17 21:38:00+08,B014799,2025-09-21 21:38:00+08,Korea,T1,ko,true,,false,false,0,0.0,0.0
U015041,bundle_100_100,2025-10-21 01:32:00+08,B008748,2025-10-26 01:32:00+08,Thailand,T1,ja,true,,false,false,0,0.0,0.0
U025559,bundle_100_100,2025-09-30 06:46:00+08,B014760,2025-10-06 06:46:00+08,Japan,T2,en,true,,false,false,0,0.0,0.0
U029596,bundle_100_100,2025-09-20 07:25:00+08,B015685,2025-09-24 07:25:00+08,Korea,T1,ja,true,,false,false,0,0.0,0.0
U010483,airport_150,2025-09-03 07:59:00+08,B012514,2025-09-06 07:59:00+08,Singapore,T2,zh-TW,true,,false,false,0,0.0,0.0
U000028,bundle_100_100,2025-09-13 15:39:00+08,B007265,2025-09-18 15:39:00+08,Singapore,T2,zh-TW,true,,false,false,0,0.0,0.0
U011598,bundle_100_100,2025-09-09 08:35:00+08,B014939,2025-09-14 08:35:00+08,Korea,T2,ja,true,,false,false,0,0.0,0.0
U014603,bundle_100_100,2025-10-05 06:50:00+08,B012261,2025-10-07 06:50:00+08,Japan,T2,ja,true,,false,false,0,0.0,0.0
U012626,bundle_100_100,2025-10-17 08:03:00+08,B005232,2025-10-18 08:03:00+08,USA,T2,en,true,,false,false,0,0.0,0.0
U009785,bundle_100_100,2025-09-03 07:18:00+08,B014782,2025-09-04 07:18:00+08,Thailand,T2,en,true,,false,false,0,0.0,0.0
U017966,bundle_100_100,2025-09-25 07:47:00+08,B011018,2025-09-29 07:47:00+08,Japan,T2,ja,true,,false,false,0,0.0,0.0
U020338,airport_150,2025-10-20 08:11:00+08,B013119,2025-10-26 08:11:00+08,Thailand,T2,ja,true,,false,false,0,0.0,0.0
U007025,airport_150,2025-10-12 11:59:00+08,B001402,2025-10-14 11:59:00+08,Hong Kong,T1,ko,true,,false,false,0,0.0,0.0
U011950,airport_150,2025-09-08 20:26:00+08,B005801,2025-09-11 20:26:00+08,Thailand,T1,zh-TW,true,,false,false,0,0.0,0.0
U016249,airport_150,2025-09-04 14:15:00+08,B003486,2025-09-05 14:15:00+08,Hong Kong,T1,zh-TW,true,,false,false,0,0.0,0.0
U018090,bundle_100_100,2025-09-08 20:06:00+08,B012643,2025-09-11 20:06:00+08,Singapore,T1,en,true,,false,false,0,0.0,0.0
U011725,bundle_100_100,2025-10-12 18:00:00+08,B003985,2025-10-15 18:00:00+08,Korea,T2,en,true,,false,false,0,0.0,0.0
U024983,airport_150,2025-10-05 20:04:00+08,B009617,2025-10-09 20:04:00+08,Japan,T2,zh-TW,true,,false,false,0,0.0,0.0
U020455,bundle_100_100,2025-09-02 05:28:00+08,B015191,2025-09-04 05:28:00+08,Hong Kong,T2,zh-TW,true,,false,false,0,0.0,0.0
U024600,airport_150,2025-09-29 23:50:00+08,B006610,2025-10-02 23:50:00+08,Hong Kong,T1,ja,true,,false,false,0,0.0,0.0
U026016,bundle_100_100,2025-10-16 06:15:00+08,B015151,2025-10-17 06:15:00+08,Singapore,T2,zh-TW,true,,false,false,0,0.0,0.0
U017475,bundle_100_100,2025-09-08 00:01:00+08,B004557,2025-09-10 00:01:00+08,Korea,T2,ko,true,,false,false,0,0.0,0.0
U020732,bundle_100_100,2025-10-03 20:39:00+08,B006560,2025-10-07 20:39:00+08,Thailand,T1,ja,true,,false,false,0,0.0,0.0
U021684,airport_150,2025-10-24 12:02:00+08,B001948,2025-10-25 12:02:00+08,USA,T2,ja,true,,false,false,0,0.0,0.0
U024016,airport_150,2025-10-23 11:24:00+08,B016539,2025-10-25 11:24:00+08,Hong Kong,T1,en,true,,false,false,0,0.0,0.0
U024243,bundle_100_100,2025-09-29 07:51:00+08,B000784,2025-10-01 07:51:00+08,Singapore,T2,ja,true,,false,false,1,76.2,0.0
U013786,control,2025-09-22 23:48:00+08,B013116,2025-09-23 23:48:00+08,Hong Kong,T1,en,true,,false,false,1,136.79999999999998,0.0
U014060,bundle_100_100,2025-09-07 21:43:00+08,B006197,2025-09-13 21:43:00+08,Korea,T1,en,true,,false,false,0,0.0,0.0
U018162,bundle_100_100,2025-10-06 07:44:00+08,B010050,2025-10-12 07:44:00+08,USA,T1,ja,true,,false,false,0,0.0,0.0
U022492,airport_150,2025-09-18 01:17:00+08,B006812,2025-09-23 01:17:00+08,Korea,T2,en,true,,false,false,0,0.0,0.0
U016499,airport_150,2025-09-10 21:44:00+08,B003929,2025-09-11 21:44:00+08,Singapore,T1,zh-TW,true,,false,false,0,0.0,0.0
U007719,bundle_100_100,2025-10-16 12:41:00+08,B002458,2025-10-20 12:41:00+08,Hong Kong,T1,en,true,,false,false,0,0.0,0.0
U010399,bundle_100_100,2025-09-10 19:12:00+08,B015871,2025-09-12 19:12:00+08,Hong Kong,T2,en,true,,false,false,0,0.0,0.0
U003372,bundle_100_100,2025-09-05 20:55:00+08,B004672,2025-09-10 20:55:00+08,Singapore,T1,ko,true,,false,false,1,57.0,0.0
U022813,bundle_100_100,2025-10-13 22:22:00+08,B013480,2025-10-17 22:22:00+08,USA,T1,en,true,,false,false,0,0.0,0.0
U028526,airport_150,2025-09-05 08:46:00+08,B009194,2025-09-10 08:46:00+08,USA,T2,zh-TW,true,,false,false,0,0.0,0.0
U004260,airport_150,2025-10-15 09:21:00+08,B006165,2025-10-17 09:21:00+08,USA,T2,zh-TW,true,,false,false,0,0.0,0.0
U011058,bundle_100_100,2025-09-20 00:17:00+08,B009116,2025-09-22 00:17:00+08,USA,T2,zh-TW,true,,false,false,0,0.0,0.0
U012352,airport_150,2025-10-08 05:19:00+08,B004692,2025-10-09 05:19:00+08,Korea,T1,ko,true,,false,false,0,0.0,0.0
U022817,bundle_100_100,2025-10-18 02:00:00+08,B006392,2025-10-23 02:00:00+08,Singapore,T2,ko,true,,false,false,0,0.0,0.0
U007439,control,2025-10-18 20:00:00+08,B012564,2025-10-20 20:00:00+08,Hong Kong,T2,ko,true,,false,false,0,0.0,0.0
U010071,bundle_100_100,2025-09-08 20:31:00+08,B016411,2025-09-14 20:31:00+08,Korea,T1,zh-TW,true,,false,false,0,0.0,0.0
U020801,airport_150,2025-10-06 17:01:00+08,B014962,2025-10-08 17:01:00+08,Hong Kong,T1,en,true,,false,false,1,200.7,0.0
U012706,bundle_100_100,2025-09-15 18:14:00+08,B006083,2025-09-20 18:14:00+08,Thailand,T1,ja,true,,false,false,1,308.09999999999997,0.0
U010599,bundle_100_100,2025-09-20 15:51:00+08,B011849,2025-09-24 15:51:00+08,Thailand,T1,zh-TW,true,,false,false,0,0.0,0.0
U012862,control,2025-10-13 05:24:00+08,B001043,2025-10-15 05:24:00+08,USA,T2,zh-TW,true,,false,false,0,0.0,0.0
U024659,airport_150,2025-09-07 02:05:00+08,B008576,2025-09-10 02:05:00+08,Korea,T1,zh-TW,true,,false,false,0,0.0,0.0
U021501,bundle_100_100,2025-09-26 12:36:00+08,B002049,2025-10-01 12:36:00+08,Japan,T1,ko,true,,false,false,0,0.0,0.0
U001121,airport_150,2025-09-22 06:14:00+08,B006071,2025-09-23 06:14:00+08,Singapore,T1,zh-TW,true,,false,false,0,0.0,0.0
U019033,bundle_100_100,2025-09-25 11:58:00+08,B004734,2025-09-30 11:58:00+08,Thailand,T1,en,true,,false,false,0,0.0,0.0
U001047,airport_150,2025-10-03 12:45:00+08,B014363,2025-10-04 12:45:00+08,Thailand,T1,en,true,,false,false,0,0.0,0.0
U008945,airport_150,2025-09-11 06:51:00+08,B016985,2025-09-17 06:51:00+08,Korea,T1,zh-TW,true,,false,false,0,0.0,0.0
U025230,bundle_100_100,2025-09-30 21:02:00+08,B013147,2025-10-02 21:02:00+08,Hong Kong,T1,en,true,,false,false,0,0.0,0.0
U003937,airport_150,2025-10-01 20:43:00+08,B004193,2025-10-06 20:43:00+08,Japan,T1,zh-TW,true,,false,false,0,0.0,0.0
U009342,bundle_100_100,2025-09-01 23:49:00+08,B009967,2025-09-07 23:49:00+08,USA,T1,ja,true,,false,false,0,0.0,0.0
U024358,airport_150,2025-09-01 13:47:00+08,B007946,2025-09-06 13:47:00+08,Singapore,T1,en,true,,false,false,0,0.0,0.0
U006971,bundle_100_100,2025-10-12 15:25:00+08,B007932,2025-10-13 15:25:00+08,Korea,T1,en,true,,false,false,0,0.0,0.0
U018715,control,2025-09-22 10:46:00+08,B011304,2025-09-26 10:46:00+08,Hong Kong,T1,zh-TW,true,,false,false,0,0.0,0.0
U010092,airport_150,2025-09-14 11:43:00+08,B017105,2025-09-19 11:43:00+08,Thailand,T2,zh-TW,true,,false,false,0,0.0,0.0
U002343,airport_150,2025-10-16 06:22:00+08,B002836,2025-10-17 06:22:00+08,Singapore,T2,ko,true,,false,false,0,0.0,0.0
U017509,bundle_100_100,2025-09-13 08:27:00+08,B006464,2025-09-14 08:27:00+08,Hong Kong,T1,en,true,,false,false,0,0.0,0.0
U022734,airport_150,2025-10-14 09:48:00+08,B013750,2025-10-19 09:48:00+08,Singapore,T1,ko,true,,false,false,0,0.0,0.0
U024938,bundle_100_100,2025-10-21 17:04:00+08,B017549,2025-10-26 17:04:00+08,USA,T2,ja,true,,false,false,0,0.0,0.0
U013024,airport_150,2025-10-21 15:35:00+08,B003213,2025-10-23 15:35:00+08,Singapore,T1,en,true,,false,false,0,0.0,0.0
U017464,control,2025-10-08 10:20:00+08,B002624,2025-10-12 10:20:00+08,USA,T2,zh-TW,true,,false,false,0,0.0,0.0
U006245,bundle_100_100,2025-09-04 09:33:00+08,B011701,2025-09-09 09:33:00+08,USA,T2,zh-TW,true,,false,false,0,0.0,0.0
U028666,airport_150,2025-10-02 13:32:00+08,B005644,2025-10-07 13:32:00+08,Korea,T1,ko,true,,false,false,0,0.0,0.0
U027099,airport_150,2025-09-05 23:37:00+08,B011996,2025-09-06 23:37:00+08,Thailand,T2,en,true,,false,false,0,0.0,0.0
U024443,airport_150,2025-09-29 06:58:00+08,B002823,2025-09-30 06:58:00+08,Singapore,T2,ja,true,,false,false,0,0.0,0.0
U020160,bundle_100_100,2025-09-01 08:23:00+08,B007055,2025-09-04 08:23:00+08,Hong Kong,T1,zh-TW,true,,false,false,0,0.0,0.0
U025210,airport_150,2025-10-15 14:52:00+08,B000937,2025-10-18 14:52:00+08,Singapore,T1,en,true,,false,false,0,0.0,0.0
U026857,bundle_100_100,2025-09-05 16:34:00+08,B012524,2025-09-08 16:34:00+08,Singapore,T2,ja,true,,false,false,1,51.3,0.0
U017868,bundle_100_100,2025-09-19 16:01:00+08,B010514,2025-09-20 16:01:00+08,Singapore,T1,ko,true,,false,false,0,0.0,0.0
U026019,airport_150,2025-09-02 20:19:00+08,B007454,2025-09-05 20:19:00+08,Hong Kong,T1,ko,true,,false,false,0,0.0,0.0
U029537,bundle_100_100,2025-09-04 09:28:00+08,B000190,2025-09-06 09:28:00+08,Singapore,T2,ko,true,,false,false,0,0.0,0.0
U001082,bundle_100_100,2025-09-25 21:56:00+08,B009742,2025-09-29 21:56:00+08,Thailand,T2,ko,true,,false,false,0,0.0,0.0
U020875,bundle_100_100,2025-10-21 11:33:00+08,B002091,2025-10-25 11:33:00+08,Japan,T2,ja,true,,false,false,0,0.0,0.0
U027210,airport_150,2025-10-08 09:51:00+08,B017845,2025-10-13 09:51:00+08,Korea,T1,ko,true,,false,false,0,0.0,0.0
U011894,airport_150,2025-10-16 07:51:00+08,B001157,2025-10-19 07:51:00+08,Japan,T1,ja,true,,false,false,0,0.0,0.0
U018432,airport_150,2025-09-16 05:51:00+08,B015709,2025-09-17 05:51:00+08,Korea,T2,en,true,,false,false,0,0.0,0.0
U006173,bundle_100_100,2025-10-13 23:48:00+08,B007087,2025-10-19 23:48:00+08,Hong Kong,T1,en,true,,false,false,0,0.0,0.0
U012040,bundle_100_100,2025-09-24 17:00:00+08,B013405,2025-09-29 17:00:00+08,Japan,T1,ja,true,,false,false,0,0.0,0.0
U005565,bundle_100_100,2025-09-17 05:36:00+08,B000220,2025-09-20 05:36:00+08,Korea,T2,zh-TW,true,,false,false,0,0.0,0.0
U000443,airport_150,2025-10-16 05:07:00+08,B013298,2025-10-21 05:07:00+08,Japan,T1,zh-TW,true,,false,false,0,0.0,0.0
U012036,airport_150,2025-09-16 09:00:00+08,B000301,2025-09-21 09:00:00+08,Japan,T2,zh-TW,true,,false,false,0,0.0,0.0
U018113,bundle_100_100,2025-09-05 23:09:00+08,B010045,2025-09-06 23:09:00+08,USA,T1,ko,true,,false,false,0,0.0,0.0
U006302,bundle_100_100,2025-09-12 05:06:00+08,B016522,2025-09-14 05:06:00+08,Thailand,T2,ja,true,,false,false,0,0.0,0.0
U023972,airport_150,2025-10-19 20:40:00+08,B001573,2025-10-21 20:40:00+08,Singapore,T1,ko,true,,false,false,0,0.0,0.0
U025980,airport_150,2025-09-26 23:49:00+08,B008944,2025-10-02 23:49:00+08,Hong Kong,T1,ko,true,,false,false,0,0.0,0.0
U027749,airport_150,2025-10-09 06:58:00+08,B010048,2025-10-10 06:58:00+08,Hong Kong,T1,ko,true,,false,false,0,0.0,0.0
U006509,airport_150,2025-10-18 07:27:00+08,B013385,2025-10-20 07:27:00+08,Singapore,T2,ko,true,,false,false,0,0.0,0.0
U009009,airport_150,2025-10-14 22:11:00+08,B004539,2025-10-16 22:11:00+08,Japan,T2,ko,true,,false,false,0,0.0,0.0
U000060,bundle_100_100,2025-09-03 12:04:00+08,B016670,2025-09-07 12:04:00+08,Japan,T2,ja,true,,false,false,0,0.0,0.0
U008198,bundle_100_100,2025-09-05 05:59:00+08,B002585,2025-09-07 05:59:00+08,USA,T1,ko,true,,false,false,0,0.0,0.0
U011373,airport_150,2025-10-01 18:52:00+08,B015106,2025-10-02 18:52:00+08,Singapore,T2,ko,true,,false,false,0,0.0,0.0
U005348,airport_150,2025-09-03 08:04:00+08,B015535,2025-09-08 08:04:00+08,Japan,T2,ja,true,,false,false,1,142.2,0.0
U017463,bundle_100_100,2025-10-17 23:47:00+08,B004522,2025-10-23 23:47:00+08,Korea,T2,en,true,,false,false,0,0.0,0.0
U028337,control,2025-09-23 04:01:00+08,B004887,2025-09-29 04:01:00+08,Japan,T2,ko,true,,false,false,0,0.0,0.0
U014779,bundle_100_100,2025-09-09 23:41:00+08,B008131,2025-09-11 23:41:00+08,Singapore,T1,zh-TW,true,,false,false,0,0.0,0.0
U015256,airport_150,2025-10-19 23:40:00+08,B012288,2025-10-22 23:40:00+08,Singapore,T1,en,true,,false,false,0,0.0,0.0
U004029,airport_150,2025-10-23 02:46:00+08,B005613,2025-10-25 02:46:00+08,Japan,T2,ko,true,,false,false,0,0.0,0.0
U007569,bundle_100_100,2025-09-02 15:18:00+08,B008036,2025-09-04 15:18:00+08,Singapore,T2,ko,true,,false,false,0,0.0,0.0
U015236,airport_150,2025-10-15 09:47:00+08,B007242,2025-10-18 09:47:00+08,Japan,T1,ja,true,,false,false,0,0.0,0.0
U007361,bundle_100_100,2025-10-03 20:53:00+08,B002666,2025-10-08 20:53:00+08,Singapore,T1,zh-TW,true,,false,false,0,0.0,0.0
U014399,airport_150,2025-09-29 05:36:00+08,B013572,2025-10-01 05:36:00+08,Hong Kong,T2,ja,true,,false,false,0,0.0,0.0
U017264,bundle_100_100,2025-09-21 06:06:00+08,B000904,2025-09-27 06:06:00+08,Korea,T2,en,true,,false,false,0,0.0,0.0
U019318,airport_150,2025-09-15 21:10:00+08,B014793,2025-09-17 21:10:00+08,Korea,T2,en,true,,false,false,0,0.0,0.0
U013504,bundle_100_100,2025-09-30 07:14:00+08,B014548,2025-10-06 07:14:00+08,Singapore,T1,ja,true,,false,false,0,0.0,0.0
U018792,bundle_100_100,2025-09-11 21:09:00+08,B000830,2025-09-15 21:09:00+08,Korea,T1,zh-TW,true,,false,false,0,0.0,0.0
U017163,bundle_100_100,2025-09-06 21:32:00+08,B005749,2025-09-07 21:32:00+08,Japan,T1,ko,true,,false,false,0,0.0,0.0
U025520,bundle_100_100,2025-09-24 13:42:00+08,B005525,2025-09-26 13:42:00+08,Thailand,T1,ja,true,,false,false,0,0.0,0.0
U015790,control,2025-10-08 18:11:00+08,B005278,2025-10-10 18:11:00+08,Japan,T2,zh-TW,true,,false,false,0,0.0,0.0
U023304,control,2025-10-04 03:22:00+08,B016856,2025-10-07 03:22:00+08,Japan,T2,en,true,,false,false,0,0.0,0.0
U014187,airport_150,2025-10-07 08:14:00+08,B011999,2025-10-08 08:14:00+08,Thailand,T2,ja,true,,false,false,0,0.0,0.0
U027537,bundle_100_100,2025-09-13 07:18:00+08,B000269,2025-09-19 07:18:00+08,Japan,T2,ko,true,,false,false,0,0.0,0.0
U009338,airport_150,2025-10-01 22:26:00+08,B014917,2025-10-07 22:26:00+08,Thailand,T1,en,true,,false,false,0,0.0,0.0
U011391,airport_150,2025-10-07 16:33:00+08,B011411,2025-10-09 16:33:00+08,Japan,T2,en,true,,false,false,0,0.0,0.0
U015359,bundle_100_100,2025-10-20 08:09:00+08,B013665,2025-10-25 08:09:00+08,Korea,T1,en,true,,false,false,0,0.0,0.0
U026325,airport_150,2025-10-07 08:27:00+08,B015712,2025-10-13 08:27:00+08,Singapore,T2,ko,true,,false,false,0,0.0,0.0
U005654,control,2025-09-10 08:18:00+08,B002276,2025-09-16 08:18:00+08,Singapore,T1,ja,true,,false,false,0,0.0,0.0
U024048,airport_150,2025-10-16 12:08:00+08,B012708,2025-10-22 12:08:00+08,Japan,T2,ko,true,,false,false,0,0.0,0.0
U004109,control,2025-09-11 00:35:00+08,B006879,2025-09-14 00:35:00+08,Hong Kong,T1,zh-TW,true,,false,false,0,0.0,0.0
U009677,bundle_100_100,2025-09-24 09:29:00+08,B014536,2025-09-30 09:29:00+08,USA,T1,ja,true,,false,false,0,0.0,0.0
U010121,airport_150,2025-09-09 01:10:00+08,B014694,2025-09-12 01:10:00+08,Singapore,T2,ko,true,,false,false,0,0.0,0.0
U017820,airport_150,2025-09-02 19:30:00+08,B003609,2025-09-03 19:30:00+08,Japan,T1,en,true,,false,false,0,0.0,0.0
U022868,airport_150,2025-09-05 22:30:00+08,B015453,2025-09-11 22:30:00+08,Japan,T2,en,true,,false,false,0,0.0,0.0
U025874,bundle_100_100,2025-09-19 05:13:00+08,B004185,2025-09-24 05:13:00+08,Hong Kong,T2,ja,true,,false,false,0,0.0,0.0
U021142,airport_150,2025-09-13 00:28:00+08,B001538,2025-09-14 00:28:00+08,USA,T2,en,true,,false,false,0,0.0,0.0
U024623,airport_150,2025-10-17 18:05:00+08,B000501,2025-10-22 18:05:00+08,Singapore,T1,ja,true,,false,false,0,0.0,0.0
U021702,bundle_100_100,2025-10-02 05:36:00+08,B014956,2025-10-03 05:36:00+08,Hong Kong,T2,ja,true,,false,false,0,0.0,0.0
U003082,bundle_100_100,2025-10-20 20:09:00+08,B004199,2025-10-24 20:09:00+08,USA,T2,ko,true,,false,false,0,0.0,0.0
U001100,airport_150,2025-10-09 03:04:00+08,B008510,2025-10-15 03:04:00+08,Korea,T2,ja,true,,false,false,0,0.0,0.0
U020268,airport_150,2025-10-05 04:56:00+08,B006498,2025-10-09 04:56:00+08,USA,T2,ja,true,,false,false,0,0.0,0.0
U008980,airport_150,2025-10-03 05:46:00+08,B007452,2025-10-06 05:46:00+08,Hong Kong,T1,ja,true,,false,false,0,0.0,0.0
U010128,airport_150,2025-09-22 02:22:00+08,B004064,2025-09-26 02:22:00+08,Korea,T2,ko,true,,false,false,0,0.0,0.0
U025122,airport_150,2025-10-11 05:05:00+08,B008119,2025-10-12 05:05:00+08,Korea,T2,ko,true,,false,false,0,0.0,0.0
U027934,airport_150,2025-09-21 07:14:00+08,B017643,2025-09-27 07:14:00+08,Korea,T2,zh-TW,true,,false,false,0,0.0,0.0
U022129,airport_150,2025-10-02 20:35:00+08,B008062,2025-10-04 20:35:00+08,Hong Kong,T2,en,true,,false,false,0,0.0,0.0
U022267,airport_150,2025-09-26 02:38:00+08,B012973,2025-10-02 02:38:00+08,Singapore,T1,ko,true,,false,false,0,0.0,0.0
U016049,bundle_100_100,2025-09-02 09:22:00+08,B007654,2025-09-05 09:22:00+08,Singapore,T1,ja,true,,false,false,0,0.0,0.0
U014423,airport_150,2025-09-02 17:03:00+08,B012011,2025-09-06 17:03:00+08,Hong Kong,T1,ja,true,,false,false,0,0.0,0.0
U021865,airport_150,2025-09-17 08:01:00+08,B008870,2025-09-22 08:01:00+08,Korea,T2,ja,true,,false,false,0,0.0,0.0
U027575,airport_150,2025-10-03 22:21:00+08,B016014,2025-10-09 22:21:00+08,USA,T2,zh-TW,true,,false,false,0,0.0,0.0
U012993,airport_150,2025-09-03 05:51:00+08,B009423,2025-09-07 05:51:00+08,Singapore,T2,ja,true,,false,false,0,0.0,0.0
U025040,airport_150,2025-10-15 19:30:00+08,B005025,2025-10-21 19:30:00+08,Korea,T1,ko,true,,false,false,0,0.0,0.0
U025262,control,2025-09-18 23:36:00+08,B015116,2025-09-21 23:36:00+08,Korea,T2,ko,true,,false,false,0,0.0,0.0
U008467,airport_150,2025-09-17 23:54:00+08,B015230,2025-09-21 23:54:00+08,Singapore,T1,zh-TW,true,,false,false,0,0.0,0.0
U023706,bundle_100_100,2025-09-16 23:52:00+08,B007915,2025-09-22 23:52:00+08,Japan,T1,zh-TW,true,,false,false,0,0.0,0.0
U024194,airport_150,2025-09-09 16:58:00+08,B001607,2025-09-14 16:58:00+08,Japan,T1,zh-TW,true,,false,false,0,0.0,0.0
U001708,bundle_100_100,2025-09-22 15:31:00+08,B012392,2025-09-26 15:31:00+08,Korea,T2,ko,true,,false,false,0,0.0,0.0
U012603,airport_150,2025-09-16 21:49:00+08,B011391,2025-09-18 21:49:00+08,USA,T1,ja,true,,false,false,0,0.0,0.0
U002462,bundle_100_100,2025-09-06 23:15:00+08,B005933,2025-09-12 23:15:00+08,USA,T1,ko,true,,false,false,0,0.0,0.0
U004475,airport_150,2025-09-23 05:27:00+08,B005375,2025-09-28 05:27:00+08,Thailand,T1,zh-TW,true,,false,false,0,0.0,0.0
U006421,airport_150,2025-09-15 11:58:00+08,B007752,2025-09-19 11:58:00+08,USA,T2,ja,true,,false,false,0,0.0,0.0
U013570,bundle_100_100,2025-09-19 11:10:00+08,B005896,2025-09-21 11:10:00+08,Hong Kong,T2,en,true,,false,false,0,0.0,0.0
U016749,airport_150,2025-09-12 15:01:00+08,B010111,2025-09-18 15:01:00+08,USA,T2,ja,true,,false,false,0,0.0,0.0
U018146,airport_150,2025-10-21 09:06:00+08,B016272,2025-10-25 09:06:00+08,Japan,T2,ko,true,,false,false,0,0.0,0.0
U019763,airport_150,2025-10-11 18:36:00+08,B008339,2025-10-17 18:36:00+08,USA,T1,zh-TW,true,,false,false,0,0.0,0.0
U020005,bundle_100_100,2025-10-16 16:23:00+08,B000287,2025-10-20 16:23:00+08,Japan,T1,ko,true,,false,false,0,0.0,0.0
U009748,bundle_100_100,2025-10-04 05:35:00+08,B013254,2025-10-05 05:35:00+08,Japan,T2,ja,true,,false,false,0,0.0,0.0
U013616,bundle_100_100,2025-09-26 21:03:00+08,B016083,2025-10-01 21:03:00+08,Thailand,T2,en,true,,false,false,0,0.0,0.0
U026567,bundle_100_100,2025-09-18 05:40:00+08,B016672,2025-09-20 05:40:00+08,Korea,T2,zh-TW,true,,false,false,0,0.0,0.0
U003576,bundle_100_100,2025-09-26 01:29:00+08,B008874,2025-09-27 01:29:00+08,USA,T1,ja,true,,false,false,0,0.0,0.0
U004820,airport_150,2025-10-11 15:25:00+08,B006354,2025-10-12 15:25:00+08,USA,T1,ja,true,,false,false,0,0.0,0.0
U012740,bundle_100_100,2025-09-23 07:48:00+08,B017556,2025-09-28 07:48:00+08,Korea,T2,zh-TW,true,,false,false,0,0.0,0.0
U014220,bundle_100_100,2025-09-08 09:10:00+08,B012741,2025-09-12 09:10:00+08,Korea,T1,ja,true,,false,false,0,0.0,0.0
U021485,control,2025-09-26 20:25:00+08,B002294,2025-09-28 20:25:00+08,Hong Kong,T1,ko,true,,false,false,0,0.0,0.0
U023278,bundle_100_100,2025-10-24 18:51:00+08,B008543,2025-10-25 18:51:00+08,Singapore,T1,en,true,,false,false,0,0.0,0.0
U010334,bundle_100_100,2025-09-01 20:16:00+08,B017937,2025-09-06 20:16:00+08,Hong Kong,T2,ko,true,,false,false,0,0.0,0.0
U009828,airport_150,2025-10-05 05:39:00+08,B015660,2025-10-06 05:39:00+08,Thailand,T1,ja,true,,false,false,0,0.0,0.0
U003617,airport_150,2025-09-14 05:02:00+08,B014221,2025-09-17 05:02:00+08,Thailand,T1,en,true,,false,false,0,0.0,0.0
U005669,airport_150,2025-09-15 06:34:00+08,B016709,2025-09-19 06:34:00+08,Thailand,T1,en,true,,false,false,0,0.0,0.0
U008636,bundle_100_100,2025-10-15 10:14:00+08,B000308,2025-10-20 10:14:00+08,Hong Kong,T1,ko,true,,false,false,0,0.0,0.0
U011419,airport_150,2025-10-22 07:34:00+08,B005079,2025-10-23 07:34:00+08,Hong Kong,T1,en,true,,false,false,0,0.0,0.0
U019686,airport_150,2025-09-18 06:12:00+08,B002872,2025-09-23 06:12:00+08,Singapore,T1,en,true,,false,false,0,0.0,0.0
U028771,bundle_100_100,2025-09-05 02:07:00+08,B000960,2025-09-08 02:07:00+08,Korea,T2,ko,true,,false,false,0,0.0,0.0
U010266,airport_150,2025-09-15 06:12:00+08,B003293,2025-09-19 06:12:00+08,Hong Kong,T2,zh-TW,true,,false,false,0,0.0,0.0
U005400,airport_150,2025-09-07 00:31:00+08,B000211,2025-09-12 00:31:00+08,USA,T1,ja,true,,false,false,0,0.0,0.0
U022896,airport_150,2025-09-02 17:04:00+08,B010839,2025-09-05 17:04:00+08,Singapore,T2,zh-TW,true,,false,false,0,0.0,0.0
U009023,bundle_100_100,2025-10-15 13:06:00+08,B002517,2025-10-18 13:06:00+08,Hong Kong,T2,ja,true,,false,false,0,0.0,0.0
U011772,bundle_100_100,2025-09-04 08:52:00+08,B002305,2025-09-10 08:52:00+08,Japan,T1,ja,true,,false,false,0,0.0,0.0
U021078,bundle_100_100,2025-09-03 05:27:00+08,B009741,2025-09-06 05:27:00+08,Japan,T2,zh-TW,true,,false,false,0,0.0,0.0
U001867,airport_150,2025-09-09 08:52:00+08,B016434,2025-09-14 08:52:00+08,Hong Kong,T1,zh-TW,true,,false,false,0,0.0,0.0
U029271,bundle_100_100,2025-09-15 08:13:00+08,B013975,2025-09-19 08:13:00+08,USA,T1,ko,true,,false,false,0,0.0,0.0
U014193,airport_150,2025-09-12 20:26:00+08,B005618,2025-09-17 20:26:00+08,Hong Kong,T2,ko,true,,false,false,0,0.0,0.0
U025239,bundle_100_100,2025-10-10 21:10:00+08,B001293,2025-10-15 21:10:00+08,USA,T1,ko,true,,false,false,0,0.0,0.0
U009540,bundle_100_100,2025-10-11 00:59:00+08,B005887,2025-10-16 00:59:00+08,Singapore,T1,zh-TW,true,,false,false,0,0.0,0.0
U024946,airport_150,2025-09-12 09:39:00+08,B009165,2025-09-13 09:39:00+08,USA,T1,en,true,,false,false,0,0.0,0.0
U001610,bundle_100_100,2025-10-05 21:40:00+08,B002408,2025-10-07 21:40:00+08,Singapore,T1,ja,true,,false,false,0,0.0,0.0
U025517,airport_150,2025-09-10 20:50:00+08,B017444,2025-09-16 20:50:00+08,Singapore,T1,en,true,,false,false,0,0.0,0.0
U011285,airport_150,2025-09-01 23:11:00+08,B007339,2025-09-04 23:11:00+08,Thailand,T2,en,true,,false,false,0,0.0,0.0
U001539,bundle_100_100,2025-09-13 20:36:00+08,B011858,2025-09-16 20:36:00+08,Hong Kong,T1,zh-TW,true,,false,false,0,0.0,0.0
U010511,airport_150,2025-09-08 14:41:00+08,B016692,2025-09-13 14:41:00+08,USA,T2,ja,true,,false,false,0,0.0,0.0
U029158,airport_150,2025-10-09 19:44:00+08,B016829,2025-10-15 19:44:00+08,Korea,T2,zh-TW,true,,false,false,0,0.0,0.0
U002302,airport_150,2025-10-20 15:30:00+08,B013841,2025-10-25 15:30:00+08,Singapore,T2,en,true,,false,false,0,0.0,0.0
U002505,control,2025-09-01 11:54:00+08,B007534,2025-09-06 11:54:00+08,Korea,T1,zh-TW,true,,false,false,0,0.0,0.0
U006196,airport_150,2025-10-07 16:04:00+08,B014114,2025-10-13 16:04:00+08,Singapore,T2,ja,true,,false,false,0,0.0,0.0
U016488,airport_150,2025-10-23 09:46:00+08,B017839,2025-10-25 09:46:00+08,USA,T2,en,true,,false,false,0,0.0,0.0
U007628,airport_150,2025-10-17 12:13:00+08,B008738,2025-10-19 12:13:00+08,Thailand,T2,zh-TW,true,,false,false,0,0.0,0.0
U003675,airport_150,2025-10-25 07:52:00+08,B016719,2025-10-26 07:52:00+08,Singapore,T2,ja,true,,false,false,1,116.1,0.0
U007526,airport_150,2025-10-01 04:25:00+08,B002484,2025-10-06 04:25:00+08,Hong Kong,T2,ja,true,,false,false,0,0.0,0.0
U011508,bundle_100_100,2025-09-17 21:24:00+08,B010856,2025-09-19 21:24:00+08,USA,T2,ko,true,,false,false,0,0.0,0.0
U023570,airport_150,2025-09-11 22:16:00+08,B007014,2025-09-14 22:16:00+08,Thailand,T1,ja,true,,false,false,0,0.0,0.0
U003509,bundle_100_100,2025-09-16 06:56:00+08,B004678,2025-09-21 06:56:00+08,Korea,T1,en,true,,false,false,0,0.0,0.0
U012353,airport_150,2025-09-13 05:42:00+08,B011204,2025-09-18 05:42:00+08,Thailand,T1,zh-TW,true,,false,false,0,0.0,0.0
U015693,airport_150,2025-09-14 08:01:00+08,B017626,2025-09-15 08:01:00+08,Hong Kong,T2,ko,true,,false,false,0,0.0,0.0
U005042,bundle_100_100,2025-10-05 10:44:00+08,B015983,2025-10-09 10:44:00+08,Thailand,T2,en,true,,false,false,0,0.0,0.0
U015933,airport_150,2025-09-06 22:03:00+08,B002706,2025-09-08 22:03:00+08,USA,T2,zh-TW,true,,false,false,0,0.0,0.0
U028655,control,2025-09-26 19:33:00+08,B001862,2025-10-01 19:33:00+08,USA,T2,zh-TW,true,,false,false,0,0.0,0.0
U001682,bundle_100_100,2025-10-14 20:27:00+08,B000040,2025-10-16 20:27:00+08,Hong Kong,T1,en,true,,false,false,0,0.0,0.0
U026556,airport_150,2025-09-16 10:44:00+08,B009375,2025-09-19 10:44:00+08,Hong Kong,T1,zh-TW,true,,false,false,0,0.0,0.0
U015276,airport_150,2025-09-04 06:04:00+08,B007089,2025-09-05 06:04:00+08,Hong Kong,T2,ko,true,,false,false,0,0.0,0.0
U025197,airport_150,2025-10-11 09:02:00+08,B017783,2025-10-17 09:02:00+08,Korea,T2,zh-TW,true,,false,false,0,0.0,0.0
U002839,airport_150,2025-09-13 19:41:00+08,B002676,2025-09-17 19:41:00+08,Thailand,T1,en,true,,false,false,1,192.6,0.0
U011862,bundle_100_100,2025-09-28 23:41:00+08,B011060,2025-10-04 23:41:00+08,USA,T2,en,true,,false,false,0,0.0,0.0
U027621,airport_150,2025-09-10 09:11:00+08,B016222,2025-09-12 09:11:00+08,USA,T1,ja,true,,false,false,0,0.0,0.0
U008315,bundle_100_100,2025-10-21 07:06:00+08,B002165,2025-10-23 07:06:00+08,Singapore,T1,zh-TW,true,,false,false,0,0.0,0.0
U000550,bundle_100_100,2025-09-27 22:14:00+08,B000394,2025-10-03 22:14:00+08,Korea,T2,ko,true,,false,false,0,0.0,0.0
U001014,airport_150,2025-09-03 22:04:00+08,B014557,2025-09-08 22:04:00+08,Hong Kong,T1,ja,true,,false,false,0,0.0,0.0
U002226,bundle_100_100,2025-09-26 08:15:00+08,B001868,2025-09-28 08:15:00+08,Japan,T1,ja,true,,false,false,0,0.0,0.0
U015975,airport_150,2025-09-05 06:55:00+08,B001989,2025-09-11 06:55:00+08,USA,T2,ko,true,,false,false,0,0.0,0.0
U002461,airport_150,2025-10-17 09:40:00+08,B006438,2025-10-21 09:40:00+08,Korea,T1,en,true,,false,false,0,0.0,0.0
U004274,airport_150,2025-09-04 08:35:00+08,B005323,2025-09-08 08:35:00+08,USA,T1,ko,true,,false,false,0,0.0,0.0
U022344,airport_150,2025-09-14 09:05:00+08,B006522,2025-09-19 09:05:00+08,Singapore,T2,ko,true,,false,false,0,0.0,0.0
U004067,airport_150,2025-09-20 22:46:00+08,B002397,2025-09-26 22:46:00+08,Korea,T1,ko,true,,false,false,0,0.0,0.0
U021436,control,2025-09-19 22:19:00+08,B001519,2025-09-20 22:19:00+08,Hong Kong,T2,ko,true,,false,false,0,0.0,0.0
U025690,airport_150,2025-10-09 06:45:00+08,B003500,2025-10-14 06:45:00+08,USA,T2,ja,true,,false,false,0,0.0,0.0
U026858,airport_150,2025-10-07 12:05:00+08,B001095,2025-10-11 12:05:00+08,Thailand,T1,ja,true,,false,false,0,0.0,0.0
U004838,bundle_100_100,2025-09-25 07:12:00+08,B004654,2025-09-30 07:12:00+08,Hong Kong,T1,en,true,,false,false,0,0.0,0.0
U019149,airport_150,2025-09-16 17:19:00+08,B001775,2025-09-22 17:19:00+08,Thailand,T1,en,true,,false,false,0,0.0,0.0
U011143,bundle_100_100,2025-10-17 06:21:00+08,B011640,2025-10-18 06:21:00+08,Japan,T1,ja,true,,false,false,0,0.0,0.0
U025923,airport_150,2025-09-16 06:14:00+08,B001437,2025-09-22 06:14:00+08,Korea,T2,en,true,,false,false,0,0.0,0.0
U016233,bundle_100_100,2025-10-06 06:24:00+08,B017049,2025-10-11 06:24:00+08,Hong Kong,T2,zh-TW,true,,false,false,1,85.2,0.0
U027092,airport_150,2025-09-15 23:48:00+08,B014029,2025-09-19 23:48:00+08,Hong Kong,T2,ja,true,,false,false,0,0.0,0.0
U010875,bundle_100_100,2025-09-12 05:21:00+08,B013584,2025-09-18 05:21:00+08,Singapore,T1,en,true,,false,false,0,0.0,0.0
U026400,bundle_100_100,2025-10-05 11:45:00+08,B013470,2025-10-06 11:45:00+08,Hong Kong,T1,ja,true,,false,false,0,0.0,0.0
U001015,bundle_100_100,2025-09-21 06:47:00+08,B004728,2025-09-26 06:47:00+08,Japan,T2,ja,true,,false,false,0,0.0,0.0
U024773,airport_150,2025-09-29 08:34:00+08,B014222,2025-10-03 08:34:00+08,Thailand,T2,ko,true,,false,false,0,0.0,0.0
U020375,bundle_100_100,2025-09-08 05:16:00+08,B004720,2025-09-14 05:16:00+08,Singapore,T1,ko,true,,false,false,0,0.0,0.0
U006318,airport_150,2025-10-05 06:14:00+08,B009227,2025-10-08 06:14:00+08,Singapore,T1,zh-TW,true,,false,false,0,0.0,0.0
U029231,airport_150,2025-10-09 07:46:00+08,B004843,2025-10-15 07:46:00+08,Singapore,T1,zh-TW,true,,false,false,0,0.0,0.0
U006621,bundle_100_100,2025-10-17 09:43:00+08,B009106,2025-10-22 09:43:00+08,USA,T2,zh-TW,true,,false,false,0,0.0,0.0
U002518,bundle_100_100,2025-09-12 20:13:00+08,B003413,2025-09-15 20:13:00+08,Japan,T2,zh-TW,true,,false,false,0,0.0,0.0
U012869,bundle_100_100,2025-09-11 09:46:00+08,B013454,2025-09-12 09:46:00+08,Japan,T2,ko,true,,false,false,0,0.0,0.0
U018150,airport_150,2025-10-15 12:35:00+08,B008669,2025-10-17 12:35:00+08,Japan,T1,ja,true,,false,false,0,0.0,0.0
U021416,bundle_100_100,2025-09-19 05:22:00+08,B012933,2025-09-25 05:22:00+08,Singapore,T2,zh-TW,true,,false,false,0,0.0,0.0
U008883,airport_150,2025-09-06 11:12:00+08,B005758,2025-09-12 11:12:00+08,Hong Kong,T1,ko,true,,false,false,0,0.0,0.0
U015100,control,2025-09-27 04:18:00+08,B005090,2025-09-30 04:18:00+08,USA,T2,zh-TW,true,,false,false,0,0.0,0.0
U019738,airport_150,2025-09-30 19:33:00+08,B002275,2025-10-02 19:33:00+08,Japan,T1,en,true,,false,false,0,0.0,0.0
U000384,bundle_100_100,2025-10-01 08:57:00+08,B000704,2025-10-07 08:57:00+08,Hong Kong,T1,ko,true,,false,false,0,0.0,0.0
U002422,airport_150,2025-09-17 01:16:00+08,B016821,2025-09-21 01:16:00+08,Korea,T1,zh-TW,true,,false,false,0,0.0,0.0
U024274,control,2025-09-04 13:10:00+08,B004775,2025-09-05 13:10:00+08,Korea,T1,zh-TW,true,,false,false,0,0.0,0.0
U009731,airport_150,2025-09-16 20:54:00+08,B000093,2025-09-19 20:54:00+08,Hong Kong,T2,en,true,,false,false,0,0.0,0.0
U005279,airport_150,2025-09-09 17:11:00+08,B006343,2025-09-14 17:11:00+08,Japan,T2,en,true,,false,false,0,0.0,0.0
U022721,bundle_100_100,2025-09-10 18:59:00+08,B006724,2025-09-13 18:59:00+08,Thailand,T2,ko,true,,false,false,0,0.0,0.0
U025928,control,2025-10-22 12:10:00+08,B009004,2025-10-25 12:10:00+08,Hong Kong,T2,zh-TW,true,,false,false,0,0.0,0.0
U001732,airport_150,2025-10-01 09:44:00+08,B006990,2025-10-04 09:44:00+08,Japan,T2,zh-TW,true,,false,false,0,0.0,0.0
U006715,bundle_100_100,2025-10-17 07:46:00+08,B006516,2025-10-22 07:46:00+08,Japan,T1,ko,true,,false,false,0,0.0,0.0
U014552,airport_150,2025-10-21 07:41:00+08,B014636,2025-10-24 07:41:00+08,Singapore,T1,ja,true,,false,false,0,0.0,0.0
U023242,bundle_100_100,2025-10-24 12:59:00+08,B008531,2025-10-25 12:59:00+08,Hong Kong,T1,ja,true,,false,false,0,0.0,0.0
U003230,bundle_100_100,2025-10-06 17:47:00+08,B002802,2025-10-08 17:47:00+08,USA,T1,ja,true,,false,false,0,0.0,0.0
U003959,bundle_100_100,2025-09-01 20:20:00+08,B016145,2025-09-07 20:20:00+08,Singapore,T2,ko,true,,false,false,0,0.0,0.0
U018779,airport_150,2025-10-19 06:34:00+08,B001079,2025-10-24 06:34:00+08,Korea,T1,ko,true,,false,false,0,0.0,0.0
U018897,airport_150,2025-10-18 11:34:00+08,B014264,2025-10-20 11:34:00+08,Hong Kong,T2,en,true,,false,false,0,0.0,0.0
U010445,airport_150,2025-10-05 10:16:00+08,B005472,2025-10-11 10:16:00+08,Korea,T2,ja,true,,false,false,0,0.0,0.0
U000471,control,2025-09-29 05:20:00+08,B009330,2025-10-05 05:20:00+08,Hong Kong,T2,ko,true,,false,false,0,0.0,0.0
U005055,airport_150,2025-09-06 23:47:00+08,B006754,2025-09-12 23:47:00+08,Korea,T2,en,true,,false,false,0,0.0,0.0
U012377,bundle_100_100,2025-09-14 00:01:00+08,B016206,2025-09-20 00:01:00+08,Korea,T2,ko,true,,false,false,0,0.0,0.0
U027413,bundle_100_100,2025-10-04 23:20:00+08,B004895,2025-10-05 23:20:00+08,Singapore,T1,zh-TW,true,,false,false,0,0.0,0.0
U029012,bundle_100_100,2025-10-21 20:09:00+08,B003797,2025-10-22 20:09:00+08,Singapore,T1,ja,true,,false,false,0,0.0,0.0
U001414,control,2025-09-22 09:11:00+08,B008553,2025-09-24 09:11:00+08,Thailand,T1,zh-TW,true,,false,false,1,77.7,0.0
U004668,bundle_100_100,2025-10-21 20:12:00+08,B017013,2025-10-22 20:12:00+08,Thailand,T1,en,true,,false,false,1,141.0,0.0
U004731,airport_150,2025-09-03 03:06:00+08,B010464,2025-09-04 03:06:00+08,Hong Kong,T1,ko,true,,false,false,0,0.0,0.0
U006591,bundle_100_100,2025-10-05 20:43:00+08,B006770,2025-10-11 20:43:00+08,Hong Kong,T1,zh-TW,true,,false,false,0,0.0,0.0
U012433,bundle_100_100,2025-09-01 05:03:00+08,B016182,2025-09-06 05:03:00+08,Thailand,T2,ko,true,,false,false,0,0.0,0.0
U018326,airport_150,2025-10-20 16:04:00+08,B017687,2025-10-23 16:04:00+08,Korea,T2,zh-TW,true,,false,false,0,0.0,0.0
U002358,bundle_100_100,2025-09-01 20:18:00+08,B004280,2025-09-04 20:18:00+08,Hong Kong,T2,ko,true,,false,false,0,0.0,0.0
U022632,bundle_100_100,2025-10-01 21:08:00+08,B005518,2025-10-03 21:08:00+08,Thailand,T2,ko,true,,false,false,0,0.0,0.0
U021589,control,2025-09-11 22:25:00+08,B004233,2025-09-17 22:25:00+08,Singapore,T2,en,true,,false,false,0,0.0,0.0
U029636,airport_150,2025-09-26 08:20:00+08,B000367,2025-10-02 08:20:00+08,Japan,T1,ja,true,,false,false,0,0.0,0.0
U014519,airport_150,2025-09-04 07:37:00+08,B012850,2025-09-05 07:37:00+08,Hong Kong,T2,ja,true,,false,false,0,0.0,0.0
U022006,airport_150,2025-09-08 22:16:00+08,B006371,2025-09-14 22:16:00+08,Singapore,T1,en,true,,false,false,0,0.0,0.0
U000444,bundle_100_100,2025-10-18 23:23:00+08,B013972,2025-10-24 23:23:00+08,Hong Kong,T1,en,true,,false,false,0,0.0,0.0
U022743,airport_150,2025-09-19 13:28:00+08,B017033,2025-09-22 13:28:00+08,USA,T1,en,true,,false,false,0,0.0,0.0
U029160,control,2025-10-03 09:45:00+08,B001774,2025-10-04 09:45:00+08,USA,T2,ja,true,,false,false,0,0.0,0.0
U007570,bundle_100_100,2025-10-04 12:33:00+08,B011897,2025-10-05 12:33:00+08,USA,T2,ko,true,,false,false,0,0.0,0.0
U005551,bundle_100_100,2025-10-05 18:13:00+08,B016157,2025-10-11 18:13:00+08,Thailand,T2,en,true,,false,false,1,54.3,0.0
U004081,bundle_100_100,2025-09-25 00:54:00+08,B015605,2025-09-30 00:54:00+08,Singapore,T1,zh-TW,true,,false,false,0,0.0,0.0
U014007,airport_150,2025-09-17 06:41:00+08,B000351,2025-09-19 06:41:00+08,Singapore,T1,ko,true,,false,false,0,0.0,0.0
U015830,bundle_100_100,2025-10-18 06:46:00+08,B017109,2025-10-23 06:46:00+08,USA,T2,ko,true,,false,false,0,0.0,0.0
U016792,control,2025-10-09 13:42:00+08,B009244,2025-10-15 13:42:00+08,Thailand,T1,ko,true,,false,false,0,0.0,0.0
U029450,bundle_100_100,2025-10-19 23:27:00+08,B014530,2025-10-25 23:27:00+08,Thailand,T2,ja,true,,false,false,0,0.0,0.0
U021274,bundle_100_100,2025-10-09 13:32:00+08,B009411,2025-10-14 13:32:00+08,Korea,T1,ko,true,,false,false,0,0.0,0.0
U021035,bundle_100_100,2025-09-17 10:13:00+08,B016295,2025-09-18 10:13:00+08,Hong Kong,T1,ko,true,,false,false,0,0.0,0.0
U025330,airport_150,2025-09-05 12:42:00+08,B011256,2025-09-07 12:42:00+08,Japan,T1,en,true,,false,false,0,0.0,0.0
U029184,bundle_100_100,2025-09-08 20:55:00+08,B010385,2025-09-14 20:55:00+08,Japan,T2,zh-TW,true,,false,false,0,0.0,0.0
U009137,bundle_100_100,2025-09-11 22:05:00+08,B002092,2025-09-16 22:05:00+08,USA,T2,ko,true,,false,false,1,59.699999999999996,0.0
U021538,airport_150,2025-10-16 07:02:00+08,B014861,2025-10-22 07:02:00+08,Hong Kong,T1,ja,true,,false,false,0,0.0,0.0
U004038,airport_150,2025-09-27 09:30:00+08,B011044,2025-09-30 09:30:00+08,Hong Kong,T2,en,true,,false,false,0,0.0,0.0
U004382,bundle_100_100,2025-09-20 18:55:00+08,B016197,2025-09-23 18:55:00+08,Thailand,T1,en,true,,false,false,0,0.0,0.0
U028767,bundle_100_100,2025-09-24 01:30:00+08,B013013,2025-09-30 01:30:00+08,USA,T2,en,true,,false,false,0,0.0,0.0
U007745,airport_150,2025-09-13 01:21:00+08,B008757,2025-09-18 01:21:00+08,USA,T1,en,true,,false,false,0,0.0,0.0
U008007,airport_150,2025-09-28 22:56:00+08,B016847,2025-10-01 22:56:00+08,Singapore,T2,ja,true,,false,false,0,0.0,0.0
U021217,control,2025-10-15 04:12:00+08,B009942,2025-10-19 04:12:00+08,Thailand,T1,ja,true,,false,false,0,0.0,0.0
U015623,airport_150,2025-10-05 23:45:00+08,B013345,2025-10-08 23:45:00+08,USA,T2,zh-TW,true,,false,false,0,0.0,0.0
U004028,airport_150,2025-10-10 20:48:00+08,B001282,2025-10-12 20:48:00+08,Thailand,T1,zh-TW,true,,false,false,1,100.8,0.0
U007402,airport_150,2025-10-02 14:15:00+08,B008418,2025-10-07 14:15:00+08,Japan,T1,zh-TW,true,,false,false,0,0.0,0.0
U026255,bundle_100_100,2025-10-01 05:54:00+08,B009764,2025-10-03 05:54:00+08,Japan,T2,ko,true,,false,false,0,0.0,0.0
U029313,airport_150,2025-09-11 13:28:00+08,B017898,2025-09-16 13:28:00+08,Hong Kong,T1,zh-TW,true,,false,false,0,0.0,0.0
U012467,bundle_100_100,2025-09-11 23:14:00+08,B010643,2025-09-15 23:14:00+08,USA,T1,ja,true,,false,false,0,0.0,0.0
U005679,bundle_100_100,2025-10-13 22:08:00+08,B004355,2025-10-14 22:08:00+08,Hong Kong,T1,zh-TW,true,,false,false,0,0.0,0.0
U004442,bundle_100_100,2025-09-30 10:50:00+08,B014112,2025-10-01 10:50:00+08,Singapore,T1,ko,true,,false,false,0,0.0,0.0
U022409,bundle_100_100,2025-10-20 05:14:00+08,B001976,2025-10-26 05:14:00+08,Thailand,T1,en,true,,false,false,0,0.0,0.0
U011826,airport_150,2025-10-08 12:59:00+08,B008185,2025-10-12 12:59:00+08,USA,T1,ko,true,,false,false,0,0.0,0.0
U019371,airport_150,2025-10-07 22:01:00+08,B005018,2025-10-12 22:01:00+08,Thailand,T1,en,true,,false,false,0,0.0,0.0
U026895,airport_150,2025-09-04 18:43:00+08,B013460,2025-09-05 18:43:00+08,Japan,T1,ja,true,,false,false,0,0.0,0.0
U000716,bundle_100_100,2025-10-21 11:29:00+08,B011549,2025-10-24 11:29:00+08,Japan,T1,ja,true,,false,false,0,0.0,0.0
U009303,bundle_100_100,2025-09-01 21:26:00+08,B013392,2025-09-02 21:26:00+08,USA,T2,ja,true,,false,false,0,0.0,0.0
U023680,bundle_100_100,2025-09-03 06:20:00+08,B002993,2025-09-05 06:20:00+08,Japan,T1,en,true,,false,false,0,0.0,0.0
U024287,bundle_100_100,2025-10-10 19:21:00+08,B017502,2025-10-12 19:21:00+08,Japan,T1,en,true,,false,false,0,0.0,0.0
U014525,bundle_100_100,2025-09-26 21:15:00+08,B012314,2025-09-29 21:15:00+08,Hong Kong,T2,en,true,,false,false,0,0.0,0.0
U006140,bundle_100_100,2025-09-22 06:43:00+08,B009910,2025-09-26 06:43:00+08,Japan,T1,zh-TW,true,,false,false,0,0.0,0.0
U017948,bundle_100_100,2025-09-08 10:46:00+08,B006329,2025-09-13 10:46:00+08,USA,T1,ko,true,,false,false,0,0.0,0.0
U001276,control,2025-09-08 23:07:00+08,B010933,2025-09-12 23:07:00+08,USA,T1,zh-TW,true,,false,false,0,0.0,0.0
U022850,control,2025-10-01 06:11:00+08,B013621,2025-10-02 06:11:00+08,Hong Kong,T1,ko,true,,false,false,0,0.0,0.0
U002087,airport_150,2025-09-15 01:57:00+08,B002558,2025-09-16 01:57:00+08,Singapore,T2,ja,true,,false,false,0,0.0,0.0
U024534,airport_150,2025-09-05 23:54:00+08,B011859,2025-09-09 23:54:00+08,Hong Kong,T1,zh-TW,true,,false,false,0,0.0,0.0
U000214,bundle_100_100,2025-09-05 07:38:00+08,B012432,2025-09-07 07:38:00+08,Korea,T2,zh-TW,true,,false,false,0,0.0,0.0
U008940,airport_150,2025-10-07 10:25:00+08,B012179,2025-10-12 10:25:00+08,Japan,T2,ja,true,,false,false,0,0.0,0.0
U010584,airport_150,2025-09-20 08:41:00+08,B003582,2025-09-21 08:41:00+08,Korea,T2,zh-TW,true,,false,false,0,0.0,0.0
U026321,airport_150,2025-09-17 03:53:00+08,B015347,2025-09-21 03:53:00+08,Singapore,T2,en,true,,false,false,0,0.0,0.0
U000143,bundle_100_100,2025-09-27 09:56:00+08,B003220,2025-10-01 09:56:00+08,Hong Kong,T1,en,true,,false,false,0,0.0,0.0
U016635,control,2025-09-22 06:33:00+08,B014531,2025-09-27 06:33:00+08,Korea,T1,en,true,,false,false,0,0.0,0.0
U024472,bundle_100_100,2025-09-02 23:00:00+08,B010869,2025-09-08 23:00:00+08,Korea,T2,ko,true,,false,false,0,0.0,0.0
U003029,airport_150,2025-09-01 01:45:00+08,B009053,2025-09-04 01:45:00+08,USA,T2,ja,true,,false,false,0,0.0,0.0
U016949,bundle_100_100,2025-10-24 10:01:00+08,B017214,2025-10-25 10:01:00+08,Korea,T2,ko,true,,false,false,0,0.0,0.0
U021877,airport_150,2025-09-13 21:43:00+08,B010284,2025-09-19 21:43:00+08,USA,T1,ko,true,,false,false,0,0.0,0.0
U028816,airport_150,2025-09-22 06:36:00+08,B004376,2025-09-24 06:36:00+08,Korea,T1,ja,true,,false,false,0,0.0,0.0
U016438,airport_150,2025-10-13 10:46:00+08,B009218,2025-10-16 10:46:00+08,USA,T2,zh-TW,true,,false,false,0,0.0,0.0
U010248,airport_150,2025-10-05 02:21:00+08,B002031,2025-10-11 02:21:00+08,Singapore,T2,en,true,,false,false,0,0.0,0.0
U015287,control,2025-09-22 20:39:00+08,B011183,2025-09-28 20:39:00+08,Hong Kong,T1,en,true,,false,false,0,0.0,0.0
U016958,airport_150,2025-09-27 23:42:00+08,B017401,2025-09-28 23:42:00+08,Korea,T1,zh-TW,true,,false,false,0,0.0,0.0
U019984,airport_150,2025-10-14 15:46:00+08,B015807,2025-10-19 15:46:00+08,USA,T2,ja,true,,false,false,0,0.0,0.0
U029201,airport_150,2025-10-19 09:03:00+08,B012235,2025-10-22 09:03:00+08,Korea,T2,ko,true,,false,false,0,0.0,0.0
U002107,bundle_100_100,2025-09-27 21:33:00+08,B014923,2025-09-29 21:33:00+08,USA,T2,ja,true,,false,false,0,0.0,0.0
U027007,bundle_100_100,2025-09-02 10:47:00+08,B009076,2025-09-05 10:47:00+08,Hong Kong,T1,ja,true,,false,false,0,0.0,0.0
U001953,airport_150,2025-09-29 00:52:00+08,B010240,2025-10-02 00:52:00+08,USA,T2,ja,true,,false,false,0,0.0,0.0
U008163,bundle_100_100,2025-10-07 08:57:00+08,B002886,2025-10-11 08:57:00+08,Korea,T1,en,true,,false,false,0,0.0,0.0
U023145,airport_150,2025-09-18 19:47:00+08,B017580,2025-09-21 19:47:00+08,USA,T2,en,true,,false,false,0,0.0,0.0
U012381,airport_150,2025-09-15 08:38:00+08,B011578,2025-09-21 08:38:00+08,Japan,T2,ko,true,,false,false,0,0.0,0.0
U029644,bundle_100_100,2025-09-06 16:36:00+08,B013861,2025-09-08 16:36:00+08,Hong Kong,T1,ja,true,,false,false,0,0.0,0.0
U009481,control,2025-10-19 21:21:00+08,B003474,2025-10-23 21:21:00+08,Hong Kong,T2,zh-TW,true,,false,false,0,0.0,0.0
U020166,control,2025-09-08 08:11:00+08,B011459,2025-09-09 08:11:00+08,Korea,T2,zh-TW,true,,false,false,0,0.0,0.0
U018822,control,2025-09-01 05:34:00+08,B002934,2025-09-04 05:34:00+08,Korea,T1,en,true,,false,false,0,0.0,0.0
U007211,bundle_100_100,2025-10-10 21:27:00+08,B008698,2025-10-12 21:27:00+08,USA,T2,en,true,,false,false,0,0.0,0.0
U015576,control,2025-09-01 05:22:00+08,B003279,2025-09-05 05:22:00+08,Singapore,T1,zh-TW,true,,false,false,0,0.0,0.0
U027929,airport_150,2025-09-11 17:24:00+08,B006790,2025-09-16 17:24:00+08,Hong Kong,T2,en,true,,false,false,0,0.0,0.0
U004014,bundle_100_100,2025-09-08 23:46:00+08,B001681,2025-09-09 23:46:00+08,Japan,T1,ja,true,,false,false,0,0.0,0.0
U015424,airport_150,2025-10-17 23:23:00+08,B007495,2025-10-18 23:23:00+08,Japan,T1,en,true,,false,false,0,0.0,0.0
U000352,control,2025-09-06 19:07:00+08,B001555,2025-09-11 19:07:00+08,Thailand,T1,ko,true,,false,false,0,0.0,0.0
U003979,bundle_100_100,2025-10-22 12:07:00+08,B002803,2025-10-26 12:07:00+08,Singapore,T1,ja,true,,false,false,0,0.0,0.0
U007027,bundle_100_100,2025-09-15 23:48:00+08,B014559,2025-09-21 23:48:00+08,Thailand,T1,ja,true,,false,false,0,0.0,0.0
U010223,airport_150,2025-10-04 12:34:00+08,B017732,2025-10-05 12:34:00+08,Japan,T1,en,true,,false,false,0,0.0,0.0
U013319,airport_150,2025-10-12 05:19:00+08,B000879,2025-10-17 05:19:00+08,Thailand,T2,ko,true,,false,false,0,0.0,0.0
U019009,bundle_100_100,2025-10-22 21:06:00+08,B017126,2025-10-24 21:06:00+08,Thailand,T1,ja,true,,false,false,0,0.0,0.0
U021489,airport_150,2025-10-16 20:43:00+08,B002205,2025-10-21 20:43:00+08,Korea,T2,zh-TW,true,,false,false,0,0.0,0.0
U004006,bundle_100_100,2025-10-20 08:31:00+08,B006830,2025-10-21 08:31:00+08,Singapore,T2,en,true,,false,false,0,0.0,0.0
U019684,bundle_100_100,2025-10-04 21:28:00+08,B013893,2025-10-08 21:28:00+08,Thailand,T1,zh-TW,true,,false,false,0,0.0,0.0
U023941,airport_150,2025-10-23 07:59:00+08,B008153,2025-10-26 07:59:00+08,Thailand,T2,zh-TW,true,,false,false,0,0.0,0.0
U027145,airport_150,2025-10-14 12:04:00+08,B016040,2025-10-19 12:04:00+08,Hong Kong,T2,ja,true,,false,false,0,0.0,0.0
U012243,airport_150,2025-10-18 05:19:00+08,B000684,2025-10-22 05:19:00+08,Thailand,T2,zh-TW,true,,false,false,0,0.0,0.0
U026670,bundle_100_100,2025-09-27 17:58:00+08,B015672,2025-10-02 17:58:00+08,Korea,T2,en,true,,false,false,0,0.0,0.0
U000324,bundle_100_100,2025-09-01 06:12:00+08,B011398,2025-09-05 06:12:00+08,Japan,T2,en,true,,false,false,0,0.0,0.0
U018992,bundle_100_100,2025-10-17 05:40:00+08,B017091,2025-10-18 05:40:00+08,USA,T1,ko,true,,false,false,0,0.0,0.0
U000842,airport_150,2025-09-10 23:11:00+08,B009190,2025-09-14 23:11:00+08,Korea,T2,ja,true,,false,false,0,0.0,0.0
U008250,bundle_100_100,2025-10-01 17:19:00+08,B017067,2025-10-03 17:19:00+08,Japan,T1,en,true,,false,false,0,0.0,0.0
U014554,bundle_100_100,2025-09-20 06:56:00+08,B001084,2025-09-26 06:56:00+08,Hong Kong,T2,ko,true,,false,false,0,0.0,0.0
U007528,bundle_100_100,2025-09-05 20:56:00+08,B015900,2025-09-08 20:56:00+08,Japan,T1,ko,true,,false,false,0,0.0,0.0
U021011,bundle_100_100,2025-09-17 17:31:00+08,B012167,2025-09-22 17:31:00+08,USA,T2,zh-TW,true,,false,false,0,0.0,0.0
U011892,airport_150,2025-09-02 06:03:00+08,B011784,2025-09-03 06:03:00+08,Thailand,T2,en,true,,false,false,0,0.0,0.0
U004482,bundle_100_100,2025-09-07 05:19:00+08,B006544,2025-09-09 05:19:00+08,Thailand,T2,ko,true,,false,false,0,0.0,0.0
U005088,bundle_100_100,2025-10-14 23:11:00+08,B014448,2025-10-16 23:11:00+08,Hong Kong,T2,ko,true,,false,false,0,0.0,0.0
U025055,bundle_100_100,2025-10-01 05:43:00+08,B013448,2025-10-07 05:43:00+08,USA,T2,zh-TW,true,,false,false,0,0.0,0.0
U025982,airport_150,2025-10-06 15:05:00+08,B017867,2025-10-09 15:05:00+08,Thailand,T2,zh-TW,true,,false,false,0,0.0,0.0
U028650,bundle_100_100,2025-09-18 07:09:00+08,B006997,2025-09-24 07:09:00+08,Singapore,T1,en,true,,false,false,0,0.0,0.0
U029299,bundle_100_100,2025-10-04 10:44:00+08,B006723,2025-10-05 10:44:00+08,Korea,T1,ko,true,,false,false,0,0.0,0.0
U000278,bundle_100_100,2025-09-06 08:12:00+08,B011749,2025-09-07 08:12:00+08,USA,T2,en,true,,false,false,0,0.0,0.0
U004646,bundle_100_100,2025-09-06 22:46:00+08,B000325,2025-09-12 22:46:00+08,Singapore,T1,en,true,,false,false,0,0.0,0.0
U011277,bundle_100_100,2025-09-20 04:54:00+08,B011580,2025-09-26 04:54:00+08,Hong Kong,T1,ko,true,,false,false,0,0.0,0.0
U026403,airport_150,2025-09-13 22:37:00+08,B014388,2025-09-14 22:37:00+08,Thailand,T1,en,true,,false,false,0,0.0,0.0
U028847,bundle_100_100,2025-09-29 09:56:00+08,B002678,2025-10-02 09:56:00+08,Thailand,T1,ko,true,,false,false,0,0.0,0.0
U006737,airport_150,2025-10-13 23:17:00+08,B000658,2025-10-18 23:17:00+08,Singapore,T1,ja,true,,false,false,0,0.0,0.0
U007519,bundle_100_100,2025-09-05 23:37:00+08,B015614,2025-09-06 23:37:00+08,Japan,T1,ja,true,,false,false,0,0.0,0.0
U014158,airport_150,2025-09-17 05:41:00+08,B012950,2025-09-23 05:41:00+08,Korea,T1,en,true,,false,false,0,0.0,0.0
U015503,airport_150,2025-10-12 16:25:00+08,B005289,2025-10-16 16:25:00+08,Japan,T1,en,true,,false,false,0,0.0,0.0
U005741,bundle_100_100,2025-09-08 08:55:00+08,B015537,2025-09-11 08:55:00+08,Thailand,T1,zh-TW,true,,false,false,0,0.0,0.0
U018010,airport_150,2025-10-15 09:09:00+08,B013859,2025-10-20 09:09:00+08,Singapore,T1,ko,true,,false,false,0,0.0,0.0
U000646,bundle_100_100,2025-10-19 09:53:00+08,B008710,2025-10-24 09:53:00+08,Korea,T1,zh-TW,true,,false,false,0,0.0,0.0
U020774,bundle_100_100,2025-09-23 14:08:00+08,B014795,2025-09-24 14:08:00+08,USA,T2,ko,true,,false,false,0,0.0,0.0
U029519,bundle_100_100,2025-09-12 20:52:00+08,B006572,2025-09-14 20:52:00+08,Singapore,T2,en,true,,false,false,0,0.0,0.0
U007504,airport_150,2025-10-06 01:54:00+08,B007912,2025-10-07 01:54:00+08,Thailand,T1,ja,true,,false,false,0,0.0,0.0
U028544,bundle_100_100,2025-09-03 17:53:00+08,B006110,2025-09-07 17:53:00+08,Hong Kong,T1,ja,true,,false,false,0,0.0,0.0
U011486,bundle_100_100,2025-09-14 03:38:00+08,B007464,2025-09-19 03:38:00+08,Thailand,T2,en,true,,false,false,0,0.0,0.0
U000218,bundle_100_100,2025-09-16 06:47:00+08,B010499,2025-09-18 06:47:00+08,Singapore,T2,zh-TW,true,,false,false,0,0.0,0.0
U006575,bundle_100_100,2025-10-19 21:32:00+08,B005894,2025-10-25 21:32:00+08,Thailand,T2,zh-TW,true,,false,false,0,0.0,0.0
U008794,bundle_100_100,2025-09-26 22:28:00+08,B015600,2025-09-28 22:28:00+08,Thailand,T1,ko,true,,false,false,0,0.0,0.0
U017269,airport_150,2025-10-06 16:25:00+08,B017045,2025-10-11 16:25:00+08,Singapore,T1,en,true,,false,false,0,0.0,0.0
U002840,bundle_100_100,2025-09-15 01:43:00+08,B011069,2025-09-18 01:43:00+08,Singapore,T2,ja,true,,false,false,0,0.0,0.0
U003831,bundle_100_100,2025-10-09 12:05:00+08,B003116,2025-10-11 12:05:00+08,Thailand,T1,ko,true,,false,false,0,0.0,0.0
U008307,control,2025-09-01 05:45:00+08,B011822,2025-09-03 05:45:00+08,Singapore,T2,ja,true,,false,false,0,0.0,0.0
U014975,bundle_100_100,2025-10-07 07:10:00+08,B016378,2025-10-11 07:10:00+08,Hong Kong,T1,ko,true,,false,false,0,0.0,0.0
U018152,control,2025-09-07 20:40:00+08,B014299,2025-09-12 20:40:00+08,Thailand,T1,ko,true,,false,false,0,0.0,0.0
U021901,control,2025-10-23 18:26:00+08,B004999,2025-10-25 18:26:00+08,Singapore,T2,ja,true,,false,false,0,0.0,0.0
U016986,bundle_100_100,2025-10-10 03:57:00+08,B006779,2025-10-15 03:57:00+08,Thailand,T2,en,true,,false,false,0,0.0,0.0
U004389,bundle_100_100,2025-10-03 20:01:00+08,B003374,2025-10-06 20:01:00+08,Thailand,T2,en,true,,false,false,0,0.0,0.0
U017716,bundle_100_100,2025-10-12 14:37:00+08,B000656,2025-10-16 14:37:00+08,Korea,T1,ko,true,,false,false,0,0.0,0.0
U015644,bundle_100_100,2025-10-12 09:50:00+08,B015568,2025-10-13 09:50:00+08,Thailand,T1,en,true,,false,false,0,0.0,0.0
U018164,bundle_100_100,2025-10-06 21:22:00+08,B013318,2025-10-11 21:22:00+08,Japan,T2,en,true,,false,false,0,0.0,0.0
U014491,bundle_100_100,2025-10-11 04:39:00+08,B007773,2025-10-15 04:39:00+08,Thailand,T2,ko,true,,false,false,0,0.0,0.0
U017703,bundle_100_100,2025-09-11 08:52:00+08,B010899,2025-09-15 08:52:00+08,Singapore,T2,ja,true,,false,false,0,0.0,0.0
U001695,bundle_100_100,2025-09-14 22:13:00+08,B003376,2025-09-20 22:13:00+08,Japan,T2,ja,true,,false,false,0,0.0,0.0
U024258,airport_150,2025-10-25 16:31:00+08,B003594,2025-10-26 16:31:00+08,Hong Kong,T2,zh-TW,true,,false,false,0,0.0,0.0
U022898,airport_150,2025-09-14 23:15:00+08,B012922,2025-09-19 23:15:00+08,Thailand,T1,ko,true,,false,false,0,0.0,0.0
U029038,bundle_100_100,2025-10-05 07:09:00+08,B012750,2025-10-08 07:09:00+08,Singapore,T2,ja,true,,false,false,0,0.0,0.0
U004576,control,2025-10-17 21:02:00+08,B011947,2025-10-23 21:02:00+08,Korea,T1,en,true,,false,false,0,0.0,0.0
U011337,bundle_100_100,2025-09-12 20:22:00+08,B005162,2025-09-16 20:22:00+08,Thailand,T1,ja,true,,false,false,0,0.0,0.0
U008606,airport_150,2025-10-05 05:52:00+08,B007704,2025-10-10 05:52:00+08,Thailand,T1,ja,true,,false,false,0,0.0,0.0
U014225,bundle_100_100,2025-09-15 18:18:00+08,B003905,2025-09-18 18:18:00+08,Singapore,T1,en,true,,false,false,0,0.0,0.0
U005327,airport_150,2025-09-18 14:17:00+08,B011100,2025-09-20 14:17:00+08,Thailand,T2,zh-TW,true,,false,false,0,0.0,0.0
U016332,airport_150,2025-10-19 13:48:00+08,B003528,2025-10-24 13:48:00+08,Japan,T2,zh-TW,true,,false,false,0,0.0,0.0
U029611,airport_150,2025-09-08 00:42:00+08,B013995,2025-09-12 00:42:00+08,Hong Kong,T2,zh-TW,true,,false,false,0,0.0,0.0
U000889,bundle_100_100,2025-09-13 23:07:00+08,B001927,2025-09-18 23:07:00+08,Korea,T1,ko,true,,false,false,0,0.0,0.0
U001412,bundle_100_100,2025-10-21 21:12:00+08,B002212,2025-10-22 21:12:00+08,USA,T1,en,true,,false,false,0,0.0,0.0
U013378,airport_150,2025-09-22 04:46:00+08,B007690,2025-09-25 04:46:00+08,USA,T1,ko,true,,false,false,0,0.0,0.0
U020433,bundle_100_100,2025-09-04 08:09:00+08,B002907,2025-09-06 08:09:00+08,USA,T1,zh-TW,true,,false,false,0,0.0,0.0
U003467,airport_150,2025-09-29 04:22:00+08,B011413,2025-10-03 04:22:00+08,Korea,T2,zh-TW,true,,false,false,0,0.0,0.0
U025780,control,2025-10-23 16:01:00+08,B013387,2025-10-25 16:01:00+08,Thailand,T1,en,true,,false,false,0,0.0,0.0
U008273,control,2025-10-12 07:36:00+08,B010508,2025-10-13 07:36:00+08,USA,T2,zh-TW,true,,false,false,0,0.0,0.0
U019847,airport_150,2025-10-01 05:48:00+08,B006205,2025-10-03 05:48:00+08,Korea,T1,ko,true,,false,false,0,0.0,0.0
U010367,airport_150,2025-10-09 14:41:00+08,B010605,2025-10-13 14:41:00+08,Hong Kong,T1,zh-TW,true,,false,false,0,0.0,0.0
U004904,airport_150,2025-09-18 23:36:00+08,B012021,2025-09-20 23:36:00+08,USA,T2,en,true,,false,false,1,85.5,0.0
U015033,airport_150,2025-09-30 11:17:00+08,B013591,2025-10-06 11:17:00+08,Hong Kong,T2,en,true,,false,false,0,0.0,0.0
U026561,control,2025-09-23 22:33:00+08,B011522,2025-09-29 22:33:00+08,Thailand,T2,ja,true,,false,false,0,0.0,0.0
U028314,bundle_100_100,2025-10-03 05:02:00+08,B008193,2025-10-06 05:02:00+08,Korea,T2,ja,true,,false,false,0,0.0,0.0
U002799,control,2025-09-28 05:26:00+08,B009376,2025-09-29 05:26:00+08,Korea,T2,ja,true,,false,false,0,0.0,0.0
U006805,bundle_100_100,2025-09-24 16:59:00+08,B001567,2025-09-26 16:59:00+08,Singapore,T2,ja,true,,false,false,0,0.0,0.0
U014243,bundle_100_100,2025-10-02 23:52:00+08,B011340,2025-10-05 23:52:00+08,Hong Kong,T1,zh-TW,true,,false,false,0,0.0,0.0
U011047,bundle_100_100,2025-10-15 21:36:00+08,B015488,2025-10-21 21:36:00+08,Thailand,T2,en,true,,false,false,0,0.0,0.0
U011734,airport_150,2025-09-24 22:29:00+08,B004623,2025-09-25 22:29:00+08,Hong Kong,T1,ja,true,,false,false,0,0.0,0.0
U017126,airport_150,2025-09-02 00:36:00+08,B009080,2025-09-08 00:36:00+08,Korea,T2,zh-TW,true,,false,false,0,0.0,0.0
U005067,airport_150,2025-10-08 09:57:00+08,B001203,2025-10-09 09:57:00+08,USA,T1,ko,true,,false,false,0,0.0,0.0
U019301,airport_150,2025-09-02 08:02:00+08,B004014,2025-09-04 08:02:00+08,Thailand,T1,ko,true,2025-09-04 08:52:00+08,true,false,1,67.5,150.0
U009789,airport_150,2025-09-25 07:50:00+08,B005242,2025-10-01 07:50:00+08,USA,T1,ja,true,2025-10-01 08:59:00+08,true,false,1,133.8,150.0
U024386,bundle_100_100,2025-09-28 09:49:00+08,B002726,2025-09-29 09:49:00+08,Thailand,T2,en,true,2025-09-29 11:47:00+08,true,false,1,142.1,100.0
U002003,bundle_100_100,2025-09-17 23:44:00+08,B005539,2025-09-18 23:44:00+08,Korea,T2,ko,true,2025-09-19 00:42:00+08,true,false,1,-34.900000000000006,100.0
U021401,bundle_100_100,2025-10-17 06:53:00+08,B015282,2025-10-23 06:53:00+08,Korea,T2,zh-TW,true,2025-10-23 07:17:00+08,true,false,1,-7.299999999999997,100.0
U027732,bundle_100_100,2025-10-12 01:31:00+08,B003642,2025-10-15 01:31:00+08,Hong Kong,T1,ja,true,2025-10-15 02:21:00+08,true,false,1,103.4,100.0
U027902,airport_150,2025-10-13 04:46:00+08,B016048,2025-10-18 04:46:00+08,Thailand,T1,ko,true,2025-10-18 06:12:00+08,true,true,2,129.59999999999997,150.0
U005687,airport_150,2025-09-16 12:17:00+08,B002477,2025-09-22 12:17:00+08,Singapore,T1,en,true,2025-09-22 13:45:00+08,true,false,1,75.0,150.0
U013679,airport_150,2025-10-05 00:58:00+08,B014471,2025-10-11 00:58:00+08,Japan,T1,ja,true,2025-10-11 01:26:00+08,true,false,1,59.69999999999999,150.0
U012339,bundle_100_100,2025-10-15 05:29:00+08,B009635,2025-10-20 05:29:00+08,Korea,T1,en,true,2025-10-20 06:30:00+08,true,false,1,137.89999999999998,100.0
U002957,bundle_100_100,2025-10-10 21:32:00+08,B009179,2025-10-14 21:32:00+08,Hong Kong,T2,en,true,2025-10-14 22:50:00+08,true,false,1,-13.299999999999997,100.0
U008613,airport_150,2025-10-03 20:24:00+08,B004961,2025-10-09 20:24:00+08,Hong Kong,T1,en,true,2025-10-09 21:58:00+08,true,false,1,111.89999999999998,150.0
U026550,bundle_100_100,2025-10-22 05:39:00+08,B013146,2025-10-23 05:39:00+08,Singapore,T1,en,true,2025-10-23 06:56:00+08,true,false,1,152.6,100.0
U017172,bundle_100_100,2025-10-15 06:24:00+08,B001395,2025-10-18 06:24:00+08,Thailand,T1,zh-TW,true,2025-10-18 08:18:00+08,true,false,1,203.0,100.0
U000851,bundle_100_100,2025-10-18 18:19:00+08,B011421,2025-10-23 18:19:00+08,Hong Kong,T2,ko,true,2025-10-23 18:47:00+08,true,true,2,153.39999999999998,200.0
U029580,bundle_100_100,2025-10-11 07:21:00+08,B012437,2025-10-12 07:21:00+08,USA,T1,ko,true,2025-10-12 09:01:00+08,true,false,1,118.4,100.0
U026170,bundle_100_100,2025-09-28 00:52:00+08,B013190,2025-10-04 00:52:00+08,USA,T1,zh-TW,true,2025-10-04 01:39:00+08,true,false,1,89.6,100.0
U012807,bundle_100_100,2025-09-28 19:53:00+08,B003663,2025-09-29 19:53:00+08,Singapore,T1,en,true,2025-09-29 20:20:00+08,true,false,1,167.3,100.0
U029542,airport_150,2025-10-10 06:55:00+08,B001331,2025-10-12 06:55:00+08,Thailand,T2,zh-TW,true,2025-10-12 08:47:00+08,true,false,1,167.09999999999997,150.0
U027348,bundle_100_100,2025-10-21 14:25:00+08,B017654,2025-10-26 14:25:00+08,Hong Kong,T1,en,true,2025-10-26 16:16:00+08,true,false,1,115.1,100.0
U001643,airport_150,2025-09-13 06:13:00+08,B009435,2025-09-14 06:13:00+08,Singapore,T1,ja,true,2025-09-14 06:52:00+08,true,false,1,145.8,150.0
U005544,airport_150,2025-10-17 08:46:00+08,B012529,2025-10-23 08:46:00+08,USA,T2,en,true,2025-10-23 09:07:00+08,true,true,2,287.7,150.0
U023787,bundle_100_100,2025-09-27 20:51:00+08,B004883,2025-09-30 20:51:00+08,Hong Kong,T1,ko,true,2025-09-30 21:13:00+08,true,false,1,-7.0,100.0
U014900,bundle_100_100,2025-10-16 20:06:00+08,B001785,2025-10-20 20:06:00+08,Korea,T2,zh-TW,true,2025-10-20 21:57:00+08,true,false,1,6.200000000000003,100.0
U008401,airport_150,2025-09-02 07:13:00+08,B002731,2025-09-05 07:13:00+08,Singapore,T1,ko,true,2025-09-05 08:35:00+08,true,false,1,134.39999999999998,150.0
U025543,airport_150,2025-10-15 05:01:00+08,B014332,2025-10-20 05:01:00+08,Japan,T2,ja,true,2025-10-20 05:49:00+08,true,false,1,141.89999999999998,150.0
U004169,airport_150,2025-09-18 09:31:00+08,B002050,2025-09-20 09:31:00+08,Singapore,T1,zh-TW,true,2025-09-20 10:31:00+08,true,true,2,113.10000000000001,150.0
U024345,airport_150,2025-10-06 11:35:00+08,B015305,2025-10-10 11:35:00+08,USA,T2,zh-TW,true,2025-10-10 12:05:00+08,true,false,1,79.79999999999998,150.0
U000393,airport_150,2025-09-18 20:29:00+08,B013529,2025-09-22 20:29:00+08,USA,T2,en,true,2025-09-22 21:41:00+08,true,true,2,293.09999999999997,150.0
U005975,bundle_100_100,2025-09-27 14:17:00+08,B017513,2025-10-01 14:17:00+08,USA,T2,ko,true,2025-10-01 15:05:00+08,true,true,2,72.09999999999998,200.0
U008411,bundle_100_100,2025-10-14 22:17:00+08,B006378,2025-10-17 22:17:00+08,Korea,T2,zh-TW,true,2025-10-17 23:44:00+08,true,false,1,-11.799999999999997,100.0
U018480,bundle_100_100,2025-10-12 08:49:00+08,B010560,2025-10-14 08:49:00+08,USA,T1,ja,true,2025-10-14 09:26:00+08,true,true,2,215.79999999999995,200.0
U003628,bundle_100_100,2025-09-23 08:56:00+08,B001843,2025-09-28 08:56:00+08,Korea,T2,ja,true,2025-09-28 10:05:00+08,true,false,1,98.9,100.0
U021341,airport_150,2025-09-20 10:24:00+08,B015726,2025-09-25 10:24:00+08,USA,T1,ja,true,2025-09-25 11:48:00+08,true,false,1,87.29999999999998,150.0
U011692,airport_150,2025-10-07 18:36:00+08,B009059,2025-10-10 18:36:00+08,Singapore,T2,en,true,2025-10-10 19:41:00+08,true,true,2,335.1,150.0
U023180,airport_150,2025-10-09 06:04:00+08,B015883,2025-10-10 06:04:00+08,Japan,T1,ko,true,2025-10-10 06:58:00+08,true,false,1,78.9,150.0
U009126,bundle_100_100,2025-09-20 21:46:00+08,B006769,2025-09-21 21:46:00+08,Thailand,T2,en,true,2025-09-21 22:44:00+08,true,false,1,194.0,100.0
U019690,bundle_100_100,2025-09-07 00:29:00+08,B003493,2025-09-10 00:29:00+08,Singapore,T1,ko,true,2025-09-10 01:08:00+08,true,false,1,113.6,100.0
U015298,bundle_100_100,2025-10-15 17:01:00+08,B006556,2025-10-19 17:01:00+08,Japan,T1,zh-TW,true,2025-10-19 18:13:00+08,true,false,1,156.5,100.0
U020558,bundle_100_100,2025-09-24 09:45:00+08,B013601,2025-09-30 09:45:00+08,Hong Kong,T1,zh-TW,true,2025-09-30 10:06:00+08,true,false,1,79.1,100.0
U019782,bundle_100_100,2025-10-13 23:53:00+08,B015204,2025-10-16 23:53:00+08,Thailand,T2,ko,true,2025-10-17 01:16:00+08,true,false,1,120.19999999999999,100.0
U022576,bundle_100_100,2025-09-07 22:35:00+08,B016103,2025-09-13 22:35:00+08,Singapore,T1,zh-TW,true,2025-09-13 23:29:00+08,true,false,1,114.5,100.0
U015697,bundle_100_100,2025-09-23 11:58:00+08,B010037,2025-09-27 11:58:00+08,USA,T1,zh-TW,true,2025-09-27 12:47:00+08,true,false,1,63.19999999999999,100.0
U029154,airport_150,2025-10-22 09:34:00+08,B001172,2025-10-26 09:34:00+08,Korea,T2,en,true,2025-10-26 11:18:00+08,true,false,1,39.599999999999994,150.0
U000420,airport_150,2025-10-23 23:50:00+08,B017319,2025-10-24 23:50:00+08,Hong Kong,T1,ja,true,2025-10-25 01:47:00+08,true,false,1,21.0,150.0
U025282,airport_150,2025-10-16 20:11:00+08,B001741,2025-10-20 20:11:00+08,USA,T2,ja,true,2025-10-20 21:13:00+08,true,false,1,110.39999999999998,150.0
U015578,bundle_100_100,2025-09-06 08:22:00+08,B012230,2025-09-12 08:22:00+08,USA,T2,ja,true,2025-09-12 09:01:00+08,true,false,1,103.1,100.0
U027595,airport_150,2025-09-09 07:56:00+08,B013924,2025-09-15 07:56:00+08,USA,T2,ja,true,2025-09-15 09:07:00+08,true,false,1,76.79999999999998,150.0
U011475,bundle_100_100,2025-09-30 05:45:00+08,B000297,2025-10-04 05:45:00+08,Thailand,T2,ko,true,2025-10-04 06:28:00+08,true,true,2,140.2,200.0
U000776,bundle_100_100,2025-10-09 11:41:00+08,B017035,2025-10-11 11:41:00+08,Japan,T1,ko,true,2025-10-11 12:15:00+08,true,false,1,69.79999999999998,100.0
U020528,bundle_100_100,2025-10-15 03:40:00+08,B017043,2025-10-18 03:40:00+08,USA,T2,en,true,2025-10-18 05:20:00+08,true,true,2,227.49999999999997,200.0
U024551,bundle_100_100,2025-09-20 20:26:00+08,B005815,2025-09-21 20:26:00+08,Japan,T1,ja,true,2025-09-21 20:51:00+08,true,false,1,172.7,100.0
U018537,airport_150,2025-10-02 09:13:00+08,B013019,2025-10-08 09:13:00+08,Thailand,T1,ko,true,2025-10-08 10:42:00+08,true,false,1,54.900000000000006,150.0
U023759,bundle_100_100,2025-09-25 11:59:00+08,B004628,2025-09-27 11:59:00+08,Thailand,T2,ko,true,2025-09-27 12:39:00+08,true,false,1,-19.60000000000001,100.0
U025792,bundle_100_100,2025-09-09 21:55:00+08,B012575,2025-09-11 21:55:00+08,Korea,T2,zh-TW,true,2025-09-11 22:23:00+08,true,true,2,112.59999999999998,200.0
U020501,airport_150,2025-09-12 08:23:00+08,B016624,2025-09-15 08:23:00+08,USA,T2,ja,true,2025-09-15 09:27:00+08,true,false,1,80.1,150.0
U021250,bundle_100_100,2025-10-17 16:16:00+08,B010733,2025-10-23 16:16:00+08,Hong Kong,T2,ja,true,2025-10-23 16:45:00+08,true,false,1,114.79999999999998,100.0
U004267,airport_150,2025-10-11 06:28:00+08,B002459,2025-10-17 06:28:00+08,Thailand,T2,ja,true,2025-10-17 08:08:00+08,true,true,2,201.9,150.0
U025956,bundle_100_100,2025-09-16 22:32:00+08,B013115,2025-09-22 22:32:00+08,Japan,T1,en,true,2025-09-23 00:30:00+08,true,true,2,61.29999999999998,200.0
U024709,bundle_100_100,2025-09-03 20:25:00+08,B015334,2025-09-09 20:25:00+08,Korea,T1,ko,true,2025-09-09 21:34:00+08,true,true,2,33.10000000000001,200.0
U015562,airport_150,2025-10-06 03:23:00+08,B010193,2025-10-07 03:23:00+08,Hong Kong,T1,ko,true,2025-10-07 03:52:00+08,true,false,1,9.599999999999994,150.0
U014048,airport_150,2025-09-13 21:36:00+08,B013799,2025-09-19 21:36:00+08,Japan,T2,zh-TW,true,2025-09-19 22:19:00+08,true,false,1,88.19999999999999,150.0
U002289,airport_150,2025-09-18 09:07:00+08,B016953,2025-09-22 09:07:00+08,USA,T2,ja,true,2025-09-22 10:24:00+08,true,false,1,43.79999999999998,150.0
U001720,airport_150,2025-09-18 20:46:00+08,B002508,2025-09-21 20:46:00+08,Thailand,T2,zh-TW,true,2025-09-21 21:37:00+08,true,true,2,260.1,150.0
U003892,airport_150,2025-09-14 05:14:00+08,B003261,2025-09-15 05:14:00+08,Thailand,T2,en,true,2025-09-15 06:31:00+08,true,false,1,155.39999999999998,150.0
U012958,airport_150,2025-09-20 17:39:00+08,B004818,2025-09-25 17:39:00+08,Korea,T2,en,true,2025-09-25 18:18:00+08,true,true,2,114.3,150.0
U026788,bundle_100_100,2025-10-09 17:31:00+08,B015476,2025-10-12 17:31:00+08,Japan,T2,zh-TW,true,2025-10-12 17:53:00+08,true,false,1,80.6,100.0
U027940,airport_150,2025-09-09 20:27:00+08,B010907,2025-09-10 20:27:00+08,Thailand,T2,en,true,2025-09-10 20:47:00+08,true,false,1,109.5,150.0
U017544,airport_150,2025-10-04 08:45:00+08,B016808,2025-10-09 08:45:00+08,USA,T2,en,true,2025-10-09 10:25:00+08,true,false,1,25.19999999999999,150.0
U020270,bundle_100_100,2025-09-25 19:18:00+08,B016929,2025-09-28 19:18:00+08,Japan,T1,en,true,2025-09-28 20:52:00+08,true,false,1,-7.299999999999997,100.0
U023271,bundle_100_100,2025-10-08 15:30:00+08,B016249,2025-10-09 15:30:00+08,USA,T1,zh-TW,true,2025-10-09 15:53:00+08,true,false,1,119.0,100.0
U006648,airport_150,2025-10-24 21:39:00+08,B004792,2025-10-26 21:39:00+08,Thailand,T1,en,true,2025-10-26 22:29:00+08,true,false,1,169.5,150.0
U003379,bundle_100_100,2025-09-04 01:15:00+08,B005905,2025-09-05 01:15:00+08,Thailand,T1,en,true,2025-09-05 01:46:00+08,true,false,1,52.099999999999994,100.0
U002813,airport_150,2025-09-20 23:03:00+08,B013006,2025-09-24 23:03:00+08,Singapore,T1,ko,true,2025-09-24 23:49:00+08,true,false,1,125.69999999999999,150.0
U009053,airport_150,2025-09-27 23:46:00+08,B003001,2025-09-30 23:46:00+08,Thailand,T1,en,true,2025-10-01 01:33:00+08,true,false,1,63.900000000000006,150.0
U005379,airport_150,2025-09-30 07:48:00+08,B001921,2025-10-02 07:48:00+08,Singapore,T1,ko,true,2025-10-02 09:24:00+08,true,false,1,35.099999999999994,150.0
U022949,bundle_100_100,2025-10-09 06:05:00+08,B016108,2025-10-13 06:05:00+08,Hong Kong,T1,ko,true,2025-10-13 06:52:00+08,true,false,1,237.8,100.0
U003023,bundle_100_100,2025-10-19 06:03:00+08,B013899,2025-10-22 06:03:00+08,Korea,T1,ko,true,2025-10-22 07:30:00+08,true,true,2,278.9,100.0
U008493,bundle_100_100,2025-09-16 06:42:00+08,B012038,2025-09-21 06:42:00+08,Thailand,T2,zh-TW,true,2025-09-21 08:33:00+08,true,true,2,192.7,200.0
U006366,airport_150,2025-09-21 08:06:00+08,B000411,2025-09-24 08:06:00+08,Hong Kong,T1,en,true,2025-09-24 09:20:00+08,true,false,1,86.69999999999999,150.0
U019576,bundle_100_100,2025-10-10 21:58:00+08,B017571,2025-10-15 21:58:00+08,Hong Kong,T1,en,true,2025-10-15 23:00:00+08,true,false,1,159.8,100.0
U025205,bundle_100_100,2025-10-25 05:01:00+08,B012149,2025-10-26 05:01:00+08,Thailand,T2,ja,true,2025-10-26 05:57:00+08,true,true,2,178.0,200.0
U006464,airport_150,2025-09-06 07:01:00+08,B011918,2025-09-09 07:01:00+08,Hong Kong,T2,en,true,2025-09-09 07:33:00+08,true,false,1,110.69999999999999,150.0
U018140,airport_150,2025-10-12 05:41:00+08,B006108,2025-10-18 05:41:00+08,Singapore,T1,zh-TW,true,2025-10-18 06:26:00+08,true,false,1,-39.900000000000006,150.0
U003242,bundle_100_100,2025-10-08 00:41:00+08,B013950,2025-10-11 00:41:00+08,Singapore,T1,ja,true,2025-10-11 02:28:00+08,true,false,1,87.79999999999998,100.0
U000396,airport_150,2025-10-04 21:18:00+08,B004435,2025-10-05 21:18:00+08,USA,T1,en,true,2025-10-05 21:41:00+08,true,false,1,156.59999999999997,150.0
U010156,bundle_100_100,2025-09-11 02:28:00+08,B000856,2025-09-15 02:28:00+08,USA,T2,ko,true,2025-09-15 03:01:00+08,true,false,1,97.1,100.0
U005817,bundle_100_100,2025-10-25 11:21:00+08,B003035,2025-10-26 11:21:00+08,Korea,T1,zh-TW,true,2025-10-26 12:46:00+08,true,false,1,-9.400000000000006,100.0
U018122,bundle_100_100,2025-10-13 08:28:00+08,B002096,2025-10-15 08:28:00+08,Thailand,T2,en,true,2025-10-15 09:08:00+08,true,false,1,82.69999999999999,100.0
U006755,bundle_100_100,2025-10-16 09:05:00+08,B013442,2025-10-17 09:05:00+08,Korea,T1,ja,true,2025-10-17 09:25:00+08,true,true,2,228.09999999999997,200.0
U011831,bundle_100_100,2025-09-17 05:43:00+08,B007913,2025-09-23 05:43:00+08,Korea,T2,en,true,2025-09-23 07:41:00+08,true,false,1,158.0,100.0
U025182,bundle_100_100,2025-09-15 08:13:00+08,B000494,2025-09-20 08:13:00+08,USA,T1,zh-TW,true,2025-09-20 09:02:00+08,true,false,1,110.29999999999998,100.0
U001469,bundle_100_100,2025-09-18 16:46:00+08,B015956,2025-09-19 16:46:00+08,Singapore,T2,zh-TW,true,2025-09-19 18:46:00+08,true,false,1,-32.8,100.0
U005650,airport_150,2025-10-10 11:59:00+08,B011644,2025-10-15 11:59:00+08,Korea,T2,zh-TW,true,2025-10-15 12:21:00+08,true,false,1,-75.9,150.0
U014072,airport_150,2025-09-25 20:07:00+08,B000142,2025-09-27 20:07:00+08,Korea,T2,ko,true,2025-09-27 21:44:00+08,true,false,1,-46.8,150.0
U021555,airport_150,2025-10-15 04:39:00+08,B014446,2025-10-18 04:39:00+08,Korea,T2,ko,true,2025-10-18 06:16:00+08,true,false,1,101.69999999999999,150.0
U023749,airport_150,2025-09-02 04:11:00+08,B009086,2025-09-06 04:11:00+08,Singapore,T1,ja,true,2025-09-06 05:30:00+08,true,false,1,192.59999999999997,150.0
U022453,airport_150,2025-10-18 09:03:00+08,B010400,2025-10-19 09:03:00+08,Hong Kong,T2,zh-TW,true,2025-10-19 09:53:00+08,true,false,1,63.900000000000006,150.0
U028579,airport_150,2025-09-25 08:28:00+08,B011724,2025-09-27 08:28:00+08,Japan,T2,zh-TW,true,2025-09-27 10:20:00+08,true,false,1,50.400000000000006,150.0
U008324,bundle_100_100,2025-09-24 22:47:00+08,B017618,2025-09-27 22:47:00+08,USA,T1,en,true,2025-09-28 00:27:00+08,true,false,1,74.0,100.0
U010257,airport_150,2025-09-09 22:40:00+08,B003542,2025-09-13 22:40:00+08,Hong Kong,T2,ja,true,2025-09-13 23:59:00+08,true,false,1,150.0,150.0
U002283,bundle_100_100,2025-09-25 23:36:00+08,B008938,2025-09-30 23:36:00+08,Japan,T1,zh-TW,true,2025-10-01 00:03:00+08,true,false,1,86.0,100.0
U022959,airport_150,2025-09-20 07:42:00+08,B017406,2025-09-24 07:42:00+08,Japan,T2,zh-TW,true,2025-09-24 09:23:00+08,true,false,1,26.400000000000006,150.0
U011189,airport_150,2025-09-13 20:13:00+08,B010369,2025-09-19 20:13:00+08,USA,T1,zh-TW,true,2025-09-19 20:41:00+08,true,false,1,110.69999999999999,150.0
U013090,bundle_100_100,2025-10-21 07:12:00+08,B011047,2025-10-25 07:12:00+08,Singapore,T1,zh-TW,true,2025-10-25 08:07:00+08,true,false,1,199.7,100.0
U025888,airport_150,2025-09-15 00:29:00+08,B014267,2025-09-19 00:29:00+08,USA,T2,ja,true,2025-09-19 01:45:00+08,true,false,1,74.1,150.0
U025649,bundle_100_100,2025-10-20 08:47:00+08,B017346,2025-10-21 08:47:00+08,USA,T2,ja,true,2025-10-21 09:47:00+08,true,false,1,-25.299999999999997,100.0
U023653,airport_150,2025-09-09 08:35:00+08,B009589,2025-09-14 08:35:00+08,Singapore,T1,ja,true,2025-09-14 09:34:00+08,true,false,1,40.19999999999999,150.0
U023519,bundle_100_100,2025-10-05 17:03:00+08,B003750,2025-10-06 17:03:00+08,Korea,T2,en,true,2025-10-06 18:53:00+08,true,false,1,86.6,100.0
U021446,bundle_100_100,2025-09-27 22:41:00+08,B012618,2025-10-02 22:41:00+08,Singapore,T1,en,true,2025-10-03 00:11:00+08,true,false,1,112.1,100.0
U023069,airport_150,2025-10-10 09:40:00+08,B016463,2025-10-13 09:40:00+08,Hong Kong,T2,ko,true,2025-10-13 11:28:00+08,true,true,2,105.30000000000001,150.0
U001058,airport_150,2025-10-22 09:45:00+08,B016928,2025-10-26 09:45:00+08,Singapore,T1,ko,true,2025-10-26 11:24:00+08,true,false,1,-56.7,150.0
U003266,bundle_100_100,2025-09-12 13:21:00+08,B003136,2025-09-17 13:21:00+08,Singapore,T1,ko,true,2025-09-17 14:05:00+08,true,false,1,-19.60000000000001,100.0
U021133,airport_150,2025-09-17 16:54:00+08,B014218,2025-09-23 16:54:00+08,Singapore,T2,ja,true,2025-09-23 17:34:00+08,true,false,1,57.599999999999994,150.0
U021026,airport_150,2025-10-01 21:43:00+08,B004648,2025-10-05 21:43:00+08,Hong Kong,T2,ja,true,2025-10-05 22:15:00+08,true,false,1,168.0,150.0
U004919,bundle_100_100,2025-09-22 03:04:00+08,B002762,2025-09-26 03:04:00+08,Japan,T1,en,true,2025-09-26 03:31:00+08,true,false,1,-36.7,100.0
U003517,airport_150,2025-09-17 09:31:00+08,B005209,2025-09-20 09:31:00+08,Thailand,T1,ko,true,2025-09-20 10:53:00+08,true,false,1,81.29999999999998,150.0
U018242,bundle_100_100,2025-09-24 03:17:00+08,B013937,2025-09-25 03:17:00+08,Singapore,T1,ja,true,2025-09-25 04:52:00+08,true,true,2,293.5,200.0
U000202,bundle_100_100,2025-09-16 23:39:00+08,B005780,2025-09-19 23:39:00+08,Hong Kong,T1,en,true,2025-09-20 00:07:00+08,true,true,2,183.39999999999998,200.0
U026955,bundle_100_100,2025-09-28 02:58:00+08,B003687,2025-09-30 02:58:00+08,Japan,T2,ja,true,2025-09-30 03:39:00+08,true,false,1,148.1,100.0
U002922,airport_150,2025-10-05 09:55:00+08,B003645,2025-10-07 09:55:00+08,USA,T1,en,true,2025-10-07 10:56:00+08,true,false,1,70.79999999999998,150.0
U002783,airport_150,2025-10-20 02:23:00+08,B006719,2025-10-23 02:23:00+08,Hong Kong,T1,ko,true,2025-10-23 03:34:00+08,true,true,2,298.2,150.0
U017829,bundle_100_100,2025-09-09 21:52:00+08,B003904,2025-09-15 21:52:00+08,Hong Kong,T2,ja,true,2025-09-15 23:10:00+08,true,false,1,197.0,100.0
U005532,airport_150,2025-09-30 17:26:00+08,B008630,2025-10-01 17:26:00+08,USA,T2,zh-TW,true,2025-10-01 18:39:00+08,true,true,2,248.7,150.0
U014084,airport_150,2025-09-29 05:10:00+08,B015971,2025-10-03 05:10:00+08,Hong Kong,T2,zh-TW,true,2025-10-03 05:40:00+08,true,true,2,169.19999999999996,150.0
U024302,airport_150,2025-09-08 20:43:00+08,B007853,2025-09-12 20:43:00+08,Singapore,T1,ja,true,2025-09-12 21:40:00+08,true,true,2,207.89999999999998,150.0
U028190,airport_150,2025-09-10 16:24:00+08,B007842,2025-09-12 16:24:00+08,Japan,T2,ja,true,2025-09-12 17:02:00+08,true,true,2,354.9,150.0
U005889,airport_150,2025-10-16 03:01:00+08,B012782,2025-10-18 03:01:00+08,Japan,T2,ja,true,2025-10-18 03:43:00+08,true,false,1,58.5,150.0
U026070,bundle_100_100,2025-09-05 15:31:00+08,B014294,2025-09-11 15:31:00+08,Hong Kong,T2,ja,true,2025-09-11 16:41:00+08,true,false,1,112.4,100.0
U003893,bundle_100_100,2025-09-16 20:24:00+08,B005426,2025-09-19 20:24:00+08,USA,T2,en,true,2025-09-19 21:59:00+08,true,false,1,149.0,100.0
U025675,bundle_100_100,2025-09-18 05:53:00+08,B006523,2025-09-21 05:53:00+08,Hong Kong,T2,ja,true,2025-09-21 06:29:00+08,true,false,1,170.3,100.0
U028873,airport_150,2025-09-05 12:00:00+08,B012797,2025-09-06 12:00:00+08,Korea,T2,ko,true,2025-09-06 13:37:00+08,true,false,1,75.9,150.0
U024766,airport_150,2025-10-16 11:22:00+08,B002219,2025-10-18 11:22:00+08,Korea,T1,ja,true,2025-10-18 12:28:00+08,true,true,2,227.7,150.0
U012542,bundle_100_100,2025-09-16 06:25:00+08,B015932,2025-09-21 06:25:00+08,Japan,T2,zh-TW,true,2025-09-21 07:16:00+08,true,true,2,229.89999999999998,200.0
U023902,airport_150,2025-09-09 18:51:00+08,B009473,2025-09-15 18:51:00+08,Hong Kong,T2,en,true,2025-09-15 20:40:00+08,true,true,2,115.80000000000001,150.0
U008882,airport_150,2025-09-15 20:46:00+08,B011356,2025-09-19 20:46:00+08,Korea,T2,zh-TW,true,2025-09-19 22:22:00+08,true,false,1,187.8,150.0
U014997,bundle_100_100,2025-09-13 16:23:00+08,B005741,2025-09-18 16:23:00+08,USA,T2,ko,true,2025-09-18 18:00:00+08,true,false,1,119.29999999999998,100.0
U004338,bundle_100_100,2025-10-20 09:53:00+08,B016813,2025-10-24 09:53:00+08,Japan,T1,zh-TW,true,2025-10-24 10:53:00+08,true,false,1,134.0,100.0
U011038,airport_150,2025-09-15 23:25:00+08,B012318,2025-09-17 23:25:00+08,Japan,T2,ko,true,2025-09-18 01:18:00+08,true,true,2,244.19999999999996,150.0
U011584,bundle_100_100,2025-09-12 08:07:00+08,B017813,2025-09-14 08:07:00+08,USA,T2,ko,true,2025-09-14 09:29:00+08,true,false,1,116.29999999999998,100.0
U028141,airport_150,2025-09-27 06:03:00+08,B010497,2025-09-29 06:03:00+08,Singapore,T2,ja,true,2025-09-29 06:56:00+08,true,false,1,145.2,150.0
U010173,airport_150,2025-09-24 14:59:00+08,B006839,2025-09-27 14:59:00+08,Korea,T2,en,true,2025-09-27 16:02:00+08,true,false,1,-82.5,150.0
U014443,airport_150,2025-10-13 09:37:00+08,B002969,2025-10-18 09:37:00+08,Singapore,T2,ja,true,2025-10-18 10:59:00+08,true,false,1,25.5,150.0
U015007,bundle_100_100,2025-09-27 22:31:00+08,B008264,2025-10-01 22:31:00+08,Thailand,T2,ja,true,2025-10-02 00:01:00+08,true,true,2,231.09999999999997,200.0
U020456,bundle_100_100,2025-10-07 06:58:00+08,B003842,2025-10-12 06:58:00+08,Hong Kong,T2,ja,true,2025-10-12 08:11:00+08,true,true,2,51.999999999999986,200.0
U006021,airport_150,2025-10-19 06:23:00+08,B010873,2025-10-21 06:23:00+08,Hong Kong,T2,ja,true,2025-10-21 07:38:00+08,true,false,1,154.8,150.0
U015432,bundle_100_100,2025-09-12 20:17:00+08,B016045,2025-09-18 20:17:00+08,Singapore,T1,ja,true,2025-09-18 21:17:00+08,true,true,2,284.19999999999993,200.0
U022397,airport_150,2025-10-10 15:18:00+08,B007903,2025-10-16 15:18:00+08,Thailand,T2,ja,true,2025-10-16 16:04:00+08,true,false,1,33.900000000000006,150.0
U004720,bundle_100_100,2025-09-02 21:55:00+08,B009709,2025-09-03 21:55:00+08,Thailand,T2,ja,true,2025-09-03 22:47:00+08,true,true,2,310.9,200.0
U019666,airport_150,2025-10-10 22:55:00+08,B000918,2025-10-16 22:55:00+08,Hong Kong,T1,en,true,2025-10-17 00:26:00+08,true,false,1,88.79999999999998,150.0
U025971,airport_150,2025-09-14 20:42:00+08,B009686,2025-09-19 20:42:00+08,Hong Kong,T1,ja,true,2025-09-19 21:17:00+08,true,false,1,86.39999999999998,150.0
U016943,airport_150,2025-09-18 06:58:00+08,B006119,2025-09-20 06:58:00+08,Singapore,T2,zh-TW,true,2025-09-20 07:55:00+08,true,false,1,154.5,150.0
U024835,bundle_100_100,2025-10-19 09:19:00+08,B012403,2025-10-22 09:19:00+08,Thailand,T2,zh-TW,true,2025-10-22 10:06:00+08,true,false,1,94.69999999999999,100.0
U013121,bundle_100_100,2025-10-09 21:23:00+08,B012022,2025-10-11 21:23:00+08,Korea,T2,ko,true,2025-10-11 22:04:00+08,true,false,1,209.0,100.0
U018533,airport_150,2025-09-01 10:52:00+08,B012002,2025-09-02 10:52:00+08,Korea,T1,ja,true,2025-09-02 11:49:00+08,true,false,1,58.19999999999999,150.0
U015026,bundle_100_100,2025-10-20 11:46:00+08,B016466,2025-10-23 11:46:00+08,Hong Kong,T1,en,true,2025-10-23 12:35:00+08,true,true,2,138.7,200.0
U022379,airport_150,2025-10-01 17:06:00+08,B000956,2025-10-04 17:06:00+08,USA,T1,ko,true,2025-10-04 17:39:00+08,true,true,2,240.89999999999998,150.0
U011834,airport_150,2025-09-25 13:42:00+08,B007278,2025-09-29 13:42:00+08,Korea,T2,ko,true,2025-09-29 15:09:00+08,true,true,2,275.4,150.0
U012192,airport_150,2025-09-23 13:12:00+08,B008906,2025-09-26 13:12:00+08,Singapore,T1,ja,true,2025-09-26 14:00:00+08,true,true,2,138.0,150.0
U003392,airport_150,2025-10-03 09:38:00+08,B010588,2025-10-07 09:38:00+08,Hong Kong,T1,en,true,2025-10-07 10:43:00+08,true,true,2,92.1,150.0
U014682,bundle_100_100,2025-09-22 04:47:00+08,B016696,2025-09-23 04:47:00+08,Japan,T1,ja,true,2025-09-23 05:31:00+08,true,false,1,173.3,100.0
U010293,airport_150,2025-09-21 22:30:00+08,B012556,2025-09-22 22:30:00+08,USA,T1,ko,true,2025-09-22 23:28:00+08,true,false,1,97.5,150.0
U026515,airport_150,2025-09-08 14:12:00+08,B010094,2025-09-09 14:12:00+08,Hong Kong,T2,zh-TW,true,2025-09-09 15:54:00+08,true,true,2,45.0,150.0
U018089,bundle_100_100,2025-10-19 08:10:00+08,B017893,2025-10-21 08:10:00+08,Korea,T1,en,true,2025-10-21 10:07:00+08,true,false,1,118.4,100.0
U013438,bundle_100_100,2025-10-06 07:37:00+08,B000624,2025-10-08 07:37:00+08,USA,T2,zh-TW,true,2025-10-08 09:06:00+08,true,false,1,99.79999999999998,100.0
U020687,airport_150,2025-09-25 08:23:00+08,B009149,2025-09-27 08:23:00+08,Singapore,T1,ja,true,2025-09-27 10:19:00+08,true,false,1,51.599999999999994,150.0
U001727,airport_150,2025-09-14 14:40:00+08,B001145,2025-09-19 14:40:00+08,Hong Kong,T2,zh-TW,true,2025-09-19 15:56:00+08,true,false,1,60.599999999999994,150.0
U025616,bundle_100_100,2025-09-16 06:30:00+08,B001730,2025-09-22 06:30:00+08,USA,T1,en,true,2025-09-22 08:22:00+08,true,true,2,346.29999999999995,200.0
U022114,airport_150,2025-09-16 06:19:00+08,B000559,2025-09-18 06:19:00+08,Thailand,T2,zh-TW,true,2025-09-18 07:17:00+08,true,false,1,128.39999999999998,150.0
U016273,airport_150,2025-09-25 20:08:00+08,B008691,2025-10-01 20:08:00+08,USA,T2,ja,true,2025-10-01 21:00:00+08,true,true,2,195.3,150.0
U000753,airport_150,2025-10-07 06:34:00+08,B003501,2025-10-10 06:34:00+08,Singapore,T2,ja,true,2025-10-10 07:57:00+08,true,false,1,174.0,150.0
U015410,airport_150,2025-09-23 04:23:00+08,B017345,2025-09-24 04:23:00+08,Hong Kong,T2,ko,true,2025-09-24 05:57:00+08,true,false,1,105.29999999999998,150.0
U011296,airport_150,2025-09-12 05:07:00+08,B011678,2025-09-16 05:07:00+08,Thailand,T2,en,true,2025-09-16 07:07:00+08,true,false,1,104.1,150.0
U000173,bundle_100_100,2025-09-18 12:38:00+08,B016368,2025-09-20 12:38:00+08,Singapore,T1,ko,true,2025-09-20 13:59:00+08,true,false,1,-25.60000000000001,100.0
U010682,airport_150,2025-09-10 08:57:00+08,B010925,2025-09-11 08:57:00+08,Singapore,T2,ja,true,2025-09-11 10:34:00+08,true,false,1,86.1,150.0
U024408,airport_150,2025-10-17 05:00:00+08,B004235,2025-10-19 05:00:00+08,USA,T2,ja,true,2025-10-19 06:25:00+08,true,true,2,424.8,150.0
U015633,airport_150,2025-10-23 15:51:00+08,B012697,2025-10-25 15:51:00+08,Japan,T1,ko,true,2025-10-25 17:17:00+08,true,false,1,43.79999999999998,150.0
U019481,bundle_100_100,2025-09-14 06:01:00+08,B014072,2025-09-17 06:01:00+08,Korea,T2,zh-TW,true,2025-09-17 07:51:00+08,true,false,1,175.09999999999997,100.0
U029943,bundle_100_100,2025-10-23 23:41:00+08,B009389,2025-10-26 23:41:00+08,Hong Kong,T1,en,true,2025-10-27 01:20:00+08,true,false,1,81.19999999999999,100.0
U004040,bundle_100_100,2025-10-21 03:20:00+08,B013040,2025-10-26 03:20:00+08,Japan,T2,en,true,2025-10-26 05:10:00+08,true,true,2,165.99999999999994,200.0
U016855,bundle_100_100,2025-10-10 03:33:00+08,B014037,2025-10-11 03:33:00+08,Singapore,T1,en,true,2025-10-11 03:53:00+08,true,false,1,-40.6,100.0
U003626,bundle_100_100,2025-09-04 05:02:00+08,B014053,2025-09-05 05:02:00+08,Hong Kong,T2,ko,true,2025-09-05 06:08:00+08,true,false,1,155.29999999999998,100.0
U025666,airport_150,2025-10-13 06:03:00+08,B000153,2025-10-14 06:03:00+08,Japan,T1,zh-TW,true,2025-10-14 07:26:00+08,true,false,1,-26.700000000000003,150.0
U021152,airport_150,2025-10-12 19:28:00+08,B000117,2025-10-17 19:28:00+08,Japan,T2,ko,true,2025-10-17 20:08:00+08,true,false,1,108.30000000000001,150.0
U009128,airport_150,2025-09-17 18:31:00+08,B006067,2025-09-23 18:31:00+08,Japan,T1,zh-TW,true,2025-09-23 19:22:00+08,true,true,2,143.1,150.0
U023058,airport_150,2025-09-17 17:40:00+08,B009326,2025-09-21 17:40:00+08,USA,T1,ja,true,2025-09-21 18:41:00+08,true,false,1,-75.3,150.0
U023423,airport_150,2025-10-17 21:04:00+08,B012731,2025-10-20 21:04:00+08,USA,T2,ko,true,2025-10-20 21:38:00+08,true,false,1,124.80000000000001,150.0
U023286,bundle_100_100,2025-10-20 05:15:00+08,B016640,2025-10-22 05:15:00+08,Korea,T1,ja,true,2025-10-22 07:05:00+08,true,false,1,137.6,100.0
U026006,airport_150,2025-09-14 10:42:00+08,B013375,2025-09-16 10:42:00+08,USA,T1,zh-TW,true,2025-09-16 11:21:00+08,true,false,1,53.400000000000006,150.0
U012077,airport_150,2025-09-25 14:21:00+08,B002253,2025-09-28 14:21:00+08,Japan,T2,ja,true,2025-09-28 15:18:00+08,true,true,2,132.9,150.0
U014427,airport_150,2025-09-11 15:15:00+08,B014868,2025-09-14 15:15:00+08,Hong Kong,T1,ja,true,2025-09-14 15:56:00+08,true,false,1,76.5,150.0
U004493,bundle_100_100,2025-09-01 02:57:00+08,B003907,2025-09-03 02:57:00+08,Hong Kong,T1,zh-TW,true,2025-09-03 03:59:00+08,true,false,1,77.0,100.0
U006500,airport_150,2025-09-22 05:21:00+08,B006865,2025-09-25 05:21:00+08,Singapore,T2,ko,true,2025-09-25 05:57:00+08,true,true,2,234.0,150.0
U015807,airport_150,2025-09-29 07:10:00+08,B010491,2025-10-02 07:10:00+08,Singapore,T2,zh-TW,true,2025-10-02 08:18:00+08,true,false,1,-38.10000000000001,150.0
U003324,bundle_100_100,2025-10-02 01:49:00+08,B000876,2025-10-05 01:49:00+08,Korea,T2,ko,true,2025-10-05 02:54:00+08,true,false,1,108.79999999999998,100.0
U003525,airport_150,2025-10-19 22:54:00+08,B012686,2025-10-23 22:54:00+08,Singapore,T1,zh-TW,true,2025-10-24 00:44:00+08,true,false,1,-76.2,150.0
U013206,airport_150,2025-10-19 12:26:00+08,B010962,2025-10-25 12:26:00+08,Hong Kong,T2,ja,true,2025-10-25 13:43:00+08,true,false,1,43.5,150.0
U010052,airport_150,2025-10-02 07:00:00+08,B013721,2025-10-04 07:00:00+08,Singapore,T1,zh-TW,true,2025-10-04 07:22:00+08,true,true,2,192.9,150.0
U004639,airport_150,2025-09-09 22:51:00+08,B009951,2025-09-15 22:51:00+08,Japan,T2,ja,true,2025-09-15 23:50:00+08,true,false,1,118.80000000000001,150.0
U018993,airport_150,2025-10-17 05:22:00+08,B001472,2025-10-20 05:22:00+08,Japan,T1,en,true,2025-10-20 06:00:00+08,true,false,1,126.59999999999997,150.0
U012083,bundle_100_100,2025-10-16 23:24:00+08,B001592,2025-10-20 23:24:00+08,USA,T2,en,true,2025-10-21 00:21:00+08,true,true,2,132.39999999999998,200.0
U009243,airport_150,2025-09-01 23:44:00+08,B006996,2025-09-06 23:44:00+08,Japan,T2,zh-TW,true,2025-09-07 01:13:00+08,true,false,1,9.900000000000006,150.0
U004136,airport_150,2025-09-17 17:09:00+08,B009711,2025-09-22 17:09:00+08,Thailand,T1,zh-TW,true,2025-09-22 19:01:00+08,true,false,1,63.0,150.0
U017246,airport_150,2025-09-30 06:46:00+08,B008889,2025-10-01 06:46:00+08,Japan,T1,ko,true,2025-10-01 07:06:00+08,true,false,1,182.09999999999997,150.0
U012253,airport_150,2025-10-20 08:12:00+08,B015755,2025-10-26 08:12:00+08,Korea,T1,ko,true,2025-10-26 10:11:00+08,true,false,1,-66.0,150.0
U001351,airport_150,2025-09-24 05:28:00+08,B012107,2025-09-28 05:28:00+08,Hong Kong,T1,ko,true,2025-09-28 06:34:00+08,true,false,1,151.8,150.0
U019289,bundle_100_100,2025-09-25 09:27:00+08,B008981,2025-10-01 09:27:00+08,Singapore,T2,en,true,2025-10-01 11:05:00+08,true,false,1,-18.700000000000003,100.0
U001205,airport_150,2025-09-04 11:55:00+08,B009775,2025-09-09 11:55:00+08,USA,T2,ja,true,2025-09-09 13:38:00+08,true,false,1,82.79999999999998,150.0
U005426,airport_150,2025-10-11 06:41:00+08,B010184,2025-10-13 06:41:00+08,Singapore,T1,zh-TW,true,2025-10-13 08:39:00+08,true,false,1,135.3,150.0
U019979,airport_150,2025-09-11 09:20:00+08,B009693,2025-09-17 09:20:00+08,Hong Kong,T2,en,true,2025-09-17 11:04:00+08,true,true,2,55.19999999999999,150.0
U026865,airport_150,2025-10-10 22:04:00+08,B017755,2025-10-11 22:04:00+08,Thailand,T2,zh-TW,true,2025-10-11 23:50:00+08,true,false,1,127.80000000000001,150.0
U023295,airport_150,2025-10-05 21:48:00+08,B011426,2025-10-06 21:48:00+08,Singapore,T1,en,true,2025-10-06 23:14:00+08,true,false,1,102.0,150.0
U021465,bundle_100_100,2025-09-21 05:41:00+08,B005787,2025-09-25 05:41:00+08,Singapore,T1,zh-TW,true,2025-09-25 07:12:00+08,true,false,1,152.0,100.0
U020565,bundle_100_100,2025-09-24 14:10:00+08,B005946,2025-09-27 14:10:00+08,Japan,T2,en,true,2025-09-27 15:25:00+08,true,true,2,83.2,200.0
U021671,airport_150,2025-10-19 12:35:00+08,B006595,2025-10-21 12:35:00+08,USA,T1,en,true,2025-10-21 12:55:00+08,true,false,1,-4.5,150.0
U008803,airport_150,2025-09-16 22:20:00+08,B003887,2025-09-20 22:20:00+08,USA,T1,zh-TW,true,2025-09-21 00:01:00+08,true,false,1,72.9,150.0
U020172,airport_150,2025-10-21 09:46:00+08,B017303,2025-10-23 09:46:00+08,Korea,T1,zh-TW,true,2025-10-23 10:19:00+08,true,false,1,109.5,150.0
U005740,bundle_100_100,2025-10-01 03:13:00+08,B005120,2025-10-07 03:13:00+08,Japan,T2,en,true,2025-10-07 05:10:00+08,true,false,1,203.3,100.0
U008026,bundle_100_100,2025-10-05 19:53:00+08,B000268,2025-10-07 19:53:00+08,Japan,T1,zh-TW,true,2025-10-07 21:50:00+08,true,false,1,16.099999999999994,100.0
U008871,bundle_100_100,2025-10-17 06:17:00+08,B004793,2025-10-23 06:17:00+08,Hong Kong,T2,zh-TW,true,2025-10-23 06:50:00+08,true,true,2,157.29999999999998,200.0
U014888,bundle_100_100,2025-09-12 05:01:00+08,B006366,2025-09-13 05:01:00+08,Japan,T2,en,true,2025-09-13 06:47:00+08,true,false,1,188.0,100.0
U014524,airport_150,2025-09-24 03:31:00+08,B003508,2025-09-29 03:31:00+08,Thailand,T2,ja,true,2025-09-29 04:04:00+08,true,false,1,44.099999999999994,150.0
U018203,airport_150,2025-09-09 21:52:00+08,B009471,2025-09-14 21:52:00+08,USA,T1,ko,true,2025-09-14 23:04:00+08,true,false,1,115.5,150.0
U001115,bundle_100_100,2025-10-16 15:25:00+08,B006492,2025-10-17 15:25:00+08,Korea,T2,zh-TW,true,2025-10-17 16:19:00+08,true,false,1,-33.7,100.0
U029175,airport_150,2025-09-14 09:55:00+08,B011307,2025-09-16 09:55:00+08,USA,T1,zh-TW,true,2025-09-16 11:23:00+08,true,false,1,-78.0,150.0
U009858,bundle_100_100,2025-09-30 23:57:00+08,B016046,2025-10-03 23:57:00+08,USA,T1,en,true,2025-10-04 01:36:00+08,true,false,1,58.400000000000006,100.0
U023920,airport_150,2025-09-12 14:20:00+08,B004554,2025-09-13 14:20:00+08,Thailand,T2,ja,true,2025-09-13 15:14:00+08,true,false,1,-72.3,150.0
U004349,airport_150,2025-10-23 09:44:00+08,B001885,2025-10-26 09:44:00+08,Singapore,T1,ja,true,2025-10-26 10:29:00+08,true,false,1,-75.3,150.0
U001612,airport_150,2025-09-04 14:59:00+08,B007668,2025-09-05 14:59:00+08,Thailand,T2,ja,true,2025-09-05 15:39:00+08,true,false,1,45.29999999999998,150.0
U008998,bundle_100_100,2025-09-10 14:55:00+08,B017443,2025-09-11 14:55:00+08,USA,T2,ja,true,2025-09-11 16:40:00+08,true,false,1,96.19999999999999,100.0
U022587,airport_150,2025-10-03 16:46:00+08,B013727,2025-10-09 16:46:00+08,Japan,T1,ko,true,2025-10-09 18:36:00+08,true,true,2,331.2,150.0
U009608,bundle_100_100,2025-09-23 12:28:00+08,B006983,2025-09-25 12:28:00+08,Korea,T2,en,true,2025-09-25 14:23:00+08,true,true,2,94.3,200.0
U024764,airport_150,2025-09-13 05:16:00+08,B008238,2025-09-19 05:16:00+08,Japan,T2,en,true,2025-09-19 07:14:00+08,true,false,1,124.80000000000001,150.0
U027818,airport_150,2025-09-18 00:00:00+08,B016305,2025-09-19 00:00:00+08,Singapore,T2,en,true,2025-09-19 01:18:00+08,true,false,1,129.89999999999998,150.0
U015465,bundle_100_100,2025-09-09 21:26:00+08,B000247,2025-09-11 21:26:00+08,Thailand,T1,ko,true,2025-09-11 22:34:00+08,true,true,2,166.6,200.0
U028931,airport_150,2025-10-20 20:18:00+08,B009148,2025-10-22 20:18:00+08,Thailand,T1,zh-TW,true,2025-10-22 20:50:00+08,true,false,1,157.2,150.0
U001197,bundle_100_100,2025-10-11 17:42:00+08,B004367,2025-10-13 17:42:00+08,Japan,T2,ja,true,2025-10-13 18:46:00+08,true,true,2,82.59999999999998,200.0
U028238,bundle_100_100,2025-10-14 22:14:00+08,B016659,2025-10-19 22:14:00+08,Hong Kong,T1,ko,true,2025-10-20 00:12:00+08,true,false,1,92.6,100.0
U005321,bundle_100_100,2025-09-09 23:39:00+08,B016970,2025-09-15 23:39:00+08,Japan,T2,ja,true,2025-09-16 01:23:00+08,true,true,2,56.5,200.0
U001546,airport_150,2025-09-13 20:54:00+08,B011888,2025-09-16 20:54:00+08,USA,T1,zh-TW,true,2025-09-16 21:15:00+08,true,false,1,175.5,150.0
U013827,bundle_100_100,2025-09-25 06:13:00+08,B007225,2025-09-28 06:13:00+08,Hong Kong,T1,ja,true,2025-09-28 06:58:00+08,true,false,1,150.5,100.0
U029469,bundle_100_100,2025-09-11 20:25:00+08,B010224,2025-09-17 20:25:00+08,Korea,T1,en,true,2025-09-17 21:10:00+08,true,true,2,240.7,200.0
U004619,bundle_100_100,2025-09-18 14:40:00+08,B005028,2025-09-23 14:40:00+08,Japan,T2,en,true,2025-09-23 15:21:00+08,true,true,3,149.79999999999998,200.0
U004928,bundle_100_100,2025-09-28 10:00:00+08,B001714,2025-09-29 10:00:00+08,Korea,T2,en,true,2025-09-29 11:11:00+08,true,false,2,355.4,100.0
U000296,airport_150,2025-10-18 08:50:00+08,B012400,2025-10-22 08:50:00+08,Hong Kong,T1,ko,true,2025-10-22 09:57:00+08,true,false,1,-74.10000000000001,150.0
U018248,airport_150,2025-09-07 13:32:00+08,B006714,2025-09-08 13:32:00+08,Thailand,T2,en,true,2025-09-08 13:53:00+08,true,false,1,79.19999999999999,150.0
U028121,bundle_100_100,2025-10-11 13:02:00+08,B015898,2025-10-15 13:02:00+08,USA,T1,ko,true,2025-10-15 14:39:00+08,true,false,1,66.79999999999998,100.0
U022326,airport_150,2025-09-16 10:56:00+08,B007436,2025-09-17 10:56:00+08,Korea,T1,ko,true,2025-09-17 12:09:00+08,true,false,1,95.69999999999999,150.0
U023900,airport_150,2025-10-05 04:40:00+08,B008920,2025-10-08 04:40:00+08,USA,T2,ko,true,2025-10-08 05:03:00+08,true,false,1,137.39999999999998,150.0
U028323,bundle_100_100,2025-10-07 04:35:00+08,B014200,2025-10-09 04:35:00+08,Hong Kong,T2,ko,true,2025-10-09 04:55:00+08,true,true,2,112.59999999999998,200.0
U009424,bundle_100_100,2025-09-16 10:28:00+08,B010670,2025-09-21 10:28:00+08,Japan,T1,ko,true,2025-09-21 11:59:00+08,true,true,2,119.19999999999999,200.0
U011104,airport_150,2025-10-08 11:52:00+08,B016772,2025-10-14 11:52:00+08,Thailand,T1,ko,true,2025-10-14 13:32:00+08,true,false,1,-82.8,150.0
U014476,airport_150,2025-09-28 21:08:00+08,B012672,2025-10-01 21:08:00+08,Singapore,T1,zh-TW,true,2025-10-01 21:46:00+08,true,false,1,81.6,150.0
U020645,bundle_100_100,2025-09-13 21:03:00+08,B014401,2025-09-16 21:03:00+08,Singapore,T1,en,true,2025-09-16 22:51:00+08,true,true,2,180.7,200.0
U022575,bundle_100_100,2025-10-13 22:51:00+08,B007621,2025-10-19 22:51:00+08,Japan,T1,en,true,2025-10-20 00:20:00+08,true,true,2,303.4,200.0
U027178,airport_150,2025-09-18 07:48:00+08,B007341,2025-09-21 07:48:00+08,Japan,T2,ja,true,2025-09-21 08:58:00+08,true,false,1,91.79999999999998,150.0
U001249,airport_150,2025-09-18 02:29:00+08,B016663,2025-09-23 02:29:00+08,USA,T2,ja,true,2025-09-23 03:51:00+08,true,true,2,150.60000000000002,150.0
U027275,airport_150,2025-10-08 08:28:00+08,B008433,2025-10-10 08:28:00+08,USA,T1,ko,true,2025-10-10 10:07:00+08,true,false,1,88.79999999999998,150.0
U007386,bundle_100_100,2025-09-12 14:56:00+08,B007969,2025-09-13 14:56:00+08,Singapore,T1,ko,true,2025-09-13 15:16:00+08,true,false,1,101.0,100.0
U001827,airport_150,2025-09-16 09:22:00+08,B011933,2025-09-19 09:22:00+08,Singapore,T2,ko,true,2025-09-19 11:20:00+08,true,false,1,15.900000000000006,150.0
U014512,airport_150,2025-10-10 21:26:00+08,B010813,2025-10-15 21:26:00+08,Japan,T1,zh-TW,true,2025-10-15 23:16:00+08,true,false,1,122.39999999999998,150.0
U029316,bundle_100_100,2025-09-12 08:39:00+08,B017182,2025-09-18 08:39:00+08,USA,T2,ko,true,2025-09-18 10:02:00+08,true,false,1,76.4,100.0
U008505,airport_150,2025-10-16 12:12:00+08,B006317,2025-10-18 12:12:00+08,Singapore,T1,en,true,2025-10-18 13:43:00+08,true,false,1,54.599999999999994,150.0
U012100,airport_150,2025-09-05 22:06:00+08,B006606,2025-09-08 22:06:00+08,Korea,T2,ko,true,2025-09-08 23:17:00+08,true,false,1,116.69999999999999,150.0
U002931,airport_150,2025-10-10 14:14:00+08,B008826,2025-10-13 14:14:00+08,Korea,T2,en,true,2025-10-13 14:50:00+08,true,false,1,14.699999999999989,150.0
U013840,bundle_100_100,2025-10-04 22:54:00+08,B007276,2025-10-05 22:54:00+08,Hong Kong,T1,en,true,2025-10-05 23:48:00+08,true,false,1,133.39999999999998,100.0
U024171,airport_150,2025-10-01 13:50:00+08,B006116,2025-10-06 13:50:00+08,USA,T2,zh-TW,true,2025-10-06 14:52:00+08,true,false,1,91.79999999999998,150.0
U001921,airport_150,2025-10-13 06:41:00+08,B013811,2025-10-15 06:41:00+08,Korea,T1,en,true,2025-10-15 07:42:00+08,true,false,1,145.2,150.0
U009361,airport_150,2025-09-05 04:53:00+08,B000171,2025-09-08 04:53:00+08,Hong Kong,T1,ko,true,2025-09-08 05:19:00+08,true,false,1,121.19999999999999,150.0
U021613,airport_150,2025-09-22 06:26:00+08,B004177,2025-09-28 06:26:00+08,Japan,T2,ko,true,2025-09-28 07:10:00+08,true,false,1,-68.4,150.0
U028953,bundle_100_100,2025-09-02 22:27:00+08,B016938,2025-09-05 22:27:00+08,USA,T1,ko,true,2025-09-06 00:20:00+08,true,false,1,147.5,100.0
U026650,bundle_100_100,2025-09-01 03:56:00+08,B016511,2025-09-05 03:56:00+08,USA,T1,ja,true,2025-09-05 05:53:00+08,true,true,2,157.60000000000002,200.0
U020367,airport_150,2025-10-05 23:14:00+08,B012820,2025-10-11 23:14:00+08,Thailand,T2,ja,true,2025-10-12 00:57:00+08,true,true,2,256.2,150.0
U008972,bundle_100_100,2025-09-26 09:25:00+08,B016665,2025-10-01 09:25:00+08,Thailand,T1,ja,true,2025-10-01 10:56:00+08,true,true,2,272.79999999999995,200.0
U027451,airport_150,2025-10-13 00:46:00+08,B000795,2025-10-19 00:46:00+08,USA,T1,en,true,2025-10-19 02:09:00+08,true,true,2,175.49999999999997,150.0
U007175,bundle_100_100,2025-09-06 06:29:00+08,B006576,2025-09-12 06:29:00+08,Thailand,T2,en,true,2025-09-12 07:20:00+08,true,false,1,155.6,100.0
U021335,airport_150,2025-10-18 16:48:00+08,B008681,2025-10-19 16:48:00+08,Korea,T1,ja,true,2025-10-19 17:58:00+08,true,false,1,31.5,150.0
U018516,airport_150,2025-10-14 18:23:00+08,B004106,2025-10-18 18:23:00+08,Korea,T2,ja,true,2025-10-18 20:22:00+08,true,true,2,288.0,150.0
U020728,bundle_100_100,2025-10-04 01:18:00+08,B006903,2025-10-09 01:18:00+08,Hong Kong,T1,zh-TW,true,2025-10-09 02:54:00+08,true,false,1,106.4,100.0
U022094,bundle_100_100,2025-09-28 22:57:00+08,B017942,2025-10-03 22:57:00+08,Japan,T1,ja,true,2025-10-04 00:05:00+08,true,false,1,-20.5,100.0
U019571,airport_150,2025-10-07 23:03:00+08,B002151,2025-10-13 23:03:00+08,Singapore,T2,ja,true,2025-10-14 00:59:00+08,true,false,1,38.099999999999994,150.0
U018230,bundle_100_100,2025-09-16 23:32:00+08,B012944,2025-09-19 23:32:00+08,Korea,T1,ko,true,2025-09-20 00:35:00+08,true,false,1,100.4,100.0
U025473,airport_150,2025-09-21 16:04:00+08,B010750,2025-09-22 16:04:00+08,Japan,T2,ko,true,2025-09-22 17:32:00+08,true,false,1,-77.7,150.0
U027441,bundle_100_100,2025-10-15 05:00:00+08,B011024,2025-10-21 05:00:00+08,Korea,T1,zh-TW,true,2025-10-21 06:41:00+08,true,false,1,119.0,100.0
U008232,bundle_100_100,2025-09-03 20:46:00+08,B015168,2025-09-08 20:46:00+08,Japan,T1,ko,true,2025-09-08 22:39:00+08,true,false,1,158.3,100.0
U026490,airport_150,2025-09-08 20:31:00+08,B013524,2025-09-13 20:31:00+08,Hong Kong,T2,zh-TW,true,2025-09-13 22:11:00+08,true,false,1,89.39999999999998,150.0
U024971,airport_150,2025-09-08 09:15:00+08,B013695,2025-09-09 09:15:00+08,Thailand,T2,en,true,2025-09-09 10:25:00+08,true,false,1,39.599999999999994,150.0
U013441,bundle_100_100,2025-09-22 15:15:00+08,B007092,2025-09-26 15:15:00+08,USA,T2,en,true,2025-09-26 16:31:00+08,true,false,1,131.6,100.0
U008935,bundle_100_100,2025-10-03 06:32:00+08,B000835,2025-10-08 06:32:00+08,Thailand,T1,zh-TW,true,2025-10-08 07:30:00+08,true,true,2,157.89999999999998,200.0
U012738,bundle_100_100,2025-10-04 23:45:00+08,B011982,2025-10-06 23:45:00+08,Korea,T2,en,true,2025-10-07 01:21:00+08,true,true,2,55.599999999999994,200.0
U011051,bundle_100_100,2025-10-13 23:12:00+08,B006397,2025-10-14 23:12:00+08,Japan,T2,en,true,2025-10-15 00:34:00+08,true,false,1,-18.400000000000006,100.0
U020870,airport_150,2025-10-17 13:00:00+08,B015397,2025-10-21 13:00:00+08,Singapore,T2,zh-TW,true,2025-10-21 14:58:00+08,true,false,1,81.6,150.0
U021770,airport_150,2025-10-14 06:02:00+08,B000534,2025-10-19 06:02:00+08,Korea,T2,en,true,2025-10-19 07:23:00+08,true,true,2,361.2,150.0
U024586,airport_150,2025-09-02 17:02:00+08,B006953,2025-09-03 17:02:00+08,USA,T2,ko,true,2025-09-03 18:19:00+08,true,true,3,406.5,150.0
U024803,bundle_100_100,2025-10-14 17:09:00+08,B004521,2025-10-18 17:09:00+08,Korea,T2,ja,true,2025-10-18 17:31:00+08,true,false,1,69.79999999999998,100.0
U006483,airport_150,2025-10-16 18:53:00+08,B005037,2025-10-19 18:53:00+08,Korea,T2,ja,true,2025-10-19 20:00:00+08,true,false,1,171.3,150.0
U000100,airport_150,2025-10-03 09:11:00+08,B015475,2025-10-05 09:11:00+08,Thailand,T1,ja,true,2025-10-05 10:53:00+08,true,false,1,25.799999999999983,150.0
U027157,airport_150,2025-09-06 16:35:00+08,B006841,2025-09-09 16:35:00+08,Japan,T1,ko,true,2025-09-09 17:40:00+08,true,false,1,14.099999999999994,150.0
U027616,airport_150,2025-09-05 23:49:00+08,B004434,2025-09-08 23:49:00+08,Singapore,T1,ja,true,2025-09-09 01:38:00+08,true,true,2,101.69999999999999,150.0
U010401,airport_150,2025-09-18 20:03:00+08,B013990,2025-09-24 20:03:00+08,Korea,T1,zh-TW,true,2025-09-24 21:33:00+08,true,false,1,179.09999999999997,150.0
U013901,bundle_100_100,2025-09-12 01:12:00+08,B015029,2025-09-14 01:12:00+08,Japan,T2,ko,true,2025-09-14 02:39:00+08,true,true,2,26.19999999999998,200.0
U006704,airport_150,2025-10-06 12:24:00+08,B011679,2025-10-11 12:24:00+08,Japan,T2,ko,true,2025-10-11 12:55:00+08,true,false,1,68.69999999999999,150.0
U001164,airport_150,2025-09-12 21:38:00+08,B006201,2025-09-17 21:38:00+08,Thailand,T1,ja,true,2025-09-17 23:34:00+08,true,false,1,82.19999999999999,150.0
U020512,airport_150,2025-10-12 07:40:00+08,B000491,2025-10-17 07:40:00+08,Singapore,T2,zh-TW,true,2025-10-17 09:06:00+08,true,false,1,-71.7,150.0
U027637,airport_150,2025-10-08 17:06:00+08,B016385,2025-10-10 17:06:00+08,USA,T1,zh-TW,true,2025-10-10 18:01:00+08,true,false,1,50.400000000000006,150.0
U009286,bundle_100_100,2025-10-17 23:23:00+08,B011191,2025-10-20 23:23:00+08,Japan,T2,ja,true,2025-10-21 01:10:00+08,true,false,1,98.6,100.0
U013554,bundle_100_100,2025-09-03 00:03:00+08,B016230,2025-09-07 00:03:00+08,USA,T2,ko,true,2025-09-07 01:46:00+08,true,false,1,119.29999999999998,100.0
U000464,airport_150,2025-10-12 09:15:00+08,B001222,2025-10-18 09:15:00+08,Thailand,T2,ja,true,2025-10-18 11:12:00+08,true,false,1,54.0,150.0
U021428,airport_150,2025-10-02 05:42:00+08,B017218,2025-10-03 05:42:00+08,Singapore,T2,zh-TW,true,2025-10-03 06:50:00+08,true,false,1,168.59999999999997,150.0
U026392,airport_150,2025-09-08 23:58:00+08,B005124,2025-09-13 23:58:00+08,Korea,T2,ko,true,2025-09-14 01:27:00+08,true,false,1,44.099999999999994,150.0
U020783,airport_150,2025-09-15 21:43:00+08,B004614,2025-09-16 21:43:00+08,Thailand,T1,zh-TW,true,2025-09-16 23:10:00+08,true,true,2,129.0,150.0
U010251,airport_150,2025-10-04 18:06:00+08,B011005,2025-10-08 18:06:00+08,USA,T1,en,true,2025-10-08 19:04:00+08,true,false,1,-67.2,150.0
U005295,airport_150,2025-10-17 21:55:00+08,B008251,2025-10-18 21:55:00+08,Thailand,T1,ja,true,2025-10-18 22:24:00+08,true,false,1,167.09999999999997,150.0
U019118,airport_150,2025-09-14 08:29:00+08,B006574,2025-09-16 08:29:00+08,USA,T1,ko,true,2025-09-16 09:35:00+08,true,false,1,-73.5,150.0
U020787,bundle_100_100,2025-10-02 09:10:00+08,B016498,2025-10-08 09:10:00+08,Korea,T1,en,true,2025-10-08 09:49:00+08,true,false,1,120.5,100.0
U023467,airport_150,2025-10-21 00:43:00+08,B006585,2025-10-25 00:43:00+08,Thailand,T2,ko,true,2025-10-25 01:25:00+08,true,false,1,-79.2,150.0
U005381,bundle_100_100,2025-09-22 13:45:00+08,B006034,2025-09-25 13:45:00+08,Hong Kong,T2,zh-TW,true,2025-09-25 15:31:00+08,true,true,2,124.6,200.0
U022045,bundle_100_100,2025-09-02 06:31:00+08,B001660,2025-09-07 06:31:00+08,Thailand,T2,ko,true,2025-09-07 07:26:00+08,true,true,2,-10.400000000000006,200.0
U024914,airport_150,2025-09-23 08:21:00+08,B007566,2025-09-29 08:21:00+08,Japan,T1,en,true,2025-09-29 09:23:00+08,true,false,1,96.29999999999998,150.0
U026405,airport_150,2025-09-28 03:47:00+08,B009189,2025-10-03 03:47:00+08,Hong Kong,T2,zh-TW,true,2025-10-03 04:20:00+08,true,false,1,80.1,150.0
U021664,airport_150,2025-09-24 03:46:00+08,B012431,2025-09-30 03:46:00+08,Thailand,T2,zh-TW,true,2025-09-30 05:14:00+08,true,false,1,-42.60000000000001,150.0
U028667,airport_150,2025-09-06 16:06:00+08,B016999,2025-09-07 16:06:00+08,Singapore,T2,ko,true,2025-09-07 18:03:00+08,true,false,1,24.599999999999994,150.0
U009499,airport_150,2025-09-02 15:05:00+08,B014050,2025-09-03 15:05:00+08,USA,T2,ja,true,2025-09-03 16:26:00+08,true,false,1,75.9,150.0
U001526,bundle_100_100,2025-09-20 14:49:00+08,B009896,2025-09-22 14:49:00+08,USA,T2,zh-TW,true,2025-09-22 15:45:00+08,true,true,2,121.89999999999999,200.0
U022325,airport_150,2025-09-19 07:53:00+08,B006612,2025-09-25 07:53:00+08,Japan,T2,zh-TW,true,2025-09-25 08:25:00+08,true,false,1,69.0,150.0
U017806,bundle_100_100,2025-10-12 08:10:00+08,B004013,2025-10-15 08:10:00+08,USA,T1,ja,true,2025-10-15 08:46:00+08,true,false,1,-10.0,100.0
U009261,airport_150,2025-09-10 00:50:00+08,B000382,2025-09-12 00:50:00+08,Thailand,T2,zh-TW,true,2025-09-12 02:29:00+08,true,false,1,40.19999999999999,150.0
U021028,bundle_100_100,2025-09-25 00:51:00+08,B000711,2025-09-26 00:51:00+08,Hong Kong,T1,ja,true,2025-09-26 02:24:00+08,true,false,1,102.79999999999998,100.0
U008648,bundle_100_100,2025-09-12 09:27:00+08,B011607,2025-09-18 09:27:00+08,Hong Kong,T2,en,true,2025-09-18 10:08:00+08,true,false,1,72.79999999999998,100.0
U017942,bundle_100_100,2025-09-14 23:37:00+08,B003485,2025-09-19 23:37:00+08,Thailand,T1,en,true,2025-09-20 01:17:00+08,true,false,1,-33.10000000000001,100.0
U021081,airport_150,2025-10-16 23:23:00+08,B015966,2025-10-18 23:23:00+08,Singapore,T2,ko,true,2025-10-19 01:11:00+08,true,false,1,57.29999999999998,150.0
U001701,bundle_100_100,2025-09-02 10:39:00+08,B009947,2025-09-06 10:39:00+08,Hong Kong,T2,en,true,2025-09-06 11:13:00+08,true,false,1,92.29999999999998,100.0
U014487,airport_150,2025-09-20 07:48:00+08,B008644,2025-09-24 07:48:00+08,Thailand,T1,ja,true,2025-09-24 09:00:00+08,true,false,1,74.1,150.0
U008961,bundle_100_100,2025-10-14 12:10:00+08,B017661,2025-10-18 12:10:00+08,Thailand,T2,ko,true,2025-10-18 13:27:00+08,true,true,2,-74.6,200.0
U024361,airport_150,2025-10-09 20:51:00+08,B012920,2025-10-12 20:51:00+08,USA,T2,ja,true,2025-10-12 21:27:00+08,true,false,1,103.79999999999998,150.0
U015513,bundle_100_100,2025-10-12 06:56:00+08,B014135,2025-10-17 06:56:00+08,Thailand,T2,ko,true,2025-10-17 08:54:00+08,true,false,1,227.0,100.0
U023811,airport_150,2025-10-17 20:58:00+08,B003228,2025-10-23 20:58:00+08,USA,T2,ja,true,2025-10-23 22:53:00+08,true,false,1,186.0,150.0
U010881,airport_150,2025-10-22 03:35:00+08,B017808,2025-10-23 03:35:00+08,Singapore,T1,ko,true,2025-10-23 05:11:00+08,true,false,1,83.39999999999998,150.0
U009129,airport_150,2025-10-08 05:20:00+08,B004069,2025-10-14 05:20:00+08,USA,T2,ja,true,2025-10-14 06:18:00+08,true,false,1,140.09999999999997,150.0
U025136,bundle_100_100,2025-09-06 16:07:00+08,B008893,2025-09-09 16:07:00+08,Japan,T1,ko,true,2025-09-09 17:32:00+08,true,false,1,79.69999999999999,100.0
U027752,bundle_100_100,2025-10-05 23:39:00+08,B011793,2025-10-06 23:39:00+08,Thailand,T2,en,true,2025-10-07 00:32:00+08,true,false,1,57.79999999999998,100.0
U025254,bundle_100_100,2025-10-10 09:14:00+08,B005351,2025-10-12 09:14:00+08,Japan,T2,ko,true,2025-10-12 10:46:00+08,true,false,1,62.900000000000006,100.0
U025963,bundle_100_100,2025-09-17 23:06:00+08,B010335,2025-09-19 23:06:00+08,Thailand,T2,ko,true,2025-09-19 23:37:00+08,true,false,1,217.39999999999998,100.0
U028282,bundle_100_100,2025-09-09 22:36:00+08,B008987,2025-09-12 22:36:00+08,Singapore,T1,ja,true,2025-09-12 23:27:00+08,true,false,1,170.59999999999997,100.0
U006066,bundle_100_100,2025-09-25 06:38:00+08,B004112,2025-09-29 06:38:00+08,Hong Kong,T1,zh-TW,true,2025-09-29 07:26:00+08,true,true,2,232.89999999999998,200.0
U024409,bundle_100_100,2025-10-17 05:19:00+08,B015393,2025-10-19 05:19:00+08,Singapore,T2,ja,true,2025-10-19 07:11:00+08,true,false,1,138.5,100.0
U022298,bundle_100_100,2025-09-03 23:34:00+08,B000379,2025-09-05 23:34:00+08,Hong Kong,T1,en,true,2025-09-06 01:16:00+08,true,false,1,-28.900000000000006,100.0
U023461,bundle_100_100,2025-09-06 06:30:00+08,B002776,2025-09-12 06:30:00+08,Singapore,T2,en,true,2025-09-12 08:18:00+08,true,true,2,126.99999999999997,200.0
U024713,airport_150,2025-09-29 17:13:00+08,B012875,2025-10-05 17:13:00+08,USA,T1,ko,true,2025-10-05 18:38:00+08,true,false,1,100.79999999999998,150.0
U013150,airport_150,2025-09-10 07:03:00+08,B017150,2025-09-15 07:03:00+08,Thailand,T1,en,true,2025-09-15 08:26:00+08,true,false,1,138.59999999999997,150.0
U007000,airport_150,2025-09-30 16:30:00+08,B017365,2025-10-06 16:30:00+08,Singapore,T1,ko,true,2025-10-06 16:58:00+08,true,true,3,645.5999999999999,150.0
U009158,bundle_100_100,2025-09-04 20:46:00+08,B010764,2025-09-05 20:46:00+08,Korea,T1,zh-TW,true,2025-09-05 21:09:00+08,true,false,1,189.2,100.0
U026473,bundle_100_100,2025-09-20 20:03:00+08,B012931,2025-09-21 20:03:00+08,USA,T1,en,true,2025-09-21 20:35:00+08,true,true,2,137.5,200.0
U005132,bundle_100_100,2025-10-09 00:10:00+08,B006857,2025-10-10 00:10:00+08,Thailand,T2,ko,true,2025-10-10 00:30:00+08,true,false,1,51.79999999999998,100.0
U005234,airport_150,2025-09-18 05:03:00+08,B002744,2025-09-19 05:03:00+08,Hong Kong,T2,zh-TW,true,2025-09-19 05:27:00+08,true,true,2,200.7,150.0
U011222,airport_150,2025-09-25 23:11:00+08,B009342,2025-09-26 23:11:00+08,Singapore,T2,zh-TW,true,2025-09-26 23:58:00+08,true,true,2,140.39999999999998,150.0
U005154,airport_150,2025-09-30 04:19:00+08,B008255,2025-10-06 04:19:00+08,Singapore,T1,ko,true,2025-10-06 06:04:00+08,true,false,1,139.8,150.0
U001931,bundle_100_100,2025-09-30 17:31:00+08,B000362,2025-10-04 17:31:00+08,Thailand,T1,zh-TW,true,2025-10-04 18:01:00+08,true,false,1,88.69999999999999,100.0
U023875,bundle_100_100,2025-09-17 07:57:00+08,B011214,2025-09-21 07:57:00+08,Singapore,T2,zh-TW,true,2025-09-21 09:34:00+08,true,true,2,175.29999999999998,200.0
U005884,bundle_100_100,2025-09-20 23:54:00+08,B016781,2025-09-22 23:54:00+08,Korea,T1,en,true,2025-09-23 01:22:00+08,true,true,2,75.39999999999998,200.0
U010874,bundle_100_100,2025-09-23 09:57:00+08,B009596,2025-09-27 09:57:00+08,Korea,T1,ko,true,2025-09-27 11:35:00+08,true,true,2,103.0,200.0
U005795,airport_150,2025-09-13 06:46:00+08,B009496,2025-09-16 06:46:00+08,USA,T1,zh-TW,true,2025-09-16 07:32:00+08,true,false,1,63.29999999999998,150.0
U018255,airport_150,2025-09-25 23:29:00+08,B001909,2025-09-30 23:29:00+08,Thailand,T1,ko,true,2025-10-01 00:42:00+08,true,false,1,27.299999999999983,150.0
U003211,airport_150,2025-09-14 20:39:00+08,B006553,2025-09-15 20:39:00+08,Japan,T2,ja,true,2025-09-15 21:59:00+08,true,true,2,284.1,150.0
U029573,bundle_100_100,2025-10-07 10:24:00+08,B008948,2025-10-12 10:24:00+08,Singapore,T2,ja,true,2025-10-12 10:59:00+08,true,false,1,-30.700000000000003,100.0
U007798,bundle_100_100,2025-09-01 23:33:00+08,B005193,2025-09-05 23:33:00+08,Korea,T2,ko,true,2025-09-06 00:02:00+08,true,false,1,107.29999999999998,100.0
U014238,airport_150,2025-09-07 09:20:00+08,B008683,2025-09-11 09:20:00+08,USA,T2,ko,true,2025-09-11 10:35:00+08,true,false,1,87.89999999999998,150.0
U001005,airport_150,2025-09-03 22:23:00+08,B013098,2025-09-08 22:23:00+08,USA,T1,en,true,2025-09-08 22:57:00+08,true,false,1,86.39999999999998,150.0
U012344,airport_150,2025-10-14 02:50:00+08,B009167,2025-10-16 02:50:00+08,USA,T1,zh-TW,true,2025-10-16 04:04:00+08,true,true,2,190.79999999999998,150.0
U018809,bundle_100_100,2025-10-11 04:01:00+08,B008438,2025-10-14 04:01:00+08,Singapore,T2,zh-TW,true,2025-10-14 04:41:00+08,true,false,1,116.9,100.0
U019827,airport_150,2025-09-20 02:08:00+08,B006225,2025-09-23 02:08:00+08,Singapore,T2,en,true,2025-09-23 03:14:00+08,true,true,2,231.6,150.0
U007636,airport_150,2025-09-25 02:09:00+08,B014660,2025-09-30 02:09:00+08,Hong Kong,T1,zh-TW,true,2025-09-30 03:43:00+08,true,false,1,57.0,150.0
U013458,bundle_100_100,2025-09-17 09:05:00+08,B017014,2025-09-21 09:05:00+08,Korea,T1,zh-TW,true,2025-09-21 10:28:00+08,true,false,1,128.9,100.0
U012792,airport_150,2025-09-26 19:22:00+08,B016536,2025-09-27 19:22:00+08,Hong Kong,T2,zh-TW,true,2025-09-27 20:02:00+08,true,true,2,136.5,150.0
U011152,bundle_100_100,2025-09-17 06:59:00+08,B001595,2025-09-19 06:59:00+08,Thailand,T2,zh-TW,true,2025-09-19 07:19:00+08,true,false,1,153.2,100.0
U023339,bundle_100_100,2025-10-13 13:27:00+08,B011305,2025-10-15 13:27:00+08,Japan,T1,zh-TW,true,2025-10-15 14:40:00+08,true,false,1,62.599999999999994,100.0
U016191,airport_150,2025-10-07 20:59:00+08,B011148,2025-10-11 20:59:00+08,USA,T1,en,true,2025-10-11 22:36:00+08,true,false,1,137.09999999999997,150.0
U005627,airport_150,2025-10-21 11:00:00+08,B007479,2025-10-23 11:00:00+08,Thailand,T2,ko,true,2025-10-23 12:52:00+08,true,false,1,-64.2,150.0
U012057,bundle_100_100,2025-09-18 22:56:00+08,B010971,2025-09-22 22:56:00+08,Japan,T1,ko,true,2025-09-23 00:39:00+08,true,false,1,101.9,100.0
U016971,bundle_100_100,2025-09-26 15:28:00+08,B005767,2025-10-01 15:28:00+08,USA,T2,ja,true,2025-10-01 16:58:00+08,true,false,1,73.4,100.0
U019792,bundle_100_100,2025-09-29 05:38:00+08,B008170,2025-10-04 05:38:00+08,Singapore,T1,ko,true,2025-10-04 06:48:00+08,true,false,1,197.0,100.0
U007209,airport_150,2025-09-11 00:42:00+08,B007569,2025-09-17 00:42:00+08,Thailand,T2,ja,true,2025-09-17 02:15:00+08,true,false,1,58.79999999999998,150.0
U027307,bundle_100_100,2025-10-19 20:02:00+08,B011184,2025-10-20 20:02:00+08,Singapore,T2,en,true,2025-10-20 21:52:00+08,true,true,2,165.1,200.0
U022650,airport_150,2025-10-18 07:28:00+08,B010638,2025-10-23 07:28:00+08,Japan,T1,ko,true,2025-10-23 08:42:00+08,true,false,1,138.89999999999998,150.0
U016445,airport_150,2025-09-25 19:53:00+08,B016541,2025-09-30 19:53:00+08,Korea,T2,ja,true,2025-09-30 20:21:00+08,true,false,1,94.5,150.0
U010747,airport_150,2025-10-08 21:29:00+08,B005730,2025-10-09 21:29:00+08,Hong Kong,T1,en,true,2025-10-09 23:03:00+08,true,true,2,198.3,150.0
U014856,bundle_100_100,2025-09-15 09:10:00+08,B012178,2025-09-20 09:10:00+08,Korea,T2,en,true,2025-09-20 10:04:00+08,true,false,1,84.5,100.0
U009589,airport_150,2025-09-22 04:05:00+08,B015967,2025-09-23 04:05:00+08,Singapore,T2,ja,true,2025-09-23 05:03:00+08,true,false,1,106.5,150.0
U008824,bundle_100_100,2025-09-20 05:46:00+08,B005190,2025-09-26 05:46:00+08,Thailand,T2,en,true,2025-09-26 06:34:00+08,true,false,1,206.59999999999997,100.0
U023009,bundle_100_100,2025-10-10 17:58:00+08,B001884,2025-10-16 17:58:00+08,Japan,T2,en,true,2025-10-16 19:11:00+08,true,false,1,92.9,100.0
U003619,airport_150,2025-09-02 23:41:00+08,B000232,2025-09-06 23:41:00+08,Korea,T1,ko,true,2025-09-07 00:43:00+08,true,false,1,63.599999999999994,150.0
U007476,airport_150,2025-09-28 00:59:00+08,B007183,2025-10-01 00:59:00+08,Korea,T1,ja,true,2025-10-01 01:24:00+08,true,false,1,84.29999999999998,150.0
U002207,airport_150,2025-09-21 14:26:00+08,B001933,2025-09-24 14:26:00+08,Japan,T1,ja,true,2025-09-24 16:21:00+08,true,false,1,101.39999999999998,150.0
U013690,airport_150,2025-10-05 16:52:00+08,B010223,2025-10-11 16:52:00+08,Korea,T2,en,true,2025-10-11 17:16:00+08,true,false,1,50.099999999999994,150.0
U029425,bundle_100_100,2025-10-21 06:07:00+08,B002559,2025-10-26 06:07:00+08,USA,T2,ko,true,2025-10-26 06:30:00+08,true,true,2,145.6,200.0
U010140,airport_150,2025-10-25 19:05:00+08,B007678,2025-10-26 19:05:00+08,Singapore,T1,ko,true,2025-10-26 20:27:00+08,true,false,1,181.8,150.0
U010775,bundle_100_100,2025-09-18 08:00:00+08,B016482,2025-09-23 08:00:00+08,Thailand,T2,zh-TW,true,2025-09-23 09:29:00+08,true,false,1,98.29999999999998,100.0
U017027,airport_150,2025-10-22 02:01:00+08,B001821,2025-10-23 02:01:00+08,Japan,T2,zh-TW,true,2025-10-23 03:21:00+08,true,false,1,0.29999999999998295,150.0
U006730,airport_150,2025-09-16 22:50:00+08,B015207,2025-09-22 22:50:00+08,Japan,T1,zh-TW,true,2025-09-23 00:28:00+08,true,true,2,370.79999999999995,150.0
U017048,airport_150,2025-09-27 07:18:00+08,B004016,2025-09-29 07:18:00+08,USA,T1,en,true,2025-09-29 08:42:00+08,true,true,2,157.5,150.0
U022135,airport_150,2025-09-04 15:49:00+08,B014560,2025-09-09 15:49:00+08,Japan,T2,zh-TW,true,2025-09-09 16:59:00+08,true,false,1,134.39999999999998,150.0
U012295,bundle_100_100,2025-10-06 22:26:00+08,B006262,2025-10-09 22:26:00+08,USA,T1,ko,true,2025-10-09 23:55:00+08,true,false,1,181.39999999999998,100.0
U010174,bundle_100_100,2025-09-09 19:46:00+08,B007542,2025-09-12 19:46:00+08,Thailand,T2,en,true,2025-09-12 21:14:00+08,true,false,1,191.3,100.0
U023421,bundle_100_100,2025-09-29 09:57:00+08,B003115,2025-10-05 09:57:00+08,Thailand,T1,zh-TW,true,2025-10-05 11:50:00+08,true,false,1,75.5,100.0
U001744,airport_150,2025-09-03 08:46:00+08,B000588,2025-09-09 08:46:00+08,Japan,T2,ja,true,2025-09-09 09:42:00+08,true,false,1,13.799999999999983,150.0
U012328,airport_150,2025-09-05 23:00:00+08,B003799,2025-09-10 23:00:00+08,Singapore,T2,ja,true,2025-09-10 23:27:00+08,true,false,1,-63.3,150.0
U025895,bundle_100_100,2025-10-01 13:06:00+08,B011111,2025-10-06 13:06:00+08,Thailand,T2,ja,true,2025-10-06 14:53:00+08,true,true,2,352.6,200.0
U018412,airport_150,2025-09-13 09:39:00+08,B015001,2025-09-18 09:39:00+08,USA,T1,en,true,2025-09-18 10:39:00+08,true,false,1,38.099999999999994,150.0
U005866,airport_150,2025-09-17 08:06:00+08,B007928,2025-09-22 08:06:00+08,Japan,T1,en,true,2025-09-22 09:11:00+08,true,false,1,38.099999999999994,150.0
U008634,airport_150,2025-10-04 12:18:00+08,B008602,2025-10-07 12:18:00+08,Thailand,T1,ja,true,2025-10-07 13:57:00+08,true,true,2,116.1,150.0
U006460,airport_150,2025-09-19 03:30:00+08,B017201,2025-09-23 03:30:00+08,Japan,T2,zh-TW,true,2025-09-23 03:53:00+08,true,false,1,81.29999999999998,150.0
U025329,airport_150,2025-10-10 22:12:00+08,B017269,2025-10-12 22:12:00+08,USA,T1,ja,true,2025-10-12 23:54:00+08,true,false,1,78.6,150.0
U026897,airport_150,2025-10-19 13:14:00+08,B008211,2025-10-25 13:14:00+08,USA,T1,en,true,2025-10-25 14:21:00+08,true,false,1,-69.0,150.0
U010673,airport_150,2025-10-03 19:48:00+08,B014511,2025-10-06 19:48:00+08,Hong Kong,T2,zh-TW,true,2025-10-06 20:59:00+08,true,false,1,121.80000000000001,150.0
U017644,airport_150,2025-10-16 21:30:00+08,B004431,2025-10-20 21:30:00+08,Thailand,T1,ja,true,2025-10-20 22:46:00+08,true,false,1,115.19999999999999,150.0
U008365,airport_150,2025-09-20 08:52:00+08,B012682,2025-09-21 08:52:00+08,Singapore,T2,en,true,2025-09-21 10:34:00+08,true,true,2,21.89999999999999,150.0
U027037,airport_150,2025-09-23 06:05:00+08,B012889,2025-09-24 06:05:00+08,Singapore,T2,zh-TW,true,2025-09-24 07:55:00+08,true,false,1,120.30000000000001,150.0
U008846,airport_150,2025-10-01 05:42:00+08,B012795,2025-10-02 05:42:00+08,USA,T1,en,true,2025-10-02 07:07:00+08,true,false,1,136.5,150.0
U014711,bundle_100_100,2025-09-29 16:00:00+08,B007951,2025-10-01 16:00:00+08,Hong Kong,T1,ko,true,2025-10-01 16:58:00+08,true,true,2,146.9,100.0
U000498,bundle_100_100,2025-10-13 10:19:00+08,B003779,2025-10-19 10:19:00+08,Thailand,T2,zh-TW,true,2025-10-19 10:50:00+08,true,false,1,147.79999999999998,100.0
U019892,bundle_100_100,2025-09-11 06:02:00+08,B015416,2025-09-17 06:02:00+08,Singapore,T2,ko,true,2025-09-17 06:38:00+08,true,true,2,107.80000000000001,200.0
U020205,airport_150,2025-10-23 10:31:00+08,B010342,2025-10-24 10:31:00+08,Thailand,T1,ja,true,2025-10-24 11:36:00+08,true,false,1,-62.7,150.0
U028893,bundle_100_100,2025-09-12 05:11:00+08,B009377,2025-09-13 05:11:00+08,USA,T1,zh-TW,true,2025-09-13 06:30:00+08,true,false,1,118.4,100.0
U006927,bundle_100_100,2025-09-21 21:30:00+08,B002442,2025-09-24 21:30:00+08,Thailand,T1,en,true,2025-09-24 22:33:00+08,true,false,1,244.7,100.0
U010679,airport_150,2025-10-15 23:42:00+08,B004881,2025-10-19 23:42:00+08,Japan,T2,ko,true,2025-10-20 00:11:00+08,true,false,1,38.400000000000006,150.0
U023454,bundle_100_100,2025-10-10 06:30:00+08,B017270,2025-10-11 06:30:00+08,Korea,T1,ja,true,2025-10-11 07:32:00+08,true,true,2,305.5,200.0
U013515,bundle_100_100,2025-09-06 05:16:00+08,B007481,2025-09-09 05:16:00+08,Thailand,T1,zh-TW,true,2025-09-09 06:26:00+08,true,true,2,265.9,200.0
U015915,bundle_100_100,2025-09-24 21:13:00+08,B010408,2025-09-27 21:13:00+08,Singapore,T1,ko,true,2025-09-27 22:28:00+08,true,false,1,181.39999999999998,100.0
U024872,airport_150,2025-09-10 19:17:00+08,B000072,2025-09-11 19:17:00+08,Korea,T2,ja,true,2025-09-11 20:45:00+08,true,false,1,143.39999999999998,150.0
U012379,bundle_100_100,2025-09-03 23:59:00+08,B010727,2025-09-05 23:59:00+08,Korea,T1,zh-TW,true,2025-09-06 01:16:00+08,true,false,1,92.9,100.0
U021214,airport_150,2025-09-17 12:54:00+08,B017519,2025-09-18 12:54:00+08,Japan,T2,ja,true,2025-09-18 13:49:00+08,true,true,3,352.5,150.0
U017448,bundle_100_100,2025-10-18 04:39:00+08,B009264,2025-10-22 04:39:00+08,USA,T1,zh-TW,true,2025-10-22 06:07:00+08,true,false,1,144.5,100.0
U029594,airport_150,2025-10-01 06:47:00+08,B003341,2025-10-03 06:47:00+08,Korea,T2,ko,true,2025-10-03 07:43:00+08,true,false,1,131.39999999999998,150.0
U026025,bundle_100_100,2025-09-28 21:22:00+08,B014712,2025-10-03 21:22:00+08,Japan,T1,ko,true,2025-10-03 22:01:00+08,true,true,2,275.19999999999993,200.0
U012741,airport_150,2025-10-24 06:42:00+08,B003734,2025-10-25 06:42:00+08,Korea,T1,en,true,2025-10-25 08:21:00+08,true,true,2,180.6,150.0
U023301,airport_150,2025-10-21 15:22:00+08,B013509,2025-10-24 15:22:00+08,Korea,T2,en,true,2025-10-24 16:57:00+08,true,false,1,30.599999999999994,150.0
U009591,bundle_100_100,2025-10-05 07:18:00+08,B001699,2025-10-10 07:18:00+08,Singapore,T1,zh-TW,true,2025-10-10 07:47:00+08,true,false,1,191.0,100.0
U018717,airport_150,2025-10-17 20:43:00+08,B009024,2025-10-21 20:43:00+08,Korea,T1,zh-TW,true,2025-10-21 21:32:00+08,true,false,1,135.0,150.0
U010645,airport_150,2025-10-09 14:28:00+08,B002788,2025-10-14 14:28:00+08,Japan,T2,ja,true,2025-10-14 15:00:00+08,true,false,1,14.699999999999989,150.0
U018751,bundle_100_100,2025-10-08 19:43:00+08,B002388,2025-10-10 19:43:00+08,Korea,T1,ko,true,2025-10-10 21:14:00+08,true,false,1,129.5,100.0
U000350,airport_150,2025-10-10 22:49:00+08,B002005,2025-10-15 22:49:00+08,USA,T1,ko,true,2025-10-15 23:18:00+08,true,true,2,37.19999999999999,150.0
U005122,bundle_100_100,2025-10-20 19:59:00+08,B017375,2025-10-25 19:59:00+08,Japan,T1,zh-TW,true,2025-10-25 21:13:00+08,true,false,1,163.09999999999997,100.0
U013510,airport_150,2025-09-25 08:31:00+08,B007756,2025-09-29 08:31:00+08,Hong Kong,T1,en,true,2025-09-29 10:23:00+08,true,false,1,51.29999999999998,150.0
U017320,airport_150,2025-10-19 06:52:00+08,B006109,2025-10-25 06:52:00+08,USA,T2,ja,true,2025-10-25 08:50:00+08,true,true,2,193.2,150.0
U023632,airport_150,2025-09-26 04:25:00+08,B001711,2025-10-01 04:25:00+08,Korea,T2,ko,true,2025-10-01 05:39:00+08,true,false,1,83.39999999999998,150.0
U014485,bundle_100_100,2025-09-23 03:38:00+08,B008969,2025-09-29 03:38:00+08,Hong Kong,T1,ja,true,2025-09-29 03:59:00+08,true,false,1,-18.700000000000003,100.0
U012135,airport_150,2025-10-04 06:54:00+08,B006324,2025-10-06 06:54:00+08,Korea,T2,en,true,2025-10-06 08:28:00+08,true,false,1,68.69999999999999,150.0
U013376,bundle_100_100,2025-09-14 07:40:00+08,B017726,2025-09-20 07:40:00+08,Korea,T1,zh-TW,true,2025-09-20 09:25:00+08,true,true,2,134.8,200.0
U017138,bundle_100_100,2025-09-26 07:11:00+08,B000800,2025-10-01 07:11:00+08,Singapore,T2,zh-TW,true,2025-10-01 08:06:00+08,true,false,1,-10.600000000000009,100.0
U006996,airport_150,2025-10-09 22:25:00+08,B008677,2025-10-13 22:25:00+08,Japan,T1,en,true,2025-10-13 22:47:00+08,true,false,1,107.39999999999998,150.0
U005946,bundle_100_100,2025-10-20 01:05:00+08,B000085,2025-10-21 01:05:00+08,Hong Kong,T1,zh-TW,true,2025-10-21 02:17:00+08,true,false,1,171.5,100.0
U013179,bundle_100_100,2025-09-22 22:48:00+08,B017410,2025-09-26 22:48:00+08,Singapore,T1,ja,true,2025-09-26 23:59:00+08,true,false,1,211.09999999999997,100.0
U027364,bundle_100_100,2025-09-08 21:04:00+08,B017385,2025-09-13 21:04:00+08,Singapore,T1,zh-TW,true,2025-09-13 21:24:00+08,true,true,2,108.09999999999997,200.0
U028090,bundle_100_100,2025-09-03 03:17:00+08,B001615,2025-09-05 03:17:00+08,Hong Kong,T1,en,true,2025-09-05 03:53:00+08,true,false,1,86.29999999999998,100.0
U021213,airport_150,2025-09-14 05:43:00+08,B000355,2025-09-19 05:43:00+08,Thailand,T1,en,true,2025-09-19 06:52:00+08,true,true,2,297.0,150.0
U012588,airport_150,2025-10-08 15:50:00+08,B000024,2025-10-11 15:50:00+08,Korea,T2,en,true,2025-10-11 17:41:00+08,true,false,1,71.1,150.0
U015806,control,2025-09-20 08:17:00+08,B002789,2025-09-25 08:17:00+08,Hong Kong,T1,en,true,2025-09-25 09:34:00+08,true,false,1,270.9,0.0
U000918,control,2025-09-22 02:38:00+08,B004228,2025-09-23 02:38:00+08,Thailand,T2,ko,true,2025-09-23 03:48:00+08,true,true,2,450.9,0.0
U013053,control,2025-09-25 23:01:00+08,B015822,2025-10-01 23:01:00+08,Hong Kong,T1,en,true,2025-10-02 00:26:00+08,true,false,1,240.6,0.0
U003149,control,2025-09-08 20:48:00+08,B009438,2025-09-11 20:48:00+08,Japan,T1,en,true,2025-09-11 21:31:00+08,true,false,1,260.4,0.0
U020776,control,2025-10-13 05:12:00+08,B000762,2025-10-14 05:12:00+08,USA,T1,en,true,2025-10-14 07:00:00+08,true,false,1,305.09999999999997,0.0
U017756,control,2025-10-17 16:01:00+08,B001540,2025-10-23 16:01:00+08,Thailand,T1,ko,true,2025-10-23 16:48:00+08,true,false,1,177.9,0.0
U020130,control,2025-09-08 22:07:00+08,B013710,2025-09-10 22:07:00+08,Hong Kong,T1,ko,true,2025-09-10 23:23:00+08,true,false,1,249.89999999999998,0.0
U025563,control,2025-09-08 09:34:00+08,B007531,2025-09-14 09:34:00+08,Thailand,T1,ja,true,2025-09-14 10:28:00+08,true,false,1,87.0,0.0
U006362,control,2025-10-07 22:59:00+08,B001962,2025-10-09 22:59:00+08,Korea,T2,ja,true,2025-10-10 00:14:00+08,true,false,1,157.2,0.0
U027937,airport_150,2025-09-11 19:48:00+08,B011320,2025-09-12 19:48:00+08,Singapore,T1,ko,true,2025-09-12 21:15:00+08,true,false,1,290.7,0.0
U023327,control,2025-10-08 07:53:00+08,B008109,2025-10-12 07:53:00+08,USA,T1,ja,true,2025-10-12 08:17:00+08,true,false,1,96.3,0.0
U021735,control,2025-09-09 13:34:00+08,B007665,2025-09-13 13:34:00+08,Korea,T1,en,true,2025-09-13 14:41:00+08,true,false,1,182.4,0.0
U007333,control,2025-10-09 09:09:00+08,B005027,2025-10-15 09:09:00+08,Singapore,T1,en,true,2025-10-15 10:16:00+08,true,false,1,254.7,0.0
U001674,control,2025-09-20 20:49:00+08,B007328,2025-09-21 20:49:00+08,Thailand,T1,ja,true,2025-09-21 22:44:00+08,true,false,1,325.8,0.0
U002945,control,2025-10-18 18:26:00+08,B001971,2025-10-24 18:26:00+08,Hong Kong,T1,zh-TW,true,2025-10-24 19:03:00+08,true,false,1,247.79999999999998,0.0
U007934,control,2025-10-10 01:38:00+08,B016038,2025-10-11 01:38:00+08,Singapore,T2,ja,true,2025-10-11 03:27:00+08,true,false,1,170.4,0.0
U005186,control,2025-10-12 23:08:00+08,B003844,2025-10-16 23:08:00+08,Hong Kong,T1,ko,true,2025-10-17 00:05:00+08,true,false,1,179.7,0.0
U026899,control,2025-09-23 06:02:00+08,B007074,2025-09-28 06:02:00+08,Japan,T2,ja,true,2025-09-28 06:30:00+08,true,false,1,290.09999999999997,0.0
U001678,control,2025-09-02 07:23:00+08,B016911,2025-09-08 07:23:00+08,Singapore,T2,ko,true,2025-09-08 07:46:00+08,true,true,2,478.79999999999995,0.0
U021807,control,2025-09-24 19:55:00+08,B000855,2025-09-26 19:55:00+08,Singapore,T2,zh-TW,true,2025-09-26 20:25:00+08,true,false,1,291.59999999999997,0.0
U009793,control,2025-10-20 21:56:00+08,B002173,2025-10-26 21:56:00+08,Korea,T1,ja,true,2025-10-26 22:52:00+08,true,false,1,298.8,0.0
U000728,control,2025-10-10 09:10:00+08,B006994,2025-10-11 09:10:00+08,Hong Kong,T1,ko,true,2025-10-11 10:08:00+08,true,true,2,351.59999999999997,0.0
U003223,control,2025-09-29 20:01:00+08,B005248,2025-10-01 20:01:00+08,Korea,T1,en,true,2025-10-01 20:25:00+08,true,false,1,240.29999999999998,0.0
U005782,control,2025-10-08 09:23:00+08,B002894,2025-10-09 09:23:00+08,Hong Kong,T1,zh-TW,true,2025-10-09 11:21:00+08,true,false,1,182.1,0.0
U027221,control,2025-09-19 19:29:00+08,B006139,2025-09-20 19:29:00+08,USA,T2,ko,true,2025-09-20 20:59:00+08,true,false,1,287.4,0.0
U009554,control,2025-09-29 10:03:00+08,B002175,2025-09-30 10:03:00+08,Hong Kong,T1,en,true,2025-09-30 12:01:00+08,true,false,1,238.5,0.0
U029036,control,2025-09-09 22:16:00+08,B017809,2025-09-15 22:16:00+08,Thailand,T2,zh-TW,true,2025-09-15 22:51:00+08,true,false,1,301.5,0.0
U026324,airport_150,2025-09-20 09:08:00+08,B005354,2025-09-26 09:08:00+08,USA,T2,ja,true,2025-09-26 10:56:00+08,true,false,1,67.8,0.0
U025751,control,2025-09-05 22:45:00+08,B005866,2025-09-06 22:45:00+08,USA,T2,zh-TW,true,2025-09-06 23:49:00+08,true,false,1,263.4,0.0
U016165,control,2025-09-20 07:54:00+08,B005972,2025-09-25 07:54:00+08,Thailand,T1,zh-TW,true,2025-09-25 08:34:00+08,true,false,1,333.59999999999997,0.0
U006487,control,2025-09-20 07:01:00+08,B011987,2025-09-25 07:01:00+08,Hong Kong,T1,ja,true,2025-09-25 07:32:00+08,true,false,1,331.5,0.0
U023618,control,2025-09-22 05:37:00+08,B015925,2025-09-24 05:37:00+08,Japan,T2,ko,true,2025-09-24 07:37:00+08,true,false,1,220.2,0.0
U016803,control,2025-10-15 23:26:00+08,B014122,2025-10-18 23:26:00+08,Hong Kong,T1,zh-TW,true,2025-10-19 01:24:00+08,true,true,2,327.0,0.0
U008460,control,2025-10-14 20:14:00+08,B011372,2025-10-15 20:14:00+08,Hong Kong,T2,zh-TW,true,2025-10-15 21:07:00+08,true,false,1,295.2,0.0
U018209,control,2025-10-03 16:20:00+08,B003468,2025-10-06 16:20:00+08,Thailand,T2,zh-TW,true,2025-10-06 16:44:00+08,true,false,1,83.1,0.0
U013699,airport_150,2025-10-13 07:00:00+08,B007751,2025-10-16 07:00:00+08,Korea,T1,zh-TW,true,,false,false,0,0.0,0.0
U010941,airport_150,2025-10-11 11:43:00+08,B016576,2025-10-17 11:43:00+08,Hong Kong,T2,ko,true,,false,false,0,0.0,0.0
U014334,bundle_100_100,2025-09-16 21:12:00+08,B007560,2025-09-17 21:12:00+08,Korea,T1,zh-TW,true,,false,false,0,0.0,0.0
U022544,bundle_100_100,2025-10-17 07:19:00+08,B000481,2025-10-20 07:19:00+08,Japan,T2,ko,true,,false,false,0,0.0,0.0
U010754,bundle_100_100,2025-09-19 15:36:00+08,B007742,2025-09-21 15:36:00+08,Korea,T2,zh-TW,true,,false,false,0,0.0,0.0
U026701,airport_150,2025-10-15 09:50:00+08,B007681,2025-10-20 09:50:00+08,Singapore,T2,zh-TW,true,,false,false,0,0.0,0.0
U020537,control,2025-10-11 20:55:00+08,B013780,2025-10-13 20:55:00+08,Singapore,T2,ja,true,,false,false,0,0.0,0.0
U022526,airport_150,2025-09-28 07:54:00+08,B004680,2025-10-04 07:54:00+08,Thailand,T1,ja,true,,false,false,0,0.0,0.0
U000841,bundle_100_100,2025-10-19 08:22:00+08,B003903,2025-10-24 08:22:00+08,Singapore,T1,ja,true,,false,false,0,0.0,0.0
U002149,airport_150,2025-09-13 06:10:00+08,B001956,2025-09-19 06:10:00+08,Thailand,T1,ja,true,,false,false,0,0.0,0.0
U000304,bundle_100_100,2025-09-15 16:49:00+08,B000983,2025-09-19 16:49:00+08,Hong Kong,T1,zh-TW,true,,false,false,0,0.0,0.0
U012159,airport_150,2025-09-11 12:01:00+08,B004328,2025-09-14 12:01:00+08,Singapore,T2,zh-TW,true,,false,false,0,0.0,0.0
U019921,bundle_100_100,2025-10-18 16:23:00+08,B001768,2025-10-19 16:23:00+08,USA,T1,ko,true,,false,false,0,0.0,0.0
U015074,bundle_100_100,2025-10-15 23:27:00+08,B007033,2025-10-19 23:27:00+08,USA,T2,zh-TW,true,,false,false,0,0.0,0.0
U013194,bundle_100_100,2025-09-20 06:04:00+08,B012607,2025-09-23 06:04:00+08,Japan,T1,zh-TW,true,,false,false,0,0.0,0.0
U003909,bundle_100_100,2025-10-10 09:42:00+08,B014787,2025-10-14 09:42:00+08,Korea,T2,en,true,,false,false,0,0.0,0.0
U006402,bundle_100_100,2025-09-06 06:56:00+08,B009056,2025-09-08 06:56:00+08,Thailand,T1,ja,true,,false,false,0,0.0,0.0
U024599,bundle_100_100,2025-10-05 20:22:00+08,B017084,2025-10-07 20:22:00+08,Japan,T1,en,true,,false,false,0,0.0,0.0
U016168,bundle_100_100,2025-09-09 21:56:00+08,B011810,2025-09-13 21:56:00+08,Japan,T1,ko,true,,false,false,0,0.0,0.0
U007953,airport_150,2025-10-20 07:26:00+08,B004427,2025-10-25 07:26:00+08,Hong Kong,T2,zh-TW,true,,false,false,0,0.0,0.0
U012071,airport_150,2025-09-05 00:39:00+08,B006604,2025-09-10 00:39:00+08,Japan,T2,zh-TW,true,,false,false,0,0.0,0.0
U003564,bundle_100_100,2025-09-07 23:21:00+08,B013678,2025-09-12 23:21:00+08,Japan,T2,ja,true,,false,false,0,0.0,0.0
U023698,airport_150,2025-09-17 08:56:00+08,B011387,2025-09-18 08:56:00+08,Korea,T2,en,true,,false,false,0,0.0,0.0
U027048,airport_150,2025-09-13 21:29:00+08,B009932,2025-09-14 21:29:00+08,Korea,T1,zh-TW,true,,false,false,0,0.0,0.0
U008229,bundle_100_100,2025-10-19 07:20:00+08,B009666,2025-10-22 07:20:00+08,Singapore,T2,ko,true,,false,false,0,0.0,0.0
U012277,airport_150,2025-09-15 21:07:00+08,B013223,2025-09-19 21:07:00+08,Korea,T2,en,true,,false,false,0,0.0,0.0
U016594,bundle_100_100,2025-10-07 05:08:00+08,B005923,2025-10-09 05:08:00+08,Korea,T2,en,true,,false,false,0,0.0,0.0
U029518,airport_150,2025-10-21 18:31:00+08,B006404,2025-10-23 18:31:00+08,Thailand,T2,zh-TW,true,,false,false,0,0.0,0.0
U001790,control,2025-10-23 01:53:00+08,B010436,2025-10-26 01:53:00+08,USA,T2,ja,true,,false,false,0,0.0,0.0
U004160,airport_150,2025-10-03 14:18:00+08,B015375,2025-10-07 14:18:00+08,Japan,T2,en,true,,false,false,0,0.0,0.0
U007058,control,2025-10-09 09:38:00+08,B016534,2025-10-13 09:38:00+08,Korea,T2,ja,true,,false,false,0,0.0,0.0
U013306,airport_150,2025-10-06 05:09:00+08,B004398,2025-10-09 05:09:00+08,Singapore,T1,ko,true,,false,false,0,0.0,0.0
U025919,bundle_100_100,2025-10-14 21:09:00+08,B004515,2025-10-16 21:09:00+08,Hong Kong,T1,ja,true,,false,false,0,0.0,0.0
U001651,airport_150,2025-09-07 14:42:00+08,B000332,2025-09-08 14:42:00+08,Singapore,T1,ko,true,,false,false,0,0.0,0.0
U008679,airport_150,2025-09-08 14:04:00+08,B000102,2025-09-09 14:04:00+08,Japan,T1,en,true,,false,false,0,0.0,0.0
U021588,bundle_100_100,2025-09-01 08:03:00+08,B001205,2025-09-05 08:03:00+08,Singapore,T1,ja,true,,false,false,0,0.0,0.0
U024342,bundle_100_100,2025-09-10 16:18:00+08,B002177,2025-09-15 16:18:00+08,USA,T2,en,true,,false,false,0,0.0,0.0
U005759,bundle_100_100,2025-10-12 07:08:00+08,B011506,2025-10-17 07:08:00+08,USA,T2,en,true,,false,false,1,198.9,0.0
U008082,bundle_100_100,2025-10-16 23:54:00+08,B008129,2025-10-19 23:54:00+08,Korea,T1,en,true,,false,false,0,0.0,0.0
U009063,bundle_100_100,2025-10-08 22:35:00+08,B017324,2025-10-09 22:35:00+08,Japan,T1,en,true,,false,false,0,0.0,0.0
U010369,airport_150,2025-09-11 22:09:00+08,B004689,2025-09-12 22:09:00+08,Singapore,T1,ja,true,,false,false,0,0.0,0.0
U019869,airport_150,2025-09-10 08:39:00+08,B002171,2025-09-13 08:39:00+08,Japan,T1,zh-TW,true,,false,false,0,0.0,0.0
U002949,bundle_100_100,2025-09-25 21:19:00+08,B000183,2025-09-26 21:19:00+08,USA,T2,ja,true,,false,false,0,0.0,0.0
U003464,airport_150,2025-10-05 05:07:00+08,B015665,2025-10-06 05:07:00+08,Hong Kong,T2,ko,true,,false,false,0,0.0,0.0
U004318,bundle_100_100,2025-09-05 21:47:00+08,B000665,2025-09-08 21:47:00+08,Japan,T1,en,true,,false,false,0,0.0,0.0
U007309,airport_150,2025-09-22 23:40:00+08,B012659,2025-09-27 23:40:00+08,Singapore,T1,ja,true,,false,false,0,0.0,0.0
U012782,airport_150,2025-10-09 06:17:00+08,B002176,2025-10-10 06:17:00+08,Korea,T2,en,true,,false,false,0,0.0,0.0
U017304,control,2025-09-03 23:08:00+08,B010946,2025-09-07 23:08:00+08,Singapore,T1,en,true,,false,false,0,0.0,0.0
U003819,bundle_100_100,2025-09-14 23:28:00+08,B017717,2025-09-20 23:28:00+08,Thailand,T1,zh-TW,true,,false,false,0,0.0,0.0
U008282,bundle_100_100,2025-09-28 04:46:00+08,B013479,2025-10-01 04:46:00+08,Korea,T2,en,true,,false,false,0,0.0,0.0
U002894,bundle_100_100,2025-09-13 09:49:00+08,B014206,2025-09-18 09:49:00+08,Thailand,T2,ko,true,,false,false,0,0.0,0.0
U008728,bundle_100_100,2025-09-13 14:44:00+08,B015398,2025-09-16 14:44:00+08,Singapore,T1,zh-TW,true,,false,false,0,0.0,0.0
U002556,airport_150,2025-10-14 16:16:00+08,B002829,2025-10-17 16:16:00+08,USA,T1,ja,true,,false,false,0,0.0,0.0
U010486,airport_150,2025-09-28 01:33:00+08,B010532,2025-10-02 01:33:00+08,Japan,T1,en,true,,false,false,0,0.0,0.0
U005074,control,2025-10-18 22:09:00+08,B010413,2025-10-24 22:09:00+08,Thailand,T2,ja,true,,false,false,0,0.0,0.0
U006697,control,2025-09-19 14:05:00+08,B001460,2025-09-24 14:05:00+08,USA,T1,ko,true,,false,false,0,0.0,0.0
U008839,bundle_100_100,2025-10-18 06:24:00+08,B004213,2025-10-24 06:24:00+08,Hong Kong,T1,en,true,,false,false,0,0.0,0.0
U018471,airport_150,2025-10-19 05:53:00+08,B001200,2025-10-23 05:53:00+08,Korea,T2,en,true,,false,false,0,0.0,0.0
U019703,bundle_100_100,2025-10-06 03:32:00+08,B016991,2025-10-11 03:32:00+08,Japan,T2,en,true,,false,false,0,0.0,0.0
U027574,bundle_100_100,2025-10-12 20:43:00+08,B008039,2025-10-18 20:43:00+08,Thailand,T1,en,true,,false,false,0,0.0,0.0
U028252,airport_150,2025-10-03 00:32:00+08,B016666,2025-10-04 00:32:00+08,USA,T2,ja,true,,false,false,0,0.0,0.0
U023985,bundle_100_100,2025-09-06 20:05:00+08,B014524,2025-09-11 20:05:00+08,Hong Kong,T1,zh-TW,true,,false,false,0,0.0,0.0
U023152,bundle_100_100,2025-10-03 07:46:00+08,B008646,2025-10-09 07:46:00+08,Singapore,T2,zh-TW,true,,false,false,0,0.0,0.0
U024549,bundle_100_100,2025-09-06 07:59:00+08,B012313,2025-09-08 07:59:00+08,Hong Kong,T1,en,true,,false,false,0,0.0,0.0
U005533,bundle_100_100,2025-09-21 04:34:00+08,B000865,2025-09-25 04:34:00+08,Singapore,T1,ko,true,,false,false,0,0.0,0.0
U016737,bundle_100_100,2025-09-27 21:03:00+08,B004476,2025-09-30 21:03:00+08,Thailand,T1,en,true,,false,false,0,0.0,0.0
U005895,bundle_100_100,2025-10-03 09:10:00+08,B015539,2025-10-06 09:10:00+08,Singapore,T2,ko,true,,false,false,0,0.0,0.0
U018723,bundle_100_100,2025-09-24 08:54:00+08,B005050,2025-09-27 08:54:00+08,Korea,T1,zh-TW,true,,false,false,0,0.0,0.0
U024369,control,2025-09-10 05:01:00+08,B010419,2025-09-12 05:01:00+08,USA,T2,ko,true,,false,false,0,0.0,0.0
U029517,bundle_100_100,2025-09-17 12:53:00+08,B004096,2025-09-20 12:53:00+08,Hong Kong,T2,ko,true,,false,false,0,0.0,0.0
U013562,bundle_100_100,2025-10-02 01:19:00+08,B016678,2025-10-03 01:19:00+08,Thailand,T2,ko,true,,false,false,0,0.0,0.0
U023880,airport_150,2025-10-16 01:24:00+08,B012584,2025-10-17 01:24:00+08,Singapore,T1,en,true,,false,false,0,0.0,0.0
U022229,bundle_100_100,2025-09-14 15:30:00+08,B007139,2025-09-15 15:30:00+08,Thailand,T2,zh-TW,true,,false,false,0,0.0,0.0
U005270,airport_150,2025-10-18 22:06:00+08,B016872,2025-10-20 22:06:00+08,USA,T2,en,true,,false,false,0,0.0,0.0
U020615,airport_150,2025-10-02 07:38:00+08,B007128,2025-10-05 07:38:00+08,Singapore,T2,ko,true,,false,false,0,0.0,0.0
U029919,airport_150,2025-09-28 07:50:00+08,B017757,2025-10-03 07:50:00+08,Singapore,T2,ja,true,,false,false,0,0.0,0.0
U003916,airport_150,2025-09-21 09:45:00+08,B003561,2025-09-27 09:45:00+08,Japan,T2,en,true,,false,false,0,0.0,0.0
U007936,bundle_100_100,2025-09-28 09:21:00+08,B013903,2025-09-30 09:21:00+08,Korea,T1,zh-TW,true,,false,false,0,0.0,0.0
U015542,airport_150,2025-09-21 05:25:00+08,B000817,2025-09-27 05:25:00+08,Korea,T1,ja,true,,false,false,1,123.3,0.0
U019732,airport_150,2025-10-04 03:59:00+08,B003571,2025-10-10 03:59:00+08,Thailand,T2,ko,true,,false,false,0,0.0,0.0
U029009,airport_150,2025-10-23 07:18:00+08,B005308,2025-10-25 07:18:00+08,Hong Kong,T2,en,true,,false,false,0,0.0,0.0
U020755,airport_150,2025-09-15 07:18:00+08,B004296,2025-09-16 07:18:00+08,Hong Kong,T2,ko,true,,false,false,0,0.0,0.0
U014567,bundle_100_100,2025-09-15 21:24:00+08,B014922,2025-09-21 21:24:00+08,Hong Kong,T1,en,true,,false,false,0,0.0,0.0
U026187,bundle_100_100,2025-09-15 23:12:00+08,B003491,2025-09-20 23:12:00+08,Hong Kong,T2,ko,true,,false,false,0,0.0,0.0
U017449,airport_150,2025-09-06 13:24:00+08,B003739,2025-09-11 13:24:00+08,Thailand,T2,en,true,,false,false,0,0.0,0.0
U010309,airport_150,2025-09-08 20:17:00+08,B004009,2025-09-14 20:17:00+08,Korea,T1,ko,true,,false,false,0,0.0,0.0
U010431,airport_150,2025-10-03 23:54:00+08,B003328,2025-10-09 23:54:00+08,Singapore,T2,zh-TW,true,,false,false,0,0.0,0.0
U015005,bundle_100_100,2025-10-12 22:21:00+08,B015510,2025-10-15 22:21:00+08,USA,T2,zh-TW,true,,false,false,0,0.0,0.0
U001017,bundle_100_100,2025-09-26 14:36:00+08,B007196,2025-10-02 14:36:00+08,Singapore,T1,ja,true,,false,false,0,0.0,0.0
U002506,airport_150,2025-10-17 08:53:00+08,B003437,2025-10-23 08:53:00+08,Singapore,T1,en,true,,false,false,0,0.0,0.0
U029332,airport_150,2025-10-19 09:37:00+08,B010081,2025-10-21 09:37:00+08,Thailand,T2,zh-TW,true,,false,false,0,0.0,0.0
U003802,bundle_100_100,2025-10-12 22:13:00+08,B005615,2025-10-16 22:13:00+08,Korea,T2,ja,true,,false,false,0,0.0,0.0
U029904,bundle_100_100,2025-09-15 03:10:00+08,B007290,2025-09-19 03:10:00+08,Korea,T2,en,true,,false,false,0,0.0,0.0
U000436,bundle_100_100,2025-09-07 08:21:00+08,B009191,2025-09-08 08:21:00+08,USA,T2,ja,true,,false,false,0,0.0,0.0
U014159,bundle_100_100,2025-09-28 09:16:00+08,B009041,2025-10-03 09:16:00+08,Korea,T1,ja,true,,false,false,0,0.0,0.0
U024802,bundle_100_100,2025-09-09 20:40:00+08,B014261,2025-09-10 20:40:00+08,Korea,T2,ja,true,,false,false,0,0.0,0.0
U005425,airport_150,2025-09-29 00:45:00+08,B007239,2025-10-03 00:45:00+08,Hong Kong,T2,en,true,,false,false,0,0.0,0.0
U019825,bundle_100_100,2025-09-09 08:34:00+08,B015024,2025-09-14 08:34:00+08,Japan,T2,en,true,,false,false,0,0.0,0.0
U014802,airport_150,2025-09-28 02:51:00+08,B001355,2025-10-02 02:51:00+08,Singapore,T1,ko,true,,false,false,1,84.3,0.0
U001761,airport_150,2025-09-06 07:02:00+08,B000873,2025-09-07 07:02:00+08,Thailand,T1,zh-TW,true,,false,false,0,0.0,0.0
U000503,control,2025-10-01 22:47:00+08,B010501,2025-10-03 22:47:00+08,Singapore,T1,zh-TW,true,,false,false,0,0.0,0.0
U003895,airport_150,2025-09-24 16:19:00+08,B016623,2025-09-28 16:19:00+08,Thailand,T2,ja,true,,false,false,0,0.0,0.0
U003217,airport_150,2025-10-02 10:54:00+08,B005062,2025-10-06 10:54:00+08,Thailand,T1,en,true,,false,false,0,0.0,0.0
U016126,airport_150,2025-09-01 16:04:00+08,B017734,2025-09-04 16:04:00+08,Hong Kong,T2,en,true,,false,false,0,0.0,0.0
U004372,airport_150,2025-09-26 22:43:00+08,B007944,2025-10-01 22:43:00+08,Korea,T1,zh-TW,true,,false,false,0,0.0,0.0
U007879,airport_150,2025-10-05 23:51:00+08,B016364,2025-10-09 23:51:00+08,Singapore,T1,ja,true,,false,false,0,0.0,0.0
U015794,airport_150,2025-10-01 20:20:00+08,B003676,2025-10-03 20:20:00+08,Thailand,T1,zh-TW,true,,false,false,0,0.0,0.0
U022910,bundle_100_100,2025-09-26 13:47:00+08,B003888,2025-09-27 13:47:00+08,USA,T1,ja,true,,false,false,0,0.0,0.0
U000389,airport_150,2025-09-16 09:25:00+08,B000027,2025-09-17 09:25:00+08,Hong Kong,T2,en,true,,false,false,0,0.0,0.0
U003468,control,2025-10-10 03:30:00+08,B013377,2025-10-11 03:30:00+08,Japan,T2,zh-TW,true,,false,false,0,0.0,0.0
U004538,airport_150,2025-10-07 07:10:00+08,B012141,2025-10-12 07:10:00+08,Singapore,T2,zh-TW,true,,false,false,0,0.0,0.0
U000317,bundle_100_100,2025-09-16 09:42:00+08,B013331,2025-09-21 09:42:00+08,Japan,T1,en,true,,false,false,0,0.0,0.0
U002911,bundle_100_100,2025-09-14 11:43:00+08,B003447,2025-09-18 11:43:00+08,Hong Kong,T2,en,true,,false,false,0,0.0,0.0
U003327,control,2025-10-07 06:42:00+08,B014618,2025-10-09 06:42:00+08,Thailand,T2,zh-TW,true,,false,false,1,264.3,0.0
U009575,airport_150,2025-10-12 01:03:00+08,B011833,2025-10-13 01:03:00+08,Singapore,T2,ko,true,,false,false,0,0.0,0.0
U013497,airport_150,2025-10-17 10:43:00+08,B012446,2025-10-20 10:43:00+08,Japan,T1,ja,true,,false,false,0,0.0,0.0
U016796,bundle_100_100,2025-10-18 22:31:00+08,B003473,2025-10-21 22:31:00+08,Hong Kong,T1,en,true,,false,false,0,0.0,0.0
U022092,bundle_100_100,2025-10-08 09:51:00+08,B015867,2025-10-12 09:51:00+08,Singapore,T2,en,true,,false,false,0,0.0,0.0
U027376,airport_150,2025-10-11 23:12:00+08,B017552,2025-10-17 23:12:00+08,Thailand,T1,en,true,,false,false,0,0.0,0.0
U006026,control,2025-10-07 05:50:00+08,B016149,2025-10-12 05:50:00+08,USA,T2,zh-TW,true,,false,false,0,0.0,0.0
U011354,bundle_100_100,2025-09-15 02:23:00+08,B015621,2025-09-21 02:23:00+08,Hong Kong,T1,ko,true,,false,false,0,0.0,0.0
U023750,control,2025-10-10 09:03:00+08,B004222,2025-10-12 09:03:00+08,Korea,T1,zh-TW,true,,false,false,0,0.0,0.0
U006532,airport_150,2025-10-16 10:39:00+08,B003121,2025-10-20 10:39:00+08,Japan,T2,en,true,,false,false,0,0.0,0.0
U029726,bundle_100_100,2025-09-06 08:20:00+08,B015696,2025-09-07 08:20:00+08,Japan,T1,ko,true,,false,false,0,0.0,0.0
U001916,airport_150,2025-09-02 23:40:00+08,B007658,2025-09-07 23:40:00+08,Japan,T1,ja,true,,false,false,0,0.0,0.0
U012674,bundle_100_100,2025-10-10 17:30:00+08,B014087,2025-10-15 17:30:00+08,Hong Kong,T2,ko,true,,false,false,0,0.0,0.0
U022194,airport_150,2025-10-16 08:17:00+08,B011853,2025-10-17 08:17:00+08,USA,T2,ko,true,,false,false,0,0.0,0.0
U022678,control,2025-09-11 06:34:00+08,B009200,2025-09-12 06:34:00+08,Hong Kong,T1,zh-TW,true,,false,false,0,0.0,0.0
U011324,bundle_100_100,2025-09-06 18:21:00+08,B002729,2025-09-10 18:21:00+08,Hong Kong,T1,ko,true,,false,false,0,0.0,0.0
U026633,control,2025-10-12 20:02:00+08,B004253,2025-10-18 20:02:00+08,Thailand,T1,ja,true,,false,false,0,0.0,0.0
U017386,airport_150,2025-10-19 08:47:00+08,B009516,2025-10-23 08:47:00+08,Thailand,T2,ja,true,,false,false,0,0.0,0.0
U023373,airport_150,2025-09-19 05:26:00+08,B013335,2025-09-25 05:26:00+08,Japan,T2,ja,true,,false,false,0,0.0,0.0
U004891,control,2025-10-23 23:28:00+08,B003379,2025-10-25 23:28:00+08,Singapore,T1,zh-TW,true,,false,false,0,0.0,0.0
U026483,airport_150,2025-10-05 22:22:00+08,B003177,2025-10-11 22:22:00+08,Singapore,T1,en,true,,false,false,0,0.0,0.0
U028949,airport_150,2025-09-09 12:12:00+08,B010153,2025-09-13 12:12:00+08,Korea,T2,ja,true,,false,false,0,0.0,0.0
U016052,bundle_100_100,2025-10-19 01:04:00+08,B003825,2025-10-20 01:04:00+08,Singapore,T1,en,true,,false,false,0,0.0,0.0
U009094,bundle_100_100,2025-09-16 13:00:00+08,B009726,2025-09-19 13:00:00+08,Korea,T1,ja,true,,false,false,0,0.0,0.0
U007794,airport_150,2025-09-21 23:43:00+08,B017057,2025-09-26 23:43:00+08,USA,T2,ja,true,,false,false,0,0.0,0.0
U009838,airport_150,2025-09-16 08:04:00+08,B008244,2025-09-18 08:04:00+08,Thailand,T1,en,true,,false,false,0,0.0,0.0
U027876,control,2025-10-15 08:14:00+08,B013087,2025-10-20 08:14:00+08,Korea,T2,ko,true,,false,false,0,0.0,0.0
U020842,airport_150,2025-09-25 08:42:00+08,B014776,2025-09-26 08:42:00+08,Thailand,T2,en,true,,false,false,0,0.0,0.0
U001298,airport_150,2025-09-02 02:24:00+08,B006978,2025-09-08 02:24:00+08,USA,T2,zh-TW,true,,false,false,0,0.0,0.0
U024788,bundle_100_100,2025-09-27 19:34:00+08,B015331,2025-10-02 19:34:00+08,Hong Kong,T2,zh-TW,true,,false,false,0,0.0,0.0
U009482,bundle_100_100,2025-09-10 20:33:00+08,B003865,2025-09-11 20:33:00+08,Thailand,T2,en,true,,false,false,0,0.0,0.0
U019877,airport_150,2025-09-16 12:47:00+08,B007058,2025-09-21 12:47:00+08,Korea,T1,ja,true,,false,false,0,0.0,0.0
U003295,airport_150,2025-10-23 09:17:00+08,B004171,2025-10-26 09:17:00+08,Singapore,T2,ko,true,,false,false,0,0.0,0.0
U020351,airport_150,2025-10-09 16:45:00+08,B001840,2025-10-12 16:45:00+08,Hong Kong,T1,zh-TW,true,,false,false,0,0.0,0.0
U026609,airport_150,2025-10-11 07:42:00+08,B010005,2025-10-13 07:42:00+08,Hong Kong,T2,ja,true,,false,false,0,0.0,0.0
U003125,bundle_100_100,2025-09-13 11:36:00+08,B016641,2025-09-17 11:36:00+08,Singapore,T2,zh-TW,true,,false,false,0,0.0,0.0
U027416,airport_150,2025-10-14 11:22:00+08,B001462,2025-10-15 11:22:00+08,Japan,T2,ko,true,,false,false,0,0.0,0.0
U017125,bundle_100_100,2025-09-21 07:18:00+08,B007166,2025-09-27 07:18:00+08,Thailand,T1,en,true,,false,false,0,0.0,0.0
U021408,bundle_100_100,2025-09-21 06:40:00+08,B004119,2025-09-25 06:40:00+08,USA,T1,en,true,,false,false,0,0.0,0.0
U019523,airport_150,2025-09-19 21:08:00+08,B011452,2025-09-22 21:08:00+08,Hong Kong,T1,ko,true,,false,false,0,0.0,0.0
U023004,airport_150,2025-10-09 18:34:00+08,B002912,2025-10-12 18:34:00+08,Japan,T2,zh-TW,true,,false,false,0,0.0,0.0
U002406,bundle_100_100,2025-10-03 01:30:00+08,B011899,2025-10-06 01:30:00+08,Thailand,T1,ko,true,,false,false,0,0.0,0.0
U021890,bundle_100_100,2025-09-06 15:20:00+08,B005992,2025-09-10 15:20:00+08,Korea,T1,ko,true,,false,false,0,0.0,0.0
U001062,bundle_100_100,2025-10-19 22:37:00+08,B013632,2025-10-20 22:37:00+08,Korea,T2,ko,true,,false,false,0,0.0,0.0
U020551,bundle_100_100,2025-10-10 13:43:00+08,B002533,2025-10-13 13:43:00+08,Korea,T2,ja,true,,false,false,0,0.0,0.0
U001454,bundle_100_100,2025-09-28 06:38:00+08,B004735,2025-09-29 06:38:00+08,Japan,T2,ko,true,,false,false,0,0.0,0.0
U004817,bundle_100_100,2025-10-03 21:14:00+08,B000163,2025-10-07 21:14:00+08,Singapore,T2,ja,true,,false,false,0,0.0,0.0
U029045,control,2025-09-02 09:26:00+08,B007233,2025-09-04 09:26:00+08,Hong Kong,T1,zh-TW,true,,false,false,0,0.0,0.0
U008605,bundle_100_100,2025-10-02 22:37:00+08,B012740,2025-10-05 22:37:00+08,Thailand,T1,zh-TW,true,,false,false,0,0.0,0.0
U025311,airport_150,2025-09-17 06:31:00+08,B008606,2025-09-18 06:31:00+08,Korea,T1,ja,true,,false,false,0,0.0,0.0
U027393,airport_150,2025-10-13 23:00:00+08,B000130,2025-10-19 23:00:00+08,Japan,T2,en,true,,false,false,0,0.0,0.0
U013973,airport_150,2025-09-27 20:56:00+08,B005014,2025-10-02 20:56:00+08,Japan,T1,zh-TW,true,,false,false,0,0.0,0.0
U015023,bundle_100_100,2025-09-01 06:55:00+08,B003271,2025-09-06 06:55:00+08,Korea,T1,ja,true,,false,false,0,0.0,0.0
U017095,airport_150,2025-09-26 09:14:00+08,B000026,2025-09-27 09:14:00+08,Hong Kong,T1,en,true,,false,false,0,0.0,0.0
U000032,bundle_100_100,2025-09-24 16:43:00+08,B008171,2025-09-26 16:43:00+08,Thailand,T1,zh-TW,true,,false,false,0,0.0,0.0
U024212,bundle_100_100,2025-10-05 21:45:00+08,B004747,2025-10-09 21:45:00+08,Singapore,T2,ja,true,,false,false,0,0.0,0.0
U013492,airport_150,2025-09-13 14:04:00+08,B006651,2025-09-17 14:04:00+08,Hong Kong,T1,ko,true,,false,false,0,0.0,0.0
U017061,airport_150,2025-10-18 05:31:00+08,B015562,2025-10-23 05:31:00+08,USA,T1,ko,true,,false,false,0,0.0,0.0
U023110,airport_150,2025-10-07 11:36:00+08,B008828,2025-10-08 11:36:00+08,Japan,T2,ko,true,,false,false,0,0.0,0.0
U027629,bundle_100_100,2025-09-13 15:17:00+08,B014472,2025-09-15 15:17:00+08,Hong Kong,T2,en,true,,false,false,0,0.0,0.0
U023459,bundle_100_100,2025-09-29 18:19:00+08,B006273,2025-10-05 18:19:00+08,Hong Kong,T2,zh-TW,true,,false,false,0,0.0,0.0
U002036,airport_150,2025-10-03 11:55:00+08,B017599,2025-10-06 11:55:00+08,Singapore,T1,ko,true,,false,false,1,92.1,0.0
U027322,airport_150,2025-09-25 21:07:00+08,B000976,2025-09-30 21:07:00+08,USA,T2,zh-TW,true,,false,false,0,0.0,0.0
U002586,airport_150,2025-10-21 12:13:00+08,B010935,2025-10-24 12:13:00+08,Thailand,T1,zh-TW,true,,false,false,0,0.0,0.0
U009464,bundle_100_100,2025-10-10 20:23:00+08,B006988,2025-10-14 20:23:00+08,USA,T2,ko,true,,false,false,0,0.0,0.0
U015813,airport_150,2025-09-20 05:13:00+08,B016806,2025-09-23 05:13:00+08,USA,T1,ko,true,,false,false,0,0.0,0.0
U008825,airport_150,2025-10-12 21:47:00+08,B018000,2025-10-13 21:47:00+08,Thailand,T2,en,true,,false,false,0,0.0,0.0
U000047,airport_150,2025-09-09 07:32:00+08,B006293,2025-09-10 07:32:00+08,Hong Kong,T2,en,true,,false,false,0,0.0,0.0
U003326,airport_150,2025-09-25 05:35:00+08,B011064,2025-09-29 05:35:00+08,Hong Kong,T2,ja,true,,false,false,0,0.0,0.0
U021451,airport_150,2025-10-03 21:48:00+08,B012872,2025-10-09 21:48:00+08,USA,T2,ja,true,,false,false,0,0.0,0.0
U013364,bundle_100_100,2025-09-05 22:44:00+08,B013788,2025-09-11 22:44:00+08,Singapore,T1,ja,true,,false,false,0,0.0,0.0
U028585,bundle_100_100,2025-10-13 23:51:00+08,B017395,2025-10-19 23:51:00+08,Thailand,T2,ko,true,,false,false,0,0.0,0.0
U014960,airport_150,2025-09-13 08:12:00+08,B015833,2025-09-14 08:12:00+08,Hong Kong,T1,ja,true,,false,false,1,47.1,0.0
U015836,control,2025-10-13 08:41:00+08,B004941,2025-10-17 08:41:00+08,Hong Kong,T2,en,true,,false,false,0,0.0,0.0
U017632,bundle_100_100,2025-10-20 01:28:00+08,B006929,2025-10-25 01:28:00+08,Korea,T2,ja,true,,false,false,0,0.0,0.0
U023247,airport_150,2025-10-09 06:11:00+08,B009891,2025-10-14 06:11:00+08,Singapore,T2,en,true,,false,false,0,0.0,0.0
U022217,bundle_100_100,2025-09-10 22:46:00+08,B009243,2025-09-15 22:46:00+08,USA,T2,zh-TW,true,,false,false,0,0.0,0.0
U014418,airport_150,2025-09-27 08:20:00+08,B010199,2025-10-03 08:20:00+08,Hong Kong,T2,ko,true,,false,false,0,0.0,0.0
U017982,bundle_100_100,2025-10-08 20:25:00+08,B014753,2025-10-13 20:25:00+08,Thailand,T1,en,true,,false,false,0,0.0,0.0
U001116,bundle_100_100,2025-09-24 10:23:00+08,B007355,2025-09-29 10:23:00+08,USA,T1,ja,true,,false,false,0,0.0,0.0
U025323,bundle_100_100,2025-09-24 20:26:00+08,B016377,2025-09-29 20:26:00+08,Hong Kong,T2,zh-TW,true,,false,false,0,0.0,0.0
U010296,bundle_100_100,2025-09-05 14:14:00+08,B002901,2025-09-11 14:14:00+08,Singapore,T1,ja,true,,false,false,0,0.0,0.0
U029794,airport_150,2025-09-01 08:25:00+08,B002126,2025-09-06 08:25:00+08,USA,T1,en,true,,false,false,0,0.0,0.0
U022207,bundle_100_100,2025-09-25 11:22:00+08,B007310,2025-09-26 11:22:00+08,Thailand,T1,ko,true,,false,false,0,0.0,0.0
U011642,bundle_100_100,2025-10-05 17:07:00+08,B006706,2025-10-06 17:07:00+08,Hong Kong,T2,ko,true,,false,false,0,0.0,0.0
U018520,airport_150,2025-09-15 18:58:00+08,B013581,2025-09-21 18:58:00+08,Hong Kong,T2,zh-TW,true,,false,false,0,0.0,0.0
U024210,control,2025-09-26 23:01:00+08,B015647,2025-10-01 23:01:00+08,USA,T1,en,true,,false,false,0,0.0,0.0
U027879,bundle_100_100,2025-10-19 22:02:00+08,B014251,2025-10-23 22:02:00+08,Thailand,T2,ko,true,,false,false,0,0.0,0.0
U015341,control,2025-09-22 07:25:00+08,B017572,2025-09-28 07:25:00+08,Hong Kong,T1,ko,true,,false,false,0,0.0,0.0
U015636,bundle_100_100,2025-10-16 06:41:00+08,B006479,2025-10-21 06:41:00+08,Singapore,T1,ja,true,,false,false,0,0.0,0.0
U017533,airport_150,2025-10-13 16:50:00+08,B005303,2025-10-19 16:50:00+08,Japan,T2,zh-TW,true,,false,false,0,0.0,0.0
U006821,bundle_100_100,2025-09-07 07:10:00+08,B014043,2025-09-13 07:10:00+08,Singapore,T1,zh-TW,true,,false,false,0,0.0,0.0
U016089,control,2025-10-14 05:22:00+08,B014541,2025-10-19 05:22:00+08,USA,T1,ko,true,,false,false,0,0.0,0.0
U025024,bundle_100_100,2025-10-11 17:46:00+08,B000393,2025-10-17 17:46:00+08,USA,T2,zh-TW,true,,false,false,0,0.0,0.0
U026011,airport_150,2025-09-24 09:24:00+08,B003140,2025-09-27 09:24:00+08,Thailand,T1,ko,true,,false,false,0,0.0,0.0
U018290,airport_150,2025-09-14 13:36:00+08,B016838,2025-09-18 13:36:00+08,USA,T2,ja,true,,false,false,0,0.0,0.0
U029218,control,2025-09-16 03:47:00+08,B012041,2025-09-20 03:47:00+08,Hong Kong,T1,ko,true,,false,false,0,0.0,0.0
U002976,airport_150,2025-10-09 17:08:00+08,B017455,2025-10-12 17:08:00+08,Japan,T1,ja,true,,false,false,0,0.0,0.0
U002035,bundle_100_100,2025-09-19 05:18:00+08,B002155,2025-09-25 05:18:00+08,Korea,T2,zh-TW,true,,false,false,0,0.0,0.0
U004190,bundle_100_100,2025-09-24 03:35:00+08,B009725,2025-09-30 03:35:00+08,Japan,T1,zh-TW,true,,false,false,0,0.0,0.0
U010755,bundle_100_100,2025-09-05 05:39:00+08,B003961,2025-09-09 05:39:00+08,USA,T2,ja,true,,false,false,0,0.0,0.0
U024871,airport_150,2025-10-10 23:30:00+08,B008507,2025-10-15 23:30:00+08,Hong Kong,T2,en,true,,false,false,0,0.0,0.0
U010191,airport_150,2025-09-13 02:34:00+08,B017056,2025-09-19 02:34:00+08,Thailand,T1,ko,true,,false,false,0,0.0,0.0
U023012,bundle_100_100,2025-09-01 08:49:00+08,B017723,2025-09-03 08:49:00+08,USA,T2,en,true,,false,false,0,0.0,0.0
U029589,bundle_100_100,2025-10-07 01:52:00+08,B001533,2025-10-13 01:52:00+08,Singapore,T1,zh-TW,true,,false,false,0,0.0,0.0
U003041,bundle_100_100,2025-09-02 20:30:00+08,B008071,2025-09-04 20:30:00+08,Thailand,T2,ja,true,,false,false,0,0.0,0.0
U023248,airport_150,2025-09-04 15:25:00+08,B011943,2025-09-09 15:25:00+08,Japan,T1,zh-TW,true,,false,false,0,0.0,0.0
U026546,bundle_100_100,2025-10-09 06:17:00+08,B016567,2025-10-13 06:17:00+08,USA,T2,ja,true,,false,false,0,0.0,0.0
U000159,airport_150,2025-10-21 22:51:00+08,B006982,2025-10-25 22:51:00+08,Singapore,T1,en,true,,false,false,0,0.0,0.0
U021175,airport_150,2025-09-19 06:16:00+08,B015491,2025-09-23 06:16:00+08,Singapore,T2,ko,true,,false,false,0,0.0,0.0
U029365,airport_150,2025-09-12 09:00:00+08,B005455,2025-09-13 09:00:00+08,Singapore,T1,ko,true,,false,false,0,0.0,0.0
U009765,bundle_100_100,2025-10-06 02:23:00+08,B014657,2025-10-11 02:23:00+08,Singapore,T2,en,true,,false,false,0,0.0,0.0
U001645,bundle_100_100,2025-10-17 20:52:00+08,B007517,2025-10-19 20:52:00+08,Korea,T2,zh-TW,true,,false,false,0,0.0,0.0
U009060,airport_150,2025-09-02 11:51:00+08,B007352,2025-09-07 11:51:00+08,Singapore,T2,ja,true,,false,false,0,0.0,0.0
U017367,airport_150,2025-10-12 06:59:00+08,B007761,2025-10-18 06:59:00+08,Thailand,T2,ja,true,,false,false,0,0.0,0.0
U024919,bundle_100_100,2025-10-12 23:34:00+08,B000488,2025-10-18 23:34:00+08,Korea,T1,ko,true,,false,false,0,0.0,0.0
U029565,airport_150,2025-10-13 23:19:00+08,B006082,2025-10-16 23:19:00+08,Hong Kong,T1,zh-TW,true,,false,false,0,0.0,0.0
U001131,bundle_100_100,2025-10-22 23:53:00+08,B007420,2025-10-24 23:53:00+08,Thailand,T2,ko,true,,false,false,0,0.0,0.0
U023734,bundle_100_100,2025-10-19 12:35:00+08,B003131,2025-10-21 12:35:00+08,Singapore,T2,ko,true,,false,false,0,0.0,0.0
U005820,airport_150,2025-10-03 09:18:00+08,B005433,2025-10-06 09:18:00+08,Hong Kong,T1,zh-TW,true,,false,false,0,0.0,0.0
U008933,bundle_100_100,2025-09-16 07:07:00+08,B016777,2025-09-19 07:07:00+08,Korea,T2,zh-TW,true,,false,false,0,0.0,0.0
U017073,airport_150,2025-10-17 07:14:00+08,B003364,2025-10-20 07:14:00+08,Korea,T1,en,true,,false,false,0,0.0,0.0
U028896,control,2025-10-08 11:47:00+08,B002584,2025-10-11 11:47:00+08,Japan,T1,ko,true,,false,false,0,0.0,0.0
U003875,airport_150,2025-09-22 22:36:00+08,B016155,2025-09-25 22:36:00+08,USA,T1,en,true,,false,false,1,265.2,0.0
U003170,bundle_100_100,2025-09-29 09:44:00+08,B010162,2025-10-03 09:44:00+08,Singapore,T1,ko,true,,false,false,0,0.0,0.0
U000171,bundle_100_100,2025-10-07 09:48:00+08,B009696,2025-10-13 09:48:00+08,USA,T1,ko,true,,false,false,0,0.0,0.0
U021105,control,2025-10-08 20:01:00+08,B004345,2025-10-12 20:01:00+08,Hong Kong,T1,ja,true,,false,false,0,0.0,0.0
U001596,airport_150,2025-09-20 06:54:00+08,B007883,2025-09-26 06:54:00+08,USA,T2,ja,true,,false,false,0,0.0,0.0
U025729,bundle_100_100,2025-09-30 08:01:00+08,B009679,2025-10-02 08:01:00+08,Japan,T1,en,true,,false,false,0,0.0,0.0
U008971,airport_150,2025-10-01 09:12:00+08,B015757,2025-10-06 09:12:00+08,Thailand,T2,en,true,,false,false,0,0.0,0.0
U010785,airport_150,2025-10-19 22:22:00+08,B000032,2025-10-21 22:22:00+08,Singapore,T2,ko,true,,false,false,0,0.0,0.0
U013762,bundle_100_100,2025-10-13 16:33:00+08,B005599,2025-10-14 16:33:00+08,Hong Kong,T2,ja,true,,false,false,0,0.0,0.0
U015400,bundle_100_100,2025-09-11 05:26:00+08,B008320,2025-09-16 05:26:00+08,Singapore,T2,ja,true,,false,false,0,0.0,0.0
U007395,airport_150,2025-09-14 05:17:00+08,B016181,2025-09-17 05:17:00+08,Korea,T2,ja,true,,false,false,0,0.0,0.0
U029459,airport_150,2025-09-12 23:36:00+08,B004827,2025-09-17 23:36:00+08,Singapore,T1,ko,true,,false,false,0,0.0,0.0
U018607,bundle_100_100,2025-10-19 05:41:00+08,B006899,2025-10-21 05:41:00+08,Japan,T1,ko,true,,false,false,0,0.0,0.0
U024003,bundle_100_100,2025-09-10 17:50:00+08,B005340,2025-09-11 17:50:00+08,Thailand,T2,en,true,,false,false,0,0.0,0.0
U009766,bundle_100_100,2025-09-13 14:08:00+08,B002132,2025-09-18 14:08:00+08,Hong Kong,T2,ja,true,,false,false,0,0.0,0.0
U011654,bundle_100_100,2025-10-02 11:46:00+08,B007735,2025-10-04 11:46:00+08,Korea,T1,zh-TW,true,,false,false,0,0.0,0.0
U014793,airport_150,2025-10-13 15:06:00+08,B012393,2025-10-15 15:06:00+08,USA,T1,ko,true,,false,false,0,0.0,0.0
U026730,control,2025-09-08 09:36:00+08,B003601,2025-09-10 09:36:00+08,Hong Kong,T1,en,true,,false,false,0,0.0,0.0
U026537,control,2025-10-18 06:12:00+08,B007878,2025-10-20 06:12:00+08,USA,T2,zh-TW,true,,false,false,0,0.0,0.0
U000058,airport_150,2025-10-14 23:22:00+08,B010325,2025-10-17 23:22:00+08,USA,T2,ja,true,,false,false,0,0.0,0.0
U005818,bundle_100_100,2025-09-04 22:39:00+08,B010622,2025-09-07 22:39:00+08,Korea,T2,ko,true,,false,false,0,0.0,0.0
U007580,airport_150,2025-09-08 16:11:00+08,B011109,2025-09-10 16:11:00+08,Korea,T1,en,true,,false,false,0,0.0,0.0
U015791,bundle_100_100,2025-09-22 09:11:00+08,B001278,2025-09-27 09:11:00+08,USA,T2,ko,true,,false,false,0,0.0,0.0
U015954,airport_150,2025-09-14 21:38:00+08,B013109,2025-09-16 21:38:00+08,Singapore,T2,en,true,,false,false,0,0.0,0.0
U017124,bundle_100_100,2025-10-20 02:39:00+08,B017284,2025-10-26 02:39:00+08,Singapore,T1,en,true,,false,false,0,0.0,0.0
U027683,airport_150,2025-10-05 06:05:00+08,B000631,2025-10-09 06:05:00+08,Singapore,T1,ko,true,,false,false,0,0.0,0.0
U003369,bundle_100_100,2025-10-08 20:53:00+08,B015196,2025-10-09 20:53:00+08,Japan,T2,zh-TW,true,,false,false,0,0.0,0.0
U006300,bundle_100_100,2025-09-22 16:07:00+08,B001057,2025-09-25 16:07:00+08,Singapore,T2,zh-TW,true,,false,false,0,0.0,0.0
U020884,bundle_100_100,2025-10-05 08:05:00+08,B016423,2025-10-10 08:05:00+08,Hong Kong,T2,ko,true,,false,false,0,0.0,0.0
U018289,airport_150,2025-09-04 14:44:00+08,B010929,2025-09-09 14:44:00+08,Japan,T1,ko,true,,false,false,0,0.0,0.0
U020213,bundle_100_100,2025-09-16 05:36:00+08,B000921,2025-09-22 05:36:00+08,USA,T1,ko,true,,false,false,0,0.0,0.0
U021029,airport_150,2025-10-24 14:40:00+08,B006087,2025-10-25 14:40:00+08,USA,T2,ja,true,,false,false,0,0.0,0.0
U021468,control,2025-10-11 18:12:00+08,B015310,2025-10-14 18:12:00+08,Hong Kong,T2,ja,true,,false,false,0,0.0,0.0
U025873,control,2025-10-03 05:16:00+08,B015730,2025-10-05 05:16:00+08,Hong Kong,T2,ko,true,,false,false,0,0.0,0.0
U029427,airport_150,2025-10-17 14:10:00+08,B010072,2025-10-18 14:10:00+08,Singapore,T1,zh-TW,true,,false,false,0,0.0,0.0
U006969,airport_150,2025-10-01 09:39:00+08,B001676,2025-10-04 09:39:00+08,Korea,T2,en,true,,false,false,0,0.0,0.0
U004554,bundle_100_100,2025-10-19 08:07:00+08,B013616,2025-10-22 08:07:00+08,Hong Kong,T2,en,true,,false,false,0,0.0,0.0
U000637,airport_150,2025-09-23 18:15:00+08,B008014,2025-09-26 18:15:00+08,Hong Kong,T2,ja,true,,false,false,0,0.0,0.0
U013487,bundle_100_100,2025-09-28 03:22:00+08,B006142,2025-09-30 03:22:00+08,Japan,T2,ja,true,,false,false,0,0.0,0.0
U023905,airport_150,2025-09-28 06:05:00+08,B010177,2025-10-01 06:05:00+08,Singapore,T2,ja,true,,false,false,0,0.0,0.0
U025694,bundle_100_100,2025-09-25 04:07:00+08,B007257,2025-09-30 04:07:00+08,Japan,T1,ko,true,,false,false,0,0.0,0.0
U002547,airport_150,2025-10-14 19:21:00+08,B015634,2025-10-20 19:21:00+08,Korea,T2,ko,true,,false,false,2,75.6,0.0
U028027,control,2025-10-03 09:46:00+08,B008967,2025-10-05 09:46:00+08,Japan,T1,en,true,,false,false,0,0.0,0.0
U008536,bundle_100_100,2025-10-13 08:19:00+08,B014120,2025-10-14 08:19:00+08,Korea,T1,ja,true,,false,false,0,0.0,0.0
U016232,airport_150,2025-10-17 01:29:00+08,B003164,2025-10-18 01:29:00+08,Hong Kong,T2,en,true,,false,false,0,0.0,0.0
U026611,control,2025-09-20 11:19:00+08,B016973,2025-09-24 11:19:00+08,USA,T1,en,true,,false,false,0,0.0,0.0
U001989,control,2025-10-18 14:07:00+08,B008060,2025-10-19 14:07:00+08,USA,T2,ja,true,,false,false,0,0.0,0.0
U027036,bundle_100_100,2025-10-09 07:08:00+08,B000778,2025-10-14 07:08:00+08,Japan,T1,zh-TW,true,,false,false,0,0.0,0.0
U023032,airport_150,2025-10-04 03:56:00+08,B000975,2025-10-05 03:56:00+08,Thailand,T1,ko,true,,false,false,0,0.0,0.0
U002108,bundle_100_100,2025-10-20 00:24:00+08,B008935,2025-10-25 00:24:00+08,Hong Kong,T1,zh-TW,true,,false,false,0,0.0,0.0
U011603,bundle_100_100,2025-09-28 22:38:00+08,B016593,2025-10-03 22:38:00+08,USA,T1,zh-TW,true,,false,false,0,0.0,0.0
U013171,airport_150,2025-09-03 08:28:00+08,B013118,2025-09-05 08:28:00+08,Korea,T1,ko,true,,false,false,0,0.0,0.0
U026379,bundle_100_100,2025-10-04 08:18:00+08,B015598,2025-10-10 08:18:00+08,Korea,T1,ko,true,,false,false,0,0.0,0.0
U027349,bundle_100_100,2025-09-28 09:18:00+08,B009865,2025-10-02 09:18:00+08,Thailand,T2,ko,true,,false,false,0,0.0,0.0
U001735,airport_150,2025-09-18 20:53:00+08,B015057,2025-09-24 20:53:00+08,Hong Kong,T1,zh-TW,true,,false,false,0,0.0,0.0
U021123,bundle_100_100,2025-10-16 08:39:00+08,B015744,2025-10-21 08:39:00+08,Singapore,T2,ja,true,,false,false,0,0.0,0.0
U001338,airport_150,2025-09-11 08:06:00+08,B011907,2025-09-16 08:06:00+08,Thailand,T2,ko,true,,false,false,0,0.0,0.0
U005500,airport_150,2025-09-16 22:32:00+08,B003459,2025-09-18 22:32:00+08,USA,T1,ko,true,,false,false,0,0.0,0.0
U013071,airport_150,2025-09-03 20:07:00+08,B007001,2025-09-05 20:07:00+08,USA,T1,zh-TW,true,,false,false,0,0.0,0.0
U026393,bundle_100_100,2025-10-16 02:42:00+08,B002895,2025-10-19 02:42:00+08,Korea,T1,en,true,,false,false,0,0.0,0.0
U011976,bundle_100_100,2025-10-13 05:08:00+08,B008851,2025-10-19 05:08:00+08,USA,T1,ja,true,,false,false,0,0.0,0.0
U018855,airport_150,2025-09-05 22:59:00+08,B000533,2025-09-09 22:59:00+08,Korea,T1,ja,true,,false,false,0,0.0,0.0
U001923,bundle_100_100,2025-09-01 09:01:00+08,B004080,2025-09-04 09:01:00+08,Singapore,T1,ko,true,,false,false,0,0.0,0.0
U002887,airport_150,2025-10-17 05:34:00+08,B009882,2025-10-18 05:34:00+08,Hong Kong,T2,en,true,,false,false,0,0.0,0.0
U013088,bundle_100_100,2025-10-19 08:58:00+08,B006726,2025-10-22 08:58:00+08,Hong Kong,T2,ko,true,,false,false,0,0.0,0.0
U016065,airport_150,2025-10-11 11:33:00+08,B012220,2025-10-16 11:33:00+08,Hong Kong,T2,ja,true,,false,false,0,0.0,0.0
U026376,bundle_100_100,2025-10-02 20:19:00+08,B004816,2025-10-03 20:19:00+08,Thailand,T1,ko,true,,false,false,0,0.0,0.0
U026968,bundle_100_100,2025-09-02 05:47:00+08,B010682,2025-09-04 05:47:00+08,Singapore,T2,ja,true,,false,false,0,0.0,0.0
U013990,airport_150,2025-09-07 15:52:00+08,B005966,2025-09-11 15:52:00+08,Hong Kong,T1,ja,true,,false,false,0,0.0,0.0
U003368,airport_150,2025-09-04 20:29:00+08,B015434,2025-09-10 20:29:00+08,Hong Kong,T1,ja,true,,false,false,0,0.0,0.0
U026294,bundle_100_100,2025-10-19 07:58:00+08,B011144,2025-10-25 07:58:00+08,Japan,T2,ja,true,,false,false,0,0.0,0.0
U023713,bundle_100_100,2025-09-22 22:00:00+08,B009592,2025-09-26 22:00:00+08,Thailand,T1,zh-TW,true,,false,false,0,0.0,0.0
U027339,bundle_100_100,2025-10-07 20:53:00+08,B008151,2025-10-11 20:53:00+08,Singapore,T1,en,true,,false,false,0,0.0,0.0
U019521,bundle_100_100,2025-09-19 06:07:00+08,B015551,2025-09-20 06:07:00+08,USA,T2,zh-TW,true,,false,false,0,0.0,0.0
U020019,airport_150,2025-10-11 06:24:00+08,B005358,2025-10-12 06:24:00+08,Singapore,T1,ko,true,,false,false,0,0.0,0.0
U004484,airport_150,2025-10-08 05:23:00+08,B002482,2025-10-10 05:23:00+08,Korea,T2,ja,true,,false,false,0,0.0,0.0
U000318,bundle_100_100,2025-09-25 06:00:00+08,B004837,2025-09-26 06:00:00+08,Thailand,T1,zh-TW,true,,false,false,0,0.0,0.0
U006555,airport_150,2025-10-08 07:44:00+08,B004330,2025-10-13 07:44:00+08,Singapore,T1,ko,true,,false,false,0,0.0,0.0
U011464,airport_150,2025-10-20 22:22:00+08,B003639,2025-10-26 22:22:00+08,Singapore,T1,zh-TW,true,,false,false,0,0.0,0.0
U018193,bundle_100_100,2025-10-12 13:47:00+08,B001888,2025-10-14 13:47:00+08,Thailand,T1,ja,true,,false,false,0,0.0,0.0
U018087,airport_150,2025-09-03 07:41:00+08,B000889,2025-09-07 07:41:00+08,Hong Kong,T1,en,true,,false,false,0,0.0,0.0
U019834,bundle_100_100,2025-09-14 15:06:00+08,B004347,2025-09-20 15:06:00+08,Japan,T2,ja,true,,false,false,0,0.0,0.0
U013353,bundle_100_100,2025-09-04 16:38:00+08,B017727,2025-09-06 16:38:00+08,Singapore,T2,ja,true,,false,false,0,0.0,0.0
U016412,bundle_100_100,2025-10-15 07:19:00+08,B001902,2025-10-21 07:19:00+08,Korea,T1,ja,true,,false,false,0,0.0,0.0
U021460,bundle_100_100,2025-09-15 05:01:00+08,B013516,2025-09-20 05:01:00+08,Japan,T2,zh-TW,true,,false,false,0,0.0,0.0
U000266,airport_150,2025-10-19 14:42:00+08,B006792,2025-10-25 14:42:00+08,Japan,T2,zh-TW,true,,false,false,0,0.0,0.0
U021801,airport_150,2025-09-15 20:20:00+08,B004552,2025-09-17 20:20:00+08,Hong Kong,T2,ko,true,,false,false,0,0.0,0.0
U012456,airport_150,2025-09-16 13:43:00+08,B000804,2025-09-21 13:43:00+08,Thailand,T1,zh-TW,true,,false,false,0,0.0,0.0
U012842,bundle_100_100,2025-09-27 06:00:00+08,B004975,2025-10-03 06:00:00+08,Japan,T2,ja,true,,false,false,0,0.0,0.0
U004350,bundle_100_100,2025-09-05 07:24:00+08,B009130,2025-09-10 07:24:00+08,Japan,T2,ko,true,,false,false,0,0.0,0.0
U016443,bundle_100_100,2025-09-01 21:38:00+08,B014848,2025-09-06 21:38:00+08,Singapore,T1,ko,true,,false,false,0,0.0,0.0
U011271,control,2025-09-20 20:57:00+08,B014245,2025-09-25 20:57:00+08,Korea,T1,ja,true,,false,false,0,0.0,0.0
U014217,control,2025-09-12 23:43:00+08,B010216,2025-09-18 23:43:00+08,USA,T1,ja,true,,false,false,0,0.0,0.0
U014359,bundle_100_100,2025-09-06 02:37:00+08,B012064,2025-09-11 02:37:00+08,USA,T2,ko,true,,false,false,0,0.0,0.0
U005771,airport_150,2025-10-05 05:18:00+08,B008693,2025-10-07 05:18:00+08,Singapore,T2,en,true,,false,false,0,0.0,0.0
U018737,bundle_100_100,2025-10-13 22:34:00+08,B014463,2025-10-19 22:34:00+08,Thailand,T2,ja,true,,false,false,0,0.0,0.0
U013639,bundle_100_100,2025-10-14 07:16:00+08,B005389,2025-10-16 07:16:00+08,Japan,T1,zh-TW,true,,false,false,0,0.0,0.0
U017869,airport_150,2025-10-18 17:41:00+08,B016321,2025-10-21 17:41:00+08,Singapore,T1,zh-TW,true,,false,false,0,0.0,0.0
U022720,airport_150,2025-09-02 22:40:00+08,B016837,2025-09-08 22:40:00+08,Korea,T2,ja,true,,false,false,0,0.0,0.0
U028093,bundle_100_100,2025-10-23 11:36:00+08,B015032,2025-10-25 11:36:00+08,Korea,T1,ja,true,,false,false,0,0.0,0.0
U028492,airport_150,2025-10-04 05:45:00+08,B009398,2025-10-06 05:45:00+08,USA,T1,ja,true,,false,false,0,0.0,0.0
U025534,bundle_100_100,2025-10-13 05:43:00+08,B003357,2025-10-16 05:43:00+08,Thailand,T1,zh-TW,true,,false,false,0,0.0,0.0
U001313,bundle_100_100,2025-09-16 05:15:00+08,B008820,2025-09-21 05:15:00+08,Singapore,T1,ko,true,,false,false,0,0.0,0.0
U020258,control,2025-09-18 05:18:00+08,B016120,2025-09-24 05:18:00+08,Korea,T2,ja,true,,false,false,0,0.0,0.0
U021276,airport_150,2025-10-14 08:16:00+08,B007456,2025-10-16 08:16:00+08,Singapore,T2,ko,true,,false,false,0,0.0,0.0
U011467,bundle_100_100,2025-09-02 06:43:00+08,B010965,2025-09-07 06:43:00+08,Hong Kong,T2,ko,true,,false,false,0,0.0,0.0
U015646,bundle_100_100,2025-10-09 05:36:00+08,B010546,2025-10-10 05:36:00+08,Singapore,T1,en,true,,false,false,0,0.0,0.0
U005218,airport_150,2025-09-25 15:43:00+08,B011081,2025-10-01 15:43:00+08,USA,T1,ja,true,,false,false,0,0.0,0.0
U012021,bundle_100_100,2025-09-10 17:31:00+08,B011671,2025-09-14 17:31:00+08,Thailand,T2,en,true,,false,false,0,0.0,0.0
U019882,control,2025-10-06 22:19:00+08,B011813,2025-10-11 22:19:00+08,Hong Kong,T2,ko,true,,false,false,0,0.0,0.0
U007028,bundle_100_100,2025-09-16 19:44:00+08,B005208,2025-09-17 19:44:00+08,Korea,T2,en,true,,false,false,0,0.0,0.0
U027649,airport_150,2025-09-20 22:27:00+08,B017933,2025-09-22 22:27:00+08,Korea,T2,en,true,,false,false,0,0.0,0.0
U006651,control,2025-10-07 21:48:00+08,B004779,2025-10-12 21:48:00+08,Thailand,T2,zh-TW,true,,false,false,0,0.0,0.0
U026086,airport_150,2025-10-19 13:07:00+08,B009005,2025-10-20 13:07:00+08,Japan,T1,zh-TW,true,,false,false,0,0.0,0.0
U018307,airport_150,2025-09-22 18:14:00+08,B003545,2025-09-25 18:14:00+08,Singapore,T1,en,true,,false,false,0,0.0,0.0
U015248,airport_150,2025-10-02 22:11:00+08,B003742,2025-10-08 22:11:00+08,USA,T2,en,true,,false,false,0,0.0,0.0
U003978,bundle_100_100,2025-10-14 17:33:00+08,B011743,2025-10-20 17:33:00+08,Thailand,T2,ko,true,,false,false,0,0.0,0.0
U022462,control,2025-09-27 04:24:00+08,B009158,2025-09-30 04:24:00+08,Thailand,T2,en,true,,false,false,0,0.0,0.0
U006280,bundle_100_100,2025-09-21 02:29:00+08,B006520,2025-09-24 02:29:00+08,Thailand,T1,en,true,,false,false,0,0.0,0.0
U022500,bundle_100_100,2025-09-23 08:20:00+08,B003793,2025-09-28 08:20:00+08,USA,T2,ja,true,,false,false,0,0.0,0.0
U016291,bundle_100_100,2025-09-03 23:23:00+08,B012725,2025-09-06 23:23:00+08,Thailand,T1,en,true,,false,false,0,0.0,0.0
U012213,airport_150,2025-10-21 08:22:00+08,B016436,2025-10-26 08:22:00+08,Singapore,T2,ko,true,,false,false,0,0.0,0.0
U013611,bundle_100_100,2025-09-05 20:33:00+08,B015300,2025-09-08 20:33:00+08,Korea,T1,zh-TW,true,,false,false,0,0.0,0.0
U022155,bundle_100_100,2025-10-23 08:37:00+08,B007819,2025-10-24 08:37:00+08,Korea,T2,ko,true,,false,false,0,0.0,0.0
U020709,bundle_100_100,2025-09-30 06:28:00+08,B000101,2025-10-06 06:28:00+08,Japan,T1,ja,true,,false,false,0,0.0,0.0
U022534,bundle_100_100,2025-10-22 15:42:00+08,B017125,2025-10-24 15:42:00+08,Singapore,T2,en,true,,false,false,0,0.0,0.0
U021338,airport_150,2025-10-10 06:34:00+08,B010405,2025-10-15 06:34:00+08,Thailand,T1,ja,true,,false,false,0,0.0,0.0
U015505,bundle_100_100,2025-09-07 03:09:00+08,B007645,2025-09-09 03:09:00+08,USA,T1,ko,true,,false,false,0,0.0,0.0
U026733,airport_150,2025-09-26 09:08:00+08,B013319,2025-09-28 09:08:00+08,Japan,T1,ja,true,,false,false,0,0.0,0.0
U023103,airport_150,2025-09-21 23:36:00+08,B011586,2025-09-23 23:36:00+08,USA,T1,ko,true,,false,false,0,0.0,0.0
U000484,airport_150,2025-10-12 10:29:00+08,B003808,2025-10-16 10:29:00+08,Korea,T1,zh-TW,true,,false,false,0,0.0,0.0
U021986,airport_150,2025-09-16 20:32:00+08,B000756,2025-09-18 20:32:00+08,Singapore,T1,ko,true,,false,false,0,0.0,0.0
U029064,bundle_100_100,2025-09-28 22:37:00+08,B000954,2025-10-01 22:37:00+08,Thailand,T2,ko,true,,false,false,0,0.0,0.0
U024528,airport_150,2025-09-24 06:38:00+08,B012549,2025-09-29 06:38:00+08,USA,T2,ko,true,,false,false,0,0.0,0.0
U029722,airport_150,2025-09-18 07:54:00+08,B001983,2025-09-23 07:54:00+08,USA,T2,en,true,,false,false,0,0.0,0.0
U029798,control,2025-10-21 03:04:00+08,B017359,2025-10-24 03:04:00+08,Korea,T2,en,true,,false,false,0,0.0,0.0
U014106,airport_150,2025-09-07 15:03:00+08,B002413,2025-09-12 15:03:00+08,Hong Kong,T2,ko,true,,false,false,0,0.0,0.0
U004594,bundle_100_100,2025-09-20 19:05:00+08,B005439,2025-09-25 19:05:00+08,Japan,T1,en,true,,false,false,0,0.0,0.0
U008416,bundle_100_100,2025-10-12 11:41:00+08,B001120,2025-10-18 11:41:00+08,Korea,T2,ja,true,,false,false,0,0.0,0.0
U001405,bundle_100_100,2025-09-27 08:15:00+08,B007071,2025-09-30 08:15:00+08,Japan,T1,zh-TW,true,,false,false,0,0.0,0.0
U015965,control,2025-09-20 14:56:00+08,B002215,2025-09-26 14:56:00+08,Japan,T2,ko,true,,false,false,0,0.0,0.0
U000528,airport_150,2025-10-22 18:53:00+08,B007319,2025-10-24 18:53:00+08,Singapore,T2,ko,true,,false,false,0,0.0,0.0
U003016,control,2025-10-20 08:16:00+08,B002754,2025-10-22 08:16:00+08,USA,T2,ja,true,,false,false,0,0.0,0.0
U008346,airport_150,2025-10-14 09:59:00+08,B000750,2025-10-15 09:59:00+08,Hong Kong,T2,ko,true,,false,false,0,0.0,0.0
U012965,bundle_100_100,2025-09-25 05:53:00+08,B013803,2025-09-26 05:53:00+08,Japan,T2,ja,true,,false,false,0,0.0,0.0
U013220,airport_150,2025-10-17 11:40:00+08,B000748,2025-10-21 11:40:00+08,USA,T1,en,true,,false,false,0,0.0,0.0
U011941,airport_150,2025-09-17 21:52:00+08,B002307,2025-09-20 21:52:00+08,Korea,T1,en,true,,false,false,0,0.0,0.0
U006705,airport_150,2025-10-19 18:31:00+08,B008183,2025-10-24 18:31:00+08,Thailand,T1,ko,true,,false,false,0,0.0,0.0
U012262,bundle_100_100,2025-09-07 03:59:00+08,B000236,2025-09-11 03:59:00+08,USA,T1,en,true,,false,false,0,0.0,0.0
U020280,bundle_100_100,2025-09-01 05:16:00+08,B008659,2025-09-06 05:16:00+08,Thailand,T2,ko,true,,false,false,0,0.0,0.0
U029799,bundle_100_100,2025-09-30 21:37:00+08,B014252,2025-10-01 21:37:00+08,Singapore,T1,ja,true,,false,false,0,0.0,0.0
U020427,bundle_100_100,2025-09-01 20:45:00+08,B003927,2025-09-02 20:45:00+08,Singapore,T2,en,true,,false,false,0,0.0,0.0
U013085,bundle_100_100,2025-09-01 20:02:00+08,B015113,2025-09-07 20:02:00+08,Korea,T2,ko,true,,false,false,0,0.0,0.0
U027684,airport_150,2025-10-06 07:27:00+08,B007106,2025-10-11 07:27:00+08,Singapore,T1,ko,true,,false,false,0,0.0,0.0
U018285,control,2025-10-08 01:32:00+08,B014370,2025-10-11 01:32:00+08,Singapore,T2,ja,true,,false,false,0,0.0,0.0
U023217,bundle_100_100,2025-09-02 07:40:00+08,B007391,2025-09-03 07:40:00+08,Hong Kong,T2,en,true,,false,false,0,0.0,0.0
U000078,airport_150,2025-10-06 00:10:00+08,B014832,2025-10-08 00:10:00+08,Singapore,T1,zh-TW,true,,false,false,0,0.0,0.0
U023695,bundle_100_100,2025-09-02 22:35:00+08,B011035,2025-09-04 22:35:00+08,USA,T1,en,true,,false,false,0,0.0,0.0
U005748,bundle_100_100,2025-09-14 21:17:00+08,B002991,2025-09-17 21:17:00+08,Thailand,T1,zh-TW,true,,false,false,0,0.0,0.0
U004425,bundle_100_100,2025-09-20 22:04:00+08,B000816,2025-09-26 22:04:00+08,USA,T1,ja,true,,false,false,0,0.0,0.0
U024556,airport_150,2025-10-19 19:46:00+08,B006776,2025-10-24 19:46:00+08,Thailand,T2,ko,true,,false,false,0,0.0,0.0
U010284,airport_150,2025-09-25 20:40:00+08,B007103,2025-10-01 20:40:00+08,Hong Kong,T1,ja,true,,false,false,0,0.0,0.0
U025344,airport_150,2025-10-02 14:29:00+08,B000241,2025-10-07 14:29:00+08,Thailand,T1,en,true,,false,false,0,0.0,0.0
U026009,airport_150,2025-09-06 09:53:00+08,B009963,2025-09-11 09:53:00+08,Singapore,T2,ja,true,,false,false,0,0.0,0.0
U013066,control,2025-10-03 05:45:00+08,B007122,2025-10-05 05:45:00+08,Thailand,T2,ko,true,,false,false,0,0.0,0.0
U013986,airport_150,2025-09-04 09:47:00+08,B005874,2025-09-07 09:47:00+08,Japan,T2,ko,true,,false,false,0,0.0,0.0
U029733,bundle_100_100,2025-09-14 12:09:00+08,B012807,2025-09-15 12:09:00+08,USA,T2,zh-TW,true,,false,false,0,0.0,0.0
U013183,bundle_100_100,2025-09-20 01:48:00+08,B006320,2025-09-22 01:48:00+08,Hong Kong,T1,en,true,,false,false,0,0.0,0.0
U002244,control,2025-09-17 18:23:00+08,B011875,2025-09-22 18:23:00+08,Thailand,T1,ko,true,,false,false,0,0.0,0.0
U002332,airport_150,2025-09-03 09:13:00+08,B008619,2025-09-04 09:13:00+08,USA,T1,ko,true,,false,false,0,0.0,0.0
U006418,airport_150,2025-10-12 18:43:00+08,B015930,2025-10-18 18:43:00+08,Singapore,T2,ko,true,,false,false,0,0.0,0.0
U010359,airport_150,2025-09-13 06:16:00+08,B012352,2025-09-14 06:16:00+08,Japan,T2,zh-TW,true,,false,false,0,0.0,0.0
U022784,bundle_100_100,2025-10-13 23:19:00+08,B012391,2025-10-17 23:19:00+08,USA,T2,en,true,,false,false,0,0.0,0.0
U003031,control,2025-09-29 10:37:00+08,B014528,2025-10-02 10:37:00+08,Korea,T1,en,true,,false,false,0,0.0,0.0
U003347,airport_150,2025-09-02 07:34:00+08,B004015,2025-09-03 07:34:00+08,USA,T1,ja,true,,false,false,0,0.0,0.0
U007393,bundle_100_100,2025-09-27 07:56:00+08,B017102,2025-09-28 07:56:00+08,Hong Kong,T1,zh-TW,true,,false,false,0,0.0,0.0
U018271,bundle_100_100,2025-10-21 02:47:00+08,B013259,2025-10-26 02:47:00+08,Korea,T2,ko,true,,false,false,0,0.0,0.0
U008242,bundle_100_100,2025-10-02 11:43:00+08,B004453,2025-10-04 11:43:00+08,Singapore,T1,ja,true,,false,false,0,0.0,0.0
U012354,bundle_100_100,2025-10-23 20:28:00+08,B011775,2025-10-24 20:28:00+08,Japan,T1,ja,true,,false,false,0,0.0,0.0
U025285,airport_150,2025-10-02 08:39:00+08,B008859,2025-10-03 08:39:00+08,Japan,T1,zh-TW,true,,false,false,0,0.0,0.0
U004315,airport_150,2025-10-11 11:01:00+08,B012482,2025-10-12 11:01:00+08,USA,T1,en,true,,false,false,0,0.0,0.0
U012022,control,2025-10-20 23:55:00+08,B014895,2025-10-23 23:55:00+08,Japan,T2,zh-TW,true,,false,false,0,0.0,0.0
U014170,bundle_100_100,2025-10-19 13:04:00+08,B012822,2025-10-23 13:04:00+08,Thailand,T1,ja,true,,false,false,0,0.0,0.0
U025105,bundle_100_100,2025-09-07 00:35:00+08,B010487,2025-09-13 00:35:00+08,Thailand,T2,zh-TW,true,,false,false,0,0.0,0.0
U006981,bundle_100_100,2025-09-30 03:56:00+08,B001890,2025-10-06 03:56:00+08,Japan,T2,zh-TW,true,,false,false,0,0.0,0.0
U023392,bundle_100_100,2025-10-13 04:54:00+08,B013784,2025-10-19 04:54:00+08,Singapore,T2,ja,true,,false,false,0,0.0,0.0
U002122,airport_150,2025-10-03 06:23:00+08,B010711,2025-10-09 06:23:00+08,USA,T2,en,true,,false,false,0,0.0,0.0
U006858,control,2025-09-27 23:35:00+08,B001297,2025-09-29 23:35:00+08,Hong Kong,T1,en,true,,false,false,0,0.0,0.0
U007639,bundle_100_100,2025-10-20 02:29:00+08,B010986,2025-10-26 02:29:00+08,USA,T2,ko,true,,false,false,0,0.0,0.0
U026521,airport_150,2025-10-12 17:57:00+08,B009641,2025-10-13 17:57:00+08,Korea,T2,en,true,,false,false,0,0.0,0.0
U006668,airport_150,2025-09-13 21:58:00+08,B016150,2025-09-15 21:58:00+08,USA,T2,zh-TW,true,,false,false,0,0.0,0.0
U010803,bundle_100_100,2025-10-09 06:02:00+08,B011631,2025-10-13 06:02:00+08,Korea,T2,ko,true,,false,false,0,0.0,0.0
U017459,bundle_100_100,2025-09-29 08:13:00+08,B006639,2025-10-04 08:13:00+08,USA,T1,ja,true,,false,false,0,0.0,0.0
U024215,bundle_100_100,2025-09-28 22:28:00+08,B000558,2025-10-02 22:28:00+08,Japan,T1,zh-TW,true,,false,false,0,0.0,0.0
U016077,airport_150,2025-09-18 07:57:00+08,B000523,2025-09-23 07:57:00+08,Hong Kong,T1,ja,true,,false,false,0,0.0,0.0
U027702,bundle_100_100,2025-10-17 04:51:00+08,B009029,2025-10-23 04:51:00+08,Korea,T2,en,true,,false,false,0,0.0,0.0
U015488,control,2025-10-05 07:19:00+08,B011591,2025-10-11 07:19:00+08,Hong Kong,T1,ko,true,,false,false,0,0.0,0.0
U021453,airport_150,2025-10-17 19:06:00+08,B016778,2025-10-19 19:06:00+08,Hong Kong,T1,ja,true,,false,false,0,0.0,0.0
U029653,bundle_100_100,2025-09-05 04:50:00+08,B008737,2025-09-08 04:50:00+08,USA,T1,ko,true,,false,false,0,0.0,0.0
U000292,airport_150,2025-09-24 08:23:00+08,B005300,2025-09-27 08:23:00+08,Singapore,T1,ko,true,,false,false,0,0.0,0.0
U027847,bundle_100_100,2025-09-18 05:03:00+08,B010590,2025-09-19 05:03:00+08,Hong Kong,T1,ko,true,,false,false,0,0.0,0.0
U002993,bundle_100_100,2025-09-10 21:27:00+08,B004525,2025-09-16 21:27:00+08,USA,T1,zh-TW,true,,false,false,0,0.0,0.0
U019056,airport_150,2025-10-11 00:11:00+08,B015572,2025-10-16 00:11:00+08,Singapore,T2,ko,true,,false,false,0,0.0,0.0
U029568,airport_150,2025-09-02 07:08:00+08,B006851,2025-09-07 07:08:00+08,Japan,T2,ko,true,,false,false,0,0.0,0.0
U011918,bundle_100_100,2025-09-02 05:17:00+08,B001527,2025-09-05 05:17:00+08,Korea,T2,ja,true,,false,false,0,0.0,0.0
U017019,airport_150,2025-10-16 17:53:00+08,B003671,2025-10-20 17:53:00+08,USA,T1,zh-TW,true,,false,false,0,0.0,0.0
U029267,bundle_100_100,2025-09-09 21:54:00+08,B000909,2025-09-12 21:54:00+08,Singapore,T2,ja,true,,false,false,0,0.0,0.0
U019956,airport_150,2025-10-06 16:32:00+08,B012854,2025-10-09 16:32:00+08,Singapore,T2,ko,true,,false,false,0,0.0,0.0
U023578,airport_150,2025-10-05 20:49:00+08,B013851,2025-10-10 20:49:00+08,USA,T2,zh-TW,true,,false,false,0,0.0,0.0
U000091,bundle_100_100,2025-09-15 23:32:00+08,B010956,2025-09-16 23:32:00+08,USA,T1,en,true,,false,false,0,0.0,0.0
U002868,bundle_100_100,2025-10-01 07:36:00+08,B012056,2025-10-07 07:36:00+08,Singapore,T1,ko,true,,false,false,0,0.0,0.0
U003938,airport_150,2025-09-14 03:57:00+08,B005999,2025-09-16 03:57:00+08,Thailand,T1,zh-TW,true,,false,false,0,0.0,0.0
U021568,airport_150,2025-09-06 22:17:00+08,B006682,2025-09-11 22:17:00+08,Thailand,T1,ko,true,,false,false,0,0.0,0.0
U002282,bundle_100_100,2025-09-16 23:18:00+08,B014337,2025-09-17 23:18:00+08,Thailand,T2,ko,true,,false,false,0,0.0,0.0
U002132,bundle_100_100,2025-09-24 07:36:00+08,B005880,2025-09-27 07:36:00+08,USA,T2,ko,true,,false,false,0,0.0,0.0
U001885,airport_150,2025-09-01 22:02:00+08,B007962,2025-09-03 22:02:00+08,Thailand,T1,en,true,,false,false,0,0.0,0.0
U005508,airport_150,2025-09-21 18:28:00+08,B008785,2025-09-26 18:28:00+08,Singapore,T2,ko,true,,false,false,0,0.0,0.0
U001410,airport_150,2025-09-01 07:09:00+08,B004245,2025-09-07 07:09:00+08,Thailand,T1,ja,true,,false,false,0,0.0,0.0
U003165,airport_150,2025-09-11 22:30:00+08,B005612,2025-09-15 22:30:00+08,Singapore,T1,zh-TW,true,,false,false,0,0.0,0.0
U020945,bundle_100_100,2025-10-07 18:01:00+08,B007044,2025-10-12 18:01:00+08,Japan,T1,ja,true,,false,false,0,0.0,0.0
U000539,bundle_100_100,2025-09-04 06:48:00+08,B011095,2025-09-05 06:48:00+08,Thailand,T2,ja,true,,false,false,0,0.0,0.0
U007245,airport_150,2025-10-08 15:05:00+08,B002114,2025-10-14 15:05:00+08,Japan,T2,ja,true,,false,false,0,0.0,0.0
U027930,airport_150,2025-10-15 12:11:00+08,B011382,2025-10-18 12:11:00+08,Singapore,T1,zh-TW,true,,false,false,0,0.0,0.0
U017333,bundle_100_100,2025-09-21 05:43:00+08,B001914,2025-09-22 05:43:00+08,Thailand,T1,ja,true,,false,false,0,0.0,0.0
U002438,control,2025-10-16 15:29:00+08,B009991,2025-10-17 15:29:00+08,Hong Kong,T1,en,true,,false,false,0,0.0,0.0
U017067,bundle_100_100,2025-09-20 22:35:00+08,B008097,2025-09-24 22:35:00+08,Korea,T1,ko,true,,false,false,0,0.0,0.0
U005296,bundle_100_100,2025-09-03 12:55:00+08,B003375,2025-09-04 12:55:00+08,Japan,T1,zh-TW,true,,false,false,0,0.0,0.0
U014702,airport_150,2025-09-03 17:45:00+08,B011303,2025-09-09 17:45:00+08,USA,T2,ja,true,,false,false,0,0.0,0.0
U003338,airport_150,2025-09-03 01:31:00+08,B014404,2025-09-08 01:31:00+08,Thailand,T1,zh-TW,true,,false,false,0,0.0,0.0
U001222,bundle_100_100,2025-09-06 20:33:00+08,B005093,2025-09-07 20:33:00+08,Korea,T1,ko,true,,false,false,0,0.0,0.0
U008002,airport_150,2025-09-09 04:31:00+08,B001316,2025-09-15 04:31:00+08,Thailand,T2,ja,true,,false,false,0,0.0,0.0
U027620,airport_150,2025-09-14 23:53:00+08,B013970,2025-09-17 23:53:00+08,Japan,T2,ko,true,,false,false,0,0.0,0.0
U006145,bundle_100_100,2025-09-03 04:50:00+08,B017691,2025-09-07 04:50:00+08,Singapore,T1,ja,true,,false,false,0,0.0,0.0
U027509,airport_150,2025-10-02 06:27:00+08,B012642,2025-10-04 06:27:00+08,Japan,T2,ja,true,,false,false,0,0.0,0.0
U028092,airport_150,2025-09-10 21:16:00+08,B015349,2025-09-14 21:16:00+08,Korea,T1,en,true,,false,false,0,0.0,0.0
U000832,airport_150,2025-09-14 02:16:00+08,B010710,2025-09-16 02:16:00+08,Thailand,T1,ko,true,,false,false,0,0.0,0.0
U021198,bundle_100_100,2025-09-27 21:51:00+08,B006932,2025-09-29 21:51:00+08,USA,T2,en,true,,false,false,0,0.0,0.0
U024326,control,2025-09-17 13:15:00+08,B005631,2025-09-21 13:15:00+08,Hong Kong,T2,en,true,,false,false,0,0.0,0.0
U001235,bundle_100_100,2025-09-10 16:53:00+08,B000906,2025-09-12 16:53:00+08,Singapore,T2,ja,true,,false,false,0,0.0,0.0
U016240,airport_150,2025-09-28 22:11:00+08,B007552,2025-10-02 22:11:00+08,USA,T2,ja,true,,false,false,0,0.0,0.0
U001946,bundle_100_100,2025-09-11 21:04:00+08,B000113,2025-09-12 21:04:00+08,Korea,T1,en,true,,false,false,0,0.0,0.0
U015226,airport_150,2025-09-16 07:32:00+08,B000794,2025-09-20 07:32:00+08,Thailand,T1,ko,true,,false,false,0,0.0,0.0
U018634,airport_150,2025-09-10 20:31:00+08,B010036,2025-09-13 20:31:00+08,USA,T1,zh-TW,true,,false,false,0,0.0,0.0
U020184,control,2025-09-19 05:59:00+08,B003366,2025-09-22 05:59:00+08,Korea,T2,zh-TW,true,,false,false,0,0.0,0.0
U019867,airport_150,2025-09-11 10:47:00+08,B000162,2025-09-16 10:47:00+08,Thailand,T2,ko,true,,false,false,0,0.0,0.0
U013514,airport_150,2025-10-15 12:12:00+08,B013919,2025-10-18 12:12:00+08,USA,T2,ja,true,,false,false,0,0.0,0.0
U014308,airport_150,2025-10-05 08:34:00+08,B003362,2025-10-06 08:34:00+08,Japan,T2,ja,true,,false,false,0,0.0,0.0
U026359,bundle_100_100,2025-10-04 09:40:00+08,B006803,2025-10-09 09:40:00+08,Japan,T1,zh-TW,true,,false,false,0,0.0,0.0
U018793,bundle_100_100,2025-09-19 01:26:00+08,B001445,2025-09-20 01:26:00+08,USA,T1,ja,true,,false,false,1,36.3,0.0
U015441,control,2025-10-08 09:50:00+08,B011092,2025-10-14 09:50:00+08,Singapore,T1,en,true,,false,false,0,0.0,0.0
U015957,airport_150,2025-10-16 02:28:00+08,B001300,2025-10-18 02:28:00+08,Hong Kong,T1,en,true,,false,false,0,0.0,0.0
U010781,bundle_100_100,2025-09-03 04:15:00+08,B006257,2025-09-08 04:15:00+08,USA,T2,ko,true,,false,false,0,0.0,0.0
U012971,bundle_100_100,2025-10-16 17:50:00+08,B000590,2025-10-17 17:50:00+08,Singapore,T2,ja,true,,false,false,0,0.0,0.0
U018205,bundle_100_100,2025-10-05 05:10:00+08,B002497,2025-10-09 05:10:00+08,USA,T1,ja,true,,false,false,0,0.0,0.0
U021132,bundle_100_100,2025-10-02 21:13:00+08,B004712,2025-10-06 21:13:00+08,Thailand,T2,zh-TW,true,,false,false,0,0.0,0.0
U022638,control,2025-10-03 23:10:00+08,B016107,2025-10-05 23:10:00+08,Thailand,T1,ko,true,,false,false,0,0.0,0.0
U011910,airport_150,2025-09-15 08:05:00+08,B007209,2025-09-16 08:05:00+08,Korea,T2,ja,true,,false,false,0,0.0,0.0
U005104,airport_150,2025-09-01 10:36:00+08,B008308,2025-09-07 10:36:00+08,Thailand,T1,zh-TW,true,,false,false,0,0.0,0.0
U025633,bundle_100_100,2025-10-22 23:42:00+08,B009574,2025-10-23 23:42:00+08,USA,T2,zh-TW,true,,false,false,0,0.0,0.0
U012251,bundle_100_100,2025-09-17 15:54:00+08,B015379,2025-09-19 15:54:00+08,Hong Kong,T2,ja,true,,false,false,0,0.0,0.0
U018578,airport_150,2025-10-07 08:40:00+08,B011202,2025-10-11 08:40:00+08,Korea,T2,zh-TW,true,,false,false,0,0.0,0.0
U021537,airport_150,2025-10-01 14:13:00+08,B011604,2025-10-03 14:13:00+08,Singapore,T1,ja,true,,false,false,0,0.0,0.0
U016887,airport_150,2025-10-14 23:33:00+08,B009959,2025-10-17 23:33:00+08,Korea,T1,en,true,,false,false,0,0.0,0.0
U024539,bundle_100_100,2025-09-28 01:00:00+08,B014916,2025-10-04 01:00:00+08,Korea,T2,ko,true,,false,false,0,0.0,0.0
U006206,airport_150,2025-10-07 09:22:00+08,B001625,2025-10-08 09:22:00+08,Japan,T1,ja,true,,false,false,0,0.0,0.0
U015246,bundle_100_100,2025-09-19 08:24:00+08,B007533,2025-09-24 08:24:00+08,USA,T1,zh-TW,true,,false,false,0,0.0,0.0
U004222,airport_150,2025-10-13 05:19:00+08,B015261,2025-10-19 05:19:00+08,Korea,T2,ko,true,,false,false,0,0.0,0.0
U025949,bundle_100_100,2025-09-01 00:08:00+08,B013916,2025-09-02 00:08:00+08,USA,T2,zh-TW,true,,false,false,0,0.0,0.0
U003592,bundle_100_100,2025-09-28 20:10:00+08,B010819,2025-10-02 20:10:00+08,Singapore,T2,ko,true,,false,false,0,0.0,0.0
U024291,airport_150,2025-09-01 04:57:00+08,B015293,2025-09-02 04:57:00+08,Thailand,T2,zh-TW,true,,false,false,0,0.0,0.0
U003784,bundle_100_100,2025-09-17 07:44:00+08,B008743,2025-09-22 07:44:00+08,Singapore,T1,ko,true,,false,false,0,0.0,0.0
U003973,bundle_100_100,2025-10-08 19:16:00+08,B009622,2025-10-14 19:16:00+08,Japan,T2,ja,true,,false,false,0,0.0,0.0
U007775,airport_150,2025-10-03 06:33:00+08,B011397,2025-10-04 06:33:00+08,Japan,T2,en,true,,false,false,0,0.0,0.0
U014613,airport_150,2025-10-05 02:35:00+08,B008227,2025-10-06 02:35:00+08,Japan,T2,ko,true,,false,false,0,0.0,0.0
U027851,bundle_100_100,2025-10-05 08:55:00+08,B010726,2025-10-08 08:55:00+08,Japan,T2,ja,true,,false,false,0,0.0,0.0
U000687,bundle_100_100,2025-10-01 20:00:00+08,B002267,2025-10-05 20:00:00+08,USA,T1,zh-TW,true,,false,false,0,0.0,0.0
U019498,bundle_100_100,2025-09-15 22:25:00+08,B014571,2025-09-19 22:25:00+08,Thailand,T1,zh-TW,true,,false,false,0,0.0,0.0
U009473,bundle_100_100,2025-09-28 08:29:00+08,B011973,2025-09-29 08:29:00+08,USA,T2,en,true,,false,false,0,0.0,0.0
U004954,bundle_100_100,2025-10-07 08:57:00+08,B010716,2025-10-12 08:57:00+08,Thailand,T1,ko,true,,false,false,0,0.0,0.0
U020435,bundle_100_100,2025-09-22 19:26:00+08,B008452,2025-09-25 19:26:00+08,Singapore,T2,ja,true,,false,false,0,0.0,0.0
U002082,airport_150,2025-10-23 22:32:00+08,B001358,2025-10-24 22:32:00+08,Singapore,T2,ko,true,,false,false,0,0.0,0.0
U009826,bundle_100_100,2025-10-11 20:22:00+08,B002890,2025-10-14 20:22:00+08,Singapore,T2,zh-TW,true,,false,false,0,0.0,0.0
U020793,airport_150,2025-09-09 05:41:00+08,B004141,2025-09-12 05:41:00+08,Korea,T1,zh-TW,true,,false,false,0,0.0,0.0
U017352,control,2025-09-26 06:01:00+08,B009590,2025-09-30 06:01:00+08,Thailand,T1,ja,true,,false,false,0,0.0,0.0
U014770,bundle_100_100,2025-09-06 09:13:00+08,B007320,2025-09-09 09:13:00+08,Singapore,T1,ja,true,,false,false,0,0.0,0.0
U024870,bundle_100_100,2025-10-04 09:48:00+08,B004805,2025-10-05 09:48:00+08,Singapore,T2,ko,true,,false,false,0,0.0,0.0
U029393,airport_150,2025-09-19 03:53:00+08,B017245,2025-09-21 03:53:00+08,Korea,T1,zh-TW,true,,false,false,1,62.099999999999994,0.0
U029445,bundle_100_100,2025-09-25 07:07:00+08,B004373,2025-09-28 07:07:00+08,Hong Kong,T1,ko,true,,false,false,0,0.0,0.0
U014288,airport_150,2025-09-21 21:59:00+08,B016508,2025-09-23 21:59:00+08,USA,T2,en,true,,false,false,0,0.0,0.0
U024057,airport_150,2025-10-12 11:21:00+08,B010984,2025-10-14 11:21:00+08,Thailand,T1,zh-TW,true,,false,false,0,0.0,0.0
U026527,bundle_100_100,2025-10-06 23:48:00+08,B014077,2025-10-12 23:48:00+08,USA,T2,ja,true,,false,false,0,0.0,0.0
U004071,bundle_100_100,2025-10-05 23:16:00+08,B016242,2025-10-10 23:16:00+08,Thailand,T1,ko,true,,false,false,0,0.0,0.0
U028680,airport_150,2025-09-13 08:55:00+08,B008905,2025-09-19 08:55:00+08,Thailand,T2,en,true,,false,false,0,0.0,0.0
U029337,bundle_100_100,2025-10-15 07:12:00+08,B013336,2025-10-20 07:12:00+08,Korea,T1,ja,true,,false,false,0,0.0,0.0
U011601,airport_150,2025-10-19 09:38:00+08,B008980,2025-10-20 09:38:00+08,USA,T1,zh-TW,true,,false,false,0,0.0,0.0
U024156,bundle_100_100,2025-09-22 20:24:00+08,B012108,2025-09-23 20:24:00+08,USA,T2,ko,true,,false,false,0,0.0,0.0
U010147,airport_150,2025-10-10 15:43:00+08,B008598,2025-10-15 15:43:00+08,Japan,T2,zh-TW,true,,false,false,0,0.0,0.0
U023721,bundle_100_100,2025-09-02 06:37:00+08,B008616,2025-09-07 06:37:00+08,Thailand,T1,zh-TW,true,,false,false,0,0.0,0.0
U024388,bundle_100_100,2025-09-14 23:25:00+08,B007041,2025-09-19 23:25:00+08,Japan,T2,en,true,,false,false,0,0.0,0.0
U002322,bundle_100_100,2025-09-28 08:28:00+08,B005021,2025-10-03 08:28:00+08,USA,T1,zh-TW,true,,false,false,0,0.0,0.0
U008687,control,2025-09-22 22:28:00+08,B011713,2025-09-26 22:28:00+08,Korea,T1,ko,true,,false,false,0,0.0,0.0
U029367,control,2025-09-26 21:52:00+08,B016176,2025-09-30 21:52:00+08,USA,T2,ko,true,,false,false,0,0.0,0.0
U028542,airport_150,2025-10-02 00:45:00+08,B000459,2025-10-04 00:45:00+08,Hong Kong,T1,zh-TW,true,,false,false,0,0.0,0.0
U012944,airport_150,2025-10-10 00:51:00+08,B000348,2025-10-11 00:51:00+08,USA,T2,en,true,,false,false,0,0.0,0.0
U027455,airport_150,2025-10-20 08:53:00+08,B015201,2025-10-21 08:53:00+08,Singapore,T2,ko,true,,false,false,0,0.0,0.0
U011750,bundle_100_100,2025-09-07 05:52:00+08,B002289,2025-09-09 05:52:00+08,Japan,T1,zh-TW,true,,false,false,0,0.0,0.0
U027625,airport_150,2025-10-19 08:16:00+08,B015632,2025-10-24 08:16:00+08,Singapore,T2,ja,true,,false,false,0,0.0,0.0
U028081,bundle_100_100,2025-09-03 20:14:00+08,B008680,2025-09-09 20:14:00+08,Korea,T2,en,true,,false,false,0,0.0,0.0
U016472,bundle_100_100,2025-10-18 02:23:00+08,B001296,2025-10-23 02:23:00+08,Hong Kong,T1,ja,true,,false,false,0,0.0,0.0
U022700,airport_150,2025-09-14 05:35:00+08,B010495,2025-09-17 05:35:00+08,Japan,T2,ja,true,,false,false,0,0.0,0.0
U023751,bundle_100_100,2025-09-30 12:23:00+08,B009039,2025-10-01 12:23:00+08,Japan,T2,zh-TW,true,,false,false,0,0.0,0.0
U027493,bundle_100_100,2025-10-17 21:28:00+08,B017140,2025-10-23 21:28:00+08,Korea,T2,en,true,,false,false,0,0.0,0.0
U008428,bundle_100_100,2025-09-01 06:55:00+08,B004693,2025-09-04 06:55:00+08,USA,T2,zh-TW,true,,false,false,0,0.0,0.0
U015381,bundle_100_100,2025-10-15 22:11:00+08,B015155,2025-10-19 22:11:00+08,Hong Kong,T1,zh-TW,true,,false,false,0,0.0,0.0
U022551,bundle_100_100,2025-10-21 20:06:00+08,B011362,2025-10-24 20:06:00+08,USA,T1,en,true,,false,false,0,0.0,0.0
U015606,airport_150,2025-10-10 05:41:00+08,B013169,2025-10-11 05:41:00+08,Singapore,T2,ja,true,,false,false,0,0.0,0.0
U029456,airport_150,2025-09-14 20:52:00+08,B007975,2025-09-15 20:52:00+08,Hong Kong,T1,zh-TW,true,,false,false,0,0.0,0.0
U012638,airport_150,2025-09-18 09:55:00+08,B005764,2025-09-20 09:55:00+08,Singapore,T1,ko,true,,false,false,0,0.0,0.0
U013476,bundle_100_100,2025-10-02 12:45:00+08,B000493,2025-10-06 12:45:00+08,Korea,T2,ko,true,,false,false,0,0.0,0.0
U015962,control,2025-09-10 08:32:00+08,B005470,2025-09-13 08:32:00+08,USA,T1,en,true,,false,false,0,0.0,0.0
U023191,airport_150,2025-10-16 01:20:00+08,B007096,2025-10-18 01:20:00+08,Japan,T2,en,true,,false,false,0,0.0,0.0
U011811,bundle_100_100,2025-09-09 07:38:00+08,B014382,2025-09-13 07:38:00+08,Japan,T1,ko,true,,false,false,0,0.0,0.0
U024033,bundle_100_100,2025-09-10 07:54:00+08,B014994,2025-09-14 07:54:00+08,Singapore,T1,en,true,,false,false,0,0.0,0.0
U003478,airport_150,2025-09-09 09:43:00+08,B016920,2025-09-10 09:43:00+08,Japan,T2,zh-TW,true,,false,false,0,0.0,0.0
U003460,bundle_100_100,2025-09-11 08:00:00+08,B008885,2025-09-16 08:00:00+08,USA,T1,en,true,,false,false,1,43.199999999999996,0.0
U016679,airport_150,2025-09-10 06:29:00+08,B004455,2025-09-14 06:29:00+08,Japan,T2,zh-TW,true,,false,false,0,0.0,0.0
U011897,airport_150,2025-10-16 04:46:00+08,B007845,2025-10-20 04:46:00+08,Japan,T1,ja,true,,false,false,0,0.0,0.0
U002030,airport_150,2025-09-15 03:41:00+08,B006409,2025-09-21 03:41:00+08,USA,T1,ja,true,,false,false,0,0.0,0.0
U020325,airport_150,2025-09-12 07:53:00+08,B001760,2025-09-14 07:53:00+08,Singapore,T1,zh-TW,true,,false,false,0,0.0,0.0
U027835,bundle_100_100,2025-09-21 02:54:00+08,B006702,2025-09-25 02:54:00+08,Korea,T2,ko,true,,false,false,0,0.0,0.0
U005674,airport_150,2025-09-28 07:00:00+08,B014451,2025-10-04 07:00:00+08,Korea,T2,zh-TW,true,,false,false,0,0.0,0.0
U003671,airport_150,2025-10-18 10:48:00+08,B003065,2025-10-22 10:48:00+08,Hong Kong,T1,zh-TW,true,,false,false,0,0.0,0.0
U002971,bundle_100_100,2025-10-08 05:15:00+08,B004500,2025-10-12 05:15:00+08,Thailand,T2,en,true,,false,false,0,0.0,0.0
U017985,airport_150,2025-09-13 19:26:00+08,B006500,2025-09-19 19:26:00+08,Singapore,T2,ja,true,,false,false,0,0.0,0.0
U010591,bundle_100_100,2025-09-01 23:08:00+08,B012015,2025-09-03 23:08:00+08,USA,T2,ko,true,,false,false,0,0.0,0.0
U006700,bundle_100_100,2025-09-02 03:03:00+08,B015589,2025-09-05 03:03:00+08,Thailand,T1,ko,true,,false,false,0,0.0,0.0
U027543,bundle_100_100,2025-09-05 20:58:00+08,B011195,2025-09-08 20:58:00+08,Japan,T2,ja,true,,false,false,0,0.0,0.0
U008316,bundle_100_100,2025-09-26 17:16:00+08,B016898,2025-09-29 17:16:00+08,Singapore,T1,en,true,,false,false,0,0.0,0.0
U025813,airport_150,2025-10-02 05:16:00+08,B016524,2025-10-06 05:16:00+08,Thailand,T1,en,true,,false,false,0,0.0,0.0
U029835,bundle_100_100,2025-09-09 04:08:00+08,B001374,2025-09-15 04:08:00+08,Hong Kong,T2,ko,true,,false,false,0,0.0,0.0
U012851,bundle_100_100,2025-09-28 20:01:00+08,B009072,2025-10-04 20:01:00+08,Hong Kong,T2,ja,true,,false,false,0,0.0,0.0
U026357,airport_150,2025-09-18 06:47:00+08,B002261,2025-09-22 06:47:00+08,USA,T2,ko,true,,false,false,0,0.0,0.0
U009939,bundle_100_100,2025-09-09 12:09:00+08,B004105,2025-09-15 12:09:00+08,Singapore,T2,ja,true,,false,false,1,66.6,0.0
U001994,airport_150,2025-09-19 06:21:00+08,B013837,2025-09-20 06:21:00+08,Singapore,T2,ja,true,,false,false,0,0.0,0.0
U015984,bundle_100_100,2025-09-14 22:32:00+08,B017186,2025-09-20 22:32:00+08,Korea,T2,ko,true,,false,false,0,0.0,0.0
U011905,bundle_100_100,2025-09-26 05:00:00+08,B009738,2025-09-29 05:00:00+08,Singapore,T1,ko,true,,false,false,0,0.0,0.0
U020532,bundle_100_100,2025-09-30 06:38:00+08,B005762,2025-10-05 06:38:00+08,Thailand,T1,en,true,,false,false,1,219.6,0.0
U027861,bundle_100_100,2025-09-02 04:19:00+08,B016896,2025-09-06 04:19:00+08,Singapore,T1,ja,true,,false,false,0,0.0,0.0
U012837,airport_150,2025-09-27 05:18:00+08,B008538,2025-10-03 05:18:00+08,Korea,T1,en,true,,false,false,0,0.0,0.0
U013187,control,2025-09-14 23:59:00+08,B013070,2025-09-20 23:59:00+08,Korea,T1,ko,true,,false,false,0,0.0,0.0
U026448,bundle_100_100,2025-09-12 03:38:00+08,B017342,2025-09-18 03:38:00+08,Hong Kong,T1,zh-TW,true,,false,false,0,0.0,0.0
U004613,airport_150,2025-09-03 21:51:00+08,B017708,2025-09-04 21:51:00+08,Hong Kong,T1,ja,true,,false,false,0,0.0,0.0
U020612,bundle_100_100,2025-10-08 05:30:00+08,B011493,2025-10-11 05:30:00+08,Singapore,T2,ja,true,,false,false,0,0.0,0.0
U023174,bundle_100_100,2025-09-14 09:25:00+08,B017154,2025-09-18 09:25:00+08,Japan,T2,en,true,,false,false,0,0.0,0.0
U012451,bundle_100_100,2025-10-06 09:44:00+08,B014631,2025-10-08 09:44:00+08,Japan,T1,ko,true,,false,false,0,0.0,0.0
U007186,control,2025-09-24 19:02:00+08,B017500,2025-09-25 19:02:00+08,USA,T2,ko,true,,false,false,0,0.0,0.0
U010828,control,2025-09-10 22:23:00+08,B008825,2025-09-11 22:23:00+08,Japan,T2,ja,true,,false,false,0,0.0,0.0
U018042,airport_150,2025-09-26 21:24:00+08,B003534,2025-09-29 21:24:00+08,USA,T2,zh-TW,true,,false,false,0,0.0,0.0
U029543,airport_150,2025-09-17 17:11:00+08,B013033,2025-09-18 17:11:00+08,Hong Kong,T1,zh-TW,true,,false,false,0,0.0,0.0
U009294,bundle_100_100,2025-10-12 09:50:00+08,B002637,2025-10-13 09:50:00+08,Hong Kong,T2,zh-TW,true,,false,false,0,0.0,0.0
U011440,airport_150,2025-09-25 06:58:00+08,B005202,2025-09-29 06:58:00+08,Thailand,T2,zh-TW,true,,false,false,0,0.0,0.0
U020221,airport_150,2025-09-02 11:22:00+08,B012408,2025-09-08 11:22:00+08,Korea,T1,en,true,,false,false,0,0.0,0.0
U015482,control,2025-10-11 21:45:00+08,B006181,2025-10-16 21:45:00+08,Thailand,T2,zh-TW,true,,false,false,0,0.0,0.0
U023028,bundle_100_100,2025-09-05 19:08:00+08,B003109,2025-09-09 19:08:00+08,Thailand,T1,en,true,,false,false,0,0.0,0.0
U023543,control,2025-09-08 08:57:00+08,B011925,2025-09-10 08:57:00+08,Korea,T2,en,true,,false,false,0,0.0,0.0
U024038,bundle_100_100,2025-10-09 08:56:00+08,B000824,2025-10-15 08:56:00+08,USA,T2,ja,true,,false,false,0,0.0,0.0
U003566,airport_150,2025-10-19 21:44:00+08,B012372,2025-10-25 21:44:00+08,Korea,T1,ko,true,,false,false,0,0.0,0.0
U008194,bundle_100_100,2025-09-23 23:17:00+08,B004957,2025-09-25 23:17:00+08,USA,T1,zh-TW,true,,false,false,0,0.0,0.0
U021619,airport_150,2025-09-10 22:24:00+08,B011537,2025-09-15 22:24:00+08,Korea,T1,ja,true,,false,false,0,0.0,0.0
U021657,airport_150,2025-09-06 05:49:00+08,B009444,2025-09-09 05:49:00+08,Singapore,T1,ko,true,,false,false,0,0.0,0.0
U017518,airport_150,2025-10-21 06:09:00+08,B013607,2025-10-25 06:09:00+08,Hong Kong,T1,en,true,,false,false,0,0.0,0.0
U026215,bundle_100_100,2025-09-12 05:58:00+08,B001524,2025-09-18 05:58:00+08,USA,T2,zh-TW,true,,false,false,0,0.0,0.0
U004902,airport_150,2025-09-27 23:17:00+08,B000422,2025-10-02 23:17:00+08,Hong Kong,T2,zh-TW,true,,false,false,0,0.0,0.0
U024117,control,2025-10-15 13:51:00+08,B002808,2025-10-19 13:51:00+08,Korea,T1,ko,true,,false,false,0,0.0,0.0
U006019,bundle_100_100,2025-09-01 08:05:00+08,B004447,2025-09-07 08:05:00+08,Singapore,T2,zh-TW,true,,false,false,0,0.0,0.0
U008019,airport_150,2025-09-15 14:37:00+08,B006426,2025-09-21 14:37:00+08,Singapore,T1,ja,true,,false,false,0,0.0,0.0
U017368,bundle_100_100,2025-09-02 01:09:00+08,B012715,2025-09-05 01:09:00+08,Hong Kong,T2,zh-TW,true,,false,false,0,0.0,0.0
U020674,bundle_100_100,2025-10-16 23:37:00+08,B017934,2025-10-20 23:37:00+08,USA,T2,ko,true,,false,false,0,0.0,0.0
U027179,airport_150,2025-09-19 10:08:00+08,B009567,2025-09-22 10:08:00+08,Singapore,T1,zh-TW,true,,false,false,0,0.0,0.0
U010665,airport_150,2025-09-09 20:38:00+08,B015009,2025-09-11 20:38:00+08,Thailand,T2,zh-TW,true,,false,false,0,0.0,0.0
U005430,bundle_100_100,2025-10-20 21:46:00+08,B007506,2025-10-23 21:46:00+08,Hong Kong,T2,en,true,,false,false,0,0.0,0.0
U017102,airport_150,2025-09-02 08:13:00+08,B010297,2025-09-04 08:13:00+08,Korea,T2,ko,true,,false,false,0,0.0,0.0
U013287,control,2025-10-03 21:24:00+08,B003789,2025-10-08 21:24:00+08,Hong Kong,T1,en,true,,false,false,0,0.0,0.0
U011850,bundle_100_100,2025-10-04 03:44:00+08,B016903,2025-10-08 03:44:00+08,Singapore,T1,ko,true,,false,false,0,0.0,0.0
U005962,bundle_100_100,2025-09-06 09:10:00+08,B013650,2025-09-10 09:10:00+08,Thailand,T1,ko,true,,false,false,0,0.0,0.0
U022049,bundle_100_100,2025-10-09 02:13:00+08,B008860,2025-10-10 02:13:00+08,USA,T2,ko,true,,false,false,0,0.0,0.0
U000063,airport_150,2025-10-02 16:00:00+08,B017273,2025-10-06 16:00:00+08,Hong Kong,T2,zh-TW,true,,false,false,0,0.0,0.0
U005590,bundle_100_100,2025-10-05 00:02:00+08,B009122,2025-10-06 00:02:00+08,USA,T1,zh-TW,true,,false,false,0,0.0,0.0
U010924,bundle_100_100,2025-09-18 09:48:00+08,B014397,2025-09-21 09:48:00+08,Japan,T1,zh-TW,true,,false,false,0,0.0,0.0
U022770,airport_150,2025-09-16 21:52:00+08,B010032,2025-09-20 21:52:00+08,Hong Kong,T1,en,true,,false,false,0,0.0,0.0
U027397,airport_150,2025-09-30 14:02:00+08,B014203,2025-10-01 14:02:00+08,USA,T2,zh-TW,true,,false,false,0,0.0,0.0
U010800,airport_150,2025-09-26 05:49:00+08,B010502,2025-09-30 05:49:00+08,USA,T1,zh-TW,true,,false,false,0,0.0,0.0
U025844,bundle_100_100,2025-09-21 08:42:00+08,B008250,2025-09-22 08:42:00+08,Thailand,T1,en,true,,false,false,0,0.0,0.0
U010798,bundle_100_100,2025-09-02 12:17:00+08,B011132,2025-09-04 12:17:00+08,Singapore,T2,ko,true,,false,false,0,0.0,0.0
U014726,airport_150,2025-10-20 07:20:00+08,B002325,2025-10-22 07:20:00+08,Thailand,T2,zh-TW,true,,false,false,0,0.0,0.0
U024850,bundle_100_100,2025-09-24 21:13:00+08,B014746,2025-09-25 21:13:00+08,Japan,T2,ko,true,,false,false,0,0.0,0.0
U009059,control,2025-09-20 00:04:00+08,B011296,2025-09-26 00:04:00+08,Thailand,T2,ja,true,,false,false,0,0.0,0.0
U001785,bundle_100_100,2025-09-24 22:45:00+08,B004785,2025-09-25 22:45:00+08,Japan,T2,zh-TW,true,,false,false,0,0.0,0.0
U014196,bundle_100_100,2025-09-17 22:32:00+08,B011000,2025-09-23 22:32:00+08,Singapore,T1,ko,true,,false,false,1,78.0,0.0
U025771,bundle_100_100,2025-09-02 07:29:00+08,B012752,2025-09-03 07:29:00+08,Korea,T2,ja,true,,false,false,0,0.0,0.0
U000311,airport_150,2025-09-08 05:39:00+08,B010378,2025-09-09 05:39:00+08,Singapore,T1,en,true,,false,false,0,0.0,0.0
U024521,airport_150,2025-09-15 16:21:00+08,B007739,2025-09-17 16:21:00+08,Japan,T2,ja,true,,false,false,0,0.0,0.0
U003047,bundle_100_100,2025-10-19 08:56:00+08,B005024,2025-10-21 08:56:00+08,Korea,T1,ja,true,,false,false,0,0.0,0.0
U013086,bundle_100_100,2025-09-21 07:01:00+08,B007909,2025-09-27 07:01:00+08,Japan,T1,zh-TW,true,,false,false,0,0.0,0.0
U019610,bundle_100_100,2025-10-15 07:08:00+08,B002820,2025-10-16 07:08:00+08,Japan,T2,zh-TW,true,,false,false,0,0.0,0.0
U023084,bundle_100_100,2025-09-01 09:18:00+08,B003301,2025-09-03 09:18:00+08,Hong Kong,T1,en,true,,false,false,0,0.0,0.0
U027882,airport_150,2025-10-11 07:17:00+08,B008154,2025-10-17 07:17:00+08,Hong Kong,T1,ko,true,,false,false,0,0.0,0.0
U002273,airport_150,2025-09-04 09:28:00+08,B009380,2025-09-09 09:28:00+08,Thailand,T1,en,true,,false,false,0,0.0,0.0
U027707,control,2025-09-23 20:51:00+08,B012239,2025-09-24 20:51:00+08,USA,T1,zh-TW,true,,false,false,0,0.0,0.0
U013501,airport_150,2025-09-13 20:10:00+08,B009680,2025-09-16 20:10:00+08,Singapore,T2,en,true,,false,false,0,0.0,0.0
U001564,bundle_100_100,2025-09-21 19:00:00+08,B013498,2025-09-23 19:00:00+08,Thailand,T1,en,true,,false,false,0,0.0,0.0
U026710,bundle_100_100,2025-09-25 00:56:00+08,B011280,2025-09-29 00:56:00+08,Singapore,T1,en,true,,false,false,0,0.0,0.0
U018831,bundle_100_100,2025-10-02 14:49:00+08,B011976,2025-10-05 14:49:00+08,Hong Kong,T1,zh-TW,true,,false,false,0,0.0,0.0
U018524,airport_150,2025-09-21 23:55:00+08,B006121,2025-09-26 23:55:00+08,Thailand,T1,zh-TW,true,,false,false,0,0.0,0.0
U020432,bundle_100_100,2025-09-03 20:25:00+08,B013590,2025-09-06 20:25:00+08,Thailand,T2,ja,true,,false,false,0,0.0,0.0
U007860,bundle_100_100,2025-10-23 07:35:00+08,B002574,2025-10-24 07:35:00+08,Japan,T1,en,true,,false,false,0,0.0,0.0
U013279,airport_150,2025-09-15 23:24:00+08,B011068,2025-09-18 23:24:00+08,Korea,T2,en,true,,false,false,0,0.0,0.0
U027440,bundle_100_100,2025-09-19 07:26:00+08,B010834,2025-09-22 07:26:00+08,Japan,T2,ko,true,,false,false,0,0.0,0.0
U006995,bundle_100_100,2025-10-19 18:44:00+08,B010345,2025-10-21 18:44:00+08,Singapore,T1,zh-TW,true,,false,false,0,0.0,0.0
U011764,control,2025-09-13 23:33:00+08,B000560,2025-09-19 23:33:00+08,Singapore,T1,en,true,,false,false,0,0.0,0.0
U029297,bundle_100_100,2025-09-16 19:12:00+08,B003798,2025-09-20 19:12:00+08,Thailand,T1,ko,true,,false,false,0,0.0,0.0
U029772,airport_150,2025-09-24 20:17:00+08,B011635,2025-09-26 20:17:00+08,Japan,T2,ja,true,,false,false,0,0.0,0.0
U002968,airport_150,2025-10-21 05:59:00+08,B015544,2025-10-22 05:59:00+08,Korea,T2,en,true,,false,false,0,0.0,0.0
U005543,airport_150,2025-09-26 08:55:00+08,B000094,2025-09-28 08:55:00+08,Hong Kong,T2,ko,true,,false,false,0,0.0,0.0
U022557,airport_150,2025-09-19 17:01:00+08,B014855,2025-09-22 17:01:00+08,Hong Kong,T1,zh-TW,true,,false,false,0,0.0,0.0
U029700,airport_150,2025-10-03 23:21:00+08,B012163,2025-10-06 23:21:00+08,Singapore,T2,zh-TW,true,,false,false,0,0.0,0.0
U006135,airport_150,2025-09-26 15:34:00+08,B001188,2025-10-02 15:34:00+08,USA,T2,en,true,,false,false,0,0.0,0.0
U003543,bundle_100_100,2025-10-19 21:53:00+08,B013226,2025-10-22 21:53:00+08,Thailand,T1,ko,true,,false,false,0,0.0,0.0
U021665,bundle_100_100,2025-10-12 22:58:00+08,B001332,2025-10-16 22:58:00+08,Japan,T2,ko,true,,false,false,0,0.0,0.0
U021456,bundle_100_100,2025-09-01 16:35:00+08,B010519,2025-09-07 16:35:00+08,Korea,T1,ja,true,,false,false,0,0.0,0.0
U006320,bundle_100_100,2025-09-07 20:20:00+08,B007458,2025-09-11 20:20:00+08,Japan,T1,en,true,,false,false,0,0.0,0.0
U015285,bundle_100_100,2025-10-19 05:31:00+08,B007567,2025-10-24 05:31:00+08,Hong Kong,T1,en,true,,false,false,0,0.0,0.0
U008630,airport_150,2025-10-05 03:43:00+08,B002974,2025-10-10 03:43:00+08,Japan,T1,en,true,,false,false,0,0.0,0.0
U018888,control,2025-09-03 09:35:00+08,B017082,2025-09-09 09:35:00+08,Singapore,T2,ko,true,,false,false,0,0.0,0.0
U005205,bundle_100_100,2025-10-10 15:52:00+08,B014564,2025-10-11 15:52:00+08,Japan,T1,ja,true,,false,false,0,0.0,0.0
U028910,airport_150,2025-09-10 06:37:00+08,B000135,2025-09-14 06:37:00+08,Korea,T2,zh-TW,true,,false,false,0,0.0,0.0
U018698,airport_150,2025-09-26 14:25:00+08,B006850,2025-10-01 14:25:00+08,USA,T2,ko,true,,false,false,0,0.0,0.0
U012342,control,2025-09-02 03:43:00+08,B011224,2025-09-08 03:43:00+08,Singapore,T1,zh-TW,true,,false,false,0,0.0,0.0
U022141,bundle_100_100,2025-10-06 23:22:00+08,B002081,2025-10-11 23:22:00+08,USA,T2,zh-TW,true,,false,false,0,0.0,0.0
U010232,bundle_100_100,2025-10-20 16:15:00+08,B005504,2025-10-22 16:15:00+08,USA,T2,en,true,,false,false,0,0.0,0.0
U010973,airport_150,2025-10-18 20:56:00+08,B013204,2025-10-21 20:56:00+08,Korea,T2,en,true,,false,false,0,0.0,0.0
U013344,bundle_100_100,2025-10-21 22:56:00+08,B001907,2025-10-26 22:56:00+08,Thailand,T1,ja,true,,false,false,0,0.0,0.0
U024559,airport_150,2025-09-05 10:25:00+08,B016136,2025-09-07 10:25:00+08,Japan,T2,en,true,,false,false,0,0.0,0.0
U001416,airport_150,2025-10-18 20:04:00+08,B012649,2025-10-22 20:04:00+08,USA,T1,en,true,,false,false,0,0.0,0.0
U002487,bundle_100_100,2025-09-08 06:38:00+08,B016959,2025-09-12 06:38:00+08,Japan,T1,zh-TW,true,,false,false,0,0.0,0.0
U017833,bundle_100_100,2025-09-16 08:34:00+08,B005174,2025-09-22 08:34:00+08,Singapore,T2,ja,true,,false,false,0,0.0,0.0
U028251,airport_150,2025-10-10 07:20:00+08,B017588,2025-10-13 07:20:00+08,Thailand,T1,ja,true,,false,false,0,0.0,0.0
U028936,bundle_100_100,2025-10-17 00:01:00+08,B003710,2025-10-23 00:01:00+08,USA,T2,en,true,,false,false,0,0.0,0.0
U026292,bundle_100_100,2025-09-16 05:15:00+08,B017780,2025-09-18 05:15:00+08,Japan,T2,en,true,,false,false,0,0.0,0.0
U001311,bundle_100_100,2025-09-04 10:35:00+08,B001324,2025-09-05 10:35:00+08,USA,T1,ja,true,,false,false,0,0.0,0.0
U012459,bundle_100_100,2025-09-19 05:03:00+08,B013796,2025-09-22 05:03:00+08,Korea,T1,ko,true,,false,false,0,0.0,0.0
U018465,airport_150,2025-09-10 22:06:00+08,B010887,2025-09-11 22:06:00+08,Korea,T1,zh-TW,true,,false,false,0,0.0,0.0
U001212,airport_150,2025-10-06 10:19:00+08,B001075,2025-10-09 10:19:00+08,USA,T1,zh-TW,true,,false,false,0,0.0,0.0
U001332,bundle_100_100,2025-09-01 05:02:00+08,B005363,2025-09-04 05:02:00+08,USA,T1,en,true,,false,false,0,0.0,0.0
U001568,bundle_100_100,2025-09-06 07:31:00+08,B013280,2025-09-12 07:31:00+08,Singapore,T1,ja,true,,false,false,0,0.0,0.0
U012659,airport_150,2025-10-11 22:46:00+08,B013549,2025-10-15 22:46:00+08,Korea,T1,ja,true,,false,false,0,0.0,0.0
U015875,airport_150,2025-10-14 10:35:00+08,B005770,2025-10-15 10:35:00+08,USA,T2,ko,true,,false,false,0,0.0,0.0
U011074,control,2025-09-07 09:35:00+08,B004667,2025-09-10 09:35:00+08,Thailand,T1,zh-TW,true,,false,false,0,0.0,0.0
U022305,bundle_100_100,2025-09-25 05:22:00+08,B005649,2025-09-28 05:22:00+08,Thailand,T2,ja,true,,false,false,0,0.0,0.0
U017915,airport_150,2025-09-29 08:28:00+08,B011620,2025-10-03 08:28:00+08,Singapore,T2,ja,true,,false,false,0,0.0,0.0
U029864,bundle_100_100,2025-09-06 05:30:00+08,B015062,2025-09-10 05:30:00+08,Japan,T2,en,true,,false,false,0,0.0,0.0
U002682,control,2025-10-07 03:04:00+08,B003899,2025-10-08 03:04:00+08,Korea,T1,en,true,,false,false,0,0.0,0.0
U016762,airport_150,2025-10-07 23:58:00+08,B000977,2025-10-11 23:58:00+08,Japan,T1,ja,true,,false,false,0,0.0,0.0
U027218,airport_150,2025-09-21 00:38:00+08,B001252,2025-09-26 00:38:00+08,Thailand,T1,ja,true,,false,false,0,0.0,0.0
U025934,airport_150,2025-10-19 06:37:00+08,B010595,2025-10-21 06:37:00+08,Thailand,T1,ja,true,,false,false,0,0.0,0.0
U007356,airport_150,2025-10-15 00:12:00+08,B004508,2025-10-17 00:12:00+08,Japan,T1,en,true,,false,false,0,0.0,0.0
U010107,control,2025-09-12 18:52:00+08,B016689,2025-09-15 18:52:00+08,Japan,T2,ko,true,,false,false,0,0.0,0.0
U020984,bundle_100_100,2025-10-21 07:24:00+08,B001055,2025-10-25 07:24:00+08,Singapore,T1,zh-TW,true,,false,false,0,0.0,0.0
U023703,bundle_100_100,2025-10-18 05:58:00+08,B002687,2025-10-22 05:58:00+08,USA,T2,zh-TW,true,,false,false,0,0.0,0.0
U016578,control,2025-10-15 11:26:00+08,B017027,2025-10-18 11:26:00+08,Japan,T2,ja,true,,false,false,0,0.0,0.0
U005724,airport_150,2025-10-22 06:45:00+08,B006220,2025-10-26 06:45:00+08,USA,T2,zh-TW,true,,false,false,0,0.0,0.0
U005871,bundle_100_100,2025-09-04 09:20:00+08,B002104,2025-09-09 09:20:00+08,Singapore,T1,ko,true,,false,false,0,0.0,0.0
U024714,bundle_100_100,2025-10-13 03:09:00+08,B005107,2025-10-14 03:09:00+08,Thailand,T2,zh-TW,true,,false,false,0,0.0,0.0
U008171,airport_150,2025-09-11 04:31:00+08,B016357,2025-09-14 04:31:00+08,Hong Kong,T2,ja,true,,false,false,0,0.0,0.0
U003762,bundle_100_100,2025-09-01 22:02:00+08,B005912,2025-09-06 22:02:00+08,Korea,T2,ja,true,,false,false,0,0.0,0.0
U018682,bundle_100_100,2025-09-24 08:31:00+08,B017308,2025-09-27 08:31:00+08,Hong Kong,T1,en,true,,false,false,0,0.0,0.0
U028839,bundle_100_100,2025-09-11 03:39:00+08,B007445,2025-09-14 03:39:00+08,Hong Kong,T2,zh-TW,true,,false,false,0,0.0,0.0
U003150,airport_150,2025-10-09 19:46:00+08,B007772,2025-10-10 19:46:00+08,Hong Kong,T1,zh-TW,true,,false,false,0,0.0,0.0
U004253,airport_150,2025-10-18 21:10:00+08,B007804,2025-10-23 21:10:00+08,Hong Kong,T2,ko,true,,false,false,0,0.0,0.0
U012418,bundle_100_100,2025-10-12 23:21:00+08,B010945,2025-10-16 23:21:00+08,Hong Kong,T1,en,true,,false,false,0,0.0,0.0
U020028,bundle_100_100,2025-09-04 08:48:00+08,B013500,2025-09-06 08:48:00+08,Hong Kong,T2,ja,true,,false,false,0,0.0,0.0
U028230,airport_150,2025-09-20 23:46:00+08,B014118,2025-09-24 23:46:00+08,Singapore,T2,zh-TW,true,,false,false,0,0.0,0.0
U011757,bundle_100_100,2025-10-15 21:38:00+08,B015852,2025-10-20 21:38:00+08,USA,T2,zh-TW,true,,false,false,0,0.0,0.0
U026142,airport_150,2025-09-02 06:24:00+08,B010601,2025-09-08 06:24:00+08,Thailand,T1,ja,true,,false,false,0,0.0,0.0
U024972,control,2025-09-12 23:33:00+08,B007733,2025-09-15 23:33:00+08,Hong Kong,T2,ja,true,,false,false,0,0.0,0.0
U003241,airport_150,2025-09-26 05:54:00+08,B007543,2025-09-28 05:54:00+08,USA,T1,zh-TW,true,,false,false,0,0.0,0.0
U010537,bundle_100_100,2025-10-01 01:49:00+08,B016008,2025-10-02 01:49:00+08,Singapore,T1,en,true,,false,false,0,0.0,0.0
U027853,airport_150,2025-10-09 09:24:00+08,B005477,2025-10-11 09:24:00+08,Singapore,T2,ko,true,,false,false,0,0.0,0.0
U028859,control,2025-09-22 08:20:00+08,B015801,2025-09-25 08:20:00+08,Singapore,T1,en,true,,false,false,0,0.0,0.0
U014518,airport_150,2025-09-02 09:07:00+08,B003059,2025-09-04 09:07:00+08,Hong Kong,T2,ja,true,,false,false,0,0.0,0.0
U027857,bundle_100_100,2025-09-24 05:21:00+08,B016642,2025-09-28 05:21:00+08,USA,T1,ja,true,,false,false,0,0.0,0.0
U012695,bundle_100_100,2025-10-04 08:02:00+08,B017987,2025-10-10 08:02:00+08,Hong Kong,T2,ja,true,,false,false,0,0.0,0.0
U026783,airport_150,2025-10-11 17:41:00+08,B013769,2025-10-13 17:41:00+08,Korea,T1,en,true,,false,false,0,0.0,0.0
U021477,airport_150,2025-10-04 16:34:00+08,B006037,2025-10-09 16:34:00+08,Japan,T2,en,true,,false,false,0,0.0,0.0
U006068,bundle_100_100,2025-10-23 09:36:00+08,B012214,2025-10-26 09:36:00+08,Thailand,T2,ja,true,,false,false,0,0.0,0.0
U028224,bundle_100_100,2025-10-12 17:04:00+08,B013499,2025-10-18 17:04:00+08,Singapore,T1,en,true,,false,false,0,0.0,0.0
U012779,bundle_100_100,2025-09-29 06:10:00+08,B001747,2025-10-03 06:10:00+08,USA,T1,zh-TW,true,,false,false,0,0.0,0.0
U028495,bundle_100_100,2025-09-03 08:27:00+08,B012131,2025-09-07 08:27:00+08,Japan,T2,en,true,,false,false,0,0.0,0.0
U026446,airport_150,2025-10-05 12:41:00+08,B009594,2025-10-09 12:41:00+08,Japan,T2,zh-TW,true,,false,false,0,0.0,0.0
U019489,control,2025-10-01 05:54:00+08,B017318,2025-10-04 05:54:00+08,Singapore,T2,en,true,,false,false,0,0.0,0.0
U014221,bundle_100_100,2025-09-15 04:15:00+08,B001258,2025-09-17 04:15:00+08,USA,T1,ja,true,,false,false,0,0.0,0.0
U025632,airport_150,2025-09-08 13:42:00+08,B014813,2025-09-10 13:42:00+08,Hong Kong,T2,ja,true,,false,false,0,0.0,0.0
U019446,bundle_100_100,2025-09-15 13:39:00+08,B017611,2025-09-16 13:39:00+08,Thailand,T1,ja,true,,false,false,0,0.0,0.0
U027150,bundle_100_100,2025-10-13 14:10:00+08,B002381,2025-10-14 14:10:00+08,Hong Kong,T2,en,true,,false,false,0,0.0,0.0
U029557,control,2025-09-11 08:42:00+08,B014163,2025-09-16 08:42:00+08,Thailand,T2,zh-TW,true,,false,false,0,0.0,0.0
U012954,bundle_100_100,2025-09-14 09:37:00+08,B009192,2025-09-19 09:37:00+08,Hong Kong,T1,ja,true,,false,false,0,0.0,0.0
U008388,control,2025-10-23 10:26:00+08,B009557,2025-10-25 10:26:00+08,Thailand,T1,ja,true,,false,false,0,0.0,0.0
U009805,bundle_100_100,2025-10-13 09:36:00+08,B013998,2025-10-19 09:36:00+08,Singapore,T1,ko,true,,false,false,0,0.0,0.0
U009206,control,2025-09-21 18:17:00+08,B002970,2025-09-23 18:17:00+08,Japan,T1,en,true,,false,false,0,0.0,0.0
U020589,airport_150,2025-10-01 18:28:00+08,B003335,2025-10-03 18:28:00+08,Japan,T2,ko,true,,false,false,0,0.0,0.0
U028134,airport_150,2025-09-17 05:53:00+08,B001448,2025-09-23 05:53:00+08,USA,T1,ko,true,,false,false,0,0.0,0.0
U028114,airport_150,2025-09-19 18:26:00+08,B002841,2025-09-24 18:26:00+08,Japan,T2,ja,true,,false,false,0,0.0,0.0
U001216,airport_150,2025-09-17 22:00:00+08,B000469,2025-09-20 22:00:00+08,Thailand,T1,ko,true,,false,false,0,0.0,0.0
U001832,control,2025-09-27 00:57:00+08,B003327,2025-09-29 00:57:00+08,USA,T1,zh-TW,true,,false,false,0,0.0,0.0
U008549,bundle_100_100,2025-09-12 00:09:00+08,B016589,2025-09-16 00:09:00+08,Hong Kong,T1,ko,true,,false,false,0,0.0,0.0
U018133,bundle_100_100,2025-09-02 21:39:00+08,B005195,2025-09-03 21:39:00+08,Thailand,T2,en,true,,false,false,0,0.0,0.0
U027612,airport_150,2025-09-04 02:28:00+08,B003818,2025-09-06 02:28:00+08,Singapore,T2,en,true,,false,false,0,0.0,0.0
U024514,airport_150,2025-09-01 02:43:00+08,B010875,2025-09-04 02:43:00+08,Hong Kong,T2,en,true,,false,false,0,0.0,0.0
U001078,control,2025-09-18 22:34:00+08,B013928,2025-09-23 22:34:00+08,Hong Kong,T2,en,true,,false,false,0,0.0,0.0
U024499,airport_150,2025-09-25 07:00:00+08,B015497,2025-09-26 07:00:00+08,USA,T2,ko,true,,false,false,0,0.0,0.0
U000264,airport_150,2025-10-16 11:28:00+08,B008225,2025-10-21 11:28:00+08,Korea,T2,ko,true,,false,false,0,0.0,0.0
U001956,bundle_100_100,2025-09-16 10:08:00+08,B002863,2025-09-22 10:08:00+08,USA,T1,ko,true,,false,false,0,0.0,0.0
U027997,bundle_100_100,2025-09-22 12:20:00+08,B012985,2025-09-24 12:20:00+08,Hong Kong,T1,zh-TW,true,,false,false,0,0.0,0.0
U028854,airport_150,2025-09-10 06:50:00+08,B014323,2025-09-14 06:50:00+08,Hong Kong,T1,ja,true,,false,false,0,0.0,0.0
U004403,bundle_100_100,2025-10-07 23:14:00+08,B003910,2025-10-13 23:14:00+08,USA,T2,en,true,,false,false,0,0.0,0.0
U011351,airport_150,2025-09-21 06:32:00+08,B010003,2025-09-27 06:32:00+08,Japan,T2,zh-TW,true,,false,false,0,0.0,0.0
U012882,control,2025-10-02 11:50:00+08,B005698,2025-10-07 11:50:00+08,Japan,T2,zh-TW,true,,false,false,0,0.0,0.0
U018003,airport_150,2025-09-10 20:47:00+08,B004002,2025-09-11 20:47:00+08,Singapore,T1,en,true,,false,false,0,0.0,0.0
U001034,bundle_100_100,2025-09-13 06:13:00+08,B009038,2025-09-19 06:13:00+08,Korea,T2,zh-TW,true,,false,false,0,0.0,0.0
U023977,bundle_100_100,2025-09-11 07:37:00+08,B015437,2025-09-17 07:37:00+08,Japan,T2,en,true,,false,false,0,0.0,0.0
U003942,control,2025-09-10 18:14:00+08,B004920,2025-09-16 18:14:00+08,USA,T1,ko,true,,false,false,0,0.0,0.0
U027898,airport_150,2025-09-09 12:48:00+08,B012949,2025-09-12 12:48:00+08,Thailand,T1,en,true,,false,false,0,0.0,0.0
U028451,bundle_100_100,2025-09-24 09:08:00+08,B010171,2025-09-29 09:08:00+08,Hong Kong,T2,ja,true,,false,false,0,0.0,0.0
U018062,control,2025-09-27 22:16:00+08,B003655,2025-10-01 22:16:00+08,Japan,T2,zh-TW,true,,false,false,0,0.0,0.0
U012754,airport_150,2025-09-24 10:34:00+08,B016683,2025-09-26 10:34:00+08,Thailand,T2,ko,true,,false,false,0,0.0,0.0
U014807,airport_150,2025-09-04 07:52:00+08,B013908,2025-09-06 07:52:00+08,USA,T1,ko,true,,false,false,0,0.0,0.0
U006227,bundle_100_100,2025-10-11 04:45:00+08,B005952,2025-10-13 04:45:00+08,Japan,T1,ja,true,,false,false,0,0.0,0.0
U003508,airport_150,2025-09-16 23:09:00+08,B007844,2025-09-18 23:09:00+08,Singapore,T1,zh-TW,true,,false,false,0,0.0,0.0
U001930,control,2025-10-22 01:27:00+08,B007237,2025-10-26 01:27:00+08,Thailand,T1,zh-TW,true,,false,false,0,0.0,0.0
U020858,bundle_100_100,2025-10-09 20:33:00+08,B017919,2025-10-15 20:33:00+08,Korea,T1,zh-TW,true,,false,false,0,0.0,0.0
U008403,airport_150,2025-09-19 04:50:00+08,B008285,2025-09-23 04:50:00+08,Hong Kong,T2,ja,true,,false,false,0,0.0,0.0
U013954,bundle_100_100,2025-09-18 02:50:00+08,B001932,2025-09-22 02:50:00+08,Singapore,T1,en,true,,false,false,0,0.0,0.0
U023414,bundle_100_100,2025-09-27 06:00:00+08,B013194,2025-09-28 06:00:00+08,Korea,T1,ja,true,,false,false,0,0.0,0.0
U012519,bundle_100_100,2025-10-15 22:54:00+08,B005405,2025-10-20 22:54:00+08,Japan,T2,ko,true,,false,false,0,0.0,0.0
U019927,bundle_100_100,2025-10-19 06:18:00+08,B003777,2025-10-21 06:18:00+08,Thailand,T2,ja,true,,false,false,0,0.0,0.0
U021022,bundle_100_100,2025-10-14 00:23:00+08,B017098,2025-10-16 00:23:00+08,USA,T1,ja,true,,false,false,0,0.0,0.0
U007776,airport_150,2025-09-01 00:34:00+08,B014489,2025-09-05 00:34:00+08,Singapore,T2,zh-TW,true,,false,false,0,0.0,0.0
U016907,bundle_100_100,2025-09-28 22:03:00+08,B004865,2025-10-02 22:03:00+08,Hong Kong,T2,ja,true,,false,false,0,0.0,0.0
U029118,airport_150,2025-10-07 03:13:00+08,B013430,2025-10-10 03:13:00+08,Hong Kong,T1,zh-TW,true,,false,false,0,0.0,0.0
U016187,control,2025-10-10 07:16:00+08,B004662,2025-10-13 07:16:00+08,Japan,T1,en,true,,false,false,0,0.0,0.0
U002723,airport_150,2025-09-14 09:16:00+08,B009825,2025-09-16 09:16:00+08,Thailand,T1,ja,true,,false,false,0,0.0,0.0
U006143,bundle_100_100,2025-10-10 21:13:00+08,B013263,2025-10-13 21:13:00+08,Hong Kong,T1,ko,true,,false,false,0,0.0,0.0
U007884,airport_150,2025-10-14 09:25:00+08,B003674,2025-10-17 09:25:00+08,Hong Kong,T1,ja,true,,false,false,0,0.0,0.0
U003410,airport_150,2025-10-15 07:07:00+08,B011600,2025-10-16 07:07:00+08,Hong Kong,T1,ko,true,,false,false,0,0.0,0.0
U013950,airport_150,2025-10-01 16:07:00+08,B009113,2025-10-04 16:07:00+08,USA,T2,ja,true,,false,false,0,0.0,0.0
U014883,airport_150,2025-09-11 23:48:00+08,B001782,2025-09-17 23:48:00+08,Thailand,T1,zh-TW,true,,false,false,0,0.0,0.0
U014558,bundle_100_100,2025-09-21 06:20:00+08,B000647,2025-09-24 06:20:00+08,Hong Kong,T1,ja,true,,false,false,0,0.0,0.0
U011318,airport_150,2025-09-27 22:23:00+08,B017850,2025-09-29 22:23:00+08,Singapore,T2,ko,true,,false,false,0,0.0,0.0
U003152,airport_150,2025-09-05 23:49:00+08,B007398,2025-09-07 23:49:00+08,Japan,T1,en,true,,false,false,1,74.39999999999999,0.0
U029661,airport_150,2025-10-05 23:01:00+08,B017339,2025-10-06 23:01:00+08,Hong Kong,T1,ja,true,,false,false,0,0.0,0.0
U008326,airport_150,2025-09-25 01:49:00+08,B000373,2025-10-01 01:49:00+08,Singapore,T2,zh-TW,true,,false,false,0,0.0,0.0
U026308,bundle_100_100,2025-09-17 11:50:00+08,B001578,2025-09-20 11:50:00+08,Hong Kong,T2,ko,true,,false,false,0,0.0,0.0
U007081,control,2025-10-16 00:35:00+08,B005550,2025-10-19 00:35:00+08,USA,T2,ja,true,,false,false,0,0.0,0.0
U021695,control,2025-09-24 08:16:00+08,B007065,2025-09-26 08:16:00+08,USA,T1,en,true,,false,false,0,0.0,0.0
U002755,bundle_100_100,2025-09-01 01:31:00+08,B008006,2025-09-03 01:31:00+08,Hong Kong,T2,zh-TW,true,,false,false,0,0.0,0.0
U022522,bundle_100_100,2025-09-28 05:54:00+08,B005362,2025-10-02 05:54:00+08,Singapore,T1,zh-TW,true,,false,false,0,0.0,0.0
U023411,airport_150,2025-10-15 13:29:00+08,B016744,2025-10-20 13:29:00+08,Thailand,T1,ja,true,,false,false,0,0.0,0.0
U000360,bundle_100_100,2025-09-19 08:26:00+08,B001463,2025-09-23 08:26:00+08,Korea,T2,en,true,,false,false,0,0.0,0.0
U011228,bundle_100_100,2025-09-27 21:39:00+08,B005867,2025-10-01 21:39:00+08,Singapore,T1,en,true,,false,false,0,0.0,0.0
U020001,airport_150,2025-09-03 08:56:00+08,B008695,2025-09-07 08:56:00+08,Thailand,T1,en,true,,false,false,0,0.0,0.0
U020603,bundle_100_100,2025-09-05 14:44:00+08,B012338,2025-09-07 14:44:00+08,Japan,T1,en,true,,false,false,0,0.0,0.0
U027283,bundle_100_100,2025-09-05 20:28:00+08,B014670,2025-09-11 20:28:00+08,Korea,T1,ko,true,,false,false,0,0.0,0.0
U002760,control,2025-09-27 10:40:00+08,B010122,2025-10-01 10:40:00+08,Japan,T2,ja,true,,false,false,0,0.0,0.0
U005219,airport_150,2025-09-14 20:28:00+08,B005786,2025-09-16 20:28:00+08,Korea,T1,zh-TW,true,,false,false,0,0.0,0.0
U026525,airport_150,2025-09-30 03:27:00+08,B005356,2025-10-02 03:27:00+08,Korea,T2,zh-TW,true,,false,false,0,0.0,0.0
U029474,airport_150,2025-09-12 06:27:00+08,B010498,2025-09-13 06:27:00+08,Hong Kong,T1,ko,true,,false,false,0,0.0,0.0
U011837,bundle_100_100,2025-09-27 04:50:00+08,B006665,2025-09-29 04:50:00+08,Korea,T1,zh-TW,true,,false,false,0,0.0,0.0
U024598,airport_150,2025-09-29 22:40:00+08,B004503,2025-10-04 22:40:00+08,Korea,T1,ko,true,,false,false,0,0.0,0.0
U029485,bundle_100_100,2025-10-12 19:39:00+08,B012162,2025-10-14 19:39:00+08,Korea,T2,ko,true,,false,false,0,0.0,0.0
U010712,bundle_100_100,2025-09-22 18:17:00+08,B007581,2025-09-25 18:17:00+08,Thailand,T1,zh-TW,true,,false,false,0,0.0,0.0
U017224,bundle_100_100,2025-10-15 19:26:00+08,B009591,2025-10-17 19:26:00+08,Japan,T1,ja,true,,false,false,0,0.0,0.0
U019348,airport_150,2025-10-13 01:59:00+08,B000887,2025-10-18 01:59:00+08,USA,T1,ko,true,,false,false,0,0.0,0.0
U005468,bundle_100_100,2025-09-12 04:24:00+08,B010901,2025-09-13 04:24:00+08,USA,T2,en,true,,false,false,0,0.0,0.0
U015366,airport_150,2025-09-06 20:15:00+08,B000931,2025-09-10 20:15:00+08,Thailand,T1,en,true,,false,false,0,0.0,0.0
U029422,bundle_100_100,2025-09-14 04:19:00+08,B003278,2025-09-15 04:19:00+08,USA,T2,ko,true,,false,false,0,0.0,0.0
U002791,bundle_100_100,2025-09-26 21:02:00+08,B007298,2025-10-02 21:02:00+08,USA,T2,zh-TW,true,,false,false,0,0.0,0.0
U019113,airport_150,2025-09-25 22:35:00+08,B013281,2025-09-29 22:35:00+08,Hong Kong,T1,ko,true,,false,false,0,0.0,0.0
U020665,airport_150,2025-09-18 17:01:00+08,B001032,2025-09-20 17:01:00+08,Japan,T1,ko,true,,false,false,0,0.0,0.0
U026612,control,2025-09-28 16:05:00+08,B004613,2025-09-29 16:05:00+08,Thailand,T1,en,true,,false,false,0,0.0,0.0
U029239,bundle_100_100,2025-10-23 09:37:00+08,B010573,2025-10-26 09:37:00+08,Thailand,T2,ja,true,,false,false,0,0.0,0.0
U002254,airport_150,2025-09-05 08:42:00+08,B006044,2025-09-06 08:42:00+08,Singapore,T2,en,true,,false,false,0,0.0,0.0
U022516,control,2025-10-07 22:06:00+08,B017730,2025-10-09 22:06:00+08,USA,T2,ja,true,,false,false,0,0.0,0.0
U014323,bundle_100_100,2025-10-20 15:59:00+08,B015348,2025-10-23 15:59:00+08,Thailand,T2,ko,true,,false,false,0,0.0,0.0
U027839,airport_150,2025-10-04 05:26:00+08,B012418,2025-10-05 05:26:00+08,Hong Kong,T2,ja,true,,false,false,0,0.0,0.0
U018352,airport_150,2025-09-17 12:55:00+08,B009937,2025-09-18 12:55:00+08,Thailand,T2,en,true,,false,false,0,0.0,0.0
U025557,bundle_100_100,2025-10-17 06:18:00+08,B013699,2025-10-22 06:18:00+08,USA,T2,zh-TW,true,,false,false,0,0.0,0.0
U029248,bundle_100_100,2025-10-23 20:20:00+08,B007088,2025-10-24 20:20:00+08,Thailand,T2,ko,true,,false,false,0,0.0,0.0
U017148,airport_150,2025-10-18 09:51:00+08,B000705,2025-10-21 09:51:00+08,Korea,T1,en,true,,false,false,0,0.0,0.0
U019493,bundle_100_100,2025-09-19 07:18:00+08,B017239,2025-09-25 07:18:00+08,Thailand,T1,zh-TW,true,,false,false,0,0.0,0.0
U026202,bundle_100_100,2025-10-22 22:47:00+08,B005262,2025-10-24 22:47:00+08,Korea,T1,en,true,,false,false,0,0.0,0.0
U027638,airport_150,2025-09-08 21:29:00+08,B014778,2025-09-10 21:29:00+08,Singapore,T2,ko,true,,false,false,0,0.0,0.0
U019752,control,2025-09-20 18:56:00+08,B005493,2025-09-23 18:56:00+08,Singapore,T1,ja,true,,false,false,0,0.0,0.0
U013140,airport_150,2025-09-05 02:21:00+08,B015602,2025-09-11 02:21:00+08,USA,T1,zh-TW,true,,false,false,0,0.0,0.0
U023689,bundle_100_100,2025-09-26 23:13:00+08,B013854,2025-09-30 23:13:00+08,USA,T1,zh-TW,true,,false,false,0,0.0,0.0
U000039,bundle_100_100,2025-10-09 23:12:00+08,B014794,2025-10-12 23:12:00+08,Thailand,T1,ko,true,,false,false,0,0.0,0.0
U013600,bundle_100_100,2025-10-13 22:46:00+08,B016042,2025-10-16 22:46:00+08,USA,T1,en,true,,false,false,0,0.0,0.0
U000463,bundle_100_100,2025-09-30 18:25:00+08,B007805,2025-10-02 18:25:00+08,Hong Kong,T2,ja,true,,false,false,0,0.0,0.0
U029122,bundle_100_100,2025-09-16 21:24:00+08,B012639,2025-09-18 21:24:00+08,Singapore,T1,ja,true,,false,false,0,0.0,0.0
U029104,bundle_100_100,2025-09-08 05:21:00+08,B016116,2025-09-12 05:21:00+08,Thailand,T2,ja,true,,false,false,0,0.0,0.0
U020243,bundle_100_100,2025-09-13 11:29:00+08,B005845,2025-09-17 11:29:00+08,USA,T1,ja,true,,false,false,0,0.0,0.0
U001374,bundle_100_100,2025-09-06 15:39:00+08,B001506,2025-09-09 15:39:00+08,Korea,T2,ja,true,,false,false,0,0.0,0.0
U020481,bundle_100_100,2025-10-18 21:17:00+08,B000620,2025-10-20 21:17:00+08,Hong Kong,T2,ja,true,,false,false,0,0.0,0.0
U011483,airport_150,2025-09-13 05:12:00+08,B011776,2025-09-15 05:12:00+08,Hong Kong,T2,ko,true,,false,false,0,0.0,0.0
U006235,airport_150,2025-10-21 05:37:00+08,B014202,2025-10-22 05:37:00+08,Thailand,T2,en,true,,false,false,0,0.0,0.0
U012921,bundle_100_100,2025-09-07 21:51:00+08,B006298,2025-09-09 21:51:00+08,Thailand,T1,en,true,,false,false,0,0.0,0.0
U015707,bundle_100_100,2025-09-12 02:00:00+08,B000007,2025-09-15 02:00:00+08,Thailand,T1,ko,true,,false,false,0,0.0,0.0
U017735,bundle_100_100,2025-09-23 18:44:00+08,B002959,2025-09-25 18:44:00+08,Japan,T1,zh-TW,true,,false,false,0,0.0,0.0
U020048,bundle_100_100,2025-10-15 09:46:00+08,B016694,2025-10-21 09:46:00+08,USA,T2,en,true,,false,false,0,0.0,0.0
U002468,airport_150,2025-09-19 04:53:00+08,B006029,2025-09-25 04:53:00+08,Thailand,T2,ko,true,,false,false,0,0.0,0.0
U004015,airport_150,2025-10-10 21:34:00+08,B006066,2025-10-15 21:34:00+08,Thailand,T1,zh-TW,true,,false,false,0,0.0,0.0
U029895,bundle_100_100,2025-10-18 23:35:00+08,B012783,2025-10-19 23:35:00+08,USA,T1,en,true,,false,false,0,0.0,0.0
U008009,bundle_100_100,2025-09-13 12:51:00+08,B017664,2025-09-18 12:51:00+08,Thailand,T2,ja,true,,false,false,0,0.0,0.0
U007409,bundle_100_100,2025-09-21 18:18:00+08,B004299,2025-09-25 18:18:00+08,Singapore,T1,ko,true,,false,false,0,0.0,0.0
U017737,airport_150,2025-10-15 05:28:00+08,B007343,2025-10-17 05:28:00+08,Japan,T2,ko,true,,false,false,0,0.0,0.0
U009291,bundle_100_100,2025-09-18 08:44:00+08,B013137,2025-09-24 08:44:00+08,Hong Kong,T1,ko,true,,false,false,0,0.0,0.0
U021045,airport_150,2025-09-26 22:50:00+08,B000707,2025-09-28 22:50:00+08,USA,T2,en,true,,false,false,0,0.0,0.0
U000736,bundle_100_100,2025-09-17 20:22:00+08,B013424,2025-09-20 20:22:00+08,Japan,T1,ja,true,,false,false,0,0.0,0.0
U025650,airport_150,2025-09-19 20:33:00+08,B013073,2025-09-20 20:33:00+08,Thailand,T2,zh-TW,true,,false,false,0,0.0,0.0
U026053,airport_150,2025-10-17 21:30:00+08,B010059,2025-10-21 21:30:00+08,Singapore,T1,ko,true,,false,false,0,0.0,0.0
U027518,control,2025-09-06 22:16:00+08,B017979,2025-09-08 22:16:00+08,USA,T1,zh-TW,true,,false,false,0,0.0,0.0
U022914,bundle_100_100,2025-09-05 01:34:00+08,B009670,2025-09-07 01:34:00+08,Thailand,T1,zh-TW,true,,false,false,0,0.0,0.0
U009529,bundle_100_100,2025-09-12 14:25:00+08,B014380,2025-09-18 14:25:00+08,Hong Kong,T2,en,true,,false,false,0,0.0,0.0
U025505,control,2025-10-05 09:32:00+08,B015669,2025-10-11 09:32:00+08,Korea,T1,ko,true,,false,false,0,0.0,0.0
U024908,airport_150,2025-09-27 04:38:00+08,B004531,2025-09-30 04:38:00+08,USA,T2,ja,true,,false,false,0,0.0,0.0
U004173,control,2025-10-18 22:22:00+08,B005339,2025-10-24 22:22:00+08,Korea,T1,ja,true,,false,false,0,0.0,0.0
U007009,bundle_100_100,2025-09-02 12:08:00+08,B010985,2025-09-06 12:08:00+08,Singapore,T2,ja,true,,false,false,0,0.0,0.0
U012601,airport_150,2025-10-11 16:47:00+08,B005555,2025-10-16 16:47:00+08,USA,T1,ko,true,,false,false,0,0.0,0.0
U009184,bundle_100_100,2025-09-03 23:02:00+08,B001600,2025-09-09 23:02:00+08,Japan,T2,ko,true,,false,false,0,0.0,0.0
U010001,bundle_100_100,2025-09-26 21:09:00+08,B003889,2025-09-28 21:09:00+08,Japan,T2,zh-TW,true,,false,false,0,0.0,0.0
U004626,airport_150,2025-09-19 21:04:00+08,B011105,2025-09-22 21:04:00+08,Hong Kong,T2,ja,true,,false,false,0,0.0,0.0
U005553,bundle_100_100,2025-09-15 20:08:00+08,B001165,2025-09-19 20:08:00+08,Hong Kong,T1,en,true,,false,false,0,0.0,0.0
U010919,airport_150,2025-10-23 10:33:00+08,B004402,2025-10-25 10:33:00+08,Singapore,T2,en,true,,false,false,0,0.0,0.0
U024941,control,2025-09-22 07:40:00+08,B008513,2025-09-26 07:40:00+08,Korea,T2,en,true,,false,false,0,0.0,0.0
U016237,control,2025-09-13 19:02:00+08,B015697,2025-09-18 19:02:00+08,Singapore,T2,ko,true,,false,false,0,0.0,0.0
U024423,airport_150,2025-10-09 08:19:00+08,B016072,2025-10-12 08:19:00+08,Japan,T1,en,true,,false,false,0,0.0,0.0
U013665,airport_150,2025-09-27 22:14:00+08,B013059,2025-09-28 22:14:00+08,Japan,T2,ko,true,,false,false,0,0.0,0.0
U021723,bundle_100_100,2025-09-14 21:43:00+08,B003555,2025-09-20 21:43:00+08,Korea,T2,en,true,,false,false,0,0.0,0.0
U027162,bundle_100_100,2025-09-20 15:45:00+08,B012517,2025-09-23 15:45:00+08,Hong Kong,T1,zh-TW,true,,false,false,0,0.0,0.0
U004514,airport_150,2025-09-11 22:46:00+08,B005824,2025-09-14 22:46:00+08,Thailand,T2,en,true,,false,false,0,0.0,0.0
U007357,bundle_100_100,2025-10-18 12:52:00+08,B013053,2025-10-19 12:52:00+08,Hong Kong,T1,zh-TW,true,,false,false,0,0.0,0.0
U007582,airport_150,2025-10-18 21:07:00+08,B015637,2025-10-22 21:07:00+08,USA,T1,zh-TW,true,,false,false,0,0.0,0.0
U018201,bundle_100_100,2025-10-12 22:11:00+08,B017400,2025-10-18 22:11:00+08,Hong Kong,T1,ja,true,,false,false,0,0.0,0.0
U020283,control,2025-09-05 08:45:00+08,B014749,2025-09-06 08:45:00+08,Thailand,T1,zh-TW,true,,false,false,0,0.0,0.0
U009534,bundle_100_100,2025-10-22 11:53:00+08,B000521,2025-10-24 11:53:00+08,Japan,T2,zh-TW,true,,false,false,0,0.0,0.0
U011678,control,2025-09-14 06:34:00+08,B005361,2025-09-19 06:34:00+08,Singapore,T1,zh-TW,true,,false,false,0,0.0,0.0
U012913,control,2025-10-16 21:18:00+08,B014944,2025-10-18 21:18:00+08,Japan,T1,ko,true,,false,false,0,0.0,0.0
U015302,airport_150,2025-10-03 07:21:00+08,B013075,2025-10-06 07:21:00+08,Singapore,T1,ja,true,,false,false,0,0.0,0.0
U008265,bundle_100_100,2025-10-07 09:50:00+08,B010410,2025-10-10 09:50:00+08,USA,T2,ja,true,,false,false,1,85.8,0.0
U012404,bundle_100_100,2025-09-27 11:33:00+08,B004804,2025-09-29 11:33:00+08,Singapore,T2,zh-TW,true,,false,false,0,0.0,0.0
U017580,bundle_100_100,2025-09-02 23:16:00+08,B008594,2025-09-04 23:16:00+08,USA,T2,en,true,,false,false,0,0.0,0.0
U003746,airport_150,2025-09-20 23:30:00+08,B015803,2025-09-22 23:30:00+08,Singapore,T2,ja,true,,false,false,0,0.0,0.0
U027487,bundle_100_100,2025-10-22 19:32:00+08,B013767,2025-10-24 19:32:00+08,Japan,T2,ko,true,,false,false,0,0.0,0.0
U003153,airport_150,2025-09-28 10:00:00+08,B010392,2025-10-03 10:00:00+08,Korea,T1,ja,true,,false,false,0,0.0,0.0
U023048,bundle_100_100,2025-09-28 22:37:00+08,B011142,2025-09-29 22:37:00+08,Korea,T1,zh-TW,true,,false,false,0,0.0,0.0
U024247,airport_150,2025-09-17 16:00:00+08,B000053,2025-09-19 16:00:00+08,Korea,T2,ja,true,,false,false,0,0.0,0.0
U002000,control,2025-10-18 19:37:00+08,B010024,2025-10-21 19:37:00+08,Thailand,T2,ko,true,,false,false,0,0.0,0.0
U004104,bundle_100_100,2025-09-21 07:59:00+08,B014329,2025-09-22 07:59:00+08,Hong Kong,T1,en,true,,false,false,0,0.0,0.0
U012622,airport_150,2025-09-01 07:16:00+08,B017842,2025-09-04 07:16:00+08,Korea,T2,ja,true,,false,false,0,0.0,0.0
U015566,airport_150,2025-10-01 21:19:00+08,B014147,2025-10-02 21:19:00+08,Korea,T2,zh-TW,true,,false,false,0,0.0,0.0
U018417,airport_150,2025-10-04 06:59:00+08,B001831,2025-10-10 06:59:00+08,Korea,T2,ja,true,,false,false,0,0.0,0.0
U001552,bundle_100_100,2025-09-18 06:15:00+08,B010428,2025-09-19 06:15:00+08,Singapore,T1,ja,true,,false,false,0,0.0,0.0
U014311,airport_150,2025-09-16 20:38:00+08,B008373,2025-09-20 20:38:00+08,Hong Kong,T2,ko,true,,false,false,0,0.0,0.0
U028944,airport_150,2025-09-01 09:34:00+08,B013152,2025-09-07 09:34:00+08,Thailand,T1,zh-TW,true,,false,false,0,0.0,0.0
U001404,bundle_100_100,2025-10-23 06:34:00+08,B004607,2025-10-26 06:34:00+08,Japan,T2,ja,true,,false,false,0,0.0,0.0
U010632,airport_150,2025-09-18 06:06:00+08,B005121,2025-09-20 06:06:00+08,Korea,T1,zh-TW,true,,false,false,0,0.0,0.0
U003741,airport_150,2025-10-16 20:35:00+08,B008615,2025-10-20 20:35:00+08,Hong Kong,T2,zh-TW,true,,false,false,0,0.0,0.0
U008129,airport_150,2025-09-07 12:45:00+08,B008493,2025-09-12 12:45:00+08,Japan,T1,ko,true,,false,false,0,0.0,0.0
U021677,airport_150,2025-10-13 21:29:00+08,B016395,2025-10-16 21:29:00+08,Thailand,T2,ko,true,,false,false,0,0.0,0.0
U011753,airport_150,2025-10-05 22:14:00+08,B015843,2025-10-08 22:14:00+08,Hong Kong,T2,ja,true,,false,false,0,0.0,0.0
U028752,airport_150,2025-09-05 18:34:00+08,B001053,2025-09-10 18:34:00+08,Japan,T2,ja,true,,false,false,0,0.0,0.0
U006329,airport_150,2025-10-16 14:44:00+08,B008901,2025-10-17 14:44:00+08,Hong Kong,T2,zh-TW,true,,false,false,0,0.0,0.0
U014642,control,2025-09-01 09:35:00+08,B010685,2025-09-07 09:35:00+08,Thailand,T1,ko,true,,false,false,0,0.0,0.0
U011730,bundle_100_100,2025-09-30 06:46:00+08,B012539,2025-10-06 06:46:00+08,Thailand,T1,ja,true,,false,false,0,0.0,0.0
U002247,bundle_100_100,2025-09-02 10:24:00+08,B009704,2025-09-03 10:24:00+08,Thailand,T2,zh-TW,true,,false,false,0,0.0,0.0
U009774,airport_150,2025-09-23 06:11:00+08,B013012,2025-09-26 06:11:00+08,Korea,T2,ja,true,,false,false,0,0.0,0.0
U017546,bundle_100_100,2025-10-06 16:46:00+08,B006843,2025-10-08 16:46:00+08,Hong Kong,T1,ko,true,,false,false,0,0.0,0.0
U013021,airport_150,2025-09-14 00:52:00+08,B008579,2025-09-17 00:52:00+08,Korea,T1,en,true,,false,false,0,0.0,0.0
U010796,airport_150,2025-09-05 23:42:00+08,B014443,2025-09-07 23:42:00+08,USA,T1,ko,true,,false,false,0,0.0,0.0
U015999,bundle_100_100,2025-09-07 12:55:00+08,B005234,2025-09-12 12:55:00+08,USA,T1,ko,true,,false,false,0,0.0,0.0
U020254,bundle_100_100,2025-09-22 22:26:00+08,B007262,2025-09-26 22:26:00+08,Singapore,T1,zh-TW,true,,false,false,0,0.0,0.0
U007573,bundle_100_100,2025-09-28 07:31:00+08,B012451,2025-10-02 07:31:00+08,Japan,T1,ko,true,,false,false,0,0.0,0.0
U007683,airport_150,2025-10-07 22:59:00+08,B008175,2025-10-09 22:59:00+08,USA,T1,ja,true,,false,false,0,0.0,0.0
U013391,bundle_100_100,2025-10-10 21:52:00+08,B001363,2025-10-11 21:52:00+08,Thailand,T2,ko,true,,false,false,0,0.0,0.0
U016031,airport_150,2025-09-15 04:28:00+08,B010446,2025-09-17 04:28:00+08,USA,T2,ja,true,,false,false,0,0.0,0.0
U001736,airport_150,2025-09-19 22:18:00+08,B016143,2025-09-22 22:18:00+08,USA,T2,ja,true,,false,false,1,247.2,0.0
U020605,airport_150,2025-10-03 21:51:00+08,B000435,2025-10-04 21:51:00+08,Japan,T1,en,true,,false,false,0,0.0,0.0
U014115,bundle_100_100,2025-10-14 23:03:00+08,B013378,2025-10-15 23:03:00+08,USA,T2,en,true,,false,false,0,0.0,0.0
U018736,airport_150,2025-09-12 20:46:00+08,B002474,2025-09-18 20:46:00+08,Hong Kong,T1,ko,true,,false,false,0,0.0,0.0
U022531,bundle_100_100,2025-09-10 23:26:00+08,B016550,2025-09-15 23:26:00+08,Singapore,T1,zh-TW,true,,false,false,0,0.0,0.0
U004765,airport_150,2025-09-28 09:23:00+08,B014711,2025-09-29 09:23:00+08,Thailand,T1,zh-TW,true,,false,false,0,0.0,0.0
U018457,bundle_100_100,2025-10-14 23:10:00+08,B003430,2025-10-17 23:10:00+08,Japan,T1,zh-TW,true,,false,false,0,0.0,0.0
U012615,airport_150,2025-09-11 09:03:00+08,B004387,2025-09-17 09:03:00+08,Korea,T1,ja,true,,false,false,0,0.0,0.0
U014846,airport_150,2025-09-17 19:35:00+08,B006173,2025-09-23 19:35:00+08,Singapore,T2,zh-TW,true,,false,false,0,0.0,0.0
U009669,airport_150,2025-10-21 01:31:00+08,B008593,2025-10-24 01:31:00+08,USA,T1,zh-TW,true,,false,false,0,0.0,0.0
U012714,airport_150,2025-09-03 08:19:00+08,B002972,2025-09-09 08:19:00+08,Korea,T2,en,true,,false,false,0,0.0,0.0
U027570,bundle_100_100,2025-09-10 17:40:00+08,B003337,2025-09-11 17:40:00+08,Hong Kong,T1,ko,true,,false,false,0,0.0,0.0
U001999,bundle_100_100,2025-10-20 03:13:00+08,B006120,2025-10-21 03:13:00+08,Hong Kong,T2,ko,true,,false,false,0,0.0,0.0
U013301,airport_150,2025-10-15 18:52:00+08,B016560,2025-10-17 18:52:00+08,Korea,T2,zh-TW,true,,false,false,0,0.0,0.0
U000964,airport_150,2025-09-20 09:52:00+08,B009762,2025-09-26 09:52:00+08,Singapore,T1,en,true,,false,false,0,0.0,0.0
U019260,bundle_100_100,2025-10-19 16:16:00+08,B007549,2025-10-25 16:16:00+08,Singapore,T2,zh-TW,true,,false,false,0,0.0,0.0
U027646,airport_150,2025-09-05 16:23:00+08,B009396,2025-09-10 16:23:00+08,Japan,T2,zh-TW,true,,false,false,0,0.0,0.0
U022019,airport_150,2025-10-21 22:06:00+08,B013104,2025-10-23 22:06:00+08,USA,T1,ja,true,,false,false,0,0.0,0.0
U007782,bundle_100_100,2025-10-08 13:59:00+08,B008391,2025-10-13 13:59:00+08,Hong Kong,T1,en,true,,false,false,0,0.0,0.0
U026369,airport_150,2025-09-10 12:25:00+08,B013716,2025-09-13 12:25:00+08,Hong Kong,T2,zh-TW,true,,false,false,0,0.0,0.0
U026917,airport_150,2025-09-22 05:01:00+08,B003869,2025-09-24 05:01:00+08,Thailand,T2,zh-TW,true,,false,false,0,0.0,0.0
U000149,airport_150,2025-10-17 09:26:00+08,B014090,2025-10-19 09:26:00+08,Hong Kong,T1,ko,true,,false,false,0,0.0,0.0
U020469,airport_150,2025-09-28 08:23:00+08,B005221,2025-09-29 08:23:00+08,USA,T1,en,true,,false,false,0,0.0,0.0
U014810,bundle_100_100,2025-09-26 12:56:00+08,B016082,2025-09-27 12:56:00+08,Singapore,T1,ko,true,,false,false,0,0.0,0.0
U022975,airport_150,2025-09-16 20:58:00+08,B015678,2025-09-22 20:58:00+08,USA,T2,ko,true,,false,false,0,0.0,0.0
U011849,airport_150,2025-10-03 22:17:00+08,B016200,2025-10-04 22:17:00+08,Thailand,T1,en,true,,false,false,0,0.0,0.0
U007655,control,2025-09-29 06:20:00+08,B005565,2025-10-01 06:20:00+08,Hong Kong,T1,ko,true,,false,false,0,0.0,0.0
U018690,bundle_100_100,2025-10-13 02:10:00+08,B009217,2025-10-15 02:10:00+08,Thailand,T2,ko,true,,false,false,0,0.0,0.0
U026095,bundle_100_100,2025-10-06 09:01:00+08,B001353,2025-10-12 09:01:00+08,Korea,T1,en,true,,false,false,0,0.0,0.0
U017646,airport_150,2025-09-15 22:53:00+08,B011855,2025-09-16 22:53:00+08,Singapore,T1,en,true,,false,false,0,0.0,0.0
U019837,airport_150,2025-10-20 06:09:00+08,B004097,2025-10-25 06:09:00+08,Hong Kong,T2,ko,true,,false,false,0,0.0,0.0
U004832,bundle_100_100,2025-09-30 23:52:00+08,B000432,2025-10-05 23:52:00+08,Thailand,T1,ja,true,,false,false,0,0.0,0.0
U026031,bundle_100_100,2025-09-24 04:39:00+08,B010888,2025-09-28 04:39:00+08,Korea,T2,ko,true,,false,false,1,199.79999999999998,0.0
U019313,airport_150,2025-09-16 05:32:00+08,B007874,2025-09-18 05:32:00+08,Japan,T1,ja,true,,false,false,0,0.0,0.0
U022190,bundle_100_100,2025-10-05 20:55:00+08,B012550,2025-10-10 20:55:00+08,Singapore,T1,en,true,,false,false,0,0.0,0.0
U009808,control,2025-10-15 06:51:00+08,B013979,2025-10-21 06:51:00+08,Singapore,T1,ko,true,,false,false,0,0.0,0.0
U011262,bundle_100_100,2025-09-03 13:18:00+08,B000011,2025-09-08 13:18:00+08,Korea,T1,en,true,,false,false,0,0.0,0.0
U013764,bundle_100_100,2025-09-10 00:20:00+08,B003025,2025-09-14 00:20:00+08,USA,T1,ja,true,,false,false,0,0.0,0.0
U024004,airport_150,2025-09-16 23:33:00+08,B007520,2025-09-20 23:33:00+08,Japan,T1,zh-TW,true,,false,false,0,0.0,0.0
U006461,airport_150,2025-10-11 09:03:00+08,B001052,2025-10-17 09:03:00+08,Singapore,T2,ja,true,,false,false,0,0.0,0.0
U023156,airport_150,2025-10-15 06:58:00+08,B015661,2025-10-18 06:58:00+08,Thailand,T2,ko,true,,false,false,0,0.0,0.0
U000493,control,2025-09-12 00:37:00+08,B009374,2025-09-16 00:37:00+08,Japan,T1,ja,true,,false,false,0,0.0,0.0
U006859,airport_150,2025-10-01 07:39:00+08,B017539,2025-10-06 07:39:00+08,Thailand,T1,en,true,,false,false,0,0.0,0.0
U015099,airport_150,2025-09-22 21:05:00+08,B003158,2025-09-25 21:05:00+08,Hong Kong,T1,ko,true,,false,false,0,0.0,0.0
U012759,control,2025-09-08 07:31:00+08,B009358,2025-09-10 07:31:00+08,Singapore,T1,ko,true,,false,false,0,0.0,0.0
U026708,bundle_100_100,2025-09-22 14:21:00+08,B009054,2025-09-25 14:21:00+08,Thailand,T1,en,true,,false,false,0,0.0,0.0
U013712,airport_150,2025-10-19 07:45:00+08,B012766,2025-10-23 07:45:00+08,Japan,T2,ja,true,,false,false,0,0.0,0.0
U012315,bundle_100_100,2025-10-08 16:04:00+08,B007482,2025-10-09 16:04:00+08,USA,T1,ko,true,,false,false,0,0.0,0.0
U018542,bundle_100_100,2025-09-28 05:15:00+08,B011284,2025-10-03 05:15:00+08,Singapore,T2,en,true,,false,false,0,0.0,0.0
U017199,bundle_100_100,2025-10-19 12:24:00+08,B007275,2025-10-20 12:24:00+08,USA,T2,en,true,,false,false,0,0.0,0.0
U024906,bundle_100_100,2025-09-09 21:41:00+08,B013876,2025-09-15 21:41:00+08,Japan,T2,ko,true,,false,false,0,0.0,0.0
U027983,control,2025-09-01 21:46:00+08,B001669,2025-09-02 21:46:00+08,Thailand,T2,ko,true,,false,false,1,140.7,0.0
U013691,bundle_100_100,2025-09-20 04:15:00+08,B002679,2025-09-23 04:15:00+08,USA,T1,ja,true,,false,false,0,0.0,0.0
U025011,airport_150,2025-09-25 06:39:00+08,B011009,2025-09-28 06:39:00+08,Hong Kong,T1,ko,true,,false,false,0,0.0,0.0
U002474,bundle_100_100,2025-09-30 07:58:00+08,B008075,2025-10-03 07:58:00+08,Thailand,T1,ko,true,,false,false,0,0.0,0.0
U020640,bundle_100_100,2025-09-01 21:50:00+08,B001450,2025-09-07 21:50:00+08,Thailand,T2,ja,true,,false,false,0,0.0,0.0
U026077,bundle_100_100,2025-09-06 06:02:00+08,B010548,2025-09-09 06:02:00+08,Korea,T1,ko,true,,false,false,0,0.0,0.0
U007574,bundle_100_100,2025-09-19 03:57:00+08,B012641,2025-09-21 03:57:00+08,Thailand,T1,ko,true,,false,false,0,0.0,0.0
U020425,bundle_100_100,2025-10-20 23:30:00+08,B016169,2025-10-25 23:30:00+08,Hong Kong,T2,zh-TW,true,,false,false,0,0.0,0.0
U006920,bundle_100_100,2025-09-21 07:57:00+08,B016135,2025-09-26 07:57:00+08,Korea,T1,ja,true,,false,false,0,0.0,0.0
U011754,airport_150,2025-09-19 22:10:00+08,B000499,2025-09-22 22:10:00+08,Thailand,T1,en,true,,false,false,0,0.0,0.0
U022419,bundle_100_100,2025-10-12 08:03:00+08,B010701,2025-10-15 08:03:00+08,Korea,T1,en,true,,false,false,0,0.0,0.0
U016039,bundle_100_100,2025-10-04 08:06:00+08,B000144,2025-10-07 08:06:00+08,Japan,T2,zh-TW,true,,false,false,0,0.0,0.0
U007792,airport_150,2025-10-16 01:55:00+08,B005725,2025-10-21 01:55:00+08,Korea,T1,ja,true,,false,false,0,0.0,0.0
U000854,bundle_100_100,2025-10-15 12:40:00+08,B002512,2025-10-16 12:40:00+08,USA,T1,ja,true,,false,false,0,0.0,0.0
U015331,airport_150,2025-09-30 07:37:00+08,B004852,2025-10-02 07:37:00+08,USA,T1,ja,true,,false,false,1,55.5,0.0
U003040,control,2025-09-12 09:45:00+08,B016770,2025-09-17 09:45:00+08,USA,T2,ja,true,,false,false,0,0.0,0.0
U021140,airport_150,2025-09-22 08:21:00+08,B012720,2025-09-27 08:21:00+08,Singapore,T2,zh-TW,true,,false,false,0,0.0,0.0
U023539,control,2025-09-29 07:31:00+08,B005597,2025-10-03 07:31:00+08,Thailand,T1,ko,true,,false,false,0,0.0,0.0
U011691,bundle_100_100,2025-09-13 10:40:00+08,B010923,2025-09-14 10:40:00+08,Thailand,T2,ko,true,,false,false,0,0.0,0.0
U028156,airport_150,2025-09-16 23:47:00+08,B013736,2025-09-22 23:47:00+08,Thailand,T2,ko,true,,false,false,0,0.0,0.0
U001585,control,2025-09-10 05:32:00+08,B012185,2025-09-11 05:32:00+08,Korea,T1,ja,true,,false,false,1,189.6,0.0
U024288,airport_150,2025-10-03 15:38:00+08,B007334,2025-10-07 15:38:00+08,Thailand,T2,zh-TW,true,,false,false,0,0.0,0.0
U004432,airport_150,2025-10-18 21:43:00+08,B011088,2025-10-22 21:43:00+08,Thailand,T2,en,true,,false,false,0,0.0,0.0
U004957,airport_150,2025-10-19 13:10:00+08,B007430,2025-10-22 13:10:00+08,Hong Kong,T1,ja,true,,false,false,0,0.0,0.0
U016186,bundle_100_100,2025-10-04 22:13:00+08,B011309,2025-10-06 22:13:00+08,Japan,T2,ja,true,,false,false,0,0.0,0.0
U026514,airport_150,2025-09-12 18:43:00+08,B011814,2025-09-18 18:43:00+08,Thailand,T1,zh-TW,true,,false,false,0,0.0,0.0
U017818,control,2025-10-04 05:33:00+08,B010181,2025-10-08 05:33:00+08,USA,T1,en,true,,false,false,0,0.0,0.0
U013619,bundle_100_100,2025-09-03 06:36:00+08,B014435,2025-09-04 06:36:00+08,Korea,T1,zh-TW,true,,false,false,0,0.0,0.0
U026050,bundle_100_100,2025-10-04 05:41:00+08,B002340,2025-10-05 05:41:00+08,Japan,T1,zh-TW,true,,false,false,0,0.0,0.0
U026060,bundle_100_100,2025-10-13 08:50:00+08,B016525,2025-10-18 08:50:00+08,Singapore,T2,ko,true,,false,false,0,0.0,0.0
U020889,airport_150,2025-09-22 01:07:00+08,B000081,2025-09-28 01:07:00+08,Korea,T1,ja,true,,false,false,0,0.0,0.0
U027231,airport_150,2025-09-29 09:12:00+08,B000296,2025-10-05 09:12:00+08,Korea,T1,ja,true,,false,false,1,350.09999999999997,0.0
U021410,airport_150,2025-09-03 20:43:00+08,B014141,2025-09-04 20:43:00+08,Thailand,T1,zh-TW,true,,false,false,0,0.0,0.0
U002698,airport_150,2025-10-11 09:55:00+08,B013759,2025-10-17 09:55:00+08,Hong Kong,T2,en,true,,false,false,0,0.0,0.0
U015332,airport_150,2025-10-14 19:16:00+08,B006974,2025-10-16 19:16:00+08,Singapore,T2,ko,true,,false,false,0,0.0,0.0
U006468,control,2025-10-14 06:33:00+08,B009546,2025-10-18 06:33:00+08,Korea,T1,en,true,,false,false,0,0.0,0.0
U019845,control,2025-09-16 23:00:00+08,B006447,2025-09-18 23:00:00+08,Singapore,T1,en,true,,false,false,0,0.0,0.0
U018443,airport_150,2025-09-24 23:15:00+08,B013030,2025-09-30 23:15:00+08,Japan,T2,ko,true,,false,false,0,0.0,0.0
U001254,airport_150,2025-09-04 22:06:00+08,B012262,2025-09-09 22:06:00+08,Singapore,T2,en,true,,false,false,0,0.0,0.0
U017398,bundle_100_100,2025-09-18 20:36:00+08,B009357,2025-09-19 20:36:00+08,Korea,T2,zh-TW,true,,false,false,0,0.0,0.0
U021073,bundle_100_100,2025-10-01 09:08:00+08,B008908,2025-10-04 09:08:00+08,Singapore,T2,zh-TW,true,,false,false,0,0.0,0.0
U026068,bundle_100_100,2025-09-21 21:49:00+08,B008816,2025-09-23 21:49:00+08,Korea,T1,en,true,,false,false,0,0.0,0.0
U015738,airport_150,2025-10-12 14:23:00+08,B003767,2025-10-17 14:23:00+08,Korea,T1,ja,true,,false,false,0,0.0,0.0
U017003,bundle_100_100,2025-10-22 09:06:00+08,B009758,2025-10-23 09:06:00+08,Japan,T2,en,true,,false,false,0,0.0,0.0
U019746,bundle_100_100,2025-09-08 01:08:00+08,B000467,2025-09-13 01:08:00+08,Korea,T1,en,true,,false,false,0,0.0,0.0
U021511,bundle_100_100,2025-09-27 00:09:00+08,B006771,2025-10-01 00:09:00+08,Hong Kong,T1,en,true,,false,false,0,0.0,0.0
U024929,airport_150,2025-09-13 23:29:00+08,B004298,2025-09-15 23:29:00+08,Japan,T1,en,true,,false,false,0,0.0,0.0
U002117,bundle_100_100,2025-10-09 22:25:00+08,B010154,2025-10-10 22:25:00+08,Singapore,T1,ja,true,,false,false,0,0.0,0.0
U004696,bundle_100_100,2025-09-03 19:06:00+08,B007013,2025-09-09 19:06:00+08,Hong Kong,T2,ko,true,,false,false,0,0.0,0.0
U007403,airport_150,2025-10-07 01:43:00+08,B013573,2025-10-13 01:43:00+08,Hong Kong,T1,ko,true,,false,false,0,0.0,0.0
U013746,airport_150,2025-09-22 06:13:00+08,B001275,2025-09-25 06:13:00+08,Hong Kong,T1,ko,true,,false,false,0,0.0,0.0
U007181,airport_150,2025-10-04 22:31:00+08,B006567,2025-10-06 22:31:00+08,Korea,T1,ja,true,,false,false,0,0.0,0.0
U007200,airport_150,2025-09-15 04:48:00+08,B011159,2025-09-21 04:48:00+08,USA,T1,ko,true,,false,false,0,0.0,0.0
U010327,control,2025-09-14 06:01:00+08,B009802,2025-09-15 06:01:00+08,Singapore,T1,ko,true,,false,false,0,0.0,0.0
U025809,airport_150,2025-10-13 23:23:00+08,B013427,2025-10-17 23:23:00+08,Thailand,T2,zh-TW,true,,false,false,0,0.0,0.0
U027665,airport_150,2025-10-13 07:35:00+08,B015244,2025-10-15 07:35:00+08,Hong Kong,T1,zh-TW,true,,false,false,0,0.0,0.0
U015349,bundle_100_100,2025-09-22 13:19:00+08,B005068,2025-09-23 13:19:00+08,Singapore,T2,zh-TW,true,,false,false,0,0.0,0.0
U006507,bundle_100_100,2025-09-05 20:45:00+08,B005106,2025-09-07 20:45:00+08,Hong Kong,T1,en,true,,false,false,1,233.7,0.0
U010231,bundle_100_100,2025-09-22 21:46:00+08,B008240,2025-09-28 21:46:00+08,Thailand,T1,ko,true,,false,false,1,36.0,0.0
U010899,bundle_100_100,2025-10-03 04:14:00+08,B009193,2025-10-08 04:14:00+08,Thailand,T2,ko,true,,false,false,0,0.0,0.0
U006965,airport_150,2025-09-20 06:31:00+08,B011440,2025-09-24 06:31:00+08,Singapore,T1,ko,true,,false,false,0,0.0,0.0
U025575,airport_150,2025-09-23 11:33:00+08,B006643,2025-09-28 11:33:00+08,Korea,T1,en,true,,false,false,0,0.0,0.0
U008529,bundle_100_100,2025-09-17 08:57:00+08,B007985,2025-09-20 08:57:00+08,Singapore,T1,ja,true,,false,false,0,0.0,0.0
U023281,airport_150,2025-09-11 02:56:00+08,B016676,2025-09-13 02:56:00+08,Singapore,T1,zh-TW,true,,false,false,0,0.0,0.0
U026719,airport_150,2025-09-27 08:22:00+08,B010747,2025-10-03 08:22:00+08,Hong Kong,T2,en,true,,false,false,0,0.0,0.0
U008957,bundle_100_100,2025-09-12 20:17:00+08,B010607,2025-09-14 20:17:00+08,Japan,T2,en,true,,false,false,0,0.0,0.0
U029501,airport_150,2025-10-16 22:21:00+08,B001322,2025-10-22 22:21:00+08,Hong Kong,T1,ja,true,,false,false,0,0.0,0.0
U018431,airport_150,2025-09-25 23:54:00+08,B012876,2025-09-30 23:54:00+08,USA,T2,ja,true,,false,false,0,0.0,0.0
U029648,bundle_100_100,2025-09-17 23:01:00+08,B011260,2025-09-20 23:01:00+08,Singapore,T1,zh-TW,true,,false,false,0,0.0,0.0
U003700,bundle_100_100,2025-10-05 21:28:00+08,B002535,2025-10-11 21:28:00+08,Korea,T2,en,true,,false,false,0,0.0,0.0
U020782,control,2025-10-06 08:59:00+08,B014394,2025-10-07 08:59:00+08,USA,T2,ko,true,,false,false,0,0.0,0.0
U007710,airport_150,2025-09-09 07:54:00+08,B016025,2025-09-14 07:54:00+08,Japan,T2,ja,true,,false,false,0,0.0,0.0
U013141,bundle_100_100,2025-09-22 17:37:00+08,B012744,2025-09-24 17:37:00+08,Japan,T2,en,true,,false,false,0,0.0,0.0
U018816,bundle_100_100,2025-09-15 06:20:00+08,B004252,2025-09-20 06:20:00+08,Singapore,T2,ja,true,,false,false,0,0.0,0.0
U020844,control,2025-09-16 05:36:00+08,B005185,2025-09-19 05:36:00+08,Thailand,T1,ja,true,,false,false,0,0.0,0.0
U023279,airport_150,2025-09-11 19:49:00+08,B017965,2025-09-17 19:49:00+08,USA,T1,en,true,,false,false,1,71.1,0.0
U003871,bundle_100_100,2025-09-13 21:35:00+08,B003732,2025-09-15 21:35:00+08,USA,T2,en,true,,false,false,0,0.0,0.0
U008823,airport_150,2025-09-18 21:03:00+08,B016637,2025-09-20 21:03:00+08,Singapore,T2,zh-TW,true,,false,false,0,0.0,0.0
U015942,bundle_100_100,2025-09-06 23:16:00+08,B010270,2025-09-09 23:16:00+08,Singapore,T1,en,true,,false,false,0,0.0,0.0
U020932,airport_150,2025-09-28 23:54:00+08,B011994,2025-09-29 23:54:00+08,Korea,T2,ko,true,,false,false,0,0.0,0.0
U004034,bundle_100_100,2025-10-03 06:14:00+08,B007261,2025-10-05 06:14:00+08,USA,T1,ja,true,,false,false,0,0.0,0.0
U015495,airport_150,2025-09-02 23:05:00+08,B003281,2025-09-08 23:05:00+08,Singapore,T2,ja,true,,false,false,0,0.0,0.0
U029593,airport_150,2025-09-21 15:13:00+08,B001434,2025-09-26 15:13:00+08,Thailand,T1,zh-TW,true,,false,false,0,0.0,0.0
U002553,airport_150,2025-10-18 05:16:00+08,B002940,2025-10-22 05:16:00+08,Japan,T1,zh-TW,true,,false,false,0,0.0,0.0
U018168,bundle_100_100,2025-09-16 03:02:00+08,B001469,2025-09-17 03:02:00+08,Korea,T2,zh-TW,true,,false,false,0,0.0,0.0
U003477,airport_150,2025-09-04 20:56:00+08,B000200,2025-09-09 20:56:00+08,Thailand,T1,en,true,,false,false,0,0.0,0.0
U015245,airport_150,2025-10-12 05:38:00+08,B000964,2025-10-16 05:38:00+08,Korea,T1,ja,true,,false,false,0,0.0,0.0
U005158,airport_150,2025-10-14 01:08:00+08,B001969,2025-10-19 01:08:00+08,Hong Kong,T2,zh-TW,true,,false,false,0,0.0,0.0
U022887,airport_150,2025-10-09 19:03:00+08,B001454,2025-10-12 19:03:00+08,Singapore,T2,zh-TW,true,,false,false,0,0.0,0.0
U022917,airport_150,2025-09-21 21:49:00+08,B002519,2025-09-25 21:49:00+08,Singapore,T1,zh-TW,true,,false,false,0,0.0,0.0
U005228,bundle_100_100,2025-09-27 22:12:00+08,B006825,2025-09-29 22:12:00+08,Hong Kong,T2,ko,true,,false,false,0,0.0,0.0
U005605,bundle_100_100,2025-10-13 12:54:00+08,B015735,2025-10-16 12:54:00+08,Singapore,T2,ja,true,,false,false,0,0.0,0.0
U026064,airport_150,2025-09-25 21:02:00+08,B013174,2025-10-01 21:02:00+08,USA,T1,zh-TW,true,,false,false,0,0.0,0.0
U010529,bundle_100_100,2025-10-21 21:36:00+08,B005085,2025-10-25 21:36:00+08,Japan,T1,ja,true,,false,false,0,0.0,0.0
U020379,airport_150,2025-09-14 03:10:00+08,B011481,2025-09-18 03:10:00+08,Singapore,T1,ko,true,,false,false,0,0.0,0.0
U003128,airport_150,2025-09-06 23:48:00+08,B008085,2025-09-10 23:48:00+08,USA,T2,ja,true,,false,false,0,0.0,0.0
U017722,airport_150,2025-09-19 20:25:00+08,B011128,2025-09-21 20:25:00+08,Korea,T1,zh-TW,true,,false,false,0,0.0,0.0
U003090,airport_150,2025-09-04 21:51:00+08,B004707,2025-09-05 21:51:00+08,Thailand,T2,en,true,,false,false,0,0.0,0.0
U001521,airport_150,2025-09-18 09:43:00+08,B011841,2025-09-20 09:43:00+08,USA,T2,ko,true,,false,false,0,0.0,0.0
U022090,bundle_100_100,2025-09-13 06:08:00+08,B003831,2025-09-14 06:08:00+08,USA,T1,en,true,,false,false,0,0.0,0.0
U022808,airport_150,2025-09-30 09:43:00+08,B017390,2025-10-01 09:43:00+08,Japan,T1,ja,true,,false,false,0,0.0,0.0
U023200,airport_150,2025-09-12 18:51:00+08,B012836,2025-09-18 18:51:00+08,Hong Kong,T1,en,true,,false,false,0,0.0,0.0
U029887,bundle_100_100,2025-09-15 05:43:00+08,B006696,2025-09-16 05:43:00+08,Hong Kong,T2,en,true,,false,false,0,0.0,0.0
U024239,bundle_100_100,2025-09-28 08:06:00+08,B006496,2025-10-03 08:06:00+08,Thailand,T2,ja,true,,false,false,1,35.4,0.0
U009437,control,2025-10-18 21:23:00+08,B015799,2025-10-24 21:23:00+08,Hong Kong,T1,ko,true,,false,false,0,0.0,0.0
U013251,airport_150,2025-09-10 06:48:00+08,B002774,2025-09-16 06:48:00+08,Hong Kong,T1,zh-TW,true,,false,false,0,0.0,0.0
U017285,airport_150,2025-10-07 06:43:00+08,B010391,2025-10-08 06:43:00+08,Hong Kong,T2,zh-TW,true,,false,false,0,0.0,0.0
U009569,airport_150,2025-09-17 08:46:00+08,B000444,2025-09-21 08:46:00+08,Hong Kong,T1,zh-TW,true,,false,false,0,0.0,0.0
U001441,bundle_100_100,2025-09-05 21:19:00+08,B010639,2025-09-10 21:19:00+08,Hong Kong,T1,en,true,,false,false,0,0.0,0.0
U020187,airport_150,2025-09-15 22:19:00+08,B001563,2025-09-16 22:19:00+08,Singapore,T2,ko,true,,false,false,0,0.0,0.0
U000877,bundle_100_100,2025-10-15 01:47:00+08,B016033,2025-10-21 01:47:00+08,Thailand,T1,ko,true,,false,false,0,0.0,0.0
U001500,airport_150,2025-09-28 20:59:00+08,B014061,2025-10-01 20:59:00+08,Thailand,T2,ja,true,,false,false,0,0.0,0.0
U029198,airport_150,2025-09-12 00:23:00+08,B002816,2025-09-13 00:23:00+08,Korea,T2,ko,true,,false,false,0,0.0,0.0
U016403,bundle_100_100,2025-10-13 09:50:00+08,B013447,2025-10-17 09:50:00+08,Japan,T1,ko,true,,false,false,0,0.0,0.0
U008514,bundle_100_100,2025-09-10 21:36:00+08,B013783,2025-09-13 21:36:00+08,Hong Kong,T1,ko,true,,false,false,0,0.0,0.0
U008548,bundle_100_100,2025-09-23 05:35:00+08,B014910,2025-09-28 05:35:00+08,Japan,T2,zh-TW,true,,false,false,0,0.0,0.0
U021313,bundle_100_100,2025-09-11 10:36:00+08,B005628,2025-09-12 10:36:00+08,Hong Kong,T2,en,true,,false,false,1,161.1,0.0
U028522,airport_150,2025-09-23 09:42:00+08,B010766,2025-09-27 09:42:00+08,Korea,T2,zh-TW,true,,false,false,0,0.0,0.0
U012348,bundle_100_100,2025-09-08 22:06:00+08,B002344,2025-09-12 22:06:00+08,USA,T2,zh-TW,true,,false,false,0,0.0,0.0
U029960,airport_150,2025-09-27 22:37:00+08,B006870,2025-10-01 22:37:00+08,USA,T2,en,true,,false,false,0,0.0,0.0
U013288,airport_150,2025-09-05 14:02:00+08,B005135,2025-09-08 14:02:00+08,USA,T2,en,true,,false,false,0,0.0,0.0
U027202,airport_150,2025-09-01 09:46:00+08,B014059,2025-09-07 09:46:00+08,Singapore,T1,ko,true,,false,false,0,0.0,0.0
U001459,bundle_100_100,2025-10-10 23:30:00+08,B014846,2025-10-12 23:30:00+08,USA,T2,ja,true,,false,false,0,0.0,0.0
U004069,airport_150,2025-10-13 09:51:00+08,B002392,2025-10-16 09:51:00+08,Thailand,T2,ko,true,,false,false,0,0.0,0.0
U025754,airport_150,2025-09-28 00:31:00+08,B016443,2025-10-01 00:31:00+08,Singapore,T1,ko,true,,false,false,0,0.0,0.0
U029872,airport_150,2025-09-25 18:07:00+08,B012336,2025-09-28 18:07:00+08,Singapore,T1,zh-TW,true,,false,false,0,0.0,0.0
U000938,airport_150,2025-09-20 07:55:00+08,B012753,2025-09-22 07:55:00+08,Singapore,T2,ja,true,,false,false,0,0.0,0.0
U012471,bundle_100_100,2025-09-19 18:07:00+08,B003143,2025-09-23 18:07:00+08,Korea,T2,ja,true,,false,false,0,0.0,0.0
U013747,airport_150,2025-10-04 19:39:00+08,B014585,2025-10-07 19:39:00+08,Thailand,T2,ko,true,,false,false,0,0.0,0.0
U015293,bundle_100_100,2025-09-15 21:48:00+08,B017838,2025-09-17 21:48:00+08,Singapore,T1,ko,true,,false,false,0,0.0,0.0
U026422,control,2025-09-15 03:23:00+08,B011347,2025-09-21 03:23:00+08,Thailand,T1,ja,true,,false,false,0,0.0,0.0
U027045,bundle_100_100,2025-09-27 08:57:00+08,B015494,2025-09-29 08:57:00+08,Thailand,T2,zh-TW,true,,false,false,0,0.0,0.0
U006036,control,2025-09-12 06:51:00+08,B017422,2025-09-15 06:51:00+08,Korea,T2,ja,true,,false,false,0,0.0,0.0
U023833,bundle_100_100,2025-10-16 22:25:00+08,B003193,2025-10-18 22:25:00+08,Thailand,T2,ja,true,,false,false,0,0.0,0.0
U006959,control,2025-09-28 07:30:00+08,B017784,2025-09-30 07:30:00+08,Korea,T2,zh-TW,true,,false,false,0,0.0,0.0
U007993,bundle_100_100,2025-09-10 20:18:00+08,B004126,2025-09-13 20:18:00+08,USA,T2,zh-TW,true,,false,false,0,0.0,0.0
U015500,airport_150,2025-10-07 06:58:00+08,B003449,2025-10-12 06:58:00+08,Korea,T1,zh-TW,true,,false,false,0,0.0,0.0
U008723,airport_150,2025-10-08 06:08:00+08,B011101,2025-10-09 06:08:00+08,Hong Kong,T1,ko,true,,false,false,0,0.0,0.0
U016192,bundle_100_100,2025-10-14 22:15:00+08,B014581,2025-10-16 22:15:00+08,Singapore,T1,ja,true,,false,false,0,0.0,0.0
U018265,airport_150,2025-09-05 06:12:00+08,B006160,2025-09-10 06:12:00+08,Japan,T1,en,true,,false,false,0,0.0,0.0
U027398,bundle_100_100,2025-09-27 15:35:00+08,B008977,2025-09-30 15:35:00+08,Hong Kong,T1,ko,true,,false,false,0,0.0,0.0
U024683,bundle_100_100,2025-09-21 07:52:00+08,B015228,2025-09-22 07:52:00+08,Korea,T2,ko,true,,false,false,0,0.0,0.0
U000509,bundle_100_100,2025-09-23 20:16:00+08,B013773,2025-09-28 20:16:00+08,Hong Kong,T2,zh-TW,true,,false,false,0,0.0,0.0
U004162,bundle_100_100,2025-10-09 02:31:00+08,B011139,2025-10-14 02:31:00+08,Korea,T2,ja,true,,false,false,0,0.0,0.0
U012905,control,2025-09-07 09:18:00+08,B005228,2025-09-08 09:18:00+08,Hong Kong,T2,ja,true,,false,false,0,0.0,0.0
U028466,airport_150,2025-09-25 08:03:00+08,B011229,2025-09-29 08:03:00+08,Japan,T1,zh-TW,true,,false,false,0,0.0,0.0
U000546,control,2025-10-16 13:44:00+08,B007961,2025-10-19 13:44:00+08,USA,T1,ja,true,,false,false,0,0.0,0.0
U019868,airport_150,2025-09-10 20:40:00+08,B007253,2025-09-12 20:40:00+08,USA,T2,zh-TW,true,,false,false,0,0.0,0.0
U022484,airport_150,2025-10-09 07:33:00+08,B014588,2025-10-10 07:33:00+08,Korea,T2,en,true,,false,false,0,0.0,0.0
U012793,bundle_100_100,2025-10-03 07:43:00+08,B010483,2025-10-06 07:43:00+08,USA,T1,ko,true,,false,false,0,0.0,0.0
U025693,bundle_100_100,2025-09-27 22:04:00+08,B002719,2025-09-28 22:04:00+08,USA,T2,ko,true,,false,false,0,0.0,0.0
U012270,bundle_100_100,2025-10-06 23:21:00+08,B004861,2025-10-12 23:21:00+08,USA,T1,ko,true,,false,false,0,0.0,0.0
U016898,bundle_100_100,2025-09-22 05:42:00+08,B015301,2025-09-24 05:42:00+08,USA,T1,en,true,,false,false,0,0.0,0.0
U021314,airport_150,2025-09-17 03:56:00+08,B016685,2025-09-21 03:56:00+08,Hong Kong,T1,ko,true,,false,false,0,0.0,0.0
U021582,bundle_100_100,2025-10-09 23:44:00+08,B000262,2025-10-11 23:44:00+08,Hong Kong,T1,zh-TW,true,,false,false,0,0.0,0.0
U023436,bundle_100_100,2025-10-15 15:26:00+08,B011558,2025-10-20 15:26:00+08,USA,T2,zh-TW,true,,false,false,0,0.0,0.0
U025857,bundle_100_100,2025-09-03 04:40:00+08,B011824,2025-09-07 04:40:00+08,USA,T2,ja,true,,false,false,1,119.1,0.0
U029124,airport_150,2025-10-15 09:02:00+08,B008917,2025-10-17 09:02:00+08,Singapore,T1,ja,true,,false,false,0,0.0,0.0
U017109,airport_150,2025-09-04 09:16:00+08,B012329,2025-09-06 09:16:00+08,Japan,T2,en,true,,false,false,0,0.0,0.0
U028710,control,2025-09-02 10:21:00+08,B013275,2025-09-04 10:21:00+08,Japan,T2,zh-TW,true,,false,false,0,0.0,0.0
U010078,airport_150,2025-09-01 05:44:00+08,B017268,2025-09-07 05:44:00+08,Japan,T1,ko,true,,false,false,0,0.0,0.0
U025016,airport_150,2025-09-03 09:12:00+08,B003123,2025-09-04 09:12:00+08,Thailand,T1,en,true,,false,false,0,0.0,0.0
U026769,airport_150,2025-10-18 08:06:00+08,B005069,2025-10-22 08:06:00+08,Korea,T1,ko,true,,false,false,0,0.0,0.0
U024101,airport_150,2025-09-23 18:18:00+08,B002446,2025-09-28 18:18:00+08,Thailand,T2,ja,true,,false,false,0,0.0,0.0
U009853,airport_150,2025-09-25 22:22:00+08,B017630,2025-10-01 22:22:00+08,Japan,T2,ja,true,,false,false,0,0.0,0.0
U015365,airport_150,2025-10-17 05:38:00+08,B009851,2025-10-22 05:38:00+08,Hong Kong,T2,en,true,,false,false,0,0.0,0.0
U022332,airport_150,2025-10-15 19:49:00+08,B009302,2025-10-21 19:49:00+08,Japan,T2,ko,true,,false,false,0,0.0,0.0
U013742,bundle_100_100,2025-09-24 09:10:00+08,B010000,2025-09-30 09:10:00+08,Thailand,T1,en,true,,false,false,0,0.0,0.0
U003018,control,2025-09-17 06:24:00+08,B012771,2025-09-21 06:24:00+08,USA,T1,ko,true,,false,false,0,0.0,0.0
U007101,bundle_100_100,2025-09-25 02:42:00+08,B010384,2025-09-28 02:42:00+08,Singapore,T2,en,true,,false,false,0,0.0,0.0
U000501,airport_150,2025-09-07 13:22:00+08,B004716,2025-09-12 13:22:00+08,USA,T1,ko,true,,false,false,0,0.0,0.0
U023686,control,2025-10-20 16:37:00+08,B004590,2025-10-23 16:37:00+08,Japan,T2,zh-TW,true,,false,false,0,0.0,0.0
U000869,bundle_100_100,2025-10-13 08:28:00+08,B000252,2025-10-16 08:28:00+08,Thailand,T2,en,true,,false,false,0,0.0,0.0
U005493,bundle_100_100,2025-10-06 00:37:00+08,B006440,2025-10-09 00:37:00+08,Korea,T2,ja,true,,false,false,0,0.0,0.0
U000025,airport_150,2025-10-23 15:09:00+08,B016175,2025-10-26 15:09:00+08,USA,T1,ja,true,,false,false,0,0.0,0.0
U022552,bundle_100_100,2025-09-17 00:32:00+08,B012936,2025-09-21 00:32:00+08,Hong Kong,T2,ko,true,,false,false,0,0.0,0.0
U007088,bundle_100_100,2025-09-26 06:41:00+08,B005271,2025-10-01 06:41:00+08,USA,T2,ko,true,,false,false,0,0.0,0.0
U015376,airport_150,2025-09-23 15:52:00+08,B016137,2025-09-25 15:52:00+08,Thailand,T1,ko,true,,false,false,0,0.0,0.0
U000844,airport_150,2025-09-25 09:13:00+08,B011675,2025-09-27 09:13:00+08,Japan,T1,en,true,,false,false,0,0.0,0.0
U007235,bundle_100_100,2025-09-09 08:07:00+08,B006565,2025-09-13 08:07:00+08,Singapore,T1,zh-TW,true,,false,false,0,0.0,0.0
U027029,airport_150,2025-10-06 05:20:00+08,B010194,2025-10-10 05:20:00+08,Hong Kong,T1,ja,true,,false,false,0,0.0,0.0
U018510,airport_150,2025-10-03 03:02:00+08,B000720,2025-10-08 03:02:00+08,Hong Kong,T2,en,true,,false,false,0,0.0,0.0
U012094,control,2025-09-15 22:44:00+08,B001535,2025-09-17 22:44:00+08,Korea,T1,zh-TW,true,,false,false,0,0.0,0.0
U005631,airport_150,2025-10-04 09:58:00+08,B007532,2025-10-06 09:58:00+08,Singapore,T1,zh-TW,true,,false,false,0,0.0,0.0
U009897,airport_150,2025-10-18 21:38:00+08,B012448,2025-10-24 21:38:00+08,Hong Kong,T1,ja,true,,false,false,0,0.0,0.0
U021395,bundle_100_100,2025-09-20 23:05:00+08,B014893,2025-09-22 23:05:00+08,Thailand,T1,ko,true,,false,false,0,0.0,0.0
U001590,bundle_100_100,2025-09-20 09:37:00+08,B000899,2025-09-26 09:37:00+08,Korea,T2,ko,true,,false,false,0,0.0,0.0
U017462,bundle_100_100,2025-09-13 02:02:00+08,B000763,2025-09-19 02:02:00+08,Thailand,T1,ja,true,,false,false,0,0.0,0.0
U010955,bundle_100_100,2025-10-06 09:28:00+08,B004908,2025-10-10 09:28:00+08,Korea,T2,ko,true,,false,false,0,0.0,0.0
U012494,airport_150,2025-10-15 09:57:00+08,B014038,2025-10-21 09:57:00+08,USA,T1,zh-TW,true,,false,false,0,0.0,0.0
U019903,airport_150,2025-10-01 13:02:00+08,B001197,2025-10-04 13:02:00+08,Thailand,T2,ja,true,,false,false,0,0.0,0.0
U014477,bundle_100_100,2025-09-29 21:29:00+08,B012943,2025-10-03 21:29:00+08,Korea,T1,en,true,,false,false,0,0.0,0.0
U020382,bundle_100_100,2025-10-11 06:44:00+08,B009890,2025-10-14 06:44:00+08,Korea,T2,ko,true,,false,false,0,0.0,0.0
U024924,bundle_100_100,2025-09-03 10:53:00+08,B013880,2025-09-09 10:53:00+08,Thailand,T1,en,true,,false,false,0,0.0,0.0
U002165,bundle_100_100,2025-09-06 14:48:00+08,B008076,2025-09-07 14:48:00+08,Thailand,T2,zh-TW,true,,false,false,0,0.0,0.0
U023137,airport_150,2025-09-12 08:55:00+08,B015615,2025-09-14 08:55:00+08,Singapore,T1,zh-TW,true,,false,false,0,0.0,0.0
U000860,control,2025-10-17 06:49:00+08,B010299,2025-10-23 06:49:00+08,Singapore,T1,zh-TW,true,,false,false,0,0.0,0.0
U011672,airport_150,2025-09-22 23:01:00+08,B002233,2025-09-28 23:01:00+08,Singapore,T1,ja,true,,false,false,0,0.0,0.0
U010252,bundle_100_100,2025-09-05 21:35:00+08,B017527,2025-09-08 21:35:00+08,Korea,T1,ja,true,,false,false,0,0.0,0.0
U020194,airport_150,2025-10-20 21:22:00+08,B010672,2025-10-25 21:22:00+08,Hong Kong,T2,zh-TW,true,,false,false,0,0.0,0.0
U004748,bundle_100_100,2025-09-28 17:06:00+08,B013743,2025-09-30 17:06:00+08,USA,T1,ko,true,,false,false,0,0.0,0.0
U008559,control,2025-10-19 21:25:00+08,B004550,2025-10-20 21:25:00+08,Hong Kong,T2,ko,true,,false,false,0,0.0,0.0
U011963,control,2025-09-10 22:28:00+08,B003239,2025-09-15 22:28:00+08,Singapore,T2,en,true,,false,false,0,0.0,0.0
U019595,airport_150,2025-10-18 06:40:00+08,B007297,2025-10-22 06:40:00+08,Thailand,T2,ja,true,,false,false,0,0.0,0.0
U023329,bundle_100_100,2025-09-23 22:48:00+08,B007989,2025-09-24 22:48:00+08,Korea,T2,zh-TW,true,,false,false,0,0.0,0.0
U023520,bundle_100_100,2025-09-06 07:58:00+08,B013208,2025-09-07 07:58:00+08,Hong Kong,T2,zh-TW,true,,false,false,0,0.0,0.0
U000624,airport_150,2025-10-04 20:40:00+08,B016650,2025-10-07 20:40:00+08,Korea,T2,ko,true,,false,false,0,0.0,0.0
U010978,bundle_100_100,2025-09-07 21:57:00+08,B000314,2025-09-11 21:57:00+08,Japan,T1,zh-TW,true,,false,false,0,0.0,0.0
U000959,airport_150,2025-10-21 05:38:00+08,B017720,2025-10-24 05:38:00+08,Korea,T1,ko,true,,false,false,0,0.0,0.0
U029384,bundle_100_100,2025-09-27 07:33:00+08,B003312,2025-09-29 07:33:00+08,Singapore,T1,ja,true,,false,false,0,0.0,0.0
U017926,airport_150,2025-10-20 07:40:00+08,B015193,2025-10-21 07:40:00+08,USA,T2,ko,true,,false,false,0,0.0,0.0
U017366,control,2025-09-02 15:27:00+08,B008895,2025-09-06 15:27:00+08,Thailand,T1,en,true,,false,false,0,0.0,0.0
U019501,airport_150,2025-09-02 20:00:00+08,B011020,2025-09-04 20:00:00+08,Thailand,T1,ko,true,,false,false,0,0.0,0.0
U020204,bundle_100_100,2025-10-01 01:15:00+08,B002122,2025-10-05 01:15:00+08,Singapore,T2,zh-TW,true,,false,false,0,0.0,0.0
U021177,bundle_100_100,2025-09-14 06:28:00+08,B015035,2025-09-15 06:28:00+08,Japan,T1,zh-TW,true,,false,false,0,0.0,0.0
U022748,bundle_100_100,2025-09-06 13:29:00+08,B013756,2025-09-12 13:29:00+08,Korea,T1,zh-TW,true,,false,false,0,0.0,0.0
U023124,airport_150,2025-09-16 21:26:00+08,B009555,2025-09-19 21:26:00+08,Japan,T1,en,true,,false,false,0,0.0,0.0
U023272,bundle_100_100,2025-09-22 22:42:00+08,B004161,2025-09-23 22:42:00+08,USA,T1,zh-TW,true,,false,false,0,0.0,0.0
U017236,airport_150,2025-09-02 09:00:00+08,B006311,2025-09-05 09:00:00+08,Hong Kong,T2,ja,true,,false,false,0,0.0,0.0
U023557,bundle_100_100,2025-09-18 22:16:00+08,B009786,2025-09-23 22:16:00+08,Korea,T1,ko,true,,false,false,0,0.0,0.0
U025619,control,2025-10-25 09:57:00+08,B006274,2025-10-26 09:57:00+08,Hong Kong,T1,ko,true,,false,false,0,0.0,0.0
U029178,bundle_100_100,2025-09-04 09:06:00+08,B001257,2025-09-05 09:06:00+08,Japan,T1,en,true,,false,false,0,0.0,0.0
U023951,bundle_100_100,2025-09-05 23:48:00+08,B004305,2025-09-07 23:48:00+08,Korea,T2,ko,true,,false,false,0,0.0,0.0
U002287,bundle_100_100,2025-09-08 06:52:00+08,B000480,2025-09-09 06:52:00+08,Singapore,T2,en,true,,false,false,0,0.0,0.0
U017538,bundle_100_100,2025-10-05 05:54:00+08,B010460,2025-10-06 05:54:00+08,Singapore,T1,ja,true,,false,false,0,0.0,0.0
U028473,bundle_100_100,2025-09-10 23:17:00+08,B005841,2025-09-16 23:17:00+08,Thailand,T1,zh-TW,true,,false,false,0,0.0,0.0
U003330,bundle_100_100,2025-09-04 23:08:00+08,B011992,2025-09-08 23:08:00+08,USA,T1,ko,true,,false,false,0,0.0,0.0
U004334,control,2025-10-10 10:30:00+08,B013810,2025-10-13 10:30:00+08,Hong Kong,T2,ko,true,,false,false,0,0.0,0.0
U024120,bundle_100_100,2025-09-04 07:43:00+08,B001602,2025-09-06 07:43:00+08,Korea,T1,ko,true,,false,false,0,0.0,0.0
U025151,bundle_100_100,2025-09-18 08:23:00+08,B011554,2025-09-20 08:23:00+08,Japan,T1,ja,true,,false,false,0,0.0,0.0
U023868,bundle_100_100,2025-10-05 02:23:00+08,B000106,2025-10-08 02:23:00+08,Singapore,T1,ja,true,,false,false,0,0.0,0.0
U017932,airport_150,2025-10-23 05:28:00+08,B010077,2025-10-26 05:28:00+08,USA,T1,ko,true,,false,false,0,0.0,0.0
U005062,airport_150,2025-10-23 21:25:00+08,B003148,2025-10-25 21:25:00+08,Japan,T1,zh-TW,true,,false,false,0,0.0,0.0
U023086,airport_150,2025-10-21 06:00:00+08,B007783,2025-10-23 06:00:00+08,USA,T2,zh-TW,true,,false,false,0,0.0,0.0
U000335,control,2025-09-16 21:49:00+08,B002646,2025-09-21 21:49:00+08,Thailand,T2,zh-TW,true,,false,false,0,0.0,0.0
U000890,bundle_100_100,2025-09-13 22:01:00+08,B005006,2025-09-16 22:01:00+08,USA,T2,ko,true,,false,false,0,0.0,0.0
U019611,control,2025-10-10 07:13:00+08,B000277,2025-10-16 07:13:00+08,USA,T1,en,true,,false,false,0,0.0,0.0
U026458,control,2025-09-12 07:38:00+08,B008436,2025-09-16 07:38:00+08,Singapore,T2,en,true,,false,false,0,0.0,0.0
U022408,airport_150,2025-09-17 09:07:00+08,B016782,2025-09-18 09:07:00+08,USA,T2,zh-TW,true,,false,false,0,0.0,0.0
U018428,airport_150,2025-10-16 22:00:00+08,B010379,2025-10-22 22:00:00+08,USA,T2,zh-TW,true,,false,false,0,0.0,0.0
U012395,bundle_100_100,2025-09-30 20:32:00+08,B017333,2025-10-06 20:32:00+08,Hong Kong,T1,en,true,,false,false,0,0.0,0.0
U020436,bundle_100_100,2025-09-17 09:57:00+08,B011295,2025-09-22 09:57:00+08,Japan,T1,en,true,,false,false,0,0.0,0.0
U003381,airport_150,2025-09-12 07:36:00+08,B013768,2025-09-18 07:36:00+08,Hong Kong,T2,zh-TW,true,,false,false,0,0.0,0.0
U004605,bundle_100_100,2025-09-24 19:07:00+08,B008331,2025-09-25 19:07:00+08,USA,T1,ja,true,,false,false,0,0.0,0.0
U003853,bundle_100_100,2025-10-25 17:13:00+08,B012917,2025-10-26 17:13:00+08,Singapore,T1,ko,true,,false,false,0,0.0,0.0
U004156,bundle_100_100,2025-10-08 23:17:00+08,B015682,2025-10-13 23:17:00+08,USA,T2,zh-TW,true,,false,false,0,0.0,0.0
U006907,airport_150,2025-10-01 05:00:00+08,B008461,2025-10-05 05:00:00+08,Japan,T2,en,true,,false,false,0,0.0,0.0
U027465,bundle_100_100,2025-10-08 20:43:00+08,B012098,2025-10-11 20:43:00+08,Thailand,T1,zh-TW,true,,false,false,0,0.0,0.0
U000201,bundle_100_100,2025-09-01 04:51:00+08,B010823,2025-09-07 04:51:00+08,USA,T2,ko,true,,false,false,0,0.0,0.0
U025208,control,2025-10-18 18:55:00+08,B000952,2025-10-21 18:55:00+08,Singapore,T2,en,true,,false,false,0,0.0,0.0
U006399,bundle_100_100,2025-09-27 22:23:00+08,B010949,2025-10-03 22:23:00+08,Thailand,T1,zh-TW,true,,false,false,0,0.0,0.0
U025552,airport_150,2025-10-19 22:17:00+08,B013083,2025-10-24 22:17:00+08,Hong Kong,T2,en,true,,false,false,0,0.0,0.0
U011028,airport_150,2025-10-05 17:55:00+08,B008752,2025-10-07 17:55:00+08,Korea,T1,en,true,,false,false,0,0.0,0.0
U012895,airport_150,2025-09-01 21:30:00+08,B000398,2025-09-03 21:30:00+08,USA,T1,ko,true,,false,false,0,0.0,0.0
U014528,bundle_100_100,2025-09-13 17:00:00+08,B014751,2025-09-16 17:00:00+08,Hong Kong,T2,ko,true,,false,false,0,0.0,0.0
U028049,airport_150,2025-10-17 09:17:00+08,B008124,2025-10-23 09:17:00+08,Japan,T1,en,true,,false,false,0,0.0,0.0
U006240,bundle_100_100,2025-10-18 06:58:00+08,B010236,2025-10-20 06:58:00+08,Korea,T1,en,true,,false,false,0,0.0,0.0
U009209,control,2025-09-24 22:21:00+08,B008611,2025-09-25 22:21:00+08,Singapore,T1,ko,true,,false,false,0,0.0,0.0
U009872,bundle_100_100,2025-09-16 00:38:00+08,B017868,2025-09-18 00:38:00+08,Thailand,T2,zh-TW,true,,false,false,0,0.0,0.0
U013723,bundle_100_100,2025-09-08 06:38:00+08,B017254,2025-09-11 06:38:00+08,Korea,T2,zh-TW,true,,false,false,0,0.0,0.0
U028892,bundle_100_100,2025-10-22 06:08:00+08,B016093,2025-10-26 06:08:00+08,Thailand,T1,ko,true,,false,false,0,0.0,0.0
U014394,control,2025-10-05 19:30:00+08,B013649,2025-10-10 19:30:00+08,Japan,T2,en,true,,false,false,0,0.0,0.0
U016595,airport_150,2025-09-26 15:24:00+08,B006559,2025-10-01 15:24:00+08,USA,T1,ja,true,,false,false,0,0.0,0.0
U001635,bundle_100_100,2025-09-13 16:41:00+08,B008983,2025-09-15 16:41:00+08,USA,T2,zh-TW,true,,false,false,0,0.0,0.0
U023266,control,2025-10-16 20:03:00+08,B002062,2025-10-17 20:03:00+08,Singapore,T1,en,true,,false,false,0,0.0,0.0
U023851,bundle_100_100,2025-10-02 08:41:00+08,B003284,2025-10-05 08:41:00+08,Singapore,T2,ko,true,,false,false,0,0.0,0.0
U000308,bundle_100_100,2025-10-14 21:46:00+08,B004834,2025-10-18 21:46:00+08,Korea,T1,ko,true,,false,false,0,0.0,0.0
U001531,airport_150,2025-09-05 05:43:00+08,B016419,2025-09-09 05:43:00+08,Korea,T2,ko,true,,false,false,0,0.0,0.0
U024464,airport_150,2025-10-09 18:32:00+08,B014968,2025-10-12 18:32:00+08,Thailand,T1,ja,true,,false,false,0,0.0,0.0
U002721,bundle_100_100,2025-10-16 09:55:00+08,B000461,2025-10-17 09:55:00+08,Korea,T1,ko,true,,false,false,0,0.0,0.0
U007065,airport_150,2025-09-20 13:46:00+08,B002278,2025-09-24 13:46:00+08,Korea,T1,ko,true,,false,false,0,0.0,0.0
U011023,bundle_100_100,2025-10-23 03:26:00+08,B011343,2025-10-26 03:26:00+08,Japan,T1,zh-TW,true,,false,false,0,0.0,0.0
U013582,bundle_100_100,2025-09-25 07:40:00+08,B016994,2025-09-29 07:40:00+08,USA,T2,ja,true,,false,false,0,0.0,0.0
U010904,bundle_100_100,2025-09-01 08:00:00+08,B010598,2025-09-05 08:00:00+08,Singapore,T2,ja,true,,false,false,0,0.0,0.0
U026582,bundle_100_100,2025-10-09 07:46:00+08,B006481,2025-10-10 07:46:00+08,Japan,T2,ko,true,,false,false,0,0.0,0.0
U012399,bundle_100_100,2025-10-08 17:52:00+08,B001003,2025-10-14 17:52:00+08,Japan,T2,zh-TW,true,,false,false,0,0.0,0.0
U005640,airport_150,2025-09-02 05:51:00+08,B011193,2025-09-06 05:51:00+08,Singapore,T1,zh-TW,true,,false,false,0,0.0,0.0
U013207,control,2025-10-22 13:40:00+08,B016490,2025-10-26 13:40:00+08,Thailand,T1,ko,true,,false,false,0,0.0,0.0
U025287,control,2025-09-18 16:38:00+08,B016883,2025-09-21 16:38:00+08,Thailand,T1,en,true,,false,false,0,0.0,0.0
U002784,bundle_100_100,2025-09-06 09:32:00+08,B013622,2025-09-10 09:32:00+08,Korea,T2,zh-TW,true,,false,false,0,0.0,0.0
U029639,airport_150,2025-10-15 15:50:00+08,B005963,2025-10-18 15:50:00+08,USA,T1,en,true,,false,false,0,0.0,0.0
U009753,bundle_100_100,2025-10-09 08:22:00+08,B010043,2025-10-11 08:22:00+08,Hong Kong,T1,en,true,,false,false,0,0.0,0.0
U002145,control,2025-10-09 09:43:00+08,B010185,2025-10-11 09:43:00+08,Japan,T2,zh-TW,true,,false,false,0,0.0,0.0
U010541,airport_150,2025-09-18 11:23:00+08,B014055,2025-09-24 11:23:00+08,Japan,T2,ja,true,,false,false,0,0.0,0.0
U006122,control,2025-10-08 23:29:00+08,B011114,2025-10-09 23:29:00+08,USA,T2,zh-TW,true,,false,false,0,0.0,0.0
U014963,bundle_100_100,2025-10-18 20:59:00+08,B017394,2025-10-20 20:59:00+08,Japan,T1,ko,true,,false,false,0,0.0,0.0
U014285,bundle_100_100,2025-10-23 09:21:00+08,B002368,2025-10-25 09:21:00+08,Japan,T2,en,true,,false,false,0,0.0,0.0
U007103,airport_150,2025-10-18 03:08:00+08,B012489,2025-10-24 03:08:00+08,Thailand,T1,ko,true,,false,false,0,0.0,0.0
U012466,airport_150,2025-09-03 17:04:00+08,B013722,2025-09-04 17:04:00+08,USA,T2,zh-TW,true,,false,false,0,0.0,0.0
U008209,bundle_100_100,2025-10-07 20:12:00+08,B003410,2025-10-09 20:12:00+08,Hong Kong,T2,ko,true,,false,false,0,0.0,0.0
U001192,bundle_100_100,2025-10-01 07:54:00+08,B007858,2025-10-06 07:54:00+08,Hong Kong,T2,en,true,,false,false,0,0.0,0.0
U003289,airport_150,2025-09-16 01:08:00+08,B012825,2025-09-21 01:08:00+08,Singapore,T2,ja,true,,false,false,0,0.0,0.0
U008228,bundle_100_100,2025-09-17 07:59:00+08,B017699,2025-09-22 07:59:00+08,Hong Kong,T1,en,true,,false,false,0,0.0,0.0
U009891,control,2025-10-12 14:53:00+08,B009640,2025-10-15 14:53:00+08,USA,T2,ja,true,,false,false,0,0.0,0.0
U007818,airport_150,2025-10-03 13:03:00+08,B007427,2025-10-06 13:03:00+08,Hong Kong,T1,ja,true,,false,false,0,0.0,0.0
U013761,bundle_100_100,2025-09-20 04:12:00+08,B006370,2025-09-24 04:12:00+08,Thailand,T2,ja,true,,false,false,0,0.0,0.0
U028838,airport_150,2025-10-09 05:07:00+08,B006158,2025-10-15 05:07:00+08,Hong Kong,T2,en,true,,false,false,0,0.0,0.0
U019399,bundle_100_100,2025-10-13 06:59:00+08,B016053,2025-10-15 06:59:00+08,Japan,T2,zh-TW,true,,false,false,0,0.0,0.0
U003455,bundle_100_100,2025-09-29 23:47:00+08,B004814,2025-10-01 23:47:00+08,Korea,T1,zh-TW,true,,false,false,0,0.0,0.0
U012878,airport_150,2025-09-20 16:41:00+08,B017122,2025-09-22 16:41:00+08,Korea,T2,ko,true,,false,false,0,0.0,0.0
U026418,bundle_100_100,2025-09-10 14:14:00+08,B006683,2025-09-15 14:14:00+08,Korea,T1,zh-TW,true,,false,false,0,0.0,0.0
U008850,airport_150,2025-09-07 18:49:00+08,B004021,2025-09-10 18:49:00+08,Korea,T1,ja,true,,false,false,0,0.0,0.0
U011327,bundle_100_100,2025-10-07 20:54:00+08,B003824,2025-10-13 20:54:00+08,USA,T2,zh-TW,true,,false,false,0,0.0,0.0
U009069,airport_150,2025-10-13 08:13:00+08,B012257,2025-10-19 08:13:00+08,Japan,T2,zh-TW,true,,false,false,0,0.0,0.0
U019109,airport_150,2025-09-06 05:53:00+08,B013576,2025-09-07 05:53:00+08,Japan,T1,en,true,,false,false,0,0.0,0.0
U002542,bundle_100_100,2025-10-16 08:26:00+08,B013014,2025-10-18 08:26:00+08,Japan,T2,en,true,,false,false,0,0.0,0.0
U029319,bundle_100_100,2025-10-10 02:46:00+08,B008501,2025-10-13 02:46:00+08,Thailand,T1,ja,true,,false,false,0,0.0,0.0
U018030,airport_150,2025-09-24 09:58:00+08,B000281,2025-09-25 09:58:00+08,Hong Kong,T1,zh-TW,true,,false,false,0,0.0,0.0
U028279,airport_150,2025-10-11 23:31:00+08,B014805,2025-10-14 23:31:00+08,Thailand,T2,ja,true,,false,false,0,0.0,0.0
U015820,bundle_100_100,2025-09-05 19:35:00+08,B012436,2025-09-08 19:35:00+08,Singapore,T2,ja,true,,false,false,0,0.0,0.0
U028186,airport_150,2025-09-26 11:59:00+08,B003398,2025-09-28 11:59:00+08,Hong Kong,T1,en,true,,false,false,0,0.0,0.0
U013252,airport_150,2025-10-12 21:41:00+08,B016059,2025-10-17 21:41:00+08,Korea,T1,en,true,,false,false,0,0.0,0.0
U028038,control,2025-09-29 22:53:00+08,B000439,2025-10-05 22:53:00+08,Singapore,T2,ja,true,,false,false,0,0.0,0.0
U023975,airport_150,2025-09-22 09:53:00+08,B012937,2025-09-23 09:53:00+08,Singapore,T1,ja,true,,false,false,0,0.0,0.0
U000293,bundle_100_100,2025-10-01 22:31:00+08,B015250,2025-10-05 22:31:00+08,Japan,T1,en,true,,false,false,0,0.0,0.0
U017790,airport_150,2025-09-26 21:00:00+08,B002456,2025-09-29 21:00:00+08,Singapore,T2,en,true,,false,false,0,0.0,0.0
U018642,airport_150,2025-09-02 07:19:00+08,B005073,2025-09-04 07:19:00+08,Japan,T2,ko,true,,false,false,0,0.0,0.0
U022002,airport_150,2025-09-12 21:33:00+08,B004415,2025-09-15 21:33:00+08,Korea,T1,ja,true,,false,false,0,0.0,0.0
U005503,airport_150,2025-09-16 17:07:00+08,B005927,2025-09-22 17:07:00+08,Singapore,T2,ja,true,,false,false,0,0.0,0.0
U025168,control,2025-09-08 10:46:00+08,B005870,2025-09-14 10:46:00+08,Singapore,T2,ja,true,,false,false,0,0.0,0.0
U026676,airport_150,2025-09-01 08:06:00+08,B007862,2025-09-06 08:06:00+08,Japan,T2,zh-TW,true,,false,false,0,0.0,0.0
U029438,airport_150,2025-10-22 20:41:00+08,B016807,2025-10-25 20:41:00+08,USA,T1,en,true,,false,false,0,0.0,0.0
U008142,airport_150,2025-10-05 11:44:00+08,B003499,2025-10-06 11:44:00+08,USA,T2,zh-TW,true,,false,false,0,0.0,0.0
U003673,airport_150,2025-09-03 09:20:00+08,B013436,2025-09-06 09:20:00+08,USA,T1,en,true,,false,false,0,0.0,0.0
U020796,airport_150,2025-10-11 05:31:00+08,B015439,2025-10-12 05:31:00+08,Korea,T1,en,true,,false,false,0,0.0,0.0
U005720,control,2025-09-01 08:31:00+08,B000828,2025-09-02 08:31:00+08,Singapore,T2,ja,true,,false,false,0,0.0,0.0
U012333,bundle_100_100,2025-10-04 06:06:00+08,B005660,2025-10-05 06:06:00+08,Singapore,T2,zh-TW,true,,false,false,0,0.0,0.0
U009220,airport_150,2025-10-01 08:00:00+08,B012637,2025-10-02 08:00:00+08,Japan,T1,ko,true,,false,false,0,0.0,0.0
U020668,bundle_100_100,2025-10-01 20:51:00+08,B005646,2025-10-04 20:51:00+08,Japan,T2,ko,true,,false,false,0,0.0,0.0
U014422,bundle_100_100,2025-10-01 12:32:00+08,B006295,2025-10-05 12:32:00+08,Thailand,T1,en,true,,false,false,0,0.0,0.0
U021997,airport_150,2025-10-21 06:47:00+08,B000849,2025-10-23 06:47:00+08,Japan,T1,en,true,,false,false,0,0.0,0.0
U004628,airport_150,2025-10-09 23:50:00+08,B010787,2025-10-11 23:50:00+08,Japan,T1,en,true,,false,false,0,0.0,0.0
U029956,airport_150,2025-10-18 23:38:00+08,B016273,2025-10-20 23:38:00+08,Hong Kong,T2,en,true,,false,false,0,0.0,0.0
U003430,airport_150,2025-09-30 02:50:00+08,B015943,2025-10-03 02:50:00+08,USA,T2,ko,true,,false,false,0,0.0,0.0
U019870,control,2025-09-18 11:41:00+08,B008504,2025-09-24 11:41:00+08,Japan,T2,ko,true,,false,false,0,0.0,0.0
U008167,bundle_100_100,2025-09-11 05:14:00+08,B007203,2025-09-15 05:14:00+08,Japan,T1,zh-TW,true,,false,false,0,0.0,0.0
U017764,bundle_100_100,2025-09-13 10:59:00+08,B011153,2025-09-17 10:59:00+08,Singapore,T2,ja,true,,false,false,0,0.0,0.0
U019657,control,2025-10-11 05:36:00+08,B012374,2025-10-14 05:36:00+08,Japan,T1,en,true,,false,false,0,0.0,0.0
U004076,airport_150,2025-09-14 03:23:00+08,B012891,2025-09-17 03:23:00+08,Thailand,T2,ko,true,,false,false,0,0.0,0.0
U016783,airport_150,2025-09-24 15:53:00+08,B007886,2025-09-29 15:53:00+08,Korea,T2,ja,true,,false,false,0,0.0,0.0
U023654,airport_150,2025-10-24 06:43:00+08,B015879,2025-10-25 06:43:00+08,USA,T2,zh-TW,true,,false,false,0,0.0,0.0
U024427,airport_150,2025-10-15 23:57:00+08,B016203,2025-10-21 23:57:00+08,Hong Kong,T1,zh-TW,true,,false,false,0,0.0,0.0
U003823,airport_150,2025-10-05 13:16:00+08,B015134,2025-10-09 13:16:00+08,Singapore,T2,en,true,,false,false,0,0.0,0.0
U001389,airport_150,2025-09-29 09:56:00+08,B015903,2025-09-30 09:56:00+08,Korea,T2,en,true,,false,false,0,0.0,0.0
U005008,bundle_100_100,2025-09-12 13:07:00+08,B012860,2025-09-14 13:07:00+08,Singapore,T1,ko,true,,false,false,0,0.0,0.0
U028076,airport_150,2025-10-23 08:01:00+08,B016849,2025-10-25 08:01:00+08,Thailand,T2,zh-TW,true,,false,false,0,0.0,0.0
U014636,bundle_100_100,2025-10-10 02:06:00+08,B017360,2025-10-12 02:06:00+08,Japan,T1,zh-TW,true,,false,false,0,0.0,0.0
U008754,airport_150,2025-10-05 07:19:00+08,B007736,2025-10-08 07:19:00+08,USA,T1,ja,true,,false,false,0,0.0,0.0
U009516,control,2025-10-20 15:08:00+08,B012930,2025-10-24 15:08:00+08,Thailand,T1,ko,true,,false,false,0,0.0,0.0
U011421,airport_150,2025-09-26 09:07:00+08,B013625,2025-09-29 09:07:00+08,Hong Kong,T1,zh-TW,true,,false,false,0,0.0,0.0
U027143,bundle_100_100,2025-09-07 06:30:00+08,B013425,2025-09-10 06:30:00+08,Hong Kong,T1,zh-TW,true,,false,false,0,0.0,0.0
U000978,airport_150,2025-10-15 08:50:00+08,B016513,2025-10-21 08:50:00+08,Thailand,T1,ja,true,,false,false,0,0.0,0.0
U025695,airport_150,2025-09-09 23:46:00+08,B015886,2025-09-13 23:46:00+08,Thailand,T2,zh-TW,true,,false,false,0,0.0,0.0
U001753,airport_150,2025-10-17 09:34:00+08,B011964,2025-10-19 09:34:00+08,Japan,T2,en,true,,false,false,0,0.0,0.0
U007805,airport_150,2025-10-02 20:22:00+08,B008998,2025-10-07 20:22:00+08,Singapore,T1,ko,true,,false,false,0,0.0,0.0
U002674,bundle_100_100,2025-10-03 05:02:00+08,B006707,2025-10-09 05:02:00+08,Korea,T1,zh-TW,true,,false,false,0,0.0,0.0
U006451,bundle_100_100,2025-09-02 05:31:00+08,B004314,2025-09-05 05:31:00+08,Hong Kong,T1,ko,true,,false,false,0,0.0,0.0
U006215,airport_150,2025-09-10 07:37:00+08,B002944,2025-09-11 07:37:00+08,USA,T1,ko,true,,false,false,0,0.0,0.0
U006776,airport_150,2025-09-05 21:43:00+08,B007480,2025-09-07 21:43:00+08,Singapore,T1,ja,true,,false,false,1,60.9,0.0
U015995,control,2025-09-14 15:47:00+08,B005752,2025-09-19 15:47:00+08,Japan,T2,zh-TW,true,,false,false,0,0.0,0.0
U023575,bundle_100_100,2025-09-17 22:52:00+08,B008280,2025-09-18 22:52:00+08,USA,T1,ko,true,,false,false,0,0.0,0.0
U003141,airport_150,2025-10-10 00:06:00+08,B009297,2025-10-11 00:06:00+08,Hong Kong,T1,zh-TW,true,,false,false,0,0.0,0.0
U016407,airport_150,2025-09-28 16:40:00+08,B013243,2025-10-02 16:40:00+08,USA,T2,zh-TW,true,,false,false,0,0.0,0.0
U020484,bundle_100_100,2025-10-05 05:41:00+08,B002768,2025-10-11 05:41:00+08,USA,T2,ja,true,,false,false,0,0.0,0.0
U002699,airport_150,2025-10-14 21:57:00+08,B011665,2025-10-19 21:57:00+08,USA,T2,zh-TW,true,,false,false,0,0.0,0.0
U009113,bundle_100_100,2025-09-12 23:44:00+08,B003649,2025-09-13 23:44:00+08,Singapore,T1,en,true,,false,false,0,0.0,0.0
U011900,airport_150,2025-10-13 23:29:00+08,B006217,2025-10-18 23:29:00+08,Thailand,T2,en,true,,false,false,0,0.0,0.0
U025098,control,2025-09-06 05:02:00+08,B002578,2025-09-11 05:02:00+08,Japan,T2,en,true,,false,false,0,0.0,0.0
U029973,bundle_100_100,2025-09-04 07:13:00+08,B004039,2025-09-06 07:13:00+08,Singapore,T2,en,true,,false,false,0,0.0,0.0
U003456,control,2025-09-06 05:27:00+08,B012250,2025-09-09 05:27:00+08,Japan,T2,ja,true,,false,false,0,0.0,0.0
U007430,control,2025-09-20 15:16:00+08,B017433,2025-09-22 15:16:00+08,Singapore,T2,ja,true,,false,false,0,0.0,0.0
U012335,airport_150,2025-09-09 02:43:00+08,B005110,2025-09-13 02:43:00+08,Japan,T2,zh-TW,true,,false,false,0,0.0,0.0
U021244,airport_150,2025-10-04 16:04:00+08,B012303,2025-10-07 16:04:00+08,USA,T2,ja,true,,false,false,0,0.0,0.0
U023438,airport_150,2025-09-16 22:14:00+08,B012504,2025-09-20 22:14:00+08,Singapore,T1,zh-TW,true,,false,false,0,0.0,0.0
U002895,control,2025-09-01 08:35:00+08,B009168,2025-09-05 08:35:00+08,Korea,T2,ja,true,,false,false,0,0.0,0.0
U013543,control,2025-10-18 01:04:00+08,B005454,2025-10-20 01:04:00+08,Singapore,T2,ja,true,,false,false,0,0.0,0.0
U015976,bundle_100_100,2025-09-18 08:05:00+08,B002834,2025-09-19 08:05:00+08,Hong Kong,T2,ja,true,,false,false,0,0.0,0.0
U022351,bundle_100_100,2025-10-06 20:37:00+08,B009447,2025-10-07 20:37:00+08,Thailand,T1,ko,true,,false,false,0,0.0,0.0
U003844,bundle_100_100,2025-09-17 09:51:00+08,B005819,2025-09-21 09:51:00+08,Thailand,T1,ko,true,,false,false,0,0.0,0.0
U003360,airport_150,2025-09-09 06:07:00+08,B016112,2025-09-12 06:07:00+08,Korea,T2,ko,true,,false,false,0,0.0,0.0
U005007,airport_150,2025-10-14 14:56:00+08,B012923,2025-10-18 14:56:00+08,Hong Kong,T2,ko,true,,false,false,0,0.0,0.0
U021981,bundle_100_100,2025-09-25 06:40:00+08,B005341,2025-09-29 06:40:00+08,Singapore,T1,zh-TW,true,,false,false,0,0.0,0.0
U022411,bundle_100_100,2025-10-03 14:10:00+08,B012910,2025-10-08 14:10:00+08,USA,T2,en,true,,false,false,0,0.0,0.0
U029457,airport_150,2025-09-14 21:29:00+08,B009936,2025-09-20 21:29:00+08,Hong Kong,T2,ko,true,,false,false,0,0.0,0.0
U016101,airport_150,2025-09-29 15:48:00+08,B012298,2025-10-03 15:48:00+08,Korea,T2,zh-TW,true,,false,false,0,0.0,0.0
U016983,bundle_100_100,2025-10-19 04:51:00+08,B008312,2025-10-21 04:51:00+08,Hong Kong,T2,zh-TW,true,,false,false,0,0.0,0.0
U028628,airport_150,2025-10-13 15:08:00+08,B000463,2025-10-16 15:08:00+08,Thailand,T2,ko,true,,false,false,0,0.0,0.0
U005366,bundle_100_100,2025-10-05 08:20:00+08,B014878,2025-10-11 08:20:00+08,Singapore,T2,en,true,,false,false,0,0.0,0.0
U029347,airport_150,2025-10-16 18:30:00+08,B007094,2025-10-19 18:30:00+08,Singapore,T1,zh-TW,true,,false,false,0,0.0,0.0
U000481,airport_150,2025-10-25 02:59:00+08,B006799,2025-10-26 02:59:00+08,Korea,T2,zh-TW,true,,false,false,0,0.0,0.0
U000792,airport_150,2025-09-10 21:12:00+08,B016376,2025-09-12 21:12:00+08,Japan,T1,en,true,,false,false,0,0.0,0.0
U024012,airport_150,2025-09-04 21:17:00+08,B008247,2025-09-09 21:17:00+08,USA,T1,zh-TW,true,,false,false,0,0.0,0.0
U028202,airport_150,2025-09-08 07:17:00+08,B003718,2025-09-11 07:17:00+08,Singapore,T1,ko,true,,false,false,0,0.0,0.0
U015281,airport_150,2025-10-22 23:55:00+08,B006916,2025-10-24 23:55:00+08,Singapore,T2,en,true,,false,false,0,0.0,0.0
U016869,bundle_100_100,2025-09-27 11:46:00+08,B002254,2025-09-29 11:46:00+08,Korea,T2,en,true,,false,false,0,0.0,0.0
U011776,bundle_100_100,2025-10-10 07:07:00+08,B012148,2025-10-14 07:07:00+08,Singapore,T2,ja,true,,false,false,0,0.0,0.0
U015115,control,2025-09-24 08:58:00+08,B000747,2025-09-25 08:58:00+08,Korea,T1,ko,true,,false,false,0,0.0,0.0
U016264,bundle_100_100,2025-09-22 09:18:00+08,B008464,2025-09-26 09:18:00+08,USA,T1,ja,true,,false,false,0,0.0,0.0
U025257,control,2025-10-18 02:02:00+08,B012619,2025-10-24 02:02:00+08,Thailand,T2,ko,true,,false,false,0,0.0,0.0
U008984,bundle_100_100,2025-09-09 04:04:00+08,B017101,2025-09-14 04:04:00+08,Korea,T1,en,true,,false,false,0,0.0,0.0
U012294,bundle_100_100,2025-09-15 10:26:00+08,B000509,2025-09-21 10:26:00+08,Singapore,T2,ja,true,,false,false,0,0.0,0.0
U020681,bundle_100_100,2025-10-07 17:51:00+08,B011792,2025-10-08 17:51:00+08,Japan,T1,zh-TW,true,,false,false,0,0.0,0.0
U011631,bundle_100_100,2025-10-10 22:22:00+08,B002353,2025-10-14 22:22:00+08,Japan,T1,en,true,,false,false,0,0.0,0.0
U012175,control,2025-09-08 08:38:00+08,B004034,2025-09-11 08:38:00+08,Korea,T2,zh-TW,true,,false,false,0,0.0,0.0
U018502,bundle_100_100,2025-10-24 18:05:00+08,B003222,2025-10-25 18:05:00+08,Japan,T2,ja,true,,false,false,0,0.0,0.0
U000478,airport_150,2025-09-08 05:33:00+08,B007154,2025-09-10 05:33:00+08,USA,T2,en,true,,false,false,0,0.0,0.0
U017107,airport_150,2025-10-17 23:52:00+08,B009928,2025-10-20 23:52:00+08,Korea,T2,en,true,,false,false,0,0.0,0.0
U007515,bundle_100_100,2025-09-25 23:04:00+08,B000330,2025-09-28 23:04:00+08,USA,T2,ko,true,,false,false,0,0.0,0.0
U012340,airport_150,2025-09-30 09:35:00+08,B005498,2025-10-03 09:35:00+08,Thailand,T1,zh-TW,true,,false,false,0,0.0,0.0
U020808,bundle_100_100,2025-10-19 01:44:00+08,B004706,2025-10-20 01:44:00+08,Japan,T1,zh-TW,true,,false,false,0,0.0,0.0
U025945,bundle_100_100,2025-10-18 06:10:00+08,B006459,2025-10-23 06:10:00+08,Thailand,T1,ja,true,,false,false,0,0.0,0.0
U025924,airport_150,2025-10-15 11:16:00+08,B001518,2025-10-21 11:16:00+08,Japan,T2,ja,true,,false,false,0,0.0,0.0
U009513,bundle_100_100,2025-09-07 05:26:00+08,B006579,2025-09-09 05:26:00+08,Korea,T2,ja,true,,false,false,0,0.0,0.0
U000690,airport_150,2025-09-25 21:48:00+08,B006844,2025-10-01 21:48:00+08,Thailand,T2,ko,true,,false,false,0,0.0,0.0
U006747,control,2025-09-26 15:02:00+08,B013817,2025-10-01 15:02:00+08,USA,T1,ja,true,,false,false,0,0.0,0.0
U022550,airport_150,2025-10-21 00:45:00+08,B000270,2025-10-23 00:45:00+08,Singapore,T2,zh-TW,true,,false,false,0,0.0,0.0
U018892,airport_150,2025-10-05 05:28:00+08,B000421,2025-10-09 05:28:00+08,Thailand,T2,ja,true,,false,false,0,0.0,0.0
U019477,bundle_100_100,2025-09-07 21:01:00+08,B009737,2025-09-09 21:01:00+08,Hong Kong,T1,zh-TW,true,,false,false,0,0.0,0.0
U026382,bundle_100_100,2025-09-23 21:06:00+08,B004335,2025-09-25 21:06:00+08,Korea,T2,ko,true,,false,false,1,333.3,0.0
U017305,control,2025-09-28 15:43:00+08,B011806,2025-09-30 15:43:00+08,Japan,T2,ko,true,,false,false,0,0.0,0.0
U018972,bundle_100_100,2025-09-12 08:59:00+08,B001588,2025-09-18 08:59:00+08,Thailand,T1,en,true,,false,false,0,0.0,0.0
U026304,airport_150,2025-09-23 22:38:00+08,B015711,2025-09-27 22:38:00+08,Japan,T1,ja,true,,false,false,0,0.0,0.0
U027469,bundle_100_100,2025-10-14 09:48:00+08,B004449,2025-10-19 09:48:00+08,Korea,T1,ja,true,,false,false,0,0.0,0.0
U024750,airport_150,2025-10-14 05:56:00+08,B015811,2025-10-20 05:56:00+08,USA,T2,zh-TW,true,,false,false,0,0.0,0.0
U002217,bundle_100_100,2025-10-20 19:04:00+08,B008924,2025-10-23 19:04:00+08,Hong Kong,T1,ja,true,,false,false,0,0.0,0.0
U008058,bundle_100_100,2025-10-03 08:31:00+08,B012188,2025-10-09 08:31:00+08,USA,T1,ko,true,,false,false,0,0.0,0.0
U017396,bundle_100_100,2025-09-12 07:34:00+08,B016105,2025-09-15 07:34:00+08,Japan,T1,ja,true,,false,false,0,0.0,0.0
U005329,bundle_100_100,2025-10-07 23:48:00+08,B000806,2025-10-09 23:48:00+08,Thailand,T1,en,true,,false,false,1,81.6,0.0
U020541,airport_150,2025-10-15 03:34:00+08,B003259,2025-10-20 03:34:00+08,USA,T2,ja,true,,false,false,0,0.0,0.0
U012624,control,2025-09-13 19:19:00+08,B011486,2025-09-19 19:19:00+08,Hong Kong,T2,en,true,,false,false,0,0.0,0.0
U021861,bundle_100_100,2025-09-27 08:41:00+08,B003175,2025-09-30 08:41:00+08,Korea,T1,en,true,,false,false,0,0.0,0.0
U023050,bundle_100_100,2025-10-13 07:12:00+08,B008968,2025-10-15 07:12:00+08,Korea,T1,zh-TW,true,,false,false,0,0.0,0.0
U009135,airport_150,2025-09-12 22:02:00+08,B001895,2025-09-17 22:02:00+08,Japan,T2,ko,true,,false,false,0,0.0,0.0
U024939,airport_150,2025-10-23 23:34:00+08,B000562,2025-10-24 23:34:00+08,Japan,T2,ko,true,,false,false,0,0.0,0.0
U022835,bundle_100_100,2025-10-07 21:19:00+08,B006835,2025-10-12 21:19:00+08,Korea,T2,zh-TW,true,,false,false,0,0.0,0.0
U029930,bundle_100_100,2025-09-15 17:38:00+08,B007556,2025-09-18 17:38:00+08,USA,T2,ko,true,,false,false,0,0.0,0.0
U005603,airport_150,2025-09-23 05:27:00+08,B009115,2025-09-28 05:27:00+08,USA,T2,zh-TW,true,,false,false,0,0.0,0.0
U016790,airport_150,2025-09-28 05:30:00+08,B002488,2025-10-03 05:30:00+08,USA,T1,ko,true,,false,false,0,0.0,0.0
U004744,bundle_100_100,2025-10-07 10:13:00+08,B003623,2025-10-11 10:13:00+08,Thailand,T1,zh-TW,true,,false,false,0,0.0,0.0
U025960,airport_150,2025-10-04 09:21:00+08,B005321,2025-10-07 09:21:00+08,USA,T1,en,true,,false,false,0,0.0,0.0
U004686,bundle_100_100,2025-09-23 21:40:00+08,B015517,2025-09-27 21:40:00+08,USA,T1,ja,true,,false,false,0,0.0,0.0
U016361,airport_150,2025-09-08 09:44:00+08,B000078,2025-09-11 09:44:00+08,Korea,T1,ja,true,,false,false,0,0.0,0.0
U018462,bundle_100_100,2025-10-15 14:45:00+08,B012093,2025-10-20 14:45:00+08,Singapore,T1,en,true,,false,false,0,0.0,0.0
U020465,control,2025-09-13 09:47:00+08,B009931,2025-09-14 09:47:00+08,Thailand,T1,en,true,,false,false,0,0.0,0.0
U024904,bundle_100_100,2025-09-08 09:49:00+08,B010762,2025-09-10 09:49:00+08,Hong Kong,T1,ja,true,,false,false,0,0.0,0.0
U003390,bundle_100_100,2025-10-19 03:33:00+08,B013021,2025-10-24 03:33:00+08,Korea,T1,ko,true,,false,false,0,0.0,0.0
U005300,airport_150,2025-09-12 23:59:00+08,B017963,2025-09-15 23:59:00+08,Singapore,T2,ko,true,,false,false,0,0.0,0.0
U017779,control,2025-09-30 21:59:00+08,B007754,2025-10-01 21:59:00+08,Korea,T2,ja,true,,false,false,0,0.0,0.0
U015151,bundle_100_100,2025-10-18 03:02:00+08,B010416,2025-10-20 03:02:00+08,Korea,T1,en,true,,false,false,0,0.0,0.0
U009721,airport_150,2025-09-04 23:01:00+08,B016691,2025-09-10 23:01:00+08,USA,T1,zh-TW,true,,false,false,0,0.0,0.0
U023418,bundle_100_100,2025-09-01 23:23:00+08,B010109,2025-09-06 23:23:00+08,Japan,T2,en,true,,false,false,0,0.0,0.0
U020365,bundle_100_100,2025-09-04 04:43:00+08,B002416,2025-09-08 04:43:00+08,Singapore,T2,zh-TW,true,,false,false,0,0.0,0.0
U003980,control,2025-09-26 11:31:00+08,B007016,2025-09-29 11:31:00+08,Korea,T1,en,true,,false,false,0,0.0,0.0
U024589,bundle_100_100,2025-09-09 18:03:00+08,B017816,2025-09-11 18:03:00+08,Hong Kong,T2,ja,true,,false,false,0,0.0,0.0
U025118,bundle_100_100,2025-09-28 00:16:00+08,B013186,2025-09-30 00:16:00+08,Korea,T2,ja,true,,false,false,0,0.0,0.0
U011962,airport_150,2025-09-28 02:34:00+08,B011003,2025-09-30 02:34:00+08,USA,T1,en,true,,false,false,0,0.0,0.0
U015541,bundle_100_100,2025-10-15 06:34:00+08,B001923,2025-10-21 06:34:00+08,Korea,T1,en,true,,false,false,0,0.0,0.0
U020671,airport_150,2025-09-05 13:41:00+08,B003814,2025-09-08 13:41:00+08,Singapore,T1,ja,true,,false,false,0,0.0,0.0
U022546,bundle_100_100,2025-09-25 05:57:00+08,B009733,2025-09-30 05:57:00+08,Korea,T2,ko,true,,false,false,0,0.0,0.0
U024522,airport_150,2025-09-17 09:23:00+08,B010529,2025-09-23 09:23:00+08,USA,T1,ja,true,,false,false,0,0.0,0.0
U014207,control,2025-10-10 10:22:00+08,B004866,2025-10-13 10:22:00+08,Singapore,T2,zh-TW,true,,false,false,0,0.0,0.0
U029852,bundle_100_100,2025-09-08 23:32:00+08,B009401,2025-09-11 23:32:00+08,Korea,T1,ko,true,,false,false,0,0.0,0.0
U019851,bundle_100_100,2025-09-05 11:15:00+08,B008084,2025-09-11 11:15:00+08,Hong Kong,T1,zh-TW,true,,false,false,0,0.0,0.0
U003296,airport_150,2025-10-11 05:46:00+08,B003616,2025-10-13 05:46:00+08,Hong Kong,T1,ja,true,,false,false,0,0.0,0.0
U026434,airport_150,2025-10-18 06:48:00+08,B010010,2025-10-21 06:48:00+08,Singapore,T1,ja,true,,false,false,0,0.0,0.0
U013316,bundle_100_100,2025-09-25 08:41:00+08,B008959,2025-09-29 08:41:00+08,Korea,T2,zh-TW,true,,false,false,0,0.0,0.0
U028071,airport_150,2025-09-01 21:08:00+08,B009474,2025-09-03 21:08:00+08,Thailand,T1,ja,true,,false,false,0,0.0,0.0
U018378,bundle_100_100,2025-10-05 20:47:00+08,B010781,2025-10-11 20:47:00+08,Hong Kong,T1,ja,true,,false,false,0,0.0,0.0
U016216,bundle_100_100,2025-10-09 06:53:00+08,B001134,2025-10-14 06:53:00+08,Hong Kong,T1,zh-TW,true,,false,false,0,0.0,0.0
U007218,bundle_100_100,2025-10-19 23:10:00+08,B000622,2025-10-22 23:10:00+08,Thailand,T1,ko,true,,false,false,0,0.0,0.0
U008099,control,2025-10-18 09:14:00+08,B005191,2025-10-22 09:14:00+08,Singapore,T1,zh-TW,true,,false,false,0,0.0,0.0
U026192,bundle_100_100,2025-09-25 04:02:00+08,B004026,2025-09-27 04:02:00+08,Singapore,T2,ja,true,,false,false,0,0.0,0.0
U007835,airport_150,2025-09-29 01:05:00+08,B015127,2025-10-01 01:05:00+08,Hong Kong,T2,ja,true,,false,false,0,0.0,0.0
U005867,airport_150,2025-09-03 07:40:00+08,B011436,2025-09-09 07:40:00+08,USA,T2,en,true,,false,false,0,0.0,0.0
U015442,bundle_100_100,2025-09-14 02:05:00+08,B007291,2025-09-15 02:05:00+08,Korea,T2,zh-TW,true,,false,false,0,0.0,0.0
U022701,bundle_100_100,2025-10-10 18:11:00+08,B000737,2025-10-16 18:11:00+08,Hong Kong,T2,ko,true,,false,false,0,0.0,0.0
U017795,bundle_100_100,2025-09-14 21:03:00+08,B015061,2025-09-18 21:03:00+08,Singapore,T2,ja,true,,false,false,0,0.0,0.0
U024097,airport_150,2025-09-05 09:31:00+08,B002046,2025-09-07 09:31:00+08,Japan,T2,en,true,,false,false,0,0.0,0.0
U002175,bundle_100_100,2025-10-22 16:19:00+08,B014507,2025-10-26 16:19:00+08,Thailand,T1,en,true,,false,false,0,0.0,0.0
U012556,control,2025-09-03 22:07:00+08,B014340,2025-09-04 22:07:00+08,Singapore,T2,zh-TW,true,,false,false,0,0.0,0.0
U021743,bundle_100_100,2025-09-22 07:44:00+08,B015109,2025-09-23 07:44:00+08,Korea,T2,zh-TW,true,,false,false,0,0.0,0.0
U023770,bundle_100_100,2025-10-13 05:51:00+08,B012231,2025-10-17 05:51:00+08,Korea,T2,ko,true,,false,false,0,0.0,0.0
U029533,airport_150,2025-09-06 16:24:00+08,B007035,2025-09-12 16:24:00+08,Japan,T2,ja,true,,false,false,0,0.0,0.0
U001319,control,2025-10-06 09:36:00+08,B006444,2025-10-12 09:36:00+08,Singapore,T2,en,true,,false,false,0,0.0,0.0
U021673,airport_150,2025-10-02 21:24:00+08,B002915,2025-10-06 21:24:00+08,Singapore,T1,ko,true,,false,false,0,0.0,0.0
U000457,bundle_100_100,2025-09-04 15:32:00+08,B006569,2025-09-07 15:32:00+08,Japan,T2,en,true,,false,false,0,0.0,0.0
U010494,bundle_100_100,2025-09-07 23:00:00+08,B011704,2025-09-09 23:00:00+08,Hong Kong,T2,zh-TW,true,,false,false,0,0.0,0.0
U018922,airport_150,2025-09-11 06:07:00+08,B001930,2025-09-16 06:07:00+08,Singapore,T1,ko,true,,false,false,0,0.0,0.0
U025545,bundle_100_100,2025-10-08 21:24:00+08,B002425,2025-10-13 21:24:00+08,Korea,T2,zh-TW,true,,false,false,0,0.0,0.0
U029081,airport_150,2025-09-15 18:23:00+08,B008652,2025-09-18 18:23:00+08,Thailand,T1,ko,true,,false,false,0,0.0,0.0
U019329,bundle_100_100,2025-09-11 09:50:00+08,B012884,2025-09-14 09:50:00+08,Japan,T2,ko,true,,false,false,0,0.0,0.0
U005108,bundle_100_100,2025-09-24 20:06:00+08,B014023,2025-09-30 20:06:00+08,USA,T1,en,true,,false,false,0,0.0,0.0
U015094,bundle_100_100,2025-10-01 04:11:00+08,B012998,2025-10-02 04:11:00+08,Singapore,T2,ja,true,,false,false,0,0.0,0.0
U022482,bundle_100_100,2025-09-02 16:35:00+08,B009862,2025-09-04 16:35:00+08,Hong Kong,T1,en,true,,false,false,0,0.0,0.0
U010823,bundle_100_100,2025-09-21 23:26:00+08,B017211,2025-09-22 23:26:00+08,Hong Kong,T1,ko,true,,false,false,0,0.0,0.0
U009045,airport_150,2025-10-14 20:50:00+08,B002958,2025-10-18 20:50:00+08,Thailand,T1,zh-TW,true,,false,false,0,0.0,0.0
U010462,airport_150,2025-09-04 19:42:00+08,B007132,2025-09-10 19:42:00+08,Korea,T1,en,true,,false,false,0,0.0,0.0
U013359,bundle_100_100,2025-09-13 09:45:00+08,B001871,2025-09-17 09:45:00+08,USA,T2,ja,true,,false,false,0,0.0,0.0
U013589,bundle_100_100,2025-10-18 10:15:00+08,B007121,2025-10-23 10:15:00+08,Japan,T1,ja,true,,false,false,0,0.0,0.0
U019784,airport_150,2025-09-15 08:21:00+08,B015884,2025-09-19 08:21:00+08,Hong Kong,T2,en,true,,false,false,0,0.0,0.0
U029762,bundle_100_100,2025-09-14 17:52:00+08,B013580,2025-09-15 17:52:00+08,Korea,T1,en,true,,false,false,0,0.0,0.0
U014473,bundle_100_100,2025-09-05 19:09:00+08,B014049,2025-09-10 19:09:00+08,Korea,T1,zh-TW,true,,false,false,0,0.0,0.0
U011555,airport_150,2025-09-21 06:36:00+08,B001913,2025-09-26 06:36:00+08,Thailand,T2,en,true,,false,false,0,0.0,0.0
U014587,control,2025-09-30 06:24:00+08,B011432,2025-10-05 06:24:00+08,Singapore,T1,zh-TW,true,,false,false,0,0.0,0.0
U018157,airport_150,2025-10-18 20:11:00+08,B017389,2025-10-24 20:11:00+08,Japan,T2,ko,true,,false,false,0,0.0,0.0
U009634,airport_150,2025-10-04 21:51:00+08,B005395,2025-10-05 21:51:00+08,Singapore,T1,ko,true,,false,false,0,0.0,0.0
U029132,airport_150,2025-10-17 22:50:00+08,B001151,2025-10-22 22:50:00+08,Hong Kong,T1,zh-TW,true,,false,false,0,0.0,0.0
U001260,airport_150,2025-10-14 03:23:00+08,B006457,2025-10-16 03:23:00+08,Thailand,T1,en,true,,false,false,0,0.0,0.0
U005127,airport_150,2025-10-19 07:05:00+08,B006064,2025-10-24 07:05:00+08,USA,T1,zh-TW,true,,false,false,0,0.0,0.0
U027484,control,2025-09-26 09:53:00+08,B006495,2025-10-01 09:53:00+08,Hong Kong,T2,zh-TW,true,,false,false,0,0.0,0.0
U004189,bundle_100_100,2025-09-03 21:42:00+08,B010407,2025-09-05 21:42:00+08,Hong Kong,T2,ja,true,,false,false,0,0.0,0.0
U011083,control,2025-09-06 23:31:00+08,B016476,2025-09-11 23:31:00+08,Japan,T1,zh-TW,true,,false,false,0,0.0,0.0
U014919,airport_150,2025-10-12 07:23:00+08,B005546,2025-10-13 07:23:00+08,USA,T1,ko,true,,false,false,0,0.0,0.0
U024106,control,2025-10-25 07:22:00+08,B013143,2025-10-26 07:22:00+08,Japan,T1,zh-TW,true,,false,false,0,0.0,0.0
U006033,airport_150,2025-10-07 08:27:00+08,B003827,2025-10-09 08:27:00+08,USA,T2,ko,true,,false,false,0,0.0,0.0
U014251,airport_150,2025-09-25 11:19:00+08,B001929,2025-09-30 11:19:00+08,Korea,T1,zh-TW,true,,false,false,0,0.0,0.0
U021782,bundle_100_100,2025-10-22 13:49:00+08,B007244,2025-10-25 13:49:00+08,Hong Kong,T2,ja,true,,false,false,0,0.0,0.0
U024085,control,2025-09-28 22:38:00+08,B008819,2025-10-04 22:38:00+08,Korea,T2,ko,true,,false,false,0,0.0,0.0
U019890,bundle_100_100,2025-09-06 22:48:00+08,B004919,2025-09-08 22:48:00+08,Korea,T1,ko,true,,false,false,0,0.0,0.0
U025820,airport_150,2025-10-07 20:34:00+08,B001286,2025-10-13 20:34:00+08,Korea,T2,zh-TW,true,,false,false,0,0.0,0.0
U004322,bundle_100_100,2025-09-13 20:57:00+08,B016320,2025-09-18 20:57:00+08,Thailand,T2,en,true,,false,false,0,0.0,0.0
U009182,bundle_100_100,2025-09-17 08:51:00+08,B005476,2025-09-19 08:51:00+08,Hong Kong,T2,en,true,,false,false,0,0.0,0.0
U019907,control,2025-09-14 20:29:00+08,B006022,2025-09-18 20:29:00+08,Korea,T2,ja,true,,false,false,0,0.0,0.0
U029815,bundle_100_100,2025-09-24 00:41:00+08,B016826,2025-09-30 00:41:00+08,Thailand,T1,ko,true,,false,false,0,0.0,0.0
U010631,airport_150,2025-10-11 02:47:00+08,B008541,2025-10-16 02:47:00+08,Singapore,T2,zh-TW,true,,false,false,0,0.0,0.0
U011723,bundle_100_100,2025-10-12 22:25:00+08,B005322,2025-10-14 22:25:00+08,Singapore,T1,en,true,,false,false,0,0.0,0.0
U002859,airport_150,2025-09-06 15:38:00+08,B004875,2025-09-09 15:38:00+08,Singapore,T1,ja,true,,false,false,0,0.0,0.0
U006401,bundle_100_100,2025-09-08 23:18:00+08,B011667,2025-09-12 23:18:00+08,Thailand,T2,ko,true,,false,false,0,0.0,0.0
U016506,airport_150,2025-10-09 09:57:00+08,B007073,2025-10-11 09:57:00+08,Korea,T2,zh-TW,true,,false,false,0,0.0,0.0
U003736,airport_150,2025-09-12 16:53:00+08,B010571,2025-09-13 16:53:00+08,Thailand,T2,ko,true,,false,false,0,0.0,0.0
U006165,airport_150,2025-09-15 05:35:00+08,B010237,2025-09-20 05:35:00+08,Thailand,T1,en,true,,false,false,0,0.0,0.0
U020106,airport_150,2025-09-20 08:12:00+08,B005039,2025-09-26 08:12:00+08,Korea,T2,ja,true,,false,false,0,0.0,0.0
U018962,bundle_100_100,2025-09-28 20:52:00+08,B003270,2025-09-29 20:52:00+08,Korea,T1,en,true,,false,false,0,0.0,0.0
U019487,airport_150,2025-09-08 23:56:00+08,B007630,2025-09-10 23:56:00+08,Singapore,T1,zh-TW,true,,false,false,0,0.0,0.0
U007844,airport_150,2025-09-06 07:18:00+08,B000979,2025-09-11 07:18:00+08,USA,T1,en,true,,false,false,0,0.0,0.0
U008950,bundle_100_100,2025-09-10 07:03:00+08,B016266,2025-09-11 07:03:00+08,Korea,T1,ko,true,,false,false,0,0.0,0.0
U005931,airport_150,2025-09-25 06:23:00+08,B010569,2025-09-29 06:23:00+08,USA,T1,en,true,,false,false,0,0.0,0.0
U018308,bundle_100_100,2025-10-05 20:15:00+08,B014139,2025-10-11 20:15:00+08,Singapore,T1,ko,true,,false,false,0,0.0,0.0
U005789,bundle_100_100,2025-10-01 21:25:00+08,B004801,2025-10-03 21:25:00+08,Hong Kong,T2,en,true,,false,false,0,0.0,0.0
U007105,control,2025-09-16 22:55:00+08,B009203,2025-09-20 22:55:00+08,Hong Kong,T2,ko,true,,false,false,0,0.0,0.0
U017225,bundle_100_100,2025-10-03 11:06:00+08,B011874,2025-10-05 11:06:00+08,Korea,T2,en,true,,false,false,0,0.0,0.0
U017621,airport_150,2025-10-05 06:47:00+08,B015101,2025-10-06 06:47:00+08,Korea,T1,ko,true,,false,false,0,0.0,0.0
U003112,bundle_100_100,2025-09-11 20:11:00+08,B011087,2025-09-17 20:11:00+08,Korea,T1,zh-TW,true,,false,false,0,0.0,0.0
U017962,control,2025-09-09 12:41:00+08,B006401,2025-09-12 12:41:00+08,Korea,T1,ja,true,,false,false,0,0.0,0.0
U021998,bundle_100_100,2025-09-25 09:19:00+08,B006999,2025-09-28 09:19:00+08,Korea,T2,ja,true,,false,false,0,0.0,0.0
U017310,airport_150,2025-10-11 03:07:00+08,B010130,2025-10-15 03:07:00+08,Thailand,T2,zh-TW,true,,false,false,0,0.0,0.0
U005998,bundle_100_100,2025-09-22 22:35:00+08,B009607,2025-09-26 22:35:00+08,Singapore,T1,ko,true,,false,false,0,0.0,0.0
U007010,airport_150,2025-10-11 12:27:00+08,B010783,2025-10-16 12:27:00+08,Japan,T2,ko,true,,false,false,0,0.0,0.0
U003634,airport_150,2025-10-05 09:18:00+08,B009752,2025-10-08 09:18:00+08,Thailand,T1,en,true,,false,false,0,0.0,0.0
U012420,airport_150,2025-10-13 01:51:00+08,B007571,2025-10-18 01:51:00+08,Thailand,T1,en,true,,false,false,0,0.0,0.0
U017070,airport_150,2025-10-20 21:40:00+08,B009713,2025-10-21 21:40:00+08,Korea,T1,ko,true,,false,false,0,0.0,0.0
U023893,bundle_100_100,2025-10-08 03:09:00+08,B015556,2025-10-10 03:09:00+08,Japan,T1,zh-TW,true,,false,false,0,0.0,0.0
U000070,bundle_100_100,2025-09-26 08:23:00+08,B016356,2025-09-27 08:23:00+08,Thailand,T2,en,true,,false,false,0,0.0,0.0
U029067,bundle_100_100,2025-10-19 11:21:00+08,B013669,2025-10-24 11:21:00+08,Hong Kong,T2,ja,true,,false,false,0,0.0,0.0
U027315,bundle_100_100,2025-09-21 20:53:00+08,B013489,2025-09-26 20:53:00+08,Japan,T1,en,true,,false,false,0,0.0,0.0
U010968,bundle_100_100,2025-09-12 21:24:00+08,B017479,2025-09-18 21:24:00+08,Singapore,T2,zh-TW,true,,false,false,0,0.0,0.0
U013313,airport_150,2025-09-14 06:06:00+08,B004879,2025-09-17 06:06:00+08,Korea,T2,zh-TW,true,,false,false,0,0.0,0.0
U015037,bundle_100_100,2025-10-16 23:31:00+08,B013913,2025-10-22 23:31:00+08,Japan,T1,zh-TW,true,,false,false,1,61.199999999999996,0.0
U028881,airport_150,2025-10-02 09:49:00+08,B017496,2025-10-06 09:49:00+08,Hong Kong,T2,zh-TW,true,,false,false,0,0.0,0.0
U009648,airport_150,2025-09-22 21:50:00+08,B015863,2025-09-27 21:50:00+08,Hong Kong,T1,en,true,,false,false,0,0.0,0.0
U023107,airport_150,2025-09-20 05:22:00+08,B006357,2025-09-23 05:22:00+08,Japan,T1,en,true,,false,false,0,0.0,0.0
U020148,bundle_100_100,2025-09-04 04:42:00+08,B000046,2025-09-08 04:42:00+08,Singapore,T1,en,true,,false,false,0,0.0,0.0
U020383,bundle_100_100,2025-10-08 12:28:00+08,B010593,2025-10-09 12:28:00+08,Thailand,T1,zh-TW,true,,false,false,0,0.0,0.0
U023143,control,2025-10-14 13:27:00+08,B011317,2025-10-16 13:27:00+08,USA,T2,ko,true,,false,false,0,0.0,0.0
U001572,airport_150,2025-09-10 04:30:00+08,B015658,2025-09-11 04:30:00+08,Japan,T2,ja,true,,false,false,0,0.0,0.0
U007661,control,2025-09-12 04:38:00+08,B001242,2025-09-13 04:38:00+08,Japan,T1,ko,true,,false,false,0,0.0,0.0
U009967,bundle_100_100,2025-10-16 09:37:00+08,B010341,2025-10-17 09:37:00+08,Hong Kong,T1,ja,true,,false,false,0,0.0,0.0
U007420,bundle_100_100,2025-09-28 22:59:00+08,B001817,2025-10-03 22:59:00+08,Korea,T1,ko,true,,false,false,0,0.0,0.0
U017690,airport_150,2025-09-01 22:57:00+08,B010145,2025-09-06 22:57:00+08,Hong Kong,T1,zh-TW,true,,false,false,0,0.0,0.0
U026383,airport_150,2025-10-20 09:49:00+08,B016141,2025-10-25 09:49:00+08,Japan,T2,ja,true,,false,false,0,0.0,0.0
U007480,bundle_100_100,2025-09-12 11:19:00+08,B015247,2025-09-16 11:19:00+08,Hong Kong,T2,ja,true,,false,false,0,0.0,0.0
U007619,airport_150,2025-09-08 23:30:00+08,B006641,2025-09-10 23:30:00+08,Korea,T1,ko,true,,false,false,0,0.0,0.0
U004077,bundle_100_100,2025-09-14 13:00:00+08,B002184,2025-09-17 13:00:00+08,Korea,T2,ko,true,,false,false,0,0.0,0.0
U016568,airport_150,2025-10-15 13:40:00+08,B009583,2025-10-16 13:40:00+08,Korea,T1,en,true,,false,false,0,0.0,0.0
U017085,airport_150,2025-10-13 20:53:00+08,B016479,2025-10-19 20:53:00+08,USA,T1,ja,true,,false,false,0,0.0,0.0
U018264,bundle_100_100,2025-09-07 06:38:00+08,B011288,2025-09-12 06:38:00+08,Thailand,T2,ko,true,,false,false,0,0.0,0.0
U027605,bundle_100_100,2025-10-14 20:06:00+08,B001770,2025-10-20 20:06:00+08,Japan,T1,zh-TW,true,2025-10-20 20:32:00+08,true,false,1,144.5,100.0
U017071,bundle_100_100,2025-09-25 21:44:00+08,B001393,2025-09-26 21:44:00+08,Japan,T2,zh-TW,true,2025-09-26 22:10:00+08,true,true,2,-41.900000000000006,200.0
U001680,airport_150,2025-09-23 02:31:00+08,B016693,2025-09-29 02:31:00+08,Japan,T1,en,true,2025-09-29 03:23:00+08,true,false,1,21.599999999999994,150.0
U003962,airport_150,2025-10-07 22:20:00+08,B016497,2025-10-10 22:20:00+08,Thailand,T2,en,true,2025-10-10 22:54:00+08,true,false,1,59.099999999999994,150.0
U014224,bundle_100_100,2025-10-06 18:59:00+08,B001752,2025-10-08 18:59:00+08,Singapore,T1,ja,true,2025-10-08 20:30:00+08,true,true,2,135.4,200.0
U008498,bundle_100_100,2025-09-22 12:20:00+08,B009507,2025-09-25 12:20:00+08,Japan,T1,en,true,2025-09-25 13:18:00+08,true,false,1,120.79999999999998,100.0
U006441,bundle_100_100,2025-09-17 13:53:00+08,B010479,2025-09-21 13:53:00+08,USA,T1,en,true,2025-09-21 15:53:00+08,true,true,2,60.699999999999996,200.0
U012276,airport_150,2025-09-22 23:50:00+08,B011040,2025-09-25 23:50:00+08,Korea,T2,zh-TW,true,2025-09-26 00:24:00+08,true,false,1,79.79999999999998,150.0
U004502,bundle_100_100,2025-09-04 08:34:00+08,B000261,2025-09-06 08:34:00+08,USA,T2,zh-TW,true,2025-09-06 10:24:00+08,true,true,2,78.69999999999999,200.0
U005361,bundle_100_100,2025-09-20 21:12:00+08,B001096,2025-09-24 21:12:00+08,Korea,T2,zh-TW,true,2025-09-24 22:07:00+08,true,false,1,128.29999999999998,100.0
U009345,airport_150,2025-10-14 06:17:00+08,B014984,2025-10-20 06:17:00+08,Singapore,T2,en,true,2025-10-20 08:11:00+08,true,false,1,150.0,150.0
U011761,bundle_100_100,2025-09-11 15:55:00+08,B008160,2025-09-14 15:55:00+08,Hong Kong,T2,ko,true,2025-09-14 16:36:00+08,true,false,1,115.69999999999999,100.0
U002672,airport_150,2025-09-17 21:05:00+08,B017178,2025-09-18 21:05:00+08,Thailand,T1,ko,true,2025-09-18 22:06:00+08,true,false,1,85.79999999999998,150.0
U020620,airport_150,2025-10-17 10:30:00+08,B002206,2025-10-19 10:30:00+08,USA,T2,en,true,2025-10-19 12:11:00+08,true,false,1,48.599999999999994,150.0
U022747,bundle_100_100,2025-10-12 15:18:00+08,B010837,2025-10-17 15:18:00+08,Singapore,T2,ko,true,2025-10-17 17:18:00+08,true,true,2,42.39999999999999,200.0
U000206,airport_150,2025-09-17 09:37:00+08,B001503,2025-09-20 09:37:00+08,Singapore,T1,ja,true,2025-09-20 10:16:00+08,true,false,1,83.39999999999998,150.0
U018882,airport_150,2025-09-22 07:20:00+08,B006338,2025-09-25 07:20:00+08,Japan,T1,ko,true,2025-09-25 08:29:00+08,true,false,1,90.89999999999998,150.0
U025398,airport_150,2025-09-25 08:11:00+08,B002680,2025-09-29 08:11:00+08,Hong Kong,T2,ja,true,2025-09-29 08:53:00+08,true,false,1,131.7,150.0
U014734,bundle_100_100,2025-09-22 07:49:00+08,B012330,2025-09-25 07:49:00+08,Japan,T1,ja,true,2025-09-25 09:21:00+08,true,false,1,116.0,100.0
U010839,bundle_100_100,2025-09-06 05:33:00+08,B016882,2025-09-08 05:33:00+08,Singapore,T1,ko,true,2025-09-08 05:54:00+08,true,false,1,133.1,100.0
U000872,airport_150,2025-09-20 21:48:00+08,B015579,2025-09-26 21:48:00+08,Korea,T1,ko,true,2025-09-26 22:26:00+08,true,false,1,197.09999999999997,150.0
U002372,bundle_100_100,2025-09-03 10:40:00+08,B015313,2025-09-08 10:40:00+08,Japan,T1,ja,true,2025-09-08 11:17:00+08,true,true,2,84.99999999999997,200.0
U017789,airport_150,2025-09-20 06:21:00+08,B010810,2025-09-25 06:21:00+08,Korea,T1,ko,true,2025-09-25 07:29:00+08,true,false,1,153.3,150.0
U024137,airport_150,2025-09-18 22:33:00+08,B012205,2025-09-21 22:33:00+08,USA,T1,zh-TW,true,2025-09-21 23:32:00+08,true,false,1,-45.900000000000006,150.0
U012818,airport_150,2025-09-02 08:19:00+08,B000010,2025-09-07 08:19:00+08,Japan,T2,ko,true,2025-09-07 09:15:00+08,true,false,1,57.0,150.0
U025190,bundle_100_100,2025-09-23 20:03:00+08,B014177,2025-09-24 20:03:00+08,USA,T2,zh-TW,true,2025-09-24 21:25:00+08,true,false,1,-0.4000000000000057,100.0
U005422,bundle_100_100,2025-09-30 07:15:00+08,B000967,2025-10-04 07:15:00+08,USA,T2,en,true,2025-10-04 08:23:00+08,true,true,2,119.19999999999999,200.0
U001198,bundle_100_100,2025-10-14 17:09:00+08,B000015,2025-10-15 17:09:00+08,Hong Kong,T2,ja,true,2025-10-15 19:04:00+08,true,false,1,111.79999999999998,100.0
U013720,airport_150,2025-10-09 09:23:00+08,B016747,2025-10-11 09:23:00+08,Hong Kong,T2,en,true,2025-10-11 11:05:00+08,true,true,2,121.5,150.0
U004197,bundle_100_100,2025-09-29 08:46:00+08,B015978,2025-10-05 08:46:00+08,USA,T2,ko,true,2025-10-05 09:26:00+08,true,true,2,35.5,200.0
U028335,bundle_100_100,2025-09-06 20:42:00+08,B010720,2025-09-09 20:42:00+08,Japan,T1,zh-TW,true,2025-09-09 21:41:00+08,true,true,2,242.79999999999998,200.0
U006933,bundle_100_100,2025-09-15 08:51:00+08,B000814,2025-09-17 08:51:00+08,Japan,T1,ko,true,2025-09-17 10:17:00+08,true,false,1,117.5,100.0
U011978,airport_150,2025-10-21 05:20:00+08,B014447,2025-10-22 05:20:00+08,Hong Kong,T2,ja,true,2025-10-22 06:39:00+08,true,true,2,363.29999999999995,150.0
U013367,bundle_100_100,2025-09-05 14:06:00+08,B008299,2025-09-10 14:06:00+08,Singapore,T2,ko,true,2025-09-10 15:40:00+08,true,true,2,124.89999999999999,200.0
U000435,airport_150,2025-09-18 21:49:00+08,B014815,2025-09-19 21:49:00+08,Singapore,T1,ko,true,2025-09-19 23:47:00+08,true,false,1,143.7,150.0
U011118,airport_150,2025-10-20 20:28:00+08,B014589,2025-10-23 20:28:00+08,Korea,T2,ko,true,2025-10-23 21:20:00+08,true,true,2,222.0,150.0
U000008,bundle_100_100,2025-10-19 10:59:00+08,B010472,2025-10-22 10:59:00+08,Singapore,T1,zh-TW,true,2025-10-22 11:45:00+08,true,false,1,118.69999999999999,100.0
U000124,bundle_100_100,2025-09-19 02:14:00+08,B009649,2025-09-21 02:14:00+08,Japan,T2,en,true,2025-09-21 02:57:00+08,true,false,1,117.5,100.0
U020206,bundle_100_100,2025-10-02 04:44:00+08,B008547,2025-10-06 04:44:00+08,Thailand,T2,ko,true,2025-10-06 05:21:00+08,true,false,1,203.89999999999998,100.0
U021487,airport_150,2025-10-23 05:26:00+08,B014975,2025-10-26 05:26:00+08,Japan,T1,en,true,2025-10-26 06:49:00+08,true,true,2,418.2,150.0
U004757,bundle_100_100,2025-09-27 06:55:00+08,B013655,2025-09-30 06:55:00+08,Singapore,T2,zh-TW,true,2025-09-30 08:10:00+08,true,false,1,167.89999999999998,100.0
U014140,bundle_100_100,2025-09-20 17:28:00+08,B013178,2025-09-21 17:28:00+08,Thailand,T2,ko,true,2025-09-21 18:52:00+08,true,false,1,161.59999999999997,100.0
U021421,airport_150,2025-09-20 01:48:00+08,B000224,2025-09-23 01:48:00+08,Thailand,T2,ko,true,2025-09-23 03:30:00+08,true,false,1,59.099999999999994,150.0
U013303,airport_150,2025-09-06 03:11:00+08,B001598,2025-09-07 03:11:00+08,USA,T1,zh-TW,true,2025-09-07 05:03:00+08,true,true,2,203.39999999999998,150.0
U016368,airport_150,2025-09-21 02:51:00+08,B000986,2025-09-27 02:51:00+08,Singapore,T2,ko,true,2025-09-27 04:23:00+08,true,false,1,31.19999999999999,150.0
U020288,airport_150,2025-09-13 06:23:00+08,B012315,2025-09-17 06:23:00+08,USA,T1,en,true,2025-09-17 06:51:00+08,true,false,1,186.3,150.0
U015730,airport_150,2025-09-04 22:21:00+08,B003439,2025-09-06 22:21:00+08,Hong Kong,T2,en,true,2025-09-06 23:57:00+08,true,false,1,73.79999999999998,150.0
U001711,airport_150,2025-09-17 06:46:00+08,B007254,2025-09-19 06:46:00+08,Singapore,T2,zh-TW,true,2025-09-19 08:07:00+08,true,false,1,84.29999999999998,150.0
U022911,airport_150,2025-10-05 08:10:00+08,B012997,2025-10-11 08:10:00+08,Korea,T2,ja,true,2025-10-11 10:02:00+08,true,false,1,52.5,150.0
U029633,airport_150,2025-10-10 22:07:00+08,B007150,2025-10-13 22:07:00+08,Japan,T1,zh-TW,true,2025-10-13 23:48:00+08,true,true,2,124.79999999999998,150.0
U006430,bundle_100_100,2025-10-17 18:42:00+08,B014775,2025-10-20 18:42:00+08,Korea,T2,en,true,2025-10-20 20:15:00+08,true,false,1,146.89999999999998,100.0
U014147,airport_150,2025-09-26 11:41:00+08,B007627,2025-09-27 11:41:00+08,Singapore,T2,en,true,2025-09-27 13:40:00+08,true,false,1,35.69999999999999,150.0
U024311,airport_150,2025-09-09 00:14:00+08,B009540,2025-09-12 00:14:00+08,USA,T1,ko,true,2025-09-12 01:01:00+08,true,false,1,53.69999999999999,150.0
U019383,bundle_100_100,2025-09-15 08:58:00+08,B015754,2025-09-17 08:58:00+08,Singapore,T2,en,true,2025-09-17 09:37:00+08,true,false,1,112.4,100.0
U023739,bundle_100_100,2025-09-11 08:59:00+08,B003257,2025-09-13 08:59:00+08,Thailand,T2,en,true,2025-09-13 10:07:00+08,true,true,2,226.59999999999997,200.0
U009107,airport_150,2025-10-17 05:17:00+08,B015853,2025-10-20 05:17:00+08,Hong Kong,T2,zh-TW,true,2025-10-20 07:05:00+08,true,false,1,108.0,150.0
U009369,airport_150,2025-10-10 04:10:00+08,B003151,2025-10-15 04:10:00+08,Singapore,T1,ko,true,2025-10-15 04:56:00+08,true,false,1,-78.60000000000001,150.0
U014345,airport_150,2025-09-10 07:11:00+08,B014224,2025-09-16 07:11:00+08,Thailand,T2,ja,true,2025-09-16 08:24:00+08,true,true,2,156.89999999999998,150.0
U029056,bundle_100_100,2025-10-08 23:53:00+08,B007884,2025-10-10 23:53:00+08,Japan,T1,ko,true,2025-10-11 01:45:00+08,true,false,1,92.6,100.0
U007360,bundle_100_100,2025-10-08 22:44:00+08,B005816,2025-10-11 22:44:00+08,Japan,T1,en,true,2025-10-11 23:45:00+08,true,true,2,215.8,200.0
U012010,bundle_100_100,2025-10-03 00:23:00+08,B003444,2025-10-06 00:23:00+08,USA,T2,zh-TW,true,2025-10-06 01:08:00+08,true,true,2,152.5,200.0
U028381,airport_150,2025-10-17 07:37:00+08,B010070,2025-10-19 07:37:00+08,Korea,T1,ja,true,2025-10-19 09:25:00+08,true,false,1,74.1,150.0
U026757,bundle_100_100,2025-09-16 17:42:00+08,B000109,2025-09-17 17:42:00+08,USA,T1,ko,true,2025-09-17 18:27:00+08,true,false,1,104.0,100.0
U009352,bundle_100_100,2025-09-03 18:25:00+08,B016594,2025-09-05 18:25:00+08,Thailand,T1,zh-TW,true,2025-09-05 18:52:00+08,true,true,2,-6.799999999999997,200.0
U018881,bundle_100_100,2025-09-23 04:57:00+08,B008044,2025-09-24 04:57:00+08,Japan,T2,ko,true,2025-09-24 06:34:00+08,true,true,2,208.59999999999997,200.0
U014854,airport_150,2025-09-21 10:00:00+08,B013793,2025-09-26 10:00:00+08,Thailand,T1,ja,true,2025-09-26 11:56:00+08,true,false,1,28.19999999999999,150.0
U027535,airport_150,2025-10-08 18:40:00+08,B015368,2025-10-14 18:40:00+08,Korea,T2,zh-TW,true,2025-10-14 20:02:00+08,true,true,2,258.0,150.0
U002535,airport_150,2025-09-16 22:19:00+08,B016954,2025-09-17 22:19:00+08,USA,T1,en,true,2025-09-17 22:43:00+08,true,false,1,123.89999999999998,150.0
U020093,bundle_100_100,2025-09-03 09:38:00+08,B005489,2025-09-08 09:38:00+08,Japan,T1,zh-TW,true,2025-09-08 10:46:00+08,true,false,1,-27.400000000000006,100.0
U006646,bundle_100_100,2025-10-10 23:43:00+08,B004388,2025-10-15 23:43:00+08,Singapore,T2,en,true,2025-10-16 00:42:00+08,true,false,1,121.4,100.0
U019560,airport_150,2025-10-01 21:21:00+08,B007360,2025-10-06 21:21:00+08,Japan,T1,ja,true,2025-10-06 21:59:00+08,true,false,1,131.09999999999997,150.0
U012478,bundle_100_100,2025-09-20 21:56:00+08,B002856,2025-09-21 21:56:00+08,Korea,T2,ko,true,2025-09-21 23:29:00+08,true,false,1,110.0,100.0
U021785,airport_150,2025-09-01 09:22:00+08,B005517,2025-09-06 09:22:00+08,Hong Kong,T1,en,true,2025-09-06 09:42:00+08,true,false,1,61.79999999999998,150.0
U010329,airport_150,2025-10-06 17:08:00+08,B012196,2025-10-10 17:08:00+08,USA,T2,ko,true,2025-10-10 18:42:00+08,true,false,1,90.6,150.0
U005896,airport_150,2025-10-05 22:44:00+08,B013754,2025-10-09 22:44:00+08,Hong Kong,T1,en,true,2025-10-09 23:49:00+08,true,false,1,64.5,150.0
U009397,airport_150,2025-10-10 14:55:00+08,B008022,2025-10-14 14:55:00+08,Korea,T1,zh-TW,true,2025-10-14 15:51:00+08,true,false,1,54.900000000000006,150.0
U008956,bundle_100_100,2025-10-07 02:45:00+08,B007104,2025-10-13 02:45:00+08,Japan,T2,zh-TW,true,2025-10-13 04:18:00+08,true,true,2,151.1,100.0
U021579,bundle_100_100,2025-10-18 23:47:00+08,B014250,2025-10-22 23:47:00+08,Hong Kong,T1,ja,true,2025-10-23 00:55:00+08,true,false,1,73.69999999999999,100.0
U013375,bundle_100_100,2025-09-14 02:46:00+08,B005000,2025-09-16 02:46:00+08,Thailand,T2,ko,true,2025-09-16 03:06:00+08,true,false,1,134.89999999999998,100.0
U014316,bundle_100_100,2025-09-29 22:27:00+08,B000154,2025-10-01 22:27:00+08,Hong Kong,T1,ko,true,2025-10-01 23:49:00+08,true,false,1,153.79999999999998,100.0
U012634,airport_150,2025-09-18 20:59:00+08,B017976,2025-09-20 20:59:00+08,Thailand,T2,ko,true,2025-09-20 22:48:00+08,true,true,2,259.2,150.0
U012389,airport_150,2025-09-02 08:46:00+08,B014645,2025-09-05 08:46:00+08,Singapore,T1,zh-TW,true,2025-09-05 09:11:00+08,true,false,1,-77.4,150.0
U016231,bundle_100_100,2025-09-04 14:53:00+08,B007440,2025-09-09 14:53:00+08,Singapore,T2,ko,true,2025-09-09 16:21:00+08,true,false,1,74.9,100.0
U022314,bundle_100_100,2025-09-02 20:57:00+08,B007181,2025-09-06 20:57:00+08,Singapore,T1,en,true,2025-09-06 21:42:00+08,true,false,1,155.6,100.0
U011778,airport_150,2025-10-18 23:10:00+08,B013306,2025-10-22 23:10:00+08,Singapore,T1,en,true,2025-10-22 23:54:00+08,true,false,1,126.0,150.0
U024834,bundle_100_100,2025-10-19 02:32:00+08,B008902,2025-10-24 02:32:00+08,Japan,T2,ja,true,2025-10-24 04:14:00+08,true,false,1,135.79999999999998,100.0
U004783,bundle_100_100,2025-09-06 09:35:00+08,B017121,2025-09-11 09:35:00+08,USA,T2,en,true,2025-09-11 10:05:00+08,true,false,1,107.29999999999998,100.0
U018755,airport_150,2025-10-11 23:11:00+08,B011136,2025-10-14 23:11:00+08,USA,T1,en,true,2025-10-15 00:20:00+08,true,false,1,27.0,150.0
U022241,airport_150,2025-09-14 00:19:00+08,B013469,2025-09-19 00:19:00+08,Hong Kong,T2,en,true,2025-09-19 02:12:00+08,true,true,2,177.60000000000002,150.0
U013210,bundle_100_100,2025-09-10 15:05:00+08,B015189,2025-09-16 15:05:00+08,Singapore,T1,ja,true,2025-09-16 15:51:00+08,true,true,2,139.89999999999998,200.0
U010009,airport_150,2025-10-03 08:43:00+08,B005604,2025-10-08 08:43:00+08,Thailand,T1,ja,true,2025-10-08 10:09:00+08,true,true,2,91.5,150.0
U026762,bundle_100_100,2025-09-25 12:44:00+08,B003461,2025-10-01 12:44:00+08,Hong Kong,T2,ko,true,2025-10-01 14:08:00+08,true,true,2,86.5,200.0
U004231,airport_150,2025-10-04 22:49:00+08,B017024,2025-10-08 22:49:00+08,Thailand,T1,ja,true,2025-10-09 00:47:00+08,true,false,1,48.900000000000006,150.0
U028208,airport_150,2025-09-24 12:50:00+08,B002589,2025-09-27 12:50:00+08,Singapore,T2,en,true,2025-09-27 13:28:00+08,true,true,2,249.6,150.0
U002190,airport_150,2025-10-19 08:55:00+08,B008601,2025-10-24 08:55:00+08,Thailand,T1,ja,true,2025-10-24 10:00:00+08,true,false,1,29.400000000000006,150.0
U025146,bundle_100_100,2025-09-30 22:05:00+08,B013527,2025-10-01 22:05:00+08,Singapore,T2,ja,true,2025-10-01 23:59:00+08,true,false,1,-3.1000000000000085,100.0
U024793,airport_150,2025-10-16 16:01:00+08,B000646,2025-10-21 16:01:00+08,Singapore,T2,ko,true,2025-10-21 17:14:00+08,true,false,1,49.5,150.0
U001466,bundle_100_100,2025-09-16 05:26:00+08,B017951,2025-09-21 05:26:00+08,Singapore,T1,ja,true,2025-09-21 07:13:00+08,true,true,2,136.0,200.0
U024187,bundle_100_100,2025-09-25 02:22:00+08,B013133,2025-09-30 02:22:00+08,Japan,T2,en,true,2025-09-30 04:00:00+08,true,true,2,143.5,200.0
U027129,airport_150,2025-10-20 05:19:00+08,B014977,2025-10-22 05:19:00+08,Hong Kong,T2,ja,true,2025-10-22 06:55:00+08,true,false,1,-30.30000000000001,150.0
U005745,bundle_100_100,2025-09-01 01:46:00+08,B005146,2025-09-03 01:46:00+08,Thailand,T1,zh-TW,true,2025-09-03 03:39:00+08,true,false,1,98.0,100.0
U007177,airport_150,2025-09-27 08:57:00+08,B002534,2025-09-28 08:57:00+08,Singapore,T2,en,true,2025-09-28 09:33:00+08,true,false,2,214.8,150.0
U020214,airport_150,2025-10-14 07:45:00+08,B002303,2025-10-20 07:45:00+08,USA,T2,ko,true,2025-10-20 08:49:00+08,true,false,1,-34.5,150.0
U000798,airport_150,2025-09-16 03:00:00+08,B004596,2025-09-20 03:00:00+08,Thailand,T2,zh-TW,true,2025-09-20 03:42:00+08,true,false,1,57.599999999999994,150.0
U016342,airport_150,2025-09-15 12:24:00+08,B001155,2025-09-17 12:24:00+08,Japan,T1,ko,true,2025-09-17 13:30:00+08,true,true,2,145.5,150.0
U019284,airport_150,2025-10-09 11:25:00+08,B001636,2025-10-10 11:25:00+08,Singapore,T2,zh-TW,true,2025-10-10 12:14:00+08,true,false,1,29.400000000000006,150.0
U028078,airport_150,2025-09-09 23:56:00+08,B007429,2025-09-13 23:56:00+08,Japan,T2,ko,true,2025-09-14 00:20:00+08,true,true,2,125.7,150.0
U012801,airport_150,2025-10-22 22:08:00+08,B009754,2025-10-23 22:08:00+08,Korea,T1,zh-TW,true,2025-10-23 23:33:00+08,true,false,1,110.09999999999997,150.0
U005482,bundle_100_100,2025-10-05 20:06:00+08,B011942,2025-10-07 20:06:00+08,Singapore,T1,ja,true,2025-10-07 21:38:00+08,true,true,2,328.29999999999995,200.0
U005052,airport_150,2025-10-21 08:56:00+08,B008491,2025-10-24 08:56:00+08,USA,T2,ja,true,2025-10-24 10:44:00+08,true,false,1,74.69999999999999,150.0
U009707,airport_150,2025-09-25 09:39:00+08,B013957,2025-09-27 09:39:00+08,Thailand,T2,en,true,2025-09-27 11:28:00+08,true,false,1,86.69999999999999,150.0
U017054,bundle_100_100,2025-10-19 08:25:00+08,B007374,2025-10-24 08:25:00+08,Singapore,T2,ja,true,2025-10-24 08:53:00+08,true,false,1,190.39999999999998,100.0
U029946,airport_150,2025-09-06 03:21:00+08,B003016,2025-09-10 03:21:00+08,Singapore,T2,ko,true,2025-09-10 04:02:00+08,true,false,1,128.09999999999997,150.0
U006074,airport_150,2025-10-21 03:25:00+08,B012470,2025-10-26 03:25:00+08,USA,T2,ko,true,2025-10-26 04:15:00+08,true,false,1,88.79999999999998,150.0
U004142,airport_150,2025-09-03 05:54:00+08,B016626,2025-09-08 05:54:00+08,USA,T2,en,true,2025-09-08 07:46:00+08,true,false,1,165.59999999999997,150.0
U020306,airport_150,2025-09-19 08:52:00+08,B002349,2025-09-20 08:52:00+08,USA,T1,en,true,2025-09-20 09:37:00+08,true,false,1,104.39999999999998,150.0
U022791,bundle_100_100,2025-10-01 18:39:00+08,B011473,2025-10-06 18:39:00+08,Korea,T2,ko,true,2025-10-06 20:26:00+08,true,false,1,14.899999999999991,100.0
U018936,airport_150,2025-09-22 05:37:00+08,B009653,2025-09-23 05:37:00+08,USA,T1,zh-TW,true,2025-09-23 06:38:00+08,true,false,1,126.59999999999997,150.0
U018188,bundle_100_100,2025-10-14 20:15:00+08,B017679,2025-10-19 20:15:00+08,Japan,T2,en,true,2025-10-19 21:32:00+08,true,true,3,440.5,200.0
U000007,airport_150,2025-09-04 13:28:00+08,B016986,2025-09-05 13:28:00+08,USA,T2,zh-TW,true,2025-09-05 13:59:00+08,true,false,1,19.799999999999983,150.0
U013696,airport_150,2025-10-02 02:36:00+08,B015246,2025-10-04 02:36:00+08,Korea,T1,ja,true,2025-10-04 04:02:00+08,true,false,1,74.69999999999999,150.0
U000607,bundle_100_100,2025-10-17 09:44:00+08,B007400,2025-10-22 09:44:00+08,Hong Kong,T1,en,true,2025-10-22 10:54:00+08,true,true,2,23.19999999999998,200.0
U002257,bundle_100_100,2025-10-15 20:57:00+08,B010125,2025-10-17 20:57:00+08,Hong Kong,T2,zh-TW,true,2025-10-17 21:20:00+08,true,false,1,1.0999999999999943,100.0
U014086,bundle_100_100,2025-10-12 11:03:00+08,B013777,2025-10-17 11:03:00+08,Singapore,T1,ko,true,2025-10-17 11:44:00+08,true,false,1,125.9,100.0
U024035,airport_150,2025-09-08 00:41:00+08,B007787,2025-09-12 00:41:00+08,Korea,T1,zh-TW,true,2025-09-12 01:47:00+08,true,false,1,12.599999999999994,150.0
U015895,airport_150,2025-10-11 10:04:00+08,B017861,2025-10-13 10:04:00+08,Thailand,T2,ko,true,2025-10-13 11:25:00+08,true,false,1,73.19999999999999,150.0
U025677,airport_150,2025-09-04 15:52:00+08,B002299,2025-09-10 15:52:00+08,Thailand,T2,zh-TW,true,2025-09-10 16:45:00+08,true,false,1,19.19999999999999,150.0
U017884,airport_150,2025-10-21 09:44:00+08,B010751,2025-10-25 09:44:00+08,Thailand,T2,en,true,2025-10-25 11:12:00+08,true,false,1,117.30000000000001,150.0
U016592,bundle_100_100,2025-10-15 13:41:00+08,B007675,2025-10-16 13:41:00+08,Thailand,T2,ko,true,2025-10-16 15:33:00+08,true,false,1,123.79999999999998,100.0
U009975,airport_150,2025-10-03 19:03:00+08,B010441,2025-10-07 19:03:00+08,USA,T1,zh-TW,true,2025-10-07 20:30:00+08,true,false,1,152.39999999999998,150.0
U010832,airport_150,2025-09-23 22:23:00+08,B004010,2025-09-26 22:23:00+08,Thailand,T2,en,true,2025-09-26 23:04:00+08,true,false,1,134.09999999999997,150.0
U028701,bundle_100_100,2025-09-22 08:33:00+08,B014041,2025-09-24 08:33:00+08,Singapore,T2,ja,true,2025-09-24 09:21:00+08,true,true,2,138.2,100.0
U027344,bundle_100_100,2025-10-01 06:14:00+08,B005716,2025-10-04 06:14:00+08,Hong Kong,T2,zh-TW,true,2025-10-04 07:00:00+08,true,false,1,161.89999999999998,100.0
U020088,airport_150,2025-10-11 09:01:00+08,B014741,2025-10-15 09:01:00+08,Hong Kong,T1,ja,true,2025-10-15 09:29:00+08,true,true,2,101.1,150.0
U007120,airport_150,2025-09-28 10:11:00+08,B017641,2025-10-02 10:11:00+08,Singapore,T2,en,true,2025-10-02 11:31:00+08,true,false,1,-74.10000000000001,150.0
U023533,airport_150,2025-10-19 05:14:00+08,B007536,2025-10-20 05:14:00+08,Thailand,T2,ja,true,2025-10-20 05:54:00+08,true,false,1,73.19999999999999,150.0
U028811,airport_150,2025-10-22 05:54:00+08,B010168,2025-10-26 05:54:00+08,Japan,T2,zh-TW,true,2025-10-26 07:18:00+08,true,false,1,180.59999999999997,150.0
U004247,bundle_100_100,2025-10-15 22:01:00+08,B002619,2025-10-18 22:01:00+08,Hong Kong,T1,ko,true,2025-10-18 23:53:00+08,true,true,2,240.39999999999998,200.0
U005375,airport_150,2025-10-11 06:45:00+08,B010388,2025-10-17 06:45:00+08,Korea,T2,ja,true,2025-10-17 07:12:00+08,true,false,1,189.59999999999997,150.0
U019024,airport_150,2025-10-22 01:23:00+08,B005763,2025-10-23 01:23:00+08,Thailand,T2,zh-TW,true,2025-10-23 02:16:00+08,true,false,1,68.69999999999999,150.0
U024079,bundle_100_100,2025-10-24 20:33:00+08,B005108,2025-10-25 20:33:00+08,Japan,T2,ja,true,2025-10-25 22:12:00+08,true,false,1,197.89999999999998,100.0
U028525,bundle_100_100,2025-09-15 04:05:00+08,B012810,2025-09-20 04:05:00+08,Korea,T2,ja,true,2025-09-20 05:35:00+08,true,false,1,161.0,100.0
U018677,bundle_100_100,2025-09-19 02:10:00+08,B009105,2025-09-25 02:10:00+08,Korea,T1,ko,true,2025-09-25 02:49:00+08,true,false,1,122.0,100.0
U001863,bundle_100_100,2025-09-14 09:29:00+08,B000871,2025-09-15 09:29:00+08,Korea,T1,ko,true,2025-09-15 10:28:00+08,true,true,2,33.69999999999998,200.0
U024943,airport_150,2025-10-01 23:55:00+08,B001087,2025-10-03 23:55:00+08,Hong Kong,T2,ja,true,2025-10-04 01:47:00+08,true,true,2,271.79999999999995,150.0
U002379,airport_150,2025-09-13 21:40:00+08,B008454,2025-09-19 21:40:00+08,Thailand,T1,ja,true,2025-09-19 22:10:00+08,true,false,1,126.59999999999997,150.0
U029195,airport_150,2025-09-29 05:37:00+08,B001241,2025-10-03 05:37:00+08,Hong Kong,T2,zh-TW,true,2025-10-03 06:08:00+08,true,false,1,-62.400000000000006,150.0
U014511,bundle_100_100,2025-10-22 12:53:00+08,B008787,2025-10-24 12:53:00+08,Thailand,T2,zh-TW,true,2025-10-24 14:38:00+08,true,false,1,-28.60000000000001,100.0
U024680,bundle_100_100,2025-09-30 22:08:00+08,B016414,2025-10-01 22:08:00+08,Korea,T2,ja,true,2025-10-01 22:52:00+08,true,false,1,155.6,100.0
U016527,airport_150,2025-10-08 06:46:00+08,B001844,2025-10-13 06:46:00+08,Hong Kong,T1,ja,true,2025-10-13 07:58:00+08,true,false,1,125.39999999999998,150.0
U004544,bundle_100_100,2025-09-27 23:57:00+08,B007636,2025-09-30 23:57:00+08,Singapore,T1,ja,true,2025-10-01 01:14:00+08,true,true,2,283.0,200.0
U009169,bundle_100_100,2025-09-28 02:34:00+08,B003294,2025-10-01 02:34:00+08,Hong Kong,T2,ko,true,2025-10-01 04:21:00+08,true,true,2,-80.0,200.0
U014742,bundle_100_100,2025-09-08 09:53:00+08,B003957,2025-09-13 09:53:00+08,Singapore,T2,ko,true,2025-09-13 10:59:00+08,true,true,2,70.3,200.0
U019256,airport_150,2025-09-08 22:14:00+08,B008557,2025-09-09 22:14:00+08,Hong Kong,T2,zh-TW,true,2025-09-10 00:09:00+08,true,false,1,61.79999999999998,150.0
U009781,airport_150,2025-09-07 07:26:00+08,B015167,2025-09-08 07:26:00+08,Japan,T1,ja,true,2025-09-08 08:42:00+08,true,false,1,-63.3,150.0
U018819,bundle_100_100,2025-09-17 09:19:00+08,B001206,2025-09-19 09:19:00+08,Singapore,T2,ko,true,2025-09-19 09:45:00+08,true,false,1,107.0,100.0
U025280,airport_150,2025-09-07 13:44:00+08,B003255,2025-09-11 13:44:00+08,Thailand,T1,zh-TW,true,2025-09-11 15:37:00+08,true,false,1,99.0,150.0
U010490,airport_150,2025-09-25 08:11:00+08,B001529,2025-09-26 08:11:00+08,Singapore,T1,zh-TW,true,2025-09-26 08:44:00+08,true,false,1,90.89999999999998,150.0
U000338,bundle_100_100,2025-10-09 20:43:00+08,B011468,2025-10-14 20:43:00+08,Korea,T1,en,true,2025-10-14 21:13:00+08,true,false,1,143.29999999999998,100.0
U017697,airport_150,2025-09-23 04:15:00+08,B006956,2025-09-26 04:15:00+08,Thailand,T2,ko,true,2025-09-26 06:02:00+08,true,true,2,175.49999999999997,150.0
U021858,airport_150,2025-09-05 12:40:00+08,B002528,2025-09-09 12:40:00+08,Thailand,T1,ja,true,2025-09-09 14:07:00+08,true,false,1,5.699999999999989,150.0
U011453,bundle_100_100,2025-10-11 09:27:00+08,B004056,2025-10-16 09:27:00+08,USA,T2,en,true,2025-10-16 10:08:00+08,true,true,2,232.59999999999997,200.0
U021236,airport_150,2025-09-28 18:58:00+08,B015459,2025-09-29 18:58:00+08,Thailand,T1,ja,true,2025-09-29 20:00:00+08,true,false,1,156.3,150.0
U019961,airport_150,2025-09-26 23:23:00+08,B007613,2025-10-01 23:23:00+08,Korea,T1,zh-TW,true,2025-10-02 00:32:00+08,true,true,2,103.2,150.0
U020369,bundle_100_100,2025-10-06 15:44:00+08,B011265,2025-10-07 15:44:00+08,Japan,T2,ja,true,2025-10-07 16:44:00+08,true,true,2,208.3,200.0
U025317,airport_150,2025-09-17 21:01:00+08,B007431,2025-09-20 21:01:00+08,Japan,T2,ja,true,2025-09-20 22:30:00+08,true,false,1,59.400000000000006,150.0
U022892,bundle_100_100,2025-09-03 21:25:00+08,B012287,2025-09-06 21:25:00+08,Thailand,T1,zh-TW,true,2025-09-06 21:47:00+08,true,true,2,192.99999999999997,200.0
U013022,airport_150,2025-10-19 10:13:00+08,B009784,2025-10-23 10:13:00+08,Thailand,T1,zh-TW,true,2025-10-23 10:36:00+08,true,false,1,48.0,150.0
U024875,bundle_100_100,2025-09-15 06:17:00+08,B004416,2025-09-19 06:17:00+08,USA,T2,zh-TW,true,2025-09-19 08:14:00+08,true,false,1,230.0,100.0
U027383,airport_150,2025-10-11 20:35:00+08,B011757,2025-10-13 20:35:00+08,USA,T1,ja,true,2025-10-13 21:53:00+08,true,false,1,-68.7,150.0
U000181,bundle_100_100,2025-09-19 23:13:00+08,B009650,2025-09-22 23:13:00+08,Thailand,T1,en,true,2025-09-23 00:29:00+08,true,true,2,157.89999999999998,200.0
U024483,bundle_100_100,2025-09-26 05:15:00+08,B017597,2025-09-29 05:15:00+08,Thailand,T1,ko,true,2025-09-29 06:10:00+08,true,false,1,163.09999999999997,100.0
U025926,bundle_100_100,2025-09-11 12:22:00+08,B002710,2025-09-12 12:22:00+08,Korea,T1,zh-TW,true,2025-09-12 13:20:00+08,true,false,1,-24.400000000000006,100.0
U026776,bundle_100_100,2025-09-06 06:28:00+08,B016028,2025-09-12 06:28:00+08,Korea,T2,zh-TW,true,2025-09-12 07:18:00+08,true,false,1,-7.6000000000000085,100.0
U000056,bundle_100_100,2025-10-05 07:10:00+08,B011980,2025-10-06 07:10:00+08,Korea,T2,en,true,2025-10-06 07:53:00+08,true,false,1,182.89999999999998,100.0
U005355,airport_150,2025-09-22 09:36:00+08,B013128,2025-09-27 09:36:00+08,USA,T2,en,true,2025-09-27 11:21:00+08,true,true,2,291.9,150.0
U013953,airport_150,2025-09-28 09:55:00+08,B007592,2025-10-02 09:55:00+08,Japan,T2,zh-TW,true,2025-10-02 10:22:00+08,true,false,1,73.79999999999998,150.0
U002515,airport_150,2025-09-29 23:12:00+08,B004846,2025-10-03 23:12:00+08,USA,T1,ko,true,2025-10-04 01:10:00+08,true,false,1,64.79999999999998,150.0
U027244,bundle_100_100,2025-10-15 21:41:00+08,B013304,2025-10-21 21:41:00+08,USA,T2,ko,true,2025-10-21 23:02:00+08,true,true,2,341.19999999999993,200.0
U012025,bundle_100_100,2025-09-03 22:01:00+08,B003150,2025-09-09 22:01:00+08,Hong Kong,T2,ko,true,2025-09-09 22:41:00+08,true,false,1,113.9,100.0
U006516,bundle_100_100,2025-09-18 19:51:00+08,B001564,2025-09-20 19:51:00+08,Hong Kong,T2,ja,true,2025-09-20 21:32:00+08,true,true,2,176.79999999999998,200.0
U012493,bundle_100_100,2025-09-14 09:50:00+08,B007364,2025-09-16 09:50:00+08,Japan,T2,en,true,2025-09-16 10:47:00+08,true,true,3,316.3,200.0
U014066,bundle_100_100,2025-09-25 08:03:00+08,B011736,2025-09-28 08:03:00+08,Korea,T2,en,true,2025-09-28 08:39:00+08,true,false,1,145.39999999999998,100.0
U004128,bundle_100_100,2025-09-08 02:17:00+08,B005975,2025-09-11 02:17:00+08,USA,T1,zh-TW,true,2025-09-11 03:44:00+08,true,true,2,143.79999999999998,200.0
U027639,bundle_100_100,2025-10-10 06:12:00+08,B013953,2025-10-11 06:12:00+08,Thailand,T1,ko,true,2025-10-11 07:34:00+08,true,false,1,203.0,100.0
U001306,bundle_100_100,2025-09-12 13:35:00+08,B010231,2025-09-13 13:35:00+08,Japan,T1,en,true,2025-09-13 15:23:00+08,true,false,1,123.19999999999999,100.0
U013645,airport_150,2025-09-28 05:12:00+08,B013166,2025-10-02 05:12:00+08,Hong Kong,T2,en,true,2025-10-02 06:25:00+08,true,true,2,334.5,150.0
U019005,bundle_100_100,2025-09-14 16:14:00+08,B004125,2025-09-20 16:14:00+08,USA,T2,ko,true,2025-09-20 17:32:00+08,true,false,1,120.5,100.0
U011362,bundle_100_100,2025-09-24 20:12:00+08,B001623,2025-09-29 20:12:00+08,USA,T2,ja,true,2025-09-29 21:18:00+08,true,false,1,215.0,100.0
U024202,bundle_100_100,2025-10-04 05:52:00+08,B009290,2025-10-05 05:52:00+08,USA,T1,ja,true,2025-10-05 07:01:00+08,true,false,1,-1.0,100.0
U010215,airport_150,2025-10-19 21:03:00+08,B010163,2025-10-21 21:03:00+08,Japan,T2,ko,true,2025-10-21 21:38:00+08,true,false,1,88.19999999999999,150.0
U014312,bundle_100_100,2025-09-04 03:03:00+08,B015424,2025-09-05 03:03:00+08,Thailand,T1,en,true,2025-09-05 04:18:00+08,true,false,1,123.5,100.0
U011394,airport_150,2025-09-05 08:47:00+08,B012344,2025-09-06 08:47:00+08,USA,T1,ja,true,2025-09-06 10:25:00+08,true,false,1,-81.9,150.0
U004194,airport_150,2025-09-09 21:53:00+08,B013399,2025-09-10 21:53:00+08,Japan,T1,ja,true,2025-09-10 23:35:00+08,true,false,1,143.7,150.0
U008800,airport_150,2025-09-25 21:53:00+08,B010132,2025-09-28 21:53:00+08,Japan,T2,ja,true,2025-09-28 23:39:00+08,true,true,2,278.1,150.0
U007703,bundle_100_100,2025-10-23 00:24:00+08,B011818,2025-10-25 00:24:00+08,Korea,T2,ja,true,2025-10-25 01:10:00+08,true,true,2,-66.8,200.0
U005473,bundle_100_100,2025-09-28 15:20:00+08,B004984,2025-10-03 15:20:00+08,Japan,T2,ko,true,2025-10-03 15:45:00+08,true,false,1,107.29999999999998,100.0
U022947,bundle_100_100,2025-10-08 04:38:00+08,B001726,2025-10-09 04:38:00+08,Japan,T2,en,true,2025-10-09 05:05:00+08,true,false,1,124.4,100.0
U011635,bundle_100_100,2025-10-01 21:49:00+08,B014073,2025-10-05 21:49:00+08,Singapore,T1,ja,true,2025-10-05 22:25:00+08,true,false,1,186.5,100.0
U019367,bundle_100_100,2025-09-20 23:19:00+08,B006042,2025-09-22 23:19:00+08,Hong Kong,T1,en,true,2025-09-22 23:55:00+08,true,false,1,170.0,100.0
U022036,airport_150,2025-09-01 06:00:00+08,B003487,2025-09-05 06:00:00+08,USA,T2,en,true,2025-09-05 06:42:00+08,true,false,1,91.5,150.0
U000203,bundle_100_100,2025-10-15 23:37:00+08,B006688,2025-10-16 23:37:00+08,Thailand,T1,ko,true,2025-10-17 00:17:00+08,true,false,1,127.69999999999999,100.0
U008392,bundle_100_100,2025-10-15 02:51:00+08,B000679,2025-10-18 02:51:00+08,Japan,T2,en,true,2025-10-18 04:33:00+08,true,true,2,132.99999999999997,200.0
U014555,bundle_100_100,2025-10-11 22:53:00+08,B000589,2025-10-12 22:53:00+08,Singapore,T2,zh-TW,true,2025-10-13 00:06:00+08,true,false,1,136.7,100.0
U021147,bundle_100_100,2025-09-26 23:30:00+08,B013772,2025-09-28 23:30:00+08,Singapore,T2,zh-TW,true,2025-09-29 01:02:00+08,true,false,1,104.9,100.0
U013479,airport_150,2025-09-10 08:01:00+08,B004231,2025-09-15 08:01:00+08,Japan,T1,ko,true,2025-09-15 08:55:00+08,true,false,1,127.19999999999999,150.0
U019444,bundle_100_100,2025-09-28 08:33:00+08,B014412,2025-10-02 08:33:00+08,Hong Kong,T1,en,true,2025-10-02 09:44:00+08,true,false,1,144.79999999999998,100.0
U003661,airport_150,2025-09-01 17:00:00+08,B014546,2025-09-03 17:00:00+08,Singapore,T2,zh-TW,true,2025-09-03 18:30:00+08,true,false,2,202.2,150.0
U012953,airport_150,2025-10-15 13:12:00+08,B014442,2025-10-17 13:12:00+08,Japan,T1,ja,true,2025-10-17 14:53:00+08,true,true,2,-4.200000000000003,150.0
U010464,airport_150,2025-10-14 22:42:00+08,B004068,2025-10-19 22:42:00+08,Singapore,T1,ko,true,2025-10-20 00:33:00+08,true,false,1,98.39999999999998,150.0
U028601,airport_150,2025-10-09 20:02:00+08,B007130,2025-10-13 20:02:00+08,Korea,T1,zh-TW,true,2025-10-13 21:24:00+08,true,false,1,182.09999999999997,150.0
U028296,bundle_100_100,2025-10-20 09:52:00+08,B015364,2025-10-25 09:52:00+08,Hong Kong,T2,zh-TW,true,2025-10-25 11:22:00+08,true,false,1,113.9,100.0
U012849,airport_150,2025-10-06 20:11:00+08,B006735,2025-10-07 20:11:00+08,Singapore,T1,ja,true,2025-10-07 21:55:00+08,true,true,2,267.0,150.0
U028346,airport_150,2025-10-06 08:42:00+08,B005366,2025-10-08 08:42:00+08,Korea,T1,ja,true,2025-10-08 10:10:00+08,true,false,1,39.900000000000006,150.0
U026979,bundle_100_100,2025-09-18 23:50:00+08,B016454,2025-09-20 23:50:00+08,Thailand,T1,ja,true,2025-09-21 00:23:00+08,true,true,2,65.49999999999999,200.0
U028593,bundle_100_100,2025-09-18 10:10:00+08,B010274,2025-09-22 10:10:00+08,Japan,T1,ja,true,2025-09-22 11:14:00+08,true,false,1,118.4,100.0
U006486,airport_150,2025-09-03 20:57:00+08,B006277,2025-09-09 20:57:00+08,Thailand,T1,ja,true,2025-09-09 22:57:00+08,true,false,1,-42.60000000000001,150.0
U013120,airport_150,2025-10-10 01:37:00+08,B006759,2025-10-13 01:37:00+08,Korea,T1,ja,true,2025-10-13 01:59:00+08,true,false,1,83.69999999999999,150.0
U027909,airport_150,2025-10-08 12:27:00+08,B001083,2025-10-14 12:27:00+08,Japan,T1,ko,true,2025-10-14 13:03:00+08,true,false,1,23.099999999999994,150.0
U009064,airport_150,2025-09-21 20:15:00+08,B012857,2025-09-24 20:15:00+08,Hong Kong,T2,ko,true,2025-09-24 20:48:00+08,true,false,1,94.5,150.0
U020380,bundle_100_100,2025-10-12 05:51:00+08,B003348,2025-10-15 05:51:00+08,Japan,T1,en,true,2025-10-15 07:01:00+08,true,false,1,104.9,100.0
U023616,airport_150,2025-10-02 15:24:00+08,B016848,2025-10-08 15:24:00+08,Japan,T2,en,true,2025-10-08 17:01:00+08,true,false,1,81.6,150.0
U001435,bundle_100_100,2025-10-16 04:25:00+08,B005176,2025-10-18 04:25:00+08,Japan,T2,ko,true,2025-10-18 06:21:00+08,true,false,1,209.3,100.0
U021674,bundle_100_100,2025-10-12 07:32:00+08,B014268,2025-10-16 07:32:00+08,USA,T2,ko,true,2025-10-16 08:24:00+08,true,false,1,225.5,100.0
U014458,bundle_100_100,2025-10-15 05:53:00+08,B004987,2025-10-21 05:53:00+08,Hong Kong,T2,en,true,2025-10-21 07:35:00+08,true,true,2,115.59999999999997,200.0
U021269,bundle_100_100,2025-09-02 21:54:00+08,B011785,2025-09-03 21:54:00+08,Singapore,T2,en,true,2025-09-03 23:31:00+08,true,false,1,224.3,100.0
U013069,airport_150,2025-09-25 05:25:00+08,B007598,2025-09-28 05:25:00+08,Singapore,T1,zh-TW,true,2025-09-28 07:24:00+08,true,false,1,113.69999999999999,150.0
U027212,bundle_100_100,2025-10-13 21:59:00+08,B007325,2025-10-15 21:59:00+08,Japan,T1,en,true,2025-10-15 23:57:00+08,true,false,2,396.79999999999995,100.0
U016374,airport_150,2025-10-12 07:14:00+08,B002116,2025-10-16 07:14:00+08,USA,T1,ja,true,2025-10-16 07:35:00+08,true,true,2,291.0,150.0
U024348,bundle_100_100,2025-10-22 08:32:00+08,B009818,2025-10-24 08:32:00+08,Japan,T2,zh-TW,true,2025-10-24 10:12:00+08,true,false,1,74.9,100.0
U012455,bundle_100_100,2025-10-20 22:00:00+08,B013781,2025-10-22 22:00:00+08,Thailand,T1,zh-TW,true,2025-10-22 22:55:00+08,true,false,1,165.2,100.0
U014754,airport_150,2025-09-25 03:04:00+08,B011135,2025-09-28 03:04:00+08,Hong Kong,T2,en,true,2025-09-28 04:29:00+08,true,false,1,-70.5,150.0
U002352,bundle_100_100,2025-10-06 09:52:00+08,B017058,2025-10-10 09:52:00+08,Japan,T1,en,true,2025-10-10 10:12:00+08,true,false,1,134.29999999999998,100.0
U004855,airport_150,2025-10-01 01:36:00+08,B014669,2025-10-05 01:36:00+08,Hong Kong,T2,ja,true,2025-10-05 02:15:00+08,true,true,2,204.3,150.0
U014445,airport_150,2025-09-18 06:43:00+08,B015584,2025-09-24 06:43:00+08,Hong Kong,T2,ja,true,2025-09-24 08:10:00+08,true,false,1,148.8,150.0
U001910,airport_150,2025-09-21 08:02:00+08,B001706,2025-09-24 08:02:00+08,Hong Kong,T2,ko,true,2025-09-24 09:14:00+08,true,false,1,67.5,150.0
U002359,bundle_100_100,2025-10-01 21:22:00+08,B006155,2025-10-04 21:22:00+08,Thailand,T1,ko,true,2025-10-04 22:51:00+08,true,false,1,196.7,100.0
U014100,bundle_100_100,2025-10-15 05:31:00+08,B014580,2025-10-21 05:31:00+08,Korea,T1,ko,true,2025-10-21 06:35:00+08,true,true,2,60.099999999999994,200.0
U015199,airport_150,2025-09-30 07:53:00+08,B000265,2025-10-01 07:53:00+08,Singapore,T1,zh-TW,true,2025-10-01 08:53:00+08,true,false,1,171.3,150.0
U012790,bundle_100_100,2025-09-16 16:45:00+08,B007691,2025-09-22 16:45:00+08,Korea,T2,en,true,2025-09-22 17:19:00+08,true,true,2,186.7,200.0
U018725,bundle_100_100,2025-10-09 02:42:00+08,B009253,2025-10-11 02:42:00+08,USA,T2,ko,true,2025-10-11 03:48:00+08,true,true,2,279.09999999999997,200.0
U009251,bundle_100_100,2025-10-19 12:02:00+08,B010421,2025-10-22 12:02:00+08,Hong Kong,T2,ja,true,2025-10-22 13:20:00+08,true,false,1,142.1,100.0
U020835,bundle_100_100,2025-10-05 01:30:00+08,B014572,2025-10-10 01:30:00+08,Korea,T1,ko,true,2025-10-10 03:12:00+08,true,false,1,123.19999999999999,100.0
U003098,airport_150,2025-10-15 04:38:00+08,B001835,2025-10-21 04:38:00+08,USA,T1,ko,true,2025-10-21 05:35:00+08,true,false,1,195.3,150.0
U007336,airport_150,2025-09-22 06:21:00+08,B007820,2025-09-28 06:21:00+08,Hong Kong,T2,zh-TW,true,2025-09-28 06:42:00+08,true,false,1,107.69999999999999,150.0
U021354,airport_150,2025-09-08 15:07:00+08,B002137,2025-09-13 15:07:00+08,Hong Kong,T2,ko,true,2025-09-13 16:08:00+08,true,false,1,91.79999999999998,150.0
U013794,airport_150,2025-10-09 00:45:00+08,B003101,2025-10-10 00:45:00+08,Japan,T1,ko,true,2025-10-10 01:17:00+08,true,false,1,76.19999999999999,150.0
U001302,airport_150,2025-10-09 07:34:00+08,B005497,2025-10-13 07:34:00+08,Korea,T1,ko,true,2025-10-13 08:12:00+08,true,false,1,91.5,150.0
U002908,airport_150,2025-09-27 17:07:00+08,B010807,2025-09-30 17:07:00+08,Thailand,T2,ja,true,2025-09-30 17:27:00+08,true,true,2,162.6,150.0
U028452,airport_150,2025-10-19 22:50:00+08,B002811,2025-10-22 22:50:00+08,USA,T1,ja,true,2025-10-23 00:06:00+08,true,false,1,96.29999999999998,150.0
U006891,bundle_100_100,2025-10-09 22:14:00+08,B010528,2025-10-15 22:14:00+08,Japan,T1,ja,true,2025-10-15 23:19:00+08,true,false,1,159.2,100.0
U006476,bundle_100_100,2025-09-24 20:17:00+08,B001510,2025-09-30 20:17:00+08,Korea,T1,ja,true,2025-09-30 22:13:00+08,true,false,1,6.799999999999997,100.0
U006498,bundle_100_100,2025-09-15 04:17:00+08,B012759,2025-09-18 04:17:00+08,Korea,T2,zh-TW,true,2025-09-18 05:19:00+08,true,false,1,145.1,100.0
U025514,airport_150,2025-10-11 09:06:00+08,B011670,2025-10-13 09:06:00+08,Hong Kong,T2,en,true,2025-10-13 11:02:00+08,true,true,2,127.19999999999997,150.0
U026453,bundle_100_100,2025-09-16 20:32:00+08,B014151,2025-09-20 20:32:00+08,Hong Kong,T1,en,true,2025-09-20 20:56:00+08,true,true,2,-57.500000000000014,200.0
U024278,bundle_100_100,2025-10-03 21:15:00+08,B008147,2025-10-09 21:15:00+08,Korea,T1,ja,true,2025-10-09 22:09:00+08,true,true,2,325.6,200.0
U012449,bundle_100_100,2025-10-16 22:25:00+08,B008509,2025-10-18 22:25:00+08,USA,T2,zh-TW,true,2025-10-19 00:17:00+08,true,true,2,137.79999999999998,200.0
U029466,airport_150,2025-09-14 10:28:00+08,B004359,2025-09-17 10:28:00+08,USA,T2,zh-TW,true,2025-09-17 10:48:00+08,true,false,1,48.599999999999994,150.0
U000535,airport_150,2025-09-13 07:22:00+08,B010688,2025-09-15 07:22:00+08,Japan,T1,en,true,2025-09-15 08:57:00+08,true,true,2,321.29999999999995,150.0
U017421,airport_150,2025-09-12 09:48:00+08,B004005,2025-09-17 09:48:00+08,Hong Kong,T1,en,true,2025-09-17 10:21:00+08,true,true,2,156.6,150.0
U014925,bundle_100_100,2025-10-09 01:16:00+08,B009734,2025-10-15 01:16:00+08,USA,T2,en,true,2025-10-15 02:49:00+08,true,false,1,115.4,100.0
U000853,airport_150,2025-09-22 14:02:00+08,B004807,2025-09-23 14:02:00+08,USA,T1,en,true,2025-09-23 15:35:00+08,true,false,1,71.4,150.0
U024785,bundle_100_100,2025-10-24 09:05:00+08,B015784,2025-10-26 09:05:00+08,Korea,T1,en,true,2025-10-26 10:26:00+08,true,true,2,256.6,200.0
U027360,airport_150,2025-09-10 05:14:00+08,B005239,2025-09-13 05:14:00+08,Korea,T2,zh-TW,true,2025-09-13 07:01:00+08,true,false,1,106.80000000000001,150.0
U012558,bundle_100_100,2025-09-24 21:16:00+08,B016168,2025-09-29 21:16:00+08,USA,T2,zh-TW,true,2025-09-29 23:08:00+08,true,false,1,109.69999999999999,100.0
U026930,bundle_100_100,2025-10-03 10:19:00+08,B004047,2025-10-07 10:19:00+08,Japan,T2,zh-TW,true,2025-10-07 12:14:00+08,true,false,1,160.39999999999998,100.0
U005984,bundle_100_100,2025-10-08 20:24:00+08,B008855,2025-10-10 20:24:00+08,Korea,T1,zh-TW,true,2025-10-10 22:13:00+08,true,false,1,226.09999999999997,100.0
U022413,bundle_100_100,2025-09-11 07:30:00+08,B017890,2025-09-12 07:30:00+08,Thailand,T1,ja,true,2025-09-12 08:14:00+08,true,true,2,148.89999999999998,200.0
U017830,bundle_100_100,2025-09-13 23:11:00+08,B010847,2025-09-17 23:11:00+08,Korea,T2,en,true,2025-09-18 00:03:00+08,true,false,1,-23.200000000000003,100.0
U023458,bundle_100_100,2025-10-18 14:43:00+08,B016722,2025-10-22 14:43:00+08,Thailand,T2,zh-TW,true,2025-10-22 15:29:00+08,true,true,2,186.7,200.0
U010149,airport_150,2025-10-21 08:22:00+08,B004463,2025-10-25 08:22:00+08,Japan,T2,ko,true,2025-10-25 09:32:00+08,true,false,1,77.1,150.0
U015924,bundle_100_100,2025-10-23 08:01:00+08,B002844,2025-10-25 08:01:00+08,Hong Kong,T2,ja,true,2025-10-25 09:52:00+08,true,false,1,-41.2,100.0
U022556,airport_150,2025-10-12 22:28:00+08,B002613,2025-10-13 22:28:00+08,Singapore,T2,ja,true,2025-10-13 23:13:00+08,true,true,2,136.5,150.0
U009058,bundle_100_100,2025-10-13 10:23:00+08,B000458,2025-10-15 10:23:00+08,USA,T1,ja,true,2025-10-15 11:08:00+08,true,false,1,-20.5,100.0
U022213,airport_150,2025-09-06 08:36:00+08,B002781,2025-09-12 08:36:00+08,Singapore,T2,ja,true,2025-09-12 10:13:00+08,true,false,1,81.89999999999998,150.0
U009497,bundle_100_100,2025-10-23 22:32:00+08,B005231,2025-10-25 22:32:00+08,Hong Kong,T2,zh-TW,true,2025-10-25 22:58:00+08,true,false,1,-13.0,100.0
U020300,bundle_100_100,2025-10-02 13:22:00+08,B017684,2025-10-04 13:22:00+08,USA,T1,ko,true,2025-10-04 14:57:00+08,true,false,1,122.0,100.0
U023512,bundle_100_100,2025-09-06 04:21:00+08,B001784,2025-09-12 04:21:00+08,Korea,T1,ko,true,2025-09-12 04:47:00+08,true,true,2,156.1,200.0
U009601,bundle_100_100,2025-09-17 17:32:00+08,B000174,2025-09-22 17:32:00+08,USA,T2,ko,true,2025-09-22 18:23:00+08,true,true,2,59.5,200.0
U007372,bundle_100_100,2025-09-17 11:12:00+08,B000065,2025-09-23 11:12:00+08,Hong Kong,T2,en,true,2025-09-23 11:35:00+08,true,true,2,108.99999999999999,200.0
U017168,airport_150,2025-10-07 22:03:00+08,B003518,2025-10-13 22:03:00+08,Korea,T1,zh-TW,true,2025-10-13 23:21:00+08,true,true,2,118.49999999999999,150.0
U028706,airport_150,2025-09-29 07:21:00+08,B008813,2025-10-05 07:21:00+08,Japan,T1,ko,true,2025-10-05 08:58:00+08,true,true,2,139.2,150.0
U022928,airport_150,2025-10-13 22:38:00+08,B003906,2025-10-17 22:38:00+08,Thailand,T2,en,true,2025-10-17 23:04:00+08,true,false,1,137.7,150.0
U027312,bundle_100_100,2025-09-03 22:04:00+08,B002015,2025-09-06 22:04:00+08,Thailand,T2,ko,true,2025-09-06 22:26:00+08,true,true,2,170.5,200.0
U026766,bundle_100_100,2025-09-22 08:23:00+08,B003111,2025-09-26 08:23:00+08,Hong Kong,T1,zh-TW,true,2025-09-26 09:32:00+08,true,true,2,235.0,200.0
U019564,airport_150,2025-09-08 23:20:00+08,B011358,2025-09-11 23:20:00+08,Hong Kong,T2,ko,true,2025-09-12 00:17:00+08,true,false,1,70.19999999999999,150.0
U020894,bundle_100_100,2025-09-09 11:48:00+08,B011255,2025-09-15 11:48:00+08,Singapore,T2,zh-TW,true,2025-09-15 13:35:00+08,true,true,2,162.7,200.0
U020982,airport_150,2025-10-10 13:51:00+08,B008053,2025-10-15 13:51:00+08,Japan,T2,ko,true,2025-10-15 14:45:00+08,true,false,1,12.900000000000006,150.0
U021325,bundle_100_100,2025-10-13 21:29:00+08,B013360,2025-10-14 21:29:00+08,Thailand,T2,en,true,2025-10-14 22:23:00+08,true,true,2,300.1,200.0
U005365,airport_150,2025-10-06 06:29:00+08,B003574,2025-10-07 06:29:00+08,Thailand,T2,ja,true,2025-10-07 07:14:00+08,true,false,1,94.5,150.0
U023106,bundle_100_100,2025-09-15 09:53:00+08,B001982,2025-09-20 09:53:00+08,Singapore,T2,ko,true,2025-09-20 10:51:00+08,true,true,2,176.5,200.0
U022583,airport_150,2025-09-06 22:55:00+08,B010440,2025-09-07 22:55:00+08,Hong Kong,T2,en,true,2025-09-08 00:33:00+08,true,false,1,93.89999999999998,150.0
U007046,bundle_100_100,2025-09-28 02:24:00+08,B014108,2025-10-04 02:24:00+08,Japan,T2,ja,true,2025-10-04 03:58:00+08,true,true,2,198.99999999999997,200.0
U003618,airport_150,2025-09-25 07:48:00+08,B009252,2025-10-01 07:48:00+08,Hong Kong,T2,ja,true,2025-10-01 09:27:00+08,true,false,1,24.599999999999994,150.0
U004149,airport_150,2025-10-21 17:21:00+08,B011765,2025-10-23 17:21:00+08,Japan,T2,zh-TW,true,2025-10-23 17:54:00+08,true,true,2,123.59999999999998,150.0
U024162,airport_150,2025-10-05 11:51:00+08,B008823,2025-10-06 11:51:00+08,Japan,T1,zh-TW,true,2025-10-06 12:31:00+08,true,false,1,33.900000000000006,150.0
U004202,airport_150,2025-10-13 19:22:00+08,B013508,2025-10-19 19:22:00+08,Singapore,T2,ko,true,2025-10-19 19:55:00+08,true,false,1,44.69999999999999,150.0
U008210,airport_150,2025-10-14 20:14:00+08,B006185,2025-10-17 20:14:00+08,Korea,T2,ko,true,2025-10-17 20:51:00+08,true,false,1,72.6,150.0
U005033,bundle_100_100,2025-10-08 23:25:00+08,B005247,2025-10-12 23:25:00+08,Singapore,T2,ko,true,2025-10-13 00:45:00+08,true,true,2,191.6,100.0
U007694,airport_150,2025-10-23 15:08:00+08,B005404,2025-10-24 15:08:00+08,Japan,T2,en,true,2025-10-24 15:35:00+08,true,false,1,24.599999999999994,150.0
U016350,bundle_100_100,2025-10-11 22:20:00+08,B005739,2025-10-14 22:20:00+08,Thailand,T1,ja,true,2025-10-14 22:47:00+08,true,false,1,201.2,100.0
U011352,airport_150,2025-10-05 20:09:00+08,B010815,2025-10-09 20:09:00+08,USA,T1,ja,true,2025-10-09 20:46:00+08,true,true,2,216.29999999999995,150.0
U003993,airport_150,2025-09-04 21:08:00+08,B014592,2025-09-08 21:08:00+08,Korea,T2,ko,true,2025-09-08 23:05:00+08,true,false,1,81.29999999999998,150.0
U020128,bundle_100_100,2025-10-14 14:52:00+08,B009486,2025-10-20 14:52:00+08,USA,T2,ja,true,2025-10-20 15:45:00+08,true,false,1,134.6,100.0
U009319,airport_150,2025-09-15 05:20:00+08,B010934,2025-09-21 05:20:00+08,Korea,T1,ja,true,2025-09-21 06:49:00+08,true,false,1,113.69999999999999,150.0
U023022,airport_150,2025-10-12 05:06:00+08,B016233,2025-10-17 05:06:00+08,USA,T1,zh-TW,true,2025-10-17 05:51:00+08,true,false,1,122.39999999999998,150.0
U027169,airport_150,2025-10-01 12:58:00+08,B002525,2025-10-05 12:58:00+08,Korea,T1,ko,true,2025-10-05 14:03:00+08,true,false,1,69.0,150.0
U006218,airport_150,2025-10-08 05:18:00+08,B016904,2025-10-09 05:18:00+08,Thailand,T1,ko,true,2025-10-09 06:03:00+08,true,false,1,79.19999999999999,150.0
U012316,bundle_100_100,2025-09-16 16:52:00+08,B011657,2025-09-21 16:52:00+08,Singapore,T2,ja,true,2025-09-21 17:40:00+08,true,true,2,140.79999999999998,200.0
U025292,airport_150,2025-10-11 23:35:00+08,B013703,2025-10-14 23:35:00+08,Singapore,T2,en,true,2025-10-15 00:35:00+08,true,true,3,327.3,150.0
U009801,airport_150,2025-09-03 06:24:00+08,B014357,2025-09-09 06:24:00+08,Singapore,T2,ja,true,2025-09-09 07:30:00+08,true,false,1,127.80000000000001,150.0
U016801,airport_150,2025-09-30 09:34:00+08,B000468,2025-10-06 09:34:00+08,Thailand,T2,zh-TW,true,2025-10-06 11:16:00+08,true,false,1,85.19999999999999,150.0
U019006,bundle_100_100,2025-09-25 09:26:00+08,B007931,2025-09-27 09:26:00+08,USA,T1,ko,true,2025-09-27 09:51:00+08,true,true,3,130.9,200.0
U008193,airport_150,2025-09-12 05:29:00+08,B002927,2025-09-13 05:29:00+08,USA,T1,en,true,2025-09-13 07:23:00+08,true,false,1,141.59999999999997,150.0
U017765,bundle_100_100,2025-09-13 22:51:00+08,B002422,2025-09-16 22:51:00+08,Hong Kong,T1,ko,true,2025-09-17 00:24:00+08,true,false,1,-20.5,100.0
U027334,airport_150,2025-09-11 08:15:00+08,B012948,2025-09-15 08:15:00+08,Korea,T2,ja,true,2025-09-15 08:58:00+08,true,false,1,46.19999999999999,150.0
U023142,airport_150,2025-10-23 23:24:00+08,B014500,2025-10-24 23:24:00+08,Singapore,T2,zh-TW,true,2025-10-24 23:48:00+08,true,false,1,159.89999999999998,150.0
U010193,airport_150,2025-10-19 10:26:00+08,B012527,2025-10-22 10:26:00+08,USA,T1,en,true,2025-10-22 11:55:00+08,true,false,1,76.19999999999999,150.0
U029512,airport_150,2025-09-17 21:59:00+08,B008527,2025-09-21 21:59:00+08,Japan,T2,ja,true,2025-09-21 23:30:00+08,true,false,1,84.6,150.0
U022780,airport_150,2025-09-11 22:25:00+08,B014128,2025-09-15 22:25:00+08,USA,T2,ja,true,2025-09-15 23:52:00+08,true,false,1,64.5,150.0
U029666,bundle_100_100,2025-09-29 21:30:00+08,B007255,2025-10-01 21:30:00+08,USA,T1,ja,true,2025-10-01 23:17:00+08,true,false,1,214.09999999999997,100.0
U007288,airport_150,2025-09-10 13:53:00+08,B007510,2025-09-12 13:53:00+08,Singapore,T1,ko,true,2025-09-12 14:33:00+08,true,false,1,60.900000000000006,150.0
U013160,bundle_100_100,2025-09-15 08:43:00+08,B011297,2025-09-21 08:43:00+08,Hong Kong,T1,zh-TW,true,2025-09-21 10:25:00+08,true,true,2,240.4,200.0
U007196,airport_150,2025-10-08 07:37:00+08,B015935,2025-10-13 07:37:00+08,Thailand,T2,ko,true,2025-10-13 09:23:00+08,true,false,1,48.29999999999998,150.0
U016984,bundle_100_100,2025-10-04 22:39:00+08,B004000,2025-10-09 22:39:00+08,Singapore,T1,ja,true,2025-10-09 23:36:00+08,true,false,1,189.8,100.0
U016600,bundle_100_100,2025-09-02 06:41:00+08,B016646,2025-09-08 06:41:00+08,Korea,T1,zh-TW,true,2025-09-08 08:13:00+08,true,false,1,201.5,100.0
U025681,bundle_100_100,2025-09-16 23:04:00+08,B009916,2025-09-17 23:04:00+08,Japan,T2,zh-TW,true,2025-09-18 00:53:00+08,true,true,2,212.2,200.0
U029385,airport_150,2025-09-21 15:43:00+08,B014894,2025-09-26 15:43:00+08,Thailand,T2,zh-TW,true,2025-09-26 17:05:00+08,true,false,1,26.69999999999999,150.0
U014085,airport_150,2025-09-21 21:08:00+08,B005655,2025-09-25 21:08:00+08,Thailand,T2,en,true,2025-09-25 22:30:00+08,true,false,1,153.59999999999997,150.0
U007937,bundle_100_100,2025-10-11 17:21:00+08,B008345,2025-10-12 17:21:00+08,Thailand,T2,en,true,2025-10-12 18:13:00+08,true,false,1,83.6,100.0
U025128,airport_150,2025-10-05 03:21:00+08,B003058,2025-10-06 03:21:00+08,Thailand,T1,ja,true,2025-10-06 04:43:00+08,true,false,1,90.6,150.0
U021162,bundle_100_100,2025-09-30 20:07:00+08,B002928,2025-10-05 20:07:00+08,Hong Kong,T2,ja,true,2025-10-05 21:36:00+08,true,true,3,206.79999999999998,200.0
U016320,airport_150,2025-10-12 04:08:00+08,B001526,2025-10-15 04:08:00+08,Hong Kong,T2,ja,true,2025-10-15 05:18:00+08,true,false,1,81.29999999999998,150.0
U006915,bundle_100_100,2025-09-26 17:58:00+08,B000691,2025-09-27 17:58:00+08,Korea,T1,zh-TW,true,2025-09-27 18:48:00+08,true,false,1,-22.900000000000006,100.0
U009229,airport_150,2025-09-30 20:36:00+08,B008091,2025-10-03 20:36:00+08,Korea,T2,ja,true,2025-10-03 21:45:00+08,true,false,1,150.59999999999997,150.0
U025604,bundle_100_100,2025-09-06 20:29:00+08,B007335,2025-09-07 20:29:00+08,Thailand,T1,zh-TW,true,2025-09-07 21:59:00+08,true,false,1,163.7,100.0
U008737,bundle_100_100,2025-09-01 10:37:00+08,B008835,2025-09-05 10:37:00+08,USA,T2,ko,true,2025-09-05 10:58:00+08,true,false,1,161.3,100.0
U012806,bundle_100_100,2025-10-08 20:05:00+08,B017347,2025-10-11 20:05:00+08,Japan,T1,ja,true,2025-10-11 21:20:00+08,true,false,1,218.3,100.0
U014157,bundle_100_100,2025-10-06 23:23:00+08,B007988,2025-10-11 23:23:00+08,USA,T1,ja,true,2025-10-12 00:13:00+08,true,false,1,124.4,100.0
U012065,airport_150,2025-10-03 16:13:00+08,B016792,2025-10-09 16:13:00+08,Japan,T1,zh-TW,true,2025-10-09 16:35:00+08,true,true,2,149.09999999999997,150.0
U017173,bundle_100_100,2025-10-19 08:33:00+08,B007115,2025-10-23 08:33:00+08,Singapore,T2,zh-TW,true,2025-10-23 09:41:00+08,true,false,1,132.79999999999998,100.0
U026532,bundle_100_100,2025-09-12 20:35:00+08,B017561,2025-09-13 20:35:00+08,USA,T2,ja,true,2025-09-13 20:58:00+08,true,false,1,6.200000000000003,100.0
U002260,airport_150,2025-10-08 23:17:00+08,B002946,2025-10-14 23:17:00+08,Thailand,T1,en,true,2025-10-15 00:39:00+08,true,false,1,51.0,150.0
U011209,bundle_100_100,2025-10-19 00:14:00+08,B017729,2025-10-23 00:14:00+08,Korea,T1,zh-TW,true,2025-10-23 01:55:00+08,true,false,1,98.29999999999998,100.0
U026189,bundle_100_100,2025-10-05 23:58:00+08,B007123,2025-10-07 23:58:00+08,USA,T2,en,true,2025-10-08 01:13:00+08,true,true,2,203.2,200.0
U028748,bundle_100_100,2025-10-20 05:22:00+08,B015170,2025-10-24 05:22:00+08,Singapore,T1,ko,true,2025-10-24 06:27:00+08,true,false,1,128.0,100.0
U007390,airport_150,2025-09-10 07:07:00+08,B015050,2025-09-14 07:07:00+08,Singapore,T1,ja,true,2025-09-14 08:52:00+08,true,true,2,238.2,150.0
U029356,airport_150,2025-10-17 19:45:00+08,B012581,2025-10-22 19:45:00+08,Korea,T2,zh-TW,true,2025-10-22 20:28:00+08,true,false,1,-55.8,150.0
U004743,bundle_100_100,2025-10-05 09:03:00+08,B004886,2025-10-10 09:03:00+08,Hong Kong,T2,ja,true,2025-10-10 10:35:00+08,true,true,2,76.6,200.0
U001960,airport_150,2025-10-09 23:14:00+08,B014788,2025-10-10 23:14:00+08,Thailand,T1,zh-TW,true,2025-10-11 00:05:00+08,true,false,1,40.79999999999998,150.0
U001203,airport_150,2025-10-15 17:21:00+08,B015739,2025-10-21 17:21:00+08,Singapore,T2,ja,true,2025-10-21 19:17:00+08,true,false,1,24.900000000000006,150.0
U020279,airport_150,2025-10-24 03:14:00+08,B002028,2025-10-26 03:14:00+08,Singapore,T2,en,true,2025-10-26 04:02:00+08,true,false,1,78.0,150.0
U018488,bundle_100_100,2025-10-10 12:21:00+08,B002724,2025-10-11 12:21:00+08,Singapore,T2,zh-TW,true,2025-10-11 12:50:00+08,true,false,1,67.4,100.0
U021309,airport_150,2025-09-07 17:49:00+08,B000917,2025-09-12 17:49:00+08,Thailand,T2,ko,true,2025-09-12 19:02:00+08,true,false,1,14.400000000000006,150.0
U000239,bundle_100_100,2025-09-04 21:02:00+08,B017756,2025-09-10 21:02:00+08,Hong Kong,T2,en,true,2025-09-10 22:58:00+08,true,false,1,124.4,100.0
U012897,bundle_100_100,2025-09-29 07:53:00+08,B013111,2025-10-02 07:53:00+08,USA,T1,zh-TW,true,2025-10-02 09:30:00+08,true,false,1,92.0,100.0
U014984,bundle_100_100,2025-10-06 15:56:00+08,B012819,2025-10-07 15:56:00+08,USA,T1,zh-TW,true,2025-10-07 17:11:00+08,true,false,1,101.0,100.0
U028509,airport_150,2025-09-16 05:13:00+08,B006115,2025-09-20 05:13:00+08,Singapore,T1,ja,true,2025-09-20 06:14:00+08,true,true,2,267.29999999999995,150.0
U027366,airport_150,2025-09-27 03:31:00+08,B006130,2025-09-30 03:31:00+08,Thailand,T1,zh-TW,true,2025-09-30 04:04:00+08,true,false,1,78.9,150.0
U008895,airport_150,2025-10-03 00:50:00+08,B005642,2025-10-07 00:50:00+08,Singapore,T1,zh-TW,true,2025-10-07 02:20:00+08,true,false,1,27.900000000000006,150.0
U004339,bundle_100_100,2025-09-02 15:08:00+08,B005774,2025-09-04 15:08:00+08,Hong Kong,T2,zh-TW,true,2025-09-04 15:39:00+08,true,false,1,121.1,100.0
U026395,airport_150,2025-10-18 20:53:00+08,B002140,2025-10-19 20:53:00+08,Korea,T2,ko,true,2025-10-19 21:44:00+08,true,false,1,163.8,150.0
U027757,bundle_100_100,2025-09-09 21:24:00+08,B012165,2025-09-13 21:24:00+08,Singapore,T1,en,true,2025-09-13 22:59:00+08,true,false,1,197.0,100.0
U020332,airport_150,2025-10-09 07:17:00+08,B004426,2025-10-15 07:17:00+08,USA,T1,en,true,2025-10-15 08:17:00+08,true,false,1,92.39999999999998,150.0
U024697,airport_150,2025-10-04 19:49:00+08,B011264,2025-10-09 19:49:00+08,USA,T1,ko,true,2025-10-09 21:32:00+08,true,false,1,114.59999999999997,150.0
U005935,airport_150,2025-09-23 05:01:00+08,B017902,2025-09-25 05:01:00+08,Singapore,T2,en,true,2025-09-25 05:39:00+08,true,false,1,122.09999999999997,150.0
U027952,bundle_100_100,2025-09-24 04:10:00+08,B005336,2025-09-28 04:10:00+08,Singapore,T1,ja,true,2025-09-28 04:33:00+08,true,false,1,83.0,100.0
U004024,bundle_100_100,2025-09-10 02:52:00+08,B016660,2025-09-16 02:52:00+08,Singapore,T2,zh-TW,true,2025-09-16 03:39:00+08,true,false,1,126.5,100.0
U025999,airport_150,2025-09-14 09:11:00+08,B015674,2025-09-19 09:11:00+08,Thailand,T2,zh-TW,true,2025-09-19 10:46:00+08,true,false,1,85.19999999999999,150.0
U017354,airport_150,2025-10-10 03:27:00+08,B000108,2025-10-11 03:27:00+08,Thailand,T2,ko,true,2025-10-11 03:51:00+08,true,false,1,20.400000000000006,150.0
U006304,bundle_100_100,2025-09-12 20:58:00+08,B012007,2025-09-17 20:58:00+08,Hong Kong,T2,en,true,2025-09-17 22:17:00+08,true,false,1,176.89999999999998,100.0
U008261,bundle_100_100,2025-09-02 21:28:00+08,B003086,2025-09-06 21:28:00+08,USA,T2,ko,true,2025-09-06 23:19:00+08,true,true,3,439.59999999999997,200.0
U006346,bundle_100_100,2025-10-18 09:43:00+08,B003996,2025-10-23 09:43:00+08,Hong Kong,T2,ko,true,2025-10-23 10:33:00+08,true,false,1,-23.200000000000003,100.0
U015201,bundle_100_100,2025-09-04 21:07:00+08,B002331,2025-09-10 21:07:00+08,Japan,T2,zh-TW,true,2025-09-10 21:46:00+08,true,false,1,219.8,100.0
U018028,bundle_100_100,2025-10-03 20:37:00+08,B002654,2025-10-07 20:37:00+08,Korea,T1,ko,true,2025-10-07 22:03:00+08,true,false,1,134.0,100.0
U022480,bundle_100_100,2025-09-16 23:19:00+08,B007346,2025-09-22 23:19:00+08,Japan,T2,ja,true,2025-09-23 01:09:00+08,true,false,1,132.5,100.0
U008016,airport_150,2025-09-19 23:42:00+08,B006032,2025-09-23 23:42:00+08,Korea,T1,zh-TW,true,2025-09-24 01:21:00+08,true,false,1,56.400000000000006,150.0
U013780,airport_150,2025-10-13 15:54:00+08,B001485,2025-10-18 15:54:00+08,USA,T2,en,true,2025-10-18 17:53:00+08,true,false,1,47.099999999999994,150.0
U008962,bundle_100_100,2025-09-11 05:48:00+08,B010238,2025-09-13 05:48:00+08,Singapore,T2,zh-TW,true,2025-09-13 07:23:00+08,true,true,2,172.29999999999998,200.0
U003043,airport_150,2025-09-22 08:38:00+08,B009772,2025-09-27 08:38:00+08,Thailand,T1,en,true,2025-09-27 09:37:00+08,true,false,1,42.599999999999994,150.0
U010385,airport_150,2025-09-26 22:48:00+08,B011975,2025-10-02 22:48:00+08,Hong Kong,T2,zh-TW,true,2025-10-03 00:44:00+08,true,false,1,74.69999999999999,150.0
U027792,bundle_100_100,2025-09-05 06:02:00+08,B017147,2025-09-11 06:02:00+08,USA,T2,ja,true,2025-09-11 07:25:00+08,true,false,1,197.0,100.0
U017348,bundle_100_100,2025-09-10 08:09:00+08,B004551,2025-09-12 08:09:00+08,Japan,T1,en,true,2025-09-12 10:00:00+08,true,true,2,-40.70000000000002,200.0
U003751,airport_150,2025-09-07 00:06:00+08,B011461,2025-09-10 00:06:00+08,Japan,T1,ko,true,2025-09-10 00:59:00+08,true,false,1,75.29999999999998,150.0
U004362,bundle_100_100,2025-09-19 22:08:00+08,B012794,2025-09-23 22:08:00+08,Japan,T1,zh-TW,true,2025-09-23 23:46:00+08,true,false,1,186.5,100.0
U020957,airport_150,2025-10-23 13:01:00+08,B004219,2025-10-26 13:01:00+08,Korea,T2,ko,true,2025-10-26 13:49:00+08,true,false,1,25.799999999999983,150.0
U004586,airport_150,2025-10-03 07:07:00+08,B017473,2025-10-04 07:07:00+08,Korea,T1,en,true,2025-10-04 08:46:00+08,true,false,1,134.09999999999997,150.0
U021018,airport_150,2025-09-15 23:14:00+08,B010377,2025-09-19 23:14:00+08,Japan,T2,en,true,2025-09-19 23:36:00+08,true,true,2,226.79999999999998,150.0
U006356,bundle_100_100,2025-10-10 04:51:00+08,B017936,2025-10-13 04:51:00+08,Japan,T2,zh-TW,true,2025-10-13 05:12:00+08,true,true,2,123.09999999999997,200.0
U017989,bundle_100_100,2025-09-27 20:48:00+08,B012562,2025-09-28 20:48:00+08,Korea,T1,ja,true,2025-09-28 21:44:00+08,true,true,2,268.59999999999997,200.0
U023277,airport_150,2025-10-13 03:13:00+08,B014292,2025-10-16 03:13:00+08,Japan,T1,ja,true,2025-10-16 04:27:00+08,true,false,1,27.900000000000006,150.0
U016586,airport_150,2025-09-27 06:09:00+08,B015314,2025-10-01 06:09:00+08,Korea,T2,ja,true,2025-10-01 07:27:00+08,true,false,1,128.39999999999998,150.0
U018071,airport_150,2025-09-18 05:42:00+08,B001156,2025-09-21 05:42:00+08,Thailand,T1,en,true,2025-09-21 07:01:00+08,true,true,2,285.59999999999997,150.0
U014467,bundle_100_100,2025-09-09 07:22:00+08,B009739,2025-09-12 07:22:00+08,Korea,T2,ko,true,2025-09-12 09:01:00+08,true,true,3,375.7,200.0
U029656,bundle_100_100,2025-09-15 09:34:00+08,B003570,2025-09-20 09:34:00+08,Thailand,T1,ko,true,2025-09-20 10:41:00+08,true,false,1,-22.60000000000001,100.0
U026310,airport_150,2025-10-13 07:54:00+08,B017240,2025-10-19 07:54:00+08,USA,T1,zh-TW,true,2025-10-19 08:30:00+08,true,false,1,142.2,150.0
U008335,bundle_100_100,2025-09-30 22:36:00+08,B007653,2025-10-02 22:36:00+08,Korea,T2,en,true,2025-10-03 00:26:00+08,true,true,2,232.29999999999998,200.0
U007048,bundle_100_100,2025-10-19 10:58:00+08,B003898,2025-10-23 10:58:00+08,Singapore,T2,ko,true,2025-10-23 12:42:00+08,true,true,2,195.1,200.0
U017370,bundle_100_100,2025-09-28 08:46:00+08,B014452,2025-10-04 08:46:00+08,Korea,T1,zh-TW,true,2025-10-04 10:37:00+08,true,true,3,352.29999999999995,200.0
U027958,bundle_100_100,2025-10-05 16:16:00+08,B015268,2025-10-06 16:16:00+08,Korea,T1,ja,true,2025-10-06 16:47:00+08,true,false,1,62.29999999999998,100.0
U018463,airport_150,2025-09-18 09:26:00+08,B013081,2025-09-20 09:26:00+08,Singapore,T1,ko,true,2025-09-20 10:41:00+08,true,false,1,91.5,150.0
U024545,bundle_100_100,2025-10-11 13:33:00+08,B008570,2025-10-14 13:33:00+08,Thailand,T2,zh-TW,true,2025-10-14 15:14:00+08,true,true,2,65.49999999999999,200.0
U003452,airport_150,2025-09-19 23:54:00+08,B017831,2025-09-25 23:54:00+08,Hong Kong,T1,en,true,2025-09-26 00:43:00+08,true,false,1,28.19999999999999,150.0
U015137,airport_150,2025-09-30 04:07:00+08,B012742,2025-10-04 04:07:00+08,Singapore,T2,ko,true,2025-10-04 05:56:00+08,true,false,1,124.5,150.0
U028933,airport_150,2025-09-28 20:36:00+08,B004004,2025-10-02 20:36:00+08,Singapore,T2,ja,true,2025-10-02 21:54:00+08,true,false,1,152.09999999999997,150.0
U010030,bundle_100_100,2025-09-22 14:48:00+08,B008794,2025-09-24 14:48:00+08,Korea,T1,ja,true,2025-09-24 15:53:00+08,true,true,2,101.49999999999999,200.0
U001906,bundle_100_100,2025-10-03 21:53:00+08,B005611,2025-10-08 21:53:00+08,USA,T2,zh-TW,true,2025-10-08 23:47:00+08,true,true,2,46.0,200.0
U008023,bundle_100_100,2025-09-06 10:16:00+08,B017790,2025-09-08 10:16:00+08,Thailand,T1,en,true,2025-09-08 10:54:00+08,true,false,1,148.7,100.0
U019309,airport_150,2025-09-12 09:34:00+08,B003851,2025-09-13 09:34:00+08,USA,T1,zh-TW,true,2025-09-13 10:13:00+08,true,false,1,27.0,150.0
U020680,bundle_100_100,2025-09-24 08:07:00+08,B004598,2025-09-27 08:07:00+08,Japan,T1,ko,true,2025-09-27 09:32:00+08,true,true,2,284.79999999999995,200.0
U020040,bundle_100_100,2025-09-24 09:00:00+08,B009576,2025-09-25 09:00:00+08,Hong Kong,T1,zh-TW,true,2025-09-25 09:32:00+08,true,false,1,94.69999999999999,100.0
U009083,bundle_100_100,2025-09-30 06:52:00+08,B001162,2025-10-02 06:52:00+08,Hong Kong,T2,ko,true,2025-10-02 07:42:00+08,true,true,2,304.0,200.0
U020746,airport_150,2025-09-28 06:50:00+08,B010269,2025-10-04 06:50:00+08,Thailand,T2,ja,true,2025-10-04 08:18:00+08,true,false,1,75.9,150.0
U004018,airport_150,2025-09-09 23:05:00+08,B011832,2025-09-11 23:05:00+08,Japan,T2,ja,true,2025-09-11 23:46:00+08,true,false,1,-44.400000000000006,150.0
U004333,airport_150,2025-09-10 06:45:00+08,B004927,2025-09-14 06:45:00+08,USA,T1,zh-TW,true,2025-09-14 08:29:00+08,true,true,2,217.79999999999998,150.0
U011650,bundle_100_100,2025-09-14 10:31:00+08,B011530,2025-09-19 10:31:00+08,Thailand,T2,zh-TW,true,2025-09-19 12:00:00+08,true,true,2,58.29999999999998,200.0
U002133,airport_150,2025-10-12 09:58:00+08,B012033,2025-10-16 09:58:00+08,Thailand,T2,en,true,2025-10-16 11:03:00+08,true,true,2,232.79999999999995,150.0
U013930,airport_150,2025-09-26 17:47:00+08,B000872,2025-09-28 17:47:00+08,Korea,T1,zh-TW,true,2025-09-28 18:34:00+08,true,false,1,17.400000000000006,150.0
U020850,airport_150,2025-10-20 19:22:00+08,B005181,2025-10-22 19:22:00+08,Thailand,T1,zh-TW,true,2025-10-22 20:46:00+08,true,true,2,306.9,150.0
U015809,bundle_100_100,2025-09-01 21:05:00+08,B017386,2025-09-04 21:05:00+08,Japan,T1,ko,true,2025-09-04 22:42:00+08,true,false,1,-15.100000000000009,100.0
U005629,airport_150,2025-09-19 04:09:00+08,B012790,2025-09-25 04:09:00+08,Hong Kong,T1,ja,true,2025-09-25 04:30:00+08,true,false,1,49.19999999999999,150.0
U015080,bundle_100_100,2025-09-23 21:26:00+08,B011695,2025-09-27 21:26:00+08,Singapore,T1,en,true,2025-09-27 22:23:00+08,true,false,1,172.39999999999998,100.0
U001722,airport_150,2025-09-26 13:35:00+08,B013852,2025-09-27 13:35:00+08,Hong Kong,T2,ko,true,2025-09-27 14:21:00+08,true,false,1,90.29999999999998,150.0
U027931,control,2025-09-10 16:32:00+08,B011991,2025-09-11 16:32:00+08,Thailand,T2,zh-TW,true,2025-09-11 17:30:00+08,true,false,1,180.9,0.0
U028135,control,2025-10-11 01:48:00+08,B013433,2025-10-15 01:48:00+08,USA,T1,ja,true,2025-10-15 02:31:00+08,true,false,1,182.4,0.0
U002319,airport_150,2025-09-30 09:42:00+08,B010575,2025-10-05 09:42:00+08,Thailand,T2,ja,true,2025-10-05 11:28:00+08,true,false,1,181.2,0.0
U007346,bundle_100_100,2025-10-19 03:02:00+08,B002490,2025-10-22 03:02:00+08,USA,T2,en,true,2025-10-25 05:47:00+08,true,false,1,314.4,0.0
U026467,airport_150,2025-09-17 01:34:00+08,B005733,2025-09-20 01:34:00+08,Korea,T2,zh-TW,true,2025-09-26 09:41:00+08,true,false,1,209.4,0.0
U019714,control,2025-09-04 21:07:00+08,B002794,2025-09-09 21:07:00+08,USA,T2,zh-TW,true,2025-09-09 23:03:00+08,true,true,2,330.9,0.0
U025703,control,2025-09-26 09:14:00+08,B002061,2025-09-30 09:14:00+08,USA,T1,ko,true,2025-09-30 09:55:00+08,true,false,1,178.79999999999998,0.0
U027269,control,2025-10-10 16:50:00+08,B001842,2025-10-13 16:50:00+08,Thailand,T2,ko,true,2025-10-13 17:26:00+08,true,false,1,214.2,0.0
U011611,airport_150,2025-09-07 08:55:00+08,B007582,2025-09-10 08:55:00+08,USA,T1,zh-TW,true,2025-09-10 10:34:00+08,true,true,2,317.4,0.0
U015833,control,2025-10-18 21:24:00+08,B017806,2025-10-23 21:24:00+08,Hong Kong,T1,zh-TW,true,2025-10-23 23:18:00+08,true,false,1,218.4,0.0
U016562,control,2025-09-09 11:10:00+08,B003922,2025-09-12 11:10:00+08,Korea,T2,ja,true,2025-09-12 12:52:00+08,true,false,1,240.29999999999998,0.0
U006431,control,2025-09-15 02:31:00+08,B016793,2025-09-18 02:31:00+08,Hong Kong,T1,ko,true,2025-09-18 03:01:00+08,true,false,1,183.0,0.0
U018063,control,2025-10-23 20:33:00+08,B002113,2025-10-24 20:33:00+08,USA,T2,ko,true,2025-10-24 21:15:00+08,true,false,1,93.89999999999999,0.0
U022663,airport_150,2025-09-25 21:08:00+08,B015644,2025-09-29 21:08:00+08,Hong Kong,T2,zh-TW,true,2025-09-29 21:59:00+08,true,false,1,291.9,0.0
U019281,control,2025-10-22 11:48:00+08,B001321,2025-10-25 11:48:00+08,Singapore,T1,ko,true,2025-10-25 12:15:00+08,true,true,2,489.29999999999995,0.0
U020726,control,2025-10-07 08:08:00+08,B004262,2025-10-13 08:08:00+08,Japan,T2,zh-TW,true,2025-10-13 09:21:00+08,true,true,2,290.7,0.0
U007771,control,2025-09-29 08:46:00+08,B015815,2025-10-04 08:46:00+08,USA,T1,ko,true,2025-10-04 09:31:00+08,true,false,1,184.2,0.0
U006672,control,2025-09-20 09:43:00+08,B012493,2025-09-26 09:43:00+08,USA,T2,ko,true,2025-09-26 10:06:00+08,true,false,1,188.7,0.0
U003072,control,2025-09-13 17:06:00+08,B008732,2025-09-18 17:06:00+08,Singapore,T1,ko,true,2025-09-18 18:08:00+08,true,false,1,246.6,0.0
U029918,control,2025-09-26 15:21:00+08,B016610,2025-09-27 15:21:00+08,Thailand,T1,en,true,2025-09-27 16:25:00+08,true,false,1,160.79999999999998,0.0
U024198,control,2025-10-20 03:23:00+08,B002990,2025-10-25 03:23:00+08,Singapore,T1,en,true,2025-10-25 04:09:00+08,true,false,1,204.6,0.0
U025524,control,2025-09-08 12:38:00+08,B017448,2025-09-09 12:38:00+08,Singapore,T1,zh-TW,true,2025-09-09 14:35:00+08,true,true,2,286.5,0.0
U025515,airport_150,2025-09-22 16:44:00+08,B008024,2025-09-24 16:44:00+08,Singapore,T1,ja,true,2025-09-24 18:11:00+08,true,false,1,222.6,0.0
U009807,control,2025-09-03 22:34:00+08,B015527,2025-09-09 22:34:00+08,Hong Kong,T2,ko,true,2025-09-10 00:24:00+08,true,false,1,147.9,0.0
U022937,control,2025-10-14 01:51:00+08,B004285,2025-10-17 01:51:00+08,USA,T2,ja,true,2025-10-17 02:17:00+08,true,false,1,189.0,0.0
U013403,control,2025-10-04 21:15:00+08,B016007,2025-10-07 21:15:00+08,Singapore,T2,ko,true,2025-10-07 21:57:00+08,true,false,1,262.2,0.0
U009472,control,2025-10-12 05:40:00+08,B003186,2025-10-16 05:40:00+08,Singapore,T1,en,true,2025-10-16 06:17:00+08,true,false,1,274.2,0.0
U016713,airport_150,2025-09-24 23:47:00+08,B014379,2025-09-26 23:47:00+08,Japan,T2,ko,true,2025-10-03 08:08:00+08,true,false,1,286.8,0.0
U013749,control,2025-10-05 10:57:00+08,B004996,2025-10-07 10:57:00+08,Singapore,T1,en,true,2025-10-07 12:30:00+08,true,false,1,228.0,0.0
U014857,control,2025-09-11 14:09:00+08,B010845,2025-09-14 14:09:00+08,USA,T2,ko,true,2025-09-14 14:37:00+08,true,false,1,201.29999999999998,0.0
U028155,control,2025-09-16 07:46:00+08,B011752,2025-09-21 07:46:00+08,USA,T2,zh-TW,true,2025-09-21 09:43:00+08,true,false,1,174.0,0.0
U029529,control,2025-10-06 08:14:00+08,B015876,2025-10-08 08:14:00+08,Thailand,T2,en,true,2025-10-08 10:04:00+08,true,false,1,177.6,0.0
U005888,control,2025-09-23 06:57:00+08,B007075,2025-09-29 06:57:00+08,Thailand,T2,ja,true,2025-09-29 08:12:00+08,true,true,2,289.2,0.0
U026486,control,2025-09-08 20:44:00+08,B013574,2025-09-11 20:44:00+08,Singapore,T1,en,true,2025-09-11 21:20:00+08,true,false,1,266.09999999999997,0.0
U010247,control,2025-09-27 05:30:00+08,B011489,2025-09-30 05:30:00+08,Singapore,T1,en,true,2025-09-30 07:20:00+08,true,false,1,222.9,0.0
U000038,control,2025-10-20 09:17:00+08,B009052,2025-10-22 09:17:00+08,Thailand,T2,zh-TW,true,2025-10-22 09:48:00+08,true,true,2,413.1,0.0
U003256,control,2025-10-08 13:18:00+08,B016026,2025-10-13 13:18:00+08,Thailand,T1,ja,true,2025-10-13 14:14:00+08,true,false,1,188.7,0.0
U008886,control,2025-10-14 05:50:00+08,B007881,2025-10-20 05:50:00+08,Hong Kong,T2,ja,true,2025-10-20 06:52:00+08,true,true,2,349.5,0.0
U000734,control,2025-09-23 22:12:00+08,B005506,2025-09-29 22:12:00+08,Thailand,T1,ko,true,2025-09-30 00:06:00+08,true,false,1,192.6,0.0
U011618,airport_150,2025-09-22 20:42:00+08,B003241,2025-09-26 20:42:00+08,Thailand,T1,zh-TW,true,2025-09-26 21:48:00+08,true,false,1,251.39999999999998,0.0
U028281,control,2025-09-09 05:39:00+08,B011275,2025-09-13 05:39:00+08,Singapore,T2,en,true,2025-09-13 07:08:00+08,true,true,2,428.7,0.0
U018970,control,2025-10-04 00:12:00+08,B001063,2025-10-06 00:12:00+08,Singapore,T2,en,true,2025-10-06 01:33:00+08,true,false,1,214.2,0.0
U013481,control,2025-09-09 16:39:00+08,B010174,2025-09-13 16:39:00+08,USA,T2,zh-TW,true,2025-09-13 17:54:00+08,true,false,1,225.6,0.0
U005639,control,2025-09-14 02:31:00+08,B014375,2025-09-20 02:31:00+08,Singapore,T1,ja,true,2025-09-20 03:21:00+08,true,false,1,93.89999999999999,0.0
U004636,control,2025-10-01 05:11:00+08,B003346,2025-10-04 05:11:00+08,Hong Kong,T1,ja,true,2025-10-04 06:51:00+08,true,false,1,249.29999999999998,0.0
U021826,bundle_100_100,2025-09-25 21:34:00+08,B000056,2025-09-27 21:34:00+08,Thailand,T2,en,true,,false,false,0,0.0,0.0
U000195,airport_150,2025-09-21 08:40:00+08,B010544,2025-09-23 08:40:00+08,Thailand,T1,ko,true,,false,false,0,0.0,0.0
U000784,control,2025-09-29 09:36:00+08,B004754,2025-10-03 09:36:00+08,Korea,T2,ko,true,,false,false,0,0.0,0.0
U019802,airport_150,2025-09-06 07:37:00+08,B009254,2025-09-10 07:37:00+08,Japan,T2,ko,true,,false,false,0,0.0,0.0
U004065,bundle_100_100,2025-09-04 21:12:00+08,B002880,2025-09-10 21:12:00+08,USA,T2,ko,true,,false,false,0,0.0,0.0
U025125,airport_150,2025-10-10 18:47:00+08,B017675,2025-10-16 18:47:00+08,Singapore,T2,ko,true,,false,false,0,0.0,0.0
U016671,bundle_100_100,2025-10-02 08:54:00+08,B017294,2025-10-05 08:54:00+08,Singapore,T1,en,true,,false,false,0,0.0,0.0
U018119,bundle_100_100,2025-10-11 16:22:00+08,B013927,2025-10-16 16:22:00+08,Japan,T2,en,true,,false,false,0,0.0,0.0
U028651,airport_150,2025-10-01 12:38:00+08,B010233,2025-10-07 12:38:00+08,USA,T2,ja,true,,false,false,0,0.0,0.0
U006467,control,2025-09-15 20:19:00+08,B006911,2025-09-16 20:19:00+08,Hong Kong,T2,ko,true,,false,false,0,0.0,0.0
U012762,airport_150,2025-09-28 21:41:00+08,B010348,2025-09-29 21:41:00+08,Singapore,T1,ja,true,,false,false,0,0.0,0.0
U014590,airport_150,2025-10-14 20:36:00+08,B016630,2025-10-18 20:36:00+08,USA,T1,ko,true,,false,false,0,0.0,0.0
U006423,bundle_100_100,2025-10-19 05:13:00+08,B004230,2025-10-25 05:13:00+08,Japan,T1,zh-TW,true,,false,false,0,0.0,0.0
U014368,airport_150,2025-09-23 17:01:00+08,B016159,2025-09-26 17:01:00+08,Thailand,T2,zh-TW,true,,false,false,0,0.0,0.0
U004022,bundle_100_100,2025-10-11 07:47:00+08,B014249,2025-10-17 07:47:00+08,USA,T2,zh-TW,true,,false,false,0,0.0,0.0
U013262,bundle_100_100,2025-09-30 22:59:00+08,B008015,2025-10-05 22:59:00+08,USA,T2,en,true,,false,false,0,0.0,0.0
U008583,control,2025-10-07 08:42:00+08,B002190,2025-10-09 08:42:00+08,Korea,T1,zh-TW,true,,false,false,0,0.0,0.0
U011356,bundle_100_100,2025-09-29 23:18:00+08,B014105,2025-10-04 23:18:00+08,Thailand,T1,zh-TW,true,,false,false,0,0.0,0.0
U007213,bundle_100_100,2025-09-06 12:00:00+08,B012511,2025-09-08 12:00:00+08,Thailand,T2,ko,true,,false,false,0,0.0,0.0
U021037,control,2025-10-11 23:58:00+08,B010089,2025-10-12 23:58:00+08,Singapore,T1,en,true,,false,false,0,0.0,0.0
U029530,bundle_100_100,2025-09-06 05:31:00+08,B011325,2025-09-07 05:31:00+08,Hong Kong,T2,ko,true,,false,false,0,0.0,0.0
U025152,airport_150,2025-09-23 08:37:00+08,B014062,2025-09-29 08:37:00+08,Hong Kong,T1,zh-TW,true,,false,false,0,0.0,0.0
U003437,airport_150,2025-09-03 23:45:00+08,B015162,2025-09-07 23:45:00+08,Hong Kong,T1,zh-TW,true,,false,false,0,0.0,0.0
U022401,airport_150,2025-10-03 07:58:00+08,B006657,2025-10-06 07:58:00+08,Korea,T1,ja,true,,false,false,0,0.0,0.0
U022078,airport_150,2025-09-23 11:30:00+08,B003693,2025-09-24 11:30:00+08,USA,T1,ja,true,,false,false,0,0.0,0.0
U019773,bundle_100_100,2025-10-20 02:54:00+08,B009172,2025-10-23 02:54:00+08,Hong Kong,T1,ko,true,,false,false,0,0.0,0.0
U028423,airport_150,2025-09-05 04:05:00+08,B015149,2025-09-10 04:05:00+08,Hong Kong,T1,ko,true,,false,false,0,0.0,0.0
U010194,bundle_100_100,2025-09-19 21:45:00+08,B004981,2025-09-24 21:45:00+08,Japan,T1,ja,true,,false,false,0,0.0,0.0
U000183,bundle_100_100,2025-09-28 16:12:00+08,B005916,2025-10-03 16:12:00+08,Korea,T1,zh-TW,true,,false,false,0,0.0,0.0
U012432,bundle_100_100,2025-09-02 13:59:00+08,B008274,2025-09-06 13:59:00+08,Japan,T2,ko,true,,false,false,0,0.0,0.0
U027030,airport_150,2025-09-22 14:58:00+08,B002655,2025-09-24 14:58:00+08,Thailand,T2,ja,true,,false,false,0,0.0,0.0
U005560,bundle_100_100,2025-10-09 19:39:00+08,B013786,2025-10-10 19:39:00+08,Korea,T2,en,true,,false,false,1,168.29999999999998,0.0
U005809,airport_150,2025-09-18 08:04:00+08,B006913,2025-09-21 08:04:00+08,USA,T2,zh-TW,true,,false,false,0,0.0,0.0
U021838,bundle_100_100,2025-10-12 10:38:00+08,B014095,2025-10-16 10:38:00+08,Hong Kong,T2,zh-TW,true,,false,false,0,0.0,0.0
U016175,bundle_100_100,2025-09-27 22:06:00+08,B008343,2025-10-03 22:06:00+08,USA,T2,en,true,,false,false,0,0.0,0.0
U018768,airport_150,2025-10-21 11:24:00+08,B001733,2025-10-22 11:24:00+08,USA,T2,en,true,,false,false,0,0.0,0.0
U006447,airport_150,2025-10-16 05:38:00+08,B017459,2025-10-18 05:38:00+08,Japan,T1,ja,true,,false,false,0,0.0,0.0
U027117,bundle_100_100,2025-09-25 23:54:00+08,B001763,2025-09-29 23:54:00+08,Korea,T2,ko,true,,false,false,0,0.0,0.0
U015237,bundle_100_100,2025-10-08 02:33:00+08,B009883,2025-10-14 02:33:00+08,Singapore,T1,zh-TW,true,,false,false,0,0.0,0.0
U019247,airport_150,2025-09-12 20:26:00+08,B006588,2025-09-15 20:26:00+08,Thailand,T2,zh-TW,true,,false,false,0,0.0,0.0
U022284,airport_150,2025-09-29 23:08:00+08,B009787,2025-10-04 23:08:00+08,Thailand,T1,en,true,,false,false,0,0.0,0.0
U002473,bundle_100_100,2025-09-20 01:34:00+08,B014612,2025-09-21 01:34:00+08,Japan,T1,ko,true,,false,false,0,0.0,0.0
U000729,bundle_100_100,2025-10-15 22:31:00+08,B009280,2025-10-20 22:31:00+08,USA,T2,zh-TW,true,,false,false,0,0.0,0.0
U000054,airport_150,2025-09-07 06:32:00+08,B017814,2025-09-10 06:32:00+08,Thailand,T2,zh-TW,true,,false,false,0,0.0,0.0
U006578,control,2025-09-22 22:41:00+08,B011681,2025-09-27 22:41:00+08,Thailand,T2,ja,true,,false,false,0,0.0,0.0
U028460,airport_150,2025-09-17 23:46:00+08,B006848,2025-09-18 23:46:00+08,Singapore,T2,ja,true,,false,false,0,0.0,0.0
U027028,bundle_100_100,2025-09-15 01:38:00+08,B005273,2025-09-20 01:38:00+08,Japan,T2,ko,true,,false,false,0,0.0,0.0
U022567,bundle_100_100,2025-10-16 20:10:00+08,B004220,2025-10-17 20:10:00+08,Hong Kong,T2,en,true,,false,false,0,0.0,0.0
U014493,airport_150,2025-09-09 06:42:00+08,B001146,2025-09-12 06:42:00+08,Japan,T1,ko,true,,false,false,0,0.0,0.0
U015856,airport_150,2025-09-07 22:17:00+08,B010288,2025-09-10 22:17:00+08,Singapore,T1,en,true,,false,false,0,0.0,0.0
U014560,airport_150,2025-10-08 07:52:00+08,B013308,2025-10-13 07:52:00+08,Japan,T1,en,true,,false,false,0,0.0,0.0
U000981,bundle_100_100,2025-09-17 12:43:00+08,B000757,2025-09-18 12:43:00+08,Thailand,T2,ko,true,,false,false,0,0.0,0.0
U005985,bundle_100_100,2025-10-12 05:32:00+08,B002612,2025-10-14 05:32:00+08,Japan,T2,zh-TW,true,,false,false,0,0.0,0.0
U005634,bundle_100_100,2025-09-15 07:55:00+08,B010693,2025-09-16 07:55:00+08,Singapore,T2,en,true,,false,false,0,0.0,0.0
U013270,bundle_100_100,2025-10-06 22:23:00+08,B015425,2025-10-10 22:23:00+08,Thailand,T1,zh-TW,true,,false,false,0,0.0,0.0
U006207,airport_150,2025-09-27 12:08:00+08,B010103,2025-10-02 12:08:00+08,USA,T2,ko,true,,false,false,0,0.0,0.0
U008572,control,2025-09-17 05:22:00+08,B016547,2025-09-21 05:22:00+08,USA,T1,ja,true,,false,false,0,0.0,0.0
U019561,airport_150,2025-09-10 05:39:00+08,B015000,2025-09-14 05:39:00+08,Hong Kong,T2,zh-TW,true,,false,false,0,0.0,0.0
U009672,airport_150,2025-09-01 22:40:00+08,B005284,2025-09-02 22:40:00+08,Hong Kong,T1,en,true,,false,false,0,0.0,0.0
U001301,airport_150,2025-10-15 07:18:00+08,B004063,2025-10-19 07:18:00+08,Thailand,T1,ja,true,,false,false,0,0.0,0.0
U001791,airport_150,2025-09-01 09:26:00+08,B005065,2025-09-04 09:26:00+08,Singapore,T1,ja,true,,false,false,0,0.0,0.0
U009633,control,2025-09-15 20:05:00+08,B013553,2025-09-16 20:05:00+08,USA,T1,ko,true,,false,false,0,0.0,0.0
U025612,airport_150,2025-10-05 09:50:00+08,B000282,2025-10-09 09:50:00+08,Thailand,T2,ja,true,,false,false,0,0.0,0.0
U023594,control,2025-09-24 07:59:00+08,B001970,2025-09-27 07:59:00+08,Korea,T2,zh-TW,true,,false,false,0,0.0,0.0
U001240,bundle_100_100,2025-09-02 01:11:00+08,B001126,2025-09-08 01:11:00+08,USA,T1,ko,true,,false,false,0,0.0,0.0
U014174,airport_150,2025-10-12 13:44:00+08,B005948,2025-10-14 13:44:00+08,Thailand,T2,ko,true,,false,false,0,0.0,0.0
U002056,bundle_100_100,2025-09-17 02:38:00+08,B004051,2025-09-19 02:38:00+08,Singapore,T1,zh-TW,true,,false,false,0,0.0,0.0
U028290,bundle_100_100,2025-09-15 08:03:00+08,B012690,2025-09-16 08:03:00+08,Hong Kong,T2,en,true,,false,false,0,0.0,0.0
U002569,airport_150,2025-09-27 19:47:00+08,B008447,2025-10-03 19:47:00+08,Singapore,T1,zh-TW,true,,false,false,0,0.0,0.0
U005077,bundle_100_100,2025-10-18 09:00:00+08,B016228,2025-10-19 09:00:00+08,Thailand,T1,en,true,,false,false,0,0.0,0.0
U010588,airport_150,2025-09-28 06:33:00+08,B006570,2025-09-30 06:33:00+08,Japan,T2,en,true,,false,false,0,0.0,0.0
U020514,airport_150,2025-10-18 08:39:00+08,B009542,2025-10-19 08:39:00+08,Japan,T1,zh-TW,true,,false,false,0,0.0,0.0
U011211,airport_150,2025-10-19 09:22:00+08,B015275,2025-10-25 09:22:00+08,Hong Kong,T1,zh-TW,true,,false,false,0,0.0,0.0
U014212,bundle_100_100,2025-10-20 18:31:00+08,B017310,2025-10-26 18:31:00+08,Korea,T2,zh-TW,true,,false,false,0,0.0,0.0
U004998,airport_150,2025-09-17 06:11:00+08,B016757,2025-09-19 06:11:00+08,USA,T2,ko,true,,false,false,0,0.0,0.0
U008547,control,2025-09-22 08:00:00+08,B011666,2025-09-28 08:00:00+08,USA,T2,zh-TW,true,,false,false,1,136.79999999999998,0.0
U020580,bundle_100_100,2025-09-25 21:01:00+08,B014125,2025-10-01 21:01:00+08,Japan,T1,zh-TW,true,,false,false,0,0.0,0.0
U011777,bundle_100_100,2025-09-06 06:42:00+08,B011341,2025-09-12 06:42:00+08,Japan,T2,ko,true,,false,false,0,0.0,0.0
U016523,bundle_100_100,2025-10-10 05:56:00+08,B014396,2025-10-11 05:56:00+08,Hong Kong,T2,zh-TW,true,,false,false,0,0.0,0.0
U020006,airport_150,2025-09-14 08:03:00+08,B002492,2025-09-19 08:03:00+08,Singapore,T2,ko,true,,false,false,0,0.0,0.0
U009284,airport_150,2025-09-30 06:26:00+08,B001446,2025-10-03 06:26:00+08,Japan,T2,zh-TW,true,,false,false,0,0.0,0.0
U012812,airport_150,2025-09-15 10:12:00+08,B015450,2025-09-21 10:12:00+08,Korea,T2,ko,true,,false,false,0,0.0,0.0
U016217,airport_150,2025-10-11 06:12:00+08,B017220,2025-10-16 06:12:00+08,Thailand,T2,zh-TW,true,,false,false,0,0.0,0.0
U014847,airport_150,2025-10-18 21:49:00+08,B013264,2025-10-22 21:49:00+08,Korea,T2,zh-TW,true,,false,false,0,0.0,0.0
U001758,airport_150,2025-10-22 17:18:00+08,B013917,2025-10-26 17:18:00+08,USA,T2,zh-TW,true,,false,false,0,0.0,0.0
U029251,bundle_100_100,2025-09-10 02:54:00+08,B014126,2025-09-11 02:54:00+08,Hong Kong,T1,en,true,,false,false,0,0.0,0.0
U003599,bundle_100_100,2025-09-26 22:22:00+08,B002213,2025-09-30 22:22:00+08,Korea,T2,ko,true,,false,false,0,0.0,0.0
U010659,bundle_100_100,2025-10-16 13:26:00+08,B003782,2025-10-19 13:26:00+08,Korea,T1,en,true,,false,false,0,0.0,0.0
U029057,airport_150,2025-09-13 21:57:00+08,B016679,2025-09-19 21:57:00+08,Korea,T1,ko,true,,false,false,0,0.0,0.0
U009398,bundle_100_100,2025-09-21 22:02:00+08,B000484,2025-09-25 22:02:00+08,Singapore,T2,ja,true,,false,false,0,0.0,0.0
U003856,bundle_100_100,2025-10-06 20:08:00+08,B004475,2025-10-11 20:08:00+08,Thailand,T2,zh-TW,true,,false,false,0,0.0,0.0
U013921,bundle_100_100,2025-09-07 06:11:00+08,B010253,2025-09-12 06:11:00+08,Japan,T2,zh-TW,true,,false,false,0,0.0,0.0
U009040,bundle_100_100,2025-09-22 21:53:00+08,B008068,2025-09-27 21:53:00+08,Thailand,T2,ko,true,,false,false,0,0.0,0.0
U018603,airport_150,2025-10-04 05:04:00+08,B002012,2025-10-05 05:04:00+08,USA,T1,ko,true,,false,false,0,0.0,0.0
U014338,airport_150,2025-09-06 06:24:00+08,B012616,2025-09-09 06:24:00+08,Japan,T1,ja,true,,false,false,0,0.0,0.0
U014407,bundle_100_100,2025-10-03 23:50:00+08,B003052,2025-10-09 23:50:00+08,USA,T2,en,true,,false,false,0,0.0,0.0
U018215,bundle_100_100,2025-10-15 18:41:00+08,B012590,2025-10-20 18:41:00+08,Hong Kong,T2,zh-TW,true,,false,false,0,0.0,0.0
U019265,airport_150,2025-09-07 00:12:00+08,B017174,2025-09-10 00:12:00+08,USA,T1,en,true,,false,false,0,0.0,0.0
U027709,airport_150,2025-09-01 01:15:00+08,B014539,2025-09-06 01:15:00+08,Thailand,T1,ko,true,,false,false,0,0.0,0.0
U028329,bundle_100_100,2025-10-17 12:19:00+08,B015048,2025-10-20 12:19:00+08,Korea,T1,ja,true,,false,false,0,0.0,0.0
U007868,airport_150,2025-10-19 09:09:00+08,B002129,2025-10-21 09:09:00+08,Singapore,T2,zh-TW,true,,false,false,1,312.0,0.0
U018656,airport_150,2025-10-08 05:51:00+08,B015312,2025-10-10 05:51:00+08,Singapore,T2,ja,true,,false,false,0,0.0,0.0
U023291,bundle_100_100,2025-09-12 16:13:00+08,B014946,2025-09-13 16:13:00+08,Hong Kong,T1,en,true,,false,false,0,0.0,0.0
U026647,bundle_100_100,2025-09-11 22:36:00+08,B004902,2025-09-12 22:36:00+08,USA,T2,ko,true,,false,false,0,0.0,0.0
U017351,airport_150,2025-10-17 22:11:00+08,B012202,2025-10-23 22:11:00+08,Singapore,T2,ja,true,,false,false,0,0.0,0.0
U025074,bundle_100_100,2025-09-08 09:48:00+08,B013157,2025-09-10 09:48:00+08,Japan,T2,ja,true,,false,false,0,0.0,0.0
U006759,control,2025-10-03 01:09:00+08,B003773,2025-10-05 01:09:00+08,Hong Kong,T1,ko,true,,false,false,0,0.0,0.0
U025758,bundle_100_100,2025-09-05 19:14:00+08,B001056,2025-09-11 19:14:00+08,Thailand,T2,en,true,,false,false,0,0.0,0.0
U028152,airport_150,2025-09-24 06:45:00+08,B009483,2025-09-25 06:45:00+08,Thailand,T1,zh-TW,true,,false,false,0,0.0,0.0
U000413,airport_150,2025-09-18 11:01:00+08,B004844,2025-09-20 11:01:00+08,Thailand,T2,en,true,,false,false,0,0.0,0.0
U011786,airport_150,2025-09-11 05:22:00+08,B014431,2025-09-15 05:22:00+08,Japan,T2,ja,true,,false,false,0,0.0,0.0
U018551,bundle_100_100,2025-10-16 09:20:00+08,B001841,2025-10-20 09:20:00+08,Thailand,T1,en,true,,false,false,0,0.0,0.0
U010122,airport_150,2025-10-13 21:48:00+08,B009258,2025-10-14 21:48:00+08,Korea,T2,zh-TW,true,,false,false,0,0.0,0.0
U027144,bundle_100_100,2025-10-02 07:30:00+08,B011112,2025-10-07 07:30:00+08,USA,T1,zh-TW,true,,false,false,0,0.0,0.0
U017111,bundle_100_100,2025-09-13 21:02:00+08,B010486,2025-09-19 21:02:00+08,Thailand,T1,ko,true,,false,false,0,0.0,0.0
U011599,airport_150,2025-09-05 23:29:00+08,B005681,2025-09-07 23:29:00+08,Korea,T1,ko,true,,false,false,0,0.0,0.0
U020089,airport_150,2025-09-03 21:35:00+08,B005293,2025-09-04 21:35:00+08,Korea,T2,ja,true,,false,false,0,0.0,0.0
U024325,airport_150,2025-09-19 17:23:00+08,B007692,2025-09-25 17:23:00+08,Thailand,T2,ko,true,,false,false,0,0.0,0.0
U027471,airport_150,2025-09-09 05:03:00+08,B013196,2025-09-14 05:03:00+08,Singapore,T1,en,true,,false,false,0,0.0,0.0
U008832,bundle_100_100,2025-10-06 14:43:00+08,B015832,2025-10-09 14:43:00+08,Hong Kong,T1,ko,true,,false,false,0,0.0,0.0
U007366,airport_150,2025-10-09 07:01:00+08,B015240,2025-10-10 07:01:00+08,Thailand,T1,zh-TW,true,,false,false,0,0.0,0.0
U002748,bundle_100_100,2025-09-16 11:33:00+08,B007670,2025-09-19 11:33:00+08,Japan,T2,ko,true,,false,false,0,0.0,0.0
U000866,bundle_100_100,2025-10-17 22:02:00+08,B005622,2025-10-20 22:02:00+08,Korea,T2,ko,true,,false,false,0,0.0,0.0
U004684,bundle_100_100,2025-10-04 13:41:00+08,B000198,2025-10-06 13:41:00+08,USA,T1,en,true,,false,false,0,0.0,0.0
U009604,airport_150,2025-09-08 06:47:00+08,B017751,2025-09-13 06:47:00+08,Singapore,T1,zh-TW,true,,false,false,0,0.0,0.0
U008465,bundle_100_100,2025-10-20 11:42:00+08,B017462,2025-10-25 11:42:00+08,USA,T2,zh-TW,true,,false,false,0,0.0,0.0
U014385,airport_150,2025-09-05 22:57:00+08,B003344,2025-09-07 22:57:00+08,Thailand,T1,ja,true,,false,false,0,0.0,0.0
U015847,bundle_100_100,2025-10-23 06:26:00+08,B012602,2025-10-24 06:26:00+08,Singapore,T2,en,true,,false,false,0,0.0,0.0
U018521,bundle_100_100,2025-09-29 11:43:00+08,B007803,2025-09-30 11:43:00+08,USA,T1,ja,true,,false,false,0,0.0,0.0
U009043,control,2025-09-14 07:22:00+08,B005990,2025-09-20 07:22:00+08,Hong Kong,T1,ja,true,,false,false,0,0.0,0.0
U011361,airport_150,2025-10-20 14:13:00+08,B007757,2025-10-25 14:13:00+08,Hong Kong,T1,ko,true,,false,false,0,0.0,0.0
U000903,bundle_100_100,2025-09-11 06:44:00+08,B009605,2025-09-17 06:44:00+08,Japan,T1,ko,true,,false,false,0,0.0,0.0
U019701,bundle_100_100,2025-10-24 23:00:00+08,B009090,2025-10-25 23:00:00+08,Singapore,T2,ja,true,,false,false,0,0.0,0.0
U023391,airport_150,2025-10-16 09:16:00+08,B005732,2025-10-18 09:16:00+08,Thailand,T1,ja,true,,false,false,0,0.0,0.0
U026474,control,2025-09-10 04:23:00+08,B007157,2025-09-13 04:23:00+08,USA,T2,ja,true,,false,false,0,0.0,0.0
U009423,bundle_100_100,2025-10-15 20:43:00+08,B012208,2025-10-21 20:43:00+08,Singapore,T1,en,true,,false,false,0,0.0,0.0
U016772,airport_150,2025-09-19 01:33:00+08,B014804,2025-09-25 01:33:00+08,Singapore,T1,en,true,,false,false,0,0.0,0.0
U001707,control,2025-09-24 04:18:00+08,B000531,2025-09-26 04:18:00+08,Singapore,T2,en,true,,false,false,0,0.0,0.0
U008665,bundle_100_100,2025-09-05 09:54:00+08,B000257,2025-09-09 09:54:00+08,Korea,T1,ko,true,,false,false,0,0.0,0.0
U019540,bundle_100_100,2025-09-23 23:51:00+08,B013892,2025-09-29 23:51:00+08,USA,T2,en,true,,false,false,0,0.0,0.0
U026706,bundle_100_100,2025-10-20 21:30:00+08,B016259,2025-10-25 21:30:00+08,Hong Kong,T1,ko,true,,false,false,0,0.0,0.0
U009618,bundle_100_100,2025-09-04 06:35:00+08,B004581,2025-09-08 06:35:00+08,Hong Kong,T1,en,true,,false,false,0,0.0,0.0
U015783,airport_150,2025-09-16 08:46:00+08,B015460,2025-09-19 08:46:00+08,Korea,T2,ko,true,,false,false,0,0.0,0.0
U020359,control,2025-09-19 07:25:00+08,B006745,2025-09-20 07:25:00+08,Singapore,T2,en,true,,false,false,0,0.0,0.0
U028084,bundle_100_100,2025-09-02 08:45:00+08,B017990,2025-09-08 08:45:00+08,Japan,T1,ko,true,,false,false,0,0.0,0.0
U011178,bundle_100_100,2025-10-01 18:51:00+08,B012172,2025-10-02 18:51:00+08,Thailand,T2,ja,true,,false,false,0,0.0,0.0
U003557,bundle_100_100,2025-10-04 03:59:00+08,B002501,2025-10-10 03:59:00+08,USA,T1,en,true,,false,false,0,0.0,0.0
U014559,airport_150,2025-09-04 19:32:00+08,B003203,2025-09-08 19:32:00+08,Japan,T2,ko,true,,false,false,0,0.0,0.0
U008394,airport_150,2025-10-10 02:29:00+08,B010415,2025-10-16 02:29:00+08,USA,T1,en,true,,false,false,0,0.0,0.0
U024836,bundle_100_100,2025-09-01 16:36:00+08,B006211,2025-09-06 16:36:00+08,Thailand,T2,en,true,,false,false,0,0.0,0.0
U012723,bundle_100_100,2025-10-20 09:35:00+08,B003129,2025-10-22 09:35:00+08,Hong Kong,T2,ko,true,,false,false,0,0.0,0.0
U018912,bundle_100_100,2025-09-07 18:20:00+08,B009184,2025-09-13 18:20:00+08,Korea,T1,ko,true,,false,false,0,0.0,0.0
U009433,airport_150,2025-09-28 19:54:00+08,B015854,2025-10-02 19:54:00+08,Korea,T1,ja,true,,false,false,0,0.0,0.0
U023956,bundle_100_100,2025-10-14 20:03:00+08,B014168,2025-10-18 20:03:00+08,Thailand,T2,zh-TW,true,,false,false,0,0.0,0.0
U013812,bundle_100_100,2025-10-16 20:00:00+08,B016387,2025-10-17 20:00:00+08,USA,T2,ja,true,,false,false,0,0.0,0.0
U008765,airport_150,2025-10-14 04:04:00+08,B009994,2025-10-18 04:04:00+08,USA,T1,en,true,,false,false,0,0.0,0.0
U016708,bundle_100_100,2025-09-03 09:38:00+08,B010033,2025-09-04 09:38:00+08,Hong Kong,T2,ja,true,,false,false,0,0.0,0.0
U024387,control,2025-09-07 02:40:00+08,B015081,2025-09-08 02:40:00+08,Korea,T2,en,true,,false,false,0,0.0,0.0
U027402,airport_150,2025-10-05 05:50:00+08,B017159,2025-10-11 05:50:00+08,USA,T2,ko,true,,false,false,0,0.0,0.0
U019863,bundle_100_100,2025-10-01 21:57:00+08,B000740,2025-10-04 21:57:00+08,Korea,T2,zh-TW,true,,false,false,0,0.0,0.0
U021279,airport_150,2025-09-01 12:39:00+08,B013974,2025-09-03 12:39:00+08,Japan,T1,en,true,,false,false,0,0.0,0.0
U006286,bundle_100_100,2025-10-18 09:32:00+08,B012158,2025-10-20 09:32:00+08,Thailand,T1,zh-TW,true,,false,false,0,0.0,0.0
U014041,airport_150,2025-09-16 20:23:00+08,B005459,2025-09-21 20:23:00+08,USA,T1,ja,true,,false,false,0,0.0,0.0
U013738,airport_150,2025-10-22 05:43:00+08,B012129,2025-10-24 05:43:00+08,Singapore,T1,ko,true,,false,false,0,0.0,0.0
U016011,bundle_100_100,2025-09-11 08:13:00+08,B013090,2025-09-13 08:13:00+08,Singapore,T1,ko,true,,false,false,0,0.0,0.0
U017407,airport_150,2025-10-09 20:13:00+08,B001665,2025-10-13 20:13:00+08,Japan,T1,ko,true,,false,false,0,0.0,0.0
U017643,airport_150,2025-10-08 02:37:00+08,B014704,2025-10-12 02:37:00+08,Hong Kong,T1,en,true,,false,false,0,0.0,0.0
U006192,airport_150,2025-10-18 15:21:00+08,B007507,2025-10-21 15:21:00+08,Singapore,T1,en,true,,false,false,0,0.0,0.0
U014576,airport_150,2025-09-18 07:11:00+08,B009801,2025-09-23 07:11:00+08,Korea,T1,ja,true,,false,false,0,0.0,0.0
U024047,airport_150,2025-09-18 01:13:00+08,B013671,2025-09-24 01:13:00+08,Japan,T1,en,true,,false,false,0,0.0,0.0
U006307,bundle_100_100,2025-09-11 21:24:00+08,B006216,2025-09-17 21:24:00+08,USA,T2,zh-TW,true,,false,false,0,0.0,0.0
U014547,bundle_100_100,2025-10-01 07:06:00+08,B013041,2025-10-03 07:06:00+08,Hong Kong,T1,ko,true,,false,false,0,0.0,0.0
U018744,bundle_100_100,2025-10-12 13:44:00+08,B008239,2025-10-16 13:44:00+08,Singapore,T1,zh-TW,true,,false,false,0,0.0,0.0
U022139,control,2025-09-11 20:35:00+08,B014978,2025-09-14 20:35:00+08,Korea,T1,zh-TW,true,,false,false,0,0.0,0.0
U003022,control,2025-09-30 09:56:00+08,B016923,2025-10-02 09:56:00+08,Japan,T1,ja,true,,false,false,0,0.0,0.0
U011622,airport_150,2025-09-12 07:27:00+08,B001575,2025-09-15 07:27:00+08,Hong Kong,T1,en,true,,false,false,0,0.0,0.0
U028379,control,2025-10-19 21:45:00+08,B008047,2025-10-21 21:45:00+08,Korea,T1,en,true,,false,false,0,0.0,0.0
U013445,airport_150,2025-09-18 09:37:00+08,B016047,2025-09-19 09:37:00+08,Korea,T1,ja,true,,false,false,0,0.0,0.0
U007972,airport_150,2025-10-19 06:39:00+08,B015594,2025-10-23 06:39:00+08,Hong Kong,T2,ko,true,,false,false,0,0.0,0.0
U015095,airport_150,2025-09-11 06:35:00+08,B016752,2025-09-15 06:35:00+08,Thailand,T1,ko,true,,false,false,0,0.0,0.0
U008298,airport_150,2025-09-02 01:27:00+08,B004025,2025-09-03 01:27:00+08,Japan,T1,ko,true,,false,false,0,0.0,0.0
U004265,airport_150,2025-09-19 22:23:00+08,B001399,2025-09-20 22:23:00+08,Singapore,T2,en,true,,false,false,0,0.0,0.0
U025719,bundle_100_100,2025-10-08 23:55:00+08,B006970,2025-10-09 23:55:00+08,Hong Kong,T2,zh-TW,true,,false,false,0,0.0,0.0
U015238,bundle_100_100,2025-10-20 06:36:00+08,B009465,2025-10-24 06:36:00+08,Korea,T2,ko,true,,false,false,0,0.0,0.0
U020004,bundle_100_100,2025-10-18 10:34:00+08,B001507,2025-10-24 10:34:00+08,Korea,T2,ko,true,,false,false,0,0.0,0.0
U013014,bundle_100_100,2025-10-05 08:38:00+08,B006783,2025-10-10 08:38:00+08,Korea,T2,ja,true,,false,false,0,0.0,0.0
U006623,bundle_100_100,2025-09-04 09:17:00+08,B013486,2025-09-10 09:17:00+08,USA,T2,ja,true,,false,false,0,0.0,0.0
U014365,airport_150,2025-10-10 20:50:00+08,B017891,2025-10-12 20:50:00+08,Singapore,T2,ko,true,,false,false,0,0.0,0.0
U017856,airport_150,2025-09-28 19:36:00+08,B002682,2025-10-01 19:36:00+08,USA,T1,en,true,,false,false,0,0.0,0.0
U007488,airport_150,2025-09-19 12:32:00+08,B016402,2025-09-21 12:32:00+08,Thailand,T1,ko,true,,false,false,0,0.0,0.0
U003254,bundle_100_100,2025-09-08 06:15:00+08,B012398,2025-09-14 06:15:00+08,Korea,T1,ko,true,,false,false,0,0.0,0.0
U026750,airport_150,2025-09-21 08:59:00+08,B002082,2025-09-24 08:59:00+08,Korea,T2,ja,true,,false,false,0,0.0,0.0
U019724,bundle_100_100,2025-10-11 23:01:00+08,B011680,2025-10-14 23:01:00+08,Korea,T1,en,true,,false,false,0,0.0,0.0
U013584,airport_150,2025-09-20 22:35:00+08,B004236,2025-09-21 22:35:00+08,Japan,T2,ko,true,,false,false,0,0.0,0.0
U025584,control,2025-09-19 02:56:00+08,B006738,2025-09-24 02:56:00+08,Singapore,T2,ja,true,,false,false,0,0.0,0.0
U015909,bundle_100_100,2025-09-18 08:20:00+08,B015826,2025-09-23 08:20:00+08,Singapore,T1,ko,true,,false,false,0,0.0,0.0
U025523,bundle_100_100,2025-09-03 15:26:00+08,B007972,2025-09-07 15:26:00+08,USA,T1,ja,true,,false,false,0,0.0,0.0
U028280,bundle_100_100,2025-10-15 22:46:00+08,B015022,2025-10-19 22:46:00+08,USA,T1,ko,true,,false,false,0,0.0,0.0
U008965,bundle_100_100,2025-10-06 11:43:00+08,B008506,2025-10-08 11:43:00+08,USA,T1,en,true,,false,false,0,0.0,0.0
U015429,bundle_100_100,2025-10-01 10:42:00+08,B008375,2025-10-06 10:42:00+08,USA,T1,ko,true,,false,false,0,0.0,0.0
U002673,bundle_100_100,2025-10-03 06:21:00+08,B010920,2025-10-07 06:21:00+08,USA,T2,en,true,,false,false,0,0.0,0.0
U026276,airport_150,2025-10-10 18:55:00+08,B015169,2025-10-14 18:55:00+08,Hong Kong,T1,en,true,,false,false,0,0.0,0.0
U026115,bundle_100_100,2025-10-16 02:24:00+08,B003190,2025-10-20 02:24:00+08,Hong Kong,T2,en,true,,false,false,0,0.0,0.0
U004176,bundle_100_100,2025-10-20 23:03:00+08,B005917,2025-10-22 23:03:00+08,Korea,T1,en,true,,false,false,0,0.0,0.0
U004181,airport_150,2025-10-17 13:49:00+08,B011212,2025-10-23 13:49:00+08,Japan,T2,ko,true,,false,false,0,0.0,0.0
U023500,bundle_100_100,2025-10-03 21:57:00+08,B017384,2025-10-07 21:57:00+08,Korea,T2,ko,true,,false,false,0,0.0,0.0
U027963,bundle_100_100,2025-09-23 09:51:00+08,B017822,2025-09-24 09:51:00+08,Singapore,T2,en,true,,false,false,0,0.0,0.0
U013138,control,2025-10-16 08:43:00+08,B012848,2025-10-17 08:43:00+08,Hong Kong,T2,ko,true,,false,false,0,0.0,0.0
U024997,bundle_100_100,2025-09-16 14:29:00+08,B006680,2025-09-20 14:29:00+08,Singapore,T2,en,true,,false,false,0,0.0,0.0
U007685,control,2025-10-12 05:13:00+08,B009152,2025-10-14 05:13:00+08,USA,T1,zh-TW,true,,false,false,0,0.0,0.0
U009757,bundle_100_100,2025-09-30 18:14:00+08,B009618,2025-10-06 18:14:00+08,Singapore,T2,ja,true,,false,false,0,0.0,0.0
U026928,bundle_100_100,2025-10-13 08:31:00+08,B002873,2025-10-18 08:31:00+08,Japan,T2,en,true,,false,false,0,0.0,0.0
U028404,bundle_100_100,2025-09-27 15:55:00+08,B013494,2025-10-02 15:55:00+08,Korea,T1,ko,true,,false,false,0,0.0,0.0
U003610,airport_150,2025-10-08 17:58:00+08,B004603,2025-10-09 17:58:00+08,Thailand,T2,zh-TW,true,,false,false,0,0.0,0.0
U008371,bundle_100_100,2025-09-04 22:51:00+08,B010974,2025-09-10 22:51:00+08,Thailand,T1,ja,true,,false,false,0,0.0,0.0
U027346,bundle_100_100,2025-09-06 13:03:00+08,B012843,2025-09-07 13:03:00+08,Japan,T2,ja,true,,false,false,0,0.0,0.0
U009557,bundle_100_100,2025-09-07 19:17:00+08,B010914,2025-09-13 19:17:00+08,Japan,T2,zh-TW,true,,false,false,0,0.0,0.0
U012853,airport_150,2025-10-08 09:41:00+08,B005415,2025-10-14 09:41:00+08,Hong Kong,T1,ja,true,,false,false,0,0.0,0.0
U007797,airport_150,2025-09-24 17:52:00+08,B011622,2025-09-26 17:52:00+08,Korea,T2,ko,true,,false,false,0,0.0,0.0
U004120,airport_150,2025-09-22 02:32:00+08,B000251,2025-09-24 02:32:00+08,Thailand,T1,ko,true,,false,false,0,0.0,0.0
U004124,bundle_100_100,2025-09-16 04:39:00+08,B014980,2025-09-20 04:39:00+08,USA,T2,ja,true,,false,false,0,0.0,0.0
U011263,control,2025-10-12 06:52:00+08,B016917,2025-10-14 06:52:00+08,USA,T2,ja,true,,false,false,0,0.0,0.0
U017582,control,2025-09-22 08:03:00+08,B007135,2025-09-23 08:03:00+08,Korea,T2,ja,true,,false,false,0,0.0,0.0
U014360,bundle_100_100,2025-10-24 21:23:00+08,B006455,2025-10-26 21:23:00+08,Singapore,T1,zh-TW,true,,false,false,0,0.0,0.0
U016739,airport_150,2025-09-15 21:49:00+08,B007978,2025-09-20 21:49:00+08,Hong Kong,T1,zh-TW,true,,false,false,0,0.0,0.0
U024973,bundle_100_100,2025-10-16 06:48:00+08,B002187,2025-10-18 06:48:00+08,Hong Kong,T2,zh-TW,true,,false,false,0,0.0,0.0
U027061,control,2025-10-19 23:01:00+08,B003984,2025-10-21 23:01:00+08,Hong Kong,T1,ko,true,,false,false,0,0.0,0.0
U014871,bundle_100_100,2025-10-04 08:14:00+08,B009104,2025-10-05 08:14:00+08,Thailand,T2,ko,true,,false,false,0,0.0,0.0
U019848,airport_150,2025-09-01 22:23:00+08,B001215,2025-09-07 22:23:00+08,Thailand,T2,zh-TW,true,,false,false,0,0.0,0.0
U023904,airport_150,2025-10-14 21:02:00+08,B003483,2025-10-20 21:02:00+08,Japan,T2,ja,true,,false,false,0,0.0,0.0
U007075,airport_150,2025-09-28 02:55:00+08,B015981,2025-09-29 02:55:00+08,Singapore,T2,ko,true,,false,false,0,0.0,0.0
U011822,airport_150,2025-10-21 07:57:00+08,B011379,2025-10-26 07:57:00+08,Singapore,T2,zh-TW,true,,false,false,0,0.0,0.0
U022558,bundle_100_100,2025-10-14 15:26:00+08,B006174,2025-10-16 15:26:00+08,Hong Kong,T2,en,true,,false,false,0,0.0,0.0
U000785,bundle_100_100,2025-10-21 22:31:00+08,B009587,2025-10-24 22:31:00+08,Hong Kong,T1,zh-TW,true,,false,false,0,0.0,0.0
U001182,bundle_100_100,2025-09-05 21:23:00+08,B008574,2025-09-06 21:23:00+08,Hong Kong,T1,ko,true,,false,false,1,53.1,0.0
U006886,bundle_100_100,2025-10-07 08:23:00+08,B014078,2025-10-12 08:23:00+08,Korea,T1,ko,true,,false,false,0,0.0,0.0
U004155,airport_150,2025-09-02 02:44:00+08,B001170,2025-09-03 02:44:00+08,Korea,T1,en,true,,false,false,0,0.0,0.0
U018937,airport_150,2025-09-02 09:09:00+08,B002728,2025-09-04 09:09:00+08,Hong Kong,T2,zh-TW,true,,false,false,0,0.0,0.0
U022888,bundle_100_100,2025-09-11 09:42:00+08,B006926,2025-09-14 09:42:00+08,Korea,T2,ko,true,,false,false,0,0.0,0.0
U003967,bundle_100_100,2025-10-03 23:08:00+08,B009505,2025-10-06 23:08:00+08,Korea,T2,ko,true,,false,false,0,0.0,0.0
U007399,airport_150,2025-10-09 07:57:00+08,B009127,2025-10-11 07:57:00+08,Korea,T1,en,true,,false,false,0,0.0,0.0
U010081,bundle_100_100,2025-09-18 22:05:00+08,B015824,2025-09-20 22:05:00+08,Thailand,T1,ja,true,,false,false,0,0.0,0.0
U014728,control,2025-10-01 13:45:00+08,B002850,2025-10-03 13:45:00+08,Hong Kong,T1,en,true,,false,false,0,0.0,0.0
U023123,airport_150,2025-09-17 04:57:00+08,B000912,2025-09-19 04:57:00+08,USA,T1,en,true,,false,false,1,172.79999999999998,0.0
U025823,bundle_100_100,2025-09-29 05:20:00+08,B002271,2025-09-30 05:20:00+08,Singapore,T2,en,true,,false,false,0,0.0,0.0
U017114,bundle_100_100,2025-09-30 07:45:00+08,B008179,2025-10-05 07:45:00+08,Thailand,T1,ja,true,,false,false,0,0.0,0.0
U004601,bundle_100_100,2025-09-20 21:13:00+08,B001896,2025-09-26 21:13:00+08,Japan,T2,ja,true,,false,false,0,0.0,0.0
U015944,bundle_100_100,2025-09-01 12:09:00+08,B010097,2025-09-06 12:09:00+08,Thailand,T2,ko,true,,false,false,0,0.0,0.0
U017451,airport_150,2025-10-01 02:20:00+08,B001152,2025-10-07 02:20:00+08,Hong Kong,T2,ko,true,,false,false,0,0.0,0.0
U002355,bundle_100_100,2025-10-01 23:52:00+08,B009129,2025-10-05 23:52:00+08,USA,T1,en,true,,false,false,0,0.0,0.0
U001220,airport_150,2025-10-04 08:03:00+08,B015842,2025-10-10 08:03:00+08,Korea,T2,ja,true,,false,false,0,0.0,0.0
U016889,airport_150,2025-09-11 05:45:00+08,B002978,2025-09-17 05:45:00+08,Singapore,T1,ja,true,,false,false,0,0.0,0.0
U017212,airport_150,2025-10-04 23:20:00+08,B000556,2025-10-06 23:20:00+08,Japan,T1,ko,true,,false,false,0,0.0,0.0
U023209,bundle_100_100,2025-09-22 18:40:00+08,B015431,2025-09-24 18:40:00+08,Thailand,T2,ko,true,,false,false,0,0.0,0.0
U010253,airport_150,2025-10-11 07:17:00+08,B008782,2025-10-14 07:17:00+08,Korea,T1,ko,true,,false,false,0,0.0,0.0
U022293,bundle_100_100,2025-10-19 09:48:00+08,B000218,2025-10-23 09:48:00+08,USA,T1,ko,true,,false,false,0,0.0,0.0
U027555,bundle_100_100,2025-09-19 11:07:00+08,B002673,2025-09-22 11:07:00+08,Singapore,T1,ja,true,,false,false,0,0.0,0.0
U005376,control,2025-09-16 21:06:00+08,B001298,2025-09-21 21:06:00+08,Singapore,T2,zh-TW,true,,false,false,0,0.0,0.0
U021241,control,2025-10-19 21:35:00+08,B005669,2025-10-25 21:35:00+08,Hong Kong,T2,zh-TW,true,,false,false,0,0.0,0.0
U023439,bundle_100_100,2025-09-24 09:09:00+08,B005301,2025-09-26 09:09:00+08,USA,T2,zh-TW,true,,false,false,0,0.0,0.0
U004545,bundle_100_100,2025-09-02 22:38:00+08,B011491,2025-09-03 22:38:00+08,Thailand,T1,ko,true,,false,false,0,0.0,0.0
U017080,airport_150,2025-09-07 02:40:00+08,B010694,2025-09-09 02:40:00+08,Japan,T1,ko,true,,false,false,0,0.0,0.0
U022118,bundle_100_100,2025-10-25 07:38:00+08,B005373,2025-10-26 07:38:00+08,Thailand,T1,ja,true,,false,false,0,0.0,0.0
U003099,airport_150,2025-09-28 11:27:00+08,B005499,2025-09-29 11:27:00+08,USA,T1,ko,true,,false,false,0,0.0,0.0
U016838,bundle_100_100,2025-10-06 06:36:00+08,B014930,2025-10-11 06:36:00+08,Japan,T2,zh-TW,true,,false,false,0,0.0,0.0
U023709,control,2025-09-04 21:18:00+08,B002252,2025-09-05 21:18:00+08,Thailand,T1,ko,true,,false,false,0,0.0,0.0
U025715,control,2025-09-05 21:40:00+08,B004089,2025-09-09 21:40:00+08,Japan,T1,zh-TW,true,,false,false,0,0.0,0.0
U009892,airport_150,2025-09-06 23:45:00+08,B010092,2025-09-11 23:45:00+08,Hong Kong,T1,ko,true,,false,false,0,0.0,0.0
U021386,airport_150,2025-09-13 20:56:00+08,B005696,2025-09-16 20:56:00+08,Korea,T2,ko,true,,false,false,0,0.0,0.0
U019988,airport_150,2025-09-03 07:13:00+08,B004967,2025-09-09 07:13:00+08,Hong Kong,T1,ko,true,,false,false,0,0.0,0.0
U018856,airport_150,2025-09-11 09:46:00+08,B016187,2025-09-17 09:46:00+08,Japan,T1,en,true,,false,false,0,0.0,0.0
U023937,control,2025-09-07 09:45:00+08,B000662,2025-09-11 09:45:00+08,USA,T2,ko,true,,false,false,0,0.0,0.0
U001903,airport_150,2025-10-21 21:36:00+08,B003272,2025-10-25 21:36:00+08,Singapore,T1,en,true,,false,false,0,0.0,0.0
U029645,bundle_100_100,2025-10-16 18:12:00+08,B005891,2025-10-21 18:12:00+08,Thailand,T1,ko,true,,false,false,0,0.0,0.0
U004364,bundle_100_100,2025-09-06 06:20:00+08,B005142,2025-09-12 06:20:00+08,Thailand,T2,zh-TW,true,,false,false,0,0.0,0.0
U006105,bundle_100_100,2025-10-03 11:00:00+08,B014369,2025-10-07 11:00:00+08,Japan,T2,zh-TW,true,,false,false,0,0.0,0.0
U017666,airport_150,2025-10-09 23:46:00+08,B014871,2025-10-11 23:46:00+08,Thailand,T1,ko,true,,false,false,0,0.0,0.0
U017914,bundle_100_100,2025-10-14 13:03:00+08,B008864,2025-10-16 13:03:00+08,Korea,T1,ko,true,,false,false,0,0.0,0.0
U026406,bundle_100_100,2025-09-08 13:16:00+08,B002950,2025-09-10 13:16:00+08,Korea,T2,ko,true,,false,false,0,0.0,0.0
U011034,bundle_100_100,2025-09-22 20:14:00+08,B008056,2025-09-27 20:14:00+08,Japan,T1,en,true,,false,false,0,0.0,0.0
U016809,bundle_100_100,2025-10-21 06:25:00+08,B008780,2025-10-25 06:25:00+08,Hong Kong,T1,zh-TW,true,,false,false,0,0.0,0.0
U001589,control,2025-09-29 08:26:00+08,B011527,2025-10-03 08:26:00+08,USA,T2,ko,true,,false,false,0,0.0,0.0
U017903,airport_150,2025-09-22 22:43:00+08,B001879,2025-09-23 22:43:00+08,Hong Kong,T1,en,true,,false,false,0,0.0,0.0
U028743,bundle_100_100,2025-09-30 05:35:00+08,B017827,2025-10-04 05:35:00+08,Japan,T1,ja,true,,false,false,0,0.0,0.0
U019071,bundle_100_100,2025-09-25 01:01:00+08,B012769,2025-09-29 01:01:00+08,Hong Kong,T2,ja,true,,false,false,0,0.0,0.0
U020848,bundle_100_100,2025-10-02 21:26:00+08,B001877,2025-10-08 21:26:00+08,Hong Kong,T1,en,true,,false,false,0,0.0,0.0
U026179,bundle_100_100,2025-09-14 17:01:00+08,B004497,2025-09-18 17:01:00+08,Korea,T2,zh-TW,true,,false,false,0,0.0,0.0
U007347,airport_150,2025-09-28 06:06:00+08,B004247,2025-09-30 06:06:00+08,Korea,T1,ja,true,,false,false,0,0.0,0.0
U029370,bundle_100_100,2025-09-11 23:12:00+08,B016830,2025-09-15 23:12:00+08,Singapore,T2,en,true,,false,false,0,0.0,0.0
U008808,bundle_100_100,2025-10-07 12:11:00+08,B009272,2025-10-13 12:11:00+08,Korea,T2,en,true,,false,false,0,0.0,0.0
U011093,bundle_100_100,2025-10-19 22:35:00+08,B011990,2025-10-20 22:35:00+08,Thailand,T2,ja,true,,false,false,0,0.0,0.0
U022907,airport_150,2025-10-05 08:51:00+08,B016658,2025-10-10 08:51:00+08,Korea,T1,ko,true,,false,false,0,0.0,0.0
U014112,airport_150,2025-10-08 20:10:00+08,B002903,2025-10-12 20:10:00+08,USA,T2,en,true,,false,false,0,0.0,0.0
U023788,airport_150,2025-10-02 20:14:00+08,B002053,2025-10-05 20:14:00+08,Japan,T1,zh-TW,true,,false,false,0,0.0,0.0
U019008,bundle_100_100,2025-09-25 22:00:00+08,B011238,2025-10-01 22:00:00+08,USA,T2,zh-TW,true,,false,false,0,0.0,0.0
U028468,airport_150,2025-10-09 05:06:00+08,B000159,2025-10-11 05:06:00+08,USA,T1,zh-TW,true,,false,false,0,0.0,0.0
U000247,bundle_100_100,2025-09-18 05:44:00+08,B011690,2025-09-22 05:44:00+08,Singapore,T1,zh-TW,true,,false,false,0,0.0,0.0
U022802,airport_150,2025-09-07 10:35:00+08,B002285,2025-09-08 10:35:00+08,Hong Kong,T1,ko,true,,false,false,0,0.0,0.0
U002837,airport_150,2025-09-06 21:38:00+08,B008603,2025-09-09 21:38:00+08,Singapore,T1,ja,true,,false,false,0,0.0,0.0
U005507,bundle_100_100,2025-10-21 07:16:00+08,B017632,2025-10-24 07:16:00+08,Thailand,T1,ja,true,,false,false,0,0.0,0.0
U021009,airport_150,2025-10-13 21:39:00+08,B009863,2025-10-14 21:39:00+08,Korea,T2,ja,true,,false,false,0,0.0,0.0
U028721,bundle_100_100,2025-10-07 23:44:00+08,B012117,2025-10-12 23:44:00+08,Japan,T2,en,true,,false,false,0,0.0,0.0
U019334,bundle_100_100,2025-09-23 20:20:00+08,B006578,2025-09-24 20:20:00+08,Singapore,T1,ko,true,,false,false,0,0.0,0.0
U014813,airport_150,2025-10-05 19:26:00+08,B015241,2025-10-07 19:26:00+08,Singapore,T2,en,true,,false,false,0,0.0,0.0
U018530,airport_150,2025-10-16 20:47:00+08,B004419,2025-10-21 20:47:00+08,Singapore,T1,en,true,,false,false,0,0.0,0.0
U001247,bundle_100_100,2025-10-05 23:42:00+08,B003295,2025-10-07 23:42:00+08,Singapore,T2,en,true,,false,false,0,0.0,0.0
U022216,airport_150,2025-09-14 00:39:00+08,B016942,2025-09-15 00:39:00+08,Korea,T1,en,true,,false,false,0,0.0,0.0
U006554,airport_150,2025-10-15 04:47:00+08,B011134,2025-10-16 04:47:00+08,Japan,T2,ko,true,,false,false,0,0.0,0.0
U016281,airport_150,2025-09-21 12:43:00+08,B014547,2025-09-23 12:43:00+08,Thailand,T1,ja,true,,false,false,0,0.0,0.0
U013389,bundle_100_100,2025-09-12 20:12:00+08,B004791,2025-09-14 20:12:00+08,Singapore,T2,ja,true,,false,false,0,0.0,0.0
U016241,airport_150,2025-10-12 23:13:00+08,B001025,2025-10-18 23:13:00+08,Japan,T2,en,true,,false,false,0,0.0,0.0
U028408,airport_150,2025-10-11 22:27:00+08,B006960,2025-10-17 22:27:00+08,Hong Kong,T1,zh-TW,true,,false,false,0,0.0,0.0
U016277,bundle_100_100,2025-10-20 09:09:00+08,B010850,2025-10-22 09:09:00+08,Singapore,T1,zh-TW,true,,false,false,0,0.0,0.0
U024679,airport_150,2025-09-14 01:05:00+08,B008637,2025-09-19 01:05:00+08,Hong Kong,T2,en,true,,false,false,0,0.0,0.0
U026007,bundle_100_100,2025-10-04 05:23:00+08,B013844,2025-10-10 05:23:00+08,Hong Kong,T1,zh-TW,true,,false,false,0,0.0,0.0
U026635,bundle_100_100,2025-09-10 07:16:00+08,B016409,2025-09-11 07:16:00+08,Hong Kong,T1,zh-TW,true,,false,false,0,0.0,0.0
U029637,bundle_100_100,2025-10-14 11:11:00+08,B014692,2025-10-16 11:11:00+08,Hong Kong,T1,ko,true,,false,false,0,0.0,0.0
U023175,control,2025-10-20 23:51:00+08,B004053,2025-10-24 23:51:00+08,Thailand,T2,ja,true,,false,false,0,0.0,0.0
U027693,airport_150,2025-09-27 01:11:00+08,B004802,2025-10-03 01:11:00+08,Hong Kong,T1,en,true,,false,false,0,0.0,0.0
U009400,airport_150,2025-09-19 18:38:00+08,B011647,2025-09-24 18:38:00+08,Singapore,T1,en,true,,false,false,0,0.0,0.0
U001963,airport_150,2025-09-08 22:35:00+08,B015774,2025-09-13 22:35:00+08,Hong Kong,T1,en,true,,false,false,0,0.0,0.0
U000583,control,2025-10-13 07:56:00+08,B010104,2025-10-16 07:56:00+08,Korea,T2,zh-TW,true,,false,false,1,129.6,0.0
U025216,airport_150,2025-10-04 23:17:00+08,B014389,2025-10-07 23:17:00+08,USA,T2,zh-TW,true,,false,false,0,0.0,0.0
U010182,bundle_100_100,2025-09-07 21:09:00+08,B007499,2025-09-11 21:09:00+08,Thailand,T1,en,true,,false,false,0,0.0,0.0
U010946,airport_150,2025-09-03 19:27:00+08,B005910,2025-09-06 19:27:00+08,Singapore,T1,en,true,,false,false,0,0.0,0.0
U009272,bundle_100_100,2025-10-19 23:00:00+08,B014331,2025-10-23 23:00:00+08,Thailand,T2,ja,true,,false,false,0,0.0,0.0
U009857,control,2025-09-14 08:21:00+08,B006831,2025-09-19 08:21:00+08,Thailand,T1,ja,true,,false,false,0,0.0,0.0
U012918,bundle_100_100,2025-09-02 20:55:00+08,B012559,2025-09-08 20:55:00+08,Japan,T2,ko,true,,false,false,0,0.0,0.0
U013752,airport_150,2025-10-15 22:40:00+08,B011779,2025-10-19 22:40:00+08,Hong Kong,T1,ko,true,,false,false,0,0.0,0.0
U000621,bundle_100_100,2025-10-18 21:14:00+08,B006973,2025-10-21 21:14:00+08,USA,T2,en,true,,false,false,0,0.0,0.0
U017501,airport_150,2025-10-17 09:58:00+08,B005094,2025-10-23 09:58:00+08,USA,T2,ko,true,,false,false,0,0.0,0.0
U017670,airport_150,2025-09-16 09:44:00+08,B012835,2025-09-19 09:44:00+08,Singapore,T1,ja,true,,false,false,0,0.0,0.0
U013888,airport_150,2025-09-20 09:10:00+08,B000709,2025-09-26 09:10:00+08,USA,T2,ko,true,,false,false,0,0.0,0.0
U016297,bundle_100_100,2025-09-10 08:19:00+08,B007302,2025-09-12 08:19:00+08,USA,T2,ja,true,,false,false,0,0.0,0.0
U008179,airport_150,2025-09-18 20:58:00+08,B007101,2025-09-24 20:58:00+08,Korea,T2,ko,true,,false,false,0,0.0,0.0
U029005,bundle_100_100,2025-09-16 07:55:00+08,B009337,2025-09-17 07:55:00+08,Thailand,T1,ja,true,,false,false,0,0.0,0.0
U001860,bundle_100_100,2025-09-11 09:39:00+08,B001481,2025-09-14 09:39:00+08,USA,T2,en,true,,false,false,0,0.0,0.0
U003703,airport_150,2025-09-03 21:40:00+08,B010999,2025-09-09 21:40:00+08,Hong Kong,T1,zh-TW,true,,false,false,0,0.0,0.0
U003818,bundle_100_100,2025-10-15 14:15:00+08,B014863,2025-10-17 14:15:00+08,Korea,T2,ko,true,,false,false,0,0.0,0.0
U004754,airport_150,2025-09-02 06:49:00+08,B001547,2025-09-04 06:49:00+08,Thailand,T1,en,true,,false,false,0,0.0,0.0
U011266,airport_150,2025-10-06 20:53:00+08,B001508,2025-10-11 20:53:00+08,Singapore,T2,zh-TW,true,,false,false,0,0.0,0.0
U026088,bundle_100_100,2025-09-02 08:19:00+08,B003081,2025-09-04 08:19:00+08,Thailand,T2,en,true,,false,false,0,0.0,0.0
U017503,bundle_100_100,2025-09-15 00:07:00+08,B000324,2025-09-16 00:07:00+08,Japan,T1,zh-TW,true,,false,false,0,0.0,0.0
U012809,bundle_100_100,2025-09-06 02:01:00+08,B016940,2025-09-10 02:01:00+08,Hong Kong,T1,ja,true,,false,false,0,0.0,0.0
U014412,bundle_100_100,2025-09-22 07:08:00+08,B003756,2025-09-27 07:08:00+08,Japan,T1,ko,true,,false,false,0,0.0,0.0
U016668,airport_150,2025-10-09 08:06:00+08,B004023,2025-10-13 08:06:00+08,Korea,T2,ja,true,,false,false,0,0.0,0.0
U000669,bundle_100_100,2025-09-03 17:47:00+08,B015089,2025-09-06 17:47:00+08,Hong Kong,T2,en,true,,false,false,0,0.0,0.0
U028582,airport_150,2025-10-17 09:52:00+08,B002988,2025-10-19 09:52:00+08,Hong Kong,T2,en,true,,false,false,0,0.0,0.0
U001817,bundle_100_100,2025-09-04 04:08:00+08,B001537,2025-09-09 04:08:00+08,Korea,T2,en,true,,false,false,0,0.0,0.0
U003879,airport_150,2025-10-21 22:39:00+08,B002506,2025-10-22 22:39:00+08,Japan,T1,ko,true,,false,false,1,187.79999999999998,0.0
U020405,airport_150,2025-10-11 21:36:00+08,B016216,2025-10-14 21:36:00+08,Hong Kong,T2,ja,true,,false,false,0,0.0,0.0
U024134,airport_150,2025-10-18 08:16:00+08,B016186,2025-10-22 08:16:00+08,Thailand,T2,ko,true,,false,false,0,0.0,0.0
U000217,airport_150,2025-09-20 09:29:00+08,B015443,2025-09-24 09:29:00+08,Japan,T1,en,true,,false,false,0,0.0,0.0
U003443,airport_150,2025-09-28 07:05:00+08,B010627,2025-10-03 07:05:00+08,USA,T2,en,true,,false,false,0,0.0,0.0
U001639,bundle_100_100,2025-09-19 18:28:00+08,B000669,2025-09-25 18:28:00+08,Hong Kong,T2,en,true,,false,false,0,0.0,0.0
U007812,bundle_100_100,2025-10-15 23:14:00+08,B014603,2025-10-21 23:14:00+08,USA,T1,zh-TW,true,,false,false,0,0.0,0.0
U005310,bundle_100_100,2025-10-02 08:39:00+08,B012687,2025-10-05 08:39:00+08,USA,T2,ko,true,,false,false,0,0.0,0.0
U028851,airport_150,2025-09-14 13:42:00+08,B012452,2025-09-17 13:42:00+08,Korea,T1,zh-TW,true,,false,false,0,0.0,0.0
U012201,bundle_100_100,2025-09-22 14:54:00+08,B001696,2025-09-25 14:54:00+08,Singapore,T2,en,true,,false,false,0,0.0,0.0
U017158,bundle_100_100,2025-09-05 02:37:00+08,B015828,2025-09-11 02:37:00+08,USA,T1,ja,true,,false,false,1,138.29999999999998,0.0
U018166,airport_150,2025-10-15 06:55:00+08,B002149,2025-10-16 06:55:00+08,Thailand,T1,ko,true,,false,false,0,0.0,0.0
U000467,airport_150,2025-10-20 10:37:00+08,B010924,2025-10-25 10:37:00+08,Korea,T2,en,true,,false,false,0,0.0,0.0
U003147,bundle_100_100,2025-10-03 08:34:00+08,B017183,2025-10-09 08:34:00+08,Hong Kong,T2,en,true,,false,false,0,0.0,0.0
U026157,airport_150,2025-10-06 09:39:00+08,B013225,2025-10-08 09:39:00+08,Thailand,T2,ja,true,,false,false,0,0.0,0.0
U005115,bundle_100_100,2025-10-09 20:26:00+08,B014367,2025-10-14 20:26:00+08,Hong Kong,T1,zh-TW,true,,false,false,0,0.0,0.0
U009532,bundle_100_100,2025-09-19 09:06:00+08,B017829,2025-09-22 09:06:00+08,Thailand,T2,en,true,,false,false,0,0.0,0.0
U010419,bundle_100_100,2025-09-16 23:17:00+08,B009087,2025-09-22 23:17:00+08,Singapore,T1,ja,true,,false,false,0,0.0,0.0
U002052,airport_150,2025-09-08 23:55:00+08,B014650,2025-09-12 23:55:00+08,USA,T1,ko,true,,false,false,0,0.0,0.0
U020140,bundle_100_100,2025-09-18 06:15:00+08,B001897,2025-09-24 06:15:00+08,Japan,T1,en,true,,false,false,0,0.0,0.0
U011291,airport_150,2025-09-04 19:07:00+08,B004321,2025-09-07 19:07:00+08,Singapore,T2,ja,true,,false,false,1,155.1,0.0
U016736,airport_150,2025-10-11 20:57:00+08,B015653,2025-10-13 20:57:00+08,USA,T1,zh-TW,true,,false,false,0,0.0,0.0
U006758,airport_150,2025-10-17 19:49:00+08,B003792,2025-10-22 19:49:00+08,Thailand,T2,en,true,,false,false,0,0.0,0.0
U014335,airport_150,2025-09-23 12:46:00+08,B013676,2025-09-26 12:46:00+08,Japan,T2,ja,true,,false,false,0,0.0,0.0
U014782,control,2025-09-08 01:59:00+08,B002022,2025-09-10 01:59:00+08,Hong Kong,T2,en,true,,false,false,0,0.0,0.0
U023118,airport_150,2025-09-14 21:40:00+08,B011249,2025-09-15 21:40:00+08,Japan,T1,ja,true,,false,false,0,0.0,0.0
U001721,bundle_100_100,2025-10-09 18:28:00+08,B007650,2025-10-15 18:28:00+08,Singapore,T2,ja,true,,false,false,0,0.0,0.0
U002491,airport_150,2025-10-17 05:36:00+08,B008327,2025-10-19 05:36:00+08,Hong Kong,T2,en,true,,false,false,1,37.199999999999996,0.0
U007123,airport_150,2025-10-02 20:47:00+08,B013394,2025-10-06 20:47:00+08,Japan,T1,zh-TW,true,,false,false,0,0.0,0.0
U013684,control,2025-09-27 09:42:00+08,B003005,2025-10-03 09:42:00+08,Japan,T2,ko,true,,false,false,0,0.0,0.0
U007396,airport_150,2025-09-04 09:15:00+08,B013408,2025-09-08 09:15:00+08,Japan,T2,ko,true,,false,false,0,0.0,0.0
U021713,airport_150,2025-09-05 14:22:00+08,B012734,2025-09-11 14:22:00+08,Japan,T2,ja,true,,false,false,0,0.0,0.0
U019645,bundle_100_100,2025-09-22 22:14:00+08,B008928,2025-09-27 22:14:00+08,USA,T1,zh-TW,true,,false,false,0,0.0,0.0
U024970,bundle_100_100,2025-09-26 03:50:00+08,B003969,2025-09-27 03:50:00+08,Thailand,T2,ja,true,,false,false,0,0.0,0.0
U012955,bundle_100_100,2025-09-11 09:59:00+08,B017272,2025-09-15 09:59:00+08,Japan,T1,ja,true,,false,false,0,0.0,0.0
U003204,airport_150,2025-09-02 22:00:00+08,B014945,2025-09-03 22:00:00+08,Korea,T1,ko,true,,false,false,0,0.0,0.0
U024014,airport_150,2025-10-25 22:13:00+08,B014677,2025-10-26 22:13:00+08,Japan,T2,zh-TW,true,,false,false,0,0.0,0.0
U014180,bundle_100_100,2025-09-21 20:01:00+08,B011799,2025-09-27 20:01:00+08,Singapore,T2,ko,true,,false,false,0,0.0,0.0
U015494,airport_150,2025-10-09 08:38:00+08,B003666,2025-10-10 08:38:00+08,Japan,T1,ja,true,,false,false,1,78.0,0.0
U015768,bundle_100_100,2025-09-22 06:58:00+08,B006411,2025-09-24 06:58:00+08,Hong Kong,T2,ko,true,,false,false,0,0.0,0.0
U004926,bundle_100_100,2025-10-14 00:10:00+08,B014189,2025-10-17 00:10:00+08,Hong Kong,T1,en,true,,false,false,0,0.0,0.0
U019815,bundle_100_100,2025-09-06 00:14:00+08,B013077,2025-09-10 00:14:00+08,Thailand,T1,ja,true,,false,false,0,0.0,0.0
U017065,control,2025-10-20 18:30:00+08,B005675,2025-10-25 18:30:00+08,Singapore,T1,zh-TW,true,,false,false,0,0.0,0.0
U005704,airport_150,2025-09-05 08:19:00+08,B013641,2025-09-10 08:19:00+08,Singapore,T2,en,true,,false,false,0,0.0,0.0
U010205,bundle_100_100,2025-10-06 22:14:00+08,B016381,2025-10-10 22:14:00+08,Hong Kong,T2,en,true,,false,false,0,0.0,0.0
U020588,airport_150,2025-09-04 06:02:00+08,B003454,2025-09-06 06:02:00+08,Thailand,T2,ko,true,,false,false,0,0.0,0.0
U003692,airport_150,2025-09-04 13:38:00+08,B008632,2025-09-08 13:38:00+08,Japan,T1,ko,true,,false,false,0,0.0,0.0
U017076,airport_150,2025-10-20 22:54:00+08,B004626,2025-10-25 22:54:00+08,Korea,T2,en,true,,false,false,0,0.0,0.0
U027379,airport_150,2025-10-17 01:41:00+08,B009241,2025-10-21 01:41:00+08,Singapore,T2,ja,true,,false,false,0,0.0,0.0
U003850,bundle_100_100,2025-10-03 21:41:00+08,B016932,2025-10-04 21:41:00+08,Korea,T2,zh-TW,true,,false,false,0,0.0,0.0
U017662,airport_150,2025-10-24 16:59:00+08,B001029,2025-10-25 16:59:00+08,Korea,T2,zh-TW,true,,false,false,0,0.0,0.0
U022636,bundle_100_100,2025-10-12 20:47:00+08,B015479,2025-10-18 20:47:00+08,Hong Kong,T2,en,true,,false,false,0,0.0,0.0
U025212,airport_150,2025-09-24 22:32:00+08,B003744,2025-09-30 22:32:00+08,Thailand,T2,en,true,,false,false,0,0.0,0.0
U009596,control,2025-09-12 05:24:00+08,B005892,2025-09-13 05:24:00+08,Singapore,T1,ko,true,,false,false,0,0.0,0.0
U020371,bundle_100_100,2025-10-12 06:05:00+08,B009657,2025-10-17 06:05:00+08,USA,T1,en,true,,false,false,0,0.0,0.0
U022935,bundle_100_100,2025-09-28 11:51:00+08,B000477,2025-10-03 11:51:00+08,Thailand,T1,ko,true,,false,false,0,0.0,0.0
U006908,bundle_100_100,2025-10-21 21:13:00+08,B004988,2025-10-22 21:13:00+08,Hong Kong,T2,ko,true,,false,false,0,0.0,0.0
U020003,airport_150,2025-09-09 07:58:00+08,B001400,2025-09-13 07:58:00+08,Korea,T2,ko,true,,false,false,0,0.0,0.0
U008874,bundle_100_100,2025-09-23 01:06:00+08,B011091,2025-09-24 01:06:00+08,Thailand,T2,zh-TW,true,,false,false,0,0.0,0.0
U004201,airport_150,2025-09-26 05:32:00+08,B001560,2025-10-01 05:32:00+08,Thailand,T2,en,true,,false,false,0,0.0,0.0
U005638,airport_150,2025-09-23 09:12:00+08,B002845,2025-09-27 09:12:00+08,Japan,T2,en,true,,false,false,1,210.6,0.0
U019053,airport_150,2025-10-02 22:08:00+08,B001490,2025-10-04 22:08:00+08,Thailand,T2,ko,true,,false,false,0,0.0,0.0
U025577,control,2025-09-28 01:52:00+08,B009920,2025-10-04 01:52:00+08,Singapore,T1,en,true,,false,false,0,0.0,0.0
U006556,airport_150,2025-10-10 21:01:00+08,B009095,2025-10-12 21:01:00+08,Hong Kong,T2,en,true,,false,false,0,0.0,0.0
U022459,airport_150,2025-09-28 06:20:00+08,B014730,2025-09-29 06:20:00+08,Japan,T1,ja,true,,false,false,0,0.0,0.0
U026882,control,2025-10-01 17:08:00+08,B015746,2025-10-06 17:08:00+08,Thailand,T2,en,true,,false,false,0,0.0,0.0
U007152,airport_150,2025-09-22 23:16:00+08,B013164,2025-09-28 23:16:00+08,Thailand,T2,ko,true,,false,false,0,0.0,0.0
U010777,airport_150,2025-10-21 20:18:00+08,B007900,2025-10-26 20:18:00+08,USA,T2,ja,true,,false,false,0,0.0,0.0
U000379,bundle_100_100,2025-10-04 21:17:00+08,B007593,2025-10-08 21:17:00+08,Singapore,T1,zh-TW,true,,false,false,0,0.0,0.0
U004285,airport_150,2025-09-24 23:03:00+08,B015259,2025-09-29 23:03:00+08,Korea,T2,ja,true,,false,false,0,0.0,0.0
U003179,bundle_100_100,2025-10-24 23:35:00+08,B003168,2025-10-26 23:35:00+08,Korea,T1,ko,true,,false,false,0,0.0,0.0
U007265,airport_150,2025-09-23 08:46:00+08,B011613,2025-09-28 08:46:00+08,Hong Kong,T2,ja,true,,false,false,0,0.0,0.0
U017893,airport_150,2025-10-01 13:13:00+08,B001574,2025-10-07 13:13:00+08,Korea,T1,zh-TW,true,,false,false,0,0.0,0.0
U010595,airport_150,2025-09-24 22:25:00+08,B007435,2025-09-30 22:25:00+08,Singapore,T1,zh-TW,true,,false,false,0,0.0,0.0
U011444,airport_150,2025-10-09 09:26:00+08,B003441,2025-10-12 09:26:00+08,Hong Kong,T2,zh-TW,true,,false,false,0,0.0,0.0
U019694,bundle_100_100,2025-10-19 07:37:00+08,B006557,2025-10-24 07:37:00+08,Korea,T2,en,true,,false,false,0,0.0,0.0
U000037,bundle_100_100,2025-10-06 05:02:00+08,B011871,2025-10-11 05:02:00+08,Hong Kong,T2,ja,true,,false,false,0,0.0,0.0
U002982,airport_150,2025-10-02 22:11:00+08,B003073,2025-10-04 22:11:00+08,Singapore,T2,ja,true,,false,false,0,0.0,0.0
U006897,airport_150,2025-10-21 10:51:00+08,B015768,2025-10-25 10:51:00+08,Thailand,T2,en,true,,false,false,0,0.0,0.0
U009867,airport_150,2025-09-06 22:24:00+08,B009522,2025-09-12 22:24:00+08,Thailand,T1,en,true,,false,false,0,0.0,0.0
U017520,bundle_100_100,2025-10-15 08:13:00+08,B000066,2025-10-18 08:13:00+08,Japan,T1,ja,true,,false,false,0,0.0,0.0
U011845,bundle_100_100,2025-10-21 23:18:00+08,B017132,2025-10-26 23:18:00+08,Singapore,T2,ja,true,,false,false,0,0.0,0.0
U016224,bundle_100_100,2025-09-29 23:33:00+08,B004715,2025-09-30 23:33:00+08,Japan,T1,ko,true,,false,false,0,0.0,0.0
U025478,airport_150,2025-10-09 03:11:00+08,B013066,2025-10-13 03:11:00+08,Hong Kong,T1,en,true,,false,false,0,0.0,0.0
U007248,control,2025-09-19 13:24:00+08,B015273,2025-09-24 13:24:00+08,Japan,T2,zh-TW,true,,false,false,0,0.0,0.0
U019456,bundle_100_100,2025-09-23 04:53:00+08,B001189,2025-09-24 04:53:00+08,Japan,T1,ko,true,,false,false,0,0.0,0.0
U019897,bundle_100_100,2025-10-05 18:47:00+08,B014714,2025-10-08 18:47:00+08,Japan,T2,ko,true,,false,false,0,0.0,0.0
U005563,bundle_100_100,2025-09-17 05:54:00+08,B008770,2025-09-23 05:54:00+08,Korea,T1,ko,true,,false,false,0,0.0,0.0
U001378,airport_150,2025-10-01 01:40:00+08,B005061,2025-10-06 01:40:00+08,Hong Kong,T1,zh-TW,true,,false,false,0,0.0,0.0
U026442,airport_150,2025-10-09 22:39:00+08,B012726,2025-10-14 22:39:00+08,Hong Kong,T1,ko,true,,false,false,0,0.0,0.0
U009732,bundle_100_100,2025-10-17 07:36:00+08,B008392,2025-10-20 07:36:00+08,Thailand,T2,en,true,,false,false,0,0.0,0.0
U015598,airport_150,2025-09-01 23:53:00+08,B017465,2025-09-02 23:53:00+08,Japan,T2,ja,true,,false,false,0,0.0,0.0
U029996,airport_150,2025-10-03 06:11:00+08,B012781,2025-10-05 06:11:00+08,Singapore,T1,ko,true,,false,false,0,0.0,0.0
U011715,bundle_100_100,2025-09-26 21:10:00+08,B002498,2025-09-29 21:10:00+08,Singapore,T2,ko,true,,false,false,0,0.0,0.0
U005176,bundle_100_100,2025-09-23 20:03:00+08,B011920,2025-09-27 20:03:00+08,Korea,T1,zh-TW,true,,false,false,0,0.0,0.0
U004742,airport_150,2025-10-04 22:26:00+08,B016492,2025-10-07 22:26:00+08,Korea,T2,ko,true,,false,false,0,0.0,0.0
U021883,bundle_100_100,2025-10-01 05:45:00+08,B009255,2025-10-02 05:45:00+08,Thailand,T2,en,true,,false,false,0,0.0,0.0
U012668,bundle_100_100,2025-09-17 11:11:00+08,B005256,2025-09-18 11:11:00+08,Japan,T2,en,true,,false,false,0,0.0,0.0
U003416,bundle_100_100,2025-09-06 05:37:00+08,B016151,2025-09-11 05:37:00+08,USA,T1,en,true,,false,false,0,0.0,0.0
U004580,bundle_100_100,2025-10-14 20:30:00+08,B002878,2025-10-17 20:30:00+08,USA,T1,en,true,,false,false,0,0.0,0.0
U001488,bundle_100_100,2025-10-14 20:50:00+08,B003479,2025-10-17 20:50:00+08,USA,T2,zh-TW,true,,false,false,0,0.0,0.0
U014298,bundle_100_100,2025-10-07 04:33:00+08,B010910,2025-10-08 04:33:00+08,Korea,T1,ja,true,,false,false,0,0.0,0.0
U016839,airport_150,2025-09-29 22:53:00+08,B006853,2025-10-05 22:53:00+08,Hong Kong,T1,zh-TW,true,,false,false,0,0.0,0.0
U008764,airport_150,2025-09-14 21:19:00+08,B003958,2025-09-15 21:19:00+08,Hong Kong,T2,zh-TW,true,,false,false,0,0.0,0.0
U013938,airport_150,2025-09-18 04:37:00+08,B017810,2025-09-20 04:37:00+08,USA,T1,ko,true,,false,false,0,0.0,0.0
U028312,airport_150,2025-10-22 03:49:00+08,B010057,2025-10-25 03:49:00+08,Korea,T2,ko,true,,false,false,0,0.0,0.0
U022349,airport_150,2025-10-13 21:40:00+08,B007796,2025-10-14 21:40:00+08,USA,T1,ko,true,,false,false,1,77.7,0.0
U011171,airport_150,2025-10-14 18:34:00+08,B002445,2025-10-15 18:34:00+08,Japan,T1,en,true,,false,false,0,0.0,0.0
U012196,bundle_100_100,2025-10-02 04:55:00+08,B017483,2025-10-04 04:55:00+08,Singapore,T2,zh-TW,true,,false,false,0,0.0,0.0
U003804,airport_150,2025-09-08 23:14:00+08,B009391,2025-09-12 23:14:00+08,Thailand,T1,zh-TW,true,,false,false,1,111.89999999999999,0.0
U021065,bundle_100_100,2025-09-25 05:53:00+08,B013205,2025-09-26 05:53:00+08,Korea,T2,ja,true,,false,false,0,0.0,0.0
U006389,airport_150,2025-09-19 21:16:00+08,B004471,2025-09-23 21:16:00+08,Thailand,T1,ja,true,,false,false,0,0.0,0.0
U007201,airport_150,2025-09-06 22:08:00+08,B014967,2025-09-10 22:08:00+08,Singapore,T2,ja,true,,false,false,0,0.0,0.0
U017209,airport_150,2025-09-26 13:41:00+08,B017184,2025-10-02 13:41:00+08,Japan,T1,ko,true,,false,false,0,0.0,0.0
U020305,airport_150,2025-09-28 13:13:00+08,B013623,2025-09-29 13:13:00+08,Singapore,T1,ja,true,,false,false,0,0.0,0.0
U021307,airport_150,2025-09-15 21:38:00+08,B003465,2025-09-19 21:38:00+08,Singapore,T1,ja,true,,false,false,0,0.0,0.0
U011359,airport_150,2025-09-06 10:03:00+08,B014654,2025-09-10 10:03:00+08,Thailand,T1,zh-TW,true,,false,false,0,0.0,0.0
U017442,airport_150,2025-10-20 21:25:00+08,B015587,2025-10-22 21:25:00+08,Singapore,T1,en,true,,false,false,0,0.0,0.0
U012756,airport_150,2025-10-05 07:05:00+08,B007676,2025-10-09 07:05:00+08,USA,T1,zh-TW,true,,false,false,0,0.0,0.0
U023018,airport_150,2025-09-21 10:05:00+08,B017649,2025-09-27 10:05:00+08,Korea,T1,zh-TW,true,,false,false,0,0.0,0.0
U006989,airport_150,2025-10-09 16:20:00+08,B007614,2025-10-13 16:20:00+08,Thailand,T2,en,true,,false,false,0,0.0,0.0
U028143,bundle_100_100,2025-09-24 03:27:00+08,B012441,2025-09-29 03:27:00+08,Singapore,T2,en,true,,false,false,0,0.0,0.0
U013017,bundle_100_100,2025-10-06 06:35:00+08,B005333,2025-10-10 06:35:00+08,Korea,T1,zh-TW,true,,false,false,0,0.0,0.0
U000532,control,2025-10-10 04:39:00+08,B002013,2025-10-16 04:39:00+08,Korea,T2,zh-TW,true,,false,false,0,0.0,0.0
U006892,airport_150,2025-09-14 02:26:00+08,B003011,2025-09-18 02:26:00+08,Korea,T1,ko,true,,false,false,0,0.0,0.0
U014783,bundle_100_100,2025-09-12 07:36:00+08,B005224,2025-09-17 07:36:00+08,Thailand,T2,en,true,,false,false,0,0.0,0.0
U021302,airport_150,2025-09-29 05:09:00+08,B012139,2025-10-05 05:09:00+08,USA,T2,en,true,,false,false,0,0.0,0.0
U025417,control,2025-09-06 23:00:00+08,B002002,2025-09-09 23:00:00+08,Hong Kong,T2,ko,true,,false,false,0,0.0,0.0
U027943,airport_150,2025-09-04 05:16:00+08,B010058,2025-09-05 05:16:00+08,Singapore,T1,ja,true,,false,false,0,0.0,0.0
U023556,bundle_100_100,2025-10-02 16:25:00+08,B004963,2025-10-04 16:25:00+08,Thailand,T1,en,true,,false,false,0,0.0,0.0
U003522,bundle_100_100,2025-09-24 21:04:00+08,B014695,2025-09-30 21:04:00+08,Japan,T1,en,true,,false,false,0,0.0,0.0
U012689,bundle_100_100,2025-10-21 21:04:00+08,B001705,2025-10-24 21:04:00+08,Hong Kong,T1,ja,true,,false,false,0,0.0,0.0
U006924,airport_150,2025-09-21 06:45:00+08,B016537,2025-09-22 06:45:00+08,Hong Kong,T2,zh-TW,true,,false,false,0,0.0,0.0
U027458,control,2025-09-11 23:50:00+08,B012749,2025-09-15 23:50:00+08,USA,T1,ja,true,,false,false,0,0.0,0.0
U014239,bundle_100_100,2025-10-21 22:18:00+08,B007434,2025-10-25 22:18:00+08,Singapore,T2,en,true,,false,false,0,0.0,0.0
U000802,airport_150,2025-09-16 17:26:00+08,B007060,2025-09-18 17:26:00+08,Hong Kong,T1,ko,true,,false,false,0,0.0,0.0
U001371,airport_150,2025-09-16 07:19:00+08,B009965,2025-09-22 07:19:00+08,Japan,T1,ja,true,,false,false,0,0.0,0.0
U013383,bundle_100_100,2025-10-19 21:59:00+08,B004658,2025-10-24 21:59:00+08,Singapore,T1,ja,true,,false,false,0,0.0,0.0
U015079,airport_150,2025-10-03 11:02:00+08,B014958,2025-10-09 11:02:00+08,Hong Kong,T2,ko,true,,false,false,0,0.0,0.0
U007174,airport_150,2025-09-14 06:15:00+08,B012243,2025-09-18 06:15:00+08,USA,T1,en,true,,false,false,0,0.0,0.0
U000479,bundle_100_100,2025-10-14 10:51:00+08,B010581,2025-10-18 10:51:00+08,Korea,T1,en,true,,false,false,0,0.0,0.0
U006653,airport_150,2025-09-20 23:20:00+08,B011979,2025-09-21 23:20:00+08,USA,T1,ko,true,,false,false,0,0.0,0.0
U013096,control,2025-09-29 09:26:00+08,B016688,2025-10-05 09:26:00+08,Japan,T2,zh-TW,true,,false,false,0,0.0,0.0
U013368,control,2025-09-07 21:12:00+08,B016662,2025-09-13 21:12:00+08,USA,T2,ko,true,,false,false,0,0.0,0.0
U019045,airport_150,2025-10-13 16:40:00+08,B006069,2025-10-17 16:40:00+08,Singapore,T2,zh-TW,true,,false,false,0,0.0,0.0
U004542,bundle_100_100,2025-09-10 23:10:00+08,B002914,2025-09-15 23:10:00+08,Singapore,T2,ko,true,,false,false,0,0.0,0.0
U005248,airport_150,2025-09-12 08:45:00+08,B002395,2025-09-15 08:45:00+08,Singapore,T1,ko,true,,false,false,0,0.0,0.0
U013944,control,2025-09-02 04:37:00+08,B015307,2025-09-08 04:37:00+08,Japan,T2,zh-TW,true,,false,false,0,0.0,0.0
U025103,airport_150,2025-10-17 16:22:00+08,B011737,2025-10-19 16:22:00+08,Singapore,T2,ja,true,,false,false,0,0.0,0.0
U026183,bundle_100_100,2025-09-21 05:24:00+08,B007408,2025-09-27 05:24:00+08,Singapore,T1,ko,true,,false,false,0,0.0,0.0
U003418,airport_150,2025-09-07 09:00:00+08,B010755,2025-09-12 09:00:00+08,Japan,T1,en,true,,false,false,0,0.0,0.0
U013478,airport_150,2025-09-01 07:58:00+08,B008216,2025-09-06 07:58:00+08,Japan,T1,ko,true,,false,false,0,0.0,0.0
U013869,bundle_100_100,2025-10-08 05:41:00+08,B013824,2025-10-09 05:41:00+08,Singapore,T2,en,true,,false,false,0,0.0,0.0
U022294,airport_150,2025-09-26 05:45:00+08,B013820,2025-09-27 05:45:00+08,Hong Kong,T1,en,true,,false,false,0,0.0,0.0
U024235,airport_150,2025-10-22 22:30:00+08,B009421,2025-10-24 22:30:00+08,Korea,T1,zh-TW,true,,false,false,0,0.0,0.0
U008231,airport_150,2025-09-22 01:36:00+08,B004542,2025-09-24 01:36:00+08,Thailand,T2,ko,true,,false,false,0,0.0,0.0
U028676,control,2025-10-03 04:51:00+08,B005982,2025-10-04 04:51:00+08,Hong Kong,T2,ko,true,,false,false,0,0.0,0.0
U021172,control,2025-10-08 08:53:00+08,B003157,2025-10-11 08:53:00+08,Hong Kong,T1,zh-TW,true,,false,false,0,0.0,0.0
U025267,airport_150,2025-09-06 12:02:00+08,B017644,2025-09-08 12:02:00+08,Korea,T1,ja,true,,false,false,0,0.0,0.0
U009104,control,2025-09-20 18:35:00+08,B010484,2025-09-25 18:35:00+08,Hong Kong,T2,ja,true,,false,false,0,0.0,0.0
U025921,bundle_100_100,2025-10-13 20:53:00+08,B014438,2025-10-19 20:53:00+08,Singapore,T2,ko,true,,false,false,0,0.0,0.0
U008785,control,2025-10-19 06:30:00+08,B006469,2025-10-25 06:30:00+08,Singapore,T2,ja,true,,false,false,0,0.0,0.0
U019913,bundle_100_100,2025-09-20 12:25:00+08,B005573,2025-09-26 12:25:00+08,Hong Kong,T1,zh-TW,true,,false,false,0,0.0,0.0
U020919,bundle_100_100,2025-10-05 06:08:00+08,B002647,2025-10-07 06:08:00+08,USA,T2,en,true,,false,false,0,0.0,0.0
U001615,bundle_100_100,2025-09-16 13:23:00+08,B017430,2025-09-22 13:23:00+08,Hong Kong,T1,en,true,,false,false,0,0.0,0.0
U001055,bundle_100_100,2025-09-23 22:21:00+08,B005750,2025-09-29 22:21:00+08,Singapore,T1,ja,true,,false,false,0,0.0,0.0
U017761,control,2025-09-20 18:17:00+08,B002796,2025-09-21 18:17:00+08,Japan,T2,ko,true,,false,false,0,0.0,0.0
U023313,airport_150,2025-10-23 00:04:00+08,B009619,2025-10-24 00:04:00+08,Singapore,T1,zh-TW,true,,false,false,0,0.0,0.0
U028866,airport_150,2025-10-15 01:35:00+08,B008237,2025-10-18 01:35:00+08,Korea,T2,zh-TW,true,,false,false,0,0.0,0.0
U007082,airport_150,2025-09-08 20:11:00+08,B002947,2025-09-10 20:11:00+08,Japan,T1,ja,true,,false,false,0,0.0,0.0
U011239,airport_150,2025-09-25 22:35:00+08,B010192,2025-09-26 22:35:00+08,Hong Kong,T1,ko,true,,false,false,0,0.0,0.0
U026715,bundle_100_100,2025-10-06 07:46:00+08,B009986,2025-10-12 07:46:00+08,Hong Kong,T2,ja,true,,false,false,0,0.0,0.0
U025784,bundle_100_100,2025-09-14 07:37:00+08,B007861,2025-09-15 07:37:00+08,Thailand,T2,zh-TW,true,,false,false,0,0.0,0.0
U025942,airport_150,2025-10-08 09:12:00+08,B003524,2025-10-09 09:12:00+08,Singapore,T1,ja,true,,false,false,0,0.0,0.0
U011478,bundle_100_100,2025-09-08 22:55:00+08,B001094,2025-09-14 22:55:00+08,Korea,T2,zh-TW,true,,false,false,0,0.0,0.0
U006199,bundle_100_100,2025-10-20 05:13:00+08,B012478,2025-10-26 05:13:00+08,USA,T2,en,true,,false,false,0,0.0,0.0
U008337,airport_150,2025-09-01 14:11:00+08,B011511,2025-09-03 14:11:00+08,Japan,T2,zh-TW,true,,false,false,0,0.0,0.0
U018519,bundle_100_100,2025-09-29 16:34:00+08,B014705,2025-10-05 16:34:00+08,Singapore,T1,zh-TW,true,,false,false,1,72.0,0.0
U015280,control,2025-10-15 08:44:00+08,B017229,2025-10-20 08:44:00+08,Thailand,T2,zh-TW,true,,false,false,0,0.0,0.0
U002741,airport_150,2025-10-07 12:44:00+08,B008958,2025-10-09 12:44:00+08,Singapore,T2,ko,true,,false,false,0,0.0,0.0
U008005,airport_150,2025-10-05 06:14:00+08,B001857,2025-10-08 06:14:00+08,USA,T2,ko,true,,false,false,0,0.0,0.0
U006681,airport_150,2025-10-03 16:09:00+08,B012551,2025-10-09 16:09:00+08,Thailand,T2,ja,true,,false,false,0,0.0,0.0
U008910,bundle_100_100,2025-10-20 12:10:00+08,B005471,2025-10-25 12:10:00+08,Hong Kong,T2,ko,true,,false,false,0,0.0,0.0
U003163,bundle_100_100,2025-10-22 05:06:00+08,B001869,2025-10-26 05:06:00+08,Singapore,T1,zh-TW,true,,false,false,0,0.0,0.0
U005413,airport_150,2025-09-23 06:57:00+08,B007153,2025-09-27 06:57:00+08,USA,T1,ko,true,,false,false,0,0.0,0.0
U018208,bundle_100_100,2025-10-13 00:02:00+08,B003082,2025-10-17 00:02:00+08,Korea,T1,ja,true,,false,false,0,0.0,0.0
U025175,bundle_100_100,2025-09-11 01:57:00+08,B007716,2025-09-14 01:57:00+08,Korea,T2,ko,true,,false,false,0,0.0,0.0
U007032,bundle_100_100,2025-10-21 09:36:00+08,B010239,2025-10-22 09:36:00+08,Korea,T2,ja,true,,false,false,0,0.0,0.0
U021975,bundle_100_100,2025-10-09 14:42:00+08,B000783,2025-10-13 14:42:00+08,Japan,T2,ko,true,,false,false,0,0.0,0.0
U001688,bundle_100_100,2025-09-26 22:28:00+08,B012267,2025-10-01 22:28:00+08,Japan,T1,en,true,,false,false,0,0.0,0.0
U027990,bundle_100_100,2025-10-20 05:01:00+08,B007313,2025-10-25 05:01:00+08,Hong Kong,T1,zh-TW,true,,false,false,0,0.0,0.0
U022003,bundle_100_100,2025-09-30 09:08:00+08,B012349,2025-10-01 09:08:00+08,Singapore,T2,en,true,,false,false,0,0.0,0.0
U029171,bundle_100_100,2025-09-25 20:14:00+08,B008394,2025-09-27 20:14:00+08,Japan,T2,ja,true,,false,false,0,0.0,0.0
U007896,airport_150,2025-09-21 23:45:00+08,B016814,2025-09-22 23:45:00+08,Hong Kong,T1,ja,true,,false,false,0,0.0,0.0
U017970,airport_150,2025-10-19 07:48:00+08,B013325,2025-10-22 07:48:00+08,Singapore,T2,zh-TW,true,,false,false,1,198.9,0.0
U029620,bundle_100_100,2025-10-13 21:05:00+08,B003647,2025-10-14 21:05:00+08,USA,T1,ja,true,,false,false,0,0.0,0.0
U012426,bundle_100_100,2025-09-24 02:04:00+08,B015698,2025-09-29 02:04:00+08,Thailand,T1,zh-TW,true,,false,false,0,0.0,0.0
U016853,control,2025-10-15 23:33:00+08,B017402,2025-10-20 23:33:00+08,USA,T1,ja,true,,false,false,0,0.0,0.0
U005840,control,2025-10-17 05:45:00+08,B001118,2025-10-23 05:45:00+08,Singapore,T1,zh-TW,true,,false,false,0,0.0,0.0
U004308,airport_150,2025-10-14 10:37:00+08,B015356,2025-10-20 10:37:00+08,Singapore,T2,ko,true,,false,false,0,0.0,0.0
U018482,bundle_100_100,2025-10-12 06:41:00+08,B007585,2025-10-14 06:41:00+08,Korea,T1,ko,true,,false,false,0,0.0,0.0
U028677,airport_150,2025-10-19 19:59:00+08,B008055,2025-10-22 19:59:00+08,Hong Kong,T2,ja,true,,false,false,0,0.0,0.0
U020827,airport_150,2025-09-16 07:42:00+08,B002282,2025-09-22 07:42:00+08,Thailand,T1,ko,true,,false,false,0,0.0,0.0
U017951,bundle_100_100,2025-10-16 05:34:00+08,B016716,2025-10-19 05:34:00+08,Korea,T2,en,true,,false,false,0,0.0,0.0
U027588,airport_150,2025-09-26 10:55:00+08,B002799,2025-10-02 10:55:00+08,Thailand,T2,zh-TW,true,,false,false,0,0.0,0.0
U019376,airport_150,2025-10-11 23:31:00+08,B004905,2025-10-15 23:31:00+08,Korea,T1,zh-TW,true,,false,false,0,0.0,0.0
U027238,bundle_100_100,2025-09-01 21:49:00+08,B005043,2025-09-05 21:49:00+08,Hong Kong,T1,zh-TW,true,,false,false,0,0.0,0.0
U027628,bundle_100_100,2025-09-27 05:30:00+08,B014230,2025-10-02 05:30:00+08,Japan,T2,en,true,,false,false,0,0.0,0.0
U015028,bundle_100_100,2025-09-18 09:51:00+08,B009061,2025-09-22 09:51:00+08,Thailand,T1,en,true,,false,false,0,0.0,0.0
U014172,bundle_100_100,2025-09-29 08:16:00+08,B011322,2025-10-02 08:16:00+08,USA,T2,zh-TW,true,,false,false,0,0.0,0.0
U027735,airport_150,2025-09-08 23:01:00+08,B003144,2025-09-09 23:01:00+08,USA,T1,zh-TW,true,,false,false,0,0.0,0.0
U029972,airport_150,2025-09-27 17:05:00+08,B016699,2025-09-29 17:05:00+08,USA,T1,ko,true,,false,false,0,0.0,0.0
U013839,bundle_100_100,2025-10-06 08:09:00+08,B000110,2025-10-09 08:09:00+08,Japan,T2,en,true,,false,false,0,0.0,0.0
U021119,bundle_100_100,2025-10-13 04:06:00+08,B010307,2025-10-18 04:06:00+08,Singapore,T1,en,true,,false,false,0,0.0,0.0
U025422,airport_150,2025-09-28 13:22:00+08,B014969,2025-10-03 13:22:00+08,Hong Kong,T1,ko,true,,false,false,0,0.0,0.0
U016491,airport_150,2025-09-15 23:09:00+08,B002985,2025-09-18 23:09:00+08,Japan,T1,en,true,,false,false,0,0.0,0.0
U000976,bundle_100_100,2025-10-04 22:54:00+08,B001903,2025-10-10 22:54:00+08,Singapore,T2,ko,true,,false,false,0,0.0,0.0
U015650,bundle_100_100,2025-09-30 22:54:00+08,B005595,2025-10-03 22:54:00+08,Singapore,T2,ko,true,,false,false,0,0.0,0.0
U026459,bundle_100_100,2025-10-17 12:00:00+08,B009864,2025-10-19 12:00:00+08,Hong Kong,T2,zh-TW,true,,false,false,0,0.0,0.0
U014653,bundle_100_100,2025-10-18 01:30:00+08,B003145,2025-10-22 01:30:00+08,Japan,T2,ja,true,,false,false,0,0.0,0.0
U004698,airport_150,2025-09-04 23:33:00+08,B015419,2025-09-09 23:33:00+08,Japan,T2,ko,true,,false,false,0,0.0,0.0
U010743,bundle_100_100,2025-09-19 20:01:00+08,B017765,2025-09-21 20:01:00+08,Korea,T1,zh-TW,true,,false,false,0,0.0,0.0
U028370,airport_150,2025-10-09 23:51:00+08,B002570,2025-10-15 23:51:00+08,Thailand,T1,ko,true,,false,false,0,0.0,0.0
U028443,airport_150,2025-10-15 20:38:00+08,B010100,2025-10-18 20:38:00+08,Singapore,T1,zh-TW,true,,false,false,0,0.0,0.0
U009333,airport_150,2025-09-26 21:20:00+08,B017811,2025-10-01 21:20:00+08,Singapore,T2,ja,true,,false,false,0,0.0,0.0
U002400,airport_150,2025-10-10 05:03:00+08,B011865,2025-10-11 05:03:00+08,Hong Kong,T2,zh-TW,true,,false,false,0,0.0,0.0
U007906,bundle_100_100,2025-09-26 23:07:00+08,B016557,2025-10-02 23:07:00+08,Singapore,T1,en,true,,false,false,0,0.0,0.0
U029345,airport_150,2025-09-03 08:19:00+08,B004829,2025-09-07 08:19:00+08,Japan,T2,en,true,,false,false,0,0.0,0.0
U026728,bundle_100_100,2025-09-29 20:05:00+08,B005814,2025-10-03 20:05:00+08,Thailand,T1,en,true,,false,false,0,0.0,0.0
U025975,bundle_100_100,2025-09-11 16:12:00+08,B011862,2025-09-13 16:12:00+08,Korea,T2,en,true,,false,false,0,0.0,0.0
U004897,airport_150,2025-09-05 07:24:00+08,B007259,2025-09-08 07:24:00+08,Singapore,T2,ja,true,,false,false,0,0.0,0.0
U005148,airport_150,2025-09-23 09:21:00+08,B001133,2025-09-27 09:21:00+08,USA,T2,zh-TW,true,,false,false,0,0.0,0.0
U016610,bundle_100_100,2025-09-28 21:12:00+08,B006178,2025-09-30 21:12:00+08,Hong Kong,T2,ko,true,,false,false,0,0.0,0.0
U025891,airport_150,2025-09-09 06:35:00+08,B017567,2025-09-11 06:35:00+08,Thailand,T2,en,true,,false,false,0,0.0,0.0
U027558,airport_150,2025-09-26 13:37:00+08,B013918,2025-09-30 13:37:00+08,Japan,T2,ja,true,,false,false,0,0.0,0.0
U006028,airport_150,2025-09-24 00:10:00+08,B014211,2025-09-26 00:10:00+08,Japan,T2,en,true,,false,false,0,0.0,0.0
U021259,airport_150,2025-09-16 09:42:00+08,B009855,2025-09-19 09:42:00+08,Thailand,T1,zh-TW,true,,false,false,0,0.0,0.0
U013448,bundle_100_100,2025-09-19 20:16:00+08,B002698,2025-09-24 20:16:00+08,Japan,T2,en,true,,false,false,0,0.0,0.0
U022870,bundle_100_100,2025-10-10 23:00:00+08,B013660,2025-10-16 23:00:00+08,USA,T1,en,true,,false,false,0,0.0,0.0
U023201,airport_150,2025-10-17 20:36:00+08,B006725,2025-10-23 20:36:00+08,Hong Kong,T1,ko,true,,false,false,0,0.0,0.0
U029357,bundle_100_100,2025-09-11 10:32:00+08,B013577,2025-09-16 10:32:00+08,Singapore,T2,en,true,,false,false,0,0.0,0.0
U000714,airport_150,2025-09-18 20:26:00+08,B008417,2025-09-20 20:26:00+08,Hong Kong,T1,zh-TW,true,,false,false,0,0.0,0.0
U000871,airport_150,2025-10-14 05:40:00+08,B017335,2025-10-17 05:40:00+08,Singapore,T2,ja,true,,false,false,0,0.0,0.0
U003317,control,2025-10-04 08:43:00+08,B005860,2025-10-10 08:43:00+08,Thailand,T2,ko,true,,false,false,0,0.0,0.0
U025420,airport_150,2025-10-03 03:26:00+08,B009730,2025-10-05 03:26:00+08,Japan,T1,ko,true,,false,false,0,0.0,0.0
U008224,control,2025-09-27 23:00:00+08,B016106,2025-10-03 23:00:00+08,Korea,T2,zh-TW,true,,false,false,0,0.0,0.0
U021290,airport_150,2025-09-03 22:17:00+08,B016697,2025-09-05 22:17:00+08,Korea,T1,ko,true,,false,false,0,0.0,0.0
U029912,bundle_100_100,2025-10-15 01:41:00+08,B001421,2025-10-20 01:41:00+08,Japan,T2,zh-TW,true,,false,false,0,0.0,0.0
U005611,airport_150,2025-09-18 11:16:00+08,B017995,2025-09-20 11:16:00+08,Singapore,T1,zh-TW,true,,false,false,0,0.0,0.0
U024723,bundle_100_100,2025-09-05 13:12:00+08,B011039,2025-09-09 13:12:00+08,Japan,T1,ja,true,,false,false,0,0.0,0.0
U026464,bundle_100_100,2025-09-16 07:23:00+08,B017957,2025-09-20 07:23:00+08,USA,T2,ja,true,,false,false,0,0.0,0.0
U010724,control,2025-09-22 21:35:00+08,B014167,2025-09-24 21:35:00+08,USA,T1,en,true,,false,false,0,0.0,0.0
U019896,bundle_100_100,2025-09-04 23:10:00+08,B004576,2025-09-08 23:10:00+08,Singapore,T2,ja,true,,false,false,0,0.0,0.0
U001502,bundle_100_100,2025-09-10 02:21:00+08,B009236,2025-09-13 02:21:00+08,Hong Kong,T2,ja,true,,false,false,0,0.0,0.0
U007122,bundle_100_100,2025-10-03 05:13:00+08,B013587,2025-10-05 05:13:00+08,Thailand,T2,ja,true,,false,false,0,0.0,0.0
U009024,bundle_100_100,2025-10-18 07:40:00+08,B013465,2025-10-23 07:40:00+08,Singapore,T2,en,true,,false,false,0,0.0,0.0
U002608,airport_150,2025-09-25 21:32:00+08,B006828,2025-09-30 21:32:00+08,Japan,T1,zh-TW,true,,false,false,0,0.0,0.0
U023236,bundle_100_100,2025-09-23 18:53:00+08,B000766,2025-09-29 18:53:00+08,Thailand,T1,zh-TW,true,,false,false,0,0.0,0.0
U006587,airport_150,2025-09-14 15:19:00+08,B003794,2025-09-16 15:19:00+08,Korea,T2,ko,true,,false,false,0,0.0,0.0
U010630,bundle_100_100,2025-09-14 08:15:00+08,B017627,2025-09-20 08:15:00+08,Korea,T1,ja,true,,false,false,0,0.0,0.0
U003321,airport_150,2025-09-12 20:31:00+08,B001039,2025-09-18 20:31:00+08,Hong Kong,T1,ko,true,,false,false,0,0.0,0.0
U018850,bundle_100_100,2025-09-24 00:58:00+08,B008949,2025-09-27 00:58:00+08,Singapore,T1,en,true,,false,false,0,0.0,0.0
U019266,control,2025-10-14 23:47:00+08,B005978,2025-10-18 23:47:00+08,Singapore,T1,ja,true,,false,false,0,0.0,0.0
U029340,airport_150,2025-10-22 05:46:00+08,B000329,2025-10-26 05:46:00+08,Hong Kong,T1,zh-TW,true,,false,false,0,0.0,0.0
U003848,airport_150,2025-10-17 09:09:00+08,B013252,2025-10-22 09:09:00+08,Japan,T2,en,true,,false,false,0,0.0,0.0
U017873,bundle_100_100,2025-10-18 20:06:00+08,B003243,2025-10-19 20:06:00+08,Hong Kong,T1,en,true,,false,false,0,0.0,0.0
U013713,airport_150,2025-10-01 19:28:00+08,B005490,2025-10-06 19:28:00+08,Singapore,T1,en,true,,false,false,0,0.0,0.0
U016910,bundle_100_100,2025-10-02 02:58:00+08,B013563,2025-10-07 02:58:00+08,USA,T1,ja,true,,false,false,0,0.0,0.0
U002275,bundle_100_100,2025-09-17 20:05:00+08,B016250,2025-09-19 20:05:00+08,Thailand,T1,en,true,,false,false,0,0.0,0.0
U024488,bundle_100_100,2025-10-09 22:31:00+08,B001628,2025-10-10 22:31:00+08,Japan,T1,ko,true,,false,false,0,0.0,0.0
U026867,airport_150,2025-10-23 10:47:00+08,B001848,2025-10-25 10:47:00+08,Thailand,T2,ja,true,,false,false,0,0.0,0.0
U021881,bundle_100_100,2025-09-14 09:53:00+08,B017716,2025-09-20 09:53:00+08,USA,T1,en,true,,false,false,0,0.0,0.0
U001944,bundle_100_100,2025-09-29 23:44:00+08,B004326,2025-10-01 23:44:00+08,Korea,T2,ja,true,,false,false,0,0.0,0.0
U002807,bundle_100_100,2025-09-26 17:18:00+08,B011054,2025-10-02 17:18:00+08,Japan,T2,ja,true,,false,false,0,0.0,0.0
U015266,bundle_100_100,2025-10-12 20:04:00+08,B004132,2025-10-18 20:04:00+08,USA,T1,ja,true,,false,false,0,0.0,0.0
U012217,bundle_100_100,2025-09-09 23:28:00+08,B006504,2025-09-15 23:28:00+08,Hong Kong,T1,ja,true,,false,false,0,0.0,0.0
U003941,control,2025-09-20 04:31:00+08,B008385,2025-09-25 04:31:00+08,Korea,T1,ko,true,,false,false,0,0.0,0.0
U006076,airport_150,2025-09-12 22:58:00+08,B006758,2025-09-14 22:58:00+08,Hong Kong,T2,zh-TW,true,,false,false,0,0.0,0.0
U018333,bundle_100_100,2025-10-19 22:12:00+08,B016631,2025-10-24 22:12:00+08,Hong Kong,T1,ja,true,,false,false,0,0.0,0.0
U028649,control,2025-10-09 07:37:00+08,B001426,2025-10-13 07:37:00+08,Japan,T1,zh-TW,true,,false,false,0,0.0,0.0
U001112,airport_150,2025-10-09 18:56:00+08,B007732,2025-10-11 18:56:00+08,USA,T1,en,true,,false,false,0,0.0,0.0
U022381,bundle_100_100,2025-09-10 07:06:00+08,B010979,2025-09-13 07:06:00+08,Japan,T1,en,true,,false,false,0,0.0,0.0
U009077,control,2025-10-20 05:33:00+08,B002375,2025-10-25 05:33:00+08,Japan,T2,ko,true,,false,false,0,0.0,0.0
U015907,airport_150,2025-09-29 08:47:00+08,B017980,2025-10-04 08:47:00+08,Hong Kong,T2,zh-TW,true,,false,false,0,0.0,0.0
U020817,airport_150,2025-10-14 21:57:00+08,B002410,2025-10-16 21:57:00+08,USA,T2,en,true,,false,false,0,0.0,0.0
U003370,airport_150,2025-09-21 13:46:00+08,B017625,2025-09-24 13:46:00+08,Singapore,T1,en,true,,false,false,0,0.0,0.0
U016097,airport_150,2025-10-10 21:40:00+08,B017714,2025-10-16 21:40:00+08,Hong Kong,T1,ja,true,,false,false,0,0.0,0.0
U025642,bundle_100_100,2025-10-20 20:26:00+08,B005902,2025-10-23 20:26:00+08,Thailand,T2,zh-TW,true,,false,false,0,0.0,0.0
U026831,control,2025-09-24 20:59:00+08,B016362,2025-09-28 20:59:00+08,Thailand,T2,en,true,,false,false,0,0.0,0.0
U013184,airport_150,2025-09-12 02:44:00+08,B017097,2025-09-13 02:44:00+08,Korea,T1,zh-TW,true,,false,false,0,0.0,0.0
U013753,bundle_100_100,2025-10-19 08:44:00+08,B010300,2025-10-22 08:44:00+08,Korea,T1,en,true,,false,false,0,0.0,0.0
U008622,control,2025-09-15 09:21:00+08,B011955,2025-09-17 09:21:00+08,Korea,T1,zh-TW,true,,false,false,0,0.0,0.0
U003953,airport_150,2025-10-07 23:31:00+08,B005851,2025-10-10 23:31:00+08,Singapore,T1,ja,true,,false,false,0,0.0,0.0
U010489,bundle_100_100,2025-09-16 09:21:00+08,B006494,2025-09-17 09:21:00+08,Singapore,T1,ja,true,,false,false,0,0.0,0.0
U022076,bundle_100_100,2025-09-19 18:56:00+08,B017232,2025-09-21 18:56:00+08,Korea,T1,en,true,,false,false,0,0.0,0.0
U010440,control,2025-10-25 21:24:00+08,B015045,2025-10-26 21:24:00+08,Thailand,T1,ja,true,,false,false,0,0.0,0.0
U013168,airport_150,2025-09-14 08:32:00+08,B000500,2025-09-19 08:32:00+08,Japan,T2,en,true,,false,false,0,0.0,0.0
U000426,control,2025-09-16 19:35:00+08,B009325,2025-09-20 19:35:00+08,USA,T2,en,true,,false,false,0,0.0,0.0
U004058,bundle_100_100,2025-09-30 02:11:00+08,B006933,2025-10-01 02:11:00+08,Hong Kong,T2,zh-TW,true,,false,false,0,0.0,0.0
U020754,bundle_100_100,2025-10-10 22:16:00+08,B017276,2025-10-15 22:16:00+08,Singapore,T1,ja,true,,false,false,0,0.0,0.0
U004782,airport_150,2025-09-05 23:15:00+08,B012634,2025-09-08 23:15:00+08,Singapore,T2,zh-TW,true,,false,false,0,0.0,0.0
U006966,airport_150,2025-09-24 21:46:00+08,B000515,2025-09-25 21:46:00+08,Korea,T2,en,true,,false,false,0,0.0,0.0
U024520,control,2025-10-20 06:37:00+08,B009464,2025-10-22 06:37:00+08,Hong Kong,T2,ko,true,,false,false,0,0.0,0.0
U019158,control,2025-09-30 04:18:00+08,B016079,2025-10-04 04:18:00+08,Hong Kong,T2,zh-TW,true,,false,false,0,0.0,0.0
U000786,bundle_100_100,2025-09-10 07:25:00+08,B002006,2025-09-16 07:25:00+08,Japan,T1,en,true,,false,false,0,0.0,0.0
U015530,bundle_100_100,2025-09-24 08:46:00+08,B009448,2025-09-29 08:46:00+08,Thailand,T2,ja,true,,false,false,0,0.0,0.0
U023269,bundle_100_100,2025-09-04 03:39:00+08,B003921,2025-09-08 03:39:00+08,Thailand,T1,zh-TW,true,,false,false,0,0.0,0.0
U012539,bundle_100_100,2025-09-24 06:11:00+08,B001673,2025-09-27 06:11:00+08,Singapore,T1,zh-TW,true,,false,false,0,0.0,0.0
U015686,bundle_100_100,2025-09-16 18:48:00+08,B000980,2025-09-21 18:48:00+08,Thailand,T2,ko,true,,false,false,0,0.0,0.0
U028548,airport_150,2025-10-18 15:43:00+08,B012460,2025-10-19 15:43:00+08,Singapore,T2,en,true,,false,false,0,0.0,0.0
U012819,control,2025-10-05 10:15:00+08,B014857,2025-10-10 10:15:00+08,USA,T1,en,true,,false,false,0,0.0,0.0
U014024,bundle_100_100,2025-09-11 06:51:00+08,B008942,2025-09-14 06:51:00+08,Singapore,T1,ja,true,,false,false,1,78.89999999999999,0.0
U020636,bundle_100_100,2025-09-18 21:32:00+08,B002272,2025-09-21 21:32:00+08,Japan,T2,en,true,,false,false,0,0.0,0.0
U029515,airport_150,2025-09-14 05:30:00+08,B003031,2025-09-19 05:30:00+08,Korea,T2,ja,true,,false,false,0,0.0,0.0
U018385,control,2025-09-11 17:39:00+08,B001678,2025-09-16 17:39:00+08,Hong Kong,T1,zh-TW,true,,false,false,0,0.0,0.0
U013793,control,2025-10-13 06:48:00+08,B002667,2025-10-18 06:48:00+08,Japan,T1,en,true,,false,false,0,0.0,0.0
U019814,bundle_100_100,2025-09-01 22:08:00+08,B008821,2025-09-04 22:08:00+08,Japan,T1,zh-TW,true,,false,false,0,0.0,0.0
U014906,bundle_100_100,2025-10-11 23:29:00+08,B010287,2025-10-17 23:29:00+08,Thailand,T2,en,true,,false,false,0,0.0,0.0
U026656,bundle_100_100,2025-10-05 06:14:00+08,B014262,2025-10-06 06:14:00+08,Hong Kong,T1,ko,true,,false,false,0,0.0,0.0
U003377,bundle_100_100,2025-09-27 23:00:00+08,B015252,2025-10-02 23:00:00+08,USA,T1,ja,true,,false,false,1,67.8,0.0
U004574,bundle_100_100,2025-09-10 07:34:00+08,B008831,2025-09-12 07:34:00+08,Thailand,T2,en,true,,false,false,0,0.0,0.0
U007493,bundle_100_100,2025-10-09 07:49:00+08,B010191,2025-10-11 07:49:00+08,Japan,T1,ja,true,,false,false,0,0.0,0.0
U009309,bundle_100_100,2025-10-06 08:40:00+08,B005207,2025-10-08 08:40:00+08,Singapore,T1,en,true,,false,false,1,286.5,0.0
U009160,control,2025-10-20 03:27:00+08,B003034,2025-10-26 03:27:00+08,USA,T2,en,true,,false,false,0,0.0,0.0
U009864,bundle_100_100,2025-10-01 05:20:00+08,B011939,2025-10-07 05:20:00+08,Thailand,T2,zh-TW,true,,false,false,0,0.0,0.0
U020498,airport_150,2025-09-29 09:21:00+08,B010950,2025-09-30 09:21:00+08,Thailand,T2,zh-TW,true,,false,false,0,0.0,0.0
U010306,airport_150,2025-10-05 23:23:00+08,B016262,2025-10-07 23:23:00+08,USA,T1,ja,true,,false,false,0,0.0,0.0
U002378,airport_150,2025-09-27 10:34:00+08,B012852,2025-10-01 10:34:00+08,Hong Kong,T1,ja,true,,false,false,0,0.0,0.0
U007681,airport_150,2025-10-10 06:18:00+08,B011181,2025-10-14 06:18:00+08,Singapore,T2,zh-TW,true,,false,false,0,0.0,0.0
U013049,bundle_100_100,2025-10-02 23:58:00+08,B000811,2025-10-05 23:58:00+08,Hong Kong,T2,ko,true,,false,false,0,0.0,0.0
U000041,bundle_100_100,2025-09-30 09:47:00+08,B007834,2025-10-03 09:47:00+08,Japan,T1,zh-TW,true,,false,false,0,0.0,0.0
U018438,airport_150,2025-09-11 07:04:00+08,B010462,2025-09-15 07:04:00+08,Singapore,T1,ko,true,,false,false,0,0.0,0.0
U022184,control,2025-09-27 12:08:00+08,B010816,2025-10-02 12:08:00+08,Singapore,T2,ko,true,,false,false,0,0.0,0.0
U028591,bundle_100_100,2025-09-12 06:39:00+08,B011177,2025-09-18 06:39:00+08,Hong Kong,T1,zh-TW,true,,false,false,0,0.0,0.0
U002295,airport_150,2025-10-21 23:11:00+08,B008194,2025-10-22 23:11:00+08,USA,T2,ko,true,,false,false,0,0.0,0.0
U003001,bundle_100_100,2025-09-11 08:56:00+08,B008030,2025-09-12 08:56:00+08,Japan,T2,zh-TW,true,,false,false,0,0.0,0.0
U008859,airport_150,2025-09-06 04:49:00+08,B000082,2025-09-08 04:49:00+08,Thailand,T2,zh-TW,true,,false,false,0,0.0,0.0
U021199,bundle_100_100,2025-09-19 08:49:00+08,B016788,2025-09-21 08:49:00+08,USA,T2,ko,true,,false,false,0,0.0,0.0
U017216,airport_150,2025-10-10 05:40:00+08,B011378,2025-10-11 05:40:00+08,Thailand,T2,ja,true,,false,false,0,0.0,0.0
U024374,airport_150,2025-09-04 00:52:00+08,B009081,2025-09-05 00:52:00+08,USA,T2,en,true,,false,false,0,0.0,0.0
U010380,airport_150,2025-09-28 05:17:00+08,B012883,2025-10-03 05:17:00+08,USA,T2,ja,true,,false,false,0,0.0,0.0
U027632,airport_150,2025-09-06 06:52:00+08,B000900,2025-09-08 06:52:00+08,Thailand,T2,zh-TW,true,,false,false,0,0.0,0.0
U007533,control,2025-10-16 22:38:00+08,B001514,2025-10-19 22:38:00+08,Thailand,T1,en,true,,false,false,0,0.0,0.0
U028247,bundle_100_100,2025-10-18 23:06:00+08,B003204,2025-10-24 23:06:00+08,Singapore,T2,en,true,,false,false,0,0.0,0.0
U000589,airport_150,2025-10-16 18:16:00+08,B003392,2025-10-19 18:16:00+08,Korea,T2,zh-TW,true,,false,false,0,0.0,0.0
U002891,bundle_100_100,2025-09-21 10:00:00+08,B008146,2025-09-22 10:00:00+08,Hong Kong,T1,en,true,,false,false,0,0.0,0.0
U015737,bundle_100_100,2025-10-06 22:11:00+08,B000987,2025-10-08 22:11:00+08,Japan,T1,ja,true,,false,false,0,0.0,0.0
U019705,airport_150,2025-09-19 22:51:00+08,B010361,2025-09-23 22:51:00+08,Japan,T1,ko,true,,false,false,0,0.0,0.0
U015846,bundle_100_100,2025-10-01 23:17:00+08,B004432,2025-10-04 23:17:00+08,Korea,T1,en,true,,false,false,0,0.0,0.0
U013433,airport_150,2025-09-05 02:41:00+08,B010018,2025-09-10 02:41:00+08,Korea,T2,en,true,,false,false,0,0.0,0.0
U022222,bundle_100_100,2025-10-03 11:03:00+08,B001072,2025-10-07 11:03:00+08,Hong Kong,T2,ko,true,,false,false,0,0.0,0.0
U027151,bundle_100_100,2025-09-16 15:38:00+08,B008349,2025-09-20 15:38:00+08,Hong Kong,T1,en,true,,false,false,0,0.0,0.0
U025725,airport_150,2025-10-02 00:04:00+08,B015520,2025-10-06 00:04:00+08,Hong Kong,T1,ko,true,,false,false,0,0.0,0.0
U021732,airport_150,2025-10-08 18:19:00+08,B016880,2025-10-12 18:19:00+08,Korea,T2,en,true,,false,false,0,0.0,0.0
U006902,control,2025-09-17 06:55:00+08,B003196,2025-09-18 06:55:00+08,Singapore,T2,ja,true,,false,false,0,0.0,0.0
U010748,airport_150,2025-10-04 20:34:00+08,B016995,2025-10-06 20:34:00+08,Thailand,T2,ja,true,,false,false,0,0.0,0.0
U022199,bundle_100_100,2025-10-06 20:06:00+08,B008829,2025-10-11 20:06:00+08,Japan,T2,ja,true,,false,false,0,0.0,0.0
U027928,bundle_100_100,2025-10-16 05:17:00+08,B006930,2025-10-17 05:17:00+08,Thailand,T1,zh-TW,true,,false,false,0,0.0,0.0
U023037,airport_150,2025-09-09 23:50:00+08,B017739,2025-09-12 23:50:00+08,Thailand,T2,zh-TW,true,,false,false,0,0.0,0.0
U028588,airport_150,2025-10-12 23:36:00+08,B008411,2025-10-18 23:36:00+08,Korea,T1,ko,true,,false,false,0,0.0,0.0
U005664,bundle_100_100,2025-10-23 06:00:00+08,B002725,2025-10-26 06:00:00+08,Singapore,T2,en,true,,false,false,0,0.0,0.0
U007251,airport_150,2025-10-01 06:25:00+08,B012046,2025-10-04 06:25:00+08,Singapore,T2,zh-TW,true,,false,false,0,0.0,0.0
U026828,bundle_100_100,2025-09-24 15:55:00+08,B000292,2025-09-25 15:55:00+08,Korea,T2,ko,true,,false,false,0,0.0,0.0
U012775,airport_150,2025-10-13 22:02:00+08,B001199,2025-10-16 22:02:00+08,Hong Kong,T2,ja,true,,false,false,0,0.0,0.0
U016670,airport_150,2025-10-08 06:42:00+08,B009314,2025-10-12 06:42:00+08,Japan,T1,zh-TW,true,,false,false,0,0.0,0.0
U020197,airport_150,2025-09-03 09:52:00+08,B004188,2025-09-08 09:52:00+08,Singapore,T2,ja,true,,false,false,0,0.0,0.0
U028529,airport_150,2025-10-16 09:44:00+08,B003757,2025-10-22 09:44:00+08,Japan,T2,ja,true,,false,false,0,0.0,0.0
U001348,airport_150,2025-10-03 07:10:00+08,B011045,2025-10-05 07:10:00+08,USA,T1,ko,true,,false,false,0,0.0,0.0
U008806,bundle_100_100,2025-10-08 23:23:00+08,B011365,2025-10-10 23:23:00+08,USA,T2,ja,true,,false,false,0,0.0,0.0
U017456,airport_150,2025-09-12 09:05:00+08,B010439,2025-09-16 09:05:00+08,Hong Kong,T1,en,true,,false,false,0,0.0,0.0
U017161,bundle_100_100,2025-09-13 22:09:00+08,B002105,2025-09-15 22:09:00+08,Japan,T2,ja,true,,false,false,0,0.0,0.0
U007029,control,2025-09-16 01:11:00+08,B015277,2025-09-21 01:11:00+08,USA,T1,zh-TW,true,,false,false,0,0.0,0.0
U029944,airport_150,2025-10-04 17:52:00+08,B008511,2025-10-10 17:52:00+08,USA,T2,zh-TW,true,,false,false,0,0.0,0.0
U017776,airport_150,2025-09-23 05:02:00+08,B010562,2025-09-28 05:02:00+08,Singapore,T1,ja,true,,false,false,0,0.0,0.0
U027995,bundle_100_100,2025-10-12 09:53:00+08,B014985,2025-10-14 09:53:00+08,Hong Kong,T1,ja,true,,false,false,0,0.0,0.0
U001979,bundle_100_100,2025-09-13 08:16:00+08,B014160,2025-09-19 08:16:00+08,Singapore,T1,ja,true,,false,false,0,0.0,0.0
U021005,bundle_100_100,2025-10-14 08:40:00+08,B006650,2025-10-15 08:40:00+08,Singapore,T2,zh-TW,true,,false,false,0,0.0,0.0
U010822,airport_150,2025-09-16 06:02:00+08,B016884,2025-09-20 06:02:00+08,Korea,T1,zh-TW,true,,false,false,0,0.0,0.0
U017461,bundle_100_100,2025-09-19 06:22:00+08,B010992,2025-09-24 06:22:00+08,Thailand,T2,en,true,,false,false,0,0.0,0.0
U007289,airport_150,2025-09-13 01:02:00+08,B015540,2025-09-19 01:02:00+08,Singapore,T1,en,true,,false,false,0,0.0,0.0
U007944,bundle_100_100,2025-10-11 06:30:00+08,B015773,2025-10-16 06:30:00+08,Singapore,T2,ko,true,,false,false,0,0.0,0.0
U008975,airport_150,2025-09-13 23:16:00+08,B006184,2025-09-14 23:16:00+08,Korea,T1,ja,true,,false,false,0,0.0,0.0
U019128,airport_150,2025-09-16 23:37:00+08,B006187,2025-09-19 23:37:00+08,Thailand,T2,zh-TW,true,,false,false,0,0.0,0.0
U011432,control,2025-10-03 20:32:00+08,B016600,2025-10-06 20:32:00+08,Thailand,T2,zh-TW,true,,false,false,0,0.0,0.0
U014755,airport_150,2025-09-28 07:55:00+08,B000714,2025-10-03 07:55:00+08,Japan,T2,ko,true,,false,false,0,0.0,0.0
U023946,bundle_100_100,2025-09-13 21:48:00+08,B008422,2025-09-14 21:48:00+08,Hong Kong,T2,ja,true,,false,false,0,0.0,0.0
U004923,airport_150,2025-09-23 07:30:00+08,B000760,2025-09-28 07:30:00+08,Korea,T1,ja,true,,false,false,0,0.0,0.0
U016941,bundle_100_100,2025-09-28 06:24:00+08,B014630,2025-10-03 06:24:00+08,Korea,T1,zh-TW,true,,false,false,0,0.0,0.0
U004296,bundle_100_100,2025-09-24 07:13:00+08,B012984,2025-09-25 07:13:00+08,Hong Kong,T2,zh-TW,true,,false,false,0,0.0,0.0
U019155,airport_150,2025-10-09 06:36:00+08,B017608,2025-10-13 06:36:00+08,Thailand,T2,zh-TW,true,,false,false,0,0.0,0.0
U021642,airport_150,2025-09-08 06:46:00+08,B012597,2025-09-12 06:46:00+08,Korea,T1,zh-TW,true,,false,false,0,0.0,0.0
U025829,airport_150,2025-09-16 22:11:00+08,B004215,2025-09-22 22:11:00+08,USA,T2,en,true,,false,false,0,0.0,0.0
U022054,bundle_100_100,2025-09-20 01:56:00+08,B011661,2025-09-23 01:56:00+08,USA,T1,ja,true,,false,false,0,0.0,0.0
U005633,airport_150,2025-09-27 01:33:00+08,B000844,2025-09-29 01:33:00+08,USA,T1,ko,true,,false,false,0,0.0,0.0
U028001,airport_150,2025-09-13 07:03:00+08,B004800,2025-09-16 07:03:00+08,Hong Kong,T1,ko,true,,false,false,0,0.0,0.0
U012596,airport_150,2025-09-09 06:21:00+08,B011116,2025-09-13 06:21:00+08,Thailand,T2,zh-TW,true,,false,false,0,0.0,0.0
U016929,airport_150,2025-09-09 09:46:00+08,B002026,2025-09-13 09:46:00+08,USA,T1,ja,true,,false,false,0,0.0,0.0
U008276,bundle_100_100,2025-09-05 17:12:00+08,B007171,2025-09-06 17:12:00+08,USA,T1,ko,true,,false,false,0,0.0,0.0
U010088,airport_150,2025-09-06 05:19:00+08,B017426,2025-09-07 05:19:00+08,Singapore,T1,zh-TW,true,,false,false,0,0.0,0.0
U014815,airport_150,2025-09-08 10:03:00+08,B006279,2025-09-10 10:03:00+08,Singapore,T1,ja,true,,false,false,0,0.0,0.0
U025461,control,2025-09-23 05:00:00+08,B003643,2025-09-28 05:00:00+08,Thailand,T1,ja,true,,false,false,0,0.0,0.0
U011075,bundle_100_100,2025-10-06 12:04:00+08,B005889,2025-10-09 12:04:00+08,Korea,T1,ja,true,,false,false,0,0.0,0.0
U007560,airport_150,2025-09-12 11:26:00+08,B000673,2025-09-16 11:26:00+08,Japan,T1,ja,true,,false,false,0,0.0,0.0
U014489,airport_150,2025-10-14 13:07:00+08,B014516,2025-10-16 13:07:00+08,USA,T1,en,true,,false,false,0,0.0,0.0
U023912,bundle_100_100,2025-09-27 15:44:00+08,B003488,2025-10-01 15:44:00+08,Singapore,T1,ja,true,,false,false,1,240.6,0.0
U027815,airport_150,2025-09-23 17:20:00+08,B006282,2025-09-29 17:20:00+08,Korea,T1,zh-TW,true,,false,false,0,0.0,0.0
U023289,bundle_100_100,2025-10-11 06:46:00+08,B008671,2025-10-17 06:46:00+08,Singapore,T1,en,true,,false,false,0,0.0,0.0
U026939,bundle_100_100,2025-09-05 23:31:00+08,B004926,2025-09-11 23:31:00+08,Singapore,T1,ko,true,,false,false,0,0.0,0.0
U002687,bundle_100_100,2025-10-02 08:33:00+08,B007879,2025-10-05 08:33:00+08,USA,T2,zh-TW,true,,false,false,0,0.0,0.0
U003759,bundle_100_100,2025-09-30 18:06:00+08,B014400,2025-10-01 18:06:00+08,Thailand,T2,ja,true,,false,false,0,0.0,0.0
U000229,bundle_100_100,2025-09-16 05:35:00+08,B017478,2025-09-18 05:35:00+08,Korea,T1,en,true,,false,false,0,0.0,0.0
U017803,airport_150,2025-09-08 11:23:00+08,B006791,2025-09-10 11:23:00+08,Thailand,T1,ko,true,,false,false,0,0.0,0.0
U029475,airport_150,2025-09-16 08:11:00+08,B011909,2025-09-17 08:11:00+08,Singapore,T2,en,true,,false,false,0,0.0,0.0
U000480,bundle_100_100,2025-09-14 05:43:00+08,B012574,2025-09-18 05:43:00+08,Singapore,T1,zh-TW,true,,false,false,0,0.0,0.0
U021033,airport_150,2025-10-05 21:12:00+08,B002495,2025-10-07 21:12:00+08,USA,T1,ko,true,,false,false,0,0.0,0.0
U026024,bundle_100_100,2025-10-03 08:48:00+08,B016037,2025-10-09 08:48:00+08,Thailand,T1,ja,true,,false,false,0,0.0,0.0
U026039,airport_150,2025-09-03 12:38:00+08,B006252,2025-09-05 12:38:00+08,Japan,T1,ja,true,,false,false,0,0.0,0.0
U010383,airport_150,2025-09-29 15:40:00+08,B004395,2025-10-01 15:40:00+08,Japan,T2,ko,true,,false,false,0,0.0,0.0
U014722,bundle_100_100,2025-09-06 12:13:00+08,B010286,2025-09-07 12:13:00+08,Thailand,T2,ko,true,,false,false,0,0.0,0.0
U024960,airport_150,2025-10-03 07:33:00+08,B005666,2025-10-08 07:33:00+08,Japan,T1,zh-TW,true,,false,false,0,0.0,0.0
U014561,bundle_100_100,2025-10-16 06:24:00+08,B013045,2025-10-17 06:24:00+08,Japan,T2,ja,true,,false,false,0,0.0,0.0
U008617,bundle_100_100,2025-09-15 05:40:00+08,B000640,2025-09-17 05:40:00+08,USA,T2,zh-TW,true,,false,false,0,0.0,0.0
U004651,bundle_100_100,2025-10-08 06:00:00+08,B005784,2025-10-14 06:00:00+08,Singapore,T1,ja,true,,false,false,1,255.29999999999998,0.0
U007527,airport_150,2025-10-09 17:14:00+08,B009066,2025-10-11 17:14:00+08,Hong Kong,T1,zh-TW,true,,false,false,0,0.0,0.0
U015010,bundle_100_100,2025-09-24 22:00:00+08,B007238,2025-09-25 22:00:00+08,Thailand,T1,en,true,,false,false,0,0.0,0.0
U024575,airport_150,2025-09-09 08:24:00+08,B016939,2025-09-11 08:24:00+08,Korea,T1,ko,true,,false,false,0,0.0,0.0
U020032,bundle_100_100,2025-10-10 21:05:00+08,B009000,2025-10-16 21:05:00+08,Thailand,T1,en,true,,false,false,0,0.0,0.0
U007482,airport_150,2025-10-04 08:55:00+08,B010280,2025-10-09 08:55:00+08,USA,T2,ko,true,,false,false,1,89.39999999999999,0.0
U027081,bundle_100_100,2025-09-09 15:03:00+08,B011797,2025-09-10 15:03:00+08,Korea,T1,ko,true,,false,false,0,0.0,0.0
U007505,control,2025-10-09 22:05:00+08,B008581,2025-10-10 22:05:00+08,Hong Kong,T1,zh-TW,true,,false,false,1,186.6,0.0
U016550,airport_150,2025-10-04 21:26:00+08,B010625,2025-10-10 21:26:00+08,USA,T1,ko,true,,false,false,0,0.0,0.0
U010331,bundle_100_100,2025-09-01 06:01:00+08,B010422,2025-09-07 06:01:00+08,Hong Kong,T2,ko,true,,false,false,0,0.0,0.0
U000788,bundle_100_100,2025-09-20 13:23:00+08,B006210,2025-09-23 13:23:00+08,Thailand,T1,en,true,,false,false,0,0.0,0.0
U004997,airport_150,2025-09-03 17:10:00+08,B005125,2025-09-08 17:10:00+08,Japan,T1,ko,true,,false,false,0,0.0,0.0
U025078,control,2025-09-08 04:07:00+08,B002720,2025-09-11 04:07:00+08,USA,T1,ja,true,,false,false,0,0.0,0.0
U017592,bundle_100_100,2025-09-17 09:31:00+08,B003044,2025-09-20 09:31:00+08,Japan,T2,ko,true,,false,false,0,0.0,0.0
U018988,airport_150,2025-09-08 04:00:00+08,B002300,2025-09-10 04:00:00+08,Japan,T1,en,true,,false,false,0,0.0,0.0
U029524,airport_150,2025-09-09 23:56:00+08,B006443,2025-09-13 23:56:00+08,Singapore,T1,ko,true,,false,false,0,0.0,0.0
U019708,airport_150,2025-09-28 22:48:00+08,B012569,2025-10-04 22:48:00+08,Singapore,T1,zh-TW,true,,false,false,0,0.0,0.0
U013460,airport_150,2025-10-07 22:59:00+08,B001497,2025-10-09 22:59:00+08,USA,T1,ko,true,,false,false,0,0.0,0.0
U002835,airport_150,2025-10-17 02:29:00+08,B004885,2025-10-18 02:29:00+08,Japan,T2,ja,true,,false,false,0,0.0,0.0
U003695,bundle_100_100,2025-10-07 16:29:00+08,B007301,2025-10-13 16:29:00+08,Thailand,T1,en,true,,false,false,0,0.0,0.0
U008343,airport_150,2025-09-22 23:48:00+08,B007830,2025-09-23 23:48:00+08,Hong Kong,T1,ja,true,,false,false,0,0.0,0.0
U023481,airport_150,2025-10-07 12:10:00+08,B015775,2025-10-12 12:10:00+08,USA,T1,ja,true,,false,false,0,0.0,0.0
U012002,bundle_100_100,2025-10-19 05:03:00+08,B002152,2025-10-22 05:03:00+08,Hong Kong,T2,ja,true,,false,false,0,0.0,0.0
U023364,bundle_100_100,2025-10-03 21:58:00+08,B003699,2025-10-04 21:58:00+08,USA,T1,en,true,,false,false,0,0.0,0.0
U005125,airport_150,2025-10-19 20:29:00+08,B015160,2025-10-23 20:29:00+08,USA,T1,zh-TW,true,,false,false,0,0.0,0.0
U023196,bundle_100_100,2025-10-16 21:02:00+08,B014616,2025-10-22 21:02:00+08,Singapore,T2,ja,true,,false,false,0,0.0,0.0
U008199,airport_150,2025-09-14 02:20:00+08,B015583,2025-09-20 02:20:00+08,Korea,T2,ja,true,,false,false,0,0.0,0.0
U001161,bundle_100_100,2025-10-18 03:59:00+08,B008029,2025-10-20 03:59:00+08,Singapore,T1,en,true,,false,false,1,91.5,0.0
U011168,bundle_100_100,2025-10-10 08:06:00+08,B013327,2025-10-13 08:06:00+08,USA,T2,ja,true,,false,false,0,0.0,0.0
U011132,bundle_100_100,2025-09-10 05:55:00+08,B011780,2025-09-11 05:55:00+08,Thailand,T1,en,true,,false,false,1,54.6,0.0
U002100,bundle_100_100,2025-09-02 14:46:00+08,B013813,2025-09-04 14:46:00+08,Japan,T2,ko,true,,false,false,0,0.0,0.0
U010389,control,2025-09-07 21:05:00+08,B002994,2025-09-12 21:05:00+08,Japan,T2,ko,true,,false,false,0,0.0,0.0
U001980,bundle_100_100,2025-09-17 20:23:00+08,B014256,2025-09-20 20:23:00+08,Singapore,T2,ja,true,,false,false,0,0.0,0.0
U007512,bundle_100_100,2025-10-02 22:35:00+08,B014121,2025-10-04 22:35:00+08,Hong Kong,T1,en,true,,false,false,1,272.09999999999997,0.0
U010181,control,2025-09-05 08:01:00+08,B009436,2025-09-07 08:01:00+08,Thailand,T2,en,true,,false,false,0,0.0,0.0
U013082,airport_150,2025-09-23 21:28:00+08,B005823,2025-09-29 21:28:00+08,Singapore,T2,en,true,,false,false,0,0.0,0.0
U001102,airport_150,2025-09-10 05:51:00+08,B001418,2025-09-14 05:51:00+08,USA,T1,ja,true,,false,false,0,0.0,0.0
U013424,airport_150,2025-09-07 23:51:00+08,B002913,2025-09-12 23:51:00+08,Singapore,T1,ko,true,,false,false,0,0.0,0.0
U016942,bundle_100_100,2025-10-02 01:28:00+08,B001579,2025-10-07 01:28:00+08,USA,T1,en,true,,false,false,0,0.0,0.0
U001690,airport_150,2025-10-19 03:36:00+08,B013878,2025-10-21 03:36:00+08,Thailand,T2,en,true,,false,false,0,0.0,0.0
U008689,airport_150,2025-09-14 23:01:00+08,B003099,2025-09-20 23:01:00+08,Singapore,T2,en,true,,false,false,0,0.0,0.0
U023147,airport_150,2025-09-27 23:24:00+08,B004710,2025-10-02 23:24:00+08,Singapore,T2,ko,true,,false,false,0,0.0,0.0
U001977,control,2025-09-10 22:48:00+08,B009091,2025-09-12 22:48:00+08,Singapore,T1,ja,true,,false,false,0,0.0,0.0
U012043,control,2025-09-11 20:50:00+08,B017615,2025-09-15 20:50:00+08,Singapore,T1,ko,true,,false,false,0,0.0,0.0
U020806,bundle_100_100,2025-09-17 16:15:00+08,B002791,2025-09-22 16:15:00+08,Korea,T1,zh-TW,true,,false,false,0,0.0,0.0
U023166,airport_150,2025-09-07 22:49:00+08,B017766,2025-09-12 22:49:00+08,Japan,T2,zh-TW,true,,false,false,0,0.0,0.0
U025178,bundle_100_100,2025-10-01 21:42:00+08,B016469,2025-10-05 21:42:00+08,Hong Kong,T2,ja,true,,false,false,0,0.0,0.0
U025141,bundle_100_100,2025-09-20 00:55:00+08,B004661,2025-09-24 00:55:00+08,Korea,T1,ko,true,,false,false,0,0.0,0.0
U002096,airport_150,2025-10-17 22:41:00+08,B012846,2025-10-20 22:41:00+08,Thailand,T1,en,true,,false,false,0,0.0,0.0
U026723,bundle_100_100,2025-10-07 00:04:00+08,B003022,2025-10-13 00:04:00+08,Hong Kong,T2,ko,true,,false,false,0,0.0,0.0
U011275,airport_150,2025-10-16 09:46:00+08,B013562,2025-10-18 09:46:00+08,USA,T2,zh-TW,true,,false,false,0,0.0,0.0
U009454,bundle_100_100,2025-10-10 05:01:00+08,B013613,2025-10-15 05:01:00+08,Hong Kong,T1,ko,true,,false,false,0,0.0,0.0
U016566,bundle_100_100,2025-10-12 23:47:00+08,B015498,2025-10-13 23:47:00+08,USA,T2,en,true,,false,false,0,0.0,0.0
U027826,bundle_100_100,2025-10-11 03:33:00+08,B001892,2025-10-12 03:33:00+08,USA,T2,ko,true,,false,false,0,0.0,0.0
U017364,airport_150,2025-09-15 11:53:00+08,B016269,2025-09-20 11:53:00+08,Thailand,T2,zh-TW,true,,false,false,0,0.0,0.0
U019889,bundle_100_100,2025-10-13 07:30:00+08,B013865,2025-10-17 07:30:00+08,USA,T1,ja,true,,false,false,0,0.0,0.0
U022997,bundle_100_100,2025-10-17 23:37:00+08,B002911,2025-10-22 23:37:00+08,Singapore,T2,zh-TW,true,,false,false,0,0.0,0.0
U023077,airport_150,2025-10-15 16:48:00+08,B004444,2025-10-18 16:48:00+08,USA,T2,ja,true,,false,false,0,0.0,0.0
U004899,airport_150,2025-09-15 10:31:00+08,B001251,2025-09-18 10:31:00+08,Korea,T2,ko,true,,false,false,0,0.0,0.0
U028097,bundle_100_100,2025-09-19 07:44:00+08,B007010,2025-09-20 07:44:00+08,Hong Kong,T2,ja,true,,false,false,0,0.0,0.0
U011545,airport_150,2025-09-13 22:56:00+08,B016845,2025-09-19 22:56:00+08,Singapore,T1,zh-TW,true,,false,false,0,0.0,0.0
U017282,bundle_100_100,2025-09-10 22:17:00+08,B017968,2025-09-12 22:17:00+08,Hong Kong,T1,en,true,,false,false,0,0.0,0.0
U017588,bundle_100_100,2025-09-30 01:18:00+08,B006545,2025-10-03 01:18:00+08,Singapore,T1,ja,true,,false,false,0,0.0,0.0
U003487,bundle_100_100,2025-10-12 05:34:00+08,B005957,2025-10-18 05:34:00+08,Hong Kong,T2,zh-TW,true,,false,false,0,0.0,0.0
U009954,airport_150,2025-10-14 02:57:00+08,B001712,2025-10-15 02:57:00+08,Singapore,T2,ko,true,,false,false,0,0.0,0.0
U027394,airport_150,2025-09-26 05:25:00+08,B007294,2025-09-27 05:25:00+08,Hong Kong,T2,zh-TW,true,,false,false,0,0.0,0.0
U027542,airport_150,2025-09-24 06:33:00+08,B015070,2025-09-29 06:33:00+08,Korea,T1,zh-TW,true,,false,false,0,0.0,0.0
U021803,airport_150,2025-10-03 09:06:00+08,B012532,2025-10-06 09:06:00+08,Thailand,T1,ko,true,,false,false,0,0.0,0.0
U002430,airport_150,2025-10-06 23:40:00+08,B013697,2025-10-11 23:40:00+08,Hong Kong,T2,ko,true,,false,false,0,0.0,0.0
U006799,airport_150,2025-09-13 13:24:00+08,B013461,2025-09-17 13:24:00+08,Korea,T1,en,true,,false,false,0,0.0,0.0
U026724,airport_150,2025-10-03 23:02:00+08,B004540,2025-10-06 23:02:00+08,Thailand,T1,en,true,,false,false,0,0.0,0.0
U008756,bundle_100_100,2025-09-01 21:37:00+08,B015010,2025-09-06 21:37:00+08,Thailand,T2,zh-TW,true,,false,false,0,0.0,0.0
U010794,control,2025-09-27 20:43:00+08,B007920,2025-09-29 20:43:00+08,Japan,T1,ja,true,,false,false,0,0.0,0.0
U000927,bundle_100_100,2025-09-16 11:42:00+08,B016366,2025-09-19 11:42:00+08,Singapore,T2,en,true,,false,false,0,0.0,0.0
U007977,control,2025-09-05 07:08:00+08,B002180,2025-09-08 07:08:00+08,Thailand,T2,ja,true,,false,false,0,0.0,0.0
U012007,bundle_100_100,2025-10-13 22:54:00+08,B009353,2025-10-19 22:54:00+08,Thailand,T1,ja,true,,false,false,0,0.0,0.0
U001065,bundle_100_100,2025-09-19 07:45:00+08,B014385,2025-09-22 07:45:00+08,Hong Kong,T1,en,true,,false,false,0,0.0,0.0
U002648,airport_150,2025-10-09 15:48:00+08,B009572,2025-10-15 15:48:00+08,Japan,T1,en,true,,false,false,0,0.0,0.0
U006524,bundle_100_100,2025-10-02 23:25:00+08,B013718,2025-10-07 23:25:00+08,Singapore,T1,ja,true,,false,false,0,0.0,0.0
U012696,bundle_100_100,2025-09-16 21:29:00+08,B003170,2025-09-20 21:29:00+08,Korea,T1,ja,true,,false,false,0,0.0,0.0
U014841,airport_150,2025-09-28 07:20:00+08,B009120,2025-10-01 07:20:00+08,Korea,T2,en,true,,false,false,0,0.0,0.0
U007228,bundle_100_100,2025-10-21 23:49:00+08,B012290,2025-10-25 23:49:00+08,Singapore,T2,ja,true,,false,false,0,0.0,0.0
U020366,airport_150,2025-09-06 05:51:00+08,B007207,2025-09-07 05:51:00+08,Japan,T2,zh-TW,true,,false,false,0,0.0,0.0
U023398,airport_150,2025-10-08 05:53:00+08,B001342,2025-10-12 05:53:00+08,USA,T1,ja,true,,false,false,0,0.0,0.0
U006655,airport_150,2025-10-09 23:13:00+08,B015088,2025-10-14 23:13:00+08,Korea,T2,ja,true,,false,false,0,0.0,0.0
U009134,bundle_100_100,2025-10-23 14:28:00+08,B003751,2025-10-24 14:28:00+08,Japan,T1,zh-TW,true,,false,false,0,0.0,0.0
U012318,bundle_100_100,2025-09-04 11:44:00+08,B005305,2025-09-09 11:44:00+08,USA,T1,zh-TW,true,,false,false,0,0.0,0.0
U003780,airport_150,2025-09-18 08:39:00+08,B014584,2025-09-24 08:39:00+08,Japan,T1,en,true,,false,false,0,0.0,0.0
U005632,airport_150,2025-10-16 08:26:00+08,B014236,2025-10-19 08:26:00+08,Japan,T2,ko,true,,false,false,0,0.0,0.0
U012169,bundle_100_100,2025-10-02 07:08:00+08,B010563,2025-10-06 07:08:00+08,Korea,T1,en,true,,false,false,0,0.0,0.0
U027276,bundle_100_100,2025-09-08 18:02:00+08,B001441,2025-09-13 18:02:00+08,Singapore,T1,ko,true,,false,false,0,0.0,0.0
U004590,airport_150,2025-10-17 06:18:00+08,B015992,2025-10-23 06:18:00+08,USA,T1,en,true,,false,false,0,0.0,0.0
U011853,airport_150,2025-10-21 21:27:00+08,B005170,2025-10-25 21:27:00+08,USA,T2,ja,true,,false,false,0,0.0,0.0
U029925,bundle_100_100,2025-10-08 21:45:00+08,B012700,2025-10-12 21:45:00+08,USA,T2,en,true,,false,false,0,0.0,0.0
U004184,bundle_100_100,2025-10-07 23:10:00+08,B001692,2025-10-11 23:10:00+08,USA,T2,ko,true,,false,false,0,0.0,0.0
U020410,airport_150,2025-10-12 06:53:00+08,B010208,2025-10-13 06:53:00+08,Hong Kong,T1,ja,true,,false,false,0,0.0,0.0
U016200,airport_150,2025-09-25 00:12:00+08,B016507,2025-09-29 00:12:00+08,Thailand,T1,en,true,,false,false,0,0.0,0.0
U026275,airport_150,2025-09-05 06:47:00+08,B006675,2025-09-09 06:47:00+08,Japan,T1,ja,true,,false,false,0,0.0,0.0
U028089,bundle_100_100,2025-10-05 05:27:00+08,B007347,2025-10-07 05:27:00+08,Hong Kong,T1,ja,true,,false,false,0,0.0,0.0
U004769,control,2025-10-13 21:55:00+08,B016256,2025-10-16 21:55:00+08,Thailand,T2,zh-TW,true,,false,false,0,0.0,0.0
U011783,bundle_100_100,2025-09-29 07:23:00+08,B008528,2025-10-05 07:23:00+08,USA,T1,zh-TW,true,,false,false,0,0.0,0.0
U024437,bundle_100_100,2025-10-17 23:03:00+08,B016645,2025-10-20 23:03:00+08,Thailand,T1,ko,true,,false,false,0,0.0,0.0
U027447,bundle_100_100,2025-10-12 05:08:00+08,B014004,2025-10-14 05:08:00+08,Thailand,T1,en,true,,false,false,0,0.0,0.0
U016837,bundle_100_100,2025-10-10 20:25:00+08,B010144,2025-10-15 20:25:00+08,Thailand,T2,en,true,,false,false,0,0.0,0.0
U005004,bundle_100_100,2025-10-07 07:27:00+08,B007746,2025-10-13 07:27:00+08,Singapore,T1,ko,true,,false,false,0,0.0,0.0
U024024,airport_150,2025-09-02 14:08:00+08,B000898,2025-09-08 14:08:00+08,Korea,T1,ja,true,,false,false,0,0.0,0.0
U025089,airport_150,2025-10-03 07:27:00+08,B007469,2025-10-04 07:27:00+08,Hong Kong,T1,ko,true,,false,false,0,0.0,0.0
U004652,bundle_100_100,2025-10-05 16:56:00+08,B015652,2025-10-11 16:56:00+08,USA,T2,zh-TW,true,,false,false,0,0.0,0.0
U020597,bundle_100_100,2025-09-23 00:19:00+08,B010630,2025-09-26 00:19:00+08,Thailand,T2,zh-TW,true,,false,false,0,0.0,0.0
U028023,bundle_100_100,2025-10-07 20:48:00+08,B017321,2025-10-08 20:48:00+08,Japan,T1,ja,true,,false,false,0,0.0,0.0
U001723,bundle_100_100,2025-10-11 08:53:00+08,B009664,2025-10-14 08:53:00+08,Japan,T2,en,true,,false,false,0,0.0,0.0
U013226,airport_150,2025-10-25 20:35:00+08,B002545,2025-10-26 20:35:00+08,USA,T1,ko,true,,false,false,0,0.0,0.0
U018226,airport_150,2025-09-25 08:20:00+08,B012693,2025-09-28 08:20:00+08,Singapore,T2,zh-TW,true,,false,false,0,0.0,0.0
U027948,bundle_100_100,2025-10-05 09:04:00+08,B016891,2025-10-08 09:04:00+08,Singapore,T1,en,true,,false,false,0,0.0,0.0
U009646,airport_150,2025-09-17 08:08:00+08,B002365,2025-09-19 08:08:00+08,Korea,T2,ko,true,,false,false,0,0.0,0.0
U011585,bundle_100_100,2025-09-02 15:17:00+08,B001371,2025-09-04 15:17:00+08,Thailand,T2,ja,true,,false,false,0,0.0,0.0
U019542,airport_150,2025-09-09 05:09:00+08,B005352,2025-09-10 05:09:00+08,Singapore,T1,en,true,,false,false,0,0.0,0.0
U019914,airport_150,2025-10-14 22:10:00+08,B005793,2025-10-20 22:10:00+08,Hong Kong,T2,ko,true,,false,false,0,0.0,0.0
U022327,airport_150,2025-10-09 20:44:00+08,B000359,2025-10-15 20:44:00+08,Hong Kong,T1,ja,true,,false,false,0,0.0,0.0
U029394,airport_150,2025-09-01 20:05:00+08,B014181,2025-09-06 20:05:00+08,Korea,T2,en,true,,false,false,0,0.0,0.0
U009050,bundle_100_100,2025-10-22 08:17:00+08,B016063,2025-10-25 08:17:00+08,Korea,T1,zh-TW,true,,false,false,0,0.0,0.0
U004369,bundle_100_100,2025-09-01 00:44:00+08,B007494,2025-09-06 00:44:00+08,Singapore,T2,zh-TW,true,,false,false,0,0.0,0.0
U015157,control,2025-10-08 06:00:00+08,B013199,2025-10-10 06:00:00+08,Hong Kong,T1,ja,true,,false,false,0,0.0,0.0
U026606,bundle_100_100,2025-09-11 11:34:00+08,B009363,2025-09-12 11:34:00+08,Thailand,T1,ko,true,,false,false,0,0.0,0.0
U026755,bundle_100_100,2025-09-19 05:56:00+08,B016223,2025-09-23 05:56:00+08,Singapore,T1,en,true,,false,false,0,0.0,0.0
U019929,bundle_100_100,2025-09-09 21:01:00+08,B002127,2025-09-13 21:01:00+08,USA,T2,ja,true,,false,false,0,0.0,0.0
U012576,bundle_100_100,2025-09-07 21:00:00+08,B004327,2025-09-13 21:00:00+08,Singapore,T2,ko,true,,false,false,0,0.0,0.0
U015839,bundle_100_100,2025-10-03 22:30:00+08,B002188,2025-10-05 22:30:00+08,Singapore,T1,zh-TW,true,,false,false,0,0.0,0.0
U013106,airport_150,2025-10-15 09:39:00+08,B001115,2025-10-19 09:39:00+08,USA,T1,zh-TW,true,,false,false,0,0.0,0.0
U018185,airport_150,2025-10-06 20:47:00+08,B007799,2025-10-10 20:47:00+08,Thailand,T2,ko,true,,false,false,0,0.0,0.0
U018827,airport_150,2025-09-11 06:37:00+08,B017554,2025-09-13 06:37:00+08,Korea,T2,ja,true,,false,false,0,0.0,0.0
U028260,bundle_100_100,2025-10-14 21:20:00+08,B002738,2025-10-19 21:20:00+08,Singapore,T2,en,true,,false,false,0,0.0,0.0
U018849,control,2025-10-14 06:19:00+08,B016263,2025-10-16 06:19:00+08,Korea,T1,ja,true,,false,false,0,0.0,0.0
U003220,bundle_100_100,2025-10-05 03:00:00+08,B003298,2025-10-06 03:00:00+08,Thailand,T2,zh-TW,true,,false,false,0,0.0,0.0
U026615,bundle_100_100,2025-09-02 01:57:00+08,B017768,2025-09-08 01:57:00+08,Singapore,T1,ja,true,,false,false,0,0.0,0.0
U027817,airport_150,2025-10-04 09:14:00+08,B011526,2025-10-10 09:14:00+08,USA,T2,ja,true,,false,false,0,0.0,0.0
U023684,airport_150,2025-10-21 20:45:00+08,B012327,2025-10-23 20:45:00+08,USA,T2,en,true,,false,false,0,0.0,0.0
U004365,bundle_100_100,2025-09-01 22:09:00+08,B016050,2025-09-05 22:09:00+08,Singapore,T2,en,true,,false,false,0,0.0,0.0
U007887,control,2025-09-06 22:30:00+08,B012924,2025-09-08 22:30:00+08,Japan,T1,en,true,,false,false,0,0.0,0.0
U011980,airport_150,2025-09-09 19:28:00+08,B016017,2025-09-13 19:28:00+08,Thailand,T2,ko,true,,false,false,0,0.0,0.0
U014880,airport_150,2025-09-24 11:14:00+08,B015408,2025-09-28 11:14:00+08,Thailand,T2,ja,true,,false,false,0,0.0,0.0
U028246,bundle_100_100,2025-10-03 09:49:00+08,B002630,2025-10-09 09:49:00+08,Korea,T2,en,true,,false,false,0,0.0,0.0
U015858,airport_150,2025-10-21 17:18:00+08,B010135,2025-10-23 17:18:00+08,Korea,T1,ko,true,,false,false,0,0.0,0.0
U006269,airport_150,2025-10-21 08:52:00+08,B001085,2025-10-26 08:52:00+08,Japan,T1,ja,true,,false,false,0,0.0,0.0
U001003,airport_150,2025-09-01 08:57:00+08,B006767,2025-09-03 08:57:00+08,Japan,T2,ja,true,,false,false,0,0.0,0.0
U003225,airport_150,2025-10-02 05:32:00+08,B008809,2025-10-05 05:32:00+08,Japan,T1,ja,true,,false,false,0,0.0,0.0
U012190,control,2025-09-27 13:44:00+08,B012368,2025-09-30 13:44:00+08,Thailand,T1,zh-TW,true,,false,false,0,0.0,0.0
U002785,bundle_100_100,2025-09-29 19:41:00+08,B000801,2025-10-05 19:41:00+08,Singapore,T2,ko,true,,false,false,0,0.0,0.0
U028761,bundle_100_100,2025-09-21 07:34:00+08,B012065,2025-09-23 07:34:00+08,USA,T2,ja,true,,false,false,0,0.0,0.0
U013850,bundle_100_100,2025-09-10 06:08:00+08,B005452,2025-09-16 06:08:00+08,Japan,T2,ko,true,,false,false,0,0.0,0.0
U004373,bundle_100_100,2025-10-11 21:42:00+08,B003475,2025-10-14 21:42:00+08,Korea,T2,ja,true,,false,false,0,0.0,0.0
U014256,airport_150,2025-09-05 18:02:00+08,B011588,2025-09-08 18:02:00+08,Hong Kong,T2,ko,true,,false,false,0,0.0,0.0
U018342,airport_150,2025-10-16 01:00:00+08,B012004,2025-10-20 01:00:00+08,Hong Kong,T1,zh-TW,true,,false,false,0,0.0,0.0
U023747,bundle_100_100,2025-09-13 08:14:00+08,B008181,2025-09-17 08:14:00+08,USA,T1,ko,true,,false,false,0,0.0,0.0
U027184,airport_150,2025-10-04 10:50:00+08,B002440,2025-10-07 10:50:00+08,Korea,T2,en,true,,false,false,0,0.0,0.0
U010534,control,2025-10-13 22:44:00+08,B017015,2025-10-16 22:44:00+08,Hong Kong,T2,zh-TW,true,,false,false,0,0.0,0.0
U002798,bundle_100_100,2025-10-03 23:30:00+08,B005461,2025-10-04 23:30:00+08,Korea,T1,zh-TW,true,,false,false,0,0.0,0.0
U025537,bundle_100_100,2025-10-13 04:36:00+08,B006028,2025-10-19 04:36:00+08,Korea,T2,en,true,,false,false,0,0.0,0.0
U011129,airport_150,2025-09-11 07:10:00+08,B017584,2025-09-14 07:10:00+08,Singapore,T2,zh-TW,true,,false,false,0,0.0,0.0
U025362,airport_150,2025-09-05 05:14:00+08,B001809,2025-09-09 05:14:00+08,Singapore,T2,ko,true,,false,false,0,0.0,0.0
U003712,airport_150,2025-09-20 18:12:00+08,B006452,2025-09-25 18:12:00+08,Singapore,T2,ja,true,,false,false,0,0.0,0.0
U004689,bundle_100_100,2025-10-02 22:48:00+08,B000862,2025-10-08 22:48:00+08,Korea,T2,ko,true,,false,false,0,0.0,0.0
U015507,airport_150,2025-09-04 08:31:00+08,B010116,2025-09-05 08:31:00+08,Thailand,T1,en,true,,false,false,0,0.0,0.0
U024095,airport_150,2025-09-09 06:11:00+08,B009671,2025-09-14 06:11:00+08,Singapore,T1,en,true,,false,false,0,0.0,0.0
U025572,airport_150,2025-10-10 23:11:00+08,B011531,2025-10-14 23:11:00+08,Korea,T1,ko,true,,false,false,0,0.0,0.0
U005993,bundle_100_100,2025-09-27 05:16:00+08,B010312,2025-10-01 05:16:00+08,Thailand,T2,zh-TW,true,,false,false,0,0.0,0.0
U015687,airport_150,2025-09-02 22:23:00+08,B014130,2025-09-06 22:23:00+08,Singapore,T2,en,true,,false,false,0,0.0,0.0
U018414,airport_150,2025-10-18 20:07:00+08,B015036,2025-10-21 20:07:00+08,Hong Kong,T2,en,true,,false,false,0,0.0,0.0
U029765,airport_150,2025-10-08 16:42:00+08,B000514,2025-10-11 16:42:00+08,USA,T1,ko,true,,false,false,0,0.0,0.0
U013188,airport_150,2025-10-15 11:06:00+08,B002779,2025-10-20 11:06:00+08,Thailand,T1,zh-TW,true,,false,false,0,0.0,0.0
U025443,airport_150,2025-10-24 20:28:00+08,B005568,2025-10-25 20:28:00+08,Hong Kong,T2,ko,true,,false,false,0,0.0,0.0
U003144,bundle_100_100,2025-09-01 09:29:00+08,B003554,2025-09-05 09:29:00+08,USA,T2,zh-TW,true,,false,false,0,0.0,0.0
U011184,airport_150,2025-09-03 20:14:00+08,B000271,2025-09-09 20:14:00+08,USA,T2,en,true,,false,false,0,0.0,0.0
U004153,bundle_100_100,2025-09-11 00:48:00+08,B005904,2025-09-14 00:48:00+08,Thailand,T1,ja,true,,false,false,0,0.0,0.0
U009130,control,2025-10-15 20:03:00+08,B006331,2025-10-20 20:03:00+08,USA,T2,zh-TW,true,,false,false,0,0.0,0.0
U012890,bundle_100_100,2025-09-07 04:12:00+08,B017153,2025-09-12 04:12:00+08,Japan,T2,ja,true,,false,false,0,0.0,0.0
U014938,bundle_100_100,2025-10-23 05:15:00+08,B010521,2025-10-26 05:15:00+08,Korea,T1,en,true,,false,false,0,0.0,0.0
U000446,bundle_100_100,2025-09-11 05:16:00+08,B016012,2025-09-12 05:16:00+08,Hong Kong,T2,zh-TW,true,,false,false,0,0.0,0.0
U023577,bundle_100_100,2025-10-08 09:29:00+08,B002400,2025-10-12 09:29:00+08,Thailand,T1,ko,true,,false,false,0,0.0,0.0
U021553,bundle_100_100,2025-10-23 00:34:00+08,B007433,2025-10-25 00:34:00+08,USA,T1,ja,true,,false,false,0,0.0,0.0
U022874,airport_150,2025-10-05 19:28:00+08,B000352,2025-10-11 19:28:00+08,USA,T1,en,true,,false,false,0,0.0,0.0
U027807,bundle_100_100,2025-09-14 06:54:00+08,B005633,2025-09-15 06:54:00+08,USA,T1,en,true,,false,false,0,0.0,0.0
U029185,airport_150,2025-09-22 20:29:00+08,B013086,2025-09-26 20:29:00+08,USA,T2,ko,true,,false,false,0,0.0,0.0
U029829,bundle_100_100,2025-10-03 14:15:00+08,B009355,2025-10-09 14:15:00+08,Korea,T1,ja,true,,false,false,0,0.0,0.0
U004304,airport_150,2025-09-08 22:40:00+08,B016217,2025-09-13 22:40:00+08,Japan,T2,ja,true,,false,false,0,0.0,0.0
U025359,airport_150,2025-10-09 00:54:00+08,B016290,2025-10-10 00:54:00+08,Hong Kong,T1,ja,true,,false,false,0,0.0,0.0
U017809,bundle_100_100,2025-10-17 18:01:00+08,B005621,2025-10-18 18:01:00+08,Japan,T2,en,true,,false,false,0,0.0,0.0
U022726,bundle_100_100,2025-10-02 03:43:00+08,B007801,2025-10-04 03:43:00+08,Hong Kong,T1,ko,true,,false,false,0,0.0,0.0
U024978,bundle_100_100,2025-09-19 22:17:00+08,B015664,2025-09-25 22:17:00+08,USA,T2,ja,true,,false,false,0,0.0,0.0
U004758,bundle_100_100,2025-09-02 22:09:00+08,B002311,2025-09-04 22:09:00+08,Singapore,T2,en,true,,false,false,0,0.0,0.0
U011915,control,2025-10-10 08:11:00+08,B002367,2025-10-12 08:11:00+08,Hong Kong,T1,zh-TW,true,,false,false,0,0.0,0.0
U020113,airport_150,2025-10-04 20:49:00+08,B007025,2025-10-08 20:49:00+08,Japan,T1,ja,true,,false,false,0,0.0,0.0
U005758,bundle_100_100,2025-09-02 06:46:00+08,B009510,2025-09-06 06:46:00+08,USA,T2,ko,true,,false,false,0,0.0,0.0
U011985,control,2025-10-01 17:54:00+08,B012177,2025-10-06 17:54:00+08,Hong Kong,T2,en,true,,false,false,0,0.0,0.0
U014300,bundle_100_100,2025-10-13 15:49:00+08,B006950,2025-10-16 15:49:00+08,Thailand,T1,ja,true,,false,false,0,0.0,0.0
U004406,bundle_100_100,2025-09-04 17:31:00+08,B010822,2025-09-09 17:31:00+08,Singapore,T1,en,true,,false,false,0,0.0,0.0
U028123,bundle_100_100,2025-09-06 22:47:00+08,B001117,2025-09-11 22:47:00+08,Hong Kong,T2,en,true,,false,false,0,0.0,0.0
U001621,airport_150,2025-09-08 18:54:00+08,B003953,2025-09-10 18:54:00+08,Thailand,T2,ko,true,,false,false,0,0.0,0.0
U009647,control,2025-10-04 21:33:00+08,B009335,2025-10-07 21:33:00+08,Korea,T2,ko,true,,false,false,0,0.0,0.0
U009692,airport_150,2025-10-21 07:52:00+08,B007519,2025-10-24 07:52:00+08,Hong Kong,T2,ja,true,,false,false,0,0.0,0.0
U016276,control,2025-10-16 23:49:00+08,B008783,2025-10-17 23:49:00+08,Thailand,T1,ko,true,,false,false,0,0.0,0.0
U024091,bundle_100_100,2025-09-15 17:42:00+08,B005184,2025-09-19 17:42:00+08,Korea,T1,ja,true,,false,false,1,229.5,0.0
U003929,bundle_100_100,2025-10-04 04:35:00+08,B008903,2025-10-07 04:35:00+08,Hong Kong,T1,en,true,,false,false,1,252.6,0.0
U006569,airport_150,2025-10-17 22:32:00+08,B003941,2025-10-19 22:32:00+08,Hong Kong,T1,en,true,,false,false,0,0.0,0.0
U021102,bundle_100_100,2025-10-12 10:57:00+08,B013172,2025-10-16 10:57:00+08,Japan,T1,ko,true,,false,false,0,0.0,0.0
U003902,bundle_100_100,2025-10-03 09:32:00+08,B005377,2025-10-09 09:32:00+08,Japan,T1,ja,true,,false,false,0,0.0,0.0
U029281,bundle_100_100,2025-09-12 08:21:00+08,B003506,2025-09-14 08:21:00+08,Korea,T1,ko,true,,false,false,0,0.0,0.0
U010510,airport_150,2025-10-20 05:21:00+08,B006819,2025-10-21 05:21:00+08,USA,T2,ja,true,,false,false,0,0.0,0.0
U024651,bundle_100_100,2025-09-06 10:43:00+08,B005368,2025-09-11 10:43:00+08,Hong Kong,T1,en,true,,false,false,0,0.0,0.0
U020677,airport_150,2025-09-03 12:56:00+08,B013774,2025-09-09 12:56:00+08,Japan,T2,ko,true,,false,false,0,0.0,0.0
U017392,bundle_100_100,2025-10-11 09:58:00+08,B014542,2025-10-17 09:58:00+08,Hong Kong,T1,en,true,,false,false,0,0.0,0.0
U008230,control,2025-09-30 06:54:00+08,B003695,2025-10-02 06:54:00+08,Japan,T2,zh-TW,true,,false,false,0,0.0,0.0
U013450,airport_150,2025-10-14 06:43:00+08,B003753,2025-10-19 06:43:00+08,USA,T1,zh-TW,true,,false,false,0,0.0,0.0
U015054,bundle_100_100,2025-09-09 16:00:00+08,B015787,2025-09-11 16:00:00+08,Japan,T2,ko,true,,false,false,0,0.0,0.0
U002858,airport_150,2025-09-27 13:53:00+08,B013704,2025-10-02 13:53:00+08,Hong Kong,T1,ja,true,,false,false,0,0.0,0.0
U001649,airport_150,2025-10-20 06:57:00+08,B000576,2025-10-22 06:57:00+08,USA,T1,zh-TW,true,,false,false,0,0.0,0.0
U010439,bundle_100_100,2025-09-04 05:34:00+08,B002996,2025-09-10 05:34:00+08,Thailand,T1,ja,true,,false,false,0,0.0,0.0
U022378,airport_150,2025-09-04 20:17:00+08,B012609,2025-09-08 20:17:00+08,Japan,T2,en,true,,false,false,0,0.0,0.0
U021375,control,2025-10-11 06:00:00+08,B002868,2025-10-16 06:00:00+08,Thailand,T1,en,true,,false,false,0,0.0,0.0
U021370,bundle_100_100,2025-10-12 23:40:00+08,B009450,2025-10-14 23:40:00+08,Japan,T1,ja,true,,false,false,0,0.0,0.0
U028106,airport_150,2025-09-20 05:31:00+08,B007383,2025-09-24 05:31:00+08,Hong Kong,T2,en,true,,false,false,0,0.0,0.0
U016535,airport_150,2025-09-22 14:15:00+08,B001444,2025-09-23 14:15:00+08,Thailand,T1,ja,true,,false,false,0,0.0,0.0
U019830,airport_150,2025-09-02 18:30:00+08,B000810,2025-09-04 18:30:00+08,Thailand,T2,ja,true,,false,false,0,0.0,0.0
U006708,airport_150,2025-09-18 21:05:00+08,B012722,2025-09-22 21:05:00+08,Thailand,T2,ja,true,,false,false,0,0.0,0.0
U012256,airport_150,2025-10-04 20:45:00+08,B010862,2025-10-10 20:45:00+08,Japan,T2,en,true,,false,false,0,0.0,0.0
U025550,bundle_100_100,2025-10-13 09:41:00+08,B005967,2025-10-18 09:41:00+08,Hong Kong,T1,ja,true,,false,false,1,63.3,0.0
U014894,control,2025-09-17 05:43:00+08,B005267,2025-09-21 05:43:00+08,Hong Kong,T2,ko,true,,false,false,0,0.0,0.0
U015251,bundle_100_100,2025-09-10 06:26:00+08,B011504,2025-09-13 06:26:00+08,Hong Kong,T2,en,true,,false,false,0,0.0,0.0
U019046,control,2025-10-02 22:01:00+08,B000544,2025-10-03 22:01:00+08,Thailand,T1,ko,true,,false,false,0,0.0,0.0
U010116,bundle_100_100,2025-09-01 16:03:00+08,B002542,2025-09-07 16:03:00+08,USA,T2,en,true,,false,false,0,0.0,0.0
U004746,airport_150,2025-09-20 15:53:00+08,B013359,2025-09-25 15:53:00+08,USA,T1,ko,true,,false,false,1,47.1,0.0
U006914,airport_150,2025-09-11 01:34:00+08,B010232,2025-09-15 01:34:00+08,USA,T2,ja,true,,false,false,0,0.0,0.0
U017525,airport_150,2025-10-02 11:54:00+08,B011129,2025-10-07 11:54:00+08,USA,T2,en,true,,false,false,0,0.0,0.0
U019938,control,2025-09-23 07:33:00+08,B001247,2025-09-24 07:33:00+08,Japan,T2,ko,true,,false,false,0,0.0,0.0
U010915,airport_150,2025-09-06 06:22:00+08,B008444,2025-09-09 06:22:00+08,USA,T1,ko,true,,false,false,0,0.0,0.0
U029897,airport_150,2025-09-04 17:28:00+08,B004505,2025-09-09 17:28:00+08,Singapore,T1,ko,true,,false,false,0,0.0,0.0
U000652,airport_150,2025-09-23 09:13:00+08,B015977,2025-09-28 09:13:00+08,Thailand,T2,zh-TW,true,,false,false,0,0.0,0.0
U001476,bundle_100_100,2025-09-10 09:32:00+08,B002963,2025-09-15 09:32:00+08,USA,T2,ko,true,,false,false,0,0.0,0.0
U010250,bundle_100_100,2025-09-10 12:56:00+08,B009613,2025-09-16 12:56:00+08,Singapore,T1,ko,true,,false,false,0,0.0,0.0
U011577,bundle_100_100,2025-10-18 06:21:00+08,B007015,2025-10-20 06:21:00+08,USA,T1,ja,true,,false,false,0,0.0,0.0
U024015,control,2025-09-22 04:05:00+08,B016828,2025-09-24 04:05:00+08,Thailand,T1,zh-TW,true,,false,false,0,0.0,0.0
U006281,airport_150,2025-09-11 05:51:00+08,B013705,2025-09-14 05:51:00+08,USA,T2,ja,true,,false,false,0,0.0,0.0
U006812,bundle_100_100,2025-10-15 13:50:00+08,B002386,2025-10-19 13:50:00+08,Thailand,T2,zh-TW,true,,false,false,0,0.0,0.0
U011092,airport_150,2025-09-24 18:05:00+08,B003244,2025-09-29 18:05:00+08,Hong Kong,T2,zh-TW,true,,false,false,0,0.0,0.0
U017834,airport_150,2025-10-06 15:52:00+08,B006268,2025-10-11 15:52:00+08,USA,T1,ko,true,,false,false,0,0.0,0.0
U024883,bundle_100_100,2025-10-13 01:35:00+08,B008937,2025-10-19 01:35:00+08,Korea,T2,zh-TW,true,,false,false,0,0.0,0.0
U000011,bundle_100_100,2025-09-04 06:45:00+08,B016307,2025-09-07 06:45:00+08,Japan,T1,ko,true,,false,false,0,0.0,0.0
U026267,bundle_100_100,2025-10-11 07:03:00+08,B012525,2025-10-13 07:03:00+08,Korea,T1,ja,true,,false,false,0,0.0,0.0
U015640,airport_150,2025-10-17 23:36:00+08,B003918,2025-10-21 23:36:00+08,USA,T1,en,true,,false,false,0,0.0,0.0
U021382,airport_150,2025-10-06 15:20:00+08,B003470,2025-10-07 15:20:00+08,Hong Kong,T1,en,true,,false,false,0,0.0,0.0
U001796,bundle_100_100,2025-10-19 06:07:00+08,B007774,2025-10-20 06:07:00+08,Hong Kong,T2,zh-TW,true,,false,false,1,156.29999999999998,0.0
U002734,airport_150,2025-09-06 22:09:00+08,B008724,2025-09-07 22:09:00+08,USA,T1,en,true,,false,false,0,0.0,0.0
U013065,airport_150,2025-09-12 09:03:00+08,B016268,2025-09-17 09:03:00+08,Japan,T2,ko,true,,false,false,0,0.0,0.0
U016076,bundle_100_100,2025-09-14 17:12:00+08,B016204,2025-09-19 17:12:00+08,Hong Kong,T2,zh-TW,true,,false,false,0,0.0,0.0
U002454,airport_150,2025-10-13 22:50:00+08,B011232,2025-10-19 22:50:00+08,Korea,T1,en,true,,false,false,0,0.0,0.0
U020471,bundle_100_100,2025-09-21 05:54:00+08,B008560,2025-09-22 05:54:00+08,USA,T2,ja,true,,false,false,0,0.0,0.0
U022812,airport_150,2025-10-01 10:25:00+08,B008800,2025-10-02 10:25:00+08,Singapore,T1,zh-TW,true,,false,false,0,0.0,0.0
U011100,bundle_100_100,2025-09-04 21:19:00+08,B005855,2025-09-10 21:19:00+08,Singapore,T1,ja,true,,false,false,0,0.0,0.0
U013832,airport_150,2025-10-19 17:33:00+08,B006845,2025-10-22 17:33:00+08,Thailand,T1,en,true,,false,false,0,0.0,0.0
U018699,control,2025-10-02 14:12:00+08,B007100,2025-10-06 14:12:00+08,Japan,T2,ja,true,,false,false,0,0.0,0.0
U006170,airport_150,2025-10-01 23:08:00+08,B006430,2025-10-05 23:08:00+08,Thailand,T1,zh-TW,true,,false,false,0,0.0,0.0
U011602,airport_150,2025-10-07 09:12:00+08,B007270,2025-10-08 09:12:00+08,USA,T2,en,true,,false,false,0,0.0,0.0
U014664,control,2025-09-10 07:29:00+08,B003522,2025-09-11 07:29:00+08,Thailand,T2,ko,true,,false,false,0,0.0,0.0
U002329,bundle_100_100,2025-09-19 08:01:00+08,B002108,2025-09-21 08:01:00+08,Thailand,T2,ko,true,,false,false,0,0.0,0.0
U010531,bundle_100_100,2025-09-03 23:07:00+08,B005002,2025-09-07 23:07:00+08,USA,T1,en,true,,false,false,0,0.0,0.0
U011390,bundle_100_100,2025-09-19 18:10:00+08,B003345,2025-09-20 18:10:00+08,Japan,T1,zh-TW,true,,false,false,0,0.0,0.0
U021492,bundle_100_100,2025-10-03 15:58:00+08,B013230,2025-10-08 15:58:00+08,Thailand,T1,ja,true,,false,false,1,54.9,0.0
U022588,bundle_100_100,2025-09-19 22:04:00+08,B004668,2025-09-21 22:04:00+08,USA,T1,ja,true,,false,false,0,0.0,0.0
U000109,airport_150,2025-09-30 18:38:00+08,B015576,2025-10-01 18:38:00+08,Thailand,T2,zh-TW,true,,false,false,0,0.0,0.0
U012941,bundle_100_100,2025-09-20 05:26:00+08,B012587,2025-09-22 05:26:00+08,Hong Kong,T1,en,true,,false,false,0,0.0,0.0
U024493,bundle_100_100,2025-09-11 22:10:00+08,B012027,2025-09-17 22:10:00+08,USA,T2,zh-TW,true,,false,false,0,0.0,0.0
U026613,bundle_100_100,2025-10-08 09:58:00+08,B001609,2025-10-13 09:58:00+08,Japan,T2,zh-TW,true,,false,false,0,0.0,0.0
U014509,bundle_100_100,2025-09-29 07:17:00+08,B004534,2025-09-30 07:17:00+08,Japan,T1,ko,true,,false,false,0,0.0,0.0
U018070,airport_150,2025-09-09 20:37:00+08,B017778,2025-09-12 20:37:00+08,Hong Kong,T1,ko,true,,false,false,0,0.0,0.0
U012503,bundle_100_100,2025-09-17 08:42:00+08,B015714,2025-09-19 08:42:00+08,Hong Kong,T1,zh-TW,true,,false,false,0,0.0,0.0
U020895,airport_150,2025-09-07 04:41:00+08,B008806,2025-09-10 04:41:00+08,USA,T1,ko,true,,false,false,0,0.0,0.0
U025862,airport_150,2025-10-22 09:48:00+08,B005772,2025-10-25 09:48:00+08,Hong Kong,T1,ko,true,,false,false,0,0.0,0.0
U028732,bundle_100_100,2025-09-10 22:30:00+08,B003323,2025-09-16 22:30:00+08,Hong Kong,T1,zh-TW,true,,false,false,0,0.0,0.0
U021847,bundle_100_100,2025-09-11 08:39:00+08,B007767,2025-09-13 08:39:00+08,Thailand,T2,zh-TW,true,,false,false,0,0.0,0.0
U011238,bundle_100_100,2025-10-05 01:08:00+08,B013037,2025-10-08 01:08:00+08,Singapore,T2,ko,true,,false,false,0,0.0,0.0
U027751,bundle_100_100,2025-10-10 17:54:00+08,B006224,2025-10-12 17:54:00+08,Thailand,T2,ja,true,,false,false,0,0.0,0.0
U009651,bundle_100_100,2025-10-02 08:36:00+08,B005447,2025-10-05 08:36:00+08,Singapore,T1,ja,true,,false,false,0,0.0,0.0
U010888,control,2025-09-27 10:10:00+08,B006934,2025-09-29 10:10:00+08,USA,T1,zh-TW,true,,false,false,0,0.0,0.0
U000408,airport_150,2025-10-14 15:13:00+08,B016893,2025-10-19 15:13:00+08,Japan,T2,ko,true,,false,false,0,0.0,0.0
U005887,bundle_100_100,2025-10-01 23:39:00+08,B010656,2025-10-05 23:39:00+08,Korea,T1,ko,true,,false,false,0,0.0,0.0
U021808,airport_150,2025-09-25 17:05:00+08,B001291,2025-09-30 17:05:00+08,Thailand,T2,zh-TW,true,,false,false,0,0.0,0.0
U021954,bundle_100_100,2025-09-23 23:58:00+08,B009429,2025-09-24 23:58:00+08,Korea,T2,en,true,,false,false,0,0.0,0.0
U024684,airport_150,2025-10-14 23:08:00+08,B013921,2025-10-15 23:08:00+08,Hong Kong,T2,zh-TW,true,,false,false,0,0.0,0.0
U001345,airport_150,2025-09-26 23:22:00+08,B003141,2025-10-01 23:22:00+08,Singapore,T2,zh-TW,true,,false,false,0,0.0,0.0
U014290,airport_150,2025-09-15 20:26:00+08,B015327,2025-09-18 20:26:00+08,Thailand,T2,en,true,,false,false,0,0.0,0.0
U011474,control,2025-09-27 23:21:00+08,B006471,2025-10-02 23:21:00+08,Singapore,T2,en,true,,false,false,0,0.0,0.0
U012709,bundle_100_100,2025-09-05 05:02:00+08,B005653,2025-09-08 05:02:00+08,Korea,T1,ko,true,,false,false,0,0.0,0.0
U019229,bundle_100_100,2025-09-03 09:38:00+08,B015489,2025-09-09 09:38:00+08,Thailand,T2,ko,true,,false,false,0,0.0,0.0
U026919,bundle_100_100,2025-09-14 11:19:00+08,B014847,2025-09-19 11:19:00+08,Japan,T1,ja,true,,false,false,0,0.0,0.0
U006023,bundle_100_100,2025-09-20 04:30:00+08,B010885,2025-09-25 04:30:00+08,Korea,T2,zh-TW,true,,false,false,1,45.9,0.0
U001031,airport_150,2025-09-14 18:15:00+08,B014315,2025-09-19 18:15:00+08,Hong Kong,T1,en,true,,false,false,0,0.0,0.0
U026842,airport_150,2025-10-10 21:18:00+08,B005235,2025-10-15 21:18:00+08,Hong Kong,T2,zh-TW,true,,false,false,0,0.0,0.0
U011070,airport_150,2025-09-15 18:11:00+08,B017578,2025-09-21 18:11:00+08,USA,T2,en,true,,false,false,0,0.0,0.0
U011558,airport_150,2025-09-22 08:55:00+08,B016918,2025-09-28 08:55:00+08,Korea,T2,ko,true,,false,false,0,0.0,0.0
U001505,bundle_100_100,2025-09-03 11:48:00+08,B000790,2025-09-04 11:48:00+08,Thailand,T1,ko,true,,false,false,0,0.0,0.0
U006239,bundle_100_100,2025-10-20 05:37:00+08,B009988,2025-10-22 05:37:00+08,Korea,T1,en,true,,false,false,0,0.0,0.0
U015817,airport_150,2025-10-02 21:41:00+08,B015053,2025-10-05 21:41:00+08,Korea,T2,ko,true,,false,false,0,0.0,0.0
U017179,bundle_100_100,2025-09-16 05:07:00+08,B014150,2025-09-22 05:07:00+08,Hong Kong,T1,zh-TW,true,,false,false,0,0.0,0.0
U027534,control,2025-09-03 00:37:00+08,B011739,2025-09-04 00:37:00+08,Singapore,T2,en,true,,false,false,0,0.0,0.0
U008187,control,2025-09-14 05:24:00+08,B015970,2025-09-19 05:24:00+08,Singapore,T2,ko,true,,false,false,0,0.0,0.0
U019322,airport_150,2025-10-13 10:22:00+08,B015974,2025-10-19 10:22:00+08,Japan,T1,ko,true,,false,false,0,0.0,0.0
U018637,airport_150,2025-09-01 19:09:00+08,B015655,2025-09-03 19:09:00+08,Japan,T1,zh-TW,true,,false,false,0,0.0,0.0
U029480,bundle_100_100,2025-09-11 06:35:00+08,B011199,2025-09-14 06:35:00+08,Korea,T1,en,true,,false,false,0,0.0,0.0
U006158,bundle_100_100,2025-09-17 21:22:00+08,B002640,2025-09-23 21:22:00+08,Korea,T1,ja,true,,false,false,0,0.0,0.0
U028484,bundle_100_100,2025-09-28 12:11:00+08,B011599,2025-10-01 12:11:00+08,USA,T2,en,true,,false,false,0,0.0,0.0
U003003,bundle_100_100,2025-10-14 20:51:00+08,B015844,2025-10-16 20:51:00+08,Japan,T1,zh-TW,true,,false,false,0,0.0,0.0
U002015,bundle_100_100,2025-10-04 09:45:00+08,B013610,2025-10-10 09:45:00+08,Singapore,T1,ja,true,,false,false,0,0.0,0.0
U007975,bundle_100_100,2025-10-21 05:27:00+08,B017382,2025-10-25 05:27:00+08,Korea,T1,ko,true,,false,false,0,0.0,0.0
U000928,airport_150,2025-09-07 00:22:00+08,B009806,2025-09-13 00:22:00+08,USA,T2,ja,true,,false,false,0,0.0,0.0
U003059,airport_150,2025-09-27 18:06:00+08,B013525,2025-09-28 18:06:00+08,Singapore,T2,ja,true,,false,false,0,0.0,0.0
U006928,airport_150,2025-09-15 07:10:00+08,B009502,2025-09-20 07:10:00+08,Korea,T1,ja,true,,false,false,0,0.0,0.0
U025375,bundle_100_100,2025-09-14 21:53:00+08,B009238,2025-09-16 21:53:00+08,Japan,T2,ja,true,,false,false,0,0.0,0.0
U001896,airport_150,2025-09-24 23:45:00+08,B014288,2025-09-29 23:45:00+08,Hong Kong,T2,en,true,,false,false,0,0.0,0.0
U029343,bundle_100_100,2025-09-27 05:07:00+08,B000449,2025-09-30 05:07:00+08,Korea,T1,ko,true,,false,false,0,0.0,0.0
U001973,airport_150,2025-09-18 01:12:00+08,B016990,2025-09-20 01:12:00+08,Japan,T1,zh-TW,true,,false,false,0,0.0,0.0
U005777,airport_150,2025-09-15 23:17:00+08,B000692,2025-09-17 23:17:00+08,Korea,T2,ja,true,,false,false,0,0.0,0.0
U024112,airport_150,2025-09-22 12:10:00+08,B003420,2025-09-25 12:10:00+08,USA,T2,en,true,,false,false,0,0.0,0.0
U004567,airport_150,2025-10-19 10:07:00+08,B004316,2025-10-23 10:07:00+08,Hong Kong,T2,zh-TW,true,,false,false,0,0.0,0.0
U022025,bundle_100_100,2025-09-20 20:53:00+08,B004489,2025-09-25 20:53:00+08,Hong Kong,T1,en,true,,false,false,0,0.0,0.0
U001584,bundle_100_100,2025-10-23 07:16:00+08,B012946,2025-10-26 07:16:00+08,Singapore,T2,ko,true,,false,false,0,0.0,0.0
U004768,airport_150,2025-10-02 10:44:00+08,B015440,2025-10-03 10:44:00+08,Hong Kong,T2,ja,true,,false,false,0,0.0,0.0
U014395,control,2025-09-18 08:50:00+08,B013138,2025-09-19 08:50:00+08,Hong Kong,T1,ko,true,,false,false,0,0.0,0.0
U021464,bundle_100_100,2025-10-03 22:20:00+08,B008791,2025-10-06 22:20:00+08,Korea,T1,ja,true,,false,false,0,0.0,0.0
U020935,airport_150,2025-10-17 17:00:00+08,B017803,2025-10-22 17:00:00+08,USA,T1,zh-TW,true,,false,false,0,0.0,0.0
U027618,bundle_100_100,2025-09-28 08:54:00+08,B008249,2025-10-04 08:54:00+08,Singapore,T2,en,true,,false,false,0,0.0,0.0
U016780,airport_150,2025-09-09 18:10:00+08,B017053,2025-09-13 18:10:00+08,USA,T2,zh-TW,true,,false,false,0,0.0,0.0
U029227,airport_150,2025-10-14 20:15:00+08,B014890,2025-10-17 20:15:00+08,Singapore,T2,ja,true,,false,false,0,0.0,0.0
U015767,bundle_100_100,2025-10-22 11:57:00+08,B005466,2025-10-25 11:57:00+08,Thailand,T1,en,true,,false,false,0,0.0,0.0
U018339,bundle_100_100,2025-09-16 16:39:00+08,B004400,2025-09-21 16:39:00+08,Korea,T2,zh-TW,true,,false,false,0,0.0,0.0
U025484,airport_150,2025-09-08 13:07:00+08,B008283,2025-09-14 13:07:00+08,USA,T2,ko,true,,false,false,0,0.0,0.0
U027711,bundle_100_100,2025-09-23 23:50:00+08,B000302,2025-09-29 23:50:00+08,Singapore,T2,en,true,,false,false,0,0.0,0.0
U015558,airport_150,2025-09-11 17:29:00+08,B000140,2025-09-16 17:29:00+08,Singapore,T1,zh-TW,true,,false,false,0,0.0,0.0
U000377,airport_150,2025-09-29 23:59:00+08,B012747,2025-09-30 23:59:00+08,USA,T1,zh-TW,true,,false,false,0,0.0,0.0
U019511,bundle_100_100,2025-10-03 22:14:00+08,B006460,2025-10-07 22:14:00+08,Singapore,T1,en,true,,false,false,0,0.0,0.0
U023158,airport_150,2025-10-15 20:32:00+08,B011231,2025-10-17 20:32:00+08,Thailand,T2,ja,true,,false,false,1,65.7,0.0
U010848,airport_150,2025-09-30 16:56:00+08,B010650,2025-10-04 16:56:00+08,Japan,T1,en,true,,false,false,0,0.0,0.0
U016691,bundle_100_100,2025-09-02 06:56:00+08,B001336,2025-09-06 06:56:00+08,Thailand,T1,ja,true,,false,false,0,0.0,0.0
U020245,airport_150,2025-09-20 19:59:00+08,B001201,2025-09-23 19:59:00+08,Hong Kong,T2,zh-TW,true,,false,false,0,0.0,0.0
U020103,control,2025-10-12 08:56:00+08,B011569,2025-10-13 08:56:00+08,Korea,T1,en,true,,false,false,0,0.0,0.0
U026168,airport_150,2025-10-08 06:17:00+08,B010447,2025-10-10 06:17:00+08,Hong Kong,T1,ko,true,,false,false,0,0.0,0.0
U019283,airport_150,2025-10-04 13:05:00+08,B011263,2025-10-09 13:05:00+08,Korea,T2,ja,true,,false,false,0,0.0,0.0
U004084,bundle_100_100,2025-09-03 00:24:00+08,B012101,2025-09-06 00:24:00+08,USA,T1,ko,true,,false,false,0,0.0,0.0
U025824,airport_150,2025-10-01 20:04:00+08,B010671,2025-10-02 20:04:00+08,Hong Kong,T1,zh-TW,true,,false,false,0,0.0,0.0
U000340,airport_150,2025-10-21 20:39:00+08,B005771,2025-10-23 20:39:00+08,USA,T1,en,true,,false,false,0,0.0,0.0
U006118,bundle_100_100,2025-09-29 23:53:00+08,B004853,2025-10-02 23:53:00+08,Singapore,T2,en,true,,false,false,1,270.59999999999997,0.0
U022057,bundle_100_100,2025-10-06 01:20:00+08,B016934,2025-10-09 01:20:00+08,Hong Kong,T2,ja,true,,false,false,0,0.0,0.0
U029241,control,2025-10-12 04:59:00+08,B000825,2025-10-18 04:59:00+08,Japan,T1,zh-TW,true,,false,false,0,0.0,0.0
U029426,airport_150,2025-09-28 05:08:00+08,B006528,2025-10-01 05:08:00+08,Hong Kong,T2,zh-TW,true,,false,false,0,0.0,0.0
U010444,bundle_100_100,2025-10-10 04:56:00+08,B010127,2025-10-15 04:56:00+08,Japan,T2,zh-TW,true,,false,false,0,0.0,0.0
U018161,airport_150,2025-09-16 20:32:00+08,B004538,2025-09-21 20:32:00+08,Japan,T2,ko,true,,false,false,0,0.0,0.0
U013526,airport_150,2025-09-23 08:50:00+08,B004928,2025-09-24 08:50:00+08,Japan,T2,en,true,,false,false,0,0.0,0.0
U021246,airport_150,2025-10-15 22:26:00+08,B010457,2025-10-20 22:26:00+08,Hong Kong,T2,ja,true,,false,false,0,0.0,0.0
U025711,airport_150,2025-09-18 10:07:00+08,B003741,2025-09-20 10:07:00+08,Singapore,T1,en,true,,false,false,0,0.0,0.0
U026584,bundle_100_100,2025-10-17 06:49:00+08,B008277,2025-10-19 06:49:00+08,Hong Kong,T2,ja,true,,false,false,0,0.0,0.0
U006611,airport_150,2025-09-14 09:44:00+08,B010362,2025-09-19 09:44:00+08,Hong Kong,T2,ja,true,,false,false,0,0.0,0.0
U000495,airport_150,2025-10-07 04:58:00+08,B009084,2025-10-13 04:58:00+08,Hong Kong,T2,ko,true,,false,false,0,0.0,0.0
U003652,bundle_100_100,2025-09-17 09:12:00+08,B005510,2025-09-20 09:12:00+08,Hong Kong,T2,zh-TW,true,,false,false,0,0.0,0.0
U011276,bundle_100_100,2025-09-12 04:26:00+08,B016396,2025-09-13 04:26:00+08,Japan,T2,zh-TW,true,,false,false,0,0.0,0.0
U007099,bundle_100_100,2025-09-01 06:01:00+08,B003507,2025-09-07 06:01:00+08,Singapore,T1,en,true,,false,false,0,0.0,0.0
U021994,control,2025-09-05 00:21:00+08,B017227,2025-09-10 00:21:00+08,Hong Kong,T1,ja,true,,false,false,0,0.0,0.0
U006456,bundle_100_100,2025-10-11 21:28:00+08,B012975,2025-10-13 21:28:00+08,Thailand,T2,zh-TW,true,,false,false,1,142.79999999999998,0.0
U018103,bundle_100_100,2025-09-10 23:31:00+08,B016964,2025-09-11 23:31:00+08,Korea,T1,en,true,,false,false,0,0.0,0.0
U020034,bundle_100_100,2025-10-14 22:41:00+08,B010780,2025-10-17 22:41:00+08,Thailand,T1,zh-TW,true,,false,false,0,0.0,0.0
U020662,bundle_100_100,2025-10-24 02:24:00+08,B003956,2025-10-25 02:24:00+08,USA,T2,zh-TW,true,,false,false,0,0.0,0.0
U003297,airport_150,2025-09-19 22:20:00+08,B009533,2025-09-21 22:20:00+08,Hong Kong,T1,ko,true,,false,false,0,0.0,0.0
U019364,airport_150,2025-10-09 22:07:00+08,B017642,2025-10-11 22:07:00+08,Thailand,T1,ja,true,,false,false,0,0.0,0.0
U024756,airport_150,2025-09-30 23:15:00+08,B010007,2025-10-03 23:15:00+08,Singapore,T2,zh-TW,true,,false,false,0,0.0,0.0
U028780,bundle_100_100,2025-09-18 08:06:00+08,B008135,2025-09-22 08:06:00+08,Singapore,T1,en,true,,false,false,0,0.0,0.0
U005635,airport_150,2025-09-22 03:06:00+08,B010768,2025-09-23 03:06:00+08,Hong Kong,T1,ko,true,,false,false,0,0.0,0.0
U014790,control,2025-10-11 09:21:00+08,B016398,2025-10-12 09:21:00+08,USA,T1,en,true,,false,false,1,258.0,0.0
U022974,airport_150,2025-09-02 05:07:00+08,B007687,2025-09-05 05:07:00+08,Hong Kong,T1,ja,true,,false,false,0,0.0,0.0
U003489,bundle_100_100,2025-09-01 22:01:00+08,B015297,2025-09-02 22:01:00+08,USA,T1,en,true,,false,false,0,0.0,0.0
U020219,bundle_100_100,2025-10-02 06:17:00+08,B013818,2025-10-05 06:17:00+08,Hong Kong,T1,en,true,,false,false,0,0.0,0.0
U004323,control,2025-09-28 22:15:00+08,B008933,2025-10-02 22:15:00+08,Hong Kong,T1,ja,true,,false,false,0,0.0,0.0
U010949,control,2025-09-21 08:01:00+08,B011827,2025-09-26 08:01:00+08,Japan,T2,ja,true,,false,false,0,0.0,0.0
U027874,bundle_100_100,2025-09-10 17:38:00+08,B003870,2025-09-11 17:38:00+08,Japan,T2,en,true,,false,false,0,0.0,0.0
U008939,airport_150,2025-10-10 09:40:00+08,B017619,2025-10-13 09:40:00+08,Thailand,T2,zh-TW,true,,false,false,0,0.0,0.0
U008065,bundle_100_100,2025-09-06 10:02:00+08,B011170,2025-09-08 10:02:00+08,Singapore,T1,zh-TW,true,,false,false,0,0.0,0.0
U006298,airport_150,2025-09-29 14:24:00+08,B012269,2025-10-02 14:24:00+08,Thailand,T2,ko,true,,false,false,1,61.5,0.0
U024717,airport_150,2025-09-29 14:51:00+08,B010775,2025-10-04 14:51:00+08,Japan,T2,zh-TW,true,,false,false,0,0.0,0.0
U025576,airport_150,2025-09-18 20:51:00+08,B008074,2025-09-20 20:51:00+08,USA,T2,zh-TW,true,,false,false,0,0.0,0.0
U025917,airport_150,2025-10-21 10:50:00+08,B000566,2025-10-26 10:50:00+08,USA,T1,ja,true,,false,false,0,0.0,0.0
U016435,bundle_100_100,2025-10-20 23:22:00+08,B015372,2025-10-21 23:22:00+08,USA,T2,zh-TW,true,,false,false,0,0.0,0.0
U025063,bundle_100_100,2025-09-06 05:40:00+08,B002546,2025-09-11 05:40:00+08,Hong Kong,T2,en,true,,false,false,0,0.0,0.0
U026570,airport_150,2025-09-09 00:45:00+08,B009992,2025-09-15 00:45:00+08,Thailand,T1,en,true,,false,false,0,0.0,0.0
U025407,airport_150,2025-10-16 23:55:00+08,B005563,2025-10-22 23:55:00+08,USA,T1,ko,true,,false,false,0,0.0,0.0
U006209,control,2025-09-09 08:10:00+08,B011629,2025-09-15 08:10:00+08,USA,T2,ja,true,,false,false,0,0.0,0.0
U001773,airport_150,2025-10-04 08:03:00+08,B003377,2025-10-10 08:03:00+08,Hong Kong,T2,zh-TW,true,,false,false,0,0.0,0.0
U003794,airport_150,2025-09-24 22:16:00+08,B013185,2025-09-28 22:16:00+08,Korea,T1,ko,true,,false,false,0,0.0,0.0
U007247,control,2025-09-01 09:53:00+08,B000524,2025-09-07 09:53:00+08,USA,T2,ja,true,,false,false,0,0.0,0.0
U007707,control,2025-09-13 23:32:00+08,B000248,2025-09-18 23:32:00+08,Korea,T2,ja,true,,false,false,0,0.0,0.0
U008354,airport_150,2025-10-05 03:13:00+08,B005275,2025-10-06 03:13:00+08,Thailand,T1,en,true,,false,false,0,0.0,0.0
U009764,bundle_100_100,2025-10-07 04:38:00+08,B015748,2025-10-11 04:38:00+08,Thailand,T2,en,true,,false,false,0,0.0,0.0
U013124,airport_150,2025-09-25 20:10:00+08,B008184,2025-09-30 20:10:00+08,Japan,T1,zh-TW,true,,false,false,0,0.0,0.0
U014018,bundle_100_100,2025-10-09 10:22:00+08,B010340,2025-10-10 10:22:00+08,Singapore,T1,ja,true,,false,false,0,0.0,0.0
U001970,airport_150,2025-10-08 06:06:00+08,B009478,2025-10-10 06:06:00+08,Japan,T2,ja,true,,false,false,0,0.0,0.0
U003004,bundle_100_100,2025-09-24 21:11:00+08,B008540,2025-09-25 21:11:00+08,Japan,T1,ja,true,,false,false,0,0.0,0.0
U019039,bundle_100_100,2025-09-27 07:06:00+08,B016323,2025-09-28 07:06:00+08,Hong Kong,T1,zh-TW,true,,false,false,0,0.0,0.0
U017515,airport_150,2025-10-07 03:37:00+08,B008406,2025-10-10 03:37:00+08,Japan,T2,zh-TW,true,,false,false,0,0.0,0.0
U025814,bundle_100_100,2025-10-19 07:10:00+08,B012077,2025-10-21 07:10:00+08,Hong Kong,T2,ja,true,,false,false,0,0.0,0.0
U027153,bundle_100_100,2025-10-19 06:41:00+08,B016118,2025-10-25 06:41:00+08,USA,T1,ko,true,,false,false,0,0.0,0.0
U027852,airport_150,2025-09-06 06:22:00+08,B003866,2025-09-07 06:22:00+08,Hong Kong,T1,ja,true,,false,false,0,0.0,0.0
U001073,bundle_100_100,2025-10-11 17:44:00+08,B010997,2025-10-17 17:44:00+08,Japan,T1,en,true,,false,false,0,0.0,0.0
U008221,bundle_100_100,2025-09-12 00:25:00+08,B005984,2025-09-18 00:25:00+08,Hong Kong,T2,en,true,,false,false,0,0.0,0.0
U005455,airport_150,2025-10-10 16:32:00+08,B016617,2025-10-11 16:32:00+08,Singapore,T1,ko,true,,false,false,0,0.0,0.0
U021019,airport_150,2025-09-29 04:31:00+08,B010176,2025-10-03 04:31:00+08,Japan,T1,ko,true,,false,false,0,0.0,0.0
U026600,bundle_100_100,2025-09-23 23:09:00+08,B008093,2025-09-26 23:09:00+08,USA,T1,ko,true,,false,false,0,0.0,0.0
U001883,airport_150,2025-09-01 09:16:00+08,B010505,2025-09-02 09:16:00+08,Thailand,T1,en,true,,false,false,0,0.0,0.0
U012179,airport_150,2025-09-01 07:23:00+08,B005515,2025-09-05 07:23:00+08,Singapore,T1,zh-TW,true,,false,false,0,0.0,0.0
U012220,airport_150,2025-09-28 23:19:00+08,B008005,2025-10-02 23:19:00+08,Thailand,T2,en,true,,false,false,0,0.0,0.0
U025319,bundle_100_100,2025-10-20 09:10:00+08,B000508,2025-10-25 09:10:00+08,Hong Kong,T1,ko,true,,false,false,0,0.0,0.0
U020189,bundle_100_100,2025-09-04 05:14:00+08,B014721,2025-09-05 05:14:00+08,Singapore,T2,ja,true,,false,false,0,0.0,0.0
U009976,bundle_100_100,2025-10-06 22:24:00+08,B005177,2025-10-11 22:24:00+08,USA,T1,ko,true,,false,false,0,0.0,0.0
U009713,airport_150,2025-09-08 00:07:00+08,B014477,2025-09-14 00:07:00+08,Hong Kong,T2,ko,true,,false,false,0,0.0,0.0
U019614,airport_150,2025-10-10 09:43:00+08,B008333,2025-10-11 09:43:00+08,USA,T1,ja,true,,false,false,0,0.0,0.0
U024758,airport_150,2025-10-08 14:56:00+08,B007167,2025-10-12 14:56:00+08,Thailand,T2,ko,true,,false,false,0,0.0,0.0
U007693,airport_150,2025-10-21 21:44:00+08,B013701,2025-10-22 21:44:00+08,Korea,T1,ja,true,,false,false,0,0.0,0.0
U029607,bundle_100_100,2025-09-23 23:42:00+08,B003650,2025-09-26 23:42:00+08,Thailand,T2,zh-TW,true,,false,false,0,0.0,0.0
U019327,airport_150,2025-10-11 21:39:00+08,B011642,2025-10-13 21:39:00+08,Hong Kong,T1,ja,true,,false,false,0,0.0,0.0
U025200,bundle_100_100,2025-09-29 07:02:00+08,B001771,2025-10-01 07:02:00+08,Thailand,T2,zh-TW,true,,false,false,1,67.5,0.0
U001284,bundle_100_100,2025-09-16 00:15:00+08,B017200,2025-09-20 00:15:00+08,Japan,T2,ko,true,,false,false,0,0.0,0.0
U011998,airport_150,2025-09-19 23:53:00+08,B010635,2025-09-23 23:53:00+08,Japan,T1,ko,true,,false,false,0,0.0,0.0
U010750,control,2025-10-03 05:21:00+08,B004211,2025-10-07 05:21:00+08,Korea,T1,en,true,,false,false,0,0.0,0.0
U004634,control,2025-09-26 16:16:00+08,B011836,2025-10-01 16:16:00+08,USA,T2,zh-TW,true,,false,false,0,0.0,0.0
U009776,control,2025-09-09 12:26:00+08,B003523,2025-09-10 12:26:00+08,Hong Kong,T1,ja,true,,false,false,1,212.7,0.0
U028467,bundle_100_100,2025-09-25 06:23:00+08,B003478,2025-10-01 06:23:00+08,Thailand,T1,en,true,,false,false,0,0.0,0.0
U007651,airport_150,2025-10-20 20:08:00+08,B012808,2025-10-24 20:08:00+08,Korea,T2,ja,true,,false,false,0,0.0,0.0
U010564,airport_150,2025-09-17 23:14:00+08,B002401,2025-09-23 23:14:00+08,Korea,T2,en,true,,false,false,0,0.0,0.0
U028704,bundle_100_100,2025-10-21 09:01:00+08,B011908,2025-10-26 09:01:00+08,Hong Kong,T2,ja,true,,false,false,0,0.0,0.0
U021194,bundle_100_100,2025-09-13 23:01:00+08,B005838,2025-09-15 23:01:00+08,Singapore,T1,en,true,,false,false,0,0.0,0.0
U008344,airport_150,2025-09-06 11:19:00+08,B011494,2025-09-11 11:19:00+08,Thailand,T1,en,true,,false,false,0,0.0,0.0
U015752,airport_150,2025-10-11 22:07:00+08,B000498,2025-10-12 22:07:00+08,Thailand,T1,zh-TW,true,,false,false,0,0.0,0.0
U006052,bundle_100_100,2025-10-03 11:36:00+08,B017753,2025-10-04 11:36:00+08,Thailand,T2,ja,true,,false,false,0,0.0,0.0
U011312,bundle_100_100,2025-10-10 20:01:00+08,B008173,2025-10-16 20:01:00+08,Korea,T2,ja,true,,false,false,0,0.0,0.0
U010787,bundle_100_100,2025-10-01 15:37:00+08,B008720,2025-10-03 15:37:00+08,Singapore,T2,zh-TW,true,,false,false,0,0.0,0.0
U021470,airport_150,2025-09-05 07:07:00+08,B010380,2025-09-08 07:07:00+08,Japan,T2,ko,true,,false,false,0,0.0,0.0
U000696,bundle_100_100,2025-09-14 20:14:00+08,B000485,2025-09-20 20:14:00+08,Hong Kong,T2,zh-TW,true,,false,false,0,0.0,0.0
U009760,airport_150,2025-10-17 10:54:00+08,B012308,2025-10-19 10:54:00+08,Hong Kong,T1,ja,true,,false,false,0,0.0,0.0
U010908,bundle_100_100,2025-10-18 06:31:00+08,B016267,2025-10-22 06:31:00+08,Korea,T2,ko,true,,false,false,0,0.0,0.0
U024323,airport_150,2025-09-04 23:22:00+08,B011883,2025-09-10 23:22:00+08,USA,T2,ko,true,,false,false,0,0.0,0.0
U013002,bundle_100_100,2025-09-13 00:25:00+08,B002178,2025-09-17 00:25:00+08,Japan,T1,zh-TW,true,,false,false,0,0.0,0.0
U006404,airport_150,2025-09-11 00:02:00+08,B001047,2025-09-13 00:02:00+08,Thailand,T1,ja,true,,false,false,0,0.0,0.0
U008073,airport_150,2025-10-19 02:05:00+08,B013346,2025-10-21 02:05:00+08,Singapore,T1,en,true,,false,false,0,0.0,0.0
U013583,bundle_100_100,2025-10-18 06:45:00+08,B003541,2025-10-19 06:45:00+08,Japan,T2,ko,true,,false,false,1,339.0,0.0
U026279,airport_150,2025-09-30 05:39:00+08,B005924,2025-10-01 05:39:00+08,Hong Kong,T2,zh-TW,true,,false,false,0,0.0,0.0
U016176,bundle_100_100,2025-09-09 22:58:00+08,B014583,2025-09-10 22:58:00+08,Japan,T2,ja,true,,false,false,0,0.0,0.0
U018889,airport_150,2025-10-08 03:54:00+08,B009160,2025-10-14 03:54:00+08,Japan,T2,ko,true,,false,false,0,0.0,0.0
U020868,bundle_100_100,2025-09-02 05:55:00+08,B017454,2025-09-03 05:55:00+08,USA,T1,zh-TW,true,,false,false,0,0.0,0.0
U025527,airport_150,2025-09-11 15:16:00+08,B006128,2025-09-12 15:16:00+08,Singapore,T1,zh-TW,true,,false,false,0,0.0,0.0
U023457,bundle_100_100,2025-10-01 20:45:00+08,B014430,2025-10-04 20:45:00+08,USA,T2,ja,true,,false,false,0,0.0,0.0
U022705,bundle_100_100,2025-10-04 08:27:00+08,B002430,2025-10-06 08:27:00+08,Japan,T1,ja,true,,false,false,0,0.0,0.0
U009916,control,2025-10-09 22:57:00+08,B017495,2025-10-13 22:57:00+08,Singapore,T1,ja,true,,false,false,0,0.0,0.0
U008866,bundle_100_100,2025-09-16 21:00:00+08,B000932,2025-09-21 21:00:00+08,Japan,T1,ja,true,,false,false,0,0.0,0.0
U024135,airport_150,2025-10-02 06:49:00+08,B016518,2025-10-07 06:49:00+08,Thailand,T2,ja,true,,false,false,0,0.0,0.0
U027673,airport_150,2025-10-06 05:02:00+08,B017107,2025-10-09 05:02:00+08,Thailand,T2,en,true,,false,false,0,0.0,0.0
U017551,bundle_100_100,2025-09-16 07:03:00+08,B011626,2025-09-18 07:03:00+08,Korea,T2,en,true,,false,false,0,0.0,0.0
U020186,bundle_100_100,2025-09-17 23:55:00+08,B009121,2025-09-18 23:55:00+08,Singapore,T1,en,true,,false,false,0,0.0,0.0
U021556,airport_150,2025-10-16 10:47:00+08,B006098,2025-10-22 10:47:00+08,USA,T1,zh-TW,true,,false,false,0,0.0,0.0
U015854,airport_150,2025-10-07 20:13:00+08,B008361,2025-10-10 20:13:00+08,Singapore,T2,ja,true,,false,false,0,0.0,0.0
U022510,bundle_100_100,2025-09-25 06:26:00+08,B009345,2025-09-27 06:26:00+08,Japan,T1,en,true,,false,false,0,0.0,0.0
U019393,airport_150,2025-10-20 20:09:00+08,B002090,2025-10-24 20:09:00+08,Thailand,T2,zh-TW,true,,false,false,0,0.0,0.0
U019483,bundle_100_100,2025-10-09 20:31:00+08,B000229,2025-10-11 20:31:00+08,Japan,T1,ja,true,,false,false,0,0.0,0.0
U012453,control,2025-09-03 14:36:00+08,B001121,2025-09-07 14:36:00+08,Thailand,T1,zh-TW,true,,false,false,0,0.0,0.0
U003319,bundle_100_100,2025-09-08 08:40:00+08,B007600,2025-09-09 08:40:00+08,USA,T2,en,true,,false,false,0,0.0,0.0
U003814,bundle_100_100,2025-09-13 21:15:00+08,B009647,2025-09-14 21:15:00+08,Thailand,T1,ja,true,,false,false,0,0.0,0.0
U019772,bundle_100_100,2025-09-30 19:18:00+08,B013228,2025-10-02 19:18:00+08,Japan,T1,zh-TW,true,,false,false,0,0.0,0.0
U002975,bundle_100_100,2025-09-24 07:07:00+08,B013723,2025-09-30 07:07:00+08,Singapore,T2,en,true,,false,false,0,0.0,0.0
U004035,airport_150,2025-10-01 11:45:00+08,B008846,2025-10-02 11:45:00+08,Korea,T1,en,true,,false,false,0,0.0,0.0
U010567,bundle_100_100,2025-10-08 22:17:00+08,B016809,2025-10-11 22:17:00+08,Hong Kong,T2,zh-TW,true,,false,false,0,0.0,0.0
U000581,bundle_100_100,2025-10-05 06:38:00+08,B010955,2025-10-08 06:38:00+08,Japan,T1,zh-TW,true,,false,false,0,0.0,0.0
U019728,airport_150,2025-09-19 07:04:00+08,B004158,2025-09-22 07:04:00+08,Korea,T2,en,true,,false,false,0,0.0,0.0
U003358,airport_150,2025-10-19 07:08:00+08,B005835,2025-10-23 07:08:00+08,USA,T2,ko,true,,false,false,0,0.0,0.0
U027893,bundle_100_100,2025-10-19 06:36:00+08,B013379,2025-10-23 06:36:00+08,Korea,T1,ko,true,,false,false,0,0.0,0.0
U012664,bundle_100_100,2025-10-11 04:12:00+08,B010151,2025-10-12 04:12:00+08,Japan,T1,ko,true,,false,false,0,0.0,0.0
U017361,bundle_100_100,2025-09-24 04:41:00+08,B001557,2025-09-29 04:41:00+08,Korea,T2,ja,true,,false,false,0,0.0,0.0
U003901,airport_150,2025-10-03 06:37:00+08,B004990,2025-10-08 06:37:00+08,Hong Kong,T1,en,true,,false,false,0,0.0,0.0
U003888,airport_150,2025-09-06 03:30:00+08,B015461,2025-09-11 03:30:00+08,Singapore,T1,ja,true,,false,false,0,0.0,0.0
U013196,control,2025-09-14 21:29:00+08,B017974,2025-09-19 21:29:00+08,Korea,T2,zh-TW,true,,false,false,0,0.0,0.0
U009997,control,2025-10-03 07:15:00+08,B007575,2025-10-08 07:15:00+08,Singapore,T2,ko,true,,false,false,0,0.0,0.0
U014532,airport_150,2025-09-24 01:05:00+08,B016030,2025-09-30 01:05:00+08,Thailand,T1,ko,true,,false,false,0,0.0,0.0
U023342,airport_150,2025-09-04 23:46:00+08,B015071,2025-09-07 23:46:00+08,Hong Kong,T2,zh-TW,true,,false,false,0,0.0,0.0
U025718,airport_150,2025-09-02 08:34:00+08,B012192,2025-09-04 08:34:00+08,Japan,T2,ja,true,,false,false,0,0.0,0.0
U015119,airport_150,2025-09-17 08:08:00+08,B017991,2025-09-19 08:08:00+08,Korea,T1,zh-TW,true,,false,false,0,0.0,0.0
U020963,bundle_100_100,2025-10-15 10:35:00+08,B004138,2025-10-17 10:35:00+08,Hong Kong,T2,en,true,,false,false,0,0.0,0.0
U005397,airport_150,2025-09-19 19:47:00+08,B015638,2025-09-25 19:47:00+08,Thailand,T2,zh-TW,true,,false,false,0,0.0,0.0
U022051,airport_150,2025-09-16 22:11:00+08,B014497,2025-09-20 22:11:00+08,Thailand,T2,zh-TW,true,,false,false,0,0.0,0.0
U028570,airport_150,2025-10-13 06:19:00+08,B001386,2025-10-14 06:19:00+08,Japan,T1,ja,true,,false,false,0,0.0,0.0
U021539,control,2025-10-21 07:39:00+08,B004081,2025-10-22 07:39:00+08,Thailand,T1,ja,true,,false,false,0,0.0,0.0
U023197,airport_150,2025-09-20 09:19:00+08,B014417,2025-09-24 09:19:00+08,USA,T1,ja,true,,false,false,0,0.0,0.0
U003674,control,2025-09-06 23:22:00+08,B003939,2025-09-11 23:22:00+08,Singapore,T1,ja,true,,false,false,0,0.0,0.0
U022560,airport_150,2025-09-04 21:16:00+08,B000549,2025-09-10 21:16:00+08,Korea,T1,en,true,,false,false,0,0.0,0.0
U026198,airport_150,2025-09-01 01:13:00+08,B011316,2025-09-05 01:13:00+08,Hong Kong,T2,zh-TW,true,,false,false,0,0.0,0.0
U028964,bundle_100_100,2025-10-10 11:24:00+08,B013765,2025-10-12 11:24:00+08,Thailand,T2,en,true,,false,false,0,0.0,0.0
U016058,airport_150,2025-10-11 22:49:00+08,B014437,2025-10-17 22:49:00+08,Hong Kong,T2,en,true,,false,false,0,0.0,0.0
U021774,airport_150,2025-09-30 11:02:00+08,B001116,2025-10-01 11:02:00+08,Japan,T1,zh-TW,true,,false,false,0,0.0,0.0
U022246,airport_150,2025-09-25 21:25:00+08,B001464,2025-09-28 21:25:00+08,Korea,T2,ko,true,,false,false,0,0.0,0.0
U022319,bundle_100_100,2025-09-18 22:02:00+08,B005143,2025-09-22 22:02:00+08,USA,T1,ko,true,,false,false,0,0.0,0.0
U022662,control,2025-10-22 22:06:00+08,B017004,2025-10-24 22:06:00+08,Hong Kong,T2,zh-TW,true,,false,false,0,0.0,0.0
U010083,bundle_100_100,2025-10-02 23:48:00+08,B004777,2025-10-05 23:48:00+08,Thailand,T2,en,true,,false,false,0,0.0,0.0
U006283,airport_150,2025-09-22 21:14:00+08,B017489,2025-09-27 21:14:00+08,Japan,T2,ko,true,,false,false,0,0.0,0.0
U003983,bundle_100_100,2025-10-19 15:42:00+08,B014601,2025-10-23 15:42:00+08,Korea,T2,en,true,,false,false,0,0.0,0.0
U005449,airport_150,2025-10-07 07:32:00+08,B010306,2025-10-10 07:32:00+08,Hong Kong,T2,zh-TW,true,,false,false,0,0.0,0.0
U007319,bundle_100_100,2025-09-03 21:42:00+08,B011031,2025-09-05 21:42:00+08,Singapore,T1,ja,true,,false,false,0,0.0,0.0
U001798,bundle_100_100,2025-09-09 22:59:00+08,B002328,2025-09-15 22:59:00+08,Singapore,T1,ko,true,,false,false,0,0.0,0.0
U016465,airport_150,2025-10-01 07:40:00+08,B016101,2025-10-03 07:40:00+08,USA,T2,en,true,,false,false,0,0.0,0.0
U028350,bundle_100_100,2025-09-11 04:47:00+08,B016394,2025-09-13 04:47:00+08,Singapore,T1,ko,true,,false,false,0,0.0,0.0
U008045,bundle_100_100,2025-10-09 22:34:00+08,B013779,2025-10-10 22:34:00+08,Korea,T2,zh-TW,true,,false,false,0,0.0,0.0
U025149,airport_150,2025-10-24 23:07:00+08,B004812,2025-10-25 23:07:00+08,USA,T1,zh-TW,true,,false,false,0,0.0,0.0
U003009,airport_150,2025-10-20 05:17:00+08,B006535,2025-10-25 05:17:00+08,Hong Kong,T2,ko,true,,false,false,0,0.0,0.0
U003445,airport_150,2025-09-09 22:18:00+08,B002494,2025-09-12 22:18:00+08,Hong Kong,T2,en,true,,false,false,0,0.0,0.0
U008780,airport_150,2025-09-25 13:01:00+08,B011668,2025-09-29 13:01:00+08,Japan,T2,ja,true,,false,false,0,0.0,0.0
U011136,control,2025-09-24 22:14:00+08,B011061,2025-09-28 22:14:00+08,Hong Kong,T1,ja,true,,false,false,0,0.0,0.0
U013673,bundle_100_100,2025-10-20 09:38:00+08,B017575,2025-10-23 09:38:00+08,Japan,T1,ja,true,,false,false,0,0.0,0.0
U027448,bundle_100_100,2025-09-10 04:14:00+08,B001288,2025-09-11 04:14:00+08,Singapore,T2,zh-TW,true,,false,false,0,0.0,0.0
U027085,control,2025-09-04 03:22:00+08,B006542,2025-09-08 03:22:00+08,Japan,T1,zh-TW,true,,false,false,0,0.0,0.0
U027063,control,2025-10-20 11:59:00+08,B008556,2025-10-26 11:59:00+08,Hong Kong,T1,zh-TW,true,,false,false,0,0.0,0.0
U029953,bundle_100_100,2025-10-11 16:53:00+08,B001803,2025-10-13 16:53:00+08,Japan,T1,ko,true,,false,false,0,0.0,0.0
U012758,bundle_100_100,2025-09-03 09:03:00+08,B008191,2025-09-06 09:03:00+08,USA,T1,zh-TW,true,,false,false,0,0.0,0.0
U013395,bundle_100_100,2025-10-15 15:00:00+08,B012013,2025-10-19 15:00:00+08,Thailand,T2,zh-TW,true,,false,false,0,0.0,0.0
U008942,airport_150,2025-10-17 19:44:00+08,B000924,2025-10-19 19:44:00+08,Korea,T1,zh-TW,true,,false,false,2,539.4,0.0
U023508,bundle_100_100,2025-10-19 02:34:00+08,B006131,2025-10-25 02:34:00+08,Thailand,T1,ko,true,,false,false,0,0.0,0.0
U002638,control,2025-09-23 17:21:00+08,B016565,2025-09-27 17:21:00+08,Hong Kong,T1,en,true,,false,false,0,0.0,0.0
U004449,airport_150,2025-10-14 08:44:00+08,B001127,2025-10-16 08:44:00+08,Korea,T1,zh-TW,true,,false,false,0,0.0,0.0
U011086,airport_150,2025-10-20 09:43:00+08,B002237,2025-10-21 09:43:00+08,Hong Kong,T1,ja,true,,false,false,0,0.0,0.0
U022131,airport_150,2025-10-13 08:57:00+08,B001908,2025-10-15 08:57:00+08,USA,T2,zh-TW,true,,false,false,0,0.0,0.0
U004775,bundle_100_100,2025-09-03 19:56:00+08,B015132,2025-09-06 19:56:00+08,Japan,T1,zh-TW,true,,false,false,0,0.0,0.0
U002238,bundle_100_100,2025-09-12 05:43:00+08,B006104,2025-09-18 05:43:00+08,Thailand,T2,zh-TW,true,,false,false,0,0.0,0.0
U019027,bundle_100_100,2025-09-08 03:41:00+08,B001372,2025-09-11 03:41:00+08,Singapore,T2,zh-TW,true,,false,false,0,0.0,0.0
U005476,bundle_100_100,2025-09-25 07:50:00+08,B017135,2025-09-30 07:50:00+08,Japan,T1,zh-TW,true,,false,false,0,0.0,0.0
U001719,airport_150,2025-10-09 05:26:00+08,B002071,2025-10-11 05:26:00+08,Hong Kong,T2,zh-TW,true,,false,false,1,54.6,0.0
U010234,airport_150,2025-09-23 08:03:00+08,B013729,2025-09-25 08:03:00+08,Thailand,T1,ja,true,,false,false,0,0.0,0.0
U019998,airport_150,2025-10-11 10:16:00+08,B002139,2025-10-16 10:16:00+08,USA,T2,zh-TW,true,,false,false,0,0.0,0.0
U027273,bundle_100_100,2025-10-21 22:57:00+08,B011424,2025-10-24 22:57:00+08,Hong Kong,T1,en,true,,false,false,0,0.0,0.0
U001105,airport_150,2025-09-22 07:12:00+08,B012732,2025-09-23 07:12:00+08,Singapore,T1,ko,true,,false,false,0,0.0,0.0
U008336,bundle_100_100,2025-09-26 05:25:00+08,B005350,2025-09-29 05:25:00+08,Thailand,T1,ja,true,,false,false,0,0.0,0.0
U024738,airport_150,2025-10-14 06:59:00+08,B014493,2025-10-15 06:59:00+08,Thailand,T1,en,true,,false,false,0,0.0,0.0
U006495,bundle_100_100,2025-09-06 04:27:00+08,B016152,2025-09-09 04:27:00+08,Korea,T1,ja,true,,false,false,0,0.0,0.0
U018300,bundle_100_100,2025-10-20 21:40:00+08,B015262,2025-10-26 21:40:00+08,USA,T2,ja,true,,false,false,0,0.0,0.0
U022956,bundle_100_100,2025-09-19 00:07:00+08,B014338,2025-09-22 00:07:00+08,USA,T2,en,true,,false,false,0,0.0,0.0
U027411,bundle_100_100,2025-10-19 10:28:00+08,B015361,2025-10-24 10:28:00+08,USA,T1,en,true,,false,false,1,144.0,0.0
U027660,airport_150,2025-09-18 16:50:00+08,B005944,2025-09-24 16:50:00+08,Thailand,T1,zh-TW,true,,false,false,0,0.0,0.0
U025880,airport_150,2025-09-15 16:29:00+08,B013663,2025-09-16 16:29:00+08,Korea,T1,ko,true,,false,false,0,0.0,0.0
U004422,airport_150,2025-09-07 07:21:00+08,B006036,2025-09-12 07:21:00+08,Japan,T2,zh-TW,true,,false,false,1,69.0,0.0
U019839,airport_150,2025-09-10 20:50:00+08,B017917,2025-09-11 20:50:00+08,Thailand,T1,ko,true,,false,false,0,0.0,0.0
U007465,airport_150,2025-09-27 05:33:00+08,B006243,2025-09-29 05:33:00+08,Thailand,T2,zh-TW,true,,false,false,0,0.0,0.0
U023351,bundle_100_100,2025-09-06 20:06:00+08,B006900,2025-09-09 20:06:00+08,Singapore,T2,ko,true,,false,false,0,0.0,0.0
U026391,airport_150,2025-09-02 05:15:00+08,B007411,2025-09-05 05:15:00+08,Japan,T2,ko,true,,false,false,0,0.0,0.0
U006009,bundle_100_100,2025-10-17 09:10:00+08,B003612,2025-10-22 09:10:00+08,Thailand,T2,ja,true,,false,false,0,0.0,0.0
U024640,airport_150,2025-09-19 00:06:00+08,B009324,2025-09-23 00:06:00+08,Thailand,T1,zh-TW,true,,false,false,0,0.0,0.0
U006984,airport_150,2025-10-02 18:14:00+08,B013084,2025-10-04 18:14:00+08,Japan,T2,ja,true,,false,false,0,0.0,0.0
U026914,bundle_100_100,2025-10-18 03:38:00+08,B008790,2025-10-23 03:38:00+08,Japan,T1,en,true,,false,false,0,0.0,0.0
U014610,airport_150,2025-10-07 19:56:00+08,B011761,2025-10-11 19:56:00+08,Hong Kong,T2,zh-TW,true,,false,false,0,0.0,0.0
U023568,airport_150,2025-09-29 06:19:00+08,B016724,2025-10-01 06:19:00+08,Singapore,T1,ja,true,,false,false,0,0.0,0.0
U013537,airport_150,2025-09-15 23:29:00+08,B017252,2025-09-18 23:29:00+08,USA,T2,ko,true,,false,false,0,0.0,0.0
U004552,airport_150,2025-09-09 00:49:00+08,B009893,2025-09-11 00:49:00+08,Japan,T1,en,true,,false,false,0,0.0,0.0
U008557,airport_150,2025-09-01 10:16:00+08,B013868,2025-09-04 10:16:00+08,Thailand,T1,ko,true,,false,false,0,0.0,0.0
U017488,bundle_100_100,2025-09-15 21:24:00+08,B003761,2025-09-17 21:24:00+08,USA,T1,en,true,,false,false,0,0.0,0.0
U025464,control,2025-09-16 14:25:00+08,B004438,2025-09-22 14:25:00+08,Singapore,T2,zh-TW,true,,false,false,0,0.0,0.0
U004584,bundle_100_100,2025-09-13 10:22:00+08,B005991,2025-09-15 10:22:00+08,USA,T1,ko,true,,false,false,0,0.0,0.0
U006541,airport_150,2025-10-06 02:48:00+08,B013181,2025-10-10 02:48:00+08,Japan,T1,en,true,,false,false,0,0.0,0.0
U020694,bundle_100_100,2025-10-07 22:26:00+08,B001651,2025-10-08 22:26:00+08,Japan,T1,en,true,,false,false,1,68.7,0.0
U025553,bundle_100_100,2025-10-07 06:31:00+08,B001934,2025-10-12 06:31:00+08,Japan,T2,zh-TW,true,,false,false,0,0.0,0.0
U008722,bundle_100_100,2025-09-19 23:36:00+08,B010991,2025-09-24 23:36:00+08,Thailand,T1,ja,true,,false,false,0,0.0,0.0
U028625,bundle_100_100,2025-09-19 07:49:00+08,B009321,2025-09-21 07:49:00+08,Korea,T1,en,true,,false,false,0,0.0,0.0
U003830,airport_150,2025-09-10 17:56:00+08,B002112,2025-09-13 17:56:00+08,USA,T1,zh-TW,true,,false,false,0,0.0,0.0
U019387,airport_150,2025-09-21 23:16:00+08,B017158,2025-09-22 23:16:00+08,Korea,T1,zh-TW,true,,false,false,0,0.0,0.0
U023598,bundle_100_100,2025-09-01 05:18:00+08,B007005,2025-09-06 05:18:00+08,Korea,T1,ja,true,,false,false,0,0.0,0.0
U011363,airport_150,2025-09-08 07:38:00+08,B001036,2025-09-11 07:38:00+08,Thailand,T1,ja,true,,false,false,0,0.0,0.0
U006853,bundle_100_100,2025-09-19 20:38:00+08,B002025,2025-09-23 20:38:00+08,Japan,T1,en,true,,false,false,0,0.0,0.0
U013910,bundle_100_100,2025-09-17 01:10:00+08,B002657,2025-09-20 01:10:00+08,Japan,T1,en,true,,false,false,0,0.0,0.0
U012419,airport_150,2025-10-21 07:49:00+08,B011235,2025-10-23 07:49:00+08,Korea,T1,ja,true,,false,false,0,0.0,0.0
U026820,airport_150,2025-10-19 08:04:00+08,B005920,2025-10-20 08:04:00+08,Japan,T2,ja,true,,false,false,0,0.0,0.0
U004797,bundle_100_100,2025-10-01 18:20:00+08,B000860,2025-10-03 18:20:00+08,Korea,T2,zh-TW,true,,false,false,0,0.0,0.0
U008266,bundle_100_100,2025-10-09 04:31:00+08,B011619,2025-10-13 04:31:00+08,USA,T2,zh-TW,true,,false,false,0,0.0,0.0
U012221,airport_150,2025-09-21 06:43:00+08,B008069,2025-09-26 06:43:00+08,Singapore,T2,zh-TW,true,,false,false,0,0.0,0.0
U016267,airport_150,2025-09-16 05:04:00+08,B004131,2025-09-21 05:04:00+08,USA,T1,ko,true,,false,false,0,0.0,0.0
U026478,airport_150,2025-09-23 03:37:00+08,B004845,2025-09-29 03:37:00+08,Singapore,T1,ko,true,,false,false,0,0.0,0.0
U011079,airport_150,2025-09-06 22:11:00+08,B007822,2025-09-08 22:11:00+08,USA,T2,ja,true,,false,false,0,0.0,0.0
U013588,bundle_100_100,2025-09-13 07:12:00+08,B013420,2025-09-15 07:12:00+08,Japan,T1,ja,true,,false,false,0,0.0,0.0
U013666,airport_150,2025-09-11 09:58:00+08,B003550,2025-09-12 09:58:00+08,Thailand,T1,ko,true,,false,false,0,0.0,0.0
U005899,bundle_100_100,2025-10-01 13:01:00+08,B007053,2025-10-02 13:01:00+08,USA,T2,zh-TW,true,,false,false,0,0.0,0.0
U015805,bundle_100_100,2025-10-05 20:12:00+08,B017427,2025-10-07 20:12:00+08,USA,T1,zh-TW,true,,false,false,0,0.0,0.0
U024076,bundle_100_100,2025-10-17 06:02:00+08,B012625,2025-10-19 06:02:00+08,Thailand,T1,ja,true,,false,false,0,0.0,0.0
U029695,airport_150,2025-10-10 20:17:00+08,B006510,2025-10-12 20:17:00+08,Japan,T1,ja,true,,false,false,0,0.0,0.0
U020104,bundle_100_100,2025-10-12 05:07:00+08,B016621,2025-10-13 05:07:00+08,Singapore,T2,en,true,,false,false,0,0.0,0.0
U004577,control,2025-09-09 18:36:00+08,B001344,2025-09-14 18:36:00+08,Thailand,T1,ko,true,,false,false,0,0.0,0.0
U018540,airport_150,2025-09-10 16:31:00+08,B009719,2025-09-14 16:31:00+08,Singapore,T1,ja,true,,false,false,0,0.0,0.0
U003316,bundle_100_100,2025-09-29 20:06:00+08,B002043,2025-10-01 20:06:00+08,Thailand,T1,en,true,,false,false,0,0.0,0.0
U009810,control,2025-10-12 12:33:00+08,B000050,2025-10-17 12:33:00+08,Japan,T1,zh-TW,true,,false,false,1,53.1,0.0
U026834,bundle_100_100,2025-10-08 02:59:00+08,B002450,2025-10-14 02:59:00+08,Hong Kong,T2,ko,true,,false,false,0,0.0,0.0
U009377,bundle_100_100,2025-09-25 19:54:00+08,B013114,2025-09-26 19:54:00+08,Singapore,T2,ko,true,,false,false,0,0.0,0.0
U017026,airport_150,2025-09-12 07:01:00+08,B016192,2025-09-16 07:01:00+08,Korea,T1,ja,true,,false,false,0,0.0,0.0
U009840,airport_150,2025-10-12 23:28:00+08,B002522,2025-10-15 23:28:00+08,Korea,T2,ja,true,,false,false,0,0.0,0.0
U012677,bundle_100_100,2025-09-09 06:34:00+08,B007868,2025-09-15 06:34:00+08,USA,T1,en,true,,false,false,0,0.0,0.0
U022352,control,2025-09-25 07:21:00+08,B012081,2025-09-29 07:21:00+08,Singapore,T2,zh-TW,true,,false,false,0,0.0,0.0
U023046,airport_150,2025-09-17 18:01:00+08,B010719,2025-09-23 18:01:00+08,USA,T1,ko,true,,false,false,0,0.0,0.0
U002683,bundle_100_100,2025-10-19 05:29:00+08,B008459,2025-10-21 05:29:00+08,USA,T1,en,true,,false,false,0,0.0,0.0
U009467,bundle_100_100,2025-09-10 23:03:00+08,B002354,2025-09-15 23:03:00+08,Thailand,T1,en,true,,false,false,0,0.0,0.0
U013147,bundle_100_100,2025-09-20 19:24:00+08,B007768,2025-09-24 19:24:00+08,Singapore,T2,ko,true,,false,false,0,0.0,0.0
U001624,airport_150,2025-10-03 01:49:00+08,B001601,2025-10-05 01:49:00+08,Hong Kong,T1,ja,true,,false,false,0,0.0,0.0
U003067,bundle_100_100,2025-10-08 19:56:00+08,B010350,2025-10-10 19:56:00+08,Korea,T2,ja,true,,false,false,0,0.0,0.0
U018492,bundle_100_100,2025-09-11 04:40:00+08,B003964,2025-09-16 04:40:00+08,Korea,T1,ko,true,,false,false,1,211.2,0.0
U027310,airport_150,2025-10-07 21:53:00+08,B001337,2025-10-10 21:53:00+08,Korea,T1,zh-TW,true,,false,false,0,0.0,0.0
U003279,bundle_100_100,2025-09-19 07:25:00+08,B017994,2025-09-20 07:25:00+08,Japan,T2,ja,true,,false,false,0,0.0,0.0
U013877,bundle_100_100,2025-10-10 08:05:00+08,B013017,2025-10-14 08:05:00+08,Singapore,T1,ko,true,,false,false,0,0.0,0.0
U016227,bundle_100_100,2025-10-09 04:54:00+08,B000527,2025-10-15 04:54:00+08,Korea,T2,en,true,,false,false,0,0.0,0.0
U012141,bundle_100_100,2025-09-20 22:38:00+08,B003040,2025-09-26 22:38:00+08,Korea,T1,ja,true,,false,false,0,0.0,0.0
U017194,bundle_100_100,2025-09-12 00:03:00+08,B003464,2025-09-18 00:03:00+08,Japan,T1,ko,true,,false,false,0,0.0,0.0
U028785,bundle_100_100,2025-10-09 00:09:00+08,B009643,2025-10-11 00:09:00+08,Hong Kong,T2,en,true,,false,false,0,0.0,0.0
U003996,airport_150,2025-09-21 07:10:00+08,B003188,2025-09-23 07:10:00+08,Japan,T2,zh-TW,true,,false,false,0,0.0,0.0
U006055,airport_150,2025-10-10 05:19:00+08,B011923,2025-10-12 05:19:00+08,USA,T1,ko,true,,false,false,0,0.0,0.0
U010020,bundle_100_100,2025-10-05 22:48:00+08,B011791,2025-10-11 22:48:00+08,Thailand,T2,en,true,,false,false,0,0.0,0.0
U023360,bundle_100_100,2025-09-07 08:14:00+08,B005370,2025-09-13 08:14:00+08,Singapore,T1,ko,true,,false,false,0,0.0,0.0
U023433,control,2025-09-07 14:38:00+08,B006112,2025-09-12 14:38:00+08,Korea,T1,zh-TW,true,,false,false,0,0.0,0.0
U024385,bundle_100_100,2025-09-05 20:43:00+08,B007559,2025-09-07 20:43:00+08,Japan,T1,ko,true,,false,false,0,0.0,0.0
U008926,bundle_100_100,2025-10-08 08:33:00+08,B009779,2025-10-14 08:33:00+08,Hong Kong,T2,zh-TW,true,,false,false,0,0.0,0.0
U013949,airport_150,2025-10-02 22:00:00+08,B014335,2025-10-06 22:00:00+08,Korea,T1,en,true,,false,false,0,0.0,0.0
U020515,airport_150,2025-09-08 11:28:00+08,B013600,2025-09-12 11:28:00+08,Singapore,T2,ja,true,,false,false,0,0.0,0.0
U005852,bundle_100_100,2025-10-17 05:13:00+08,B016894,2025-10-21 05:13:00+08,Singapore,T1,ko,true,,false,false,0,0.0,0.0
U016088,airport_150,2025-10-04 07:35:00+08,B014398,2025-10-05 07:35:00+08,Japan,T2,en,true,,false,false,0,0.0,0.0
U020758,airport_150,2025-09-23 08:13:00+08,B014328,2025-09-28 08:13:00+08,Singapore,T1,ko,true,,false,false,0,0.0,0.0
U022389,bundle_100_100,2025-09-03 09:16:00+08,B012754,2025-09-06 09:16:00+08,Thailand,T2,ko,true,,false,false,0,0.0,0.0
U007671,control,2025-10-09 01:53:00+08,B015563,2025-10-13 01:53:00+08,Korea,T2,ja,true,,false,false,0,0.0,0.0
U028306,airport_150,2025-09-13 16:10:00+08,B001819,2025-09-14 16:10:00+08,USA,T2,zh-TW,true,,false,false,0,0.0,0.0
U013859,airport_150,2025-10-04 08:33:00+08,B000633,2025-10-09 08:33:00+08,Singapore,T1,ja,true,,false,false,0,0.0,0.0
U017925,bundle_100_100,2025-09-24 15:18:00+08,B001525,2025-09-25 15:18:00+08,USA,T1,zh-TW,true,,false,false,0,0.0,0.0
U012320,bundle_100_100,2025-09-09 10:04:00+08,B006000,2025-09-10 10:04:00+08,Japan,T1,ko,true,,false,false,0,0.0,0.0
U001778,bundle_100_100,2025-10-03 17:30:00+08,B007882,2025-10-06 17:30:00+08,Japan,T2,en,true,,false,false,0,0.0,0.0
U004728,bundle_100_100,2025-10-21 21:03:00+08,B005782,2025-10-23 21:03:00+08,Hong Kong,T2,ko,true,,false,false,0,0.0,0.0
U007546,airport_150,2025-09-25 06:00:00+08,B002136,2025-09-28 06:00:00+08,Japan,T1,en,true,,false,false,0,0.0,0.0
U019315,bundle_100_100,2025-09-24 08:16:00+08,B013136,2025-09-29 08:16:00+08,Japan,T2,en,true,,false,false,0,0.0,0.0
U020444,airport_150,2025-09-17 14:33:00+08,B008163,2025-09-19 14:33:00+08,Japan,T2,en,true,,false,false,0,0.0,0.0
U005174,bundle_100_100,2025-09-28 17:27:00+08,B000962,2025-10-02 17:27:00+08,Korea,T1,ja,true,,false,false,0,0.0,0.0
U021482,airport_150,2025-09-29 17:45:00+08,B013048,2025-10-03 17:45:00+08,USA,T2,ja,true,,false,false,0,0.0,0.0
U016823,bundle_100_100,2025-10-14 23:29:00+08,B015340,2025-10-18 23:29:00+08,Thailand,T2,zh-TW,true,,false,false,0,0.0,0.0
U022830,airport_150,2025-09-29 23:27:00+08,B007688,2025-10-03 23:27:00+08,Singapore,T1,en,true,,false,false,0,0.0,0.0
U009514,airport_150,2025-09-29 09:11:00+08,B006340,2025-10-01 09:11:00+08,USA,T1,ko,true,,false,false,0,0.0,0.0
U009444,control,2025-09-18 08:12:00+08,B012826,2025-09-24 08:12:00+08,Korea,T1,ja,true,,false,false,0,0.0,0.0
U021915,airport_150,2025-09-30 05:06:00+08,B002080,2025-10-04 05:06:00+08,Japan,T1,ja,true,,false,false,0,0.0,0.0
U009990,bundle_100_100,2025-09-07 04:25:00+08,B000119,2025-09-08 04:25:00+08,Hong Kong,T2,ja,true,,false,false,1,81.89999999999999,0.0
U025142,control,2025-10-05 22:48:00+08,B002162,2025-10-06 22:48:00+08,Singapore,T2,ja,true,,false,false,0,0.0,0.0
U000516,airport_150,2025-10-09 23:48:00+08,B016237,2025-10-15 23:48:00+08,USA,T2,zh-TW,true,,false,false,0,0.0,0.0
U005235,airport_150,2025-10-16 11:40:00+08,B015868,2025-10-21 11:40:00+08,Hong Kong,T2,ko,true,,false,false,0,0.0,0.0
U021054,airport_150,2025-09-06 11:37:00+08,B004599,2025-09-09 11:37:00+08,USA,T2,zh-TW,true,,false,false,0,0.0,0.0
U024025,control,2025-10-15 04:40:00+08,B004524,2025-10-17 04:40:00+08,Thailand,T2,ja,true,,false,false,0,0.0,0.0
U026230,bundle_100_100,2025-10-17 04:31:00+08,B013467,2025-10-21 04:31:00+08,Singapore,T1,ko,true,,false,false,0,0.0,0.0
U026989,airport_150,2025-10-20 21:15:00+08,B002457,2025-10-23 21:15:00+08,Singapore,T2,ko,true,,false,false,0,0.0,0.0
U003174,bundle_100_100,2025-10-15 22:09:00+08,B011205,2025-10-18 22:09:00+08,Thailand,T1,ko,true,,false,false,0,0.0,0.0
U009816,bundle_100_100,2025-09-03 23:22:00+08,B000437,2025-09-06 23:22:00+08,Korea,T2,en,true,,false,false,0,0.0,0.0
U015462,bundle_100_100,2025-10-03 22:36:00+08,B012161,2025-10-09 22:36:00+08,Hong Kong,T2,zh-TW,true,,false,false,0,0.0,0.0
U026814,control,2025-09-22 23:35:00+08,B012433,2025-09-28 23:35:00+08,Singapore,T1,zh-TW,true,,false,false,0,0.0,0.0
U003386,airport_150,2025-10-04 05:21:00+08,B005054,2025-10-07 05:21:00+08,Japan,T1,zh-TW,true,,false,false,0,0.0,0.0
U002726,bundle_100_100,2025-09-20 19:42:00+08,B010725,2025-09-23 19:42:00+08,USA,T1,ko,true,,false,false,0,0.0,0.0
U014492,airport_150,2025-09-28 23:48:00+08,B013141,2025-09-29 23:48:00+08,Singapore,T1,ja,true,,false,false,0,0.0,0.0
U007520,control,2025-10-03 09:53:00+08,B016889,2025-10-06 09:53:00+08,USA,T1,ko,true,,false,false,0,0.0,0.0
U020765,airport_150,2025-09-20 18:47:00+08,B002384,2025-09-25 18:47:00+08,Korea,T2,zh-TW,true,,false,false,0,0.0,0.0
U001580,airport_150,2025-09-03 15:11:00+08,B010079,2025-09-05 15:11:00+08,Singapore,T1,zh-TW,true,,false,false,1,54.6,0.0
U028663,bundle_100_100,2025-09-09 21:50:00+08,B010215,2025-09-15 21:50:00+08,Singapore,T2,en,true,,false,false,0,0.0,0.0
U017689,bundle_100_100,2025-10-16 21:12:00+08,B009125,2025-10-22 21:12:00+08,USA,T2,ko,true,,false,false,0,0.0,0.0
U005862,control,2025-09-02 01:42:00+08,B008852,2025-09-08 01:42:00+08,Hong Kong,T1,zh-TW,true,,false,false,0,0.0,0.0
U016901,airport_150,2025-09-29 15:36:00+08,B004579,2025-10-05 15:36:00+08,Thailand,T1,ko,true,,false,false,0,0.0,0.0
U001059,airport_150,2025-09-04 02:54:00+08,B016475,2025-09-07 02:54:00+08,Korea,T1,ko,true,,false,false,0,0.0,0.0
U012735,airport_150,2025-09-12 22:02:00+08,B008624,2025-09-13 22:02:00+08,Korea,T1,ja,true,,false,false,1,254.7,0.0
U005607,airport_150,2025-09-19 04:13:00+08,B005450,2025-09-23 04:13:00+08,Singapore,T2,en,true,,false,false,0,0.0,0.0
U008880,bundle_100_100,2025-09-10 08:25:00+08,B013677,2025-09-15 08:25:00+08,Japan,T2,zh-TW,true,,false,false,0,0.0,0.0
U026491,bundle_100_100,2025-09-29 20:04:00+08,B000227,2025-09-30 20:04:00+08,Thailand,T2,ko,true,,false,false,0,0.0,0.0
U009227,airport_150,2025-09-03 06:26:00+08,B012804,2025-09-06 06:26:00+08,Korea,T1,ko,true,,false,false,0,0.0,0.0
U010058,control,2025-10-18 20:39:00+08,B003546,2025-10-20 20:39:00+08,Thailand,T1,en,true,,false,false,0,0.0,0.0
U009321,airport_150,2025-09-27 16:46:00+08,B003385,2025-09-29 16:46:00+08,Singapore,T2,en,true,,false,false,1,211.5,0.0
U016881,control,2025-09-23 21:10:00+08,B006289,2025-09-26 21:10:00+08,Thailand,T2,zh-TW,true,,false,false,0,0.0,0.0
U019115,airport_150,2025-09-21 20:22:00+08,B003599,2025-09-23 20:22:00+08,Hong Kong,T1,zh-TW,true,,false,false,1,223.79999999999998,0.0
U011781,airport_150,2025-09-26 22:25:00+08,B001765,2025-09-28 22:25:00+08,Thailand,T1,ja,true,,false,false,0,0.0,0.0
U028993,control,2025-10-05 22:49:00+08,B004605,2025-10-07 22:49:00+08,USA,T2,ko,true,,false,false,0,0.0,0.0
U010432,airport_150,2025-09-22 05:51:00+08,B017970,2025-09-23 05:51:00+08,Thailand,T2,ja,true,,false,false,0,0.0,0.0
U028983,airport_150,2025-09-27 22:40:00+08,B003112,2025-09-29 22:40:00+08,Singapore,T1,zh-TW,true,,false,false,0,0.0,0.0
U021151,control,2025-09-03 08:36:00+08,B001082,2025-09-06 08:36:00+08,Japan,T2,zh-TW,true,,false,false,0,0.0,0.0
U023154,airport_150,2025-10-16 12:49:00+08,B012328,2025-10-19 12:49:00+08,Japan,T2,ja,true,,false,false,0,0.0,0.0
U028638,bundle_100_100,2025-09-16 07:13:00+08,B011738,2025-09-18 07:13:00+08,Thailand,T2,ja,true,,false,false,0,0.0,0.0
U018398,airport_150,2025-10-02 06:53:00+08,B012367,2025-10-04 06:53:00+08,Hong Kong,T2,ja,true,,false,false,0,0.0,0.0
U003168,airport_150,2025-09-05 22:02:00+08,B013217,2025-09-07 22:02:00+08,Hong Kong,T2,zh-TW,true,,false,false,0,0.0,0.0
U014899,airport_150,2025-09-03 08:59:00+08,B014718,2025-09-09 08:59:00+08,USA,T2,en,true,,false,false,0,0.0,0.0
U029761,airport_150,2025-10-10 07:01:00+08,B016874,2025-10-12 07:01:00+08,Singapore,T1,en,true,,false,false,0,0.0,0.0
U013617,bundle_100_100,2025-10-08 03:04:00+08,B002003,2025-10-10 03:04:00+08,Hong Kong,T2,en,true,,false,false,0,0.0,0.0
U004685,bundle_100_100,2025-10-06 21:38:00+08,B011751,2025-10-10 21:38:00+08,USA,T1,zh-TW,true,,false,false,0,0.0,0.0
U027303,bundle_100_100,2025-10-02 07:36:00+08,B002602,2025-10-06 07:36:00+08,Hong Kong,T2,zh-TW,true,,false,false,0,0.0,0.0
U011339,airport_150,2025-09-13 05:50:00+08,B007714,2025-09-18 05:50:00+08,Thailand,T2,ja,true,,false,false,0,0.0,0.0
U017751,bundle_100_100,2025-09-16 20:38:00+08,B004072,2025-09-21 20:38:00+08,Thailand,T1,en,true,,false,false,0,0.0,0.0
U025532,airport_150,2025-10-05 00:24:00+08,B005283,2025-10-09 00:24:00+08,Japan,T1,zh-TW,true,,false,false,1,51.6,0.0
U013557,airport_150,2025-10-10 05:24:00+08,B008110,2025-10-11 05:24:00+08,USA,T2,zh-TW,true,,false,false,0,0.0,0.0
U018767,airport_150,2025-09-05 09:24:00+08,B007777,2025-09-08 09:24:00+08,USA,T1,ko,true,,false,false,0,0.0,0.0
U024146,bundle_100_100,2025-09-15 22:10:00+08,B006134,2025-09-21 22:10:00+08,Thailand,T1,ko,true,,false,false,0,0.0,0.0
U010449,bundle_100_100,2025-09-04 22:37:00+08,B009798,2025-09-10 22:37:00+08,Thailand,T2,en,true,,false,false,1,294.59999999999997,0.0
U019602,bundle_100_100,2025-10-05 09:50:00+08,B000383,2025-10-07 09:50:00+08,Hong Kong,T2,ko,true,,false,false,0,0.0,0.0
U001138,control,2025-09-12 11:57:00+08,B001176,2025-09-14 11:57:00+08,Singapore,T2,en,true,,false,false,1,45.0,0.0
U009202,airport_150,2025-09-22 06:21:00+08,B015741,2025-09-27 06:21:00+08,Thailand,T1,en,true,,false,false,0,0.0,0.0
U027767,airport_150,2025-10-15 18:45:00+08,B003384,2025-10-18 18:45:00+08,Japan,T1,zh-TW,true,,false,false,0,0.0,0.0
U000121,control,2025-10-09 05:46:00+08,B004130,2025-10-10 05:46:00+08,Hong Kong,T1,ja,true,,false,false,0,0.0,0.0
U016590,airport_150,2025-09-24 20:24:00+08,B010190,2025-09-30 20:24:00+08,Korea,T1,ja,true,,false,false,0,0.0,0.0
U017289,control,2025-09-24 06:18:00+08,B016851,2025-09-27 06:18:00+08,Japan,T1,en,true,,false,false,0,0.0,0.0
U025916,airport_150,2025-10-13 21:58:00+08,B013063,2025-10-16 21:58:00+08,Hong Kong,T1,zh-TW,true,,false,false,0,0.0,0.0
U002046,bundle_100_100,2025-09-10 19:33:00+08,B017509,2025-09-16 19:33:00+08,Korea,T2,en,true,,false,false,0,0.0,0.0
U011190,airport_150,2025-09-17 09:37:00+08,B016761,2025-09-20 09:37:00+08,Japan,T2,zh-TW,true,,false,false,0,0.0,0.0
U020912,airport_150,2025-09-01 08:24:00+08,B008605,2025-09-06 08:24:00+08,Thailand,T1,ko,true,,false,false,0,0.0,0.0
U021306,bundle_100_100,2025-09-18 10:46:00+08,B004528,2025-09-21 10:46:00+08,Japan,T2,ko,true,,false,false,0,0.0,0.0
U003207,bundle_100_100,2025-09-07 15:23:00+08,B007596,2025-09-10 15:23:00+08,Singapore,T1,zh-TW,true,,false,false,0,0.0,0.0
U017888,airport_150,2025-10-07 09:43:00+08,B005715,2025-10-09 09:43:00+08,Japan,T2,ja,true,,false,false,0,0.0,0.0
U005929,control,2025-10-17 10:42:00+08,B007032,2025-10-23 10:42:00+08,Hong Kong,T2,en,true,,false,false,0,0.0,0.0
U003298,bundle_100_100,2025-09-10 03:43:00+08,B006030,2025-09-14 03:43:00+08,Korea,T1,ko,true,,false,false,0,0.0,0.0
U002447,airport_150,2025-09-03 16:29:00+08,B007204,2025-09-05 16:29:00+08,USA,T1,en,true,,false,false,0,0.0,0.0
U019110,control,2025-10-19 04:54:00+08,B009492,2025-10-24 04:54:00+08,Japan,T1,ja,true,,false,false,0,0.0,0.0
U029797,bundle_100_100,2025-10-08 09:33:00+08,B016131,2025-10-10 09:33:00+08,Thailand,T1,ko,true,,false,false,0,0.0,0.0
U010064,airport_150,2025-09-05 22:05:00+08,B017071,2025-09-09 22:05:00+08,Japan,T1,ko,true,,false,false,0,0.0,0.0
U016673,bundle_100_100,2025-10-07 06:17:00+08,B015955,2025-10-08 06:17:00+08,Korea,T2,ko,true,,false,false,0,0.0,0.0
U019693,airport_150,2025-10-14 02:02:00+08,B014685,2025-10-20 02:02:00+08,Korea,T2,en,true,,false,false,0,0.0,0.0
U023094,airport_150,2025-10-14 01:29:00+08,B001850,2025-10-15 01:29:00+08,Japan,T1,zh-TW,true,,false,false,0,0.0,0.0
U022431,bundle_100_100,2025-10-10 00:56:00+08,B000415,2025-10-12 00:56:00+08,Japan,T2,ko,true,,false,false,0,0.0,0.0
U016181,airport_150,2025-10-04 07:45:00+08,B013025,2025-10-08 07:45:00+08,Korea,T2,ko,true,,false,false,0,0.0,0.0
U019023,control,2025-09-08 01:30:00+08,B016647,2025-09-13 01:30:00+08,Hong Kong,T1,ko,true,,false,false,0,0.0,0.0
U014502,control,2025-09-22 21:56:00+08,B011171,2025-09-25 21:56:00+08,Singapore,T2,en,true,,false,false,0,0.0,0.0
U022341,bundle_100_100,2025-09-17 12:19:00+08,B007125,2025-09-21 12:19:00+08,Japan,T2,ko,true,,false,false,0,0.0,0.0
U024039,airport_150,2025-10-17 03:47:00+08,B008424,2025-10-20 03:47:00+08,Korea,T1,ko,true,,false,false,0,0.0,0.0
U024436,airport_150,2025-10-08 15:06:00+08,B015288,2025-10-12 15:06:00+08,USA,T2,ja,true,,false,false,0,0.0,0.0
U001423,bundle_100_100,2025-09-10 20:15:00+08,B015108,2025-09-11 20:15:00+08,Japan,T1,en,true,,false,false,0,0.0,0.0
U011526,airport_150,2025-10-12 20:29:00+08,B000682,2025-10-15 20:29:00+08,Singapore,T2,ko,true,,false,false,0,0.0,0.0
U012084,bundle_100_100,2025-09-06 05:22:00+08,B006566,2025-09-07 05:22:00+08,Japan,T1,ja,true,,false,false,0,0.0,0.0
U022505,bundle_100_100,2025-09-08 23:05:00+08,B014503,2025-09-14 23:05:00+08,Japan,T1,zh-TW,true,,false,false,0,0.0,0.0
U006491,airport_150,2025-10-22 22:43:00+08,B001412,2025-10-25 22:43:00+08,Korea,T2,ja,true,,false,false,0,0.0,0.0
U016617,bundle_100_100,2025-10-12 22:51:00+08,B005951,2025-10-17 22:51:00+08,USA,T1,zh-TW,true,,false,false,0,0.0,0.0
U002053,bundle_100_100,2025-10-04 23:52:00+08,B011573,2025-10-05 23:52:00+08,USA,T2,ko,true,,false,false,0,0.0,0.0
U017504,bundle_100_100,2025-09-15 23:57:00+08,B013210,2025-09-16 23:57:00+08,Singapore,T2,zh-TW,true,,false,false,0,0.0,0.0
U009353,bundle_100_100,2025-10-08 16:06:00+08,B000581,2025-10-11 16:06:00+08,Singapore,T2,zh-TW,true,,false,false,0,0.0,0.0
U022520,bundle_100_100,2025-10-05 22:30:00+08,B009021,2025-10-06 22:30:00+08,Japan,T1,en,true,,false,false,0,0.0,0.0
U019443,airport_150,2025-09-24 06:34:00+08,B001637,2025-09-25 06:34:00+08,USA,T2,ko,true,,false,false,0,0.0,0.0
U011765,bundle_100_100,2025-09-08 05:49:00+08,B010098,2025-09-13 05:49:00+08,Singapore,T1,ko,true,,false,false,0,0.0,0.0
U011902,airport_150,2025-10-12 17:42:00+08,B015869,2025-10-13 17:42:00+08,Korea,T2,zh-TW,true,,false,false,0,0.0,0.0
U023711,bundle_100_100,2025-09-08 20:58:00+08,B009143,2025-09-11 20:58:00+08,Japan,T1,ja,true,,false,false,0,0.0,0.0
U008949,bundle_100_100,2025-10-09 21:15:00+08,B007565,2025-10-10 21:15:00+08,Thailand,T2,ko,true,,false,false,0,0.0,0.0
U016362,bundle_100_100,2025-09-11 08:51:00+08,B012088,2025-09-15 08:51:00+08,Thailand,T1,ko,true,,false,false,0,0.0,0.0
U004861,airport_150,2025-09-18 08:00:00+08,B017807,2025-09-21 08:00:00+08,Hong Kong,T2,ko,true,,false,false,0,0.0,0.0
U011438,airport_150,2025-09-16 03:06:00+08,B009301,2025-09-19 03:06:00+08,Korea,T2,en,true,,false,false,0,0.0,0.0
U006615,bundle_100_100,2025-10-17 23:08:00+08,B005421,2025-10-22 23:08:00+08,Japan,T2,ja,true,,false,false,0,0.0,0.0
U012107,airport_150,2025-10-08 02:24:00+08,B010230,2025-10-13 02:24:00+08,Hong Kong,T2,ko,true,,false,false,0,0.0,0.0
U013775,control,2025-09-18 03:13:00+08,B005524,2025-09-22 03:13:00+08,USA,T2,zh-TW,true,,false,false,0,0.0,0.0
U026813,airport_150,2025-09-19 15:55:00+08,B012784,2025-09-20 15:55:00+08,Hong Kong,T2,zh-TW,true,,false,false,0,0.0,0.0
U009946,bundle_100_100,2025-10-04 15:45:00+08,B012635,2025-10-08 15:45:00+08,Japan,T1,ja,true,,false,false,0,0.0,0.0
U006950,bundle_100_100,2025-10-11 08:40:00+08,B015785,2025-10-15 08:40:00+08,Singapore,T2,ja,true,,false,false,0,0.0,0.0
U016470,bundle_100_100,2025-10-09 21:23:00+08,B007743,2025-10-11 21:23:00+08,Hong Kong,T2,ja,true,,false,false,0,0.0,0.0
U023455,bundle_100_100,2025-09-14 21:54:00+08,B002899,2025-09-19 21:54:00+08,Korea,T2,ko,true,,false,false,0,0.0,0.0
U013326,bundle_100_100,2025-09-12 05:05:00+08,B000497,2025-09-17 05:05:00+08,USA,T1,zh-TW,true,,false,false,0,0.0,0.0
U020616,bundle_100_100,2025-10-04 20:38:00+08,B015663,2025-10-05 20:38:00+08,USA,T2,ja,true,,false,false,0,0.0,0.0
U019698,bundle_100_100,2025-10-02 08:36:00+08,B012673,2025-10-04 08:36:00+08,USA,T2,en,true,,false,false,0,0.0,0.0
U026892,airport_150,2025-09-04 09:46:00+08,B013242,2025-09-10 09:46:00+08,Hong Kong,T2,ko,true,,false,false,0,0.0,0.0
U001032,airport_150,2025-10-19 07:13:00+08,B017012,2025-10-21 07:13:00+08,Singapore,T1,en,true,,false,false,0,0.0,0.0
U008534,bundle_100_100,2025-09-10 06:25:00+08,B007426,2025-09-16 06:25:00+08,Korea,T1,en,true,,false,false,1,217.2,0.0
U011117,airport_150,2025-09-01 09:45:00+08,B002977,2025-09-05 09:45:00+08,Thailand,T2,ko,true,,false,false,0,0.0,0.0
U002228,control,2025-09-10 21:37:00+08,B015512,2025-09-15 21:37:00+08,USA,T2,en,true,,false,false,0,0.0,0.0
U023419,bundle_100_100,2025-09-04 10:47:00+08,B006031,2025-09-06 10:47:00+08,Thailand,T1,ko,true,,false,false,0,0.0,0.0
U016607,airport_150,2025-10-22 23:22:00+08,B009852,2025-10-23 23:22:00+08,Singapore,T2,zh-TW,true,,false,false,0,0.0,0.0
U017870,bundle_100_100,2025-09-21 06:15:00+08,B010324,2025-09-25 06:15:00+08,USA,T2,ko,true,,false,false,0,0.0,0.0
U020181,airport_150,2025-10-16 22:35:00+08,B006939,2025-10-21 22:35:00+08,USA,T2,en,true,,false,false,0,0.0,0.0
U009298,bundle_100_100,2025-10-12 06:16:00+08,B004499,2025-10-13 06:16:00+08,Japan,T1,zh-TW,true,,false,false,0,0.0,0.0
U023285,control,2025-10-09 20:18:00+08,B013197,2025-10-14 20:18:00+08,Japan,T2,ja,true,,false,false,0,0.0,0.0
U015763,airport_150,2025-09-06 18:13:00+08,B017440,2025-09-07 18:13:00+08,Singapore,T2,en,true,,false,false,0,0.0,0.0
U028308,airport_150,2025-09-16 22:59:00+08,B012113,2025-09-17 22:59:00+08,Japan,T2,ja,true,,false,false,0,0.0,0.0
U000830,airport_150,2025-09-14 06:49:00+08,B017531,2025-09-20 06:49:00+08,USA,T1,en,true,,false,false,0,0.0,0.0
U004979,airport_150,2025-10-18 17:38:00+08,B005420,2025-10-20 17:38:00+08,USA,T2,ko,true,,false,false,0,0.0,0.0
U008700,bundle_100_100,2025-10-05 00:02:00+08,B015732,2025-10-08 00:02:00+08,USA,T2,zh-TW,true,,false,false,0,0.0,0.0
U009926,bundle_100_100,2025-09-13 23:17:00+08,B006805,2025-09-19 23:17:00+08,Japan,T1,ko,true,,false,false,0,0.0,0.0
U015911,airport_150,2025-09-20 06:50:00+08,B005929,2025-09-24 06:50:00+08,Japan,T2,ja,true,,false,false,0,0.0,0.0
U017983,control,2025-09-09 03:37:00+08,B010911,2025-09-14 03:37:00+08,Korea,T2,ja,true,,false,false,0,0.0,0.0
U019685,control,2025-09-21 16:14:00+08,B008550,2025-09-27 16:14:00+08,USA,T1,ja,true,,false,false,0,0.0,0.0
U025144,bundle_100_100,2025-09-22 22:07:00+08,B007264,2025-09-25 22:07:00+08,Hong Kong,T2,en,true,,false,false,0,0.0,0.0
U019697,airport_150,2025-09-14 15:49:00+08,B013962,2025-09-18 15:49:00+08,Korea,T2,zh-TW,true,,false,false,0,0.0,0.0
U021373,control,2025-09-19 02:39:00+08,B014304,2025-09-24 02:39:00+08,USA,T1,zh-TW,true,,false,false,0,0.0,0.0
U004485,bundle_100_100,2025-10-13 21:53:00+08,B014909,2025-10-14 21:53:00+08,Thailand,T1,zh-TW,true,,false,false,1,110.39999999999999,0.0
U018899,bundle_100_100,2025-09-30 06:28:00+08,B005346,2025-10-05 06:28:00+08,Singapore,T1,ja,true,,false,false,0,0.0,0.0
U018595,airport_150,2025-10-08 21:34:00+08,B015855,2025-10-10 21:34:00+08,Japan,T2,ja,true,,false,false,0,0.0,0.0
U021467,airport_150,2025-10-11 08:15:00+08,B001031,2025-10-12 08:15:00+08,Singapore,T1,ko,true,,false,false,0,0.0,0.0
U002374,control,2025-10-19 22:53:00+08,B012263,2025-10-21 22:53:00+08,Korea,T2,ja,true,,false,false,0,0.0,0.0
U024450,bundle_100_100,2025-09-28 04:34:00+08,B009008,2025-10-04 04:34:00+08,Japan,T2,ja,true,,false,false,0,0.0,0.0
U010738,control,2025-09-26 08:12:00+08,B003944,2025-10-01 08:12:00+08,Korea,T1,ja,true,,false,false,0,0.0,0.0
U009344,airport_150,2025-09-12 16:19:00+08,B005648,2025-09-14 16:19:00+08,Japan,T2,ko,true,,false,false,0,0.0,0.0
U012448,control,2025-09-11 08:06:00+08,B006339,2025-09-15 08:06:00+08,Thailand,T1,zh-TW,true,,false,false,0,0.0,0.0
U022026,bundle_100_100,2025-10-16 06:26:00+08,B016636,2025-10-21 06:26:00+08,Korea,T1,ja,true,,false,false,0,0.0,0.0
U013020,bundle_100_100,2025-10-06 02:10:00+08,B012882,2025-10-12 02:10:00+08,Hong Kong,T1,en,true,,false,false,0,0.0,0.0
U022444,bundle_100_100,2025-09-17 23:50:00+08,B015438,2025-09-20 23:50:00+08,Japan,T1,ja,true,,false,false,0,0.0,0.0
U023038,airport_150,2025-09-19 18:55:00+08,B008727,2025-09-22 18:55:00+08,Japan,T2,zh-TW,true,,false,false,0,0.0,0.0
U029206,bundle_100_100,2025-10-01 19:34:00+08,B001104,2025-10-02 19:34:00+08,Korea,T2,zh-TW,true,,false,false,0,0.0,0.0
U002580,bundle_100_100,2025-09-24 19:12:00+08,B011286,2025-09-27 19:12:00+08,Korea,T2,ko,true,,false,false,0,0.0,0.0
U008333,airport_150,2025-10-20 20:25:00+08,B010235,2025-10-26 20:25:00+08,USA,T2,ko,true,,false,false,0,0.0,0.0
U024264,bundle_100_100,2025-09-19 15:50:00+08,B006118,2025-09-21 15:50:00+08,Thailand,T1,ko,true,,false,false,0,0.0,0.0
U029296,bundle_100_100,2025-10-21 21:26:00+08,B011470,2025-10-24 21:26:00+08,Thailand,T2,ko,true,,false,false,0,0.0,0.0
U016185,bundle_100_100,2025-09-21 07:08:00+08,B008946,2025-09-22 07:08:00+08,Korea,T2,ja,true,,false,false,0,0.0,0.0
U009037,control,2025-10-22 21:41:00+08,B014748,2025-10-23 21:41:00+08,USA,T1,en,true,,false,false,0,0.0,0.0
U010692,control,2025-10-05 17:53:00+08,B003740,2025-10-07 17:53:00+08,Singapore,T1,en,true,,false,false,0,0.0,0.0
U023036,control,2025-10-03 08:07:00+08,B001967,2025-10-05 08:07:00+08,Korea,T1,ko,true,,false,false,0,0.0,0.0
U003045,airport_150,2025-09-05 22:20:00+08,B011374,2025-09-08 22:20:00+08,Japan,T2,en,true,,false,false,0,0.0,0.0
U007147,airport_150,2025-09-19 01:14:00+08,B006364,2025-09-22 01:14:00+08,Hong Kong,T2,zh-TW,true,,false,false,0,0.0,0.0
U019257,airport_150,2025-09-25 11:06:00+08,B010106,2025-09-30 11:06:00+08,Japan,T1,en,true,,false,false,0,0.0,0.0
U025090,control,2025-09-23 21:20:00+08,B013129,2025-09-29 21:20:00+08,Thailand,T1,ja,true,,false,false,0,0.0,0.0
U011017,bundle_100_100,2025-10-03 08:21:00+08,B003697,2025-10-04 08:21:00+08,Singapore,T2,en,true,,false,false,0,0.0,0.0
U026289,airport_150,2025-09-22 23:53:00+08,B002745,2025-09-25 23:53:00+08,Thailand,T2,ko,true,,false,false,0,0.0,0.0
U029746,bundle_100_100,2025-09-09 23:19:00+08,B007194,2025-09-13 23:19:00+08,Hong Kong,T1,en,true,,false,false,0,0.0,0.0
U026286,bundle_100_100,2025-10-21 06:17:00+08,B008682,2025-10-25 06:17:00+08,Singapore,T1,ja,true,,false,false,0,0.0,0.0
U020748,bundle_100_100,2025-09-09 09:51:00+08,B008088,2025-09-15 09:51:00+08,Singapore,T2,en,true,2025-09-15 11:16:00+08,true,true,2,95.19999999999999,200.0
U004585,bundle_100_100,2025-10-02 22:15:00+08,B008276,2025-10-07 22:15:00+08,Thailand,T2,ja,true,2025-10-07 22:59:00+08,true,false,1,107.9,100.0
U003304,bundle_100_100,2025-09-25 02:31:00+08,B016721,2025-09-26 02:31:00+08,Korea,T2,ja,true,2025-09-26 04:24:00+08,true,false,1,86.6,100.0
U024378,airport_150,2025-09-22 14:21:00+08,B006695,2025-09-28 14:21:00+08,Korea,T1,en,true,2025-09-28 14:53:00+08,true,false,1,-70.2,150.0
U012195,bundle_100_100,2025-09-27 09:34:00+08,B010648,2025-10-03 09:34:00+08,USA,T2,zh-TW,true,2025-10-03 10:58:00+08,true,true,2,72.10000000000001,200.0
U018362,bundle_100_100,2025-09-04 02:34:00+08,B017077,2025-09-05 02:34:00+08,Singapore,T1,ko,true,2025-09-05 04:18:00+08,true,true,2,156.1,200.0
U003120,airport_150,2025-09-24 13:31:00+08,B001362,2025-09-30 13:31:00+08,Singapore,T2,ko,true,2025-09-30 15:23:00+08,true,false,1,44.69999999999999,150.0
U013884,bundle_100_100,2025-10-13 06:21:00+08,B002727,2025-10-15 06:21:00+08,Thailand,T2,en,true,2025-10-15 08:18:00+08,true,true,2,45.69999999999999,200.0
U022695,airport_150,2025-09-26 12:54:00+08,B002099,2025-09-28 12:54:00+08,Singapore,T1,zh-TW,true,2025-09-28 14:18:00+08,true,false,1,44.099999999999994,150.0
U029071,airport_150,2025-10-08 18:53:00+08,B009610,2025-10-14 18:53:00+08,Korea,T2,en,true,2025-10-14 19:53:00+08,true,false,1,67.79999999999998,150.0
U000768,bundle_100_100,2025-09-21 06:18:00+08,B010553,2025-09-24 06:18:00+08,Hong Kong,T1,ja,true,2025-09-24 06:46:00+08,true,false,1,248.0,100.0
U025072,bundle_100_100,2025-09-23 06:08:00+08,B008982,2025-09-28 06:08:00+08,Thailand,T1,en,true,2025-09-28 06:34:00+08,true,false,1,144.5,100.0
U026213,bundle_100_100,2025-09-18 07:26:00+08,B017028,2025-09-23 07:26:00+08,Hong Kong,T2,ja,true,2025-09-23 08:55:00+08,true,false,1,165.5,100.0
U024757,airport_150,2025-09-24 12:38:00+08,B006762,2025-09-26 12:38:00+08,Thailand,T2,ja,true,2025-09-26 13:40:00+08,true,false,1,106.19999999999999,150.0
U018636,bundle_100_100,2025-09-06 09:29:00+08,B011162,2025-09-12 09:29:00+08,USA,T1,ja,true,2025-09-12 10:23:00+08,true,false,1,82.69999999999999,100.0
U021519,bundle_100_100,2025-09-29 23:05:00+08,B005464,2025-10-01 23:05:00+08,Hong Kong,T1,ko,true,2025-10-01 23:45:00+08,true,true,2,140.8,200.0
U021192,bundle_100_100,2025-09-05 09:26:00+08,B002145,2025-09-06 09:26:00+08,USA,T1,ja,true,2025-09-06 11:25:00+08,true,false,1,122.0,100.0
U019911,bundle_100_100,2025-09-15 13:24:00+08,B000233,2025-09-20 13:24:00+08,Korea,T1,ja,true,2025-09-20 15:15:00+08,true,true,2,60.999999999999986,200.0
U005357,bundle_100_100,2025-10-07 21:56:00+08,B000391,2025-10-13 21:56:00+08,Singapore,T1,ja,true,2025-10-13 23:12:00+08,true,false,1,144.5,100.0
U028145,bundle_100_100,2025-09-07 07:16:00+08,B002264,2025-09-12 07:16:00+08,Korea,T2,en,true,2025-09-12 08:48:00+08,true,false,1,178.39999999999998,100.0
U015841,bundle_100_100,2025-09-11 14:01:00+08,B015147,2025-09-13 14:01:00+08,Singapore,T2,ja,true,2025-09-13 15:19:00+08,true,false,1,108.5,100.0
U024298,airport_150,2025-09-29 03:22:00+08,B014162,2025-10-05 03:22:00+08,Korea,T2,en,true,2025-10-05 04:04:00+08,true,true,2,215.4,150.0
U011729,airport_150,2025-09-29 09:50:00+08,B010067,2025-10-04 09:50:00+08,Korea,T1,ja,true,2025-10-04 11:37:00+08,true,false,1,79.79999999999998,150.0
U020798,airport_150,2025-10-15 02:15:00+08,B004594,2025-10-17 02:15:00+08,USA,T1,zh-TW,true,2025-10-17 04:08:00+08,true,false,1,101.39999999999998,150.0
U011534,bundle_100_100,2025-09-27 06:56:00+08,B014269,2025-09-30 06:56:00+08,Hong Kong,T2,en,true,2025-09-30 07:49:00+08,true,false,1,21.19999999999999,100.0
U014570,airport_150,2025-09-09 18:56:00+08,B014220,2025-09-11 18:56:00+08,Hong Kong,T2,en,true,2025-09-11 19:54:00+08,true,false,1,26.69999999999999,150.0
U003458,airport_150,2025-10-15 08:16:00+08,B009517,2025-10-16 08:16:00+08,Korea,T2,ko,true,2025-10-16 09:44:00+08,true,false,1,-75.3,150.0
U018771,bundle_100_100,2025-10-14 06:58:00+08,B007580,2025-10-15 06:58:00+08,Thailand,T2,en,true,2025-10-15 07:23:00+08,true,true,2,-26.60000000000001,200.0
U001248,bundle_100_100,2025-10-19 06:15:00+08,B003800,2025-10-20 06:15:00+08,Singapore,T1,en,true,2025-10-20 07:08:00+08,true,false,1,-1.6000000000000085,100.0
U025683,bundle_100_100,2025-10-17 05:05:00+08,B001825,2025-10-19 05:05:00+08,Hong Kong,T1,ja,true,2025-10-19 05:50:00+08,true,false,1,195.5,100.0
U019810,airport_150,2025-10-16 18:18:00+08,B002150,2025-10-18 18:18:00+08,Hong Kong,T1,en,true,2025-10-18 19:37:00+08,true,true,2,314.4,150.0
U008830,airport_150,2025-09-29 15:18:00+08,B012005,2025-10-01 15:18:00+08,USA,T2,zh-TW,true,2025-10-01 16:43:00+08,true,true,2,200.7,150.0
U019866,bundle_100_100,2025-09-06 20:56:00+08,B002314,2025-09-11 20:56:00+08,Thailand,T1,ko,true,2025-09-11 21:59:00+08,true,true,2,181.89999999999998,200.0
U008450,airport_150,2025-09-11 10:10:00+08,B010809,2025-09-13 10:10:00+08,Hong Kong,T1,zh-TW,true,2025-09-13 11:59:00+08,true,false,1,40.19999999999999,150.0
U008873,airport_150,2025-09-22 22:40:00+08,B017409,2025-09-24 22:40:00+08,Singapore,T2,ja,true,2025-09-24 23:43:00+08,true,false,1,70.79999999999998,150.0
U022742,bundle_100_100,2025-09-01 08:47:00+08,B003881,2025-09-04 08:47:00+08,Hong Kong,T1,en,true,2025-09-04 09:55:00+08,true,false,1,70.69999999999999,100.0
U008631,bundle_100_100,2025-10-13 05:50:00+08,B006445,2025-10-15 05:50:00+08,Hong Kong,T1,en,true,2025-10-15 06:53:00+08,true,true,2,361.9,200.0
U004394,bundle_100_100,2025-09-23 07:19:00+08,B005742,2025-09-25 07:19:00+08,Singapore,T1,en,true,2025-09-25 09:19:00+08,true,false,1,97.1,100.0
U010977,bundle_100_100,2025-09-05 21:16:00+08,B005126,2025-09-11 21:16:00+08,Thailand,T2,ja,true,2025-09-11 21:56:00+08,true,false,1,13.399999999999991,100.0
U014387,airport_150,2025-10-10 17:06:00+08,B008485,2025-10-15 17:06:00+08,Korea,T2,en,true,2025-10-15 18:48:00+08,true,false,1,18.299999999999983,150.0
U022374,bundle_100_100,2025-09-02 08:32:00+08,B011067,2025-09-07 08:32:00+08,Thailand,T1,ko,true,2025-09-07 10:22:00+08,true,true,2,74.19999999999997,200.0
U001256,airport_150,2025-10-02 22:46:00+08,B011708,2025-10-07 22:46:00+08,Hong Kong,T2,ja,true,2025-10-07 23:07:00+08,true,false,1,166.8,150.0
U027988,airport_150,2025-09-30 09:30:00+08,B009569,2025-10-04 09:30:00+08,Japan,T1,ja,true,2025-10-04 11:10:00+08,true,false,1,45.0,150.0
U001990,bundle_100_100,2025-09-30 05:18:00+08,B013274,2025-10-04 05:18:00+08,Singapore,T1,en,true,2025-10-04 06:31:00+08,true,true,2,171.7,200.0
U017545,airport_150,2025-09-23 06:34:00+08,B013061,2025-09-28 06:34:00+08,Japan,T1,ko,true,2025-09-28 07:03:00+08,true,false,1,88.79999999999998,150.0
U011908,bundle_100_100,2025-10-17 08:53:00+08,B011592,2025-10-22 08:53:00+08,Singapore,T2,zh-TW,true,2025-10-22 09:30:00+08,true,false,1,74.29999999999998,100.0
U020896,bundle_100_100,2025-10-05 01:56:00+08,B015181,2025-10-11 01:56:00+08,Singapore,T2,zh-TW,true,2025-10-11 03:35:00+08,true,true,2,22.6,200.0
U001122,bundle_100_100,2025-09-13 21:17:00+08,B011651,2025-09-14 21:17:00+08,USA,T1,ja,true,2025-09-14 22:36:00+08,true,true,2,213.7,200.0
U010779,bundle_100_100,2025-09-27 09:42:00+08,B008880,2025-10-03 09:42:00+08,Korea,T1,zh-TW,true,2025-10-03 10:33:00+08,true,true,2,255.99999999999997,200.0
U020795,bundle_100_100,2025-09-15 21:41:00+08,B010438,2025-09-21 21:41:00+08,Korea,T1,ko,true,2025-09-21 22:38:00+08,true,false,1,182.89999999999998,100.0
U015547,bundle_100_100,2025-10-23 09:36:00+08,B002225,2025-10-24 09:36:00+08,Japan,T2,ja,true,2025-10-24 11:34:00+08,true,true,2,71.2,200.0
U004977,airport_150,2025-09-27 01:19:00+08,B011729,2025-10-01 01:19:00+08,Korea,T2,zh-TW,true,2025-10-01 02:46:00+08,true,false,1,33.599999999999994,150.0
U018194,airport_150,2025-09-13 09:42:00+08,B015249,2025-09-16 09:42:00+08,Japan,T2,zh-TW,true,2025-09-16 10:22:00+08,true,true,2,156.9,150.0
U015960,bundle_100_100,2025-09-15 00:36:00+08,B006862,2025-09-18 00:36:00+08,USA,T1,ja,true,2025-09-18 01:22:00+08,true,false,1,140.29999999999998,100.0
U023803,bundle_100_100,2025-09-04 07:37:00+08,B012094,2025-09-08 07:37:00+08,Thailand,T2,ko,true,2025-09-08 09:37:00+08,true,false,1,171.2,100.0
U025705,airport_150,2025-10-10 00:28:00+08,B004142,2025-10-11 00:28:00+08,USA,T1,ja,true,2025-10-11 02:10:00+08,true,true,2,107.69999999999999,150.0
U019254,bundle_100_100,2025-09-27 09:44:00+08,B005671,2025-10-02 09:44:00+08,Japan,T1,en,true,2025-10-02 10:39:00+08,true,true,2,194.0,100.0
U001628,airport_150,2025-10-15 09:34:00+08,B007646,2025-10-20 09:34:00+08,Japan,T2,en,true,2025-10-20 10:27:00+08,true,true,2,282.0,150.0
U022594,bundle_100_100,2025-10-05 19:35:00+08,B002372,2025-10-06 19:35:00+08,Thailand,T2,ja,true,2025-10-06 20:37:00+08,true,true,2,355.9,200.0
U011384,airport_150,2025-10-01 09:18:00+08,B013047,2025-10-06 09:18:00+08,Japan,T2,ja,true,2025-10-06 10:20:00+08,true,true,2,283.2,150.0
U000153,airport_150,2025-10-13 01:53:00+08,B007718,2025-10-19 01:53:00+08,Thailand,T1,ja,true,2025-10-19 03:48:00+08,true,false,1,34.5,150.0
U010188,bundle_100_100,2025-10-23 17:10:00+08,B009504,2025-10-26 17:10:00+08,Singapore,T1,en,true,2025-10-26 18:05:00+08,true,false,1,53.29999999999998,100.0
U004279,airport_150,2025-09-18 22:20:00+08,B012865,2025-09-20 22:20:00+08,Thailand,T2,ko,true,2025-09-20 22:50:00+08,true,true,2,126.89999999999998,150.0
U001992,airport_150,2025-09-06 23:51:00+08,B006179,2025-09-12 23:51:00+08,Hong Kong,T2,zh-TW,true,2025-09-13 01:29:00+08,true,false,1,45.0,150.0
U029667,bundle_100_100,2025-09-09 07:55:00+08,B009998,2025-09-15 07:55:00+08,Korea,T1,ko,true,2025-09-15 08:46:00+08,true,true,2,314.2,200.0
U007847,bundle_100_100,2025-10-10 23:30:00+08,B014387,2025-10-12 23:30:00+08,Korea,T1,ja,true,2025-10-13 00:09:00+08,true,true,2,1.6000000000000014,200.0
U016627,airport_150,2025-10-10 20:05:00+08,B010657,2025-10-13 20:05:00+08,Thailand,T1,ko,true,2025-10-13 21:45:00+08,true,false,1,130.2,150.0
U016604,bundle_100_100,2025-09-23 22:46:00+08,B014849,2025-09-26 22:46:00+08,Korea,T1,en,true,2025-09-27 00:43:00+08,true,false,1,78.5,100.0
U011810,airport_150,2025-10-22 23:28:00+08,B017482,2025-10-23 23:28:00+08,USA,T1,ja,true,2025-10-24 01:13:00+08,true,false,1,-73.2,150.0
U014675,bundle_100_100,2025-10-07 23:04:00+08,B005128,2025-10-09 23:04:00+08,Singapore,T2,zh-TW,true,2025-10-10 00:52:00+08,true,false,1,65.0,100.0
U021904,bundle_100_100,2025-10-24 12:47:00+08,B010169,2025-10-25 12:47:00+08,USA,T2,ko,true,2025-10-25 14:14:00+08,true,true,2,235.29999999999998,200.0
U019442,bundle_100_100,2025-10-10 21:16:00+08,B005706,2025-10-15 21:16:00+08,Korea,T1,en,true,2025-10-15 23:08:00+08,true,false,1,173.59999999999997,100.0
U015585,bundle_100_100,2025-09-28 00:42:00+08,B012824,2025-09-29 00:42:00+08,Thailand,T2,ko,true,2025-09-29 01:36:00+08,true,false,1,101.6,100.0
U000835,bundle_100_100,2025-10-22 20:35:00+08,B001006,2025-10-25 20:35:00+08,Thailand,T2,zh-TW,true,2025-10-25 21:40:00+08,true,false,1,180.5,100.0
U027482,airport_150,2025-09-23 12:07:00+08,B011404,2025-09-26 12:07:00+08,Singapore,T1,ja,true,2025-09-26 13:19:00+08,true,false,1,89.39999999999998,150.0
U010127,bundle_100_100,2025-10-07 07:47:00+08,B004756,2025-10-09 07:47:00+08,Japan,T1,zh-TW,true,2025-10-09 09:19:00+08,true,true,2,75.69999999999999,200.0
U021496,bundle_100_100,2025-09-12 23:50:00+08,B004343,2025-09-16 23:50:00+08,USA,T1,zh-TW,true,2025-09-17 00:54:00+08,true,false,1,-26.5,100.0
U025979,bundle_100_100,2025-09-28 20:43:00+08,B015976,2025-10-02 20:43:00+08,USA,T2,ko,true,2025-10-02 22:06:00+08,true,false,1,148.39999999999998,100.0
U019239,airport_150,2025-09-05 22:45:00+08,B007043,2025-09-09 22:45:00+08,Thailand,T2,ja,true,2025-09-09 23:22:00+08,true,false,1,91.5,150.0
U014901,bundle_100_100,2025-09-19 05:49:00+08,B016465,2025-09-23 05:49:00+08,Hong Kong,T2,ja,true,2025-09-23 07:26:00+08,true,false,1,176.0,100.0
U022654,airport_150,2025-10-08 06:39:00+08,B000713,2025-10-12 06:39:00+08,Hong Kong,T2,ja,true,2025-10-12 07:29:00+08,true,false,1,70.5,150.0
U013110,airport_150,2025-10-10 09:00:00+08,B008625,2025-10-13 09:00:00+08,Korea,T1,ja,true,2025-10-13 10:03:00+08,true,false,1,89.1,150.0
U021526,bundle_100_100,2025-10-10 21:25:00+08,B009683,2025-10-11 21:25:00+08,Thailand,T2,ko,true,2025-10-11 22:43:00+08,true,false,1,191.89999999999998,100.0
U003852,bundle_100_100,2025-09-03 22:02:00+08,B007753,2025-09-06 22:02:00+08,Korea,T1,en,true,2025-09-06 22:48:00+08,true,true,2,81.1,200.0
U019605,airport_150,2025-09-28 04:20:00+08,B006227,2025-10-03 04:20:00+08,Singapore,T1,en,true,2025-10-03 05:36:00+08,true,false,1,132.0,150.0
U010143,bundle_100_100,2025-09-30 20:03:00+08,B016185,2025-10-02 20:03:00+08,USA,T1,ko,true,2025-10-02 21:41:00+08,true,true,2,263.5,200.0
U009074,bundle_100_100,2025-10-23 07:09:00+08,B012345,2025-10-26 07:09:00+08,Singapore,T2,ja,true,2025-10-26 08:10:00+08,true,false,1,166.7,100.0
U017732,airport_150,2025-09-26 21:00:00+08,B003455,2025-10-02 21:00:00+08,Singapore,T2,ko,true,2025-10-02 22:45:00+08,true,false,1,200.39999999999998,150.0
U009101,airport_150,2025-10-21 07:23:00+08,B002441,2025-10-22 07:23:00+08,USA,T1,ja,true,2025-10-22 08:21:00+08,true,false,1,-55.5,150.0
U019711,airport_150,2025-10-17 09:56:00+08,B012718,2025-10-20 09:56:00+08,Korea,T2,ko,true,2025-10-20 11:05:00+08,true,false,1,132.59999999999997,150.0
U027407,bundle_100_100,2025-10-01 07:37:00+08,B009727,2025-10-06 07:37:00+08,Hong Kong,T1,ja,true,2025-10-06 09:18:00+08,true,true,2,353.0,100.0
U015664,airport_150,2025-09-24 01:40:00+08,B009341,2025-09-28 01:40:00+08,USA,T2,ja,true,2025-09-28 02:04:00+08,true,false,1,31.19999999999999,150.0
U022070,airport_150,2025-09-16 08:52:00+08,B007248,2025-09-20 08:52:00+08,Hong Kong,T1,en,true,2025-09-20 10:15:00+08,true,false,1,38.400000000000006,150.0
U007559,airport_150,2025-09-25 10:22:00+08,B012730,2025-09-28 10:22:00+08,Korea,T2,ko,true,2025-09-28 11:16:00+08,true,false,1,36.29999999999998,150.0
U021739,bundle_100_100,2025-09-10 23:13:00+08,B015901,2025-09-14 23:13:00+08,Singapore,T1,ja,true,2025-09-15 01:07:00+08,true,true,2,180.2,100.0
U006096,bundle_100_100,2025-09-30 13:14:00+08,B015899,2025-10-03 13:14:00+08,Hong Kong,T2,zh-TW,true,2025-10-03 14:25:00+08,true,true,2,127.6,200.0
U000354,airport_150,2025-09-03 13:15:00+08,B007040,2025-09-06 13:15:00+08,Thailand,T1,zh-TW,true,2025-09-06 14:12:00+08,true,false,1,61.5,150.0
U019626,airport_150,2025-10-15 02:06:00+08,B017983,2025-10-20 02:06:00+08,Hong Kong,T2,en,true,2025-10-20 03:35:00+08,true,true,2,287.09999999999997,150.0
U025702,airport_150,2025-09-07 02:19:00+08,B001855,2025-09-12 02:19:00+08,Japan,T2,ko,true,2025-09-12 03:37:00+08,true,false,1,-75.9,150.0
U017619,bundle_100_100,2025-10-11 07:41:00+08,B005664,2025-10-15 07:41:00+08,Japan,T2,en,true,2025-10-15 08:12:00+08,true,true,2,298.3,200.0
U023530,airport_150,2025-10-12 04:10:00+08,B016067,2025-10-16 04:10:00+08,Hong Kong,T1,en,true,2025-10-16 05:28:00+08,true,false,1,77.4,150.0
U021722,airport_150,2025-09-26 23:47:00+08,B010849,2025-09-28 23:47:00+08,Thailand,T1,en,true,2025-09-29 01:22:00+08,true,false,1,85.5,150.0
U022004,airport_150,2025-10-16 21:00:00+08,B010753,2025-10-18 21:00:00+08,USA,T1,ko,true,2025-10-18 22:47:00+08,true,false,1,115.80000000000001,150.0
U012609,bundle_100_100,2025-09-30 17:39:00+08,B007317,2025-10-06 17:39:00+08,Singapore,T1,ja,true,2025-10-06 19:32:00+08,true,false,1,124.1,100.0
U002643,bundle_100_100,2025-10-03 23:48:00+08,B000619,2025-10-09 23:48:00+08,Japan,T2,en,true,2025-10-10 00:17:00+08,true,false,1,99.5,100.0
U014011,airport_150,2025-09-02 15:22:00+08,B017295,2025-09-08 15:22:00+08,Thailand,T1,zh-TW,true,2025-09-08 17:08:00+08,true,false,1,51.599999999999994,150.0
U007074,airport_150,2025-10-06 05:29:00+08,B006589,2025-10-11 05:29:00+08,Thailand,T1,ja,true,2025-10-11 07:18:00+08,true,false,1,120.30000000000001,150.0
U025582,airport_150,2025-10-03 05:48:00+08,B000776,2025-10-09 05:48:00+08,Thailand,T1,ko,true,2025-10-09 07:38:00+08,true,true,2,368.4,150.0
U008138,airport_150,2025-09-17 12:02:00+08,B011574,2025-09-18 12:02:00+08,Thailand,T2,ko,true,2025-09-18 13:24:00+08,true,false,1,84.89999999999998,150.0
U000083,bundle_100_100,2025-09-29 16:46:00+08,B015043,2025-09-30 16:46:00+08,Hong Kong,T2,zh-TW,true,2025-09-30 18:03:00+08,true,true,2,44.19999999999999,200.0
U015520,airport_150,2025-10-15 07:05:00+08,B001742,2025-10-16 07:05:00+08,USA,T1,en,true,2025-10-16 08:59:00+08,true,false,1,134.7,150.0
U019345,airport_150,2025-10-04 23:15:00+08,B005129,2025-10-06 23:15:00+08,Singapore,T1,en,true,2025-10-07 00:51:00+08,true,false,1,33.599999999999994,150.0
U016730,airport_150,2025-09-10 20:52:00+08,B010814,2025-09-15 20:52:00+08,Thailand,T2,en,true,2025-09-15 22:34:00+08,true,false,1,114.89999999999998,150.0
U007132,bundle_100_100,2025-09-08 07:19:00+08,B005697,2025-09-11 07:19:00+08,Singapore,T2,zh-TW,true,2025-09-11 08:11:00+08,true,false,1,236.0,100.0
U024959,bundle_100_100,2025-09-09 21:55:00+08,B014540,2025-09-14 21:55:00+08,Singapore,T2,ja,true,2025-09-14 22:40:00+08,true,false,1,183.5,100.0
U016003,bundle_100_100,2025-10-06 09:03:00+08,B011375,2025-10-10 09:03:00+08,Korea,T2,ko,true,2025-10-10 10:50:00+08,true,false,1,-29.5,100.0
U027894,bundle_100_100,2025-09-13 20:22:00+08,B010724,2025-09-15 20:22:00+08,Hong Kong,T2,ja,true,2025-09-15 21:33:00+08,true,true,2,75.1,200.0
U026870,airport_150,2025-10-04 23:22:00+08,B006886,2025-10-08 23:22:00+08,Thailand,T2,en,true,2025-10-09 01:10:00+08,true,false,1,66.9,150.0
U013961,bundle_100_100,2025-09-27 20:20:00+08,B000681,2025-09-30 20:20:00+08,Korea,T1,ko,true,2025-09-30 21:17:00+08,true,false,1,181.39999999999998,100.0
U026378,airport_150,2025-09-03 22:40:00+08,B002039,2025-09-09 22:40:00+08,Japan,T1,zh-TW,true,2025-09-10 00:03:00+08,true,false,1,78.29999999999998,150.0
U006997,airport_150,2025-09-16 02:47:00+08,B000337,2025-09-22 02:47:00+08,Japan,T1,ko,true,2025-09-22 04:34:00+08,true,false,1,67.79999999999998,150.0
U009515,airport_150,2025-10-18 17:38:00+08,B004360,2025-10-22 17:38:00+08,Korea,T1,zh-TW,true,2025-10-22 18:51:00+08,true,false,1,66.9,150.0
U024142,airport_150,2025-09-12 10:13:00+08,B013564,2025-09-18 10:13:00+08,Thailand,T1,zh-TW,true,2025-09-18 11:39:00+08,true,true,2,174.59999999999997,150.0
U019200,airport_150,2025-10-05 09:42:00+08,B006607,2025-10-11 09:42:00+08,Thailand,T2,zh-TW,true,2025-10-11 11:11:00+08,true,true,2,215.7,150.0
U028776,airport_150,2025-09-22 22:21:00+08,B005286,2025-09-28 22:21:00+08,Hong Kong,T2,ja,true,2025-09-28 23:24:00+08,true,false,1,126.0,150.0
U020832,airport_150,2025-10-14 20:03:00+08,B003332,2025-10-19 20:03:00+08,Japan,T2,en,true,2025-10-19 21:00:00+08,true,false,1,96.0,150.0
U009606,bundle_100_100,2025-10-18 07:48:00+08,B001721,2025-10-22 07:48:00+08,USA,T2,en,true,2025-10-22 08:19:00+08,true,true,2,173.49999999999997,200.0
U029023,airport_150,2025-09-09 15:03:00+08,B007487,2025-09-11 15:03:00+08,Japan,T1,ko,true,2025-09-11 16:17:00+08,true,false,1,66.0,150.0
U025847,bundle_100_100,2025-09-25 05:34:00+08,B003289,2025-10-01 05:34:00+08,USA,T2,en,true,2025-10-01 07:06:00+08,true,false,1,162.5,100.0
U015501,airport_150,2025-09-15 09:51:00+08,B014390,2025-09-17 09:51:00+08,Japan,T1,ja,true,2025-09-17 11:50:00+08,true,false,1,69.0,150.0
U020563,airport_150,2025-10-09 08:29:00+08,B014494,2025-10-11 08:29:00+08,Thailand,T1,ko,true,2025-10-11 09:19:00+08,true,false,1,106.80000000000001,150.0
U018650,bundle_100_100,2025-10-21 14:38:00+08,B004694,2025-10-22 14:38:00+08,Korea,T2,en,true,2025-10-22 16:10:00+08,true,false,1,105.79999999999998,100.0
U025261,bundle_100_100,2025-10-01 16:53:00+08,B002810,2025-10-06 16:53:00+08,Hong Kong,T1,en,true,2025-10-06 17:40:00+08,true,false,1,87.5,100.0
U002610,airport_150,2025-09-24 08:39:00+08,B003092,2025-09-29 08:39:00+08,Korea,T2,ja,true,2025-09-29 10:14:00+08,true,false,1,61.79999999999998,150.0
U015338,airport_150,2025-10-06 09:52:00+08,B009506,2025-10-08 09:52:00+08,Singapore,T2,zh-TW,true,2025-10-08 10:13:00+08,true,false,1,59.400000000000006,150.0
U027226,airport_150,2025-10-18 23:32:00+08,B001311,2025-10-22 23:32:00+08,Thailand,T2,en,true,2025-10-23 00:40:00+08,true,true,2,259.19999999999993,150.0
U008912,bundle_100_100,2025-09-28 13:14:00+08,B009527,2025-10-04 13:14:00+08,Korea,T2,zh-TW,true,2025-10-04 13:48:00+08,true,true,2,84.1,200.0
U015869,bundle_100_100,2025-10-03 07:02:00+08,B002906,2025-10-07 07:02:00+08,Hong Kong,T2,en,true,2025-10-07 07:28:00+08,true,false,1,127.4,100.0
U025741,airport_150,2025-09-08 20:59:00+08,B002238,2025-09-12 20:59:00+08,Singapore,T2,ko,true,2025-09-12 21:51:00+08,true,false,1,163.8,150.0
U014986,airport_150,2025-10-10 11:56:00+08,B017017,2025-10-14 11:56:00+08,Japan,T2,zh-TW,true,2025-10-14 12:19:00+08,true,false,1,57.599999999999994,150.0
U008947,airport_150,2025-09-17 20:30:00+08,B010027,2025-09-23 20:30:00+08,USA,T1,zh-TW,true,2025-09-23 22:11:00+08,true,false,1,136.8,150.0
U024230,airport_150,2025-09-16 05:55:00+08,B012119,2025-09-19 05:55:00+08,Korea,T2,ja,true,2025-09-19 07:19:00+08,true,true,2,277.2,150.0
U003396,bundle_100_100,2025-10-05 09:05:00+08,B000322,2025-10-08 09:05:00+08,Singapore,T2,zh-TW,true,2025-10-08 10:44:00+08,true,false,1,82.4,100.0
U001760,bundle_100_100,2025-09-24 22:34:00+08,B001963,2025-09-28 22:34:00+08,Japan,T1,ja,true,2025-09-29 00:01:00+08,true,false,1,99.19999999999999,100.0
U006944,bundle_100_100,2025-10-03 09:58:00+08,B002036,2025-10-04 09:58:00+08,Thailand,T1,zh-TW,true,2025-10-04 11:07:00+08,true,false,1,128.29999999999998,100.0
U029229,bundle_100_100,2025-10-04 08:08:00+08,B007107,2025-10-05 08:08:00+08,Thailand,T1,en,true,2025-10-05 10:01:00+08,true,false,1,92.9,100.0
U025494,bundle_100_100,2025-09-07 09:13:00+08,B010795,2025-09-09 09:13:00+08,USA,T2,zh-TW,true,2025-09-09 10:06:00+08,true,true,2,184.6,200.0
U009028,airport_150,2025-10-14 05:11:00+08,B005137,2025-10-16 05:11:00+08,Japan,T1,ko,true,2025-10-16 05:41:00+08,true,true,2,133.5,150.0
U010221,airport_150,2025-10-08 12:33:00+08,B013778,2025-10-12 12:33:00+08,Japan,T1,en,true,2025-10-12 14:08:00+08,true,false,1,27.599999999999994,150.0
U007754,bundle_100_100,2025-09-20 05:37:00+08,B003306,2025-09-26 05:37:00+08,Thailand,T1,ko,true,2025-09-26 07:29:00+08,true,false,1,195.2,100.0
U020761,bundle_100_100,2025-10-19 07:37:00+08,B016930,2025-10-23 07:37:00+08,USA,T2,zh-TW,true,2025-10-23 08:40:00+08,true,true,2,136.0,200.0
U006504,airport_150,2025-10-20 09:04:00+08,B003620,2025-10-22 09:04:00+08,Japan,T1,ko,true,2025-10-22 10:14:00+08,true,false,1,66.6,150.0
U014456,airport_150,2025-09-20 21:44:00+08,B013706,2025-09-22 21:44:00+08,USA,T1,zh-TW,true,2025-09-22 23:38:00+08,true,false,1,90.29999999999998,150.0
U015645,airport_150,2025-10-11 06:21:00+08,B002154,2025-10-15 06:21:00+08,USA,T2,ko,true,2025-10-15 07:00:00+08,true,false,1,156.3,150.0
U003094,bundle_100_100,2025-09-21 22:18:00+08,B011762,2025-09-27 22:18:00+08,Hong Kong,T2,en,true,2025-09-28 00:05:00+08,true,false,1,109.4,100.0
U016756,bundle_100_100,2025-09-08 09:51:00+08,B008546,2025-09-14 09:51:00+08,Japan,T1,ja,true,2025-09-14 11:03:00+08,true,false,1,96.19999999999999,100.0
U002987,airport_150,2025-09-03 20:28:00+08,B009320,2025-09-05 20:28:00+08,USA,T2,ko,true,2025-09-05 21:27:00+08,true,false,1,-54.60000000000001,150.0
U028126,airport_150,2025-09-29 06:39:00+08,B013692,2025-09-30 06:39:00+08,Korea,T1,zh-TW,true,2025-09-30 08:37:00+08,true,false,1,119.39999999999998,150.0
U007566,bundle_100_100,2025-09-18 08:34:00+08,B012480,2025-09-22 08:34:00+08,Japan,T2,en,true,2025-09-22 09:07:00+08,true,false,1,68.9,100.0
U024155,bundle_100_100,2025-09-06 05:27:00+08,B006310,2025-09-10 05:27:00+08,USA,T1,ja,true,2025-09-10 06:17:00+08,true,false,1,241.7,100.0
U025775,airport_150,2025-09-24 06:53:00+08,B015054,2025-09-30 06:53:00+08,Singapore,T1,ja,true,2025-09-30 07:54:00+08,true,false,1,132.59999999999997,150.0
U028913,airport_150,2025-10-03 13:22:00+08,B011974,2025-10-06 13:22:00+08,Korea,T2,ko,true,2025-10-06 14:48:00+08,true,false,1,48.900000000000006,150.0
U026461,airport_150,2025-09-24 12:24:00+08,B006193,2025-09-30 12:24:00+08,USA,T2,en,true,2025-09-30 12:48:00+08,true,false,1,-82.8,150.0
U028826,bundle_100_100,2025-09-24 05:48:00+08,B009812,2025-09-29 05:48:00+08,Hong Kong,T2,ko,true,2025-09-29 07:47:00+08,true,true,2,265.0,200.0
U028906,bundle_100_100,2025-09-02 20:29:00+08,B008746,2025-09-07 20:29:00+08,Hong Kong,T2,en,true,2025-09-07 21:21:00+08,true,false,1,162.5,100.0
U000282,bundle_100_100,2025-10-06 20:18:00+08,B000779,2025-10-10 20:18:00+08,Korea,T2,en,true,2025-10-10 21:33:00+08,true,true,2,195.2,100.0
U012436,airport_150,2025-10-18 08:09:00+08,B008229,2025-10-20 08:09:00+08,Hong Kong,T1,en,true,2025-10-20 08:43:00+08,true,false,1,-61.8,150.0
U007873,airport_150,2025-09-14 06:06:00+08,B001090,2025-09-15 06:06:00+08,Hong Kong,T1,ja,true,2025-09-15 07:29:00+08,true,true,2,116.1,150.0
U029024,bundle_100_100,2025-10-23 23:41:00+08,B009110,2025-10-25 23:41:00+08,Korea,T2,en,true,2025-10-26 01:38:00+08,true,false,1,116.6,100.0
U001776,airport_150,2025-09-17 17:54:00+08,B004405,2025-09-23 17:54:00+08,Singapore,T1,ja,true,2025-09-23 19:41:00+08,true,false,1,-76.2,150.0
U004942,bundle_100_100,2025-10-05 22:37:00+08,B010618,2025-10-10 22:37:00+08,Japan,T1,en,true,2025-10-10 23:56:00+08,true,false,1,202.39999999999998,100.0
U025937,bundle_100_100,2025-09-28 12:19:00+08,B007957,2025-10-04 12:19:00+08,Thailand,T1,ja,true,2025-10-04 12:41:00+08,true,false,1,127.69999999999999,100.0
U002769,airport_150,2025-10-01 11:06:00+08,B008582,2025-10-06 11:06:00+08,Hong Kong,T2,en,true,2025-10-06 12:04:00+08,true,false,1,64.19999999999999,150.0
U029083,bundle_100_100,2025-09-17 08:19:00+08,B000553,2025-09-19 08:19:00+08,USA,T1,zh-TW,true,2025-09-19 08:45:00+08,true,true,2,252.7,200.0
U028723,bundle_100_100,2025-10-02 20:29:00+08,B002192,2025-10-07 20:29:00+08,Japan,T1,ja,true,2025-10-07 21:37:00+08,true,true,2,93.39999999999998,200.0
U007445,bundle_100_100,2025-09-29 09:12:00+08,B004049,2025-10-04 09:12:00+08,USA,T2,zh-TW,true,2025-10-04 10:13:00+08,true,true,2,19.900000000000006,200.0
U017134,bundle_100_100,2025-10-04 19:21:00+08,B007968,2025-10-08 19:21:00+08,Singapore,T2,zh-TW,true,2025-10-08 20:32:00+08,true,false,1,118.69999999999999,100.0
U026312,airport_150,2025-10-17 06:27:00+08,B001812,2025-10-19 06:27:00+08,Singapore,T1,en,true,2025-10-19 07:24:00+08,true,false,1,102.0,150.0
U005488,airport_150,2025-09-30 01:48:00+08,B005527,2025-10-05 01:48:00+08,USA,T2,ja,true,2025-10-05 03:17:00+08,true,false,1,32.099999999999994,150.0
U016271,airport_150,2025-10-04 08:06:00+08,B008294,2025-10-10 08:06:00+08,USA,T2,en,true,2025-10-10 09:09:00+08,true,true,2,163.2,150.0
U000708,airport_150,2025-09-26 22:13:00+08,B013165,2025-10-01 22:13:00+08,Hong Kong,T1,ja,true,2025-10-01 22:40:00+08,true,false,1,125.09999999999997,150.0
U016591,bundle_100_100,2025-09-25 05:44:00+08,B006598,2025-09-30 05:44:00+08,USA,T2,zh-TW,true,2025-09-30 07:01:00+08,true,true,2,122.19999999999999,200.0
U008421,bundle_100_100,2025-09-11 11:30:00+08,B012355,2025-09-13 11:30:00+08,Thailand,T1,ja,true,2025-09-13 11:52:00+08,true,false,1,78.5,100.0
U023205,airport_150,2025-10-23 22:42:00+08,B002268,2025-10-26 22:42:00+08,Hong Kong,T2,ja,true,2025-10-26 23:35:00+08,true,false,1,116.39999999999998,150.0
U007154,bundle_100_100,2025-09-25 23:55:00+08,B002475,2025-09-27 23:55:00+08,Korea,T2,ja,true,2025-09-28 01:35:00+08,true,true,2,277.9,200.0
U014437,bundle_100_100,2025-09-03 23:22:00+08,B008001,2025-09-05 23:22:00+08,Thailand,T2,en,true,2025-09-06 00:24:00+08,true,false,1,151.39999999999998,100.0
U024719,airport_150,2025-09-01 07:54:00+08,B003417,2025-09-02 07:54:00+08,Korea,T2,ko,true,2025-09-02 09:19:00+08,true,false,1,6.0,150.0
U008615,airport_150,2025-10-02 05:59:00+08,B007921,2025-10-05 05:59:00+08,Korea,T2,ja,true,2025-10-05 07:10:00+08,true,true,2,193.79999999999998,150.0
U025606,bundle_100_100,2025-09-24 09:29:00+08,B015529,2025-09-26 09:29:00+08,Thailand,T2,ja,true,2025-09-26 10:22:00+08,true,false,1,83.0,100.0
U000627,bundle_100_100,2025-09-21 00:15:00+08,B010373,2025-09-26 00:15:00+08,Korea,T2,en,true,2025-09-26 01:41:00+08,true,false,1,110.29999999999998,100.0
U001159,airport_150,2025-09-12 02:09:00+08,B013270,2025-09-15 02:09:00+08,Japan,T1,zh-TW,true,2025-09-15 03:50:00+08,true,false,1,81.29999999999998,150.0
U014748,bundle_100_100,2025-09-07 09:13:00+08,B008876,2025-09-11 09:13:00+08,Japan,T1,en,true,2025-09-11 10:11:00+08,true,true,2,77.2,200.0
U021624,bundle_100_100,2025-10-21 06:18:00+08,B005246,2025-10-22 06:18:00+08,Korea,T1,ko,true,2025-10-22 07:52:00+08,true,false,1,238.7,100.0
U028445,bundle_100_100,2025-09-09 21:15:00+08,B016879,2025-09-14 21:15:00+08,Japan,T2,zh-TW,true,2025-09-14 22:32:00+08,true,false,1,189.8,100.0
U001835,airport_150,2025-09-26 16:49:00+08,B016153,2025-10-01 16:49:00+08,Korea,T1,zh-TW,true,2025-10-01 18:45:00+08,true,false,1,23.099999999999994,150.0
U014270,bundle_100_100,2025-09-11 22:05:00+08,B014263,2025-09-14 22:05:00+08,Singapore,T1,ko,true,2025-09-14 23:08:00+08,true,true,2,98.19999999999996,200.0
U017259,airport_150,2025-09-22 14:23:00+08,B014552,2025-09-27 14:23:00+08,Hong Kong,T1,zh-TW,true,2025-09-27 14:46:00+08,true,false,1,59.400000000000006,150.0
U027124,airport_150,2025-10-13 21:02:00+08,B002893,2025-10-18 21:02:00+08,Hong Kong,T1,ko,true,2025-10-18 21:58:00+08,true,false,1,71.69999999999999,150.0
U007763,bundle_100_100,2025-10-18 08:13:00+08,B009089,2025-10-24 08:13:00+08,USA,T2,ja,true,2025-10-24 09:47:00+08,true,true,2,305.8,200.0
U000635,airport_150,2025-10-19 15:54:00+08,B005882,2025-10-24 15:54:00+08,USA,T1,en,true,2025-10-24 17:09:00+08,true,false,1,56.099999999999994,150.0
U015336,airport_150,2025-10-22 08:32:00+08,B005731,2025-10-25 08:32:00+08,Thailand,T2,ko,true,2025-10-25 09:17:00+08,true,false,1,54.900000000000006,150.0
U003840,airport_150,2025-10-17 23:55:00+08,B001482,2025-10-23 23:55:00+08,Japan,T2,en,true,2025-10-24 00:16:00+08,true,false,1,59.400000000000006,150.0
U013281,airport_150,2025-09-17 08:51:00+08,B017545,2025-09-23 08:51:00+08,Thailand,T2,ko,true,2025-09-23 10:28:00+08,true,false,1,61.79999999999998,150.0
U006521,bundle_100_100,2025-09-01 08:44:00+08,B016065,2025-09-02 08:44:00+08,Thailand,T1,zh-TW,true,2025-09-02 09:07:00+08,true,true,2,107.2,200.0
U003766,airport_150,2025-10-04 03:21:00+08,B013679,2025-10-06 03:21:00+08,Korea,T2,ko,true,2025-10-06 04:19:00+08,true,true,2,-32.699999999999996,150.0
U009643,airport_150,2025-10-06 10:36:00+08,B011803,2025-10-12 10:36:00+08,USA,T2,ko,true,2025-10-12 12:27:00+08,true,true,2,132.89999999999998,150.0
U026097,airport_150,2025-10-21 09:45:00+08,B002751,2025-10-24 09:45:00+08,Thailand,T1,en,true,2025-10-24 10:43:00+08,true,true,2,0.29999999999999716,150.0
U028746,bundle_100_100,2025-09-06 08:51:00+08,B017208,2025-09-11 08:51:00+08,Japan,T1,ja,true,2025-09-11 09:18:00+08,true,false,1,-19.299999999999997,100.0
U019029,bundle_100_100,2025-10-22 22:39:00+08,B015560,2025-10-25 22:39:00+08,Korea,T2,ko,true,2025-10-26 00:11:00+08,true,false,1,116.9,100.0
U011939,bundle_100_100,2025-10-05 07:30:00+08,B006436,2025-10-11 07:30:00+08,Hong Kong,T2,ko,true,2025-10-11 08:40:00+08,true,false,1,146.29999999999998,100.0
U000193,bundle_100_100,2025-09-04 21:02:00+08,B017048,2025-09-08 21:02:00+08,Japan,T1,ko,true,2025-09-08 22:27:00+08,true,false,1,145.39999999999998,100.0
U000580,bundle_100_100,2025-09-16 21:18:00+08,B002859,2025-09-17 21:18:00+08,Korea,T2,zh-TW,true,2025-09-17 21:44:00+08,true,false,1,-8.799999999999997,100.0
U013887,bundle_100_100,2025-10-10 10:23:00+08,B009378,2025-10-12 10:23:00+08,Hong Kong,T2,zh-TW,true,2025-10-12 11:07:00+08,true,false,1,122.6,100.0
U001754,airport_150,2025-09-29 16:10:00+08,B014986,2025-10-02 16:10:00+08,USA,T1,en,true,2025-10-02 17:11:00+08,true,false,1,102.29999999999998,150.0
U005334,airport_150,2025-10-16 08:56:00+08,B013395,2025-10-22 08:56:00+08,Japan,T1,ko,true,2025-10-22 09:37:00+08,true,false,1,23.69999999999999,150.0
U012997,bundle_100_100,2025-10-15 08:09:00+08,B009470,2025-10-16 08:09:00+08,Hong Kong,T2,zh-TW,true,2025-10-16 08:43:00+08,true,true,2,206.8,200.0
U016750,airport_150,2025-09-18 21:27:00+08,B006508,2025-09-24 21:27:00+08,Hong Kong,T1,ja,true,2025-09-24 22:44:00+08,true,false,1,124.80000000000001,150.0
U019277,bundle_100_100,2025-10-06 22:01:00+08,B013432,2025-10-07 22:01:00+08,Japan,T1,zh-TW,true,2025-10-07 22:52:00+08,true,true,2,274.29999999999995,200.0
U009038,airport_150,2025-10-08 05:50:00+08,B003492,2025-10-12 05:50:00+08,Singapore,T2,en,true,2025-10-12 06:21:00+08,true,false,1,-46.2,150.0
U000827,airport_150,2025-09-08 07:35:00+08,B010517,2025-09-12 07:35:00+08,Singapore,T2,ja,true,2025-09-12 08:44:00+08,true,false,1,76.79999999999998,150.0
U002555,bundle_100_100,2025-10-09 09:38:00+08,B008505,2025-10-13 09:38:00+08,USA,T2,ja,true,2025-10-13 10:57:00+08,true,true,2,139.59999999999997,200.0
U002541,airport_150,2025-09-30 20:35:00+08,B001906,2025-10-05 20:35:00+08,Korea,T2,zh-TW,true,2025-10-05 22:28:00+08,true,false,1,171.0,150.0
U002130,bundle_100_100,2025-10-10 03:21:00+08,B009660,2025-10-12 03:21:00+08,Thailand,T1,zh-TW,true,2025-10-12 04:20:00+08,true,true,2,45.39999999999999,200.0
U029747,bundle_100_100,2025-10-09 08:19:00+08,B012798,2025-10-10 08:19:00+08,Japan,T1,zh-TW,true,2025-10-10 10:18:00+08,true,true,2,43.599999999999994,200.0
U017439,bundle_100_100,2025-10-16 09:40:00+08,B002866,2025-10-19 09:40:00+08,Korea,T2,ja,true,2025-10-19 10:25:00+08,true,true,2,119.49999999999997,200.0
U020907,bundle_100_100,2025-10-14 23:09:00+08,B005554,2025-10-16 23:09:00+08,USA,T1,ko,true,2025-10-17 00:28:00+08,true,false,1,135.79999999999998,100.0
U028880,bundle_100_100,2025-09-24 04:51:00+08,B002692,2025-09-29 04:51:00+08,Hong Kong,T1,en,true,2025-09-29 06:19:00+08,true,false,1,212.3,100.0
U015834,bundle_100_100,2025-10-14 08:49:00+08,B002478,2025-10-20 08:49:00+08,Thailand,T1,en,true,2025-10-20 09:27:00+08,true,false,1,83.29999999999998,100.0
U022851,bundle_100_100,2025-10-07 14:47:00+08,B004271,2025-10-10 14:47:00+08,Thailand,T1,ja,true,2025-10-10 16:14:00+08,true,true,2,96.7,200.0
U026158,airport_150,2025-09-30 08:12:00+08,B016870,2025-10-04 08:12:00+08,Thailand,T2,zh-TW,true,2025-10-04 09:46:00+08,true,true,2,84.89999999999998,150.0
U000228,bundle_100_100,2025-09-12 19:35:00+08,B017764,2025-09-13 19:35:00+08,Thailand,T2,zh-TW,true,2025-09-13 21:13:00+08,true,true,2,109.89999999999998,200.0
U006030,bundle_100_100,2025-09-20 06:06:00+08,B006991,2025-09-22 06:06:00+08,Korea,T2,ja,true,2025-09-22 07:34:00+08,true,false,1,146.29999999999998,100.0
U011012,airport_150,2025-09-13 04:28:00+08,B014577,2025-09-15 04:28:00+08,Hong Kong,T2,ko,true,2025-09-15 06:21:00+08,true,false,1,102.0,150.0
U009354,airport_150,2025-09-07 17:20:00+08,B008690,2025-09-11 17:20:00+08,Thailand,T2,en,true,2025-09-11 18:20:00+08,true,false,1,71.69999999999999,150.0
U004282,bundle_100_100,2025-10-03 05:11:00+08,B007700,2025-10-08 05:11:00+08,Hong Kong,T1,ja,true,2025-10-08 06:57:00+08,true,false,1,-5.799999999999997,100.0
U012883,bundle_100_100,2025-09-13 01:19:00+08,B003023,2025-09-19 01:19:00+08,Thailand,T2,en,true,2025-09-19 02:28:00+08,true,false,1,116.9,100.0
U013734,bundle_100_100,2025-09-27 05:37:00+08,B016363,2025-09-29 05:37:00+08,Japan,T1,zh-TW,true,2025-09-29 07:21:00+08,true,false,1,179.0,100.0
U020252,bundle_100_100,2025-10-08 20:20:00+08,B001219,2025-10-10 20:20:00+08,USA,T2,ja,true,2025-10-10 21:33:00+08,true,false,1,195.2,100.0
U018908,airport_150,2025-10-22 17:17:00+08,B010709,2025-10-25 17:17:00+08,Singapore,T2,ja,true,2025-10-25 18:24:00+08,true,false,1,69.9,150.0
U028797,airport_150,2025-09-08 15:16:00+08,B006614,2025-09-10 15:16:00+08,Singapore,T2,en,true,2025-09-10 16:31:00+08,true,false,1,65.1,150.0
U009314,bundle_100_100,2025-09-29 08:33:00+08,B012746,2025-10-03 08:33:00+08,Singapore,T1,ko,true,2025-10-03 09:37:00+08,true,true,2,85.3,200.0
U008251,bundle_100_100,2025-10-24 05:38:00+08,B007423,2025-10-26 05:38:00+08,USA,T2,zh-TW,true,2025-10-26 07:27:00+08,true,true,2,319.29999999999995,200.0
U011487,airport_150,2025-09-18 01:30:00+08,B015175,2025-09-22 01:30:00+08,Japan,T1,en,true,2025-09-22 02:03:00+08,true,false,1,80.1,150.0
U020137,airport_150,2025-09-25 21:13:00+08,B016802,2025-09-27 21:13:00+08,USA,T1,zh-TW,true,2025-09-27 22:16:00+08,true,false,1,100.79999999999998,150.0
U000277,bundle_100_100,2025-09-04 08:15:00+08,B016432,2025-09-10 08:15:00+08,Japan,T1,en,true,2025-09-10 09:03:00+08,true,false,1,-27.400000000000006,100.0
U003411,bundle_100_100,2025-10-06 19:22:00+08,B007189,2025-10-11 19:22:00+08,Thailand,T2,ko,true,2025-10-11 20:01:00+08,true,false,1,192.2,100.0
U021158,airport_150,2025-09-22 07:00:00+08,B001496,2025-09-25 07:00:00+08,Korea,T2,zh-TW,true,2025-09-25 07:56:00+08,true,true,2,178.2,150.0
U023387,bundle_100_100,2025-10-11 20:40:00+08,B000399,2025-10-16 20:40:00+08,Singapore,T2,zh-TW,true,2025-10-16 21:53:00+08,true,false,1,215.0,100.0
U024831,bundle_100_100,2025-10-19 06:27:00+08,B008764,2025-10-24 06:27:00+08,Singapore,T2,ko,true,2025-10-24 08:26:00+08,true,true,2,227.79999999999998,200.0
U026787,bundle_100_100,2025-09-23 11:54:00+08,B012467,2025-09-27 11:54:00+08,Japan,T2,en,true,2025-09-27 13:08:00+08,true,false,1,152.6,100.0
U008587,bundle_100_100,2025-09-18 23:49:00+08,B008104,2025-09-20 23:49:00+08,Korea,T1,zh-TW,true,2025-09-21 00:14:00+08,true,false,1,101.6,100.0
U015793,bundle_100_100,2025-09-23 07:29:00+08,B006235,2025-09-25 07:29:00+08,USA,T1,zh-TW,true,2025-09-25 09:24:00+08,true,false,1,115.1,100.0
U012293,bundle_100_100,2025-10-19 04:42:00+08,B007403,2025-10-25 04:42:00+08,Korea,T2,ja,true,2025-10-25 05:50:00+08,true,true,2,156.1,200.0
U013580,bundle_100_100,2025-09-13 06:32:00+08,B010358,2025-09-18 06:32:00+08,Korea,T2,zh-TW,true,2025-09-18 07:52:00+08,true,true,2,144.4,200.0
U024104,bundle_100_100,2025-10-07 05:09:00+08,B008577,2025-10-13 05:09:00+08,Hong Kong,T1,ja,true,2025-10-13 05:44:00+08,true,false,1,180.8,100.0
U015850,airport_150,2025-09-22 22:41:00+08,B016545,2025-09-23 22:41:00+08,Japan,T2,ko,true,2025-09-24 00:02:00+08,true,false,1,57.900000000000006,150.0
U025531,bundle_100_100,2025-10-11 20:28:00+08,B015164,2025-10-17 20:28:00+08,Japan,T1,ko,true,2025-10-17 21:48:00+08,true,false,1,144.79999999999998,100.0
U025562,airport_150,2025-09-12 18:33:00+08,B014713,2025-09-18 18:33:00+08,Japan,T1,ko,true,2025-09-18 19:43:00+08,true,false,1,35.69999999999999,150.0
U020084,airport_150,2025-09-24 09:08:00+08,B001304,2025-09-25 09:08:00+08,Hong Kong,T2,en,true,2025-09-25 09:28:00+08,true,false,1,57.0,150.0
U005410,bundle_100_100,2025-10-13 05:38:00+08,B001863,2025-10-14 05:38:00+08,Hong Kong,T2,ja,true,2025-10-14 06:28:00+08,true,true,2,29.499999999999986,200.0
U029848,bundle_100_100,2025-09-13 22:32:00+08,B007108,2025-09-18 22:32:00+08,Japan,T1,ja,true,2025-09-19 00:12:00+08,true,false,1,107.29999999999998,100.0
U019357,airport_150,2025-10-02 06:08:00+08,B017412,2025-10-03 06:08:00+08,Singapore,T2,ja,true,2025-10-03 06:46:00+08,true,true,2,331.79999999999995,150.0
U028885,airport_150,2025-09-26 11:08:00+08,B006327,2025-09-27 11:08:00+08,USA,T1,en,true,2025-09-27 11:37:00+08,true,true,2,185.7,150.0
U019852,airport_150,2025-09-23 06:42:00+08,B006094,2025-09-28 06:42:00+08,Korea,T2,zh-TW,true,2025-09-28 08:33:00+08,true,false,1,134.09999999999997,150.0
U027824,airport_150,2025-09-13 23:14:00+08,B015851,2025-09-18 23:14:00+08,USA,T2,ja,true,2025-09-19 01:06:00+08,true,false,1,28.5,150.0
U011194,airport_150,2025-09-29 21:57:00+08,B013867,2025-10-03 21:57:00+08,Japan,T1,ko,true,2025-10-03 23:05:00+08,true,false,1,210.59999999999997,150.0
U019620,bundle_100_100,2025-10-23 18:57:00+08,B002074,2025-10-24 18:57:00+08,Japan,T2,zh-TW,true,2025-10-24 19:48:00+08,true,false,1,113.0,100.0
U017630,bundle_100_100,2025-10-09 21:46:00+08,B015362,2025-10-10 21:46:00+08,Thailand,T2,ko,true,2025-10-10 22:49:00+08,true,true,2,248.8,200.0
U010062,airport_150,2025-10-22 05:38:00+08,B005765,2025-10-23 05:38:00+08,Singapore,T1,en,true,2025-10-23 06:20:00+08,true,true,2,253.79999999999995,150.0
U022710,airport_150,2025-09-11 05:49:00+08,B006662,2025-09-15 05:49:00+08,Thailand,T2,zh-TW,true,2025-09-15 06:51:00+08,true,false,1,132.89999999999998,150.0
U012140,bundle_100_100,2025-09-16 11:50:00+08,B009551,2025-09-21 11:50:00+08,Hong Kong,T1,ko,true,2025-09-21 13:00:00+08,true,true,2,24.700000000000003,200.0
U018944,airport_150,2025-10-17 17:54:00+08,B005398,2025-10-18 17:54:00+08,Hong Kong,T1,ko,true,2025-10-18 19:06:00+08,true,false,1,44.099999999999994,150.0
U013161,airport_150,2025-09-14 01:02:00+08,B014514,2025-09-19 01:02:00+08,Japan,T1,zh-TW,true,2025-09-19 01:44:00+08,true,false,1,23.69999999999999,150.0
U008431,airport_150,2025-10-07 20:34:00+08,B013983,2025-10-13 20:34:00+08,USA,T2,ja,true,2025-10-13 22:02:00+08,true,true,2,247.79999999999995,150.0
U000450,airport_150,2025-10-19 19:18:00+08,B007535,2025-10-21 19:18:00+08,Korea,T1,ja,true,2025-10-21 20:00:00+08,true,false,1,104.39999999999998,150.0
U011186,bundle_100_100,2025-09-02 23:59:00+08,B006984,2025-09-07 23:59:00+08,Japan,T2,en,true,2025-09-08 01:18:00+08,true,false,1,66.79999999999998,100.0
U017797,airport_150,2025-09-13 05:45:00+08,B001753,2025-09-18 05:45:00+08,USA,T1,ko,true,2025-09-18 07:17:00+08,true,false,1,77.69999999999999,150.0
U013923,bundle_100_100,2025-09-30 08:05:00+08,B015100,2025-10-02 08:05:00+08,Singapore,T1,ja,true,2025-10-02 08:27:00+08,true,false,1,192.5,100.0
U025269,airport_150,2025-10-08 16:40:00+08,B007546,2025-10-12 16:40:00+08,Korea,T2,ja,true,2025-10-12 18:08:00+08,true,true,2,81.9,150.0
U003183,airport_150,2025-10-16 08:12:00+08,B009277,2025-10-22 08:12:00+08,Korea,T2,en,true,2025-10-22 10:03:00+08,true,true,2,158.39999999999998,150.0
U010360,bundle_100_100,2025-09-11 13:42:00+08,B011917,2025-09-15 13:42:00+08,USA,T2,ja,true,2025-09-15 15:38:00+08,true,false,1,-24.10000000000001,100.0
U013893,airport_150,2025-09-14 02:58:00+08,B001452,2025-09-18 02:58:00+08,Korea,T2,zh-TW,true,2025-09-18 03:38:00+08,true,false,1,15.900000000000006,150.0
U003087,bundle_100_100,2025-09-29 03:20:00+08,B005491,2025-10-05 03:20:00+08,Japan,T1,zh-TW,true,2025-10-05 04:57:00+08,true,false,1,67.4,100.0
U005878,airport_150,2025-10-18 22:18:00+08,B017173,2025-10-24 22:18:00+08,USA,T1,en,true,2025-10-24 23:52:00+08,true,false,1,159.3,150.0
U001747,airport_150,2025-10-09 03:20:00+08,B008231,2025-10-13 03:20:00+08,Thailand,T1,zh-TW,true,2025-10-13 05:03:00+08,true,false,1,189.89999999999998,150.0
U029309,airport_150,2025-10-06 20:04:00+08,B016622,2025-10-12 20:04:00+08,USA,T2,ko,true,2025-10-12 20:38:00+08,true,false,1,111.59999999999997,150.0
U006514,airport_150,2025-09-12 07:40:00+08,B012074,2025-09-17 07:40:00+08,Japan,T1,zh-TW,true,2025-09-17 09:01:00+08,true,false,1,66.9,150.0
U021287,bundle_100_100,2025-09-15 01:47:00+08,B007950,2025-09-21 01:47:00+08,Korea,T2,zh-TW,true,2025-09-21 02:28:00+08,true,false,1,62.599999999999994,100.0
U019908,airport_150,2025-10-09 21:07:00+08,B000136,2025-10-15 21:07:00+08,Singapore,T1,ja,true,2025-10-15 22:32:00+08,true,false,1,108.59999999999997,150.0
U013781,airport_150,2025-09-01 06:38:00+08,B011258,2025-09-04 06:38:00+08,USA,T1,zh-TW,true,2025-09-04 07:30:00+08,true,false,1,113.39999999999998,150.0
U018405,airport_150,2025-09-05 10:06:00+08,B012226,2025-09-06 10:06:00+08,Singapore,T1,zh-TW,true,2025-09-06 11:37:00+08,true,false,1,45.0,150.0
U023357,airport_150,2025-09-05 13:08:00+08,B000626,2025-09-07 13:08:00+08,Thailand,T2,ko,true,2025-09-07 14:45:00+08,true,true,2,231.9,150.0
U023829,bundle_100_100,2025-10-23 23:40:00+08,B000651,2025-10-26 23:40:00+08,Singapore,T1,zh-TW,true,2025-10-27 00:19:00+08,true,false,1,-29.5,100.0
U027064,bundle_100_100,2025-09-14 11:30:00+08,B016148,2025-09-18 11:30:00+08,Singapore,T1,zh-TW,true,2025-09-18 13:13:00+08,true,false,1,107.29999999999998,100.0
U013475,airport_150,2025-09-09 03:25:00+08,B005864,2025-09-12 03:25:00+08,Hong Kong,T1,ko,true,2025-09-12 04:40:00+08,true,false,1,-82.5,150.0
U013956,bundle_100_100,2025-09-01 08:40:00+08,B011063,2025-09-07 08:40:00+08,Japan,T1,ko,true,2025-09-07 09:10:00+08,true,false,1,106.4,100.0
U010237,airport_150,2025-10-25 09:33:00+08,B017106,2025-10-26 09:33:00+08,Hong Kong,T1,zh-TW,true,2025-10-26 10:20:00+08,true,true,2,201.0,150.0
U020223,airport_150,2025-09-09 06:00:00+08,B012566,2025-09-15 06:00:00+08,Japan,T2,en,true,2025-09-15 06:30:00+08,true,false,1,200.39999999999998,150.0
U012023,bundle_100_100,2025-10-17 05:30:00+08,B015471,2025-10-23 05:30:00+08,Korea,T1,en,true,2025-10-23 06:51:00+08,true,true,2,231.4,200.0
U013429,airport_150,2025-09-13 06:44:00+08,B013023,2025-09-15 06:44:00+08,Hong Kong,T2,ja,true,2025-09-15 07:35:00+08,true,false,1,200.7,150.0
U017587,bundle_100_100,2025-09-03 22:13:00+08,B000059,2025-09-09 22:13:00+08,Korea,T2,ko,true,2025-09-09 23:55:00+08,true,false,1,10.099999999999994,100.0
U001455,airport_150,2025-09-14 15:08:00+08,B003943,2025-09-16 15:08:00+08,Thailand,T2,ja,true,2025-09-16 15:37:00+08,true,false,1,57.29999999999998,150.0
U003954,bundle_100_100,2025-09-01 22:54:00+08,B007744,2025-09-05 22:54:00+08,Korea,T2,zh-TW,true,2025-09-06 00:33:00+08,true,false,1,107.6,100.0
U027485,airport_150,2025-10-13 21:09:00+08,B005409,2025-10-16 21:09:00+08,Korea,T2,zh-TW,true,2025-10-16 21:39:00+08,true,false,1,-31.5,150.0
U021854,airport_150,2025-09-07 19:51:00+08,B009528,2025-09-11 19:51:00+08,Singapore,T1,en,true,2025-09-11 21:14:00+08,true,true,2,271.2,150.0
U014324,airport_150,2025-10-02 06:48:00+08,B010977,2025-10-05 06:48:00+08,Japan,T1,ja,true,2025-10-05 08:47:00+08,true,false,1,-49.2,150.0
U029187,airport_150,2025-09-25 12:17:00+08,B013051,2025-09-27 12:17:00+08,USA,T1,en,true,2025-09-27 12:54:00+08,true,false,1,-68.10000000000001,150.0
U008863,bundle_100_100,2025-10-19 07:47:00+08,B000547,2025-10-21 07:47:00+08,USA,T2,ja,true,2025-10-21 08:52:00+08,true,false,1,235.7,100.0
U007362,bundle_100_100,2025-10-16 16:10:00+08,B002772,2025-10-17 16:10:00+08,Korea,T1,zh-TW,true,2025-10-17 17:26:00+08,true,false,1,128.6,100.0
U005267,bundle_100_100,2025-10-20 20:23:00+08,B009793,2025-10-22 20:23:00+08,Thailand,T2,ko,true,2025-10-22 21:38:00+08,true,false,1,-0.4000000000000057,100.0
U008560,bundle_100_100,2025-10-21 07:53:00+08,B010370,2025-10-25 07:53:00+08,Hong Kong,T2,ko,true,2025-10-25 09:40:00+08,true,false,1,110.9,100.0
U003070,airport_150,2025-10-17 08:34:00+08,B016799,2025-10-22 08:34:00+08,Thailand,T2,en,true,2025-10-22 10:02:00+08,true,false,1,59.69999999999999,150.0
U013718,airport_150,2025-09-11 05:49:00+08,B005078,2025-09-17 05:49:00+08,Thailand,T1,zh-TW,true,2025-09-17 06:40:00+08,true,false,1,186.89999999999998,150.0
U004958,airport_150,2025-09-08 20:49:00+08,B008863,2025-09-13 20:49:00+08,Hong Kong,T2,en,true,2025-09-13 21:34:00+08,true,false,1,75.29999999999998,150.0
U014314,airport_150,2025-09-16 03:36:00+08,B004958,2025-09-22 03:36:00+08,Korea,T2,ja,true,2025-09-22 04:02:00+08,true,false,1,21.0,150.0
U024710,bundle_100_100,2025-09-05 14:48:00+08,B002989,2025-09-09 14:48:00+08,Hong Kong,T1,ko,true,2025-09-09 15:58:00+08,true,false,1,80.6,100.0
U002879,bundle_100_100,2025-09-02 19:32:00+08,B000068,2025-09-08 19:32:00+08,Singapore,T2,en,true,2025-09-08 20:19:00+08,true,false,1,-2.799999999999997,100.0
U011988,bundle_100_100,2025-09-24 09:07:00+08,B011271,2025-09-27 09:07:00+08,USA,T1,en,true,2025-09-27 10:11:00+08,true,false,1,101.9,100.0
U027306,bundle_100_100,2025-10-01 22:18:00+08,B003308,2025-10-06 22:18:00+08,Korea,T2,ja,true,2025-10-06 23:49:00+08,true,true,2,274.6,200.0
U008165,bundle_100_100,2025-09-27 03:30:00+08,B003183,2025-10-03 03:30:00+08,Korea,T1,ko,true,2025-10-03 05:09:00+08,true,false,1,192.2,100.0
U016428,airport_150,2025-10-01 22:28:00+08,B017840,2025-10-05 22:28:00+08,Thailand,T1,en,true,2025-10-05 23:57:00+08,true,true,2,146.7,150.0
U015658,bundle_100_100,2025-09-06 05:16:00+08,B014196,2025-09-09 05:16:00+08,Thailand,T1,en,true,2025-09-09 06:18:00+08,true,false,1,177.5,100.0
U025935,bundle_100_100,2025-09-04 06:39:00+08,B009691,2025-09-10 06:39:00+08,Hong Kong,T2,ko,true,2025-09-10 08:03:00+08,true,true,2,330.1,200.0
U025828,airport_150,2025-10-03 20:27:00+08,B001295,2025-10-09 20:27:00+08,Korea,T1,en,true,2025-10-09 21:30:00+08,true,false,1,104.69999999999999,150.0
U018420,airport_150,2025-10-22 14:37:00+08,B015426,2025-10-26 14:37:00+08,Hong Kong,T2,ja,true,2025-10-26 14:58:00+08,true,true,2,220.79999999999998,150.0
U018328,bundle_100_100,2025-10-13 12:08:00+08,B005033,2025-10-15 12:08:00+08,USA,T2,en,true,2025-10-15 12:30:00+08,true,false,1,100.4,100.0
U016521,bundle_100_100,2025-10-19 09:11:00+08,B002910,2025-10-21 09:11:00+08,Korea,T1,en,true,2025-10-21 10:47:00+08,true,false,1,-29.200000000000003,100.0
U019995,airport_150,2025-10-12 03:28:00+08,B005386,2025-10-16 03:28:00+08,Singapore,T2,en,true,2025-10-16 05:28:00+08,true,true,2,267.29999999999995,150.0
U001677,airport_150,2025-09-07 23:10:00+08,B010972,2025-09-09 23:10:00+08,Hong Kong,T1,en,true,2025-09-10 00:18:00+08,true,false,1,41.099999999999994,150.0
U021212,bundle_100_100,2025-09-19 09:00:00+08,B014558,2025-09-22 09:00:00+08,Singapore,T1,en,true,2025-09-22 10:46:00+08,true,true,2,63.399999999999984,200.0
U006710,bundle_100_100,2025-10-21 18:27:00+08,B012999,2025-10-24 18:27:00+08,Thailand,T2,en,true,2025-10-24 19:20:00+08,true,false,1,80.6,100.0
U026587,airport_150,2025-09-06 13:41:00+08,B001143,2025-09-12 13:41:00+08,Singapore,T1,ja,true,2025-09-12 15:40:00+08,true,false,1,30.299999999999983,150.0
U018507,bundle_100_100,2025-09-09 05:09:00+08,B011152,2025-09-11 05:09:00+08,USA,T1,zh-TW,true,2025-09-11 05:43:00+08,true,false,1,160.39999999999998,100.0
U009021,bundle_100_100,2025-10-18 14:23:00+08,B009235,2025-10-20 14:23:00+08,Hong Kong,T2,ja,true,2025-10-20 14:52:00+08,true,false,1,-26.5,100.0
U029495,airport_150,2025-09-03 23:13:00+08,B003938,2025-09-06 23:13:00+08,Hong Kong,T2,ko,true,2025-09-07 00:32:00+08,true,false,1,40.5,150.0
U014259,bundle_100_100,2025-09-08 22:26:00+08,B005434,2025-09-12 22:26:00+08,USA,T1,ko,true,2025-09-12 23:24:00+08,true,false,1,192.5,100.0
U006210,airport_150,2025-09-10 14:03:00+08,B012376,2025-09-12 14:03:00+08,Hong Kong,T1,zh-TW,true,2025-09-12 14:58:00+08,true,false,1,55.19999999999999,150.0
U022831,bundle_100_100,2025-09-06 17:25:00+08,B017289,2025-09-08 17:25:00+08,Thailand,T2,zh-TW,true,2025-09-08 19:19:00+08,true,false,1,158.59999999999997,100.0
U016456,airport_150,2025-10-08 23:58:00+08,B003780,2025-10-12 23:58:00+08,Korea,T1,zh-TW,true,2025-10-13 01:51:00+08,true,false,1,42.29999999999998,150.0
U012488,bundle_100_100,2025-09-24 07:08:00+08,B017134,2025-09-27 07:08:00+08,Singapore,T1,en,true,2025-09-27 08:44:00+08,true,false,1,165.5,100.0
U012152,bundle_100_100,2025-10-09 08:39:00+08,B008257,2025-10-10 08:39:00+08,Hong Kong,T2,en,true,2025-10-10 09:41:00+08,true,false,1,121.69999999999999,100.0
U003250,bundle_100_100,2025-09-10 01:21:00+08,B001253,2025-09-11 01:21:00+08,USA,T1,ja,true,2025-09-11 01:59:00+08,true,true,2,73.29999999999998,200.0
U011404,airport_150,2025-09-19 05:38:00+08,B004782,2025-09-22 05:38:00+08,USA,T1,zh-TW,true,2025-09-22 07:15:00+08,true,false,1,185.7,150.0
U027961,bundle_100_100,2025-10-02 09:25:00+08,B002943,2025-10-06 09:25:00+08,Singapore,T1,ko,true,2025-10-06 10:49:00+08,true,false,1,118.1,100.0
U002114,airport_150,2025-09-22 00:48:00+08,B006768,2025-09-28 00:48:00+08,Korea,T2,ko,true,2025-09-28 01:22:00+08,true,false,1,44.099999999999994,150.0
U024897,bundle_100_100,2025-09-30 12:56:00+08,B007371,2025-10-04 12:56:00+08,Singapore,T1,zh-TW,true,2025-10-04 14:19:00+08,true,true,2,190.89999999999998,200.0
U007145,airport_150,2025-09-18 16:58:00+08,B016734,2025-09-21 16:58:00+08,Thailand,T1,ko,true,2025-09-21 18:39:00+08,true,false,1,-73.8,150.0
U000899,bundle_100_100,2025-09-20 05:05:00+08,B014433,2025-09-24 05:05:00+08,Korea,T2,ja,true,2025-09-24 05:32:00+08,true,false,1,114.5,100.0
U016728,airport_150,2025-10-03 07:59:00+08,B012827,2025-10-07 07:59:00+08,Korea,T1,ja,true,2025-10-07 08:46:00+08,true,true,2,59.099999999999994,150.0
U013172,bundle_100_100,2025-09-27 09:56:00+08,B002277,2025-09-30 09:56:00+08,Japan,T2,ja,true,2025-09-30 11:08:00+08,true,false,1,71.0,100.0
U013493,airport_150,2025-10-13 22:10:00+08,B008377,2025-10-16 22:10:00+08,Hong Kong,T1,ja,true,2025-10-16 22:41:00+08,true,false,1,144.89999999999998,150.0
U018721,bundle_100_100,2025-10-12 20:29:00+08,B007216,2025-10-14 20:29:00+08,USA,T1,ko,true,2025-10-14 22:16:00+08,true,true,2,183.09999999999997,200.0
U025170,bundle_100_100,2025-09-05 01:04:00+08,B008450,2025-09-11 01:04:00+08,Japan,T2,ko,true,2025-09-11 02:26:00+08,true,true,2,96.69999999999999,200.0
U018538,airport_150,2025-10-03 20:59:00+08,B011984,2025-10-06 20:59:00+08,Japan,T1,ja,true,2025-10-06 22:10:00+08,true,false,1,106.19999999999999,150.0
U002933,airport_150,2025-10-07 22:14:00+08,B002414,2025-10-08 22:14:00+08,USA,T1,ja,true,2025-10-08 22:44:00+08,true,false,1,164.09999999999997,150.0
U004888,airport_150,2025-10-09 07:03:00+08,B013889,2025-10-10 07:03:00+08,Japan,T2,ko,true,2025-10-10 08:03:00+08,true,false,1,185.09999999999997,150.0
U022348,airport_150,2025-09-12 14:36:00+08,B017873,2025-09-13 14:36:00+08,Korea,T1,en,true,2025-09-13 14:57:00+08,true,false,1,74.69999999999999,150.0
U018797,airport_150,2025-09-26 09:55:00+08,B013054,2025-09-27 09:55:00+08,Thailand,T1,ko,true,2025-09-27 11:38:00+08,true,false,1,61.79999999999998,150.0
U004905,airport_150,2025-10-21 06:12:00+08,B017849,2025-10-22 06:12:00+08,USA,T2,en,true,2025-10-22 06:49:00+08,true,false,1,103.19999999999999,150.0
U001190,airport_150,2025-09-10 18:11:00+08,B001854,2025-09-15 18:11:00+08,USA,T1,zh-TW,true,2025-09-15 18:55:00+08,true,false,1,-62.10000000000001,150.0
U018291,bundle_100_100,2025-09-26 20:31:00+08,B001783,2025-09-30 20:31:00+08,Singapore,T1,zh-TW,true,2025-09-30 21:39:00+08,true,false,1,230.0,100.0
U009121,bundle_100_100,2025-09-22 06:29:00+08,B010568,2025-09-23 06:29:00+08,Japan,T2,zh-TW,true,2025-09-23 07:30:00+08,true,false,1,149.89999999999998,100.0
U006254,bundle_100_100,2025-10-11 08:20:00+08,B005219,2025-10-17 08:20:00+08,Korea,T2,en,true,2025-10-17 09:37:00+08,true,true,3,282.7,200.0
U020098,airport_150,2025-10-19 07:16:00+08,B006092,2025-10-25 07:16:00+08,Korea,T2,ko,true,2025-10-25 08:31:00+08,true,false,1,41.69999999999999,150.0
U001473,airport_150,2025-10-04 05:58:00+08,B015152,2025-10-06 05:58:00+08,Korea,T2,zh-TW,true,2025-10-06 06:46:00+08,true,false,1,62.69999999999999,150.0
U011509,bundle_100_100,2025-09-03 22:35:00+08,B009259,2025-09-09 22:35:00+08,Korea,T2,en,true,2025-09-10 00:07:00+08,true,false,1,98.6,100.0
U014122,bundle_100_100,2025-09-24 11:27:00+08,B012223,2025-09-30 11:27:00+08,Korea,T1,zh-TW,true,2025-09-30 13:11:00+08,true,false,1,149.89999999999998,100.0
U004424,airport_150,2025-09-15 22:57:00+08,B017603,2025-09-20 22:57:00+08,USA,T2,ja,true,2025-09-21 00:44:00+08,true,false,1,110.69999999999999,150.0
U027068,bundle_100_100,2025-09-12 21:04:00+08,B003477,2025-09-18 21:04:00+08,USA,T1,zh-TW,true,2025-09-18 22:44:00+08,true,false,1,113.6,100.0
U012074,bundle_100_100,2025-09-25 22:17:00+08,B016852,2025-09-29 22:17:00+08,Korea,T2,ko,true,2025-09-29 23:53:00+08,true,false,1,162.5,100.0
U026334,airport_150,2025-09-01 03:28:00+08,B001761,2025-09-03 03:28:00+08,Japan,T2,ko,true,2025-09-03 04:02:00+08,true,false,1,78.9,150.0
U026702,bundle_100_100,2025-10-17 22:34:00+08,B004462,2025-10-22 22:34:00+08,Hong Kong,T2,en,true,2025-10-23 00:09:00+08,true,true,2,48.39999999999998,200.0
U019948,bundle_100_100,2025-10-06 20:08:00+08,B011206,2025-10-07 20:08:00+08,Thailand,T1,ko,true,2025-10-07 21:46:00+08,true,true,2,333.2,100.0
U016541,airport_150,2025-10-16 15:02:00+08,B013887,2025-10-21 15:02:00+08,Singapore,T2,en,true,2025-10-21 17:02:00+08,true,false,1,53.099999999999994,150.0
U022098,airport_150,2025-10-04 23:13:00+08,B002033,2025-10-09 23:13:00+08,Singapore,T2,ko,true,2025-10-10 00:15:00+08,true,false,1,30.900000000000006,150.0
U014428,airport_150,2025-09-14 15:07:00+08,B004446,2025-09-20 15:07:00+08,Thailand,T2,ja,true,2025-09-20 15:39:00+08,true,false,1,74.4,150.0
U017009,airport_150,2025-10-10 05:57:00+08,B016375,2025-10-12 05:57:00+08,Japan,T2,ko,true,2025-10-12 07:16:00+08,true,false,1,70.19999999999999,150.0
U019431,airport_150,2025-09-22 07:56:00+08,B001635,2025-09-25 07:56:00+08,Hong Kong,T1,ja,true,2025-09-25 09:05:00+08,true,false,1,57.0,150.0
U027265,airport_150,2025-09-23 08:24:00+08,B003181,2025-09-26 08:24:00+08,Hong Kong,T1,ko,true,2025-09-26 09:11:00+08,true,true,2,228.9,150.0
U003201,bundle_100_100,2025-10-04 20:44:00+08,B013028,2025-10-10 20:44:00+08,Singapore,T1,ja,true,2025-10-10 22:17:00+08,true,true,2,264.4,200.0
U027330,bundle_100_100,2025-09-13 06:29:00+08,B002623,2025-09-16 06:29:00+08,Singapore,T1,zh-TW,true,2025-09-16 08:14:00+08,true,true,2,93.39999999999999,200.0
U015531,airport_150,2025-10-08 22:09:00+08,B011873,2025-10-12 22:09:00+08,Hong Kong,T2,zh-TW,true,2025-10-12 22:34:00+08,true,false,1,92.1,150.0
U010981,bundle_100_100,2025-09-20 21:30:00+08,B014415,2025-09-24 21:30:00+08,USA,T2,ja,true,2025-09-24 22:37:00+08,true,true,2,163.0,200.0
U023332,airport_150,2025-09-17 09:31:00+08,B012681,2025-09-18 09:31:00+08,Thailand,T1,zh-TW,true,2025-09-18 11:07:00+08,true,false,1,67.19999999999999,150.0
U010500,airport_150,2025-09-21 20:36:00+08,B007971,2025-09-22 20:36:00+08,Japan,T1,ko,true,2025-09-22 20:56:00+08,true,false,1,136.2,150.0
U015273,bundle_100_100,2025-09-04 08:33:00+08,B010337,2025-09-07 08:33:00+08,Thailand,T2,ja,true,2025-09-07 09:57:00+08,true,true,2,196.89999999999998,200.0
U002324,airport_150,2025-09-19 05:02:00+08,B010791,2025-09-23 05:02:00+08,USA,T1,ko,true,2025-09-23 06:36:00+08,true,true,2,145.2,150.0
U022623,airport_150,2025-09-21 01:34:00+08,B001988,2025-09-27 01:34:00+08,Singapore,T1,en,true,2025-09-27 01:58:00+08,true,false,1,45.599999999999994,150.0
U022983,airport_150,2025-10-08 06:39:00+08,B011597,2025-10-11 06:39:00+08,Japan,T1,ko,true,2025-10-11 07:08:00+08,true,false,1,113.69999999999999,150.0
U006873,airport_150,2025-09-02 20:53:00+08,B012665,2025-09-06 20:53:00+08,Thailand,T1,ja,true,2025-09-06 22:30:00+08,true,false,1,132.3,150.0
U008112,bundle_100_100,2025-09-02 15:07:00+08,B002614,2025-09-06 15:07:00+08,Singapore,T2,zh-TW,true,2025-09-06 15:50:00+08,true,false,1,132.2,100.0
U010827,bundle_100_100,2025-10-10 20:24:00+08,B007306,2025-10-16 20:24:00+08,Hong Kong,T1,zh-TW,true,2025-10-16 21:29:00+08,true,true,2,-8.900000000000006,200.0
U029831,bundle_100_100,2025-10-01 09:13:00+08,B009961,2025-10-05 09:13:00+08,Thailand,T2,ja,true,2025-10-05 10:01:00+08,true,false,1,137.0,100.0
U020582,bundle_100_100,2025-09-04 09:01:00+08,B005979,2025-09-10 09:01:00+08,Japan,T2,zh-TW,true,2025-09-10 10:42:00+08,true,true,2,159.09999999999997,200.0
U004327,bundle_100_100,2025-09-05 07:37:00+08,B007303,2025-09-10 07:37:00+08,Japan,T2,zh-TW,true,2025-09-10 08:34:00+08,true,false,1,180.5,100.0
U026290,bundle_100_100,2025-09-21 08:13:00+08,B003962,2025-09-27 08:13:00+08,USA,T2,ko,true,2025-09-27 08:52:00+08,true,false,1,126.5,100.0
U026785,airport_150,2025-10-12 03:24:00+08,B016306,2025-10-18 03:24:00+08,USA,T2,zh-TW,true,2025-10-18 04:17:00+08,true,false,1,81.29999999999998,150.0
U010070,bundle_100_100,2025-09-22 22:20:00+08,B011723,2025-09-24 22:20:00+08,Singapore,T2,zh-TW,true,2025-09-24 22:49:00+08,true,true,2,165.4,200.0
U027755,bundle_100_100,2025-10-09 21:23:00+08,B015659,2025-10-11 21:23:00+08,Japan,T1,ja,true,2025-10-11 21:54:00+08,true,false,1,113.29999999999998,100.0
U029785,airport_150,2025-09-26 00:44:00+08,B010241,2025-10-01 00:44:00+08,USA,T2,ja,true,2025-10-01 02:27:00+08,true,false,1,70.19999999999999,150.0
U023251,airport_150,2025-09-28 08:40:00+08,B006429,2025-10-03 08:40:00+08,USA,T2,zh-TW,true,2025-10-03 09:36:00+08,true,false,1,59.400000000000006,150.0
U013994,airport_150,2025-10-18 23:47:00+08,B014843,2025-10-22 23:47:00+08,Korea,T1,ja,true,2025-10-23 01:37:00+08,true,false,1,38.099999999999994,150.0
U014032,bundle_100_100,2025-10-23 23:59:00+08,B017558,2025-10-25 23:59:00+08,Japan,T1,ja,true,2025-10-26 01:55:00+08,true,true,2,76.6,200.0
U021542,bundle_100_100,2025-09-15 23:44:00+08,B003791,2025-09-18 23:44:00+08,Singapore,T1,zh-TW,true,2025-09-19 00:26:00+08,true,false,1,109.69999999999999,100.0
U019440,bundle_100_100,2025-10-14 06:43:00+08,B017607,2025-10-18 06:43:00+08,Hong Kong,T2,en,true,2025-10-18 08:35:00+08,true,false,1,151.7,100.0
U010225,bundle_100_100,2025-09-25 03:46:00+08,B003232,2025-10-01 03:46:00+08,USA,T1,en,true,2025-10-01 05:37:00+08,true,false,1,192.8,100.0
U005250,airport_150,2025-09-11 17:25:00+08,B006352,2025-09-17 17:25:00+08,Hong Kong,T2,ko,true,2025-09-17 18:06:00+08,true,true,2,120.0,150.0
U016576,airport_150,2025-09-21 05:37:00+08,B004082,2025-09-26 05:37:00+08,Korea,T2,ja,true,2025-09-26 07:14:00+08,true,false,1,117.30000000000001,150.0
U011044,bundle_100_100,2025-09-03 02:59:00+08,B006861,2025-09-06 02:59:00+08,Hong Kong,T1,zh-TW,true,2025-09-06 04:43:00+08,true,false,1,50.599999999999994,100.0
U011969,bundle_100_100,2025-09-21 00:54:00+08,B013015,2025-09-27 00:54:00+08,Singapore,T1,ja,true,2025-09-27 01:43:00+08,true,true,2,77.8,200.0
U006838,bundle_100_100,2025-09-01 06:12:00+08,B009295,2025-09-07 06:12:00+08,Hong Kong,T2,ko,true,2025-09-07 08:04:00+08,true,true,2,119.49999999999997,200.0
U029360,airport_150,2025-10-21 07:32:00+08,B017217,2025-10-22 07:32:00+08,Korea,T1,ko,true,2025-10-22 08:40:00+08,true,false,1,93.6,150.0
U006723,airport_150,2025-09-22 08:53:00+08,B011434,2025-09-27 08:53:00+08,Korea,T2,zh-TW,true,2025-09-27 09:49:00+08,true,false,1,-67.8,150.0
U010339,airport_150,2025-10-07 06:15:00+08,B012010,2025-10-12 06:15:00+08,Japan,T1,ja,true,2025-10-12 06:50:00+08,true,false,1,114.59999999999997,150.0
U014721,airport_150,2025-09-14 06:02:00+08,B001457,2025-09-19 06:02:00+08,Korea,T2,ja,true,2025-09-19 07:54:00+08,true,false,1,110.69999999999999,150.0
U010043,bundle_100_100,2025-10-18 08:42:00+08,B008795,2025-10-20 08:42:00+08,Japan,T1,zh-TW,true,2025-10-20 09:54:00+08,true,true,2,54.999999999999986,200.0
U009156,bundle_100_100,2025-10-18 18:23:00+08,B008487,2025-10-22 18:23:00+08,USA,T2,ko,true,2025-10-22 19:52:00+08,true,true,2,80.49999999999999,200.0
U000246,airport_150,2025-09-18 07:00:00+08,B005668,2025-09-23 07:00:00+08,USA,T1,en,true,2025-09-23 07:55:00+08,true,false,1,74.4,150.0
U015788,bundle_100_100,2025-09-20 13:01:00+08,B004461,2025-09-21 13:01:00+08,Korea,T2,en,true,2025-09-21 14:46:00+08,true,false,1,78.5,100.0
U028501,bundle_100_100,2025-10-02 09:43:00+08,B017896,2025-10-04 09:43:00+08,Japan,T1,zh-TW,true,2025-10-04 11:20:00+08,true,true,2,270.4,200.0
U020995,bundle_100_100,2025-09-12 22:05:00+08,B000097,2025-09-17 22:05:00+08,Hong Kong,T2,ko,true,2025-09-17 22:48:00+08,true,false,1,219.8,100.0
U016333,airport_150,2025-10-13 07:23:00+08,B011277,2025-10-18 07:23:00+08,Korea,T1,ja,true,2025-10-18 08:44:00+08,true,false,1,111.30000000000001,150.0
U024614,airport_150,2025-09-11 12:50:00+08,B008549,2025-09-13 12:50:00+08,Hong Kong,T1,ko,true,2025-09-13 14:27:00+08,true,false,1,86.1,150.0
U006075,airport_150,2025-10-21 13:34:00+08,B015857,2025-10-23 13:34:00+08,Singapore,T2,en,true,2025-10-23 13:59:00+08,true,false,1,61.5,150.0
U009866,airport_150,2025-10-04 22:31:00+08,B010585,2025-10-10 22:31:00+08,Hong Kong,T2,ko,true,2025-10-10 22:58:00+08,true,false,1,131.09999999999997,150.0
U014354,airport_150,2025-09-30 17:59:00+08,B007159,2025-10-01 17:59:00+08,Korea,T2,ko,true,2025-10-01 18:47:00+08,true,false,1,42.0,150.0
U028372,bundle_100_100,2025-10-05 21:16:00+08,B003480,2025-10-11 21:16:00+08,Japan,T1,ko,true,2025-10-11 21:50:00+08,true,true,2,292.6,200.0
U021670,airport_150,2025-09-08 06:45:00+08,B006782,2025-09-14 06:45:00+08,Singapore,T1,en,true,2025-09-14 08:26:00+08,true,false,1,108.59999999999997,150.0
U010263,airport_150,2025-09-07 03:34:00+08,B014983,2025-09-12 03:34:00+08,Singapore,T2,zh-TW,true,2025-09-12 04:23:00+08,true,false,1,59.099999999999994,150.0
U005121,airport_150,2025-10-09 23:29:00+08,B017707,2025-10-14 23:29:00+08,Singapore,T1,ja,true,2025-10-15 00:55:00+08,true,false,1,-66.60000000000001,150.0
U011383,bundle_100_100,2025-09-15 05:05:00+08,B012140,2025-09-17 05:05:00+08,Hong Kong,T2,ja,true,2025-09-17 06:58:00+08,true,true,2,290.19999999999993,200.0
U002314,airport_150,2025-09-25 13:18:00+08,B007110,2025-09-28 13:18:00+08,Singapore,T2,zh-TW,true,2025-09-28 13:47:00+08,true,false,1,48.900000000000006,150.0
U015480,bundle_100_100,2025-10-17 09:17:00+08,B011126,2025-10-19 09:17:00+08,USA,T2,ko,true,2025-10-19 09:49:00+08,true,false,1,89.29999999999998,100.0
U018437,bundle_100_100,2025-09-10 02:26:00+08,B010542,2025-09-15 02:26:00+08,Hong Kong,T1,en,true,2025-09-15 04:26:00+08,true,false,1,51.79999999999998,100.0
U005319,bundle_100_100,2025-09-16 23:44:00+08,B004238,2025-09-20 23:44:00+08,USA,T2,zh-TW,true,2025-09-21 01:16:00+08,true,false,1,80.6,100.0
U002915,control,2025-09-29 12:38:00+08,B003126,2025-10-02 12:38:00+08,USA,T2,en,true,2025-10-02 13:26:00+08,true,false,1,195.0,0.0
U025480,control,2025-09-01 06:15:00+08,B016499,2025-09-03 06:15:00+08,USA,T2,ja,true,2025-09-03 07:29:00+08,true,false,1,313.2,0.0
U007073,control,2025-09-09 14:37:00+08,B002181,2025-09-14 14:37:00+08,Japan,T2,ja,true,2025-09-14 15:32:00+08,true,false,1,191.4,0.0
U013804,control,2025-10-07 23:58:00+08,B007934,2025-10-11 23:58:00+08,Singapore,T2,ja,true,2025-10-12 00:49:00+08,true,false,1,170.1,0.0
U015312,control,2025-09-21 07:40:00+08,B005118,2025-09-27 07:40:00+08,Hong Kong,T2,en,true,2025-09-27 08:31:00+08,true,false,1,232.79999999999998,0.0
U009527,control,2025-10-02 22:30:00+08,B006875,2025-10-05 22:30:00+08,Japan,T1,ko,true,2025-10-06 00:28:00+08,true,false,1,215.7,0.0
U005854,airport_150,2025-10-09 20:18:00+08,B004798,2025-10-10 20:18:00+08,Thailand,T2,ja,true,2025-10-10 20:56:00+08,true,false,1,277.5,0.0
U000086,control,2025-10-24 09:16:00+08,B017671,2025-10-26 09:16:00+08,Korea,T1,ko,true,2025-10-26 10:23:00+08,true,false,1,212.7,0.0
U014014,control,2025-09-15 11:00:00+08,B017263,2025-09-19 11:00:00+08,Hong Kong,T2,ja,true,2025-09-19 12:32:00+08,true,false,1,171.29999999999998,0.0
U008878,control,2025-09-07 10:11:00+08,B010828,2025-09-10 10:11:00+08,Hong Kong,T1,ja,true,2025-09-10 11:14:00+08,true,false,1,165.0,0.0
U006512,control,2025-09-05 06:04:00+08,B000528,2025-09-08 06:04:00+08,USA,T2,en,true,2025-09-08 07:32:00+08,true,false,1,255.29999999999998,0.0
U007961,control,2025-09-04 08:32:00+08,B002919,2025-09-08 08:32:00+08,Singapore,T2,zh-TW,true,2025-09-08 09:18:00+08,true,false,1,159.29999999999998,0.0
U023146,control,2025-10-16 01:19:00+08,B005393,2025-10-21 01:19:00+08,USA,T1,en,true,2025-10-21 02:11:00+08,true,true,2,326.4,0.0
U006904,control,2025-10-07 09:08:00+08,B007127,2025-10-10 09:08:00+08,Hong Kong,T1,en,true,2025-10-10 09:44:00+08,true,true,2,358.2,0.0
U007379,control,2025-09-14 08:06:00+08,B001080,2025-09-20 08:06:00+08,Hong Kong,T1,zh-TW,true,2025-09-20 08:47:00+08,true,false,1,97.2,0.0
U007426,control,2025-10-04 11:27:00+08,B013515,2025-10-05 11:27:00+08,Singapore,T2,en,true,2025-10-05 13:19:00+08,true,false,1,240.6,0.0
U013130,control,2025-09-06 01:03:00+08,B017185,2025-09-11 01:03:00+08,Korea,T1,ja,true,2025-09-11 02:43:00+08,true,false,1,186.29999999999998,0.0
U028232,control,2025-09-27 09:44:00+08,B016424,2025-10-02 09:44:00+08,Thailand,T2,en,true,2025-10-02 10:29:00+08,true,false,1,242.7,0.0
U004351,control,2025-09-21 06:44:00+08,B017548,2025-09-25 06:44:00+08,Korea,T1,zh-TW,true,2025-09-25 08:39:00+08,true,false,1,207.29999999999998,0.0
U014145,control,2025-10-06 07:19:00+08,B012617,2025-10-09 07:19:00+08,Hong Kong,T2,ko,true,2025-10-09 08:42:00+08,true,false,1,327.3,0.0
U017575,control,2025-10-22 22:59:00+08,B013585,2025-10-24 22:59:00+08,USA,T2,en,true,2025-10-25 00:36:00+08,true,false,1,163.2,0.0
U013590,control,2025-09-13 05:02:00+08,B015750,2025-09-16 05:02:00+08,USA,T1,ko,true,2025-09-16 05:32:00+08,true,false,1,332.7,0.0
U009225,control,2025-09-13 22:32:00+08,B016514,2025-09-19 22:32:00+08,Singapore,T1,en,true,2025-09-19 23:53:00+08,true,false,1,297.3,0.0
U006472,control,2025-10-09 23:50:00+08,B015145,2025-10-13 23:50:00+08,Thailand,T1,zh-TW,true,2025-10-14 00:30:00+08,true,true,2,244.2,0.0
U028809,bundle_100_100,2025-09-17 15:12:00+08,B009146,2025-09-20 15:12:00+08,Japan,T2,en,true,2025-09-21 06:19:00+08,true,false,1,258.59999999999997,0.0
U014162,bundle_100_100,2025-10-09 09:32:00+08,B004423,2025-10-15 09:32:00+08,Singapore,T1,ja,true,2025-10-15 11:24:00+08,true,false,1,71.7,0.0
U028339,control,2025-09-10 20:12:00+08,B017190,2025-09-16 20:12:00+08,Thailand,T1,ko,true,2025-09-16 21:38:00+08,true,true,2,466.5,0.0
U002317,control,2025-10-21 23:14:00+08,B014765,2025-10-24 23:14:00+08,Thailand,T1,en,true,2025-10-25 00:01:00+08,true,true,2,308.1,0.0
U029678,control,2025-09-25 17:48:00+08,B008818,2025-09-29 17:48:00+08,Hong Kong,T2,en,true,2025-09-29 19:14:00+08,true,false,1,87.3,0.0
U010545,airport_150,2025-09-29 16:44:00+08,B015115,2025-10-04 16:44:00+08,Korea,T1,en,true,2025-10-06 20:08:00+08,true,false,1,336.59999999999997,0.0
U006383,control,2025-09-10 12:24:00+08,B014811,2025-09-11 12:24:00+08,Singapore,T1,zh-TW,true,2025-09-11 12:54:00+08,true,true,2,241.5,0.0
U027974,control,2025-09-10 05:57:00+08,B003217,2025-09-13 05:57:00+08,Hong Kong,T1,ja,true,2025-09-13 07:38:00+08,true,false,1,282.0,0.0
U014658,airport_150,2025-09-25 19:58:00+08,B010291,2025-09-26 19:58:00+08,USA,T1,ja,true,2025-09-26 21:13:00+08,true,true,2,368.09999999999997,0.0
U020695,control,2025-09-22 05:16:00+08,B006360,2025-09-28 05:16:00+08,USA,T2,en,true,2025-09-28 07:14:00+08,true,false,1,299.09999999999997,0.0
U009216,control,2025-10-13 22:54:00+08,B017136,2025-10-17 22:54:00+08,Hong Kong,T1,en,true,2025-10-18 00:34:00+08,true,false,1,170.1,0.0
U019255,control,2025-09-09 20:27:00+08,B009894,2025-09-13 20:27:00+08,Korea,T2,en,true,2025-09-13 20:51:00+08,true,false,1,227.4,0.0
U019199,control,2025-10-05 08:29:00+08,B008457,2025-10-08 08:29:00+08,USA,T1,ko,true,2025-10-08 09:08:00+08,true,false,1,252.89999999999998,0.0
U025972,control,2025-09-04 13:45:00+08,B014809,2025-09-10 13:45:00+08,USA,T1,ko,true,2025-09-10 14:42:00+08,true,false,1,76.5,0.0
U003742,bundle_100_100,2025-10-10 21:01:00+08,B001498,2025-10-15 21:01:00+08,Thailand,T2,zh-TW,true,,false,false,0,0.0,0.0
U008603,airport_150,2025-09-23 13:02:00+08,B010296,2025-09-26 13:02:00+08,Thailand,T2,en,true,,false,false,0,0.0,0.0
U018921,bundle_100_100,2025-10-15 13:49:00+08,B005679,2025-10-17 13:49:00+08,Singapore,T1,zh-TW,true,,false,false,0,0.0,0.0
U019822,control,2025-09-12 20:04:00+08,B011074,2025-09-14 20:04:00+08,Thailand,T1,ko,true,,false,false,1,96.0,0.0
U018934,airport_150,2025-09-21 09:13:00+08,B004889,2025-09-24 09:13:00+08,USA,T1,zh-TW,true,,false,false,0,0.0,0.0
U022939,airport_150,2025-10-19 13:32:00+08,B002186,2025-10-25 13:32:00+08,USA,T2,en,true,,false,false,0,0.0,0.0
U004649,airport_150,2025-09-14 07:57:00+08,B015609,2025-09-19 07:57:00+08,USA,T1,en,true,,false,false,0,0.0,0.0
U024173,bundle_100_100,2025-10-22 09:40:00+08,B005183,2025-10-24 09:40:00+08,Korea,T1,en,true,,false,false,0,0.0,0.0
U000945,airport_150,2025-10-02 19:24:00+08,B005204,2025-10-05 19:24:00+08,Korea,T2,ko,true,,false,false,0,0.0,0.0
U012479,airport_150,2025-10-04 09:55:00+08,B000164,2025-10-08 09:55:00+08,Singapore,T2,zh-TW,true,,false,false,0,0.0,0.0
U003278,bundle_100_100,2025-10-05 22:35:00+08,B002853,2025-10-11 22:35:00+08,Singapore,T1,ko,true,,false,false,0,0.0,0.0
U009171,control,2025-10-17 18:18:00+08,B005281,2025-10-22 18:18:00+08,USA,T1,en,true,,false,false,0,0.0,0.0
U015003,bundle_100_100,2025-09-22 20:26:00+08,B016460,2025-09-25 20:26:00+08,USA,T2,ja,true,,false,false,0,0.0,0.0
U016504,airport_150,2025-09-06 19:56:00+08,B001915,2025-09-12 19:56:00+08,Thailand,T2,zh-TW,true,,false,false,0,0.0,0.0
U012197,airport_150,2025-09-10 09:02:00+08,B014533,2025-09-11 09:02:00+08,Hong Kong,T1,ko,true,,false,false,0,0.0,0.0
U013224,airport_150,2025-09-04 05:59:00+08,B004873,2025-09-09 05:59:00+08,Singapore,T1,ja,true,,false,false,0,0.0,0.0
U014765,bundle_100_100,2025-09-03 15:09:00+08,B003161,2025-09-09 15:09:00+08,Thailand,T1,ja,true,,false,false,0,0.0,0.0
U016468,bundle_100_100,2025-10-12 08:07:00+08,B003200,2025-10-15 08:07:00+08,Korea,T2,ja,true,,false,false,0,0.0,0.0
U016767,airport_150,2025-10-19 20:09:00+08,B017250,2025-10-22 20:09:00+08,Singapore,T2,ko,true,,false,false,0,0.0,0.0
U027257,airport_150,2025-09-14 07:06:00+08,B009491,2025-09-18 07:06:00+08,Hong Kong,T1,zh-TW,true,,false,false,0,0.0,0.0
U012309,airport_150,2025-09-02 09:26:00+08,B005238,2025-09-04 09:26:00+08,Hong Kong,T2,zh-TW,true,,false,false,0,0.0,0.0
U019145,control,2025-09-12 08:26:00+08,B015513,2025-09-14 08:26:00+08,Hong Kong,T1,ja,true,,false,false,0,0.0,0.0
U022474,bundle_100_100,2025-09-29 07:27:00+08,B009908,2025-10-03 07:27:00+08,Hong Kong,T1,en,true,,false,false,0,0.0,0.0
U019588,airport_150,2025-09-27 21:29:00+08,B005481,2025-10-02 21:29:00+08,Korea,T2,ja,true,,false,false,0,0.0,0.0
U023288,airport_150,2025-09-18 22:54:00+08,B006427,2025-09-21 22:54:00+08,USA,T1,en,true,,false,false,0,0.0,0.0
U027754,bundle_100_100,2025-10-20 07:16:00+08,B007174,2025-10-23 07:16:00+08,Korea,T2,en,true,,false,false,0,0.0,0.0
U027327,airport_150,2025-09-18 20:07:00+08,B003857,2025-09-23 20:07:00+08,Korea,T2,ja,true,,false,false,0,0.0,0.0
U028435,bundle_100_100,2025-09-25 05:50:00+08,B017683,2025-10-01 05:50:00+08,Singapore,T2,ko,true,,false,false,0,0.0,0.0
U004083,bundle_100_100,2025-09-25 00:07:00+08,B002713,2025-09-30 00:07:00+08,Hong Kong,T1,ja,true,,false,false,0,0.0,0.0
U005803,airport_150,2025-10-08 22:32:00+08,B006596,2025-10-13 22:32:00+08,Thailand,T2,ja,true,,false,false,0,0.0,0.0
U018848,airport_150,2025-10-13 09:43:00+08,B011590,2025-10-18 09:43:00+08,USA,T2,zh-TW,true,,false,false,0,0.0,0.0
U013077,bundle_100_100,2025-10-09 05:08:00+08,B014852,2025-10-15 05:08:00+08,USA,T2,en,true,,false,false,0,0.0,0.0
U015963,airport_150,2025-09-10 07:40:00+08,B010398,2025-09-14 07:40:00+08,Hong Kong,T1,ja,true,,false,false,0,0.0,0.0
U010086,bundle_100_100,2025-09-03 10:53:00+08,B015740,2025-09-04 10:53:00+08,Singapore,T1,zh-TW,true,,false,false,0,0.0,0.0
U011215,airport_150,2025-09-08 06:37:00+08,B015023,2025-09-12 06:37:00+08,USA,T1,ja,true,,false,false,0,0.0,0.0
U011647,bundle_100_100,2025-10-20 05:42:00+08,B015569,2025-10-25 05:42:00+08,Japan,T2,zh-TW,true,,false,false,0,0.0,0.0
U013058,control,2025-10-04 12:51:00+08,B006889,2025-10-09 12:51:00+08,Singapore,T2,ja,true,,false,false,0,0.0,0.0
U010246,airport_150,2025-09-29 07:13:00+08,B012591,2025-10-01 07:13:00+08,Korea,T1,ja,true,,false,false,0,0.0,0.0
U028830,bundle_100_100,2025-10-22 09:06:00+08,B012244,2025-10-26 09:06:00+08,Singapore,T1,ja,true,,false,false,0,0.0,0.0
U011571,airport_150,2025-09-16 20:35:00+08,B013966,2025-09-20 20:35:00+08,Singapore,T1,en,true,,false,false,0,0.0,0.0
U016876,bundle_100_100,2025-09-20 04:01:00+08,B003349,2025-09-24 04:01:00+08,Japan,T1,ja,true,,false,false,0,0.0,0.0
U011231,airport_150,2025-09-17 17:06:00+08,B016704,2025-09-22 17:06:00+08,Korea,T1,ko,true,,false,false,0,0.0,0.0
U012854,bundle_100_100,2025-09-02 22:32:00+08,B006432,2025-09-06 22:32:00+08,Korea,T1,ko,true,,false,false,1,258.59999999999997,0.0
U003228,airport_150,2025-09-03 09:21:00+08,B006407,2025-09-04 09:21:00+08,Thailand,T1,ja,true,,false,false,0,0.0,0.0
U017010,airport_150,2025-10-08 16:28:00+08,B014276,2025-10-14 16:28:00+08,Korea,T2,en,true,,false,false,0,0.0,0.0
U022281,airport_150,2025-10-14 08:43:00+08,B003331,2025-10-18 08:43:00+08,USA,T2,zh-TW,true,,false,false,0,0.0,0.0
U000689,control,2025-09-08 21:29:00+08,B009408,2025-09-11 21:29:00+08,Korea,T1,zh-TW,true,,false,false,0,0.0,0.0
U005388,control,2025-10-10 01:19:00+08,B009406,2025-10-13 01:19:00+08,Singapore,T1,en,true,,false,false,0,0.0,0.0
U023509,bundle_100_100,2025-09-30 15:19:00+08,B015148,2025-10-05 15:19:00+08,USA,T2,ja,true,,false,false,0,0.0,0.0
U002592,airport_150,2025-09-04 10:18:00+08,B001040,2025-09-08 10:18:00+08,Korea,T1,en,true,,false,false,0,0.0,0.0
U010165,airport_150,2025-09-24 06:51:00+08,B009417,2025-09-26 06:51:00+08,USA,T2,ja,true,,false,false,0,0.0,0.0
U010626,airport_150,2025-09-13 15:17:00+08,B002660,2025-09-14 15:17:00+08,Singapore,T2,ja,true,,false,false,0,0.0,0.0
U022982,airport_150,2025-10-01 08:47:00+08,B011030,2025-10-02 08:47:00+08,Hong Kong,T1,zh-TW,true,,false,false,0,0.0,0.0
U008426,airport_150,2025-10-11 22:01:00+08,B007840,2025-10-13 22:01:00+08,Thailand,T1,zh-TW,true,,false,false,0,0.0,0.0
U000009,airport_150,2025-10-09 21:06:00+08,B015123,2025-10-14 21:06:00+08,Singapore,T2,zh-TW,true,,false,false,0,0.0,0.0
U010681,bundle_100_100,2025-09-17 23:43:00+08,B008871,2025-09-20 23:43:00+08,Korea,T1,ko,true,,false,false,0,0.0,0.0
U013044,bundle_100_100,2025-10-05 20:01:00+08,B000009,2025-10-07 20:01:00+08,Singapore,T1,ko,true,,false,false,0,0.0,0.0
U025539,bundle_100_100,2025-10-20 21:25:00+08,B005200,2025-10-25 21:25:00+08,Thailand,T2,en,true,,false,false,0,0.0,0.0
U007375,bundle_100_100,2025-09-15 17:09:00+08,B007612,2025-09-17 17:09:00+08,Japan,T1,en,true,,false,false,0,0.0,0.0
U007492,airport_150,2025-10-04 20:48:00+08,B012091,2025-10-10 20:48:00+08,Hong Kong,T1,zh-TW,true,,false,false,0,0.0,0.0
U009846,airport_150,2025-10-14 23:39:00+08,B015837,2025-10-18 23:39:00+08,Korea,T1,zh-TW,true,,false,false,0,0.0,0.0
U022209,bundle_100_100,2025-09-25 11:23:00+08,B012389,2025-10-01 11:23:00+08,Japan,T2,zh-TW,true,,false,false,0,0.0,0.0
U019191,bundle_100_100,2025-09-30 02:29:00+08,B001093,2025-10-02 02:29:00+08,Korea,T2,ja,true,,false,false,0,0.0,0.0
U022821,control,2025-09-03 23:34:00+08,B016487,2025-09-04 23:34:00+08,Hong Kong,T2,zh-TW,true,,false,false,0,0.0,0.0
U016228,airport_150,2025-09-20 05:17:00+08,B002563,2025-09-22 05:17:00+08,Thailand,T2,zh-TW,true,,false,false,0,0.0,0.0
U004767,airport_150,2025-09-13 23:53:00+08,B009274,2025-09-19 23:53:00+08,Thailand,T1,en,true,,false,false,0,0.0,0.0
U027954,bundle_100_100,2025-10-04 06:24:00+08,B015342,2025-10-05 06:24:00+08,Hong Kong,T2,ko,true,,false,false,0,0.0,0.0
U000895,bundle_100_100,2025-10-09 06:26:00+08,B000945,2025-10-15 06:26:00+08,USA,T2,ja,true,,false,false,0,0.0,0.0
U021806,bundle_100_100,2025-10-22 22:01:00+08,B007256,2025-10-26 22:01:00+08,Hong Kong,T2,en,true,,false,false,0,0.0,0.0
U008101,bundle_100_100,2025-10-10 09:44:00+08,B016379,2025-10-16 09:44:00+08,Thailand,T1,zh-TW,true,,false,false,0,0.0,0.0
U023410,airport_150,2025-09-08 03:08:00+08,B016907,2025-09-12 03:08:00+08,USA,T2,ja,true,,false,false,0,0.0,0.0
U027146,airport_150,2025-10-09 14:58:00+08,B015737,2025-10-13 14:58:00+08,USA,T2,zh-TW,true,,false,false,0,0.0,0.0
U014530,airport_150,2025-09-14 07:17:00+08,B006632,2025-09-18 07:17:00+08,Japan,T2,ja,true,,false,false,0,0.0,0.0
U017622,airport_150,2025-10-15 07:11:00+08,B002111,2025-10-20 07:11:00+08,Singapore,T2,ko,true,,false,false,0,0.0,0.0
U006992,airport_150,2025-10-18 10:54:00+08,B016833,2025-10-21 10:54:00+08,Thailand,T1,ko,true,,false,false,0,0.0,0.0
U016969,bundle_100_100,2025-10-22 08:07:00+08,B007146,2025-10-24 08:07:00+08,Japan,T2,zh-TW,true,,false,false,0,0.0,0.0
U002348,airport_150,2025-09-07 22:49:00+08,B015515,2025-09-08 22:49:00+08,Singapore,T1,zh-TW,true,,false,false,0,0.0,0.0
U015126,bundle_100_100,2025-10-23 04:42:00+08,B004786,2025-10-26 04:42:00+08,Japan,T1,ja,true,,false,false,0,0.0,0.0
U020250,bundle_100_100,2025-09-10 07:48:00+08,B002645,2025-09-13 07:48:00+08,Korea,T1,ko,true,,false,false,0,0.0,0.0
U009079,bundle_100_100,2025-09-29 10:48:00+08,B001586,2025-10-04 10:48:00+08,Korea,T1,zh-TW,true,,false,false,0,0.0,0.0
U021233,airport_150,2025-10-01 09:49:00+08,B001852,2025-10-06 09:49:00+08,Korea,T1,en,true,,false,false,0,0.0,0.0
U000864,airport_150,2025-10-07 04:29:00+08,B011684,2025-10-11 04:29:00+08,Japan,T1,ko,true,,false,false,0,0.0,0.0
U008911,airport_150,2025-09-29 08:14:00+08,B003659,2025-10-05 08:14:00+08,Singapore,T1,ko,true,,false,false,0,0.0,0.0
U027189,bundle_100_100,2025-09-16 23:43:00+08,B002153,2025-09-22 23:43:00+08,Singapore,T2,zh-TW,true,,false,false,0,0.0,0.0
U029585,bundle_100_100,2025-10-09 18:31:00+08,B005133,2025-10-12 18:31:00+08,Singapore,T2,zh-TW,true,,false,false,0,0.0,0.0
U022653,airport_150,2025-10-07 21:26:00+08,B016815,2025-10-12 21:26:00+08,Thailand,T2,en,true,,false,false,0,0.0,0.0
U007051,airport_150,2025-09-20 23:35:00+08,B001767,2025-09-24 23:35:00+08,Thailand,T1,en,true,,false,false,0,0.0,0.0
U015959,airport_150,2025-09-10 08:55:00+08,B011217,2025-09-11 08:55:00+08,Japan,T2,ja,true,,false,false,0,0.0,0.0
U020885,airport_150,2025-10-16 12:11:00+08,B000738,2025-10-21 12:11:00+08,Thailand,T2,zh-TW,true,,false,false,0,0.0,0.0
U025050,airport_150,2025-09-07 13:27:00+08,B011211,2025-09-11 13:27:00+08,Japan,T1,ja,true,,false,false,0,0.0,0.0
U003577,airport_150,2025-10-19 09:07:00+08,B002088,2025-10-24 09:07:00+08,Singapore,T2,ja,true,,false,false,0,0.0,0.0
U007323,control,2025-09-13 03:52:00+08,B017175,2025-09-16 03:52:00+08,Japan,T2,en,true,,false,false,0,0.0,0.0
U009223,bundle_100_100,2025-09-05 06:45:00+08,B010165,2025-09-06 06:45:00+08,Singapore,T1,en,true,,false,false,0,0.0,0.0
U014098,airport_150,2025-10-11 12:13:00+08,B015676,2025-10-13 12:13:00+08,Thailand,T1,ja,true,,false,false,0,0.0,0.0
U023132,airport_150,2025-09-18 22:27:00+08,B014726,2025-09-23 22:27:00+08,USA,T1,ja,true,,false,false,0,0.0,0.0
U027291,bundle_100_100,2025-10-25 05:24:00+08,B015004,2025-10-26 05:24:00+08,USA,T1,ja,true,,false,false,0,0.0,0.0
U023186,airport_150,2025-10-12 11:59:00+08,B008911,2025-10-14 11:59:00+08,Korea,T2,en,true,,false,false,0,0.0,0.0
U017650,bundle_100_100,2025-10-18 05:52:00+08,B004944,2025-10-19 05:52:00+08,Singapore,T2,zh-TW,true,,false,false,0,0.0,0.0
U008278,bundle_100_100,2025-10-16 22:27:00+08,B010121,2025-10-18 22:27:00+08,Singapore,T1,en,true,,false,false,0,0.0,0.0
U026252,control,2025-09-29 12:14:00+08,B003339,2025-10-02 12:14:00+08,Thailand,T2,zh-TW,true,,false,false,0,0.0,0.0
U027486,airport_150,2025-09-23 22:44:00+08,B007417,2025-09-25 22:44:00+08,Hong Kong,T1,zh-TW,true,,false,false,1,68.1,0.0
U004325,bundle_100_100,2025-09-01 21:29:00+08,B004288,2025-09-04 21:29:00+08,Singapore,T2,zh-TW,true,,false,false,0,0.0,0.0
U022844,bundle_100_100,2025-09-01 09:22:00+08,B013614,2025-09-05 09:22:00+08,USA,T1,en,true,,false,false,0,0.0,0.0
U029494,control,2025-10-11 22:35:00+08,B012057,2025-10-12 22:35:00+08,Korea,T1,ja,true,,false,false,0,0.0,0.0
U024094,airport_150,2025-09-26 19:22:00+08,B015358,2025-09-27 19:22:00+08,Korea,T2,zh-TW,true,,false,false,0,0.0,0.0
U025085,airport_150,2025-09-19 06:18:00+08,B015683,2025-09-25 06:18:00+08,Thailand,T2,ja,true,,false,false,0,0.0,0.0
U009792,bundle_100_100,2025-09-11 00:22:00+08,B001642,2025-09-15 00:22:00+08,Thailand,T2,zh-TW,true,,false,false,0,0.0,0.0
U010813,bundle_100_100,2025-09-30 09:32:00+08,B009186,2025-10-04 09:32:00+08,Singapore,T2,en,true,,false,false,0,0.0,0.0
U020080,airport_150,2025-10-16 16:58:00+08,B010863,2025-10-22 16:58:00+08,Japan,T2,ko,true,,false,false,0,0.0,0.0
U009932,bundle_100_100,2025-09-17 06:57:00+08,B008334,2025-09-20 06:57:00+08,USA,T2,ko,true,,false,false,0,0.0,0.0
U019422,airport_150,2025-09-17 23:47:00+08,B008514,2025-09-20 23:47:00+08,Singapore,T1,zh-TW,true,,false,false,0,0.0,0.0
U026758,airport_150,2025-09-03 08:21:00+08,B003598,2025-09-05 08:21:00+08,Korea,T1,zh-TW,true,,false,false,0,0.0,0.0
U012427,airport_150,2025-09-01 07:48:00+08,B006194,2025-09-03 07:48:00+08,Singapore,T2,ja,true,,false,false,0,0.0,0.0
U012906,airport_150,2025-10-07 06:37:00+08,B007594,2025-10-10 06:37:00+08,Thailand,T2,zh-TW,true,,false,false,0,0.0,0.0
U006894,bundle_100_100,2025-10-09 20:13:00+08,B011519,2025-10-11 20:13:00+08,USA,T1,en,true,,false,false,0,0.0,0.0
U007862,bundle_100_100,2025-10-07 22:19:00+08,B010539,2025-10-13 22:19:00+08,Hong Kong,T1,zh-TW,true,,false,false,0,0.0,0.0
U014327,airport_150,2025-10-16 09:33:00+08,B005537,2025-10-21 09:33:00+08,Thailand,T1,zh-TW,true,,false,false,0,0.0,0.0
U011418,bundle_100_100,2025-10-13 06:29:00+08,B001310,2025-10-15 06:29:00+08,USA,T1,ko,true,,false,false,0,0.0,0.0
U024026,airport_150,2025-09-07 07:01:00+08,B007468,2025-09-13 07:01:00+08,Singapore,T1,zh-TW,true,,false,false,0,0.0,0.0
U028228,bundle_100_100,2025-09-25 21:01:00+08,B010854,2025-09-27 21:01:00+08,USA,T1,ko,true,,false,false,0,0.0,0.0
U009132,bundle_100_100,2025-09-01 06:18:00+08,B007925,2025-09-05 06:18:00+08,Japan,T1,ja,true,,false,false,0,0.0,0.0
U024515,airport_150,2025-09-17 08:03:00+08,B008448,2025-09-19 08:03:00+08,Singapore,T1,ja,true,,false,false,0,0.0,0.0
U027760,bundle_100_100,2025-09-18 02:16:00+08,B004971,2025-09-22 02:16:00+08,Japan,T1,ja,true,,false,false,0,0.0,0.0
U008927,airport_150,2025-10-21 15:25:00+08,B009338,2025-10-23 15:25:00+08,USA,T1,en,true,,false,false,1,241.79999999999998,0.0
U009358,bundle_100_100,2025-10-12 07:38:00+08,B011805,2025-10-16 07:38:00+08,Thailand,T1,ja,true,,false,false,0,0.0,0.0
U029390,bundle_100_100,2025-09-02 02:24:00+08,B017341,2025-09-03 02:24:00+08,Japan,T2,zh-TW,true,,false,false,0,0.0,0.0
U000001,airport_150,2025-09-05 21:12:00+08,B010026,2025-09-06 21:12:00+08,Hong Kong,T1,zh-TW,true,,false,false,0,0.0,0.0
U002164,airport_150,2025-09-04 09:50:00+08,B007143,2025-09-09 09:50:00+08,Singapore,T1,zh-TW,true,,false,false,0,0.0,0.0
U007119,airport_150,2025-10-02 20:19:00+08,B004386,2025-10-08 20:19:00+08,Japan,T2,ko,true,,false,false,0,0.0,0.0
U013122,bundle_100_100,2025-10-03 08:05:00+08,B010262,2025-10-05 08:05:00+08,Hong Kong,T2,ko,true,,false,false,0,0.0,0.0
U015966,airport_150,2025-09-08 06:46:00+08,B004087,2025-09-12 06:46:00+08,Hong Kong,T1,ja,true,,false,false,0,0.0,0.0
U001603,bundle_100_100,2025-10-12 06:18:00+08,B002007,2025-10-16 06:18:00+08,USA,T2,ja,true,,false,false,0,0.0,0.0
U011587,control,2025-09-05 08:12:00+08,B008537,2025-09-11 08:12:00+08,Singapore,T1,zh-TW,true,,false,false,0,0.0,0.0
U024813,airport_150,2025-09-06 20:28:00+08,B001050,2025-09-07 20:28:00+08,Singapore,T2,ja,true,,false,false,0,0.0,0.0
U016603,airport_150,2025-10-03 13:18:00+08,B001035,2025-10-05 13:18:00+08,Korea,T2,zh-TW,true,,false,false,0,0.0,0.0
U023340,airport_150,2025-10-14 06:50:00+08,B009134,2025-10-18 06:50:00+08,USA,T2,en,true,,false,false,0,0.0,0.0
U002647,airport_150,2025-10-06 02:08:00+08,B012381,2025-10-08 02:08:00+08,Korea,T1,zh-TW,true,,false,false,0,0.0,0.0
U003711,bundle_100_100,2025-09-20 06:04:00+08,B016333,2025-09-24 06:04:00+08,Japan,T2,ko,true,,false,false,1,122.1,0.0
U009603,airport_150,2025-09-16 23:18:00+08,B002167,2025-09-21 23:18:00+08,Singapore,T1,zh-TW,true,,false,false,0,0.0,0.0
U025167,airport_150,2025-09-07 09:46:00+08,B005853,2025-09-13 09:46:00+08,USA,T1,ko,true,,false,false,0,0.0,0.0
U001394,bundle_100_100,2025-09-19 17:36:00+08,B013278,2025-09-20 17:36:00+08,Thailand,T2,en,true,,false,false,0,0.0,0.0
U024498,bundle_100_100,2025-10-22 08:07:00+08,B010430,2025-10-25 08:07:00+08,Korea,T1,ja,true,,false,false,0,0.0,0.0
U014623,bundle_100_100,2025-09-26 00:21:00+08,B013350,2025-09-28 00:21:00+08,USA,T1,zh-TW,true,,false,false,0,0.0,0.0
U015867,control,2025-10-01 23:08:00+08,B014722,2025-10-03 23:08:00+08,Japan,T1,zh-TW,true,,false,false,0,0.0,0.0
U020333,bundle_100_100,2025-09-07 14:07:00+08,B014953,2025-09-13 14:07:00+08,Hong Kong,T2,zh-TW,true,,false,false,0,0.0,0.0
U002202,bundle_100_100,2025-09-23 20:13:00+08,B004044,2025-09-24 20:13:00+08,Japan,T2,en,true,,false,false,0,0.0,0.0
U022449,control,2025-09-08 20:47:00+08,B016868,2025-09-12 20:47:00+08,Japan,T2,ja,true,,false,false,0,0.0,0.0
U001648,bundle_100_100,2025-09-01 23:45:00+08,B001001,2025-09-05 23:45:00+08,Korea,T1,en,true,,false,false,0,0.0,0.0
U024462,control,2025-10-04 11:14:00+08,B011096,2025-10-06 11:14:00+08,USA,T2,en,true,,false,false,0,0.0,0.0
U014004,bundle_100_100,2025-10-01 09:51:00+08,B008336,2025-10-03 09:51:00+08,Singapore,T2,en,true,,false,false,0,0.0,0.0
U017602,airport_150,2025-09-24 08:46:00+08,B000585,2025-09-25 08:46:00+08,Thailand,T1,ko,true,,false,false,0,0.0,0.0
U001917,airport_150,2025-09-15 22:16:00+08,B004032,2025-09-16 22:16:00+08,Thailand,T2,ja,true,,false,false,0,0.0,0.0
U022066,airport_150,2025-09-30 01:19:00+08,B006976,2025-10-04 01:19:00+08,Singapore,T2,zh-TW,true,,false,false,0,0.0,0.0
U012933,airport_150,2025-09-21 06:21:00+08,B006605,2025-09-24 06:21:00+08,Thailand,T2,ja,true,,false,false,0,0.0,0.0
U006029,bundle_100_100,2025-09-13 07:28:00+08,B014166,2025-09-18 07:28:00+08,Japan,T1,en,true,,false,false,0,0.0,0.0
U023657,airport_150,2025-09-19 18:02:00+08,B015311,2025-09-23 18:02:00+08,Hong Kong,T1,ko,true,,false,false,0,0.0,0.0
U010473,airport_150,2025-09-07 12:51:00+08,B014637,2025-09-12 12:51:00+08,Korea,T1,ko,true,,false,false,0,0.0,0.0
U002050,airport_150,2025-10-12 11:09:00+08,B015105,2025-10-15 11:09:00+08,USA,T1,zh-TW,true,,false,false,0,0.0,0.0
U018477,bundle_100_100,2025-10-16 18:40:00+08,B014648,2025-10-17 18:40:00+08,USA,T1,ko,true,,false,false,0,0.0,0.0
U000394,bundle_100_100,2025-09-15 16:26:00+08,B017740,2025-09-19 16:26:00+08,Thailand,T2,ko,true,,false,false,0,0.0,0.0
U005682,airport_150,2025-09-26 21:27:00+08,B013267,2025-10-01 21:27:00+08,Japan,T2,ja,true,,false,false,0,0.0,0.0
U004540,airport_150,2025-09-19 06:51:00+08,B012727,2025-09-24 06:51:00+08,USA,T1,en,true,,false,false,0,0.0,0.0
U003474,airport_150,2025-10-01 12:03:00+08,B008359,2025-10-03 12:03:00+08,Hong Kong,T2,zh-TW,true,,false,false,0,0.0,0.0
U014247,airport_150,2025-09-16 11:01:00+08,B002038,2025-09-18 11:01:00+08,Korea,T1,en,true,,false,false,0,0.0,0.0
U015716,airport_150,2025-09-18 22:37:00+08,B011390,2025-09-22 22:37:00+08,Singapore,T2,ko,true,,false,false,0,0.0,0.0
U029121,bundle_100_100,2025-10-16 14:22:00+08,B009651,2025-10-17 14:22:00+08,Thailand,T1,zh-TW,true,,false,false,0,0.0,0.0
U003084,bundle_100_100,2025-10-18 20:28:00+08,B006261,2025-10-19 20:28:00+08,Singapore,T2,en,true,,false,false,0,0.0,0.0
U012579,airport_150,2025-09-11 22:39:00+08,B016811,2025-09-16 22:39:00+08,Hong Kong,T1,zh-TW,true,,false,false,0,0.0,0.0
U004050,airport_150,2025-10-20 07:54:00+08,B006709,2025-10-25 07:54:00+08,USA,T2,en,true,,false,false,0,0.0,0.0
U022642,bundle_100_100,2025-09-13 07:18:00+08,B017728,2025-09-16 07:18:00+08,USA,T1,en,true,,false,false,0,0.0,0.0
U023233,bundle_100_100,2025-10-17 20:26:00+08,B009437,2025-10-18 20:26:00+08,Japan,T1,zh-TW,true,,false,false,0,0.0,0.0
U028428,bundle_100_100,2025-10-24 05:18:00+08,B014806,2025-10-26 05:18:00+08,Hong Kong,T1,ko,true,,false,false,0,0.0,0.0
U010735,bundle_100_100,2025-09-04 08:01:00+08,B004144,2025-09-05 08:01:00+08,Korea,T2,ko,true,,false,false,0,0.0,0.0
U019488,bundle_100_100,2025-10-18 04:54:00+08,B009221,2025-10-24 04:54:00+08,Hong Kong,T2,en,true,,false,false,0,0.0,0.0
U025242,airport_150,2025-10-19 01:39:00+08,B010080,2025-10-22 01:39:00+08,Singapore,T1,en,true,,false,false,0,0.0,0.0
U027859,airport_150,2025-10-02 08:15:00+08,B017514,2025-10-05 08:15:00+08,USA,T2,ja,true,,false,false,0,0.0,0.0
U009927,bundle_100_100,2025-09-13 22:03:00+08,B013636,2025-09-19 22:03:00+08,Hong Kong,T1,en,true,,false,false,0,0.0,0.0
U024363,airport_150,2025-09-19 21:22:00+08,B015051,2025-09-25 21:22:00+08,Hong Kong,T2,zh-TW,true,,false,false,0,0.0,0.0
U024548,airport_150,2025-09-13 06:19:00+08,B008335,2025-09-17 06:19:00+08,USA,T2,ja,true,,false,false,0,0.0,0.0
U016795,airport_150,2025-09-08 03:46:00+08,B005709,2025-09-12 03:46:00+08,Japan,T2,ko,true,,false,false,0,0.0,0.0
U016735,airport_150,2025-09-08 06:54:00+08,B001004,2025-09-12 06:54:00+08,Thailand,T1,zh-TW,true,,false,false,0,0.0,0.0
U029717,control,2025-09-12 04:52:00+08,B013024,2025-09-14 04:52:00+08,Singapore,T1,ko,true,,false,false,0,0.0,0.0
U009656,bundle_100_100,2025-09-21 11:59:00+08,B007800,2025-09-23 11:59:00+08,USA,T2,ko,true,,false,false,0,0.0,0.0
U012101,airport_150,2025-09-11 05:04:00+08,B003672,2025-09-15 05:04:00+08,Korea,T2,zh-TW,true,,false,false,0,0.0,0.0
U007813,airport_150,2025-10-15 21:15:00+08,B004190,2025-10-18 21:15:00+08,Korea,T2,en,true,,false,false,0,0.0,0.0
U008590,bundle_100_100,2025-09-16 01:30:00+08,B000496,2025-09-20 01:30:00+08,Japan,T1,zh-TW,true,,false,false,0,0.0,0.0
U015314,bundle_100_100,2025-09-18 13:39:00+08,B014844,2025-09-24 13:39:00+08,USA,T1,zh-TW,true,,false,false,0,0.0,0.0
U008143,control,2025-09-01 21:12:00+08,B004869,2025-09-04 21:12:00+08,Japan,T1,en,true,,false,false,0,0.0,0.0
U016154,bundle_100_100,2025-09-02 23:42:00+08,B014732,2025-09-08 23:42:00+08,USA,T2,en,true,,false,false,0,0.0,0.0
U014582,bundle_100_100,2025-09-14 03:35:00+08,B003992,2025-09-17 03:35:00+08,USA,T1,ko,true,,false,false,0,0.0,0.0
U026058,bundle_100_100,2025-09-30 07:32:00+08,B003118,2025-10-04 07:32:00+08,Singapore,T2,ja,true,,false,false,1,60.599999999999994,0.0
U028690,control,2025-10-21 10:14:00+08,B010692,2025-10-24 10:14:00+08,Thailand,T1,ko,true,,false,false,0,0.0,0.0
U009660,bundle_100_100,2025-10-17 23:08:00+08,B009578,2025-10-18 23:08:00+08,Singapore,T1,ja,true,,false,false,0,0.0,0.0
U028763,airport_150,2025-09-28 06:17:00+08,B003254,2025-09-30 06:17:00+08,Singapore,T2,zh-TW,true,,false,false,0,0.0,0.0
U020179,bundle_100_100,2025-10-14 20:59:00+08,B008192,2025-10-17 20:59:00+08,Hong Kong,T1,en,true,,false,false,0,0.0,0.0
U006392,bundle_100_100,2025-09-09 20:08:00+08,B001974,2025-09-12 20:08:00+08,Hong Kong,T2,en,true,,false,false,0,0.0,0.0
U013329,bundle_100_100,2025-10-01 22:21:00+08,B013453,2025-10-06 22:21:00+08,Thailand,T1,en,true,,false,false,0,0.0,0.0
U008539,control,2025-10-15 09:50:00+08,B009877,2025-10-20 09:50:00+08,Hong Kong,T2,ko,true,,false,false,0,0.0,0.0
U000634,control,2025-09-24 06:50:00+08,B006117,2025-09-26 06:50:00+08,Japan,T1,zh-TW,true,,false,false,0,0.0,0.0
U029173,bundle_100_100,2025-09-28 23:43:00+08,B014800,2025-09-29 23:43:00+08,Singapore,T1,ko,true,,false,false,0,0.0,0.0
U029375,airport_150,2025-10-03 15:55:00+08,B006202,2025-10-07 15:55:00+08,Hong Kong,T2,en,true,,false,false,0,0.0,0.0
U024181,airport_150,2025-10-02 21:06:00+08,B009757,2025-10-04 21:06:00+08,Japan,T1,en,true,,false,false,0,0.0,0.0
U014885,bundle_100_100,2025-09-01 23:52:00+08,B014277,2025-09-03 23:52:00+08,Thailand,T2,ja,true,,false,false,0,0.0,0.0
U028731,control,2025-10-05 03:10:00+08,B016345,2025-10-09 03:10:00+08,Hong Kong,T2,ko,true,,false,false,0,0.0,0.0
U001852,control,2025-09-18 23:34:00+08,B009237,2025-09-19 23:34:00+08,Japan,T1,en,true,,false,false,0,0.0,0.0
U020861,bundle_100_100,2025-09-13 11:54:00+08,B010629,2025-09-14 11:54:00+08,Korea,T2,ko,true,,false,false,0,0.0,0.0
U016400,airport_150,2025-09-11 19:54:00+08,B003965,2025-09-15 19:54:00+08,Thailand,T1,en,true,,false,false,0,0.0,0.0
U012317,airport_150,2025-09-26 10:11:00+08,B010893,2025-09-30 10:11:00+08,Japan,T2,ja,true,,false,false,0,0.0,0.0
U025567,bundle_100_100,2025-09-14 10:59:00+08,B014664,2025-09-18 10:59:00+08,Hong Kong,T2,ko,true,,false,false,0,0.0,0.0
U000814,bundle_100_100,2025-10-09 04:34:00+08,B011237,2025-10-15 04:34:00+08,Hong Kong,T2,ko,true,,false,false,0,0.0,0.0
U009999,airport_150,2025-09-04 22:53:00+08,B015823,2025-09-08 22:53:00+08,Korea,T2,ja,true,,false,false,0,0.0,0.0
U026485,bundle_100_100,2025-10-17 11:40:00+08,B013840,2025-10-23 11:40:00+08,USA,T2,ja,true,,false,false,0,0.0,0.0
U015778,bundle_100_100,2025-09-26 20:37:00+08,B002067,2025-09-30 20:37:00+08,Japan,T1,ko,true,,false,false,0,0.0,0.0
U000955,airport_150,2025-10-02 06:43:00+08,B009141,2025-10-05 06:43:00+08,USA,T1,zh-TW,true,,false,false,0,0.0,0.0
U002134,airport_150,2025-10-09 08:17:00+08,B007818,2025-10-13 08:17:00+08,Singapore,T2,ja,true,,false,false,0,0.0,0.0
U027264,bundle_100_100,2025-10-06 14:36:00+08,B011200,2025-10-07 14:36:00+08,Hong Kong,T2,en,true,,false,false,0,0.0,0.0
U002434,airport_150,2025-10-07 11:55:00+08,B015337,2025-10-10 11:55:00+08,Korea,T1,zh-TW,true,,false,false,0,0.0,0.0
U008151,airport_150,2025-09-17 22:35:00+08,B016102,2025-09-22 22:35:00+08,USA,T2,en,true,,false,false,0,0.0,0.0
U017680,control,2025-10-04 06:54:00+08,B015574,2025-10-05 06:54:00+08,Thailand,T1,zh-TW,true,,false,false,0,0.0,0.0
U027515,bundle_100_100,2025-10-07 23:16:00+08,B006312,2025-10-12 23:16:00+08,Hong Kong,T1,en,true,,false,false,0,0.0,0.0
U023757,airport_150,2025-10-13 01:48:00+08,B003373,2025-10-15 01:48:00+08,Hong Kong,T2,ko,true,,false,false,0,0.0,0.0
U017606,airport_150,2025-09-05 01:10:00+08,B017253,2025-09-08 01:10:00+08,USA,T2,ja,true,,false,false,0,0.0,0.0
U024798,bundle_100_100,2025-09-02 05:56:00+08,B004410,2025-09-05 05:56:00+08,Hong Kong,T2,ko,true,,false,false,0,0.0,0.0
U019294,bundle_100_100,2025-09-17 07:39:00+08,B016926,2025-09-21 07:39:00+08,Japan,T2,ko,true,,false,false,0,0.0,0.0
U002739,airport_150,2025-10-20 21:47:00+08,B007141,2025-10-26 21:47:00+08,Japan,T1,ja,true,,false,false,0,0.0,0.0
U008131,bundle_100_100,2025-09-03 20:55:00+08,B004880,2025-09-07 20:55:00+08,USA,T1,zh-TW,true,,false,false,0,0.0,0.0
U018190,airport_150,2025-10-20 23:38:00+08,B008915,2025-10-23 23:38:00+08,USA,T1,zh-TW,true,,false,false,0,0.0,0.0
U015609,bundle_100_100,2025-09-21 06:54:00+08,B007069,2025-09-22 06:54:00+08,Thailand,T1,ko,true,,false,false,0,0.0,0.0
U005498,airport_150,2025-10-13 03:27:00+08,B011795,2025-10-14 03:27:00+08,Thailand,T1,zh-TW,true,,false,false,0,0.0,0.0
U007551,control,2025-09-19 13:22:00+08,B017665,2025-09-25 13:22:00+08,USA,T1,en,true,,false,false,0,0.0,0.0
U011673,control,2025-10-14 22:04:00+08,B005314,2025-10-20 22:04:00+08,USA,T2,en,true,,false,false,0,0.0,0.0
U009609,airport_150,2025-09-05 16:07:00+08,B015941,2025-09-10 16:07:00+08,Hong Kong,T1,en,true,,false,false,0,0.0,0.0
U010662,airport_150,2025-09-05 09:52:00+08,B004366,2025-09-06 09:52:00+08,Korea,T1,ja,true,,false,false,0,0.0,0.0
U025585,airport_150,2025-09-29 20:34:00+08,B007695,2025-10-02 20:34:00+08,Hong Kong,T1,en,true,,false,false,0,0.0,0.0
U026900,control,2025-10-14 11:50:00+08,B014502,2025-10-20 11:50:00+08,Thailand,T2,en,true,,false,false,0,0.0,0.0
U011040,bundle_100_100,2025-09-30 21:15:00+08,B002547,2025-10-05 21:15:00+08,Japan,T2,zh-TW,true,,false,false,1,106.5,0.0
U016516,bundle_100_100,2025-10-05 12:41:00+08,B006226,2025-10-06 12:41:00+08,Singapore,T2,ja,true,,false,false,0,0.0,0.0
U022933,bundle_100_100,2025-10-10 22:33:00+08,B012305,2025-10-15 22:33:00+08,Singapore,T1,ja,true,,false,false,0,0.0,0.0
U005997,control,2025-09-10 00:56:00+08,B005140,2025-09-16 00:56:00+08,Japan,T2,en,true,,false,false,0,0.0,0.0
U011376,airport_150,2025-10-09 05:23:00+08,B016283,2025-10-11 05:23:00+08,Korea,T2,ko,true,,false,false,0,0.0,0.0
U025403,bundle_100_100,2025-09-17 03:15:00+08,B001417,2025-09-22 03:15:00+08,Hong Kong,T1,ja,true,,false,false,0,0.0,0.0
U015573,bundle_100_100,2025-10-16 01:20:00+08,B005091,2025-10-20 01:20:00+08,USA,T1,ja,true,,false,false,0,0.0,0.0
U007842,bundle_100_100,2025-09-08 16:34:00+08,B016603,2025-09-12 16:34:00+08,Hong Kong,T1,ja,true,,false,false,0,0.0,0.0
U012199,airport_150,2025-09-17 21:15:00+08,B005011,2025-09-23 21:15:00+08,Singapore,T2,en,true,,false,false,0,0.0,0.0
U016091,control,2025-09-23 07:53:00+08,B005168,2025-09-24 07:53:00+08,USA,T1,en,true,,false,false,0,0.0,0.0
U016510,airport_150,2025-10-10 06:44:00+08,B014959,2025-10-11 06:44:00+08,Singapore,T1,ja,true,,false,false,0,0.0,0.0
U011752,bundle_100_100,2025-09-23 05:35:00+08,B014171,2025-09-28 05:35:00+08,Singapore,T1,ja,true,,false,false,0,0.0,0.0
U015761,airport_150,2025-09-17 22:09:00+08,B008141,2025-09-20 22:09:00+08,Hong Kong,T1,en,true,,false,false,0,0.0,0.0
U003970,bundle_100_100,2025-09-09 12:36:00+08,B016060,2025-09-15 12:36:00+08,USA,T1,en,true,,false,false,0,0.0,0.0
U007185,control,2025-09-27 12:53:00+08,B002312,2025-09-30 12:53:00+08,Korea,T1,ko,true,,false,false,0,0.0,0.0
U006228,airport_150,2025-10-11 22:02:00+08,B013517,2025-10-13 22:02:00+08,Hong Kong,T1,zh-TW,true,,false,false,0,0.0,0.0
U012015,bundle_100_100,2025-09-06 08:37:00+08,B017358,2025-09-11 08:37:00+08,Singapore,T2,zh-TW,true,,false,false,0,0.0,0.0
U026964,bundle_100_100,2025-09-11 15:28:00+08,B004496,2025-09-15 15:28:00+08,Japan,T1,en,true,,false,false,0,0.0,0.0
U001147,bundle_100_100,2025-10-05 09:39:00+08,B001826,2025-10-06 09:39:00+08,USA,T1,zh-TW,true,,false,false,0,0.0,0.0
U003403,control,2025-09-12 23:59:00+08,B012735,2025-09-16 23:59:00+08,Hong Kong,T1,ko,true,,false,false,0,0.0,0.0
U005527,bundle_100_100,2025-10-17 06:35:00+08,B003077,2025-10-18 06:35:00+08,Singapore,T2,ja,true,,false,false,0,0.0,0.0
U023319,control,2025-10-16 22:38:00+08,B016013,2025-10-17 22:38:00+08,USA,T2,zh-TW,true,,false,false,0,0.0,0.0
U026216,airport_150,2025-09-12 23:07:00+08,B016171,2025-09-13 23:07:00+08,Hong Kong,T1,ko,true,,false,false,0,0.0,0.0
U027266,airport_150,2025-10-18 23:34:00+08,B008089,2025-10-22 23:34:00+08,Japan,T1,zh-TW,true,,false,false,0,0.0,0.0
U001978,bundle_100_100,2025-09-10 22:40:00+08,B015049,2025-09-11 22:40:00+08,USA,T1,en,true,,false,false,0,0.0,0.0
U027135,airport_150,2025-09-05 07:44:00+08,B001606,2025-09-09 07:44:00+08,Japan,T2,en,true,,false,false,0,0.0,0.0
U020743,bundle_100_100,2025-09-17 22:30:00+08,B013935,2025-09-22 22:30:00+08,Singapore,T2,ja,true,,false,false,0,0.0,0.0
U009414,bundle_100_100,2025-09-16 00:27:00+08,B004134,2025-09-18 00:27:00+08,Singapore,T1,zh-TW,true,,false,false,0,0.0,0.0
U010199,bundle_100_100,2025-09-19 03:21:00+08,B017278,2025-09-25 03:21:00+08,Hong Kong,T2,ko,true,,false,false,0,0.0,0.0
U001395,airport_150,2025-10-09 15:26:00+08,B014517,2025-10-13 15:26:00+08,Japan,T1,ja,true,,false,false,0,0.0,0.0
U008650,bundle_100_100,2025-09-27 08:24:00+08,B002766,2025-10-02 08:24:00+08,Thailand,T1,zh-TW,true,,false,false,0,0.0,0.0
U025338,bundle_100_100,2025-10-11 01:06:00+08,B000675,2025-10-14 01:06:00+08,USA,T1,ja,true,,false,false,0,0.0,0.0
U004714,airport_150,2025-10-13 22:01:00+08,B003681,2025-10-18 22:01:00+08,Hong Kong,T2,ja,true,,false,false,0,0.0,0.0
U009441,airport_150,2025-09-18 23:21:00+08,B010917,2025-09-20 23:21:00+08,Thailand,T1,en,true,,false,false,0,0.0,0.0
U011521,control,2025-09-10 14:02:00+08,B003556,2025-09-14 14:02:00+08,Japan,T1,ja,true,,false,false,0,0.0,0.0
U019619,bundle_100_100,2025-10-01 23:32:00+08,B017350,2025-10-06 23:32:00+08,Thailand,T1,ko,true,,false,false,0,0.0,0.0
U013995,control,2025-09-22 21:23:00+08,B003326,2025-09-23 21:23:00+08,Japan,T1,ja,true,,false,false,0,0.0,0.0
U021655,bundle_100_100,2025-09-28 22:40:00+08,B008013,2025-10-01 22:40:00+08,Japan,T2,ko,true,,false,false,0,0.0,0.0
U005110,control,2025-10-16 23:29:00+08,B005885,2025-10-17 23:29:00+08,Thailand,T2,zh-TW,true,,false,false,0,0.0,0.0
U011305,bundle_100_100,2025-09-18 03:18:00+08,B007061,2025-09-22 03:18:00+08,Japan,T1,en,true,,false,false,0,0.0,0.0
U025333,bundle_100_100,2025-09-02 23:25:00+08,B004629,2025-09-05 23:25:00+08,Korea,T2,ja,true,,false,false,0,0.0,0.0
U012356,airport_150,2025-10-07 08:24:00+08,B012227,2025-10-13 08:24:00+08,Korea,T1,en,true,,false,false,0,0.0,0.0
U000289,bundle_100_100,2025-10-15 06:09:00+08,B003358,2025-10-16 06:09:00+08,USA,T2,en,true,,false,false,0,0.0,0.0
U021704,control,2025-10-15 00:57:00+08,B014824,2025-10-17 00:57:00+08,Korea,T2,zh-TW,true,,false,false,0,0.0,0.0
U027216,bundle_100_100,2025-09-27 07:03:00+08,B012894,2025-09-29 07:03:00+08,Thailand,T2,en,true,,false,false,0,0.0,0.0
U006604,control,2025-09-21 07:37:00+08,B013661,2025-09-24 07:37:00+08,USA,T2,ko,true,,false,false,0,0.0,0.0
U017640,airport_150,2025-09-24 23:57:00+08,B017149,2025-09-28 23:57:00+08,Japan,T1,zh-TW,true,,false,false,0,0.0,0.0
U013148,bundle_100_100,2025-09-01 23:58:00+08,B001876,2025-09-04 23:58:00+08,Thailand,T2,zh-TW,true,,false,false,0,0.0,0.0
U014271,airport_150,2025-10-08 08:10:00+08,B000676,2025-10-10 08:10:00+08,Thailand,T2,en,true,,false,false,0,0.0,0.0
U025766,airport_150,2025-09-21 06:12:00+08,B009975,2025-09-25 06:12:00+08,Japan,T1,zh-TW,true,,false,false,0,0.0,0.0
U000641,bundle_100_100,2025-10-14 07:35:00+08,B010966,2025-10-15 07:35:00+08,Korea,T2,en,true,,false,false,0,0.0,0.0
U010535,bundle_100_100,2025-09-12 16:29:00+08,B012939,2025-09-18 16:29:00+08,Hong Kong,T1,en,true,,false,false,0,0.0,0.0
U012811,airport_150,2025-10-23 23:08:00+08,B011807,2025-10-26 23:08:00+08,Singapore,T2,en,true,,false,false,0,0.0,0.0
U027126,airport_150,2025-10-09 22:20:00+08,B011230,2025-10-11 22:20:00+08,Thailand,T1,zh-TW,true,,false,false,0,0.0,0.0
U027814,bundle_100_100,2025-09-18 06:27:00+08,B010212,2025-09-19 06:27:00+08,Thailand,T2,ko,true,,false,false,0,0.0,0.0
U009081,bundle_100_100,2025-10-16 18:32:00+08,B015545,2025-10-17 18:32:00+08,Singapore,T2,ja,true,,false,false,0,0.0,0.0
U000036,airport_150,2025-09-04 20:59:00+08,B015060,2025-09-10 20:59:00+08,Korea,T1,en,true,,false,false,0,0.0,0.0
U011081,airport_150,2025-10-07 09:15:00+08,B000038,2025-10-08 09:15:00+08,Japan,T2,ko,true,,false,false,0,0.0,0.0
U026027,control,2025-10-16 05:37:00+08,B002620,2025-10-18 05:37:00+08,USA,T2,ja,true,,false,false,0,0.0,0.0
U000215,airport_150,2025-09-20 20:13:00+08,B002887,2025-09-22 20:13:00+08,Japan,T2,zh-TW,true,,false,false,0,0.0,0.0
U026595,airport_150,2025-10-21 09:59:00+08,B016095,2025-10-26 09:59:00+08,Japan,T1,en,true,,false,false,0,0.0,0.0
U009619,airport_150,2025-09-15 01:03:00+08,B007366,2025-09-20 01:03:00+08,USA,T1,zh-TW,true,,false,false,0,0.0,0.0
U001337,bundle_100_100,2025-09-05 07:29:00+08,B015232,2025-09-09 07:29:00+08,Korea,T1,ko,true,,false,false,0,0.0,0.0
U024610,airport_150,2025-09-14 08:13:00+08,B010394,2025-09-19 08:13:00+08,Singapore,T2,ko,true,,false,false,0,0.0,0.0
U004063,bundle_100_100,2025-09-16 05:21:00+08,B000635,2025-09-22 05:21:00+08,Japan,T2,en,true,,false,false,0,0.0,0.0
U024936,airport_150,2025-09-13 05:58:00+08,B016895,2025-09-18 05:58:00+08,Korea,T1,en,true,,false,false,0,0.0,0.0
U027014,bundle_100_100,2025-09-29 10:50:00+08,B004172,2025-10-05 10:50:00+08,Singapore,T1,ko,true,,false,false,1,72.3,0.0
U028355,airport_150,2025-10-02 07:09:00+08,B016077,2025-10-05 07:09:00+08,Thailand,T2,zh-TW,true,,false,false,0,0.0,0.0
U002121,airport_150,2025-09-13 01:58:00+08,B002616,2025-09-15 01:58:00+08,USA,T1,en,true,,false,false,0,0.0,0.0
U017753,bundle_100_100,2025-09-07 05:23:00+08,B009153,2025-09-11 05:23:00+08,Hong Kong,T2,ja,true,,false,false,0,0.0,0.0
U027564,airport_150,2025-09-25 09:41:00+08,B016656,2025-09-29 09:41:00+08,Singapore,T2,zh-TW,true,,false,false,0,0.0,0.0
U014376,bundle_100_100,2025-09-20 09:18:00+08,B014129,2025-09-26 09:18:00+08,Singapore,T2,ko,true,,false,false,0,0.0,0.0
U021766,bundle_100_100,2025-10-16 09:27:00+08,B000290,2025-10-21 09:27:00+08,USA,T2,en,true,,false,false,0,0.0,0.0
U001843,bundle_100_100,2025-10-14 03:45:00+08,B008480,2025-10-20 03:45:00+08,Hong Kong,T2,ja,true,,false,false,0,0.0,0.0
U019515,airport_150,2025-10-14 05:11:00+08,B015952,2025-10-18 05:11:00+08,Korea,T2,ja,true,,false,false,0,0.0,0.0
U022796,bundle_100_100,2025-09-01 23:07:00+08,B004806,2025-09-03 23:07:00+08,Thailand,T1,ko,true,,false,false,0,0.0,0.0
U004462,airport_150,2025-09-03 16:30:00+08,B007737,2025-09-06 16:30:00+08,Japan,T2,en,true,,false,false,0,0.0,0.0
U025240,airport_150,2025-09-06 20:07:00+08,B012461,2025-09-08 20:07:00+08,Japan,T1,zh-TW,true,,false,false,0,0.0,0.0
U023135,airport_150,2025-10-15 00:31:00+08,B001110,2025-10-20 00:31:00+08,Singapore,T1,zh-TW,true,,false,false,0,0.0,0.0
U011514,airport_150,2025-09-27 19:59:00+08,B002379,2025-09-30 19:59:00+08,Hong Kong,T1,ko,true,,false,false,0,0.0,0.0
U019807,airport_150,2025-10-21 15:42:00+08,B016861,2025-10-26 15:42:00+08,Singapore,T2,en,true,,false,false,0,0.0,0.0
U029244,airport_150,2025-09-19 16:54:00+08,B004773,2025-09-23 16:54:00+08,Thailand,T1,zh-TW,true,,false,false,1,104.39999999999999,0.0
U003504,bundle_100_100,2025-09-27 05:21:00+08,B010525,2025-10-01 05:21:00+08,Hong Kong,T1,en,true,,false,false,0,0.0,0.0
U011872,airport_150,2025-09-04 08:13:00+08,B007066,2025-09-07 08:13:00+08,Korea,T2,ko,true,,false,false,0,0.0,0.0
U002848,control,2025-09-02 10:25:00+08,B004111,2025-09-05 10:25:00+08,Japan,T1,zh-TW,true,,false,false,1,89.39999999999999,0.0
U020487,airport_150,2025-10-18 03:50:00+08,B010959,2025-10-23 03:50:00+08,Korea,T1,en,true,,false,false,0,0.0,0.0
U008115,airport_150,2025-10-19 07:06:00+08,B006215,2025-10-21 07:06:00+08,Singapore,T1,en,true,,false,false,0,0.0,0.0
U013333,airport_150,2025-09-15 07:01:00+08,B006811,2025-09-18 07:01:00+08,Thailand,T1,zh-TW,true,,false,false,0,0.0,0.0
U023754,control,2025-10-20 21:14:00+08,B001918,2025-10-26 21:14:00+08,Hong Kong,T2,ko,true,,false,false,0,0.0,0.0
U001884,airport_150,2025-09-15 16:38:00+08,B001139,2025-09-19 16:38:00+08,Singapore,T2,en,true,,false,false,0,0.0,0.0
U002093,bundle_100_100,2025-09-29 09:32:00+08,B002486,2025-09-30 09:32:00+08,Hong Kong,T1,ko,true,,false,false,0,0.0,0.0
U004469,airport_150,2025-09-17 00:34:00+08,B012582,2025-09-19 00:34:00+08,USA,T2,zh-TW,true,,false,false,0,0.0,0.0
U022649,airport_150,2025-09-11 07:09:00+08,B014562,2025-09-13 07:09:00+08,USA,T1,ja,true,,false,false,0,0.0,0.0
U004642,airport_150,2025-10-14 13:27:00+08,B016924,2025-10-16 13:27:00+08,Korea,T1,en,true,,false,false,0,0.0,0.0
U011784,bundle_100_100,2025-10-16 09:37:00+08,B004580,2025-10-17 09:37:00+08,Hong Kong,T2,ja,true,,false,false,0,0.0,0.0
U029310,bundle_100_100,2025-10-20 12:33:00+08,B014566,2025-10-26 12:33:00+08,Thailand,T1,zh-TW,true,,false,false,0,0.0,0.0
U013813,airport_150,2025-10-05 04:57:00+08,B009949,2025-10-11 04:57:00+08,USA,T1,en,true,,false,false,0,0.0,0.0
U004815,bundle_100_100,2025-09-01 14:31:00+08,B002030,2025-09-05 14:31:00+08,USA,T2,en,true,,false,false,0,0.0,0.0
U009076,bundle_100_100,2025-09-05 23:43:00+08,B017978,2025-09-06 23:43:00+08,Singapore,T1,zh-TW,true,,false,false,0,0.0,0.0
U015632,bundle_100_100,2025-09-04 08:44:00+08,B007740,2025-09-09 08:44:00+08,USA,T1,ja,true,,false,false,0,0.0,0.0
U027281,airport_150,2025-10-20 22:46:00+08,B015468,2025-10-22 22:46:00+08,Thailand,T2,en,true,,false,false,0,0.0,0.0
U023185,bundle_100_100,2025-09-20 21:10:00+08,B012385,2025-09-26 21:10:00+08,Hong Kong,T2,ja,true,,false,false,0,0.0,0.0
U026012,airport_150,2025-09-17 23:46:00+08,B012340,2025-09-23 23:46:00+08,Hong Kong,T1,ja,true,,false,false,0,0.0,0.0
U020282,bundle_100_100,2025-10-06 23:28:00+08,B006038,2025-10-09 23:28:00+08,Korea,T2,en,true,,false,false,0,0.0,0.0
U019293,bundle_100_100,2025-10-19 01:30:00+08,B013681,2025-10-20 01:30:00+08,Singapore,T2,ko,true,,false,false,0,0.0,0.0
U000876,airport_150,2025-09-08 07:34:00+08,B015144,2025-09-10 07:34:00+08,Japan,T1,ja,true,,false,false,0,0.0,0.0
U004070,bundle_100_100,2025-09-02 23:31:00+08,B004718,2025-09-06 23:31:00+08,Korea,T2,ko,true,,false,false,0,0.0,0.0
U024858,bundle_100_100,2025-09-19 01:28:00+08,B003309,2025-09-25 01:28:00+08,Korea,T1,zh-TW,true,,false,false,0,0.0,0.0
U027362,bundle_100_100,2025-09-26 03:47:00+08,B016512,2025-09-30 03:47:00+08,Singapore,T2,en,true,,false,false,0,0.0,0.0
U029634,airport_150,2025-09-06 23:20:00+08,B004738,2025-09-08 23:20:00+08,Singapore,T2,ko,true,,false,false,0,0.0,0.0
U011911,bundle_100_100,2025-10-13 01:11:00+08,B006433,2025-10-19 01:11:00+08,Korea,T1,zh-TW,true,,false,false,0,0.0,0.0
U013714,bundle_100_100,2025-09-24 23:26:00+08,B014733,2025-09-29 23:26:00+08,Korea,T2,en,true,,false,false,0,0.0,0.0
U020372,airport_150,2025-10-06 23:54:00+08,B007724,2025-10-11 23:54:00+08,Thailand,T2,ko,true,,false,false,0,0.0,0.0
U013462,airport_150,2025-10-15 08:28:00+08,B014198,2025-10-21 08:28:00+08,Singapore,T2,ja,true,,false,false,0,0.0,0.0
U027791,airport_150,2025-09-03 08:02:00+08,B001704,2025-09-08 08:02:00+08,Hong Kong,T1,en,true,,false,false,0,0.0,0.0
U005224,bundle_100_100,2025-10-25 17:20:00+08,B012904,2025-10-26 17:20:00+08,Japan,T1,ko,true,,false,false,0,0.0,0.0
U013815,bundle_100_100,2025-10-09 20:53:00+08,B013812,2025-10-15 20:53:00+08,Korea,T1,zh-TW,true,,false,false,0,0.0,0.0
U020990,airport_150,2025-10-12 23:09:00+08,B014336,2025-10-13 23:09:00+08,Hong Kong,T1,en,true,,false,false,0,0.0,0.0
U004635,bundle_100_100,2025-09-06 16:33:00+08,B011433,2025-09-08 16:33:00+08,USA,T1,ko,true,,false,false,0,0.0,0.0
U000949,bundle_100_100,2025-09-29 14:15:00+08,B016021,2025-10-04 14:15:00+08,Singapore,T2,zh-TW,true,,false,false,0,0.0,0.0
U013153,bundle_100_100,2025-09-02 20:16:00+08,B017843,2025-09-08 20:16:00+08,Korea,T2,zh-TW,true,,false,false,0,0.0,0.0
U018251,airport_150,2025-10-07 08:18:00+08,B005456,2025-10-09 08:18:00+08,Singapore,T1,ja,true,,false,false,0,0.0,0.0
U025639,bundle_100_100,2025-09-02 05:47:00+08,B017722,2025-09-06 05:47:00+08,Korea,T2,ja,true,,false,false,0,0.0,0.0
U027006,airport_150,2025-10-12 06:14:00+08,B015969,2025-10-14 06:14:00+08,Singapore,T1,zh-TW,true,,false,false,0,0.0,0.0
U013195,airport_150,2025-09-15 18:16:00+08,B011471,2025-09-20 18:16:00+08,Thailand,T2,zh-TW,true,,false,false,0,0.0,0.0
U023268,airport_150,2025-10-01 20:55:00+08,B005138,2025-10-07 20:55:00+08,Hong Kong,T2,en,true,,false,false,0,0.0,0.0
U002806,control,2025-09-12 05:11:00+08,B007983,2025-09-17 05:11:00+08,Japan,T2,en,true,,false,false,0,0.0,0.0
U025110,bundle_100_100,2025-09-20 00:59:00+08,B010958,2025-09-21 00:59:00+08,Singapore,T1,en,true,,false,false,0,0.0,0.0
U001375,airport_150,2025-10-02 09:32:00+08,B015656,2025-10-08 09:32:00+08,Hong Kong,T2,en,true,,false,false,0,0.0,0.0
U023692,control,2025-10-19 02:33:00+08,B014607,2025-10-23 02:33:00+08,Japan,T1,ja,true,,false,false,0,0.0,0.0
U018843,bundle_100_100,2025-10-23 17:53:00+08,B010257,2025-10-25 17:53:00+08,Japan,T2,ja,true,,false,false,0,0.0,0.0
U029531,bundle_100_100,2025-09-05 05:05:00+08,B002406,2025-09-08 05:05:00+08,Hong Kong,T2,ko,true,,false,false,0,0.0,0.0
U029949,control,2025-09-11 07:32:00+08,B001028,2025-09-17 07:32:00+08,Thailand,T1,ja,true,,false,false,0,0.0,0.0
U010606,bundle_100_100,2025-10-17 07:12:00+08,B006410,2025-10-21 07:12:00+08,Korea,T1,en,true,,false,false,0,0.0,0.0
U004524,bundle_100_100,2025-09-06 19:30:00+08,B005412,2025-09-12 19:30:00+08,Japan,T2,en,true,,false,false,0,0.0,0.0
U008736,bundle_100_100,2025-10-01 10:32:00+08,B015121,2025-10-05 10:32:00+08,Thailand,T1,zh-TW,true,,false,false,0,0.0,0.0
U012298,bundle_100_100,2025-09-06 02:52:00+08,B017534,2025-09-07 02:52:00+08,USA,T2,ja,true,,false,false,0,0.0,0.0
U023886,bundle_100_100,2025-09-16 20:25:00+08,B012506,2025-09-18 20:25:00+08,Hong Kong,T1,zh-TW,true,,false,false,0,0.0,0.0
U028521,airport_150,2025-10-04 07:58:00+08,B010319,2025-10-06 07:58:00+08,Thailand,T1,ko,true,,false,false,0,0.0,0.0
U005890,bundle_100_100,2025-10-02 07:01:00+08,B013639,2025-10-08 07:01:00+08,USA,T2,zh-TW,true,,false,false,0,0.0,0.0
U016660,airport_150,2025-09-17 08:56:00+08,B005457,2025-09-20 08:56:00+08,Hong Kong,T2,zh-TW,true,,false,false,0,0.0,0.0
U028736,bundle_100_100,2025-09-03 04:38:00+08,B017550,2025-09-06 04:38:00+08,USA,T2,ko,true,,false,false,0,0.0,0.0
U017618,airport_150,2025-09-27 19:51:00+08,B005406,2025-10-01 19:51:00+08,Thailand,T2,zh-TW,true,,false,false,0,0.0,0.0
U002136,bundle_100_100,2025-09-13 23:56:00+08,B000652,2025-09-16 23:56:00+08,Hong Kong,T1,zh-TW,true,,false,false,0,0.0,0.0
U005616,airport_150,2025-09-25 21:33:00+08,B000114,2025-09-27 21:33:00+08,Japan,T1,ko,true,,false,false,0,0.0,0.0
U005814,airport_150,2025-10-13 10:54:00+08,B002148,2025-10-16 10:54:00+08,Singapore,T2,ko,true,,false,false,0,0.0,0.0
U020650,airport_150,2025-09-06 22:35:00+08,B000238,2025-09-11 22:35:00+08,USA,T2,zh-TW,true,,false,false,0,0.0,0.0
U012009,bundle_100_100,2025-09-29 15:29:00+08,B012268,2025-10-03 15:29:00+08,USA,T2,ja,true,,false,false,0,0.0,0.0
U012900,bundle_100_100,2025-09-24 09:05:00+08,B005304,2025-09-28 09:05:00+08,Singapore,T1,zh-TW,true,,false,false,0,0.0,0.0
U003597,bundle_100_100,2025-10-07 20:46:00+08,B005249,2025-10-08 20:46:00+08,Hong Kong,T2,ja,true,,false,false,0,0.0,0.0
U010734,bundle_100_100,2025-10-03 00:45:00+08,B009573,2025-10-04 00:45:00+08,Hong Kong,T1,ja,true,,false,false,0,0.0,0.0
U018663,bundle_100_100,2025-10-07 05:50:00+08,B006330,2025-10-13 05:50:00+08,Japan,T1,zh-TW,true,,false,false,0,0.0,0.0
U013076,control,2025-09-07 05:04:00+08,B009452,2025-09-12 05:04:00+08,Hong Kong,T2,zh-TW,true,,false,false,0,0.0,0.0
U016099,airport_150,2025-09-22 13:21:00+08,B014935,2025-09-27 13:21:00+08,Korea,T1,ko,true,,false,false,0,0.0,0.0
U024270,airport_150,2025-09-15 09:59:00+08,B010718,2025-09-20 09:59:00+08,Japan,T2,ko,true,,false,false,0,0.0,0.0
U012331,airport_150,2025-10-16 05:16:00+08,B010387,2025-10-21 05:16:00+08,Korea,T1,en,true,,false,false,0,0.0,0.0
U016575,bundle_100_100,2025-09-26 05:49:00+08,B002898,2025-09-29 05:49:00+08,Korea,T2,en,true,,false,false,0,0.0,0.0
U000834,airport_150,2025-09-30 06:41:00+08,B000001,2025-10-04 06:41:00+08,Japan,T2,ja,true,,false,false,0,0.0,0.0
U011392,airport_150,2025-09-02 22:07:00+08,B017754,2025-09-05 22:07:00+08,Hong Kong,T1,ja,true,,false,false,0,0.0,0.0
U018123,control,2025-10-09 05:20:00+08,B012137,2025-10-10 05:20:00+08,Japan,T1,en,true,,false,false,0,0.0,0.0
U018790,control,2025-09-13 20:02:00+08,B017530,2025-09-14 20:02:00+08,Japan,T1,zh-TW,true,,false,false,0,0.0,0.0
U021439,bundle_100_100,2025-10-19 20:02:00+08,B000272,2025-10-20 20:02:00+08,Thailand,T1,en,true,,false,false,0,0.0,0.0
U022703,airport_150,2025-09-19 07:26:00+08,B004333,2025-09-22 07:26:00+08,Thailand,T1,ko,true,,false,false,0,0.0,0.0
U000303,bundle_100_100,2025-09-13 20:13:00+08,B008827,2025-09-19 20:13:00+08,USA,T1,en,true,,false,false,0,0.0,0.0
U005084,bundle_100_100,2025-09-11 22:18:00+08,B006405,2025-09-16 22:18:00+08,Thailand,T1,ko,true,,false,false,0,0.0,0.0
U007711,bundle_100_100,2025-10-22 12:07:00+08,B002626,2025-10-24 12:07:00+08,Hong Kong,T1,ja,true,,false,false,0,0.0,0.0
U026082,airport_150,2025-09-20 19:51:00+08,B006731,2025-09-26 19:51:00+08,Korea,T2,ko,true,,false,false,0,0.0,0.0
U021945,airport_150,2025-10-05 16:57:00+08,B017967,2025-10-09 16:57:00+08,Thailand,T2,en,true,,false,false,0,0.0,0.0
U010587,bundle_100_100,2025-09-09 21:41:00+08,B008066,2025-09-13 21:41:00+08,Thailand,T2,zh-TW,true,,false,false,0,0.0,0.0
U003614,airport_150,2025-10-13 20:27:00+08,B012563,2025-10-17 20:27:00+08,Japan,T2,ko,true,,false,false,0,0.0,0.0
U028041,bundle_100_100,2025-10-18 06:29:00+08,B009962,2025-10-23 06:29:00+08,Thailand,T1,ja,true,,false,false,0,0.0,0.0
U001171,airport_150,2025-09-18 18:22:00+08,B017498,2025-09-20 18:22:00+08,Korea,T1,zh-TW,true,,false,false,0,0.0,0.0
U001465,bundle_100_100,2025-09-23 22:09:00+08,B002128,2025-09-25 22:09:00+08,Singapore,T2,ko,true,,false,false,0,0.0,0.0
U020428,control,2025-10-01 22:33:00+08,B015215,2025-10-07 22:33:00+08,Hong Kong,T1,zh-TW,true,,false,false,0,0.0,0.0
U021221,airport_150,2025-10-16 06:04:00+08,B010276,2025-10-20 06:04:00+08,USA,T2,zh-TW,true,,false,false,0,0.0,0.0
U017210,bundle_100_100,2025-10-22 13:16:00+08,B002133,2025-10-25 13:16:00+08,Korea,T2,en,true,,false,false,0,0.0,0.0
U013870,airport_150,2025-09-21 21:01:00+08,B012189,2025-09-22 21:01:00+08,Korea,T2,en,true,,false,false,0,0.0,0.0
U029424,airport_150,2025-10-17 21:21:00+08,B000680,2025-10-23 21:21:00+08,Japan,T1,zh-TW,true,,false,false,0,0.0,0.0
U012037,airport_150,2025-10-20 18:12:00+08,B005520,2025-10-26 18:12:00+08,Singapore,T2,en,true,,false,false,0,0.0,0.0
U023857,bundle_100_100,2025-10-17 23:28:00+08,B009381,2025-10-22 23:28:00+08,Korea,T1,en,true,,false,false,0,0.0,0.0
U001368,airport_150,2025-09-11 20:20:00+08,B013938,2025-09-16 20:20:00+08,Hong Kong,T2,zh-TW,true,,false,false,0,0.0,0.0
U003312,bundle_100_100,2025-09-02 01:40:00+08,B009568,2025-09-06 01:40:00+08,Thailand,T2,zh-TW,true,,false,false,0,0.0,0.0
U010026,control,2025-09-28 09:43:00+08,B014929,2025-10-01 09:43:00+08,Korea,T2,en,true,,false,false,0,0.0,0.0
U013658,bundle_100_100,2025-09-25 18:46:00+08,B015872,2025-09-28 18:46:00+08,Korea,T2,ko,true,,false,false,0,0.0,0.0
U015330,bundle_100_100,2025-09-21 05:22:00+08,B002343,2025-09-23 05:22:00+08,Japan,T2,en,true,,false,false,0,0.0,0.0
U021070,airport_150,2025-09-27 17:58:00+08,B001037,2025-10-02 17:58:00+08,Thailand,T1,ja,true,,false,false,0,0.0,0.0
U012500,airport_150,2025-09-23 04:10:00+08,B006373,2025-09-27 04:10:00+08,Singapore,T2,zh-TW,true,,false,false,0,0.0,0.0
U015983,bundle_100_100,2025-09-26 21:10:00+08,B015003,2025-09-30 21:10:00+08,Hong Kong,T2,ko,true,,false,false,0,0.0,0.0
U018704,bundle_100_100,2025-09-08 07:51:00+08,B013897,2025-09-12 07:51:00+08,Japan,T2,ko,true,,false,false,0,0.0,0.0
U023791,airport_150,2025-10-02 00:08:00+08,B016974,2025-10-05 00:08:00+08,Thailand,T2,zh-TW,true,,false,false,0,0.0,0.0
U006790,control,2025-09-03 22:50:00+08,B012407,2025-09-06 22:50:00+08,Japan,T1,zh-TW,true,,false,false,0,0.0,0.0
U010872,airport_150,2025-09-24 00:35:00+08,B012271,2025-09-26 00:35:00+08,Thailand,T2,en,true,,false,false,0,0.0,0.0
U007742,airport_150,2025-10-05 14:19:00+08,B011496,2025-10-09 14:19:00+08,Singapore,T2,ko,true,,false,false,0,0.0,0.0
U012787,airport_150,2025-09-26 07:42:00+08,B001264,2025-09-29 07:42:00+08,Singapore,T2,ja,true,,false,false,0,0.0,0.0
U009463,bundle_100_100,2025-10-12 11:14:00+08,B013421,2025-10-17 11:14:00+08,USA,T1,ja,true,,false,false,0,0.0,0.0
U015214,control,2025-10-19 05:42:00+08,B012144,2025-10-20 05:42:00+08,Singapore,T2,zh-TW,true,,false,false,0,0.0,0.0
U003698,airport_150,2025-10-21 20:38:00+08,B006126,2025-10-24 20:38:00+08,Thailand,T1,zh-TW,true,,false,false,0,0.0,0.0
U000092,airport_150,2025-09-21 16:30:00+08,B007475,2025-09-25 16:30:00+08,Thailand,T2,ko,true,,false,false,0,0.0,0.0
U008178,airport_150,2025-10-20 20:17:00+08,B000219,2025-10-22 20:17:00+08,USA,T2,ja,true,,false,false,0,0.0,0.0
U009719,bundle_100_100,2025-10-24 00:33:00+08,B006394,2025-10-25 00:33:00+08,USA,T1,ko,true,,false,false,0,0.0,0.0
U013644,control,2025-09-26 19:18:00+08,B014938,2025-10-02 19:18:00+08,Korea,T1,en,true,,false,false,0,0.0,0.0
U002572,control,2025-10-11 17:20:00+08,B011562,2025-10-15 17:20:00+08,Korea,T2,zh-TW,true,,false,false,0,0.0,0.0
U007156,bundle_100_100,2025-10-17 21:43:00+08,B011036,2025-10-22 21:43:00+08,Thailand,T2,en,true,,false,false,0,0.0,0.0
U020021,airport_150,2025-10-12 22:05:00+08,B016193,2025-10-13 22:05:00+08,Korea,T2,ja,true,,false,false,0,0.0,0.0
U015754,bundle_100_100,2025-10-04 20:05:00+08,B011543,2025-10-05 20:05:00+08,USA,T1,zh-TW,true,,false,false,0,0.0,0.0
U003222,airport_150,2025-09-07 20:13:00+08,B017562,2025-09-11 20:13:00+08,Hong Kong,T2,zh-TW,true,,false,false,0,0.0,0.0
U007327,airport_150,2025-09-26 09:19:00+08,B017882,2025-09-30 09:19:00+08,USA,T1,en,true,,false,false,0,0.0,0.0
U023234,airport_150,2025-10-03 05:06:00+08,B017127,2025-10-06 05:06:00+08,Korea,T2,en,true,,false,false,0,0.0,0.0
U007285,control,2025-09-10 15:14:00+08,B005187,2025-09-15 15:14:00+08,USA,T1,ja,true,,false,false,0,0.0,0.0
U014244,airport_150,2025-09-04 06:41:00+08,B002161,2025-09-06 06:41:00+08,Hong Kong,T2,ja,true,,false,false,0,0.0,0.0
U021107,control,2025-09-15 04:36:00+08,B016005,2025-09-16 04:36:00+08,Singapore,T2,zh-TW,true,,false,false,0,0.0,0.0
U029157,airport_150,2025-09-09 07:24:00+08,B011834,2025-09-10 07:24:00+08,Thailand,T1,ko,true,,false,false,0,0.0,0.0
U008566,airport_150,2025-09-04 16:29:00+08,B001655,2025-09-05 16:29:00+08,Korea,T1,en,true,,false,false,0,0.0,0.0
U004230,bundle_100_100,2025-09-13 06:01:00+08,B015890,2025-09-18 06:01:00+08,USA,T2,zh-TW,true,,false,false,0,0.0,0.0
U016560,airport_150,2025-09-26 09:40:00+08,B006431,2025-09-28 09:40:00+08,Korea,T1,zh-TW,true,,false,false,0,0.0,0.0
U003910,bundle_100_100,2025-09-26 00:20:00+08,B001419,2025-09-27 00:20:00+08,Thailand,T2,en,true,,false,false,0,0.0,0.0
U010096,airport_150,2025-09-18 05:12:00+08,B005820,2025-09-22 05:12:00+08,Thailand,T1,ja,true,,false,false,0,0.0,0.0
U013937,control,2025-10-01 21:43:00+08,B006420,2025-10-05 21:43:00+08,Hong Kong,T1,ko,true,,false,false,0,0.0,0.0
U018043,airport_150,2025-09-03 02:22:00+08,B002433,2025-09-09 02:22:00+08,Thailand,T2,zh-TW,true,,false,false,0,0.0,0.0
U018105,airport_150,2025-10-13 06:03:00+08,B003419,2025-10-16 06:03:00+08,Thailand,T1,zh-TW,true,,false,false,0,0.0,0.0
U025276,bundle_100_100,2025-09-19 17:51:00+08,B010835,2025-09-21 17:51:00+08,USA,T1,zh-TW,true,,false,false,0,0.0,0.0
U027468,control,2025-09-09 20:56:00+08,B000478,2025-09-11 20:56:00+08,Thailand,T2,ja,true,,false,false,0,0.0,0.0
U015265,airport_150,2025-09-14 22:46:00+08,B015209,2025-09-15 22:46:00+08,Thailand,T2,en,true,,false,false,0,0.0,0.0
U001533,bundle_100_100,2025-09-24 17:00:00+08,B015274,2025-09-27 17:00:00+08,Korea,T2,ja,true,,false,false,0,0.0,0.0
U003288,bundle_100_100,2025-09-14 02:05:00+08,B008912,2025-09-17 02:05:00+08,Korea,T2,ko,true,,false,false,0,0.0,0.0
U006246,bundle_100_100,2025-09-11 08:35:00+08,B005148,2025-09-17 08:35:00+08,Korea,T2,zh-TW,true,,false,false,0,0.0,0.0
U000090,airport_150,2025-10-07 11:26:00+08,B003752,2025-10-09 11:26:00+08,Hong Kong,T1,ko,true,,false,false,0,0.0,0.0
U005107,airport_150,2025-09-13 05:26:00+08,B004762,2025-09-15 05:26:00+08,USA,T2,ko,true,,false,false,0,0.0,0.0
U027971,bundle_100_100,2025-09-02 20:43:00+08,B008303,2025-09-05 20:43:00+08,Korea,T2,ja,true,,false,false,0,0.0,0.0
U020513,airport_150,2025-09-21 16:56:00+08,B007589,2025-09-24 16:56:00+08,Hong Kong,T2,zh-TW,true,,false,false,0,0.0,0.0
U003088,airport_150,2025-10-16 20:25:00+08,B011676,2025-10-20 20:25:00+08,Korea,T2,ko,true,,false,false,0,0.0,0.0
U022965,airport_150,2025-09-22 16:15:00+08,B015289,2025-09-23 16:15:00+08,USA,T1,en,true,,false,false,0,0.0,0.0
U018783,control,2025-09-27 07:49:00+08,B015559,2025-10-01 07:49:00+08,Thailand,T1,ja,true,,false,false,0,0.0,0.0
U000276,airport_150,2025-09-21 19:41:00+08,B017088,2025-09-27 19:41:00+08,Singapore,T1,zh-TW,true,,false,false,0,0.0,0.0
U022801,airport_150,2025-09-04 04:16:00+08,B012310,2025-09-09 04:16:00+08,Korea,T1,ja,true,,false,false,0,0.0,0.0
U008988,bundle_100_100,2025-10-19 07:05:00+08,B002443,2025-10-21 07:05:00+08,Japan,T2,ko,true,,false,false,0,0.0,0.0
U016682,control,2025-09-06 05:04:00+08,B011007,2025-09-07 05:04:00+08,Japan,T1,ja,true,,false,false,0,0.0,0.0
U000485,bundle_100_100,2025-10-24 12:21:00+08,B014622,2025-10-25 12:21:00+08,Korea,T1,ko,true,,false,false,0,0.0,0.0
U005965,control,2025-10-02 05:56:00+08,B004401,2025-10-06 05:56:00+08,Hong Kong,T1,ja,true,,false,false,0,0.0,0.0
U027803,airport_150,2025-10-20 02:39:00+08,B015772,2025-10-26 02:39:00+08,Singapore,T1,en,true,,false,false,0,0.0,0.0
U007269,airport_150,2025-10-10 21:50:00+08,B011121,2025-10-12 21:50:00+08,Japan,T1,ja,true,,false,false,0,0.0,0.0
U028665,bundle_100_100,2025-09-11 09:07:00+08,B005425,2025-09-16 09:07:00+08,USA,T1,zh-TW,true,,false,false,0,0.0,0.0
U006601,airport_150,2025-09-27 23:09:00+08,B008590,2025-09-30 23:09:00+08,Hong Kong,T1,en,true,,false,false,1,31.799999999999997,0.0
U001307,airport_150,2025-09-23 08:22:00+08,B003979,2025-09-29 08:22:00+08,Hong Kong,T1,en,true,,false,false,0,0.0,0.0
U018136,bundle_100_100,2025-09-21 12:49:00+08,B005625,2025-09-25 12:49:00+08,Japan,T2,ja,true,,false,false,0,0.0,0.0
U005778,bundle_100_100,2025-09-17 02:20:00+08,B010468,2025-09-19 02:20:00+08,Thailand,T1,zh-TW,true,,false,false,0,0.0,0.0
U006529,airport_150,2025-09-21 15:27:00+08,B007618,2025-09-25 15:27:00+08,Korea,T1,en,true,,false,false,0,0.0,0.0
U012607,airport_150,2025-10-12 14:57:00+08,B000507,2025-10-14 14:57:00+08,Korea,T2,ko,true,,false,false,0,0.0,0.0
U018234,airport_150,2025-09-03 22:54:00+08,B009759,2025-09-07 22:54:00+08,Thailand,T2,ja,true,,false,false,0,0.0,0.0
U025173,bundle_100_100,2025-09-01 22:55:00+08,B010673,2025-09-02 22:55:00+08,Singapore,T2,ja,true,,false,false,0,0.0,0.0
U010305,bundle_100_100,2025-10-11 20:55:00+08,B009968,2025-10-13 20:55:00+08,Thailand,T2,zh-TW,true,,false,false,0,0.0,0.0
U015367,airport_150,2025-09-28 09:40:00+08,B003093,2025-10-04 09:40:00+08,Thailand,T1,ja,true,,false,false,0,0.0,0.0
U022321,bundle_100_100,2025-10-13 11:55:00+08,B001953,2025-10-17 11:55:00+08,Japan,T1,ko,true,,false,false,0,0.0,0.0
U013927,airport_150,2025-10-20 22:45:00+08,B013763,2025-10-25 22:45:00+08,Korea,T1,zh-TW,true,,false,false,0,0.0,0.0
U004914,airport_150,2025-09-29 18:13:00+08,B005081,2025-09-30 18:13:00+08,Hong Kong,T1,ja,true,,false,false,0,0.0,0.0
U012602,bundle_100_100,2025-10-09 20:06:00+08,B006231,2025-10-13 20:06:00+08,Japan,T1,zh-TW,true,,false,false,0,0.0,0.0
U027463,bundle_100_100,2025-10-23 22:20:00+08,B016327,2025-10-26 22:20:00+08,Singapore,T2,en,true,,false,false,0,0.0,0.0
U025521,airport_150,2025-09-25 20:15:00+08,B015554,2025-09-30 20:15:00+08,Korea,T2,ko,true,,false,false,0,0.0,0.0
U021239,airport_150,2025-10-19 06:42:00+08,B009098,2025-10-24 06:42:00+08,Korea,T1,zh-TW,true,,false,false,0,0.0,0.0
U024501,bundle_100_100,2025-09-14 15:57:00+08,B005802,2025-09-18 15:57:00+08,Hong Kong,T2,zh-TW,true,,false,false,0,0.0,0.0
U005564,bundle_100_100,2025-10-02 23:55:00+08,B012337,2025-10-03 23:55:00+08,USA,T2,en,true,,false,false,0,0.0,0.0
U017110,bundle_100_100,2025-09-26 23:46:00+08,B017264,2025-10-01 23:46:00+08,Hong Kong,T1,ko,true,,false,false,0,0.0,0.0
U022055,airport_150,2025-09-03 20:20:00+08,B007093,2025-09-07 20:20:00+08,USA,T1,ja,true,,false,false,0,0.0,0.0
U017481,airport_150,2025-09-13 03:35:00+08,B003871,2025-09-18 03:35:00+08,USA,T1,ja,true,,false,false,0,0.0,0.0
U018422,bundle_100_100,2025-09-04 08:08:00+08,B010292,2025-09-09 08:08:00+08,Japan,T1,ko,true,,false,false,0,0.0,0.0
U026153,bundle_100_100,2025-10-12 05:33:00+08,B012394,2025-10-13 05:33:00+08,Korea,T1,ja,true,,false,false,0,0.0,0.0
U028664,bundle_100_100,2025-09-10 14:17:00+08,B005214,2025-09-16 14:17:00+08,Korea,T2,ko,true,,false,false,0,0.0,0.0
U004913,bundle_100_100,2025-09-26 06:16:00+08,B016754,2025-09-28 06:16:00+08,USA,T2,ko,true,,false,false,0,0.0,0.0
U005689,control,2025-10-11 08:44:00+08,B010076,2025-10-16 08:44:00+08,Japan,T2,ko,true,,false,false,0,0.0,0.0
U025830,bundle_100_100,2025-10-07 19:28:00+08,B007404,2025-10-11 19:28:00+08,Hong Kong,T2,ja,true,,false,false,0,0.0,0.0
U003749,airport_150,2025-09-20 21:41:00+08,B008182,2025-09-21 21:41:00+08,Thailand,T1,ko,true,,false,false,0,0.0,0.0
U004530,bundle_100_100,2025-09-09 07:43:00+08,B010064,2025-09-10 07:43:00+08,USA,T2,ko,true,,false,false,0,0.0,0.0
U017918,control,2025-09-09 04:23:00+08,B007897,2025-09-11 04:23:00+08,Japan,T2,ko,true,,false,false,0,0.0,0.0
U017547,airport_150,2025-09-16 05:20:00+08,B000678,2025-09-17 05:20:00+08,USA,T1,ko,true,,false,false,0,0.0,0.0
U021234,bundle_100_100,2025-10-06 18:28:00+08,B011706,2025-10-07 18:28:00+08,Japan,T1,ja,true,,false,false,0,0.0,0.0
U003281,airport_150,2025-09-15 05:59:00+08,B002800,2025-09-19 05:59:00+08,USA,T1,ja,true,,false,false,0,0.0,0.0
U007179,bundle_100_100,2025-10-11 04:56:00+08,B017100,2025-10-14 04:56:00+08,Japan,T2,zh-TW,true,,false,false,0,0.0,0.0
U000743,bundle_100_100,2025-09-30 17:36:00+08,B017583,2025-10-06 17:36:00+08,USA,T1,en,true,,false,false,0,0.0,0.0
U024565,airport_150,2025-09-26 08:01:00+08,B000191,2025-09-30 08:01:00+08,Singapore,T2,en,true,,false,false,0,0.0,0.0
U005446,airport_150,2025-09-11 08:32:00+08,B002435,2025-09-12 08:32:00+08,Japan,T2,en,true,,false,false,0,0.0,0.0
U017564,airport_150,2025-09-30 06:58:00+08,B009876,2025-10-06 06:58:00+08,Japan,T2,zh-TW,true,,false,false,0,0.0,0.0
U017758,airport_150,2025-10-17 22:47:00+08,B004699,2025-10-22 22:47:00+08,Singapore,T1,ko,true,,false,false,0,0.0,0.0
U000686,airport_150,2025-10-21 18:29:00+08,B012956,2025-10-25 18:29:00+08,Singapore,T2,ja,true,,false,false,0,0.0,0.0
U011912,control,2025-09-19 20:55:00+08,B014052,2025-09-20 20:55:00+08,Singapore,T1,en,true,,false,false,0,0.0,0.0
U021251,bundle_100_100,2025-09-03 01:22:00+08,B016835,2025-09-07 01:22:00+08,Korea,T1,ko,true,,false,false,0,0.0,0.0
U010465,airport_150,2025-10-08 23:56:00+08,B007023,2025-10-10 23:56:00+08,Hong Kong,T1,en,true,,false,false,0,0.0,0.0
U010684,airport_150,2025-09-29 16:17:00+08,B014638,2025-10-05 16:17:00+08,Hong Kong,T1,ko,true,,false,false,0,0.0,0.0
U022231,bundle_100_100,2025-10-19 03:35:00+08,B005672,2025-10-25 03:35:00+08,Hong Kong,T1,ko,true,,false,false,0,0.0,0.0
U012489,airport_150,2025-09-25 21:08:00+08,B007511,2025-09-29 21:08:00+08,Singapore,T2,zh-TW,true,,false,false,0,0.0,0.0
U014588,bundle_100_100,2025-09-03 06:07:00+08,B013949,2025-09-06 06:07:00+08,Hong Kong,T2,zh-TW,true,,false,false,0,0.0,0.0
U006348,bundle_100_100,2025-10-15 14:28:00+08,B017486,2025-10-17 14:28:00+08,Japan,T1,ja,true,,false,false,0,0.0,0.0
U029673,airport_150,2025-09-18 05:32:00+08,B001124,2025-09-19 05:32:00+08,Thailand,T2,ja,true,,false,false,0,0.0,0.0
U019735,bundle_100_100,2025-10-08 08:32:00+08,B002981,2025-10-11 08:32:00+08,Korea,T2,zh-TW,true,,false,false,0,0.0,0.0
U007888,airport_150,2025-10-17 17:01:00+08,B007437,2025-10-20 17:01:00+08,Singapore,T1,ko,true,,false,false,0,0.0,0.0
U026071,airport_150,2025-10-18 02:46:00+08,B000462,2025-10-23 02:46:00+08,Thailand,T1,ja,true,,false,false,0,0.0,0.0
U020064,airport_150,2025-10-21 17:01:00+08,B016408,2025-10-26 17:01:00+08,USA,T2,zh-TW,true,,false,false,0,0.0,0.0
U028258,bundle_100_100,2025-09-23 08:54:00+08,B006837,2025-09-29 08:54:00+08,Korea,T1,ko,true,,false,false,0,0.0,0.0
U013844,bundle_100_100,2025-09-02 22:24:00+08,B007943,2025-09-05 22:24:00+08,Korea,T2,en,true,,false,false,0,0.0,0.0
U022028,bundle_100_100,2025-09-26 11:19:00+08,B013074,2025-09-28 11:19:00+08,Thailand,T1,ko,true,,false,false,0,0.0,0.0
U024687,bundle_100_100,2025-09-07 20:58:00+08,B004935,2025-09-10 20:58:00+08,Thailand,T1,ko,true,,false,false,0,0.0,0.0
U027758,airport_150,2025-09-06 08:01:00+08,B003635,2025-09-10 08:01:00+08,USA,T1,zh-TW,true,,false,false,1,57.9,0.0
U028446,airport_150,2025-10-15 10:08:00+08,B007683,2025-10-18 10:08:00+08,Singapore,T2,ko,true,,false,false,0,0.0,0.0
U006566,bundle_100_100,2025-09-07 14:11:00+08,B017255,2025-09-08 14:11:00+08,Thailand,T2,ja,true,,false,false,0,0.0,0.0
U009386,control,2025-09-18 06:34:00+08,B004214,2025-09-23 06:34:00+08,Thailand,T1,en,true,,false,false,0,0.0,0.0
U004008,bundle_100_100,2025-09-18 16:24:00+08,B007450,2025-09-23 16:24:00+08,Thailand,T2,ja,true,,false,false,0,0.0,0.0
U014043,airport_150,2025-09-12 14:09:00+08,B000874,2025-09-13 14:09:00+08,Korea,T2,ja,true,,false,false,0,0.0,0.0
U022946,airport_150,2025-10-05 01:22:00+08,B006568,2025-10-07 01:22:00+08,Hong Kong,T2,zh-TW,true,,false,false,0,0.0,0.0
U000755,bundle_100_100,2025-10-08 23:43:00+08,B009204,2025-10-12 23:43:00+08,Thailand,T2,ko,true,,false,false,0,0.0,0.0
U002222,airport_150,2025-10-06 10:19:00+08,B004293,2025-10-12 10:19:00+08,Korea,T1,en,true,,false,false,0,0.0,0.0
U003880,bundle_100_100,2025-10-07 08:34:00+08,B000911,2025-10-13 08:34:00+08,Japan,T2,ko,true,,false,false,0,0.0,0.0
U007723,airport_150,2025-10-10 18:28:00+08,B014949,2025-10-13 18:28:00+08,USA,T2,en,true,,false,false,0,0.0,0.0
U010471,airport_150,2025-09-15 05:04:00+08,B001339,2025-09-21 05:04:00+08,USA,T2,ja,true,,false,false,0,0.0,0.0
U015458,airport_150,2025-09-07 21:14:00+08,B014373,2025-09-08 21:14:00+08,Thailand,T1,ko,true,,false,false,0,0.0,0.0
U021090,airport_150,2025-10-12 08:25:00+08,B004548,2025-10-13 08:25:00+08,Hong Kong,T1,ja,true,,false,false,0,0.0,0.0
U011861,airport_150,2025-10-03 08:42:00+08,B002597,2025-10-07 08:42:00+08,Japan,T1,en,true,,false,false,0,0.0,0.0
U021168,airport_150,2025-10-01 11:03:00+08,B012853,2025-10-05 11:03:00+08,Japan,T2,ko,true,,false,false,0,0.0,0.0
U023773,control,2025-09-20 06:57:00+08,B007351,2025-09-25 06:57:00+08,Singapore,T1,zh-TW,true,,false,false,0,0.0,0.0
U005330,airport_150,2025-09-20 21:21:00+08,B012242,2025-09-23 21:21:00+08,USA,T1,ja,true,,false,false,0,0.0,0.0
U021650,airport_150,2025-10-06 20:43:00+08,B005794,2025-10-09 20:43:00+08,Japan,T1,ko,true,,false,false,0,0.0,0.0
U002854,control,2025-09-09 05:30:00+08,B010429,2025-09-11 05:30:00+08,Thailand,T2,ko,true,,false,false,0,0.0,0.0
U018057,airport_150,2025-10-02 09:15:00+08,B005535,2025-10-05 09:15:00+08,Thailand,T1,ko,true,,false,false,0,0.0,0.0
U021725,bundle_100_100,2025-09-25 07:03:00+08,B008516,2025-09-27 07:03:00+08,Japan,T1,ja,true,,false,false,0,0.0,0.0
U022089,airport_150,2025-09-30 09:33:00+08,B009088,2025-10-02 09:33:00+08,Japan,T1,ko,true,,false,false,0,0.0,0.0
U009658,airport_150,2025-10-03 07:16:00+08,B017286,2025-10-05 07:16:00+08,USA,T1,en,true,,false,false,0,0.0,0.0
U001540,bundle_100_100,2025-09-23 17:37:00+08,B017885,2025-09-24 17:37:00+08,Korea,T1,en,true,,false,false,0,0.0,0.0
U018935,bundle_100_100,2025-09-01 12:09:00+08,B012664,2025-09-04 12:09:00+08,USA,T1,en,true,,false,false,0,0.0,0.0
U010652,control,2025-09-11 20:44:00+08,B002230,2025-09-13 20:44:00+08,Singapore,T2,en,true,,false,false,0,0.0,0.0
U004346,airport_150,2025-09-13 08:50:00+08,B014209,2025-09-18 08:50:00+08,USA,T1,zh-TW,true,,false,false,0,0.0,0.0
U015347,airport_150,2025-10-02 23:03:00+08,B017019,2025-10-04 23:03:00+08,Hong Kong,T1,zh-TW,true,,false,false,0,0.0,0.0
U018841,airport_150,2025-09-13 23:19:00+08,B011038,2025-09-19 23:19:00+08,Hong Kong,T2,zh-TW,true,,false,false,0,0.0,0.0
U017585,airport_150,2025-09-17 20:06:00+08,B011041,2025-09-21 20:06:00+08,Singapore,T1,zh-TW,true,,false,false,1,89.7,0.0
U019682,bundle_100_100,2025-09-27 09:50:00+08,B014501,2025-10-03 09:50:00+08,Thailand,T1,ko,true,,false,false,0,0.0,0.0
U017318,airport_150,2025-09-18 16:10:00+08,B008140,2025-09-19 16:10:00+08,USA,T2,zh-TW,true,,false,false,0,0.0,0.0
U028055,bundle_100_100,2025-09-09 14:07:00+08,B006619,2025-09-11 14:07:00+08,Thailand,T2,zh-TW,true,,false,false,0,0.0,0.0
U004441,bundle_100_100,2025-10-08 20:25:00+08,B013929,2025-10-13 20:25:00+08,USA,T2,ja,true,,false,false,0,0.0,0.0
U006717,airport_150,2025-10-13 05:33:00+08,B010621,2025-10-14 05:33:00+08,Singapore,T2,zh-TW,true,,false,false,0,0.0,0.0
U007702,airport_150,2025-10-03 14:09:00+08,B009350,2025-10-05 14:09:00+08,Singapore,T2,ja,true,,false,false,0,0.0,0.0
U001582,bundle_100_100,2025-09-23 15:01:00+08,B009601,2025-09-28 15:01:00+08,Thailand,T1,ja,true,,false,false,0,0.0,0.0
U011434,airport_150,2025-10-11 08:44:00+08,B015046,2025-10-13 08:44:00+08,Hong Kong,T2,ja,true,,false,false,0,0.0,0.0
U021547,bundle_100_100,2025-09-18 10:35:00+08,B004273,2025-09-20 10:35:00+08,Thailand,T1,ja,true,,false,false,0,0.0,0.0
U003810,bundle_100_100,2025-10-07 07:01:00+08,B000148,2025-10-09 07:01:00+08,Singapore,T1,ko,true,,false,false,0,0.0,0.0
U013094,bundle_100_100,2025-10-02 22:07:00+08,B009858,2025-10-05 22:07:00+08,Singapore,T1,ko,true,,false,false,0,0.0,0.0
U001085,control,2025-09-02 00:24:00+08,B012994,2025-09-07 00:24:00+08,Japan,T2,ko,true,,false,false,0,0.0,0.0
U006324,airport_150,2025-10-13 20:04:00+08,B003634,2025-10-14 20:04:00+08,Singapore,T2,ko,true,,false,false,0,0.0,0.0
U027919,bundle_100_100,2025-09-25 01:37:00+08,B008032,2025-09-27 01:37:00+08,Japan,T2,ja,true,,false,false,0,0.0,0.0
U010956,airport_150,2025-10-07 16:55:00+08,B015511,2025-10-12 16:55:00+08,USA,T1,ja,true,,false,false,0,0.0,0.0
U002829,airport_150,2025-10-08 07:53:00+08,B016690,2025-10-11 07:53:00+08,Japan,T1,en,true,,false,false,0,0.0,0.0
U015230,bundle_100_100,2025-09-26 23:11:00+08,B015483,2025-09-28 23:11:00+08,Japan,T2,en,true,,false,false,0,0.0,0.0
U005711,bundle_100_100,2025-10-16 10:02:00+08,B005837,2025-10-21 10:02:00+08,Singapore,T1,ja,true,,false,false,0,0.0,0.0
U006131,bundle_100_100,2025-10-03 16:35:00+08,B002767,2025-10-06 16:35:00+08,USA,T2,zh-TW,true,,false,false,0,0.0,0.0
U000107,airport_150,2025-10-06 09:28:00+08,B006332,2025-10-08 09:28:00+08,Thailand,T1,zh-TW,true,,false,false,0,0.0,0.0
U004293,bundle_100_100,2025-10-08 11:46:00+08,B000733,2025-10-12 11:46:00+08,Thailand,T2,ko,true,,false,false,0,0.0,0.0
U017711,airport_150,2025-10-11 11:25:00+08,B008301,2025-10-17 11:25:00+08,Japan,T1,en,true,,false,false,0,0.0,0.0
U021749,airport_150,2025-09-12 13:25:00+08,B012095,2025-09-17 13:25:00+08,Hong Kong,T2,ja,true,,false,false,0,0.0,0.0
U003021,bundle_100_100,2025-09-09 13:44:00+08,B016706,2025-09-13 13:44:00+08,Singapore,T1,en,true,,false,false,0,0.0,0.0
U010271,bundle_100_100,2025-09-18 14:14:00+08,B017074,2025-09-24 14:14:00+08,Japan,T1,ja,true,,false,false,0,0.0,0.0
U022365,airport_150,2025-09-13 08:50:00+08,B001740,2025-09-14 08:50:00+08,Singapore,T1,en,true,,false,false,0,0.0,0.0
U014982,bundle_100_100,2025-09-02 05:41:00+08,B007995,2025-09-05 05:41:00+08,Japan,T2,en,true,,false,false,0,0.0,0.0
U024587,control,2025-09-30 08:26:00+08,B000371,2025-10-03 08:26:00+08,USA,T2,en,true,,false,false,0,0.0,0.0
U019330,bundle_100_100,2025-10-10 16:36:00+08,B004835,2025-10-11 16:36:00+08,Japan,T1,zh-TW,true,,false,false,0,0.0,0.0
U002293,airport_150,2025-09-28 20:17:00+08,B005687,2025-10-04 20:17:00+08,Singapore,T1,ko,true,,false,false,0,0.0,0.0
U002656,airport_150,2025-09-12 08:16:00+08,B005601,2025-09-15 08:16:00+08,USA,T2,en,true,,false,false,0,0.0,0.0
U007787,bundle_100_100,2025-09-16 07:01:00+08,B012779,2025-09-19 07:01:00+08,Japan,T2,zh-TW,true,,false,false,0,0.0,0.0
U015241,airport_150,2025-09-10 19:54:00+08,B012233,2025-09-14 19:54:00+08,Thailand,T2,zh-TW,true,,false,false,0,0.0,0.0
U016017,control,2025-10-21 07:03:00+08,B014993,2025-10-25 07:03:00+08,Korea,T1,ja,true,,false,false,0,0.0,0.0
U021585,airport_150,2025-10-10 08:31:00+08,B009829,2025-10-11 08:31:00+08,Hong Kong,T1,zh-TW,true,,false,false,0,0.0,0.0
U028689,airport_150,2025-10-08 15:19:00+08,B004323,2025-10-12 15:19:00+08,Hong Kong,T1,zh-TW,true,,false,false,0,0.0,0.0
U000455,control,2025-10-03 06:21:00+08,B010492,2025-10-08 06:21:00+08,Korea,T2,ko,true,,false,false,0,0.0,0.0
U003146,airport_150,2025-10-08 20:34:00+08,B004163,2025-10-12 20:34:00+08,USA,T1,zh-TW,true,,false,false,0,0.0,0.0
U014991,bundle_100_100,2025-09-29 08:30:00+08,B005229,2025-10-04 08:30:00+08,Korea,T1,ja,true,,false,false,0,0.0,0.0
U023485,bundle_100_100,2025-09-18 01:04:00+08,B011633,2025-09-22 01:04:00+08,Thailand,T2,ko,true,,false,false,0,0.0,0.0
U023756,bundle_100_100,2025-09-21 06:42:00+08,B000275,2025-09-25 06:42:00+08,Singapore,T1,zh-TW,true,,false,false,0,0.0,0.0
U026907,bundle_100_100,2025-09-17 15:25:00+08,B016163,2025-09-22 15:25:00+08,Korea,T2,ja,true,,false,false,0,0.0,0.0
U016882,bundle_100_100,2025-10-08 07:23:00+08,B008951,2025-10-14 07:23:00+08,USA,T2,ko,true,,false,false,0,0.0,0.0
U028580,bundle_100_100,2025-10-01 11:42:00+08,B002054,2025-10-04 11:42:00+08,Korea,T2,ja,true,,false,false,0,0.0,0.0
U016785,airport_150,2025-09-01 08:32:00+08,B001470,2025-09-02 08:32:00+08,Singapore,T2,ja,true,,false,false,0,0.0,0.0
U017513,airport_150,2025-10-14 09:09:00+08,B005674,2025-10-15 09:09:00+08,Thailand,T2,ja,true,,false,false,0,0.0,0.0
U005791,bundle_100_100,2025-09-17 21:17:00+08,B016075,2025-09-18 21:17:00+08,Hong Kong,T1,zh-TW,true,,false,false,0,0.0,0.0
U025863,control,2025-10-19 22:44:00+08,B009336,2025-10-24 22:44:00+08,Hong Kong,T2,ja,true,,false,false,0,0.0,0.0
U026811,airport_150,2025-09-23 01:55:00+08,B015688,2025-09-28 01:55:00+08,Hong Kong,T2,zh-TW,true,,false,false,0,0.0,0.0
U006277,bundle_100_100,2025-10-04 21:03:00+08,B001943,2025-10-10 21:03:00+08,Korea,T1,en,true,,false,false,0,0.0,0.0
U006657,airport_150,2025-10-03 00:26:00+08,B014755,2025-10-05 00:26:00+08,Thailand,T2,en,true,,false,false,0,0.0,0.0
U020922,bundle_100_100,2025-10-22 22:06:00+08,B011239,2025-10-24 22:06:00+08,Hong Kong,T2,zh-TW,true,,false,false,0,0.0,0.0
U027172,airport_150,2025-09-14 18:15:00+08,B013343,2025-09-16 18:15:00+08,Hong Kong,T1,zh-TW,true,,false,false,0,0.0,0.0
U029017,bundle_100_100,2025-10-03 09:39:00+08,B002216,2025-10-04 09:39:00+08,Thailand,T2,ko,true,,false,false,0,0.0,0.0
U022169,bundle_100_100,2025-09-14 09:19:00+08,B003529,2025-09-19 09:19:00+08,Korea,T1,en,true,,false,false,0,0.0,0.0
U021868,bundle_100_100,2025-10-06 12:35:00+08,B007755,2025-10-11 12:35:00+08,Hong Kong,T2,zh-TW,true,,false,false,0,0.0,0.0
U006369,airport_150,2025-10-23 06:07:00+08,B017915,2025-10-25 06:07:00+08,USA,T1,zh-TW,true,,false,false,0,0.0,0.0
U005353,bundle_100_100,2025-09-17 22:23:00+08,B013269,2025-09-19 22:23:00+08,Singapore,T1,ja,true,,false,false,0,0.0,0.0
U026950,airport_150,2025-10-18 06:06:00+08,B013911,2025-10-22 06:06:00+08,Thailand,T2,ja,true,,false,false,0,0.0,0.0
U029979,airport_150,2025-10-21 19:28:00+08,B003142,2025-10-26 19:28:00+08,Hong Kong,T2,ko,true,,false,false,0,0.0,0.0
U024334,airport_150,2025-10-07 13:15:00+08,B001849,2025-10-08 13:15:00+08,Hong Kong,T1,ja,true,,false,false,0,0.0,0.0
U022498,bundle_100_100,2025-09-20 01:15:00+08,B009902,2025-09-26 01:15:00+08,Hong Kong,T1,ko,true,,false,false,0,0.0,0.0
U025700,bundle_100_100,2025-10-01 22:19:00+08,B000614,2025-10-07 22:19:00+08,USA,T2,zh-TW,true,,false,false,0,0.0,0.0
U026005,bundle_100_100,2025-10-12 08:03:00+08,B014785,2025-10-13 08:03:00+08,Japan,T1,zh-TW,true,,false,false,0,0.0,0.0
U027967,bundle_100_100,2025-09-30 00:28:00+08,B009339,2025-10-05 00:28:00+08,Japan,T2,ko,true,,false,false,0,0.0,0.0
U007464,airport_150,2025-10-02 17:44:00+08,B003037,2025-10-06 17:44:00+08,Singapore,T2,zh-TW,true,,false,false,0,0.0,0.0
U010358,airport_150,2025-09-22 17:24:00+08,B012083,2025-09-28 17:24:00+08,Japan,T1,ja,true,,false,false,0,0.0,0.0
U005048,bundle_100_100,2025-10-07 15:10:00+08,B001552,2025-10-08 15:10:00+08,Singapore,T1,en,true,,false,false,0,0.0,0.0
U000312,bundle_100_100,2025-10-03 22:21:00+08,B010279,2025-10-07 22:21:00+08,Thailand,T1,ko,true,,false,false,0,0.0,0.0
U017723,airport_150,2025-09-03 09:08:00+08,B002018,2025-09-08 09:08:00+08,Singapore,T2,ja,true,,false,false,1,320.4,0.0
U022312,control,2025-10-20 12:29:00+08,B009828,2025-10-23 12:29:00+08,Korea,T1,ko,true,,false,false,0,0.0,0.0
U009706,bundle_100_100,2025-10-01 08:34:00+08,B004278,2025-10-03 08:34:00+08,Singapore,T2,en,true,,false,false,0,0.0,0.0
U026003,control,2025-10-19 11:10:00+08,B006518,2025-10-23 11:10:00+08,Thailand,T2,ja,true,,false,false,1,89.7,0.0
U005293,bundle_100_100,2025-10-20 12:45:00+08,B002971,2025-10-21 12:45:00+08,Korea,T2,en,true,,false,false,0,0.0,0.0
U020940,airport_150,2025-09-21 18:35:00+08,B010183,2025-09-22 18:35:00+08,Thailand,T1,ko,true,,false,false,0,0.0,0.0
U008020,bundle_100_100,2025-10-10 19:30:00+08,B017788,2025-10-11 19:30:00+08,Hong Kong,T1,ko,true,,false,false,0,0.0,0.0
U018802,airport_150,2025-10-03 11:34:00+08,B004675,2025-10-06 11:34:00+08,Hong Kong,T1,zh-TW,true,,false,false,1,110.7,0.0
U021512,airport_150,2025-09-02 16:20:00+08,B014887,2025-09-08 16:20:00+08,Japan,T1,en,true,,false,false,0,0.0,0.0
U020979,bundle_100_100,2025-10-20 15:33:00+08,B012105,2025-10-26 15:33:00+08,USA,T2,en,true,,false,false,0,0.0,0.0
U011714,control,2025-09-27 20:58:00+08,B011660,2025-09-29 20:58:00+08,Japan,T2,ko,true,,false,false,0,0.0,0.0
U013889,airport_150,2025-10-18 20:11:00+08,B014040,2025-10-20 20:11:00+08,USA,T2,ja,true,,false,false,1,264.59999999999997,0.0
U016083,bundle_100_100,2025-10-24 12:58:00+08,B015136,2025-10-26 12:58:00+08,Japan,T1,en,true,,false,false,0,0.0,0.0
U007530,airport_150,2025-09-13 06:08:00+08,B011856,2025-09-15 06:08:00+08,Thailand,T2,ja,true,,false,false,0,0.0,0.0
U026901,bundle_100_100,2025-10-05 21:19:00+08,B005049,2025-10-07 21:19:00+08,USA,T1,ko,true,,false,false,0,0.0,0.0
U004411,airport_150,2025-10-12 06:14:00+08,B014902,2025-10-13 06:14:00+08,Thailand,T1,ko,true,,false,false,0,0.0,0.0
U008379,bundle_100_100,2025-09-17 12:55:00+08,B007279,2025-09-22 12:55:00+08,Thailand,T2,zh-TW,true,,false,false,0,0.0,0.0
U029051,bundle_100_100,2025-09-01 04:14:00+08,B017034,2025-09-02 04:14:00+08,USA,T1,zh-TW,true,,false,false,0,0.0,0.0
U017762,control,2025-09-10 19:22:00+08,B009808,2025-09-15 19:22:00+08,Singapore,T2,en,true,,false,false,0,0.0,0.0
U024312,airport_150,2025-09-30 15:00:00+08,B014362,2025-10-01 15:00:00+08,Japan,T1,en,true,,false,false,1,60.3,0.0
U003969,control,2025-09-15 09:28:00+08,B001168,2025-09-20 09:28:00+08,USA,T2,ja,true,,false,false,0,0.0,0.0
U025855,airport_150,2025-10-18 06:43:00+08,B012518,2025-10-23 06:43:00+08,USA,T2,en,true,,false,false,1,204.6,0.0
U019587,bundle_100_100,2025-09-29 05:54:00+08,B003003,2025-10-03 05:54:00+08,Korea,T2,ja,true,,false,false,0,0.0,0.0
U009186,airport_150,2025-09-30 21:36:00+08,B011766,2025-10-01 21:36:00+08,Hong Kong,T2,en,true,,false,false,0,0.0,0.0
U012211,airport_150,2025-10-08 07:18:00+08,B008883,2025-10-12 07:18:00+08,Singapore,T2,en,true,,false,false,0,0.0,0.0
U009152,airport_150,2025-10-09 06:15:00+08,B002696,2025-10-10 06:15:00+08,Japan,T2,en,true,,false,false,0,0.0,0.0
U014460,airport_150,2025-10-01 11:16:00+08,B015564,2025-10-06 11:16:00+08,Hong Kong,T2,ja,true,,false,false,0,0.0,0.0
U001777,control,2025-09-05 20:19:00+08,B013026,2025-09-08 20:19:00+08,Korea,T1,ko,true,,false,false,0,0.0,0.0
U003025,control,2025-09-07 08:07:00+08,B011949,2025-09-08 08:07:00+08,Korea,T2,en,true,,false,false,0,0.0,0.0
U014934,bundle_100_100,2025-10-08 12:27:00+08,B003849,2025-10-10 12:27:00+08,Thailand,T2,ja,true,,false,false,0,0.0,0.0
U012367,airport_150,2025-10-06 06:39:00+08,B014602,2025-10-07 06:39:00+08,USA,T1,ja,true,,false,false,0,0.0,0.0
U001575,control,2025-10-05 06:34:00+08,B016282,2025-10-09 06:34:00+08,Singapore,T2,ja,true,,false,false,0,0.0,0.0
U021374,bundle_100_100,2025-10-18 07:33:00+08,B002954,2025-10-22 07:33:00+08,Thailand,T1,ja,true,,false,false,0,0.0,0.0
U026566,bundle_100_100,2025-09-09 06:58:00+08,B015802,2025-09-10 06:58:00+08,Korea,T1,ko,true,,false,false,0,0.0,0.0
U002040,airport_150,2025-09-12 22:19:00+08,B005313,2025-09-18 22:19:00+08,Hong Kong,T2,ko,true,,false,false,0,0.0,0.0
U027631,bundle_100_100,2025-09-29 05:50:00+08,B016352,2025-09-30 05:50:00+08,Hong Kong,T1,en,true,,false,false,0,0.0,0.0
U027615,bundle_100_100,2025-09-23 03:17:00+08,B009508,2025-09-26 03:17:00+08,USA,T2,ja,true,,false,false,0,0.0,0.0
U019197,bundle_100_100,2025-09-13 20:47:00+08,B005761,2025-09-15 20:47:00+08,Hong Kong,T2,ko,true,,false,false,0,0.0,0.0
U024305,airport_150,2025-09-16 08:54:00+08,B014280,2025-09-20 08:54:00+08,Japan,T2,ko,true,,false,false,0,0.0,0.0
U009587,bundle_100_100,2025-10-09 09:26:00+08,B015242,2025-10-13 09:26:00+08,Thailand,T1,en,true,,false,false,0,0.0,0.0
U001409,airport_150,2025-09-16 08:08:00+08,B016875,2025-09-19 08:08:00+08,Singapore,T2,zh-TW,true,,false,false,0,0.0,0.0
U014974,bundle_100_100,2025-10-20 05:57:00+08,B005543,2025-10-26 05:57:00+08,Korea,T1,ko,true,,false,false,0,0.0,0.0
U026934,bundle_100_100,2025-09-17 20:54:00+08,B013996,2025-09-21 20:54:00+08,Hong Kong,T2,ja,true,,false,false,0,0.0,0.0
U025150,airport_150,2025-09-30 20:11:00+08,B000958,2025-10-05 20:11:00+08,Hong Kong,T2,ja,true,,false,false,0,0.0,0.0
U027896,airport_150,2025-09-06 05:24:00+08,B016405,2025-09-08 05:24:00+08,Hong Kong,T1,ko,true,,false,false,0,0.0,0.0
U012978,bundle_100_100,2025-10-19 00:47:00+08,B006729,2025-10-24 00:47:00+08,Korea,T2,en,true,,false,false,0,0.0,0.0
U022220,bundle_100_100,2025-09-04 22:09:00+08,B000210,2025-09-07 22:09:00+08,Japan,T1,ko,true,,false,false,0,0.0,0.0
U004166,airport_150,2025-10-22 23:42:00+08,B000632,2025-10-24 23:42:00+08,USA,T1,zh-TW,true,,false,false,0,0.0,0.0
U010984,bundle_100_100,2025-09-19 06:04:00+08,B006873,2025-09-22 06:04:00+08,Korea,T2,en,true,,false,false,0,0.0,0.0
U022295,bundle_100_100,2025-10-08 08:35:00+08,B000831,2025-10-11 08:35:00+08,Japan,T2,en,true,,false,false,0,0.0,0.0
U024892,airport_150,2025-09-19 03:39:00+08,B016428,2025-09-25 03:39:00+08,USA,T1,ko,true,,false,false,0,0.0,0.0
U010581,airport_150,2025-09-14 20:41:00+08,B017706,2025-09-19 20:41:00+08,Singapore,T1,zh-TW,true,,false,false,0,0.0,0.0
U022353,airport_150,2025-09-01 23:20:00+08,B007666,2025-09-05 23:20:00+08,USA,T1,ja,true,,false,false,0,0.0,0.0
U009860,airport_150,2025-09-06 08:46:00+08,B000115,2025-09-12 08:46:00+08,Singapore,T2,ko,true,,false,false,0,0.0,0.0
U008032,bundle_100_100,2025-10-16 20:40:00+08,B005988,2025-10-19 20:40:00+08,Thailand,T2,ko,true,,false,false,0,0.0,0.0
U003178,bundle_100_100,2025-09-18 17:03:00+08,B004372,2025-09-22 17:03:00+08,Thailand,T2,en,true,,false,false,0,0.0,0.0
U010304,control,2025-09-19 09:42:00+08,B006936,2025-09-20 09:42:00+08,Singapore,T2,ko,true,,false,false,0,0.0,0.0
U010642,bundle_100_100,2025-09-24 00:35:00+08,B001427,2025-09-25 00:35:00+08,USA,T1,ja,true,,false,false,0,0.0,0.0
U018659,airport_150,2025-10-04 07:21:00+08,B014774,2025-10-07 07:21:00+08,Hong Kong,T2,ja,true,,false,false,0,0.0,0.0
U015356,control,2025-09-16 21:18:00+08,B003165,2025-09-17 21:18:00+08,Singapore,T1,ja,true,,false,false,0,0.0,0.0
U001393,bundle_100_100,2025-09-02 22:08:00+08,B008822,2025-09-05 22:08:00+08,Hong Kong,T1,ko,true,,false,false,0,0.0,0.0
U013334,airport_150,2025-09-06 14:35:00+08,B008833,2025-09-09 14:35:00+08,Singapore,T1,ja,true,,false,false,0,0.0,0.0
U013674,bundle_100_100,2025-10-06 23:29:00+08,B017457,2025-10-08 23:29:00+08,Korea,T2,en,true,,false,false,0,0.0,0.0
U016116,airport_150,2025-09-21 21:25:00+08,B005577,2025-09-26 21:25:00+08,Hong Kong,T1,en,true,,false,false,0,0.0,0.0
U019471,bundle_100_100,2025-10-20 17:42:00+08,B008458,2025-10-25 17:42:00+08,Thailand,T2,ko,true,,false,false,0,0.0,0.0
U027698,airport_150,2025-10-10 12:54:00+08,B013089,2025-10-13 12:54:00+08,Hong Kong,T1,ko,true,,false,false,0,0.0,0.0
U014117,airport_150,2025-09-04 22:25:00+08,B005109,2025-09-07 22:25:00+08,Singapore,T1,zh-TW,true,,false,false,0,0.0,0.0
U008351,control,2025-09-27 19:02:00+08,B012143,2025-09-28 19:02:00+08,Korea,T2,ja,true,,false,false,0,0.0,0.0
U012623,control,2025-10-10 20:25:00+08,B012837,2025-10-14 20:25:00+08,USA,T2,ko,true,,false,false,0,0.0,0.0
U016996,bundle_100_100,2025-10-05 19:45:00+08,B015939,2025-10-11 19:45:00+08,Thailand,T2,zh-TW,true,,false,false,0,0.0,0.0
U002645,bundle_100_100,2025-09-24 23:39:00+08,B009230,2025-09-28 23:39:00+08,Singapore,T2,ko,true,,false,false,0,0.0,0.0
U015412,control,2025-09-12 11:08:00+08,B004838,2025-09-18 11:08:00+08,Japan,T2,ko,true,,false,false,0,0.0,0.0
U013572,airport_150,2025-10-18 11:03:00+08,B012035,2025-10-22 11:03:00+08,Thailand,T2,ja,true,,false,false,0,0.0,0.0
U020525,bundle_100_100,2025-09-13 09:59:00+08,B011366,2025-09-17 09:59:00+08,USA,T1,zh-TW,true,,false,false,0,0.0,0.0
U012898,airport_150,2025-09-17 08:30:00+08,B007024,2025-09-23 08:30:00+08,Thailand,T2,ja,true,,false,false,0,0.0,0.0
U023892,airport_150,2025-10-02 19:17:00+08,B007466,2025-10-04 19:17:00+08,Korea,T2,en,true,,false,false,0,0.0,0.0
U013968,bundle_100_100,2025-10-03 06:06:00+08,B005942,2025-10-06 06:06:00+08,Singapore,T2,ko,true,,false,false,0,0.0,0.0
U006291,airport_150,2025-10-03 02:26:00+08,B009813,2025-10-07 02:26:00+08,Hong Kong,T1,ja,true,,false,false,0,0.0,0.0
U013104,airport_150,2025-09-01 00:30:00+08,B004962,2025-09-06 00:30:00+08,USA,T1,ja,true,,false,false,0,0.0,0.0
U002452,bundle_100_100,2025-09-13 20:49:00+08,B016027,2025-09-17 20:49:00+08,Thailand,T1,zh-TW,true,,false,false,0,0.0,0.0
U004745,bundle_100_100,2025-09-24 12:37:00+08,B014864,2025-09-27 12:37:00+08,Japan,T1,zh-TW,true,,false,false,0,0.0,0.0
U007788,airport_150,2025-10-13 05:52:00+08,B004523,2025-10-18 05:52:00+08,Korea,T1,zh-TW,true,,false,false,0,0.0,0.0
U013056,bundle_100_100,2025-09-30 21:09:00+08,B008389,2025-10-03 21:09:00+08,Thailand,T1,zh-TW,true,,false,false,0,0.0,0.0
U015821,bundle_100_100,2025-09-11 08:11:00+08,B008926,2025-09-15 08:11:00+08,Thailand,T1,zh-TW,true,,false,false,0,0.0,0.0
U005458,bundle_100_100,2025-10-12 03:01:00+08,B010655,2025-10-13 03:01:00+08,Singapore,T2,ko,true,,false,false,0,0.0,0.0
U008289,bundle_100_100,2025-10-17 02:23:00+08,B012586,2025-10-21 02:23:00+08,USA,T1,ja,true,,false,false,0,0.0,0.0
U019273,airport_150,2025-09-03 21:29:00+08,B009616,2025-09-04 21:29:00+08,Singapore,T2,ko,true,,false,false,0,0.0,0.0
U002794,airport_150,2025-10-15 20:06:00+08,B014255,2025-10-19 20:06:00+08,Japan,T2,ko,true,,false,false,0,0.0,0.0
U013234,bundle_100_100,2025-10-21 04:06:00+08,B016726,2025-10-26 04:06:00+08,Japan,T2,ko,true,,false,false,0,0.0,0.0
U018184,airport_150,2025-09-22 23:48:00+08,B005600,2025-09-23 23:48:00+08,Korea,T2,zh-TW,true,,false,false,0,0.0,0.0
U000695,bundle_100_100,2025-09-16 02:07:00+08,B005347,2025-09-22 02:07:00+08,Korea,T2,ko,true,,false,false,0,0.0,0.0
U019650,airport_150,2025-10-17 23:38:00+08,B003210,2025-10-21 23:38:00+08,Singapore,T1,ja,true,,false,false,0,0.0,0.0
U005444,bundle_100_100,2025-10-06 22:54:00+08,B004336,2025-10-11 22:54:00+08,Singapore,T2,ja,true,,false,false,0,0.0,0.0
U014632,airport_150,2025-09-13 09:46:00+08,B017540,2025-09-14 09:46:00+08,Hong Kong,T2,ja,true,,false,false,0,0.0,0.0
U002951,airport_150,2025-10-18 03:13:00+08,B001138,2025-10-20 03:13:00+08,Hong Kong,T1,ko,true,,false,false,0,0.0,0.0
U024685,airport_150,2025-09-04 09:57:00+08,B001723,2025-09-09 09:57:00+08,Hong Kong,T2,zh-TW,true,,false,false,1,315.3,0.0
U007909,bundle_100_100,2025-09-22 19:10:00+08,B016760,2025-09-24 19:10:00+08,Singapore,T1,ja,true,,false,false,0,0.0,0.0
U006849,control,2025-09-04 03:00:00+08,B014227,2025-09-07 03:00:00+08,Japan,T1,ko,true,,false,false,0,0.0,0.0
U018460,airport_150,2025-09-22 15:39:00+08,B009780,2025-09-26 15:39:00+08,Singapore,T2,ja,true,,false,false,0,0.0,0.0
U024172,airport_150,2025-09-26 14:18:00+08,B014355,2025-09-30 14:18:00+08,Japan,T1,en,true,,false,false,0,0.0,0.0
U001434,airport_150,2025-09-28 13:58:00+08,B006321,2025-10-04 13:58:00+08,Thailand,T2,ko,true,,false,false,0,0.0,0.0
U018786,airport_150,2025-09-28 12:43:00+08,B010687,2025-10-01 12:43:00+08,Thailand,T2,en,true,,false,false,0,0.0,0.0
U024294,airport_150,2025-10-07 11:47:00+08,B001901,2025-10-11 11:47:00+08,Thailand,T1,en,true,,false,false,0,0.0,0.0
U011582,bundle_100_100,2025-10-10 20:01:00+08,B016480,2025-10-11 20:01:00+08,Singapore,T1,zh-TW,true,,false,false,0,0.0,0.0
U009642,airport_150,2025-10-09 15:07:00+08,B005745,2025-10-13 15:07:00+08,Thailand,T2,ja,true,,false,false,0,0.0,0.0
U020756,airport_150,2025-09-07 05:36:00+08,B008258,2025-09-10 05:36:00+08,Korea,T1,en,true,,false,false,0,0.0,0.0
U011883,airport_150,2025-10-05 17:55:00+08,B013050,2025-10-11 17:55:00+08,Japan,T2,zh-TW,true,,false,false,0,0.0,0.0
U001023,bundle_100_100,2025-10-11 23:49:00+08,B015086,2025-10-16 23:49:00+08,Thailand,T1,zh-TW,true,,false,false,0,0.0,0.0
U007642,control,2025-10-15 09:23:00+08,B011709,2025-10-21 09:23:00+08,Thailand,T1,en,true,,false,false,0,0.0,0.0
U009351,airport_150,2025-09-13 20:09:00+08,B009016,2025-09-16 20:09:00+08,Thailand,T1,ja,true,,false,false,0,0.0,0.0
U009985,bundle_100_100,2025-10-11 20:57:00+08,B016982,2025-10-13 20:57:00+08,Thailand,T1,ko,true,,false,false,0,0.0,0.0
U028979,bundle_100_100,2025-10-14 03:50:00+08,B006952,2025-10-20 03:50:00+08,Hong Kong,T1,en,true,,false,false,0,0.0,0.0
U005538,control,2025-10-05 20:31:00+08,B008651,2025-10-11 20:31:00+08,USA,T2,zh-TW,true,,false,false,0,0.0,0.0
U015887,bundle_100_100,2025-10-11 07:22:00+08,B007474,2025-10-16 07:22:00+08,Thailand,T2,ja,true,,false,false,0,0.0,0.0
U022069,airport_150,2025-10-09 00:07:00+08,B000178,2025-10-15 00:07:00+08,Hong Kong,T1,zh-TW,true,,false,false,0,0.0,0.0
U027524,control,2025-10-19 05:30:00+08,B005800,2025-10-24 05:30:00+08,USA,T1,ko,true,,false,false,0,0.0,0.0
U002353,bundle_100_100,2025-10-20 05:04:00+08,B007191,2025-10-23 05:04:00+08,Hong Kong,T2,ja,true,,false,false,0,0.0,0.0
U018332,bundle_100_100,2025-10-05 07:21:00+08,B004325,2025-10-09 07:21:00+08,Japan,T2,ja,true,,false,false,0,0.0,0.0
U021319,bundle_100_100,2025-09-17 09:17:00+08,B016526,2025-09-19 09:17:00+08,Hong Kong,T2,ko,true,,false,false,0,0.0,0.0
U012375,bundle_100_100,2025-10-02 09:15:00+08,B010641,2025-10-04 09:15:00+08,Hong Kong,T1,ko,true,,false,false,0,0.0,0.0
U008059,airport_150,2025-09-28 16:31:00+08,B008224,2025-10-01 16:31:00+08,Hong Kong,T2,en,true,,false,false,0,0.0,0.0
U008345,airport_150,2025-09-10 20:42:00+08,B005266,2025-09-16 20:42:00+08,USA,T2,zh-TW,true,,false,false,0,0.0,0.0
U019407,bundle_100_100,2025-09-14 10:11:00+08,B014424,2025-09-20 10:11:00+08,Singapore,T2,ja,true,,false,false,0,0.0,0.0
U026148,bundle_100_100,2025-09-21 18:52:00+08,B008887,2025-09-27 18:52:00+08,Korea,T2,ja,true,,false,false,0,0.0,0.0
U021935,airport_150,2025-10-01 14:00:00+08,B000295,2025-10-05 14:00:00+08,Japan,T1,ja,true,,false,false,0,0.0,0.0
U002707,bundle_100_100,2025-09-08 20:28:00+08,B001502,2025-09-10 20:28:00+08,Thailand,T2,ja,true,,false,false,0,0.0,0.0
U009033,control,2025-09-02 18:52:00+08,B015912,2025-09-08 18:52:00+08,Thailand,T2,ko,true,,false,false,0,0.0,0.0
U023111,bundle_100_100,2025-09-02 00:49:00+08,B000429,2025-09-03 00:49:00+08,Singapore,T2,en,true,,false,false,0,0.0,0.0
U000946,airport_150,2025-10-12 23:26:00+08,B006425,2025-10-17 23:26:00+08,Japan,T1,ko,true,,false,false,0,0.0,0.0
U020873,control,2025-09-02 02:10:00+08,B007866,2025-09-06 02:10:00+08,Korea,T2,ko,true,,false,false,0,0.0,0.0
U027232,bundle_100_100,2025-09-16 00:09:00+08,B007045,2025-09-21 00:09:00+08,Hong Kong,T1,ko,true,,false,false,0,0.0,0.0
U003611,airport_150,2025-09-02 08:32:00+08,B008346,2025-09-04 08:32:00+08,Japan,T1,en,true,,false,false,0,0.0,0.0
U011085,bundle_100_100,2025-10-22 21:31:00+08,B001512,2025-10-25 21:31:00+08,Thailand,T1,ko,true,,false,false,0,0.0,0.0
U008205,bundle_100_100,2025-10-09 07:18:00+08,B003297,2025-10-13 07:18:00+08,Japan,T2,ko,true,,false,false,0,0.0,0.0
U017852,bundle_100_100,2025-10-08 07:33:00+08,B017379,2025-10-11 07:33:00+08,Japan,T2,en,true,,false,false,0,0.0,0.0
U029638,bundle_100_100,2025-09-28 05:20:00+08,B009354,2025-10-04 05:20:00+08,Thailand,T1,en,true,,false,false,0,0.0,0.0
U025415,airport_150,2025-09-04 08:08:00+08,B013506,2025-09-09 08:08:00+08,Korea,T2,zh-TW,true,,false,false,0,0.0,0.0
U025769,bundle_100_100,2025-09-28 00:28:00+08,B013231,2025-09-30 00:28:00+08,Thailand,T1,ko,true,,false,false,0,0.0,0.0
U019063,airport_150,2025-09-26 09:32:00+08,B004224,2025-10-02 09:32:00+08,Singapore,T2,en,true,,false,false,0,0.0,0.0
U020096,bundle_100_100,2025-09-18 21:19:00+08,B004382,2025-09-21 21:19:00+08,Singapore,T1,ko,true,,false,false,1,124.19999999999999,0.0
U000492,airport_150,2025-09-26 21:55:00+08,B002694,2025-10-02 21:55:00+08,Korea,T1,ja,true,,false,false,0,0.0,0.0
U005261,airport_150,2025-09-11 14:38:00+08,B010020,2025-09-16 14:38:00+08,Singapore,T1,ja,true,,false,false,0,0.0,0.0
U014830,bundle_100_100,2025-09-11 09:18:00+08,B016389,2025-09-12 09:18:00+08,USA,T2,ja,true,,false,false,0,0.0,0.0
U003615,airport_150,2025-10-02 16:56:00+08,B016698,2025-10-03 16:56:00+08,Japan,T2,en,true,,false,false,0,0.0,0.0
U008253,bundle_100_100,2025-10-15 08:15:00+08,B015964,2025-10-16 08:15:00+08,Singapore,T1,ja,true,,false,false,0,0.0,0.0
U012267,airport_150,2025-09-01 20:26:00+08,B001271,2025-09-02 20:26:00+08,Singapore,T2,ja,true,,false,false,0,0.0,0.0
U000101,airport_150,2025-10-01 23:59:00+08,B008897,2025-10-06 23:59:00+08,USA,T1,ko,true,,false,false,0,0.0,0.0
U009899,airport_150,2025-10-11 00:12:00+08,B014987,2025-10-14 00:12:00+08,Thailand,T2,ko,true,,false,false,0,0.0,0.0
U010788,bundle_100_100,2025-10-07 03:02:00+08,B002239,2025-10-11 03:02:00+08,USA,T1,en,true,,false,false,0,0.0,0.0
U001143,airport_150,2025-09-28 16:31:00+08,B010114,2025-10-03 16:31:00+08,USA,T2,ja,true,,false,false,0,0.0,0.0
U025990,bundle_100_100,2025-09-01 00:45:00+08,B012793,2025-09-05 00:45:00+08,Singapore,T2,zh-TW,true,,false,false,0,0.0,0.0
U011177,bundle_100_100,2025-09-03 12:35:00+08,B014838,2025-09-04 12:35:00+08,Japan,T2,ko,true,,false,false,0,0.0,0.0
U010015,airport_150,2025-10-07 08:07:00+08,B015565,2025-10-08 08:07:00+08,USA,T2,en,true,,false,false,0,0.0,0.0
U011524,control,2025-09-27 09:10:00+08,B004197,2025-09-30 09:10:00+08,USA,T1,ko,true,,false,false,0,0.0,0.0
U003936,bundle_100_100,2025-09-01 21:53:00+08,B007871,2025-09-05 21:53:00+08,Singapore,T2,en,true,,false,false,0,0.0,0.0
U004211,airport_150,2025-09-15 01:54:00+08,B003763,2025-09-18 01:54:00+08,Japan,T2,ko,true,,false,false,0,0.0,0.0
U019428,bundle_100_100,2025-09-17 09:07:00+08,B011086,2025-09-23 09:07:00+08,Japan,T1,zh-TW,true,,false,false,0,0.0,0.0
U019159,bundle_100_100,2025-09-18 16:10:00+08,B003833,2025-09-23 16:10:00+08,Korea,T2,ko,true,,false,false,0,0.0,0.0
U022038,airport_150,2025-09-20 07:58:00+08,B010142,2025-09-25 07:58:00+08,Hong Kong,T2,ja,true,,false,false,0,0.0,0.0
U003740,airport_150,2025-09-03 08:40:00+08,B011141,2025-09-04 08:40:00+08,USA,T1,ja,true,,false,false,0,0.0,0.0
U000342,bundle_100_100,2025-09-03 22:15:00+08,B013700,2025-09-07 22:15:00+08,Hong Kong,T1,zh-TW,true,,false,false,0,0.0,0.0
U006470,control,2025-09-21 08:06:00+08,B001265,2025-09-23 08:06:00+08,Singapore,T2,ja,true,,false,false,0,0.0,0.0
U009693,airport_150,2025-09-20 05:52:00+08,B014427,2025-09-26 05:52:00+08,USA,T2,zh-TW,true,,false,false,0,0.0,0.0
U019081,airport_150,2025-10-17 20:01:00+08,B001456,2025-10-23 20:01:00+08,Korea,T1,zh-TW,true,,false,false,0,0.0,0.0
U020546,airport_150,2025-10-15 08:39:00+08,B016860,2025-10-18 08:39:00+08,Hong Kong,T1,en,true,,false,false,0,0.0,0.0
U024250,bundle_100_100,2025-10-06 13:08:00+08,B011350,2025-10-07 13:08:00+08,Hong Kong,T1,zh-TW,true,,false,false,0,0.0,0.0
U011069,bundle_100_100,2025-09-14 17:57:00+08,B012926,2025-09-20 17:57:00+08,Singapore,T1,ja,true,,false,false,0,0.0,0.0
U018956,control,2025-09-09 09:41:00+08,B011482,2025-09-10 09:41:00+08,Thailand,T2,ko,true,,false,false,0,0.0,0.0
U013197,airport_150,2025-10-07 11:52:00+08,B002568,2025-10-10 11:52:00+08,Hong Kong,T2,ko,true,,false,false,0,0.0,0.0
U016841,airport_150,2025-09-23 07:03:00+08,B012855,2025-09-28 07:03:00+08,Korea,T1,ko,true,,false,false,0,0.0,0.0
U029002,bundle_100_100,2025-09-29 03:26:00+08,B004399,2025-10-01 03:26:00+08,Japan,T2,ja,true,,false,false,0,0.0,0.0
U004818,airport_150,2025-09-23 10:15:00+08,B017168,2025-09-26 10:15:00+08,Singapore,T2,ja,true,,false,false,0,0.0,0.0
U001605,bundle_100_100,2025-10-22 13:32:00+08,B000923,2025-10-23 13:32:00+08,Japan,T2,en,true,,false,false,0,0.0,0.0
U005753,bundle_100_100,2025-09-28 20:16:00+08,B003982,2025-09-30 20:16:00+08,Japan,T1,zh-TW,true,,false,false,0,0.0,0.0
U021060,bundle_100_100,2025-09-13 20:57:00+08,B004955,2025-09-17 20:57:00+08,USA,T1,en,true,,false,false,0,0.0,0.0
U002451,airport_150,2025-09-18 23:22:00+08,B015646,2025-09-23 23:22:00+08,USA,T2,ja,true,,false,false,0,0.0,0.0
U014340,bundle_100_100,2025-10-04 20:33:00+08,B001787,2025-10-07 20:33:00+08,Korea,T1,zh-TW,true,,false,false,0,0.0,0.0
U019726,airport_150,2025-10-18 21:19:00+08,B017884,2025-10-23 21:19:00+08,Thailand,T2,zh-TW,true,,false,false,0,0.0,0.0
U026628,airport_150,2025-09-13 00:43:00+08,B005203,2025-09-19 00:43:00+08,Thailand,T1,zh-TW,true,,false,false,0,0.0,0.0
U024733,bundle_100_100,2025-09-29 14:48:00+08,B009925,2025-10-03 14:48:00+08,USA,T1,en,true,,false,false,0,0.0,0.0
U003363,bundle_100_100,2025-09-02 06:13:00+08,B005038,2025-09-07 06:13:00+08,Thailand,T2,zh-TW,true,,false,false,0,0.0,0.0
U016647,airport_150,2025-10-06 09:46:00+08,B015931,2025-10-07 09:46:00+08,Japan,T2,ko,true,,false,false,1,116.1,0.0
U011996,airport_150,2025-09-05 05:38:00+08,B013374,2025-09-09 05:38:00+08,Japan,T1,en,true,,false,false,0,0.0,0.0
U013422,control,2025-10-14 06:37:00+08,B001135,2025-10-18 06:37:00+08,Korea,T2,ja,true,,false,false,0,0.0,0.0
U018314,airport_150,2025-09-12 01:49:00+08,B003747,2025-09-16 01:49:00+08,Japan,T1,en,true,,false,false,0,0.0,0.0
U002720,airport_150,2025-09-01 06:20:00+08,B006925,2025-09-04 06:20:00+08,Hong Kong,T1,ja,true,,false,false,0,0.0,0.0
U020725,bundle_100_100,2025-09-25 04:54:00+08,B003940,2025-09-27 04:54:00+08,USA,T1,en,true,,false,false,0,0.0,0.0
U015310,airport_150,2025-09-19 07:30:00+08,B015516,2025-09-25 07:30:00+08,Thailand,T2,ko,true,,false,false,0,0.0,0.0
U017103,bundle_100_100,2025-09-23 20:12:00+08,B016167,2025-09-24 20:12:00+08,USA,T2,ko,true,,false,false,0,0.0,0.0
U024206,bundle_100_100,2025-10-06 20:02:00+08,B004696,2025-10-07 20:02:00+08,Korea,T2,en,true,,false,false,0,0.0,0.0
U014417,bundle_100_100,2025-09-08 18:28:00+08,B007086,2025-09-09 18:28:00+08,Japan,T2,zh-TW,true,,false,false,0,0.0,0.0
U020207,airport_150,2025-10-15 05:23:00+08,B013457,2025-10-18 05:23:00+08,Hong Kong,T2,en,true,,false,false,0,0.0,0.0
U023783,bundle_100_100,2025-09-21 03:23:00+08,B002473,2025-09-26 03:23:00+08,Singapore,T2,ja,true,,false,false,0,0.0,0.0
U016845,airport_150,2025-09-24 18:18:00+08,B001187,2025-09-28 18:18:00+08,USA,T1,zh-TW,true,,false,false,0,0.0,0.0
U005578,bundle_100_100,2025-09-25 09:43:00+08,B013830,2025-09-30 09:43:00+08,Korea,T1,ko,true,,false,false,0,0.0,0.0
U009616,bundle_100_100,2025-09-26 21:29:00+08,B001645,2025-10-02 21:29:00+08,Korea,T2,en,true,,false,false,0,0.0,0.0
U012528,control,2025-09-12 14:15:00+08,B000732,2025-09-18 14:15:00+08,Singapore,T2,ko,true,,false,false,0,0.0,0.0
U000084,bundle_100_100,2025-10-19 21:56:00+08,B005606,2025-10-20 21:56:00+08,Hong Kong,T2,en,true,,false,false,0,0.0,0.0
U002292,bundle_100_100,2025-09-15 06:47:00+08,B004162,2025-09-17 06:47:00+08,USA,T2,ja,true,,false,false,0,0.0,0.0
U015603,bundle_100_100,2025-09-24 09:26:00+08,B001480,2025-09-28 09:26:00+08,Singapore,T1,ja,true,,false,false,0,0.0,0.0
U026340,airport_150,2025-10-18 21:00:00+08,B012174,2025-10-23 21:00:00+08,Japan,T1,en,true,,false,false,0,0.0,0.0
U002020,airport_150,2025-10-04 22:47:00+08,B005508,2025-10-07 22:47:00+08,Singapore,T2,zh-TW,true,,false,false,0,0.0,0.0
U006083,airport_150,2025-09-19 02:41:00+08,B011469,2025-09-22 02:41:00+08,USA,T1,ko,true,,false,false,0,0.0,0.0
U000935,airport_150,2025-10-02 06:20:00+08,B007365,2025-10-07 06:20:00+08,Singapore,T1,en,true,,false,false,0,0.0,0.0
U016481,bundle_100_100,2025-09-03 20:53:00+08,B000431,2025-09-05 20:53:00+08,Thailand,T2,ja,true,,false,false,0,0.0,0.0
U028822,bundle_100_100,2025-09-21 18:48:00+08,B010019,2025-09-22 18:48:00+08,Singapore,T2,en,true,,false,false,0,0.0,0.0
U000770,bundle_100_100,2025-09-08 04:21:00+08,B013112,2025-09-14 04:21:00+08,Singapore,T1,ko,true,,false,false,0,0.0,0.0
U006527,airport_150,2025-09-14 19:35:00+08,B014225,2025-09-16 19:35:00+08,USA,T1,zh-TW,true,,false,false,0,0.0,0.0
U018798,control,2025-10-12 10:57:00+08,B014770,2025-10-15 10:57:00+08,Korea,T2,ja,true,,false,false,0,0.0,0.0
U024778,bundle_100_100,2025-09-22 00:18:00+08,B000611,2025-09-24 00:18:00+08,Korea,T1,ja,true,,false,false,0,0.0,0.0
U027644,control,2025-10-16 16:42:00+08,B003543,2025-10-21 16:42:00+08,Thailand,T2,en,true,,false,false,0,0.0,0.0
U026257,airport_150,2025-09-29 21:08:00+08,B001778,2025-10-04 21:08:00+08,Hong Kong,T1,en,true,,false,false,0,0.0,0.0
U000273,bundle_100_100,2025-09-14 20:36:00+08,B010339,2025-09-17 20:36:00+08,USA,T2,ja,true,,false,false,0,0.0,0.0
U004039,bundle_100_100,2025-10-15 08:32:00+08,B005538,2025-10-20 08:32:00+08,Singapore,T1,ko,true,,false,false,0,0.0,0.0
U007003,airport_150,2025-09-28 20:48:00+08,B004440,2025-09-30 20:48:00+08,Singapore,T2,ko,true,,false,false,0,0.0,0.0
U008943,airport_150,2025-10-01 20:25:00+08,B016227,2025-10-07 20:25:00+08,Singapore,T2,ko,true,,false,false,0,0.0,0.0
U018324,bundle_100_100,2025-10-02 23:58:00+08,B007419,2025-10-08 23:58:00+08,Hong Kong,T2,ko,true,,false,false,0,0.0,0.0
U017128,airport_150,2025-10-15 15:29:00+08,B004351,2025-10-16 15:29:00+08,Korea,T1,ja,true,,false,false,0,0.0,0.0
U024111,bundle_100_100,2025-09-28 22:38:00+08,B011815,2025-10-02 22:38:00+08,Thailand,T2,ja,true,,false,false,0,0.0,0.0
U029602,control,2025-10-18 19:31:00+08,B003134,2025-10-23 19:31:00+08,Korea,T1,ko,true,,false,false,0,0.0,0.0
U011829,airport_150,2025-10-06 17:09:00+08,B012059,2025-10-10 17:09:00+08,Japan,T1,ja,true,,false,false,0,0.0,0.0
U029907,airport_150,2025-09-27 01:24:00+08,B012689,2025-10-03 01:24:00+08,Singapore,T2,ko,true,,false,false,0,0.0,0.0
U022447,airport_150,2025-10-13 07:26:00+08,B011686,2025-10-14 07:26:00+08,Japan,T1,zh-TW,true,,false,false,0,0.0,0.0
U022730,airport_150,2025-09-06 21:51:00+08,B001268,2025-09-10 21:51:00+08,Korea,T1,ja,true,,false,false,0,0.0,0.0
U000487,bundle_100_100,2025-09-11 21:01:00+08,B013504,2025-09-15 21:01:00+08,Singapore,T2,ja,true,,false,false,0,0.0,0.0
U002072,airport_150,2025-09-16 09:08:00+08,B006288,2025-09-20 09:08:00+08,Hong Kong,T1,en,true,,false,false,0,0.0,0.0
U005037,airport_150,2025-09-02 07:25:00+08,B002221,2025-09-07 07:25:00+08,Hong Kong,T1,ja,true,,false,false,0,0.0,0.0
U016132,control,2025-09-20 17:58:00+08,B006259,2025-09-24 17:58:00+08,Thailand,T1,ja,true,,false,false,0,0.0,0.0
U019416,bundle_100_100,2025-09-17 23:06:00+08,B014772,2025-09-18 23:06:00+08,Japan,T2,zh-TW,true,,false,false,0,0.0,0.0
U006471,bundle_100_100,2025-09-04 22:28:00+08,B003614,2025-09-05 22:28:00+08,Japan,T2,en,true,,false,false,1,197.1,0.0
U023131,bundle_100_100,2025-09-03 17:44:00+08,B006786,2025-09-08 17:44:00+08,Singapore,T1,zh-TW,true,,false,false,0,0.0,0.0
U001755,airport_150,2025-10-12 09:51:00+08,B002722,2025-10-17 09:51:00+08,Hong Kong,T2,ja,true,,false,false,0,0.0,0.0
U002985,airport_150,2025-10-05 09:45:00+08,B005708,2025-10-10 09:45:00+08,Japan,T2,ja,true,,false,false,0,0.0,0.0
U011005,bundle_100_100,2025-09-28 07:46:00+08,B016392,2025-10-03 07:46:00+08,Thailand,T1,zh-TW,true,,false,false,0,0.0,0.0
U017837,bundle_100_100,2025-10-06 01:34:00+08,B007788,2025-10-12 01:34:00+08,Hong Kong,T2,ko,true,,false,false,0,0.0,0.0
U018400,airport_150,2025-09-06 12:28:00+08,B009974,2025-09-08 12:28:00+08,Korea,T1,ko,true,,false,false,0,0.0,0.0
U016272,control,2025-09-29 22:45:00+08,B007287,2025-10-02 22:45:00+08,Korea,T1,zh-TW,true,,false,false,0,0.0,0.0
U017154,bundle_100_100,2025-09-01 09:03:00+08,B010717,2025-09-03 09:03:00+08,USA,T1,en,true,,false,false,0,0.0,0.0
U025793,airport_150,2025-09-25 05:33:00+08,B012500,2025-09-29 05:33:00+08,Japan,T2,ja,true,,false,false,0,0.0,0.0
U025645,control,2025-10-24 16:18:00+08,B011474,2025-10-26 16:18:00+08,USA,T2,zh-TW,true,,false,false,0,0.0,0.0
U008393,airport_150,2025-10-13 05:29:00+08,B014627,2025-10-16 05:29:00+08,Korea,T1,en,true,,false,false,0,0.0,0.0
U005453,bundle_100_100,2025-10-09 09:00:00+08,B015541,2025-10-12 09:00:00+08,Japan,T2,ja,true,,false,false,0,0.0,0.0
U017405,bundle_100_100,2025-09-05 06:03:00+08,B011852,2025-09-09 06:03:00+08,Singapore,T1,ja,true,,false,false,0,0.0,0.0
U024760,bundle_100_100,2025-09-18 05:25:00+08,B012066,2025-09-22 05:25:00+08,Thailand,T1,ja,true,,false,false,0,0.0,0.0
U002270,airport_150,2025-09-05 17:51:00+08,B010789,2025-09-11 17:51:00+08,Hong Kong,T1,zh-TW,true,,false,false,0,0.0,0.0
U013517,control,2025-10-07 13:13:00+08,B012721,2025-10-12 13:13:00+08,Thailand,T1,en,true,,false,false,0,0.0,0.0
U022966,airport_150,2025-09-26 02:51:00+08,B001011,2025-09-27 02:51:00+08,USA,T1,ja,true,,false,false,0,0.0,0.0
U024456,airport_150,2025-10-02 05:15:00+08,B012703,2025-10-05 05:15:00+08,Thailand,T2,ko,true,,false,false,0,0.0,0.0
U001586,bundle_100_100,2025-10-17 21:53:00+08,B010658,2025-10-20 21:53:00+08,Thailand,T1,en,true,,false,false,0,0.0,0.0
U019695,airport_150,2025-10-11 22:52:00+08,B001621,2025-10-17 22:52:00+08,USA,T1,ja,true,,false,false,0,0.0,0.0
U022200,airport_150,2025-09-07 07:49:00+08,B009983,2025-09-08 07:49:00+08,Japan,T1,en,true,,false,false,0,0.0,0.0
U005808,bundle_100_100,2025-10-13 07:37:00+08,B013487,2025-10-16 07:37:00+08,Singapore,T1,en,true,,false,false,0,0.0,0.0
U007250,airport_150,2025-10-10 23:18:00+08,B011102,2025-10-14 23:18:00+08,Japan,T1,ko,true,,false,false,0,0.0,0.0
U016977,bundle_100_100,2025-10-11 12:18:00+08,B000397,2025-10-16 12:18:00+08,Korea,T1,en,true,,false,false,0,0.0,0.0
U022345,bundle_100_100,2025-10-11 18:45:00+08,B017397,2025-10-13 18:45:00+08,Japan,T2,ko,true,,false,false,0,0.0,0.0
U022976,airport_150,2025-09-28 22:48:00+08,B002987,2025-09-29 22:48:00+08,Singapore,T1,en,true,,false,false,0,0.0,0.0
U010295,airport_150,2025-09-25 11:36:00+08,B016718,2025-09-29 11:36:00+08,Japan,T1,ja,true,,false,false,0,0.0,0.0
U017197,bundle_100_100,2025-10-02 02:14:00+08,B003805,2025-10-05 02:14:00+08,Thailand,T2,zh-TW,true,,false,false,0,0.0,0.0
U001041,bundle_100_100,2025-09-10 20:38:00+08,B005686,2025-09-14 20:38:00+08,Hong Kong,T2,zh-TW,true,,false,false,0,0.0,0.0
U001559,airport_150,2025-09-11 07:28:00+08,B000345,2025-09-14 07:28:00+08,USA,T2,ja,true,,false,false,0,0.0,0.0
U023054,bundle_100_100,2025-10-20 08:51:00+08,B008467,2025-10-25 08:51:00+08,Singapore,T1,zh-TW,true,,false,false,0,0.0,0.0
U026817,airport_150,2025-09-03 03:59:00+08,B009025,2025-09-09 03:59:00+08,USA,T1,en,true,,false,false,0,0.0,0.0
U003164,airport_150,2025-10-04 00:13:00+08,B013522,2025-10-08 00:13:00+08,Japan,T1,en,true,,false,false,0,0.0,0.0
U005510,airport_150,2025-10-05 22:27:00+08,B005693,2025-10-09 22:27:00+08,Hong Kong,T2,en,true,,false,false,0,0.0,0.0
U016520,bundle_100_100,2025-09-13 19:14:00+08,B003490,2025-09-14 19:14:00+08,USA,T1,zh-TW,true,,false,false,0,0.0,0.0
U023218,bundle_100_100,2025-09-29 06:40:00+08,B002736,2025-10-03 06:40:00+08,Korea,T1,en,true,,false,false,0,0.0,0.0
U023871,airport_150,2025-09-23 07:02:00+08,B012620,2025-09-25 07:02:00+08,Singapore,T2,en,true,,false,false,0,0.0,0.0
U002989,airport_150,2025-10-23 08:17:00+08,B005729,2025-10-26 08:17:00+08,Korea,T2,en,true,,false,false,0,0.0,0.0
U006761,airport_150,2025-09-23 07:58:00+08,B010859,2025-09-29 07:58:00+08,Korea,T1,ja,true,,false,false,0,0.0,0.0
U028871,bundle_100_100,2025-09-09 22:44:00+08,B014271,2025-09-14 22:44:00+08,Thailand,T1,ja,true,,false,false,0,0.0,0.0
U001028,airport_150,2025-09-21 19:58:00+08,B007933,2025-09-26 19:58:00+08,Korea,T1,en,true,,false,false,0,0.0,0.0
U003366,airport_150,2025-09-17 00:44:00+08,B008326,2025-09-22 00:44:00+08,USA,T2,zh-TW,true,,false,false,0,0.0,0.0
U022660,bundle_100_100,2025-09-12 23:02:00+08,B013651,2025-09-13 23:02:00+08,Korea,T1,ja,true,,false,false,0,0.0,0.0
U002948,control,2025-10-02 19:16:00+08,B015906,2025-10-05 19:16:00+08,Japan,T2,ko,true,,false,false,0,0.0,0.0
U015642,airport_150,2025-09-26 18:45:00+08,B005811,2025-10-01 18:45:00+08,Hong Kong,T1,zh-TW,true,,false,false,0,0.0,0.0
U016298,bundle_100_100,2025-10-11 21:42:00+08,B003313,2025-10-16 21:42:00+08,Thailand,T1,zh-TW,true,,false,false,1,144.6,0.0
U022086,control,2025-09-26 11:21:00+08,B013931,2025-09-30 11:21:00+08,USA,T1,ko,true,,false,false,0,0.0,0.0
U016236,bundle_100_100,2025-09-01 05:42:00+08,B008867,2025-09-05 05:42:00+08,Hong Kong,T2,ko,true,,false,false,0,0.0,0.0
U023224,bundle_100_100,2025-10-05 06:19:00+08,B016609,2025-10-09 06:19:00+08,Hong Kong,T1,zh-TW,true,,false,false,0,0.0,0.0
U015734,airport_150,2025-09-29 21:10:00+08,B000522,2025-10-05 21:10:00+08,USA,T2,ja,true,,false,false,0,0.0,0.0
U025095,airport_150,2025-10-13 06:58:00+08,B011910,2025-10-16 06:58:00+08,Thailand,T2,zh-TW,true,,false,false,0,0.0,0.0
U000333,bundle_100_100,2025-09-07 08:50:00+08,B002424,2025-09-10 08:50:00+08,Thailand,T1,zh-TW,true,,false,false,0,0.0,0.0
U001691,bundle_100_100,2025-10-07 18:40:00+08,B006318,2025-10-09 18:40:00+08,Hong Kong,T2,ja,true,,false,false,0,0.0,0.0
U029715,airport_150,2025-10-04 21:06:00+08,B014535,2025-10-09 21:06:00+08,Korea,T1,zh-TW,true,,false,false,0,0.0,0.0
U010753,bundle_100_100,2025-09-28 16:00:00+08,B012440,2025-10-04 16:00:00+08,Hong Kong,T2,en,true,,false,false,0,0.0,0.0
U017685,bundle_100_100,2025-09-16 13:56:00+08,B016899,2025-09-17 13:56:00+08,Thailand,T2,ja,true,,false,false,0,0.0,0.0
U014155,control,2025-10-10 07:51:00+08,B010896,2025-10-12 07:51:00+08,Thailand,T1,ko,true,,false,false,0,0.0,0.0
U018195,bundle_100_100,2025-10-24 13:49:00+08,B009799,2025-10-25 13:49:00+08,Japan,T1,ja,true,,false,false,0,0.0,0.0
U020298,airport_150,2025-10-18 07:48:00+08,B009604,2025-10-23 07:48:00+08,Singapore,T1,ja,true,,false,false,0,0.0,0.0
U014310,bundle_100_100,2025-09-16 22:31:00+08,B000846,2025-09-17 22:31:00+08,USA,T2,ko,true,,false,false,0,0.0,0.0
U026564,bundle_100_100,2025-09-19 22:06:00+08,B003154,2025-09-21 22:06:00+08,Singapore,T2,ja,true,,false,false,1,226.2,0.0
U000020,airport_150,2025-09-16 23:49:00+08,B006260,2025-09-22 23:49:00+08,Korea,T1,ja,true,,false,false,0,0.0,0.0
U004468,bundle_100_100,2025-09-11 16:22:00+08,B007331,2025-09-17 16:22:00+08,USA,T2,ko,true,,false,false,0,0.0,0.0
U019947,bundle_100_100,2025-09-23 08:06:00+08,B009276,2025-09-27 08:06:00+08,Japan,T2,ko,true,,false,false,0,0.0,0.0
U023432,airport_150,2025-09-01 22:22:00+08,B017477,2025-09-02 22:22:00+08,USA,T1,ja,true,,false,false,0,0.0,0.0
U026451,airport_150,2025-10-18 23:06:00+08,B002072,2025-10-21 23:06:00+08,Singapore,T1,ko,true,,false,false,0,0.0,0.0
U002475,airport_150,2025-09-09 08:27:00+08,B012217,2025-09-12 08:27:00+08,Hong Kong,T1,zh-TW,true,,false,false,0,0.0,0.0
U013145,bundle_100_100,2025-10-04 23:44:00+08,B006700,2025-10-06 23:44:00+08,Thailand,T1,zh-TW,true,,false,false,0,0.0,0.0
U015741,bundle_100_100,2025-09-25 01:03:00+08,B011719,2025-09-27 01:03:00+08,Japan,T2,zh-TW,true,,false,false,0,0.0,0.0
U011648,airport_150,2025-09-22 08:34:00+08,B010249,2025-09-25 08:34:00+08,USA,T2,ja,true,,false,false,0,0.0,0.0
U012923,airport_150,2025-09-18 05:36:00+08,B013239,2025-09-24 05:36:00+08,Korea,T2,ja,true,,false,false,0,0.0,0.0
U011561,bundle_100_100,2025-10-12 05:01:00+08,B012032,2025-10-13 05:01:00+08,Japan,T1,ja,true,,false,false,0,0.0,0.0
U026601,airport_150,2025-09-21 23:11:00+08,B005790,2025-09-27 23:11:00+08,Hong Kong,T1,zh-TW,true,,false,false,0,0.0,0.0
U021020,bundle_100_100,2025-09-06 11:31:00+08,B017209,2025-09-08 11:31:00+08,Japan,T2,ko,true,,false,false,0,0.0,0.0
U022755,bundle_100_100,2025-09-13 09:25:00+08,B006940,2025-09-15 09:25:00+08,Korea,T2,zh-TW,true,,false,false,0,0.0,0.0
U003469,airport_150,2025-10-15 02:54:00+08,B009373,2025-10-20 02:54:00+08,Japan,T1,en,true,,false,false,0,0.0,0.0
U014629,airport_150,2025-10-15 06:17:00+08,B011155,2025-10-20 06:17:00+08,Korea,T2,ko,true,,false,false,0,0.0,0.0
U026772,control,2025-10-17 22:41:00+08,B016655,2025-10-20 22:41:00+08,Singapore,T2,en,true,,false,false,0,0.0,0.0
U003209,bundle_100_100,2025-09-22 22:20:00+08,B009586,2025-09-26 22:20:00+08,Japan,T2,zh-TW,true,,false,false,0,0.0,0.0
U012871,airport_150,2025-10-03 08:00:00+08,B012974,2025-10-07 08:00:00+08,Hong Kong,T2,en,true,,false,false,0,0.0,0.0
U002526,airport_150,2025-10-11 21:49:00+08,B005277,2025-10-16 21:49:00+08,Japan,T2,ko,true,,false,false,0,0.0,0.0
U024900,control,2025-10-04 15:51:00+08,B015284,2025-10-06 15:51:00+08,Hong Kong,T2,en,true,,false,false,0,0.0,0.0
U013664,bundle_100_100,2025-10-07 13:40:00+08,B004046,2025-10-11 13:40:00+08,Japan,T2,en,true,,false,false,0,0.0,0.0
U022084,bundle_100_100,2025-10-19 13:14:00+08,B004937,2025-10-23 13:14:00+08,Singapore,T2,en,true,,false,false,0,0.0,0.0
U024823,bundle_100_100,2025-09-22 11:02:00+08,B007036,2025-09-23 11:02:00+08,Japan,T1,en,true,,false,false,0,0.0,0.0
U026884,bundle_100_100,2025-09-16 06:27:00+08,B003074,2025-09-20 06:27:00+08,Singapore,T1,en,true,,false,false,0,0.0,0.0
U000647,airport_150,2025-09-26 07:31:00+08,B010773,2025-09-28 07:31:00+08,Hong Kong,T2,ja,true,,false,false,0,0.0,0.0
U005105,bundle_100_100,2025-10-03 00:51:00+08,B003854,2025-10-09 00:51:00+08,Singapore,T1,ja,true,,false,false,0,0.0,0.0
U025179,control,2025-09-09 08:26:00+08,B007923,2025-09-11 08:26:00+08,Japan,T1,zh-TW,true,,false,false,0,0.0,0.0
U011680,bundle_100_100,2025-09-28 22:54:00+08,B009939,2025-09-30 22:54:00+08,Hong Kong,T1,en,true,,false,false,0,0.0,0.0
U013114,airport_150,2025-09-26 07:06:00+08,B012522,2025-09-27 07:06:00+08,Thailand,T2,ja,true,,false,false,0,0.0,0.0
U003511,bundle_100_100,2025-10-10 11:16:00+08,B012986,2025-10-12 11:16:00+08,Korea,T1,ja,true,,false,false,0,0.0,0.0
U009447,airport_150,2025-09-04 07:23:00+08,B014045,2025-09-10 07:23:00+08,Japan,T1,ja,true,,false,false,0,0.0,0.0
U016230,bundle_100_100,2025-09-15 19:10:00+08,B015076,2025-09-21 19:10:00+08,USA,T2,ja,true,,false,false,0,0.0,0.0
U004718,bundle_100_100,2025-09-18 22:30:00+08,B006001,2025-09-20 22:30:00+08,Thailand,T1,zh-TW,true,,false,false,0,0.0,0.0
U019983,airport_150,2025-10-03 20:54:00+08,B011710,2025-10-08 20:54:00+08,Hong Kong,T1,ja,true,,false,false,0,0.0,0.0
U027477,airport_150,2025-09-28 00:20:00+08,B012387,2025-10-03 00:20:00+08,USA,T2,ja,true,,false,false,0,0.0,0.0
U026353,airport_150,2025-09-29 08:10:00+08,B005821,2025-10-05 08:10:00+08,Hong Kong,T2,ja,true,,false,false,0,0.0,0.0
U028000,bundle_100_100,2025-09-05 20:58:00+08,B016581,2025-09-07 20:58:00+08,Singapore,T1,ko,true,,false,false,0,0.0,0.0
U018887,bundle_100_100,2025-10-03 11:59:00+08,B013046,2025-10-09 11:59:00+08,Korea,T1,en,true,,false,false,0,0.0,0.0
U026123,bundle_100_100,2025-10-14 02:03:00+08,B016736,2025-10-19 02:03:00+08,USA,T2,ko,true,,false,false,0,0.0,0.0
U001227,bundle_100_100,2025-10-10 00:56:00+08,B008415,2025-10-14 00:56:00+08,Singapore,T1,ja,true,,false,false,0,0.0,0.0
U029845,control,2025-10-16 18:14:00+08,B015359,2025-10-18 18:14:00+08,USA,T1,en,true,,false,false,0,0.0,0.0
U006608,control,2025-09-24 10:35:00+08,B002634,2025-09-30 10:35:00+08,Thailand,T1,ko,true,,false,false,0,0.0,0.0
U006988,airport_150,2025-09-02 19:00:00+08,B002415,2025-09-05 19:00:00+08,Singapore,T1,ja,true,,false,false,0,0.0,0.0
U020363,bundle_100_100,2025-10-19 13:10:00+08,B001368,2025-10-24 13:10:00+08,Thailand,T2,ko,true,,false,false,0,0.0,0.0
U027806,bundle_100_100,2025-09-20 15:52:00+08,B000610,2025-09-26 15:52:00+08,Korea,T2,zh-TW,true,,false,false,0,0.0,0.0
U006783,bundle_100_100,2025-09-01 20:20:00+08,B001320,2025-09-07 20:20:00+08,Singapore,T1,ko,true,,false,false,0,0.0,0.0
U014230,control,2025-09-09 16:41:00+08,B009207,2025-09-13 16:41:00+08,Singapore,T1,ja,true,,false,false,0,0.0,0.0
U007758,airport_150,2025-09-10 22:43:00+08,B009867,2025-09-15 22:43:00+08,Thailand,T1,zh-TW,true,,false,false,0,0.0,0.0
U014289,airport_150,2025-10-15 17:53:00+08,B011778,2025-10-18 17:53:00+08,Hong Kong,T2,ja,true,,false,false,0,0.0,0.0
U017338,bundle_100_100,2025-10-07 07:40:00+08,B000957,2025-10-11 07:40:00+08,Japan,T2,ko,true,,false,false,0,0.0,0.0
U002800,bundle_100_100,2025-10-22 07:11:00+08,B016987,2025-10-26 07:11:00+08,Korea,T2,en,true,,false,false,0,0.0,0.0
U005653,control,2025-09-29 02:35:00+08,B009778,2025-09-30 02:35:00+08,Thailand,T2,ko,true,,false,false,0,0.0,0.0
U015142,airport_150,2025-09-13 21:44:00+08,B008223,2025-09-18 21:44:00+08,USA,T1,zh-TW,true,,false,false,0,0.0,0.0
U026283,bundle_100_100,2025-09-03 22:53:00+08,B017279,2025-09-08 22:53:00+08,Korea,T2,en,true,,false,false,0,0.0,0.0
U001988,control,2025-10-18 08:02:00+08,B001530,2025-10-20 08:02:00+08,Singapore,T2,en,true,,false,false,0,0.0,0.0
U014703,airport_150,2025-09-12 13:25:00+08,B014339,2025-09-16 13:25:00+08,Japan,T1,ja,true,,false,false,0,0.0,0.0
U022670,airport_150,2025-10-11 23:47:00+08,B003577,2025-10-12 23:47:00+08,Hong Kong,T1,zh-TW,true,,false,false,0,0.0,0.0
U024826,airport_150,2025-10-18 17:43:00+08,B009701,2025-10-23 17:43:00+08,Thailand,T1,ja,true,,false,false,0,0.0,0.0
U028209,airport_150,2025-09-02 05:14:00+08,B006629,2025-09-05 05:14:00+08,Japan,T2,ko,true,,false,false,0,0.0,0.0
U028818,airport_150,2025-10-03 10:31:00+08,B010526,2025-10-05 10:31:00+08,Singapore,T1,ko,true,,false,false,0,0.0,0.0
U011367,bundle_100_100,2025-10-05 11:53:00+08,B002702,2025-10-09 11:53:00+08,Korea,T1,en,true,,false,false,0,0.0,0.0
U019065,control,2025-09-08 12:30:00+08,B000990,2025-09-13 12:30:00+08,Japan,T1,ja,true,,false,false,0,0.0,0.0
U020461,bundle_100_100,2025-09-17 22:31:00+08,B003155,2025-09-18 22:31:00+08,USA,T2,ko,true,,false,false,0,0.0,0.0
U020863,control,2025-10-07 11:56:00+08,B005830,2025-10-10 11:56:00+08,Singapore,T1,ja,true,,false,false,0,0.0,0.0
U015344,control,2025-09-01 21:44:00+08,B008297,2025-09-02 21:44:00+08,Thailand,T2,ja,true,,false,false,0,0.0,0.0
U028576,bundle_100_100,2025-10-17 23:08:00+08,B011339,2025-10-19 23:08:00+08,Korea,T2,ko,true,,false,false,0,0.0,0.0
U002625,control,2025-10-15 20:28:00+08,B002675,2025-10-16 20:28:00+08,Thailand,T1,zh-TW,true,,false,false,0,0.0,0.0
U023943,airport_150,2025-09-23 06:37:00+08,B015299,2025-09-24 06:37:00+08,Hong Kong,T1,en,true,,false,false,0,0.0,0.0
U004032,bundle_100_100,2025-09-22 21:48:00+08,B014707,2025-09-23 21:48:00+08,Korea,T1,ko,true,,false,false,0,0.0,0.0
U005673,control,2025-10-03 19:51:00+08,B017202,2025-10-09 19:51:00+08,USA,T2,en,true,,false,false,0,0.0,0.0
U011636,bundle_100_100,2025-10-08 11:45:00+08,B015991,2025-10-13 11:45:00+08,Korea,T1,ja,true,,false,false,0,0.0,0.0
U016537,airport_150,2025-09-30 02:08:00+08,B002642,2025-10-04 02:08:00+08,USA,T2,zh-TW,true,,false,false,0,0.0,0.0
U022335,airport_150,2025-10-06 05:44:00+08,B007904,2025-10-12 05:44:00+08,Hong Kong,T2,ja,true,,false,false,0,0.0,0.0
U015304,bundle_100_100,2025-09-28 22:14:00+08,B015496,2025-09-30 22:14:00+08,Hong Kong,T1,en,true,,false,false,0,0.0,0.0
U011406,airport_150,2025-09-08 08:54:00+08,B000392,2025-09-14 08:54:00+08,Hong Kong,T1,ja,true,,false,false,0,0.0,0.0
U016211,airport_150,2025-09-26 02:15:00+08,B010268,2025-10-02 02:15:00+08,Thailand,T1,ja,true,,false,false,0,0.0,0.0
U003044,bundle_100_100,2025-09-14 09:38:00+08,B014079,2025-09-20 09:38:00+08,Korea,T1,en,true,,false,false,0,0.0,0.0
U006990,airport_150,2025-09-27 08:01:00+08,B007781,2025-09-30 08:01:00+08,USA,T1,zh-TW,true,,false,false,0,0.0,0.0
U012129,bundle_100_100,2025-09-04 22:10:00+08,B013198,2025-09-06 22:10:00+08,USA,T2,ja,true,,false,false,0,0.0,0.0
U005307,bundle_100_100,2025-10-11 06:56:00+08,B001141,2025-10-17 06:56:00+08,Korea,T1,zh-TW,true,,false,false,0,0.0,0.0
U015569,airport_150,2025-09-07 21:06:00+08,B005154,2025-09-11 21:06:00+08,USA,T1,en,true,,false,false,0,0.0,0.0
U015325,airport_150,2025-09-24 07:52:00+08,B009606,2025-09-30 07:52:00+08,Singapore,T1,en,true,,false,false,0,0.0,0.0
U017819,bundle_100_100,2025-10-13 08:08:00+08,B014604,2025-10-14 08:08:00+08,Singapore,T1,zh-TW,true,,false,false,0,0.0,0.0
U001154,airport_150,2025-10-12 07:00:00+08,B009349,2025-10-14 07:00:00+08,USA,T2,zh-TW,true,,false,false,0,0.0,0.0
U011890,control,2025-09-03 06:03:00+08,B009361,2025-09-06 06:03:00+08,USA,T2,zh-TW,true,,false,false,0,0.0,0.0
U017373,airport_150,2025-09-14 21:01:00+08,B005374,2025-09-18 21:01:00+08,Hong Kong,T2,ja,true,,false,false,0,0.0,0.0
U025073,airport_150,2025-10-04 03:27:00+08,B001046,2025-10-05 03:27:00+08,USA,T1,ja,true,,false,false,0,0.0,0.0
U026004,bundle_100_100,2025-09-04 22:07:00+08,B014324,2025-09-08 22:07:00+08,Japan,T1,zh-TW,true,,false,false,1,114.3,0.0
U021040,bundle_100_100,2025-10-02 21:06:00+08,B003363,2025-10-08 21:06:00+08,Singapore,T2,en,true,,false,false,0,0.0,0.0
U018964,bundle_100_100,2025-10-10 14:35:00+08,B017805,2025-10-13 14:35:00+08,Hong Kong,T2,en,true,,false,false,0,0.0,0.0
U028670,control,2025-09-12 22:24:00+08,B005605,2025-09-18 22:24:00+08,Korea,T1,ko,true,,false,false,0,0.0,0.0
U010061,airport_150,2025-10-01 23:06:00+08,B008918,2025-10-05 23:06:00+08,Thailand,T2,ko,true,,false,false,0,0.0,0.0
U015345,bundle_100_100,2025-10-12 03:17:00+08,B013964,2025-10-16 03:17:00+08,Singapore,T1,zh-TW,true,,false,false,0,0.0,0.0
U019268,control,2025-09-22 10:32:00+08,B003569,2025-09-27 10:32:00+08,Singapore,T1,zh-TW,true,,false,false,0,0.0,0.0
U007772,control,2025-09-03 22:10:00+08,B014569,2025-09-07 22:10:00+08,Japan,T1,zh-TW,true,,false,false,0,0.0,0.0
U021355,airport_150,2025-09-03 17:44:00+08,B016597,2025-09-06 17:44:00+08,Hong Kong,T2,ja,true,,false,false,0,0.0,0.0
U021784,airport_150,2025-10-09 06:20:00+08,B001788,2025-10-11 06:20:00+08,USA,T2,ko,true,,false,false,0,0.0,0.0
U013724,bundle_100_100,2025-09-27 16:55:00+08,B005487,2025-09-29 16:55:00+08,Thailand,T1,en,true,,false,false,0,0.0,0.0
U005894,airport_150,2025-09-21 05:03:00+08,B012253,2025-09-26 05:03:00+08,Thailand,T2,ja,true,,false,false,0,0.0,0.0
U015060,bundle_100_100,2025-10-08 20:02:00+08,B003013,2025-10-13 20:02:00+08,Singapore,T1,ja,true,,false,false,0,0.0,0.0
U026720,airport_150,2025-09-07 23:05:00+08,B016615,2025-09-09 23:05:00+08,Thailand,T2,ko,true,,false,false,0,0.0,0.0
U002716,airport_150,2025-10-11 04:54:00+08,B009597,2025-10-15 04:54:00+08,Hong Kong,T2,ko,true,,false,false,0,0.0,0.0
U010079,airport_150,2025-09-04 03:04:00+08,B011410,2025-09-09 03:04:00+08,Thailand,T1,en,true,,false,false,0,0.0,0.0
U001699,control,2025-10-09 05:49:00+08,B004949,2025-10-13 05:49:00+08,USA,T1,ja,true,,false,false,0,0.0,0.0
U026326,control,2025-10-13 20:34:00+08,B011995,2025-10-15 20:34:00+08,USA,T2,ja,true,,false,false,0,0.0,0.0
U009025,bundle_100_100,2025-09-16 05:18:00+08,B003307,2025-09-22 05:18:00+08,Hong Kong,T2,zh-TW,true,,false,false,0,0.0,0.0
U002496,bundle_100_100,2025-10-19 17:36:00+08,B015960,2025-10-22 17:36:00+08,Hong Kong,T1,ko,true,,false,false,0,0.0,0.0
U010759,airport_150,2025-09-06 23:21:00+08,B015825,2025-09-07 23:21:00+08,Singapore,T2,zh-TW,true,,false,false,0,0.0,0.0
U023243,bundle_100_100,2025-10-06 08:44:00+08,B014450,2025-10-10 08:44:00+08,Singapore,T2,zh-TW,true,,false,false,0,0.0,0.0
U024618,bundle_100_100,2025-09-30 15:32:00+08,B011394,2025-10-06 15:32:00+08,USA,T2,en,true,,false,false,0,0.0,0.0
U029398,airport_150,2025-09-06 16:52:00+08,B015567,2025-09-09 16:52:00+08,Japan,T2,zh-TW,true,,false,false,0,0.0,0.0
U001947,airport_150,2025-09-02 05:18:00+08,B003233,2025-09-08 05:18:00+08,Thailand,T1,ja,true,,false,false,0,0.0,0.0
U003825,airport_150,2025-10-23 20:39:00+08,B010490,2025-10-26 20:39:00+08,Singapore,T1,ja,true,,false,false,0,0.0,0.0
U021012,bundle_100_100,2025-10-10 07:04:00+08,B005427,2025-10-12 07:04:00+08,Singapore,T1,ko,true,,false,false,0,0.0,0.0
U023522,airport_150,2025-09-23 21:11:00+08,B016516,2025-09-24 21:11:00+08,Singapore,T2,ko,true,,false,false,0,0.0,0.0
U009044,bundle_100_100,2025-09-29 13:06:00+08,B003630,2025-09-30 13:06:00+08,Korea,T1,en,true,,false,false,0,0.0,0.0
U017514,airport_150,2025-09-25 06:18:00+08,B011502,2025-09-29 06:18:00+08,Korea,T2,en,true,,false,false,0,0.0,0.0
U019902,bundle_100_100,2025-09-14 00:45:00+08,B015975,2025-09-18 00:45:00+08,Singapore,T1,ko,true,,false,false,0,0.0,0.0
U028213,airport_150,2025-10-14 07:46:00+08,B011033,2025-10-19 07:46:00+08,USA,T1,zh-TW,true,,false,false,0,0.0,0.0
U029152,airport_150,2025-09-07 11:10:00+08,B008972,2025-09-11 11:10:00+08,Hong Kong,T2,zh-TW,true,,false,false,0,0.0,0.0
U013555,bundle_100_100,2025-09-16 05:45:00+08,B006918,2025-09-21 05:45:00+08,Thailand,T1,ja,true,,false,false,0,0.0,0.0
U019320,bundle_100_100,2025-09-25 13:58:00+08,B013149,2025-09-27 13:58:00+08,USA,T1,ko,true,,false,false,0,0.0,0.0
U026452,airport_150,2025-09-04 12:28:00+08,B003834,2025-09-05 12:28:00+08,Japan,T1,ja,true,,false,false,0,0.0,0.0
U027694,bundle_100_100,2025-09-02 21:27:00+08,B012134,2025-09-05 21:27:00+08,Singapore,T1,ja,true,,false,false,0,0.0,0.0
U006889,bundle_100_100,2025-10-19 08:34:00+08,B015287,2025-10-25 08:34:00+08,Singapore,T2,ja,true,,false,false,0,0.0,0.0
U007554,airport_150,2025-09-26 07:18:00+08,B009946,2025-09-28 07:18:00+08,Japan,T1,ja,true,,false,false,0,0.0,0.0
U013215,control,2025-09-16 11:27:00+08,B013140,2025-09-19 11:27:00+08,Hong Kong,T2,ja,true,,false,false,0,0.0,0.0
U012666,airport_150,2025-09-08 17:42:00+08,B006219,2025-09-11 17:42:00+08,Thailand,T2,zh-TW,true,,false,false,0,0.0,0.0
U014265,bundle_100_100,2025-09-12 22:02:00+08,B013551,2025-09-18 22:02:00+08,Japan,T1,en,true,,false,false,0,0.0,0.0
U023849,bundle_100_100,2025-09-30 14:42:00+08,B005029,2025-10-05 14:42:00+08,Japan,T2,ja,true,,false,false,0,0.0,0.0
U029214,airport_150,2025-09-14 13:35:00+08,B015965,2025-09-18 13:35:00+08,USA,T2,ja,true,,false,false,0,0.0,0.0
U009630,bundle_100_100,2025-09-28 01:19:00+08,B010898,2025-10-02 01:19:00+08,Hong Kong,T1,en,true,,false,false,0,0.0,0.0
U013347,bundle_100_100,2025-10-16 23:19:00+08,B000143,2025-10-21 23:19:00+08,Thailand,T2,en,true,,false,false,0,0.0,0.0
U028528,airport_150,2025-10-21 09:44:00+08,B008638,2025-10-22 09:44:00+08,USA,T1,zh-TW,true,,false,false,0,0.0,0.0
U015257,bundle_100_100,2025-09-26 11:17:00+08,B013507,2025-10-02 11:17:00+08,Singapore,T2,ko,true,,false,false,0,0.0,0.0
U017699,bundle_100_100,2025-09-25 16:08:00+08,B005949,2025-10-01 16:08:00+08,Thailand,T1,zh-TW,true,,false,false,0,0.0,0.0
U011768,airport_150,2025-09-11 21:34:00+08,B015810,2025-09-15 21:34:00+08,Hong Kong,T1,ja,true,,false,false,0,0.0,0.0
U005942,airport_150,2025-10-09 07:08:00+08,B008798,2025-10-10 07:08:00+08,Singapore,T2,ko,true,,false,false,0,0.0,0.0
U010318,airport_150,2025-09-14 21:56:00+08,B017844,2025-09-17 21:56:00+08,Singapore,T1,en,true,,false,false,0,0.0,0.0
U021441,control,2025-10-23 23:11:00+08,B013458,2025-10-26 23:11:00+08,Thailand,T2,en,true,,false,false,0,0.0,0.0
U025299,bundle_100_100,2025-10-20 08:16:00+08,B013795,2025-10-24 08:16:00+08,Thailand,T2,zh-TW,true,,false,false,0,0.0,0.0
U029453,bundle_100_100,2025-09-10 12:19:00+08,B007599,2025-09-13 12:19:00+08,Hong Kong,T1,ko,true,,false,false,0,0.0,0.0
U005191,bundle_100_100,2025-10-21 04:50:00+08,B009888,2025-10-26 04:50:00+08,Singapore,T2,ko,true,,false,false,1,211.79999999999998,0.0
U012111,bundle_100_100,2025-09-25 05:59:00+08,B002125,2025-09-29 05:59:00+08,Hong Kong,T2,en,true,,false,false,0,0.0,0.0
U018262,airport_150,2025-09-24 03:07:00+08,B009257,2025-09-29 03:07:00+08,USA,T2,zh-TW,true,,false,false,0,0.0,0.0
U026575,bundle_100_100,2025-09-26 07:47:00+08,B003901,2025-10-02 07:47:00+08,Thailand,T2,zh-TW,true,,false,false,0,0.0,0.0
U007783,airport_150,2025-10-06 19:15:00+08,B008200,2025-10-07 19:15:00+08,Korea,T2,zh-TW,true,,false,false,0,0.0,0.0
U025411,airport_150,2025-10-13 11:52:00+08,B001520,2025-10-19 11:52:00+08,USA,T2,zh-TW,true,,false,false,0,0.0,0.0
U027060,control,2025-09-07 14:18:00+08,B007865,2025-09-10 14:18:00+08,Korea,T2,ja,true,,false,false,0,0.0,0.0
U005359,bundle_100_100,2025-10-02 21:58:00+08,B016265,2025-10-03 21:58:00+08,Thailand,T2,zh-TW,true,,false,false,0,0.0,0.0
U021205,bundle_100_100,2025-09-24 09:33:00+08,B013947,2025-09-29 09:33:00+08,Korea,T1,ko,true,,false,false,0,0.0,0.0
U002890,airport_150,2025-10-17 16:42:00+08,B017146,2025-10-19 16:42:00+08,Thailand,T2,zh-TW,true,,false,false,0,0.0,0.0
U012491,airport_150,2025-10-11 07:15:00+08,B001941,2025-10-12 07:15:00+08,Hong Kong,T1,ko,true,,false,false,1,32.4,0.0
U004287,bundle_100_100,2025-09-19 16:53:00+08,B010389,2025-09-20 16:53:00+08,Korea,T1,ja,true,,false,false,1,276.3,0.0
U022198,bundle_100_100,2025-09-23 00:01:00+08,B017663,2025-09-29 00:01:00+08,Japan,T1,ko,true,,false,false,0,0.0,0.0
U026547,airport_150,2025-09-05 23:47:00+08,B011075,2025-09-07 23:47:00+08,Hong Kong,T1,ja,true,,false,false,0,0.0,0.0
U019397,bundle_100_100,2025-09-02 09:37:00+08,B006470,2025-09-03 09:37:00+08,USA,T2,en,true,,false,false,0,0.0,0.0
U020318,bundle_100_100,2025-10-18 02:14:00+08,B014420,2025-10-22 02:14:00+08,Singapore,T2,en,true,,false,false,0,0.0,0.0
U027204,control,2025-10-09 23:57:00+08,B004980,2025-10-12 23:57:00+08,Singapore,T2,ko,true,,false,false,0,0.0,0.0
U000936,bundle_100_100,2025-10-11 07:11:00+08,B012023,2025-10-17 07:11:00+08,Thailand,T2,en,true,,false,false,0,0.0,0.0
U019547,control,2025-09-13 11:39:00+08,B004591,2025-09-19 11:39:00+08,Thailand,T1,en,true,,false,false,0,0.0,0.0
U001440,airport_150,2025-10-20 23:53:00+08,B014796,2025-10-25 23:53:00+08,Thailand,T2,en,true,,false,false,0,0.0,0.0
U004973,airport_150,2025-09-27 06:50:00+08,B014655,2025-10-02 06:50:00+08,Korea,T1,en,true,,false,false,0,0.0,0.0
U018060,control,2025-10-21 08:39:00+08,B008731,2025-10-26 08:39:00+08,Korea,T1,en,true,,false,false,0,0.0,0.0
U026860,bundle_100_100,2025-10-17 19:15:00+08,B015150,2025-10-21 19:15:00+08,Korea,T2,ja,true,,false,false,0,0.0,0.0
U005070,control,2025-09-10 21:26:00+08,B009282,2025-09-12 21:26:00+08,USA,T1,en,true,,false,false,0,0.0,0.0
U029109,bundle_100_100,2025-10-04 07:05:00+08,B013209,2025-10-05 07:05:00+08,Thailand,T2,zh-TW,true,,false,false,0,0.0,0.0
U005541,bundle_100_100,2025-09-26 05:44:00+08,B015808,2025-09-27 05:44:00+08,Korea,T1,en,true,,false,false,0,0.0,0.0
U018433,control,2025-09-25 20:58:00+08,B001132,2025-09-27 20:58:00+08,Hong Kong,T1,ko,true,,false,false,0,0.0,0.0
U009996,airport_150,2025-10-12 04:13:00+08,B003068,2025-10-17 04:13:00+08,Hong Kong,T1,ja,true,,false,false,0,0.0,0.0
U020651,bundle_100_100,2025-09-24 02:54:00+08,B001240,2025-09-25 02:54:00+08,Singapore,T1,ja,true,,false,false,0,0.0,0.0
U021286,bundle_100_100,2025-10-06 20:10:00+08,B017634,2025-10-07 20:10:00+08,Hong Kong,T2,ja,true,,false,false,0,0.0,0.0
U015387,airport_150,2025-10-15 05:45:00+08,B000386,2025-10-16 05:45:00+08,Japan,T2,ja,true,,false,false,0,0.0,0.0
U022402,bundle_100_100,2025-10-13 13:15:00+08,B000489,2025-10-17 13:15:00+08,USA,T1,ko,true,,false,false,0,0.0,0.0
U025875,airport_150,2025-09-05 21:56:00+08,B008663,2025-09-08 21:56:00+08,USA,T2,ja,true,,false,false,0,0.0,0.0
U027561,bundle_100_100,2025-10-21 09:27:00+08,B017955,2025-10-26 09:27:00+08,Thailand,T2,en,true,,false,false,0,0.0,0.0
U019777,control,2025-10-12 08:27:00+08,B008715,2025-10-17 08:27:00+08,Thailand,T1,ja,true,,false,false,0,0.0,0.0
U021707,airport_150,2025-09-06 22:08:00+08,B013042,2025-09-09 22:08:00+08,Hong Kong,T1,zh-TW,true,,false,false,0,0.0,0.0
U015560,bundle_100_100,2025-09-15 16:17:00+08,B010513,2025-09-18 16:17:00+08,Hong Kong,T1,zh-TW,true,,false,false,0,0.0,0.0
U023113,airport_150,2025-09-02 07:01:00+08,B014012,2025-09-04 07:01:00+08,USA,T1,zh-TW,true,,false,false,0,0.0,0.0
U024412,bundle_100_100,2025-09-23 08:46:00+08,B011544,2025-09-25 08:46:00+08,Japan,T2,zh-TW,true,,false,false,0,0.0,0.0
U026345,bundle_100_100,2025-10-12 14:28:00+08,B010937,2025-10-18 14:28:00+08,Japan,T2,en,true,,false,false,0,0.0,0.0
U028366,airport_150,2025-10-10 01:21:00+08,B007525,2025-10-14 01:21:00+08,Thailand,T2,ko,true,,false,false,0,0.0,0.0
U001451,bundle_100_100,2025-10-08 00:50:00+08,B006907,2025-10-11 00:50:00+08,Thailand,T1,en,true,,false,false,0,0.0,0.0
U004976,airport_150,2025-09-22 22:51:00+08,B009627,2025-09-23 22:51:00+08,Japan,T2,en,true,,false,false,0,0.0,0.0
U011273,bundle_100_100,2025-09-12 21:52:00+08,B016738,2025-09-14 21:52:00+08,Hong Kong,T2,zh-TW,true,,false,false,0,0.0,0.0
U024192,airport_150,2025-10-18 15:18:00+08,B015238,2025-10-24 15:18:00+08,Korea,T1,ko,true,,false,false,0,0.0,0.0
U025368,airport_150,2025-10-06 20:47:00+08,B010654,2025-10-07 20:47:00+08,Thailand,T2,ja,true,,false,false,0,0.0,0.0
U025748,bundle_100_100,2025-09-23 06:17:00+08,B007711,2025-09-25 06:17:00+08,Korea,T1,ko,true,,false,false,0,0.0,0.0
U024504,bundle_100_100,2025-09-17 22:26:00+08,B007329,2025-09-20 22:26:00+08,Japan,T1,ko,true,,false,false,0,0.0,0.0
U010235,bundle_100_100,2025-10-11 06:17:00+08,B006685,2025-10-12 06:17:00+08,Hong Kong,T1,ja,true,,false,false,0,0.0,0.0
U011452,bundle_100_100,2025-09-14 20:58:00+08,B015321,2025-09-19 20:58:00+08,USA,T2,ja,true,,false,false,0,0.0,0.0
U015321,airport_150,2025-10-07 22:23:00+08,B012052,2025-10-08 22:23:00+08,Hong Kong,T1,ko,true,,false,false,0,0.0,0.0
U007150,bundle_100_100,2025-09-01 08:26:00+08,B004073,2025-09-05 08:26:00+08,Korea,T2,zh-TW,true,,false,false,0,0.0,0.0
U016681,airport_150,2025-09-01 09:00:00+08,B012966,2025-09-03 09:00:00+08,Hong Kong,T1,zh-TW,true,,false,false,0,0.0,0.0
U024531,airport_150,2025-10-13 21:19:00+08,B009139,2025-10-19 21:19:00+08,Singapore,T1,zh-TW,true,,false,false,0,0.0,0.0
U022227,bundle_100_100,2025-09-13 04:14:00+08,B011278,2025-09-17 04:14:00+08,Thailand,T2,ja,true,,false,false,0,0.0,0.0
U027669,airport_150,2025-09-02 03:35:00+08,B010737,2025-09-06 03:35:00+08,USA,T2,zh-TW,true,,false,false,1,249.6,0.0
U005182,airport_150,2025-10-02 20:37:00+08,B007607,2025-10-03 20:37:00+08,Hong Kong,T1,ko,true,,false,false,0,0.0,0.0
U012114,bundle_100_100,2025-09-20 06:09:00+08,B014153,2025-09-24 06:09:00+08,Hong Kong,T2,ja,true,,false,false,0,0.0,0.0
U013112,bundle_100_100,2025-09-03 21:11:00+08,B011197,2025-09-05 21:11:00+08,USA,T2,ko,true,,false,false,0,0.0,0.0
U016418,control,2025-09-26 00:15:00+08,B006461,2025-09-30 00:15:00+08,Hong Kong,T1,en,true,,false,false,0,0.0,0.0
U014454,bundle_100_100,2025-09-11 07:49:00+08,B012988,2025-09-15 07:49:00+08,USA,T1,en,true,,false,false,0,0.0,0.0
U016161,control,2025-09-16 14:56:00+08,B015371,2025-09-22 14:56:00+08,Thailand,T1,ja,true,,false,false,0,0.0,0.0
U002395,bundle_100_100,2025-09-27 23:35:00+08,B013712,2025-10-02 23:35:00+08,Singapore,T1,ja,true,,false,false,0,0.0,0.0
U012873,control,2025-10-04 22:35:00+08,B009451,2025-10-08 22:35:00+08,Thailand,T2,ja,true,,false,false,0,0.0,0.0
U019580,airport_150,2025-09-10 11:35:00+08,B014266,2025-09-12 11:35:00+08,Hong Kong,T1,ko,true,,false,false,0,0.0,0.0
U027740,control,2025-09-15 10:58:00+08,B010794,2025-09-16 10:58:00+08,Japan,T1,ko,true,,false,false,0,0.0,0.0
U002653,airport_150,2025-10-16 18:45:00+08,B016314,2025-10-22 18:45:00+08,Thailand,T2,en,true,,false,false,0,0.0,0.0
U005697,bundle_100_100,2025-09-11 20:49:00+08,B008243,2025-09-16 20:49:00+08,Singapore,T1,zh-TW,true,,false,false,0,0.0,0.0
U010887,airport_150,2025-09-09 12:49:00+08,B000350,2025-09-12 12:49:00+08,USA,T2,en,true,,false,false,0,0.0,0.0
U014448,control,2025-10-08 06:30:00+08,B001777,2025-10-11 06:30:00+08,Japan,T1,en,true,,false,false,0,0.0,0.0
U023843,airport_150,2025-09-26 06:10:00+08,B016252,2025-09-30 06:10:00+08,Korea,T1,ja,true,,false,false,0,0.0,0.0
U026076,airport_150,2025-10-03 09:23:00+08,B012207,2025-10-05 09:23:00+08,Hong Kong,T2,ko,true,,false,false,0,0.0,0.0
U012625,airport_150,2025-10-11 04:07:00+08,B008130,2025-10-12 04:07:00+08,Hong Kong,T2,ja,true,,false,false,0,0.0,0.0
U015217,airport_150,2025-09-11 21:49:00+08,B016566,2025-09-16 21:49:00+08,Korea,T1,zh-TW,true,,false,false,0,0.0,0.0
U018638,bundle_100_100,2025-10-19 05:47:00+08,B003963,2025-10-25 05:47:00+08,Korea,T2,en,true,,false,false,0,0.0,0.0
U021587,airport_150,2025-10-03 10:13:00+08,B003162,2025-10-09 10:13:00+08,Thailand,T1,zh-TW,true,,false,false,0,0.0,0.0
U014242,airport_150,2025-09-19 04:38:00+08,B011349,2025-09-23 04:38:00+08,Thailand,T2,zh-TW,true,,false,false,0,0.0,0.0
U021659,bundle_100_100,2025-09-06 22:05:00+08,B013849,2025-09-09 22:05:00+08,Japan,T1,en,true,,false,false,0,0.0,0.0
U010283,airport_150,2025-09-22 12:02:00+08,B002582,2025-09-23 12:02:00+08,Thailand,T2,ko,true,,false,false,0,0.0,0.0
U016478,airport_150,2025-09-06 12:10:00+08,B010960,2025-09-07 12:10:00+08,USA,T1,ko,true,,false,false,0,0.0,0.0
U027300,airport_150,2025-09-27 05:53:00+08,B000300,2025-09-30 05:53:00+08,Hong Kong,T2,en,true,,false,false,0,0.0,0.0
U022486,airport_150,2025-09-12 01:52:00+08,B000708,2025-09-16 01:52:00+08,Thailand,T1,en,true,,false,false,0,0.0,0.0
U028684,airport_150,2025-09-18 05:01:00+08,B017023,2025-09-23 05:01:00+08,Thailand,T1,ko,true,,false,false,0,0.0,0.0
U004129,bundle_100_100,2025-09-01 07:03:00+08,B002625,2025-09-02 07:03:00+08,USA,T2,zh-TW,true,,false,false,0,0.0,0.0
U012322,control,2025-10-25 05:57:00+08,B012981,2025-10-26 05:57:00+08,Singapore,T2,zh-TW,true,,false,false,0,0.0,0.0
U028774,airport_150,2025-09-25 17:50:00+08,B007779,2025-09-29 17:50:00+08,Japan,T1,ja,true,,false,false,0,0.0,0.0
U011806,airport_150,2025-09-17 15:47:00+08,B010046,2025-09-19 15:47:00+08,Korea,T2,zh-TW,true,,false,false,0,0.0,0.0
U024603,bundle_100_100,2025-09-14 00:13:00+08,B013297,2025-09-20 00:13:00+08,Korea,T1,ja,true,,false,false,0,0.0,0.0
U010036,bundle_100_100,2025-10-09 05:15:00+08,B001103,2025-10-11 05:15:00+08,Singapore,T1,en,true,,false,false,0,0.0,0.0
U004361,bundle_100_100,2025-10-20 17:03:00+08,B004673,2025-10-22 17:03:00+08,Hong Kong,T1,zh-TW,true,,false,false,0,0.0,0.0
U005536,airport_150,2025-10-16 10:46:00+08,B014098,2025-10-20 10:46:00+08,Japan,T1,zh-TW,true,,false,false,0,0.0,0.0
U001981,airport_150,2025-10-22 04:28:00+08,B014803,2025-10-23 04:28:00+08,USA,T1,zh-TW,true,,false,false,0,0.0,0.0
U004433,control,2025-09-27 08:47:00+08,B012067,2025-10-02 08:47:00+08,Korea,T1,ko,true,,false,false,0,0.0,0.0
U017470,airport_150,2025-10-01 09:52:00+08,B008399,2025-10-06 09:52:00+08,Singapore,T2,zh-TW,true,,false,false,0,0.0,0.0
U010171,bundle_100_100,2025-10-05 15:53:00+08,B001549,2025-10-10 15:53:00+08,Singapore,T1,ja,true,,false,false,0,0.0,0.0
U014465,bundle_100_100,2025-09-23 13:53:00+08,B012089,2025-09-29 13:53:00+08,Japan,T1,ja,true,,false,false,0,0.0,0.0
U028514,bundle_100_100,2025-09-22 06:24:00+08,B008653,2025-09-24 06:24:00+08,Hong Kong,T1,zh-TW,true,,false,false,0,0.0,0.0
U011997,airport_150,2025-09-01 09:00:00+08,B015449,2025-09-04 09:00:00+08,Korea,T2,ja,true,,false,false,0,0.0,0.0
U023003,bundle_100_100,2025-09-10 07:35:00+08,B005017,2025-09-14 07:35:00+08,Thailand,T1,en,true,,false,false,0,0.0,0.0
U010646,bundle_100_100,2025-10-08 05:49:00+08,B000146,2025-10-10 05:49:00+08,Thailand,T2,ja,true,,false,false,0,0.0,0.0
U027690,control,2025-10-03 21:12:00+08,B014391,2025-10-09 21:12:00+08,Singapore,T1,ja,true,,false,false,0,0.0,0.0
U012099,airport_150,2025-09-24 20:09:00+08,B004369,2025-09-29 20:09:00+08,Korea,T1,ja,true,,false,false,0,0.0,0.0
U015182,airport_150,2025-09-16 08:55:00+08,B011514,2025-09-17 08:55:00+08,Thailand,T2,ko,true,,false,false,0,0.0,0.0
U005774,bundle_100_100,2025-09-25 13:22:00+08,B014228,2025-09-26 13:22:00+08,Korea,T1,zh-TW,true,,false,false,0,0.0,0.0
U018830,bundle_100_100,2025-09-14 22:40:00+08,B009154,2025-09-18 22:40:00+08,Singapore,T2,en,true,,false,false,0,0.0,0.0
U018776,airport_150,2025-10-01 06:02:00+08,B013988,2025-10-03 06:02:00+08,Thailand,T1,zh-TW,true,,false,false,0,0.0,0.0
U027225,airport_150,2025-10-06 09:05:00+08,B014582,2025-10-09 09:05:00+08,Hong Kong,T2,zh-TW,true,,false,false,0,0.0,0.0
U028082,bundle_100_100,2025-10-18 21:19:00+08,B007056,2025-10-21 21:19:00+08,Singapore,T2,ko,true,,false,false,0,0.0,0.0
U003609,airport_150,2025-09-22 11:35:00+08,B000726,2025-09-28 11:35:00+08,Japan,T2,zh-TW,true,,false,false,0,0.0,0.0
U007401,airport_150,2025-09-08 23:25:00+08,B006649,2025-09-09 23:25:00+08,Singapore,T1,ko,true,,false,false,0,0.0,0.0
U012780,bundle_100_100,2025-10-11 10:52:00+08,B011707,2025-10-13 10:52:00+08,USA,T2,en,true,,false,false,1,75.0,0.0
U025661,bundle_100_100,2025-09-10 14:51:00+08,B009270,2025-09-12 14:51:00+08,Japan,T2,zh-TW,true,,false,false,0,0.0,0.0
U020544,bundle_100_100,2025-09-05 01:59:00+08,B016681,2025-09-11 01:59:00+08,Japan,T1,zh-TW,true,,false,false,0,0.0,0.0
U021962,airport_150,2025-10-07 23:31:00+08,B014652,2025-10-09 23:31:00+08,Japan,T2,en,true,,false,false,0,0.0,0.0
U013119,bundle_100_100,2025-09-06 21:52:00+08,B007220,2025-09-07 21:52:00+08,Japan,T1,en,true,,false,false,0,0.0,0.0
U000848,airport_150,2025-09-28 20:58:00+08,B014205,2025-09-30 20:58:00+08,Thailand,T2,ja,true,,false,false,0,0.0,0.0
U025253,bundle_100_100,2025-10-03 07:32:00+08,B000073,2025-10-08 07:32:00+08,USA,T1,zh-TW,true,,false,false,0,0.0,0.0
U004587,airport_150,2025-10-16 22:48:00+08,B009083,2025-10-21 22:48:00+08,Japan,T2,ko,true,,false,false,0,0.0,0.0
U012082,airport_150,2025-10-05 20:29:00+08,B012972,2025-10-08 20:29:00+08,Korea,T1,zh-TW,true,,false,false,0,0.0,0.0
U013544,airport_150,2025-09-01 22:37:00+08,B012541,2025-09-06 22:37:00+08,Hong Kong,T1,en,true,,false,false,0,0.0,0.0
U019360,bundle_100_100,2025-10-08 17:58:00+08,B002805,2025-10-14 17:58:00+08,Japan,T2,ja,true,,false,false,0,0.0,0.0
U021888,control,2025-09-22 16:50:00+08,B015166,2025-09-26 16:50:00+08,Japan,T1,ja,true,,false,false,1,70.2,0.0
U002774,bundle_100_100,2025-09-28 07:47:00+08,B016731,2025-09-30 07:47:00+08,Singapore,T2,en,true,,false,false,0,0.0,0.0
U020661,bundle_100_100,2025-09-19 05:46:00+08,B007235,2025-09-20 05:46:00+08,Korea,T1,zh-TW,true,,false,false,0,0.0,0.0
U016825,bundle_100_100,2025-10-10 05:02:00+08,B016540,2025-10-11 05:02:00+08,Singapore,T1,en,true,,false,false,0,0.0,0.0
U016498,bundle_100_100,2025-09-26 06:46:00+08,B008034,2025-09-28 06:46:00+08,Singapore,T2,en,true,,false,false,0,0.0,0.0
U001683,bundle_100_100,2025-09-30 07:37:00+08,B000961,2025-10-02 07:37:00+08,Thailand,T2,en,true,,false,false,0,0.0,0.0
U005343,airport_150,2025-09-12 05:15:00+08,B014590,2025-09-16 05:15:00+08,Japan,T2,zh-TW,true,,false,false,0,0.0,0.0
U006416,bundle_100_100,2025-09-23 01:42:00+08,B002572,2025-09-24 01:42:00+08,Singapore,T1,ja,true,,false,false,0,0.0,0.0
U012613,airport_150,2025-09-15 05:42:00+08,B001749,2025-09-18 05:42:00+08,USA,T1,ko,true,,false,false,0,0.0,0.0
U017862,bundle_100_100,2025-10-05 10:54:00+08,B015226,2025-10-08 10:54:00+08,Korea,T2,en,true,,false,false,0,0.0,0.0
U005761,airport_150,2025-09-01 07:23:00+08,B003926,2025-09-06 07:23:00+08,Hong Kong,T1,ja,true,,false,false,0,0.0,0.0
U007553,bundle_100_100,2025-10-14 09:51:00+08,B004732,2025-10-17 09:51:00+08,Korea,T2,ja,true,,false,false,0,0.0,0.0
U016486,bundle_100_100,2025-09-14 20:14:00+08,B003226,2025-09-16 20:14:00+08,Hong Kong,T1,zh-TW,true,,false,false,0,0.0,0.0
U015469,airport_150,2025-09-14 22:48:00+08,B004460,2025-09-15 22:48:00+08,Korea,T1,ko,true,,false,false,0,0.0,0.0
U015461,airport_150,2025-09-03 12:43:00+08,B015213,2025-09-05 12:43:00+08,USA,T2,ja,true,,false,false,0,0.0,0.0
U027256,airport_150,2025-09-15 23:08:00+08,B016740,2025-09-18 23:08:00+08,Thailand,T2,ja,true,,false,false,0,0.0,0.0
U024297,airport_150,2025-10-05 23:43:00+08,B005901,2025-10-10 23:43:00+08,Thailand,T2,zh-TW,true,,false,false,0,0.0,0.0
U025199,bundle_100_100,2025-09-23 17:38:00+08,B004565,2025-09-26 17:38:00+08,Hong Kong,T2,ko,true,,false,false,0,0.0,0.0
U004755,airport_150,2025-09-28 01:44:00+08,B012097,2025-09-30 01:44:00+08,Singapore,T2,ja,true,,false,false,0,0.0,0.0
U007262,control,2025-09-09 22:05:00+08,B008703,2025-09-13 22:05:00+08,USA,T1,ja,true,,false,false,0,0.0,0.0
U013614,airport_150,2025-09-26 08:27:00+08,B009384,2025-09-27 08:27:00+08,USA,T1,ja,true,,false,false,0,0.0,0.0
U000915,airport_150,2025-10-11 07:11:00+08,B016125,2025-10-12 07:11:00+08,Hong Kong,T2,ja,true,,false,false,0,0.0,0.0
U012171,bundle_100_100,2025-09-16 08:13:00+08,B007018,2025-09-19 08:13:00+08,Hong Kong,T1,en,true,,false,false,0,0.0,0.0
U012092,airport_150,2025-09-04 22:56:00+08,B007679,2025-09-08 22:56:00+08,Korea,T2,en,true,,false,false,0,0.0,0.0
U015431,control,2025-10-18 00:48:00+08,B006478,2025-10-19 00:48:00+08,Singapore,T2,ko,true,,false,false,0,0.0,0.0
U028133,bundle_100_100,2025-09-22 04:56:00+08,B010056,2025-09-27 04:56:00+08,Korea,T1,ko,true,,false,false,0,0.0,0.0
U008332,bundle_100_100,2025-09-16 16:52:00+08,B002746,2025-09-18 16:52:00+08,Korea,T1,ko,true,,false,false,0,0.0,0.0
U016287,bundle_100_100,2025-09-26 12:27:00+08,B015056,2025-10-01 12:27:00+08,Singapore,T1,ja,true,,false,false,0,0.0,0.0
U017590,bundle_100_100,2025-10-11 07:34:00+08,B010030,2025-10-17 07:34:00+08,Thailand,T2,ko,true,,false,false,0,0.0,0.0
U002198,bundle_100_100,2025-10-20 22:05:00+08,B009809,2025-10-21 22:05:00+08,USA,T2,zh-TW,true,,false,false,0,0.0,0.0
U008854,bundle_100_100,2025-10-09 04:30:00+08,B011641,2025-10-14 04:30:00+08,Hong Kong,T2,ja,true,,false,false,0,0.0,0.0
U009620,airport_150,2025-09-01 07:34:00+08,B003211,2025-09-03 07:34:00+08,Japan,T1,en,true,,false,false,0,0.0,0.0
U019723,control,2025-10-25 22:55:00+08,B012186,2025-10-26 22:55:00+08,Japan,T1,ja,true,,false,false,0,0.0,0.0
U019565,bundle_100_100,2025-09-29 07:19:00+08,B000796,2025-10-02 07:19:00+08,Hong Kong,T2,zh-TW,true,,false,false,0,0.0,0.0
U015183,bundle_100_100,2025-09-06 23:37:00+08,B010918,2025-09-11 23:37:00+08,Korea,T1,ja,true,,false,false,0,0.0,0.0
U017906,bundle_100_100,2025-09-21 22:51:00+08,B016090,2025-09-23 22:51:00+08,Japan,T2,en,true,,false,false,0,0.0,0.0
U019621,bundle_100_100,2025-10-18 15:40:00+08,B003613,2025-10-23 15:40:00+08,Korea,T2,ko,true,,false,false,0,0.0,0.0
U029884,airport_150,2025-09-14 05:27:00+08,B011407,2025-09-16 05:27:00+08,Thailand,T2,ja,true,,false,false,0,0.0,0.0
U012681,bundle_100_100,2025-09-10 20:09:00+08,B003503,2025-09-11 20:09:00+08,Thailand,T2,ja,true,,false,false,0,0.0,0.0
U015699,airport_150,2025-09-24 11:39:00+08,B005335,2025-09-25 11:39:00+08,USA,T1,zh-TW,true,,false,false,0,0.0,0.0
U025931,bundle_100_100,2025-09-14 07:24:00+08,B015464,2025-09-19 07:24:00+08,Korea,T2,zh-TW,true,,false,false,0,0.0,0.0
U006733,airport_150,2025-09-10 22:59:00+08,B015171,2025-09-13 22:59:00+08,USA,T1,en,true,,false,false,0,0.0,0.0
U012231,bundle_100_100,2025-10-10 14:43:00+08,B010596,2025-10-16 14:43:00+08,Korea,T1,ja,true,,false,false,0,0.0,0.0
U019545,airport_150,2025-09-12 08:46:00+08,B006536,2025-09-17 08:46:00+08,USA,T1,en,true,,false,false,0,0.0,0.0
U025500,airport_150,2025-10-08 23:30:00+08,B012578,2025-10-10 23:30:00+08,Japan,T2,ko,true,,false,false,0,0.0,0.0
U016051,bundle_100_100,2025-09-05 17:27:00+08,B009675,2025-09-09 17:27:00+08,Singapore,T1,ja,true,,false,false,0,0.0,0.0
U018159,bundle_100_100,2025-10-22 18:04:00+08,B014002,2025-10-23 18:04:00+08,Japan,T2,ja,true,,false,false,0,0.0,0.0
U002251,airport_150,2025-09-09 21:52:00+08,B006904,2025-09-11 21:52:00+08,Thailand,T2,ja,true,,false,false,0,0.0,0.0
U002562,airport_150,2025-09-29 06:05:00+08,B011901,2025-09-30 06:05:00+08,Korea,T1,en,true,,false,false,0,0.0,0.0
U004344,bundle_100_100,2025-09-30 22:25:00+08,B012498,2025-10-01 22:25:00+08,Japan,T1,zh-TW,true,,false,false,0,0.0,0.0
U010820,bundle_100_100,2025-09-02 08:44:00+08,B000128,2025-09-03 08:44:00+08,Japan,T2,ja,true,,false,false,0,0.0,0.0
U010311,bundle_100_100,2025-09-20 23:58:00+08,B000076,2025-09-23 23:58:00+08,Hong Kong,T2,ja,true,,false,false,0,0.0,0.0
U021458,control,2025-09-06 21:03:00+08,B017484,2025-09-07 21:03:00+08,Japan,T2,en,true,,false,false,0,0.0,0.0
U025950,bundle_100_100,2025-09-16 19:48:00+08,B014458,2025-09-22 19:48:00+08,Singapore,T2,ko,true,,false,false,0,0.0,0.0
U012808,bundle_100_100,2025-09-13 18:29:00+08,B004054,2025-09-18 18:29:00+08,Korea,T1,ko,true,,false,false,0,0.0,0.0
U018077,control,2025-09-25 10:46:00+08,B008721,2025-09-30 10:46:00+08,USA,T2,zh-TW,true,,false,false,0,0.0,0.0
U000177,airport_150,2025-09-26 05:18:00+08,B016232,2025-09-30 05:18:00+08,USA,T1,en,true,,false,false,1,264.59999999999997,0.0
U015404,airport_150,2025-10-19 12:40:00+08,B010477,2025-10-20 12:40:00+08,Korea,T2,en,true,,false,false,0,0.0,0.0
U015930,control,2025-10-10 06:15:00+08,B015796,2025-10-16 06:15:00+08,Hong Kong,T1,zh-TW,true,,false,false,0,0.0,0.0
U007826,airport_150,2025-09-16 02:02:00+08,B001639,2025-09-17 02:02:00+08,Hong Kong,T1,ko,true,,false,false,0,0.0,0.0
U008328,bundle_100_100,2025-10-10 20:19:00+08,B010029,2025-10-16 20:19:00+08,USA,T2,en,true,,false,false,0,0.0,0.0
U017049,airport_150,2025-10-18 09:25:00+08,B001858,2025-10-19 09:25:00+08,Korea,T2,zh-TW,true,,false,false,0,0.0,0.0
U004833,airport_150,2025-10-04 20:15:00+08,B017392,2025-10-05 20:15:00+08,Japan,T2,ko,true,,false,false,0,0.0,0.0
U015891,airport_150,2025-09-26 12:49:00+08,B000031,2025-09-27 12:49:00+08,Singapore,T1,zh-TW,true,,false,false,0,0.0,0.0
U012910,bundle_100_100,2025-09-16 05:36:00+08,B008232,2025-09-19 05:36:00+08,Thailand,T2,ja,true,,false,false,0,0.0,0.0
U019355,bundle_100_100,2025-09-26 00:55:00+08,B007019,2025-09-29 00:55:00+08,Singapore,T2,zh-TW,true,,false,false,0,0.0,0.0
U021906,bundle_100_100,2025-09-19 17:30:00+08,B015892,2025-09-23 17:30:00+08,Singapore,T1,en,true,,false,false,0,0.0,0.0
U022015,airport_150,2025-09-05 07:38:00+08,B001720,2025-09-09 07:38:00+08,Hong Kong,T2,ko,true,,false,false,1,60.599999999999994,0.0
U017324,bundle_100_100,2025-10-13 08:10:00+08,B006772,2025-10-18 08:10:00+08,Thailand,T1,en,true,,false,false,0,0.0,0.0
U025968,airport_150,2025-09-30 22:58:00+08,B006380,2025-10-05 22:58:00+08,Singapore,T2,en,true,,false,false,0,0.0,0.0
U026161,bundle_100_100,2025-10-21 13:49:00+08,B009138,2025-10-22 13:49:00+08,Korea,T2,ja,true,,false,false,0,0.0,0.0
U014134,bundle_100_100,2025-10-18 08:26:00+08,B006247,2025-10-19 08:26:00+08,USA,T1,ko,true,,false,false,0,0.0,0.0
U015008,bundle_100_100,2025-10-24 17:23:00+08,B006466,2025-10-25 17:23:00+08,Korea,T1,en,true,,false,false,0,0.0,0.0
U001024,bundle_100_100,2025-09-28 06:29:00+08,B013058,2025-09-29 06:29:00+08,Japan,T1,ja,true,,false,false,0,0.0,0.0
U017394,bundle_100_100,2025-09-29 03:10:00+08,B005583,2025-09-30 03:10:00+08,USA,T2,ko,true,,false,false,0,0.0,0.0
U019962,bundle_100_100,2025-09-16 08:48:00+08,B013973,2025-09-17 08:48:00+08,USA,T1,zh-TW,true,,false,false,0,0.0,0.0
U026839,control,2025-10-11 08:48:00+08,B005945,2025-10-16 08:48:00+08,Korea,T1,ja,true,,false,false,0,0.0,0.0
U001415,airport_150,2025-10-15 20:09:00+08,B002765,2025-10-20 20:09:00+08,Korea,T1,ko,true,,false,false,0,0.0,0.0
U006900,airport_150,2025-09-24 06:38:00+08,B001960,2025-09-28 06:38:00+08,Korea,T1,ja,true,,false,false,0,0.0,0.0
U019674,bundle_100_100,2025-10-03 23:32:00+08,B007809,2025-10-04 23:32:00+08,Hong Kong,T2,ko,true,,false,false,0,0.0,0.0
U025390,bundle_100_100,2025-09-12 10:55:00+08,B010852,2025-09-17 10:55:00+08,Japan,T2,ko,true,,false,false,0,0.0,0.0
U029030,bundle_100_100,2025-10-03 17:04:00+08,B012425,2025-10-08 17:04:00+08,Japan,T1,en,true,,false,false,0,0.0,0.0
U022268,bundle_100_100,2025-10-16 05:47:00+08,B002485,2025-10-22 05:47:00+08,USA,T2,ja,true,,false,false,0,0.0,0.0
U028614,airport_150,2025-09-19 11:53:00+08,B017285,2025-09-24 11:53:00+08,Hong Kong,T2,ko,true,,false,false,0,0.0,0.0
U014176,bundle_100_100,2025-10-24 08:26:00+08,B011161,2025-10-26 08:26:00+08,Hong Kong,T1,ko,true,,false,false,0,0.0,0.0
U028800,bundle_100_100,2025-09-23 05:37:00+08,B015910,2025-09-25 05:37:00+08,Singapore,T2,ja,true,,false,false,0,0.0,0.0
U020111,airport_150,2025-09-24 22:02:00+08,B013369,2025-09-28 22:02:00+08,Japan,T2,zh-TW,true,,false,false,0,0.0,0.0
U001504,bundle_100_100,2025-10-09 02:31:00+08,B017068,2025-10-15 02:31:00+08,USA,T1,en,true,,false,false,0,0.0,0.0
U002471,bundle_100_100,2025-09-03 06:29:00+08,B011575,2025-09-04 06:29:00+08,USA,T2,ko,true,,false,false,0,0.0,0.0
U012917,bundle_100_100,2025-09-09 06:01:00+08,B010006,2025-09-12 06:01:00+08,Hong Kong,T1,ko,true,,false,false,0,0.0,0.0
U000804,control,2025-10-12 20:46:00+08,B001383,2025-10-18 20:46:00+08,Japan,T1,ja,true,,false,false,0,0.0,0.0
U016134,airport_150,2025-10-02 05:15:00+08,B008610,2025-10-03 05:15:00+08,Korea,T1,ja,true,,false,false,0,0.0,0.0
U017505,bundle_100_100,2025-10-09 16:54:00+08,B005667,2025-10-12 16:54:00+08,Thailand,T1,ko,true,,false,false,0,0.0,0.0
U024099,bundle_100_100,2025-10-21 09:23:00+08,B016505,2025-10-26 09:23:00+08,USA,T1,en,true,,false,false,0,0.0,0.0
U000575,airport_150,2025-10-13 22:52:00+08,B002374,2025-10-14 22:52:00+08,USA,T2,zh-TW,true,,false,false,0,0.0,0.0
U016904,control,2025-10-02 07:05:00+08,B009911,2025-10-05 07:05:00+08,Singapore,T2,en,true,,false,false,0,0.0,0.0
U028678,bundle_100_100,2025-09-01 06:03:00+08,B003206,2025-09-06 06:03:00+08,Singapore,T2,en,true,,false,false,0,0.0,0.0
U028173,bundle_100_100,2025-09-26 00:46:00+08,B007367,2025-09-27 00:46:00+08,Thailand,T1,ko,true,,false,false,0,0.0,0.0
U009668,control,2025-09-23 16:12:00+08,B013944,2025-09-29 16:12:00+08,Thailand,T1,ko,true,,false,false,0,0.0,0.0
U002091,bundle_100_100,2025-09-20 06:36:00+08,B013000,2025-09-26 06:36:00+08,USA,T1,en,true,,false,false,0,0.0,0.0
U002256,airport_150,2025-10-14 06:51:00+08,B004748,2025-10-15 06:51:00+08,USA,T1,ja,true,,false,false,0,0.0,0.0
U017569,bundle_100_100,2025-10-03 20:07:00+08,B015448,2025-10-08 20:07:00+08,Japan,T2,ko,true,,false,false,0,0.0,0.0
U016397,airport_150,2025-10-07 21:58:00+08,B002806,2025-10-08 21:58:00+08,Hong Kong,T2,zh-TW,true,,false,false,0,0.0,0.0
U003992,bundle_100_100,2025-09-06 07:42:00+08,B001179,2025-09-09 07:42:00+08,Japan,T2,ja,true,,false,false,0,0.0,0.0
U007017,bundle_100_100,2025-09-06 08:33:00+08,B014798,2025-09-12 08:33:00+08,Singapore,T1,zh-TW,true,,false,false,0,0.0,0.0
U007020,airport_150,2025-09-06 07:45:00+08,B012377,2025-09-09 07:45:00+08,Korea,T2,en,true,,false,false,0,0.0,0.0
U010548,bundle_100_100,2025-09-20 20:50:00+08,B005042,2025-09-22 20:50:00+08,Korea,T2,en,true,,false,false,0,0.0,0.0
U021750,bundle_100_100,2025-09-21 23:58:00+08,B000717,2025-09-27 23:58:00+08,USA,T1,ja,true,,false,false,0,0.0,0.0
U028046,airport_150,2025-10-20 11:52:00+08,B008919,2025-10-26 11:52:00+08,Hong Kong,T2,ko,true,,false,false,0,0.0,0.0
U012230,bundle_100_100,2025-09-05 22:30:00+08,B004470,2025-09-09 22:30:00+08,Japan,T2,en,true,,false,false,0,0.0,0.0
U016502,bundle_100_100,2025-09-04 19:57:00+08,B015961,2025-09-09 19:57:00+08,Korea,T1,en,true,,false,false,0,0.0,0.0
U011637,bundle_100_100,2025-10-14 12:15:00+08,B010597,2025-10-18 12:15:00+08,USA,T1,ja,true,,false,false,0,0.0,0.0
U006721,bundle_100_100,2025-10-17 23:57:00+08,B004017,2025-10-19 23:57:00+08,Hong Kong,T2,ko,true,,false,false,0,0.0,0.0
U017160,airport_150,2025-09-22 21:13:00+08,B007526,2025-09-23 21:13:00+08,Singapore,T2,zh-TW,true,,false,false,0,0.0,0.0
U010315,bundle_100_100,2025-10-02 21:36:00+08,B009035,2025-10-05 21:36:00+08,USA,T1,zh-TW,true,,false,false,0,0.0,0.0
U010418,bundle_100_100,2025-09-25 23:09:00+08,B007984,2025-09-27 23:09:00+08,Thailand,T2,ko,true,,false,false,0,0.0,0.0
U008271,airport_150,2025-09-19 12:30:00+08,B017533,2025-09-21 12:30:00+08,Thailand,T2,ja,true,,false,false,0,0.0,0.0
U010468,bundle_100_100,2025-10-13 05:46:00+08,B002697,2025-10-19 05:46:00+08,Korea,T2,ko,true,,false,false,0,0.0,0.0
U022951,bundle_100_100,2025-09-28 07:03:00+08,B006573,2025-09-30 07:03:00+08,Singapore,T1,ko,true,,false,false,0,0.0,0.0
U027373,control,2025-09-28 06:13:00+08,B008814,2025-09-29 06:13:00+08,Singapore,T2,ko,true,,false,false,0,0.0,0.0
U001497,airport_150,2025-10-23 22:05:00+08,B000854,2025-10-24 22:05:00+08,USA,T1,ko,true,,false,false,0,0.0,0.0
U020271,bundle_100_100,2025-09-19 13:57:00+08,B014545,2025-09-23 13:57:00+08,Korea,T1,ja,true,,false,false,0,0.0,0.0
U001194,airport_150,2025-10-25 20:53:00+08,B000503,2025-10-26 20:53:00+08,Korea,T1,ko,true,,false,false,0,0.0,0.0
U018187,bundle_100_100,2025-09-26 06:37:00+08,B016877,2025-09-29 06:37:00+08,Singapore,T1,ja,true,,false,false,0,0.0,0.0
U028568,airport_150,2025-10-11 05:15:00+08,B012039,2025-10-12 05:15:00+08,Korea,T1,ko,true,,false,false,0,0.0,0.0
U029525,control,2025-09-24 07:48:00+08,B017623,2025-09-25 07:48:00+08,USA,T1,ko,true,,false,false,0,0.0,0.0
U028972,airport_150,2025-09-21 05:42:00+08,B017977,2025-09-25 05:42:00+08,Japan,T1,ja,true,,false,false,0,0.0,0.0
U000325,bundle_100_100,2025-09-10 23:50:00+08,B017694,2025-09-16 23:50:00+08,Singapore,T1,zh-TW,true,,false,false,0,0.0,0.0
U026193,airport_150,2025-09-25 22:02:00+08,B013347,2025-09-29 22:02:00+08,Korea,T2,zh-TW,true,,false,false,1,235.2,0.0
U025706,airport_150,2025-10-24 20:35:00+08,B001422,2025-10-26 20:35:00+08,Korea,T1,ko,true,,false,false,0,0.0,0.0
U011335,airport_150,2025-10-15 15:33:00+08,B011293,2025-10-20 15:33:00+08,Japan,T1,ja,true,,false,false,0,0.0,0.0
U021149,bundle_100_100,2025-10-09 21:45:00+08,B002932,2025-10-13 21:45:00+08,Korea,T2,ko,true,,false,false,0,0.0,0.0
U023795,bundle_100_100,2025-10-03 20:18:00+08,B010465,2025-10-06 20:18:00+08,Hong Kong,T2,ja,true,,false,false,0,0.0,0.0
U019971,control,2025-09-24 06:31:00+08,B012483,2025-09-27 06:31:00+08,Thailand,T1,zh-TW,true,,false,false,0,0.0,0.0
U003118,airport_150,2025-10-08 23:34:00+08,B007991,2025-10-13 23:34:00+08,Singapore,T2,en,true,,false,false,0,0.0,0.0
U002906,airport_150,2025-09-17 21:04:00+08,B011281,2025-09-22 21:04:00+08,USA,T1,zh-TW,true,,false,false,0,0.0,0.0
U017755,bundle_100_100,2025-10-19 20:18:00+08,B006437,2025-10-24 20:18:00+08,Singapore,T2,ja,true,,false,false,0,0.0,0.0
U000050,airport_150,2025-09-12 11:43:00+08,B010164,2025-09-14 11:43:00+08,Thailand,T1,zh-TW,true,,false,false,0,0.0,0.0
U012524,airport_150,2025-10-02 08:03:00+08,B006070,2025-10-05 08:03:00+08,Thailand,T1,zh-TW,true,,false,false,0,0.0,0.0
U019220,airport_150,2025-10-20 21:25:00+08,B001891,2025-10-22 21:25:00+08,USA,T2,ko,true,,false,false,0,0.0,0.0
U024093,bundle_100_100,2025-10-20 02:19:00+08,B016360,2025-10-21 02:19:00+08,Japan,T2,ja,true,,false,false,0,0.0,0.0
U004627,bundle_100_100,2025-09-20 09:30:00+08,B008696,2025-09-25 09:30:00+08,USA,T1,zh-TW,true,,false,false,0,0.0,0.0
U007313,bundle_100_100,2025-10-14 00:38:00+08,B014099,2025-10-20 00:38:00+08,Thailand,T1,zh-TW,true,,false,false,0,0.0,0.0
U017410,bundle_100_100,2025-09-24 14:23:00+08,B010028,2025-09-30 14:23:00+08,Hong Kong,T1,ko,true,,false,false,0,0.0,0.0
U003310,bundle_100_100,2025-10-19 17:46:00+08,B005372,2025-10-25 17:46:00+08,Korea,T2,zh-TW,true,,false,false,0,0.0,0.0
U006222,airport_150,2025-09-19 09:38:00+08,B015444,2025-09-24 09:38:00+08,USA,T1,ko,true,,false,false,0,0.0,0.0
U009495,bundle_100_100,2025-09-17 00:17:00+08,B001757,2025-09-21 00:17:00+08,Japan,T1,ko,true,,false,false,0,0.0,0.0
U004774,airport_150,2025-09-05 08:23:00+08,B011515,2025-09-08 08:23:00+08,Singapore,T2,en,true,,false,false,0,0.0,0.0
U017232,bundle_100_100,2025-10-21 20:11:00+08,B001737,2025-10-26 20:11:00+08,Korea,T1,ko,true,,false,false,0,0.0,0.0
U022254,airport_150,2025-10-20 23:50:00+08,B009749,2025-10-21 23:50:00+08,USA,T2,en,true,,false,false,0,0.0,0.0
U006716,airport_150,2025-10-16 20:08:00+08,B011172,2025-10-21 20:08:00+08,Korea,T1,ja,true,,false,false,0,0.0,0.0
U014609,control,2025-10-18 00:55:00+08,B007719,2025-10-23 00:55:00+08,Korea,T2,ko,true,,false,false,0,0.0,0.0
U015210,control,2025-10-06 03:30:00+08,B000519,2025-10-07 03:30:00+08,Japan,T1,ja,true,,false,false,0,0.0,0.0
U004858,control,2025-09-08 20:12:00+08,B015470,2025-09-11 20:12:00+08,Thailand,T2,zh-TW,true,,false,false,0,0.0,0.0
U013165,airport_150,2025-10-13 21:40:00+08,B012490,2025-10-14 21:40:00+08,Japan,T2,ja,true,,false,false,0,0.0,0.0
U003521,airport_150,2025-09-08 16:31:00+08,B000381,2025-09-10 16:31:00+08,Thailand,T1,ko,true,,false,false,0,0.0,0.0
U008707,airport_150,2025-09-17 05:04:00+08,B017029,2025-09-22 05:04:00+08,USA,T2,zh-TW,true,,false,false,0,0.0,0.0
U024566,bundle_100_100,2025-09-22 23:24:00+08,B011416,2025-09-26 23:24:00+08,USA,T1,ja,true,,false,false,0,0.0,0.0
U004243,airport_150,2025-09-25 18:04:00+08,B017233,2025-09-28 18:04:00+08,Korea,T2,zh-TW,true,,false,false,0,0.0,0.0
U016286,airport_150,2025-10-10 06:41:00+08,B004912,2025-10-16 06:41:00+08,USA,T2,ja,true,,false,false,0,0.0,0.0
U003726,bundle_100_100,2025-10-07 05:03:00+08,B001786,2025-10-11 05:03:00+08,Thailand,T2,ja,true,,false,false,0,0.0,0.0
U006851,airport_150,2025-09-17 05:17:00+08,B003361,2025-09-19 05:17:00+08,USA,T2,ko,true,,false,false,0,0.0,0.0
U016895,bundle_100_100,2025-10-20 22:54:00+08,B011711,2025-10-23 22:54:00+08,Thailand,T2,zh-TW,true,,false,false,0,0.0,0.0
U018920,bundle_100_100,2025-10-10 14:14:00+08,B007512,2025-10-11 14:14:00+08,Korea,T2,zh-TW,true,,false,false,0,0.0,0.0
U021215,airport_150,2025-09-13 23:38:00+08,B012127,2025-09-14 23:38:00+08,USA,T1,en,true,,false,false,0,0.0,0.0
U016305,bundle_100_100,2025-10-18 20:34:00+08,B016582,2025-10-22 20:34:00+08,Thailand,T1,ko,true,,false,false,0,0.0,0.0
U029748,airport_150,2025-09-20 08:29:00+08,B009501,2025-09-23 08:29:00+08,USA,T2,en,true,,false,false,0,0.0,0.0
U007236,bundle_100_100,2025-10-08 15:45:00+08,B008559,2025-10-10 15:45:00+08,Korea,T2,ja,true,,false,false,0,0.0,0.0
U018784,control,2025-09-27 06:55:00+08,B005608,2025-09-30 06:55:00+08,Hong Kong,T1,ko,true,,false,false,0,0.0,0.0
U014393,bundle_100_100,2025-09-22 23:35:00+08,B013945,2025-09-23 23:35:00+08,Japan,T1,zh-TW,true,,false,false,0,0.0,0.0
U025884,bundle_100_100,2025-10-14 01:40:00+08,B004229,2025-10-20 01:40:00+08,Korea,T2,zh-TW,true,,false,false,0,0.0,0.0
U013239,airport_150,2025-09-30 15:37:00+08,B013951,2025-10-01 15:37:00+08,Hong Kong,T1,ja,true,,false,false,0,0.0,0.0
U019671,airport_150,2025-09-12 23:37:00+08,B012982,2025-09-13 23:37:00+08,USA,T1,ko,true,,false,false,1,82.5,0.0
U008004,control,2025-10-11 10:39:00+08,B017032,2025-10-15 10:39:00+08,Hong Kong,T2,en,true,,false,false,0,0.0,0.0
U013911,control,2025-10-15 12:14:00+08,B013804,2025-10-19 12:14:00+08,USA,T1,zh-TW,true,,false,false,0,0.0,0.0
U015263,bundle_100_100,2025-09-23 02:35:00+08,B008585,2025-09-25 02:35:00+08,Korea,T2,ko,true,,false,false,0,0.0,0.0
U021337,airport_150,2025-09-27 23:21:00+08,B012358,2025-09-28 23:21:00+08,Singapore,T1,ja,true,,false,false,0,0.0,0.0
U022188,bundle_100_100,2025-10-07 19:24:00+08,B015716,2025-10-10 19:24:00+08,Japan,T1,ko,true,,false,false,0,0.0,0.0
U007368,airport_150,2025-10-12 09:43:00+08,B009068,2025-10-18 09:43:00+08,Thailand,T1,ja,true,,false,false,0,0.0,0.0
U019337,airport_150,2025-10-10 14:33:00+08,B006947,2025-10-16 14:33:00+08,Thailand,T2,ja,true,,false,false,0,0.0,0.0
U021719,bundle_100_100,2025-09-10 13:04:00+08,B002511,2025-09-13 13:04:00+08,Singapore,T2,ko,true,,false,false,0,0.0,0.0
U010135,bundle_100_100,2025-09-17 07:20:00+08,B007570,2025-09-19 07:20:00+08,Japan,T1,ja,true,,false,false,0,0.0,0.0
U005831,airport_150,2025-09-14 11:57:00+08,B010412,2025-09-15 11:57:00+08,Thailand,T1,en,true,,false,false,0,0.0,0.0
U016364,bundle_100_100,2025-09-16 22:12:00+08,B002790,2025-09-19 22:12:00+08,Hong Kong,T1,zh-TW,true,,false,false,0,0.0,0.0
U002481,airport_150,2025-09-26 20:50:00+08,B011958,2025-09-30 20:50:00+08,Hong Kong,T1,en,true,,false,false,0,0.0,0.0
U000279,bundle_100_100,2025-10-16 21:05:00+08,B014989,2025-10-21 21:05:00+08,USA,T2,ko,true,,false,false,0,0.0,0.0
U004300,bundle_100_100,2025-09-17 17:52:00+08,B012361,2025-09-21 17:52:00+08,Singapore,T1,en,true,,false,false,0,0.0,0.0
U022535,airport_150,2025-09-01 20:37:00+08,B005169,2025-09-05 20:37:00+08,USA,T1,en,true,,false,false,0,0.0,0.0
U008098,bundle_100_100,2025-10-03 19:34:00+08,B012755,2025-10-09 19:34:00+08,Japan,T1,ja,true,,false,false,0,0.0,0.0
U010627,bundle_100_100,2025-09-08 12:45:00+08,B005160,2025-09-10 12:45:00+08,Japan,T1,ja,true,,false,false,0,0.0,0.0
U025062,bundle_100_100,2025-09-02 03:34:00+08,B015304,2025-09-07 03:34:00+08,Japan,T2,ko,true,,false,false,0,0.0,0.0
U008517,airport_150,2025-09-19 02:29:00+08,B009721,2025-09-20 02:29:00+08,Hong Kong,T2,ja,true,,false,false,0,0.0,0.0
U018092,bundle_100_100,2025-10-03 20:51:00+08,B005571,2025-10-05 20:51:00+08,Singapore,T2,en,true,,false,false,0,0.0,0.0
U004005,control,2025-10-11 10:15:00+08,B002060,2025-10-16 10:15:00+08,Japan,T2,ko,true,,false,false,0,0.0,0.0
U006031,airport_150,2025-09-30 03:49:00+08,B015255,2025-10-03 03:49:00+08,Thailand,T2,zh-TW,true,,false,false,0,0.0,0.0
U016007,bundle_100_100,2025-10-06 23:03:00+08,B011335,2025-10-12 23:03:00+08,Thailand,T2,ja,true,,false,false,0,0.0,0.0
U008376,bundle_100_100,2025-10-14 02:52:00+08,B003080,2025-10-15 02:52:00+08,Singapore,T1,en,true,,false,false,0,0.0,0.0
U010586,bundle_100_100,2025-09-22 07:06:00+08,B011758,2025-09-23 07:06:00+08,Thailand,T2,ko,true,,false,false,0,0.0,0.0
U021676,control,2025-09-28 05:32:00+08,B014091,2025-10-01 05:32:00+08,Korea,T2,ja,true,,false,false,0,0.0,0.0
U009034,airport_150,2025-09-26 23:15:00+08,B011928,2025-09-29 23:15:00+08,Japan,T1,zh-TW,true,,false,false,0,0.0,0.0
U013143,control,2025-10-11 02:59:00+08,B015278,2025-10-13 02:59:00+08,Hong Kong,T1,en,true,,false,false,0,0.0,0.0
U014771,airport_150,2025-10-04 13:33:00+08,B007605,2025-10-07 13:33:00+08,Singapore,T2,zh-TW,true,,false,false,0,0.0,0.0
U023864,bundle_100_100,2025-09-06 13:14:00+08,B007151,2025-09-10 13:14:00+08,Hong Kong,T2,ja,true,,false,false,0,0.0,0.0
U012183,bundle_100_100,2025-10-09 03:44:00+08,B002566,2025-10-12 03:44:00+08,USA,T2,ja,true,,false,false,0,0.0,0.0
U006828,bundle_100_100,2025-10-13 09:10:00+08,B007910,2025-10-18 09:10:00+08,Thailand,T1,en,true,,false,false,0,0.0,0.0
U011204,airport_150,2025-09-19 08:30:00+08,B017992,2025-09-20 08:30:00+08,USA,T2,ko,true,,false,false,0,0.0,0.0
U021361,bundle_100_100,2025-10-10 09:29:00+08,B008961,2025-10-12 09:29:00+08,Thailand,T1,ja,true,,false,false,0,0.0,0.0
U016815,bundle_100_100,2025-10-22 22:04:00+08,B004018,2025-10-26 22:04:00+08,Japan,T2,ja,true,,false,false,0,0.0,0.0
U019604,control,2025-09-18 20:30:00+08,B002652,2025-09-20 20:30:00+08,Japan,T1,ja,true,,false,false,0,0.0,0.0
U028148,airport_150,2025-10-12 06:50:00+08,B017282,2025-10-13 06:50:00+08,USA,T2,ja,true,,false,false,0,0.0,0.0
U002265,airport_150,2025-09-03 07:14:00+08,B015141,2025-09-05 07:14:00+08,Japan,T1,ja,true,,false,false,0,0.0,0.0
U007926,airport_150,2025-09-16 09:44:00+08,B005020,2025-09-18 09:44:00+08,Korea,T2,zh-TW,true,,false,false,0,0.0,0.0
U009087,bundle_100_100,2025-10-03 09:01:00+08,B002709,2025-10-08 09:01:00+08,Japan,T2,ko,true,,false,false,0,0.0,0.0
U027424,airport_150,2025-09-15 21:21:00+08,B004394,2025-09-17 21:21:00+08,Thailand,T1,zh-TW,true,,false,false,0,0.0,0.0
U027541,bundle_100_100,2025-10-08 03:53:00+08,B004821,2025-10-12 03:53:00+08,Korea,T1,ko,true,,false,false,0,0.0,0.0
U006038,airport_150,2025-09-02 06:28:00+08,B011864,2025-09-04 06:28:00+08,Hong Kong,T2,en,true,,false,false,0,0.0,0.0
U008632,airport_150,2025-10-13 09:13:00+08,B011866,2025-10-16 09:13:00+08,Thailand,T2,zh-TW,true,,false,false,0,0.0,0.0
U000562,bundle_100_100,2025-09-29 06:36:00+08,B006721,2025-10-01 06:36:00+08,Singapore,T1,zh-TW,true,,false,false,0,0.0,0.0
U001668,bundle_100_100,2025-10-15 10:21:00+08,B005828,2025-10-18 10:21:00+08,Singapore,T1,en,true,,false,false,0,0.0,0.0
U002272,airport_150,2025-09-26 22:44:00+08,B003947,2025-10-02 22:44:00+08,Thailand,T1,ja,true,,false,false,0,0.0,0.0
U018568,bundle_100_100,2025-09-10 07:42:00+08,B006336,2025-09-11 07:42:00+08,Hong Kong,T1,zh-TW,true,,false,false,0,0.0,0.0
U008182,bundle_100_100,2025-10-07 04:46:00+08,B006297,2025-10-09 04:46:00+08,Hong Kong,T1,zh-TW,true,,false,false,0,0.0,0.0
U000885,control,2025-09-14 01:57:00+08,B005388,2025-09-17 01:57:00+08,Japan,T2,ko,true,,false,false,0,0.0,0.0
U014403,bundle_100_100,2025-10-04 20:42:00+08,B013391,2025-10-06 20:42:00+08,Hong Kong,T1,ja,true,,false,false,0,0.0,0.0
U018249,bundle_100_100,2025-09-11 23:00:00+08,B012401,2025-09-13 23:00:00+08,Japan,T1,ko,true,,false,false,0,0.0,0.0
U020392,airport_150,2025-09-17 11:59:00+08,B002123,2025-09-19 11:59:00+08,Singapore,T1,zh-TW,true,,false,false,0,0.0,0.0
U015032,bundle_100_100,2025-09-23 06:48:00+08,B011190,2025-09-26 06:48:00+08,USA,T2,zh-TW,true,,false,false,1,53.4,0.0
U014949,airport_150,2025-10-12 00:07:00+08,B014158,2025-10-15 00:07:00+08,USA,T2,ja,true,,false,false,0,0.0,0.0
U010000,bundle_100_100,2025-09-04 21:26:00+08,B003445,2025-09-05 21:26:00+08,Japan,T1,ko,true,,false,false,0,0.0,0.0
U021448,airport_150,2025-10-13 13:58:00+08,B011612,2025-10-14 13:58:00+08,USA,T2,en,true,,false,false,0,0.0,0.0
U000027,control,2025-10-19 03:03:00+08,B015862,2025-10-21 03:03:00+08,Japan,T2,en,true,,false,false,0,0.0,0.0
U021711,bundle_100_100,2025-09-11 00:15:00+08,B004992,2025-09-12 00:15:00+08,Japan,T1,ja,true,,false,false,0,0.0,0.0
U026684,airport_150,2025-10-13 09:49:00+08,B013307,2025-10-16 09:49:00+08,USA,T1,en,true,,false,false,0,0.0,0.0
U000682,airport_150,2025-09-28 15:11:00+08,B014383,2025-10-01 15:11:00+08,USA,T1,en,true,,false,false,0,0.0,0.0
U004118,airport_150,2025-09-09 06:37:00+08,B014853,2025-09-10 06:37:00+08,Japan,T2,ja,true,,false,false,0,0.0,0.0
U004965,bundle_100_100,2025-10-08 21:58:00+08,B008573,2025-10-14 21:58:00+08,Singapore,T1,en,true,,false,false,1,142.79999999999998,0.0
U011591,airport_150,2025-09-25 09:17:00+08,B010489,2025-10-01 09:17:00+08,USA,T1,en,true,,false,false,0,0.0,0.0
U020136,airport_150,2025-10-07 21:52:00+08,B006487,2025-10-08 21:52:00+08,Hong Kong,T1,en,true,,false,false,0,0.0,0.0
U001010,bundle_100_100,2025-10-13 23:22:00+08,B006847,2025-10-14 23:22:00+08,Thailand,T1,zh-TW,true,,false,false,0,0.0,0.0
U002904,airport_150,2025-09-23 18:14:00+08,B002716,2025-09-24 18:14:00+08,Thailand,T1,ko,true,,false,false,0,0.0,0.0
U013018,bundle_100_100,2025-09-08 08:36:00+08,B014445,2025-09-11 08:36:00+08,Japan,T2,ko,true,,false,false,0,0.0,0.0
U023463,bundle_100_100,2025-10-09 07:30:00+08,B003314,2025-10-14 07:30:00+08,Singapore,T1,en,true,,false,false,0,0.0,0.0
U020909,bundle_100_100,2025-09-14 18:26:00+08,B006753,2025-09-18 18:26:00+08,Thailand,T2,en,true,,false,false,0,0.0,0.0
U010835,bundle_100_100,2025-10-13 05:34:00+08,B000215,2025-10-19 05:34:00+08,Japan,T2,en,true,,false,false,0,0.0,0.0
U010294,bundle_100_100,2025-09-09 04:16:00+08,B016257,2025-09-11 04:16:00+08,Hong Kong,T1,en,true,,false,false,0,0.0,0.0
U007322,airport_150,2025-09-21 19:03:00+08,B015827,2025-09-24 19:03:00+08,Thailand,T1,ja,true,,false,false,0,0.0,0.0
U015599,airport_150,2025-09-11 20:58:00+08,B015531,2025-09-15 20:58:00+08,Singapore,T1,ko,true,,false,false,0,0.0,0.0
U003155,airport_150,2025-10-05 03:58:00+08,B001957,2025-10-07 03:58:00+08,Thailand,T1,ko,true,,false,false,0,0.0,0.0
U008487,airport_150,2025-10-17 23:29:00+08,B005756,2025-10-18 23:29:00+08,Korea,T1,en,true,,false,false,0,0.0,0.0
U021811,bundle_100_100,2025-10-01 05:21:00+08,B011893,2025-10-02 05:21:00+08,Thailand,T2,ja,true,,false,false,0,0.0,0.0
U010879,airport_150,2025-10-04 22:40:00+08,B003641,2025-10-08 22:40:00+08,Hong Kong,T2,ko,true,,false,false,0,0.0,0.0
U016338,airport_150,2025-09-12 05:13:00+08,B016433,2025-09-18 05:13:00+08,Korea,T1,ko,true,,false,false,0,0.0,0.0
U014999,airport_150,2025-09-11 13:08:00+08,B013932,2025-09-13 13:08:00+08,Singapore,T1,en,true,,false,false,0,0.0,0.0
U018900,bundle_100_100,2025-10-08 00:43:00+08,B007504,2025-10-12 00:43:00+08,Thailand,T1,ko,true,,false,false,0,0.0,0.0
U027606,bundle_100_100,2025-09-29 23:31:00+08,B014651,2025-10-04 23:31:00+08,Hong Kong,T2,zh-TW,true,,false,false,0,0.0,0.0
U018306,control,2025-10-14 09:17:00+08,B004307,2025-10-18 09:17:00+08,Thailand,T1,ja,true,,false,false,0,0.0,0.0
U005249,bundle_100_100,2025-09-18 23:58:00+08,B000827,2025-09-21 23:58:00+08,Singapore,T1,en,true,,false,false,0,0.0,0.0
U006337,control,2025-10-17 03:45:00+08,B013175,2025-10-19 03:45:00+08,Thailand,T1,ko,true,,false,false,0,0.0,0.0
U014128,bundle_100_100,2025-09-02 03:58:00+08,B017652,2025-09-06 03:58:00+08,Korea,T1,ja,true,,false,false,0,0.0,0.0
U003882,bundle_100_100,2025-09-17 23:17:00+08,B003745,2025-09-23 23:17:00+08,Thailand,T2,en,true,,false,false,0,0.0,0.0
U019290,airport_150,2025-10-20 17:11:00+08,B001804,2025-10-21 17:11:00+08,Hong Kong,T1,en,true,,false,false,0,0.0,0.0
U012847,bundle_100_100,2025-09-12 22:36:00+08,B005530,2025-09-17 22:36:00+08,Hong Kong,T2,ko,true,,false,false,0,0.0,0.0
U003950,bundle_100_100,2025-09-02 10:42:00+08,B006774,2025-09-05 10:42:00+08,Korea,T2,ja,true,,false,false,0,0.0,0.0
U015708,bundle_100_100,2025-09-18 08:30:00+08,B002255,2025-09-19 08:30:00+08,USA,T1,ko,true,,false,false,0,0.0,0.0
U001878,bundle_100_100,2025-10-15 07:47:00+08,B006003,2025-10-17 07:47:00+08,USA,T1,ja,true,,false,false,0,0.0,0.0
U008894,bundle_100_100,2025-09-05 16:05:00+08,B002284,2025-09-06 16:05:00+08,Thailand,T2,ja,true,,false,false,0,0.0,0.0
U016593,bundle_100_100,2025-10-10 22:11:00+08,B010703,2025-10-12 22:11:00+08,Korea,T2,ja,true,,false,false,0,0.0,0.0
U003357,airport_150,2025-09-30 22:28:00+08,B007919,2025-10-06 22:28:00+08,Thailand,T2,en,true,,false,false,0,0.0,0.0
U021497,bundle_100_100,2025-09-24 20:16:00+08,B009307,2025-09-27 20:16:00+08,USA,T1,ko,true,,false,false,0,0.0,0.0
U022074,bundle_100_100,2025-09-13 20:57:00+08,B002905,2025-09-18 20:57:00+08,Hong Kong,T2,ja,true,,false,false,0,0.0,0.0
U023212,bundle_100_100,2025-10-16 09:07:00+08,B012222,2025-10-22 09:07:00+08,USA,T2,zh-TW,true,,false,false,0,0.0,0.0
U001811,bundle_100_100,2025-09-13 01:47:00+08,B012304,2025-09-17 01:47:00+08,Hong Kong,T1,ja,true,,false,false,0,0.0,0.0
U020492,airport_150,2025-09-26 23:53:00+08,B017314,2025-09-27 23:53:00+08,Singapore,T1,zh-TW,true,,false,false,0,0.0,0.0
U003028,airport_150,2025-10-17 07:25:00+08,B017447,2025-10-21 07:25:00+08,USA,T2,zh-TW,true,,false,false,0,0.0,0.0
U013788,bundle_100_100,2025-10-02 19:16:00+08,B000030,2025-10-05 19:16:00+08,Hong Kong,T2,ja,true,,false,false,0,0.0,0.0
U019831,airport_150,2025-09-13 09:28:00+08,B012552,2025-09-16 09:28:00+08,Hong Kong,T2,ko,true,,false,false,0,0.0,0.0
U001130,bundle_100_100,2025-09-29 22:34:00+08,B011585,2025-10-01 22:34:00+08,Thailand,T2,zh-TW,true,,false,false,0,0.0,0.0
U000901,control,2025-10-08 09:01:00+08,B013846,2025-10-10 09:01:00+08,Japan,T1,ja,true,,false,false,0,0.0,0.0
U009174,bundle_100_100,2025-10-16 23:03:00+08,B005095,2025-10-19 23:03:00+08,Korea,T1,ko,true,,false,false,0,0.0,0.0
U014015,bundle_100_100,2025-09-29 07:43:00+08,B009313,2025-10-01 07:43:00+08,USA,T2,ja,true,,false,false,0,0.0,0.0
U019353,airport_150,2025-10-10 07:47:00+08,B014123,2025-10-16 07:47:00+08,Hong Kong,T1,en,true,,false,false,0,0.0,0.0
U024673,airport_150,2025-09-04 05:59:00+08,B003322,2025-09-07 05:59:00+08,Hong Kong,T2,zh-TW,true,,false,false,0,0.0,0.0
U003413,bundle_100_100,2025-10-10 09:05:00+08,B002510,2025-10-15 09:05:00+08,Singapore,T2,ja,true,,false,false,0,0.0,0.0
U010392,bundle_100_100,2025-09-21 01:56:00+08,B015601,2025-09-22 01:56:00+08,USA,T1,ko,true,,false,false,0,0.0,0.0
U020619,bundle_100_100,2025-10-02 07:42:00+08,B009247,2025-10-07 07:42:00+08,Hong Kong,T1,ja,true,,false,false,0,0.0,0.0
U026592,bundle_100_100,2025-10-09 09:55:00+08,B008046,2025-10-13 09:55:00+08,Japan,T1,ko,true,,false,false,0,0.0,0.0
U005490,bundle_100_100,2025-10-07 09:41:00+08,B014068,2025-10-09 09:41:00+08,USA,T1,zh-TW,true,,false,false,0,0.0,0.0
U006538,airport_150,2025-09-29 07:36:00+08,B001684,2025-10-03 07:36:00+08,Japan,T2,ja,true,,false,false,0,0.0,0.0
U022924,bundle_100_100,2025-10-14 20:56:00+08,B003135,2025-10-16 20:56:00+08,USA,T2,ko,true,,false,false,0,0.0,0.0
U008748,bundle_100_100,2025-09-10 22:40:00+08,B002052,2025-09-11 22:40:00+08,Japan,T2,ja,true,,false,false,0,0.0,0.0
U011511,bundle_100_100,2025-10-20 23:00:00+08,B003275,2025-10-24 23:00:00+08,Hong Kong,T1,en,true,,false,false,0,0.0,0.0
U000355,bundle_100_100,2025-09-09 08:25:00+08,B014943,2025-09-15 08:25:00+08,USA,T1,ko,true,,false,false,0,0.0,0.0
U004044,airport_150,2025-10-20 07:34:00+08,B001340,2025-10-26 07:34:00+08,Singapore,T2,ko,true,,false,false,0,0.0,0.0
U019970,airport_150,2025-10-08 09:57:00+08,B007856,2025-10-11 09:57:00+08,Thailand,T2,en,true,,false,false,0,0.0,0.0
U025017,bundle_100_100,2025-10-12 00:58:00+08,B003318,2025-10-15 00:58:00+08,Thailand,T1,en,true,,false,false,0,0.0,0.0
U022082,bundle_100_100,2025-10-02 10:26:00+08,B008351,2025-10-07 10:26:00+08,Singapore,T1,ko,true,,false,false,0,0.0,0.0
U000220,airport_150,2025-10-19 12:48:00+08,B007713,2025-10-20 12:48:00+08,Korea,T2,ja,true,,false,false,0,0.0,0.0
U008619,control,2025-09-14 22:16:00+08,B009566,2025-09-18 22:16:00+08,Japan,T2,zh-TW,true,,false,false,0,0.0,0.0
U005731,bundle_100_100,2025-09-21 09:49:00+08,B010739,2025-09-24 09:49:00+08,USA,T2,zh-TW,true,,false,false,0,0.0,0.0
U020570,airport_150,2025-10-05 21:12:00+08,B017328,2025-10-11 21:12:00+08,USA,T1,en,true,,false,false,0,0.0,0.0
U027347,airport_150,2025-10-22 15:21:00+08,B014699,2025-10-26 15:21:00+08,Hong Kong,T1,ko,true,,false,false,0,0.0,0.0
U023292,bundle_100_100,2025-09-24 20:16:00+08,B011656,2025-09-29 20:16:00+08,Korea,T1,en,true,,false,false,0,0.0,0.0
U016611,bundle_100_100,2025-09-03 06:43:00+08,B009128,2025-09-04 06:43:00+08,Korea,T1,zh-TW,true,,false,false,0,0.0,0.0
U014895,airport_150,2025-09-11 08:42:00+08,B013533,2025-09-17 08:42:00+08,Japan,T1,zh-TW,true,,false,false,0,0.0,0.0
U025898,airport_150,2025-09-17 23:59:00+08,B015098,2025-09-19 23:59:00+08,Japan,T1,en,true,,false,false,0,0.0,0.0
U028741,airport_150,2025-10-07 15:49:00+08,B008035,2025-10-08 15:49:00+08,Korea,T2,ja,true,,false,false,0,0.0,0.0
U029338,airport_150,2025-09-06 03:26:00+08,B008023,2025-09-09 03:26:00+08,Thailand,T1,zh-TW,true,,false,false,0,0.0,0.0
U001224,bundle_100_100,2025-09-29 09:32:00+08,B002865,2025-10-02 09:32:00+08,Korea,T2,zh-TW,true,,false,false,0,0.0,0.0
U009275,bundle_100_100,2025-09-18 08:48:00+08,B009915,2025-09-23 08:48:00+08,USA,T1,ja,true,,false,false,0,0.0,0.0
U005047,airport_150,2025-10-16 04:18:00+08,B004820,2025-10-20 04:18:00+08,Singapore,T1,ja,true,,false,false,0,0.0,0.0
U001162,bundle_100_100,2025-09-26 21:02:00+08,B008843,2025-10-02 21:02:00+08,Singapore,T1,ja,true,,false,false,0,0.0,0.0
U000914,bundle_100_100,2025-09-15 08:50:00+08,B011508,2025-09-20 08:50:00+08,USA,T1,ja,true,,false,false,0,0.0,0.0
U028058,airport_150,2025-09-24 06:05:00+08,B005643,2025-09-28 06:05:00+08,Korea,T1,ja,true,,false,false,0,0.0,0.0
U003497,bundle_100_100,2025-09-05 01:02:00+08,B014119,2025-09-08 01:02:00+08,Thailand,T2,ja,true,,false,false,0,0.0,0.0
U001208,airport_150,2025-09-14 07:48:00+08,B000820,2025-09-15 07:48:00+08,Thailand,T2,en,true,,false,false,0,0.0,0.0
U002685,bundle_100_100,2025-10-07 20:10:00+08,B011616,2025-10-12 20:10:00+08,Korea,T1,en,true,,false,false,0,0.0,0.0
U002880,bundle_100_100,2025-10-20 17:01:00+08,B001098,2025-10-26 17:01:00+08,Singapore,T2,zh-TW,true,,false,false,0,0.0,0.0
U011299,control,2025-09-12 13:31:00+08,B009575,2025-09-14 13:31:00+08,Hong Kong,T2,ja,true,,false,false,0,0.0,0.0
U000098,airport_150,2025-10-07 20:47:00+08,B010182,2025-10-11 20:47:00+08,Korea,T1,ja,true,,false,false,0,0.0,0.0
U012226,bundle_100_100,2025-10-18 04:47:00+08,B003970,2025-10-19 04:47:00+08,Thailand,T2,ko,true,,false,false,0,0.0,0.0
U027180,airport_150,2025-10-05 07:07:00+08,B006304,2025-10-08 07:07:00+08,Hong Kong,T1,ko,true,,false,false,0,0.0,0.0
U009878,bundle_100_100,2025-09-23 23:57:00+08,B008474,2025-09-29 23:57:00+08,Thailand,T2,ja,true,,false,false,0,0.0,0.0
U016705,bundle_100_100,2025-10-12 11:21:00+08,B008145,2025-10-14 11:21:00+08,Hong Kong,T2,ja,true,,false,false,0,0.0,0.0
U004831,bundle_100_100,2025-09-24 22:21:00+08,B005157,2025-09-26 22:21:00+08,Korea,T1,zh-TW,true,,false,false,0,0.0,0.0
U012016,airport_150,2025-10-11 01:49:00+08,B006269,2025-10-17 01:49:00+08,Singapore,T1,ja,true,,false,false,0,0.0,0.0
U019464,airport_150,2025-10-04 01:15:00+08,B010322,2025-10-09 01:15:00+08,Japan,T1,ko,true,,false,false,0,0.0,0.0
U004785,control,2025-09-12 00:48:00+08,B010012,2025-09-15 00:48:00+08,Hong Kong,T2,en,true,,false,false,0,0.0,0.0
U009372,bundle_100_100,2025-09-12 06:02:00+08,B000139,2025-09-18 06:02:00+08,Thailand,T1,ja,true,,false,false,0,0.0,0.0
U006718,control,2025-09-05 20:26:00+08,B011993,2025-09-07 20:26:00+08,Thailand,T1,zh-TW,true,,false,false,0,0.0,0.0
U005974,bundle_100_100,2025-09-14 16:02:00+08,B014035,2025-09-18 16:02:00+08,Singapore,T1,en,true,,false,false,0,0.0,0.0
U004870,airport_150,2025-09-28 18:46:00+08,B001652,2025-10-03 18:46:00+08,Singapore,T2,zh-TW,true,,false,false,0,0.0,0.0
U029703,airport_150,2025-10-01 07:48:00+08,B013187,2025-10-02 07:48:00+08,Korea,T2,zh-TW,true,,false,false,0,0.0,0.0
U026210,bundle_100_100,2025-10-21 09:24:00+08,B012859,2025-10-24 09:24:00+08,Korea,T1,zh-TW,true,,false,false,0,0.0,0.0
U008907,bundle_100_100,2025-10-11 19:00:00+08,B003179,2025-10-13 19:00:00+08,Japan,T1,zh-TW,true,,false,false,0,0.0,0.0
U005150,bundle_100_100,2025-10-01 10:43:00+08,B011422,2025-10-04 10:43:00+08,Singapore,T2,en,true,,false,false,0,0.0,0.0
U022101,bundle_100_100,2025-09-05 08:17:00+08,B007149,2025-09-07 08:17:00+08,Korea,T1,ko,true,,false,false,0,0.0,0.0
U023628,airport_150,2025-09-23 23:18:00+08,B004024,2025-09-24 23:18:00+08,USA,T2,ja,true,,false,false,0,0.0,0.0
U025698,bundle_100_100,2025-10-15 23:12:00+08,B012228,2025-10-18 23:12:00+08,Singapore,T2,zh-TW,true,,false,false,0,0.0,0.0
U001908,bundle_100_100,2025-09-30 05:51:00+08,B003893,2025-10-01 05:51:00+08,Thailand,T1,ko,true,,false,false,0,0.0,0.0
U010021,airport_150,2025-10-21 02:11:00+08,B012380,2025-10-25 02:11:00+08,USA,T2,zh-TW,true,,false,false,0,0.0,0.0
U017741,airport_150,2025-09-25 21:25:00+08,B017236,2025-09-29 21:25:00+08,Korea,T1,zh-TW,true,,false,false,0,0.0,0.0
U019503,airport_150,2025-10-19 05:04:00+08,B006209,2025-10-22 05:04:00+08,Hong Kong,T1,zh-TW,true,,false,false,0,0.0,0.0
U011967,airport_150,2025-09-25 21:57:00+08,B003067,2025-10-01 21:57:00+08,Singapore,T2,ja,true,,false,false,0,0.0,0.0
U012498,control,2025-09-03 05:34:00+08,B013170,2025-09-05 05:34:00+08,Hong Kong,T2,zh-TW,true,,false,false,0,0.0,0.0
U012996,bundle_100_100,2025-09-22 09:22:00+08,B016253,2025-09-25 09:22:00+08,Singapore,T2,zh-TW,true,,false,false,0,0.0,0.0
U028611,bundle_100_100,2025-10-13 13:51:00+08,B011319,2025-10-15 13:51:00+08,Thailand,T1,ko,true,,false,false,0,0.0,0.0
U017075,airport_150,2025-10-01 10:05:00+08,B003967,2025-10-07 10:05:00+08,Singapore,T2,ja,true,,false,false,0,0.0,0.0
U001004,bundle_100_100,2025-10-06 22:41:00+08,B002437,2025-10-07 22:41:00+08,USA,T2,en,true,,false,false,0,0.0,0.0
U028083,airport_150,2025-09-11 13:57:00+08,B013410,2025-09-12 13:57:00+08,Hong Kong,T2,ja,true,,false,false,0,0.0,0.0
U017635,bundle_100_100,2025-09-19 23:34:00+08,B012118,2025-09-21 23:34:00+08,Hong Kong,T2,ko,true,,false,false,0,0.0,0.0
U020857,airport_150,2025-10-17 21:01:00+08,B011180,2025-10-19 21:01:00+08,Hong Kong,T1,ko,true,,false,false,0,0.0,0.0
U024635,bundle_100_100,2025-10-01 21:29:00+08,B014311,2025-10-03 21:29:00+08,Japan,T2,en,true,,false,false,0,0.0,0.0
U010543,bundle_100_100,2025-10-16 15:17:00+08,B009768,2025-10-17 15:17:00+08,Korea,T2,ja,true,,false,false,0,0.0,0.0
U010578,airport_150,2025-09-10 15:27:00+08,B005516,2025-09-12 15:27:00+08,Singapore,T2,ja,true,,false,false,0,0.0,0.0
U009432,bundle_100_100,2025-10-11 10:10:00+08,B009383,2025-10-12 10:10:00+08,Hong Kong,T1,en,true,,false,false,0,0.0,0.0
U012821,airport_150,2025-10-12 21:08:00+08,B000959,2025-10-16 21:08:00+08,Thailand,T1,zh-TW,true,,false,false,0,0.0,0.0
U003866,bundle_100_100,2025-09-26 20:21:00+08,B005876,2025-10-02 20:21:00+08,Japan,T2,ja,true,,false,false,0,0.0,0.0
U006216,airport_150,2025-10-19 14:31:00+08,B012116,2025-10-22 14:31:00+08,USA,T1,ko,true,,false,false,0,0.0,0.0
U005167,bundle_100_100,2025-10-18 21:57:00+08,B003415,2025-10-23 21:57:00+08,Thailand,T1,ja,true,,false,false,0,0.0,0.0
U011082,airport_150,2025-09-24 08:47:00+08,B017797,2025-09-26 08:47:00+08,Hong Kong,T2,ja,true,,false,false,0,0.0,0.0
U015683,control,2025-10-11 23:11:00+08,B009919,2025-10-15 23:11:00+08,USA,T1,ja,true,,false,false,0,0.0,0.0
U026825,airport_150,2025-10-03 01:38:00+08,B009513,2025-10-04 01:38:00+08,Thailand,T2,zh-TW,true,,false,false,0,0.0,0.0
U003542,bundle_100_100,2025-10-08 22:15:00+08,B004498,2025-10-13 22:15:00+08,Japan,T1,en,true,,false,false,0,0.0,0.0
U025737,airport_150,2025-10-19 08:58:00+08,B015894,2025-10-22 08:58:00+08,Korea,T2,ja,true,,false,false,0,0.0,0.0
U014488,airport_150,2025-09-07 20:16:00+08,B000018,2025-09-08 20:16:00+08,Singapore,T2,ko,true,,false,false,0,0.0,0.0
U008491,control,2025-10-10 11:05:00+08,B002922,2025-10-12 11:05:00+08,Singapore,T2,zh-TW,true,,false,false,0,0.0,0.0
U010752,airport_150,2025-09-03 07:28:00+08,B016876,2025-09-09 07:28:00+08,Japan,T2,ko,true,,false,false,0,0.0,0.0
U011350,airport_150,2025-10-06 09:35:00+08,B007939,2025-10-12 09:35:00+08,USA,T2,zh-TW,true,,false,false,0,0.0,0.0
U029863,airport_150,2025-09-26 15:39:00+08,B011944,2025-09-27 15:39:00+08,Japan,T1,ko,true,,false,false,0,0.0,0.0
U003716,airport_150,2025-09-02 06:32:00+08,B011712,2025-09-03 06:32:00+08,Thailand,T1,zh-TW,true,,false,false,0,0.0,0.0
U019026,airport_150,2025-10-14 21:23:00+08,B001793,2025-10-18 21:23:00+08,Korea,T2,ko,true,,false,false,0,0.0,0.0
U012402,bundle_100_100,2025-09-06 20:12:00+08,B017221,2025-09-07 20:12:00+08,USA,T2,ko,true,,false,false,0,0.0,0.0
U012571,bundle_100_100,2025-09-05 07:14:00+08,B001905,2025-09-11 07:14:00+08,Singapore,T1,ja,true,,false,false,0,0.0,0.0
U020581,bundle_100_100,2025-10-11 23:57:00+08,B001287,2025-10-17 23:57:00+08,Japan,T1,ko,true,,false,false,0,0.0,0.0
U001933,bundle_100_100,2025-09-16 06:02:00+08,B013373,2025-09-22 06:02:00+08,Korea,T2,ko,true,,false,false,0,0.0,0.0
U019188,airport_150,2025-10-14 23:16:00+08,B013232,2025-10-16 23:16:00+08,Korea,T1,ko,true,,false,false,0,0.0,0.0
U027511,airport_150,2025-10-13 07:05:00+08,B017523,2025-10-19 07:05:00+08,USA,T1,ko,true,,false,false,0,0.0,0.0
U000049,airport_150,2025-09-09 18:04:00+08,B015723,2025-09-11 18:04:00+08,USA,T2,zh-TW,true,,false,false,0,0.0,0.0
U011344,airport_150,2025-10-09 23:12:00+08,B000323,2025-10-15 23:12:00+08,Hong Kong,T2,en,true,,false,false,0,0.0,0.0
U029553,airport_150,2025-10-15 10:45:00+08,B016588,2025-10-21 10:45:00+08,Singapore,T2,zh-TW,true,,false,false,0,0.0,0.0
U009283,bundle_100_100,2025-09-17 08:18:00+08,B003236,2025-09-21 08:18:00+08,Korea,T1,en,true,,false,false,0,0.0,0.0
U011371,bundle_100_100,2025-10-22 07:59:00+08,B016341,2025-10-26 07:59:00+08,Hong Kong,T1,ja,true,,false,false,0,0.0,0.0
U017400,airport_150,2025-09-22 01:36:00+08,B013618,2025-09-26 01:36:00+08,Japan,T1,ja,true,,false,false,0,0.0,0.0
U023761,control,2025-09-16 08:00:00+08,B012605,2025-09-20 08:00:00+08,Hong Kong,T1,ko,true,,false,false,0,0.0,0.0
U021099,bundle_100_100,2025-10-21 09:47:00+08,B004439,2025-10-25 09:47:00+08,Japan,T2,zh-TW,true,,false,false,0,0.0,0.0
