snapshot_hour,service_zone,available_drivers,source_requests,observed_requests,accepted_requests,completed_trips,cancelled_trips,p90_pickup_eta_min,metric_observation_status,acceptance_rate,cancellation_rate,demand_supply_gap,is_campaign_period,operational_action
2025-08-04 00:00:00+08,TAIPEI_101,146,130,,,113,,,source_only_no_observed_trip,,,-16,false,monitor_source_only
2025-08-04 00:00:00+08,TAIPEI_MAIN,142,99,,,71,,,source_only_no_observed_trip,,,-43,false,monitor_source_only
2025-08-04 00:00:00+08,TPE_AIRPORT,105,107,,,85,,,source_only_no_observed_trip,,,2,false,monitor_source_only
2025-08-04 00:00:00+08,XIMENDING,177,102,,,86,,,source_only_no_observed_trip,,,-75,false,monitor_source_only
2025-08-04 01:00:00+08,TAIPEI_101,159,119,1,1,1,0,15.0,observed,1.0,0.0,-40,false,monitor
2025-08-04 01:00:00+08,TAIPEI_MAIN,153,71,,,61,,,source_only_no_observed_trip,,,-82,false,monitor_source_only
2025-08-04 01:00:00+08,TPE_AIRPORT,118,92,,,80,,,source_only_no_observed_trip,,,-26,false,monitor_source_only
2025-08-04 01:00:00+08,XIMENDING,135,97,,,76,,,source_only_no_observed_trip,,,-38,false,monitor_source_only
2025-08-04 02:00:00+08,TAIPEI_101,174,76,,,61,,,source_only_no_observed_trip,,,-98,false,monitor_source_only
2025-08-04 02:00:00+08,TAIPEI_MAIN,158,98,,,84,,,source_only_no_observed_trip,,,-60,false,monitor_source_only
2025-08-04 02:00:00+08,TPE_AIRPORT,145,59,,,45,,,source_only_no_observed_trip,,,-86,false,monitor_source_only
2025-08-04 02:00:00+08,XIMENDING,162,127,,,94,,,source_only_no_observed_trip,,,-35,false,monitor_source_only
2025-08-04 03:00:00+08,TAIPEI_101,169,95,1,1,0,1,,observed,1.0,1.0,-74,false,monitor
2025-08-04 03:00:00+08,TAIPEI_MAIN,196,156,,,133,,,source_only_no_observed_trip,,,-40,false,monitor_source_only
2025-08-04 03:00:00+08,TPE_AIRPORT,113,104,2,2,2,0,20.3,observed,1.0,0.0,-9,false,review_pickup_reliability
2025-08-04 03:00:00+08,XIMENDING,131,99,2,2,2,0,16.9,observed,1.0,0.0,-32,false,monitor
2025-08-04 04:00:00+08,TAIPEI_101,145,119,,,99,,,source_only_no_observed_trip,,,-26,false,monitor_source_only
2025-08-04 04:00:00+08,TAIPEI_MAIN,167,172,,,126,,,source_only_no_observed_trip,,,5,false,monitor_source_only
2025-08-04 04:00:00+08,TPE_AIRPORT,101,104,,,75,,,source_only_no_observed_trip,,,3,false,monitor_source_only
2025-08-04 04:00:00+08,XIMENDING,150,139,,,112,,,source_only_no_observed_trip,,,-11,false,monitor_source_only
2025-08-04 05:00:00+08,TAIPEI_101,123,195,,,164,,,source_only_no_observed_trip,,,72,false,monitor_source_only
2025-08-04 05:00:00+08,TAIPEI_MAIN,88,205,,,149,,,source_only_no_observed_trip,,,117,false,monitor_source_only
2025-08-04 05:00:00+08,TPE_AIRPORT,57,117,1,1,1,0,8.0,observed,1.0,0.0,60,false,increase_supply_or_pause_send
2025-08-04 05:00:00+08,XIMENDING,131,174,3,3,3,0,21.0,observed,1.0,0.0,43,false,increase_supply_or_pause_send
2025-08-04 06:00:00+08,TAIPEI_101,174,219,,,183,,,source_only_no_observed_trip,,,45,false,monitor_source_only
2025-08-04 06:00:00+08,TAIPEI_MAIN,157,191,,,164,,,source_only_no_observed_trip,,,34,false,monitor_source_only
2025-08-04 06:00:00+08,TPE_AIRPORT,87,122,1,1,1,0,9.0,observed,1.0,0.0,35,false,increase_supply_or_pause_send
2025-08-04 06:00:00+08,XIMENDING,138,183,,,136,,,source_only_no_observed_trip,,,45,false,monitor_source_only
2025-08-04 07:00:00+08,TAIPEI_101,116,176,,,137,,,source_only_no_observed_trip,,,60,false,monitor_source_only
2025-08-04 07:00:00+08,TAIPEI_MAIN,109,235,,,187,,,source_only_no_observed_trip,,,126,false,monitor_source_only
2025-08-04 07:00:00+08,TPE_AIRPORT,91,127,1,1,1,0,19.0,observed,1.0,0.0,36,false,increase_supply_or_pause_send
2025-08-04 07:00:00+08,XIMENDING,112,188,2,2,2,0,17.4,observed,1.0,0.0,76,false,increase_supply_or_pause_send
2025-08-04 08:00:00+08,TAIPEI_101,160,197,1,1,1,0,15.0,observed,1.0,0.0,37,false,increase_supply_or_pause_send
2025-08-04 08:00:00+08,TAIPEI_MAIN,118,155,,,133,,,source_only_no_observed_trip,,,37,false,monitor_source_only
2025-08-04 08:00:00+08,TPE_AIRPORT,103,127,1,1,1,0,13.0,observed,1.0,0.0,24,false,increase_supply_or_pause_send
2025-08-04 08:00:00+08,XIMENDING,146,191,,,162,,,source_only_no_observed_trip,,,45,false,monitor_source_only
2025-08-04 09:00:00+08,TAIPEI_101,167,133,5,4,4,1,15.5,observed,0.8,0.2,-34,false,monitor
2025-08-04 09:00:00+08,TAIPEI_MAIN,159,113,1,1,1,0,8.0,observed,1.0,0.0,-46,false,monitor
2025-08-04 09:00:00+08,TPE_AIRPORT,120,89,2,2,2,0,18.8,observed,1.0,0.0,-31,false,monitor
2025-08-04 09:00:00+08,XIMENDING,191,90,1,1,1,0,19.0,observed,1.0,0.0,-101,false,monitor
2025-08-04 10:00:00+08,TAIPEI_101,151,147,,,118,,,source_only_no_observed_trip,,,-4,false,monitor_source_only
2025-08-04 10:00:00+08,TAIPEI_MAIN,146,110,,,91,,,source_only_no_observed_trip,,,-36,false,monitor_source_only
2025-08-04 10:00:00+08,TPE_AIRPORT,135,120,1,1,1,0,12.0,observed,1.0,0.0,-15,false,monitor
2025-08-04 10:00:00+08,XIMENDING,157,105,,,78,,,source_only_no_observed_trip,,,-52,false,monitor_source_only
2025-08-04 11:00:00+08,TAIPEI_101,182,80,1,1,1,0,8.0,observed,1.0,0.0,-102,false,monitor
2025-08-04 11:00:00+08,TAIPEI_MAIN,161,79,,,57,,,source_only_no_observed_trip,,,-82,false,monitor_source_only
2025-08-04 11:00:00+08,TPE_AIRPORT,136,78,,,67,,,source_only_no_observed_trip,,,-58,false,monitor_source_only
2025-08-04 11:00:00+08,XIMENDING,155,148,1,1,1,0,13.0,observed,1.0,0.0,-7,false,monitor
2025-08-04 12:00:00+08,TAIPEI_101,164,80,1,1,0,1,,observed,1.0,1.0,-84,false,monitor
2025-08-04 12:00:00+08,TAIPEI_MAIN,201,132,,,107,,,source_only_no_observed_trip,,,-69,false,monitor_source_only
2025-08-04 12:00:00+08,TPE_AIRPORT,77,119,,,107,,,source_only_no_observed_trip,,,42,false,monitor_source_only
2025-08-04 12:00:00+08,XIMENDING,185,106,,,84,,,source_only_no_observed_trip,,,-79,false,monitor_source_only
2025-08-04 13:00:00+08,TAIPEI_101,209,113,1,1,1,0,12.0,observed,1.0,0.0,-96,false,monitor
2025-08-04 13:00:00+08,TAIPEI_MAIN,128,121,1,1,1,0,11.0,observed,1.0,0.0,-7,false,monitor
2025-08-04 13:00:00+08,TPE_AIRPORT,95,46,1,1,1,0,20.0,observed,1.0,0.0,-49,false,monitor
2025-08-04 13:00:00+08,XIMENDING,155,150,2,2,2,0,17.599999999999998,observed,1.0,0.0,-5,false,monitor
2025-08-04 14:00:00+08,TAIPEI_101,179,122,,,92,,,source_only_no_observed_trip,,,-57,false,monitor_source_only
2025-08-04 14:00:00+08,TAIPEI_MAIN,177,128,,,98,,,source_only_no_observed_trip,,,-49,false,monitor_source_only
2025-08-04 14:00:00+08,TPE_AIRPORT,133,82,,,63,,,source_only_no_observed_trip,,,-51,false,monitor_source_only
2025-08-04 14:00:00+08,XIMENDING,182,130,,,101,,,source_only_no_observed_trip,,,-52,false,monitor_source_only
2025-08-04 15:00:00+08,TAIPEI_101,184,89,1,1,1,0,19.0,observed,1.0,0.0,-95,false,monitor
2025-08-04 15:00:00+08,TAIPEI_MAIN,171,92,1,1,1,0,10.0,observed,1.0,0.0,-79,false,monitor
2025-08-04 15:00:00+08,TPE_AIRPORT,84,87,,,66,,,source_only_no_observed_trip,,,3,false,monitor_source_only
2025-08-04 15:00:00+08,XIMENDING,139,89,,,78,,,source_only_no_observed_trip,,,-50,false,monitor_source_only
2025-08-04 16:00:00+08,TAIPEI_101,180,120,,,101,,,source_only_no_observed_trip,,,-60,false,monitor_source_only
2025-08-04 16:00:00+08,TAIPEI_MAIN,169,128,2,2,2,0,18.0,observed,1.0,0.0,-41,false,monitor
2025-08-04 16:00:00+08,TPE_AIRPORT,120,36,1,1,1,0,12.0,observed,1.0,0.0,-84,false,monitor
2025-08-04 16:00:00+08,XIMENDING,170,99,,,74,,,source_only_no_observed_trip,,,-71,false,monitor_source_only
2025-08-04 17:00:00+08,TAIPEI_101,132,143,1,1,1,0,21.0,observed,1.0,0.0,11,false,review_pickup_reliability
2025-08-04 17:00:00+08,TAIPEI_MAIN,159,75,1,1,1,0,20.0,observed,1.0,0.0,-84,false,monitor
2025-08-04 17:00:00+08,TPE_AIRPORT,116,91,2,2,2,0,10.9,observed,1.0,0.0,-25,false,monitor
2025-08-04 17:00:00+08,XIMENDING,163,111,1,1,1,0,20.0,observed,1.0,0.0,-52,false,monitor
2025-08-04 18:00:00+08,TAIPEI_101,132,109,2,2,2,0,16.8,observed,1.0,0.0,-23,false,monitor
2025-08-04 18:00:00+08,TAIPEI_MAIN,141,91,1,1,1,0,16.0,observed,1.0,0.0,-50,false,monitor
2025-08-04 18:00:00+08,TPE_AIRPORT,135,67,2,2,1,1,20.0,observed,1.0,0.5,-68,false,monitor
2025-08-04 18:00:00+08,XIMENDING,147,84,1,1,1,0,13.0,observed,1.0,0.0,-63,false,monitor
2025-08-04 19:00:00+08,TAIPEI_101,178,163,2,2,2,0,17.299999999999997,observed,1.0,0.0,-15,false,monitor
2025-08-04 19:00:00+08,TAIPEI_MAIN,155,67,1,1,1,0,14.0,observed,1.0,0.0,-88,false,monitor
2025-08-04 19:00:00+08,TPE_AIRPORT,94,35,,,26,,,source_only_no_observed_trip,,,-59,false,monitor_source_only
2025-08-04 19:00:00+08,XIMENDING,157,142,,,111,,,source_only_no_observed_trip,,,-15,false,monitor_source_only
2025-08-04 20:00:00+08,TAIPEI_101,136,177,1,1,1,0,22.0,observed,1.0,0.0,41,false,increase_supply_or_pause_send
2025-08-04 20:00:00+08,TAIPEI_MAIN,139,170,1,1,1,0,8.0,observed,1.0,0.0,31,false,increase_supply_or_pause_send
2025-08-04 20:00:00+08,TPE_AIRPORT,87,153,1,1,1,0,15.0,observed,1.0,0.0,66,false,increase_supply_or_pause_send
2025-08-04 20:00:00+08,XIMENDING,123,227,,,197,,,source_only_no_observed_trip,,,104,false,monitor_source_only
2025-08-04 21:00:00+08,TAIPEI_101,150,184,,,140,,,source_only_no_observed_trip,,,34,false,monitor_source_only
2025-08-04 21:00:00+08,TAIPEI_MAIN,139,184,,,162,,,source_only_no_observed_trip,,,45,false,monitor_source_only
2025-08-04 21:00:00+08,TPE_AIRPORT,90,110,,,80,,,source_only_no_observed_trip,,,20,false,monitor_source_only
2025-08-04 21:00:00+08,XIMENDING,163,230,,,198,,,source_only_no_observed_trip,,,67,false,monitor_source_only
2025-08-04 22:00:00+08,TAIPEI_101,152,159,2,2,2,0,18.9,observed,1.0,0.0,7,false,monitor
2025-08-04 22:00:00+08,TAIPEI_MAIN,110,199,,,176,,,source_only_no_observed_trip,,,89,false,monitor_source_only
2025-08-04 22:00:00+08,TPE_AIRPORT,97,116,,,97,,,source_only_no_observed_trip,,,19,false,monitor_source_only
2025-08-04 22:00:00+08,XIMENDING,143,174,,,127,,,source_only_no_observed_trip,,,31,false,monitor_source_only
2025-08-04 23:00:00+08,TAIPEI_101,120,142,,,113,,,source_only_no_observed_trip,,,22,false,monitor_source_only
2025-08-04 23:00:00+08,TAIPEI_MAIN,118,158,,,139,,,source_only_no_observed_trip,,,40,false,monitor_source_only
2025-08-04 23:00:00+08,TPE_AIRPORT,67,88,,,67,,,source_only_no_observed_trip,,,21,false,monitor_source_only
2025-08-04 23:00:00+08,XIMENDING,133,191,1,1,1,0,11.0,observed,1.0,0.0,58,false,increase_supply_or_pause_send
2025-08-05 00:00:00+08,TAIPEI_101,178,150,2,2,2,0,20.6,observed,1.0,0.0,-28,false,review_pickup_reliability
2025-08-05 00:00:00+08,TAIPEI_MAIN,161,123,,,98,,,source_only_no_observed_trip,,,-38,false,monitor_source_only
2025-08-05 00:00:00+08,TPE_AIRPORT,116,49,1,1,1,0,20.0,observed,1.0,0.0,-67,false,monitor
2025-08-05 00:00:00+08,XIMENDING,182,140,,,107,,,source_only_no_observed_trip,,,-42,false,monitor_source_only
2025-08-05 01:00:00+08,TAIPEI_101,161,123,,,108,,,source_only_no_observed_trip,,,-38,false,monitor_source_only
2025-08-05 01:00:00+08,TAIPEI_MAIN,158,70,,,60,,,source_only_no_observed_trip,,,-88,false,monitor_source_only
2025-08-05 01:00:00+08,TPE_AIRPORT,129,83,,,73,,,source_only_no_observed_trip,,,-46,false,monitor_source_only
2025-08-05 01:00:00+08,XIMENDING,177,127,,,94,,,source_only_no_observed_trip,,,-50,false,monitor_source_only
2025-08-05 02:00:00+08,TAIPEI_101,192,121,,,97,,,source_only_no_observed_trip,,,-71,false,monitor_source_only
2025-08-05 02:00:00+08,TAIPEI_MAIN,177,135,,,102,,,source_only_no_observed_trip,,,-42,false,monitor_source_only
2025-08-05 02:00:00+08,TPE_AIRPORT,110,47,1,1,1,0,17.0,observed,1.0,0.0,-63,false,monitor
2025-08-05 02:00:00+08,XIMENDING,178,124,,,95,,,source_only_no_observed_trip,,,-54,false,monitor_source_only
2025-08-05 03:00:00+08,TAIPEI_101,149,95,1,1,1,0,21.0,observed,1.0,0.0,-54,false,review_pickup_reliability
2025-08-05 03:00:00+08,TAIPEI_MAIN,170,140,,,125,,,source_only_no_observed_trip,,,-30,false,monitor_source_only
2025-08-05 03:00:00+08,TPE_AIRPORT,136,54,,,38,,,source_only_no_observed_trip,,,-82,false,monitor_source_only
2025-08-05 03:00:00+08,XIMENDING,178,113,,,96,,,source_only_no_observed_trip,,,-65,false,monitor_source_only
2025-08-05 04:00:00+08,TAIPEI_101,152,113,,,92,,,source_only_no_observed_trip,,,-39,false,monitor_source_only
2025-08-05 04:00:00+08,TAIPEI_MAIN,140,95,1,1,1,0,13.0,observed,1.0,0.0,-45,false,monitor
2025-08-05 04:00:00+08,TPE_AIRPORT,130,57,,,45,,,source_only_no_observed_trip,,,-73,false,monitor_source_only
2025-08-05 04:00:00+08,XIMENDING,181,114,,,85,,,source_only_no_observed_trip,,,-67,false,monitor_source_only
2025-08-05 05:00:00+08,TAIPEI_101,118,153,1,1,1,0,21.0,observed,1.0,0.0,35,false,increase_supply_or_pause_send
2025-08-05 05:00:00+08,TAIPEI_MAIN,128,163,1,1,1,0,17.0,observed,1.0,0.0,35,false,increase_supply_or_pause_send
2025-08-05 05:00:00+08,TPE_AIRPORT,86,160,,,127,,,source_only_no_observed_trip,,,74,false,monitor_source_only
2025-08-05 05:00:00+08,XIMENDING,149,214,1,1,1,0,5.0,observed,1.0,0.0,65,false,increase_supply_or_pause_send
2025-08-05 06:00:00+08,TAIPEI_101,142,176,1,1,1,0,12.0,observed,1.0,0.0,34,false,increase_supply_or_pause_send
2025-08-05 06:00:00+08,TAIPEI_MAIN,135,138,1,1,0,1,,observed,1.0,1.0,3,false,monitor
2025-08-05 06:00:00+08,TPE_AIRPORT,84,165,,,140,,,source_only_no_observed_trip,,,81,false,monitor_source_only
2025-08-05 06:00:00+08,XIMENDING,132,197,,,149,,,source_only_no_observed_trip,,,65,false,monitor_source_only
2025-08-05 07:00:00+08,TAIPEI_101,152,216,2,2,2,0,12.4,observed,1.0,0.0,64,false,increase_supply_or_pause_send
2025-08-05 07:00:00+08,TAIPEI_MAIN,136,181,1,1,1,0,15.0,observed,1.0,0.0,45,false,increase_supply_or_pause_send
2025-08-05 07:00:00+08,TPE_AIRPORT,71,154,2,2,2,0,18.9,observed,1.0,0.0,83,false,increase_supply_or_pause_send
2025-08-05 07:00:00+08,XIMENDING,124,154,3,3,3,0,19.8,observed,1.0,0.0,30,false,increase_supply_or_pause_send
2025-08-05 08:00:00+08,TAIPEI_101,102,174,1,1,1,0,18.0,observed,1.0,0.0,72,false,increase_supply_or_pause_send
2025-08-05 08:00:00+08,TAIPEI_MAIN,116,189,,,153,,,source_only_no_observed_trip,,,73,false,monitor_source_only
2025-08-05 08:00:00+08,TPE_AIRPORT,76,79,1,1,1,0,18.0,observed,1.0,0.0,3,false,monitor
2025-08-05 08:00:00+08,XIMENDING,146,170,1,1,1,0,22.0,observed,1.0,0.0,24,false,increase_supply_or_pause_send
2025-08-05 09:00:00+08,TAIPEI_101,188,161,2,2,2,0,16.7,observed,1.0,0.0,-27,false,monitor
2025-08-05 09:00:00+08,TAIPEI_MAIN,142,104,,,77,,,source_only_no_observed_trip,,,-38,false,monitor_source_only
2025-08-05 09:00:00+08,TPE_AIRPORT,113,62,2,2,2,0,13.5,observed,1.0,0.0,-51,false,monitor
2025-08-05 09:00:00+08,XIMENDING,178,103,,,79,,,source_only_no_observed_trip,,,-75,false,monitor_source_only
2025-08-05 10:00:00+08,TAIPEI_101,162,139,,,103,,,source_only_no_observed_trip,,,-23,false,monitor_source_only
2025-08-05 10:00:00+08,TAIPEI_MAIN,161,120,1,1,1,0,22.0,observed,1.0,0.0,-41,false,review_pickup_reliability
2025-08-05 10:00:00+08,TPE_AIRPORT,125,74,,,60,,,source_only_no_observed_trip,,,-51,false,monitor_source_only
2025-08-05 10:00:00+08,XIMENDING,156,116,,,91,,,source_only_no_observed_trip,,,-40,false,monitor_source_only
2025-08-05 11:00:00+08,TAIPEI_101,161,86,,,63,,,source_only_no_observed_trip,,,-75,false,monitor_source_only
2025-08-05 11:00:00+08,TAIPEI_MAIN,144,75,,,67,,,source_only_no_observed_trip,,,-69,false,monitor_source_only
2025-08-05 11:00:00+08,TPE_AIRPORT,118,74,,,59,,,source_only_no_observed_trip,,,-44,false,monitor_source_only
2025-08-05 11:00:00+08,XIMENDING,159,86,,,62,,,source_only_no_observed_trip,,,-73,false,monitor_source_only
2025-08-05 12:00:00+08,TAIPEI_101,176,130,,,114,,,source_only_no_observed_trip,,,-46,false,monitor_source_only
2025-08-05 12:00:00+08,TAIPEI_MAIN,187,122,,,101,,,source_only_no_observed_trip,,,-65,false,monitor_source_only
2025-08-05 12:00:00+08,TPE_AIRPORT,83,52,,,45,,,source_only_no_observed_trip,,,-31,false,monitor_source_only
2025-08-05 12:00:00+08,XIMENDING,168,81,,,65,,,source_only_no_observed_trip,,,-87,false,monitor_source_only
2025-08-05 13:00:00+08,TAIPEI_101,157,133,1,1,1,0,14.0,observed,1.0,0.0,-24,false,monitor
2025-08-05 13:00:00+08,TAIPEI_MAIN,140,80,2,2,2,0,8.799999999999999,observed,1.0,0.0,-60,false,monitor
2025-08-05 13:00:00+08,TPE_AIRPORT,90,97,,,70,,,source_only_no_observed_trip,,,7,false,monitor_source_only
2025-08-05 13:00:00+08,XIMENDING,156,133,1,1,1,0,18.0,observed,1.0,0.0,-23,false,monitor
2025-08-05 14:00:00+08,TAIPEI_101,163,148,1,1,1,0,12.0,observed,1.0,0.0,-15,false,monitor
2025-08-05 14:00:00+08,TAIPEI_MAIN,172,104,,,76,,,source_only_no_observed_trip,,,-68,false,monitor_source_only
2025-08-05 14:00:00+08,TPE_AIRPORT,127,70,1,1,1,0,17.0,observed,1.0,0.0,-57,false,monitor
2025-08-05 14:00:00+08,XIMENDING,157,124,1,1,1,0,15.0,observed,1.0,0.0,-33,false,monitor
2025-08-05 15:00:00+08,TAIPEI_101,155,112,,,84,,,source_only_no_observed_trip,,,-43,false,monitor_source_only
2025-08-05 15:00:00+08,TAIPEI_MAIN,160,118,1,1,0,1,,observed,1.0,1.0,-42,false,monitor
2025-08-05 15:00:00+08,TPE_AIRPORT,89,107,,,91,,,source_only_no_observed_trip,,,18,false,monitor_source_only
2025-08-05 15:00:00+08,XIMENDING,149,116,,,100,,,source_only_no_observed_trip,,,-33,false,monitor_source_only
2025-08-05 16:00:00+08,TAIPEI_101,177,73,,,53,,,source_only_no_observed_trip,,,-104,false,monitor_source_only
2025-08-05 16:00:00+08,TAIPEI_MAIN,149,127,,,109,,,source_only_no_observed_trip,,,-22,false,monitor_source_only
2025-08-05 16:00:00+08,TPE_AIRPORT,97,66,,,56,,,source_only_no_observed_trip,,,-31,false,monitor_source_only
2025-08-05 16:00:00+08,XIMENDING,161,146,2,2,2,0,21.0,observed,1.0,0.0,-15,false,review_pickup_reliability
2025-08-05 17:00:00+08,TAIPEI_101,146,96,,,83,,,source_only_no_observed_trip,,,-50,false,monitor_source_only
2025-08-05 17:00:00+08,TAIPEI_MAIN,189,115,2,2,2,0,22.700000000000003,observed,1.0,0.0,-74,false,review_pickup_reliability
2025-08-05 17:00:00+08,TPE_AIRPORT,122,74,2,2,2,0,10.9,observed,1.0,0.0,-48,false,monitor
2025-08-05 17:00:00+08,XIMENDING,172,117,1,1,0,1,,observed,1.0,1.0,-55,false,monitor
2025-08-05 18:00:00+08,TAIPEI_101,138,67,2,2,2,0,17.9,observed,1.0,0.0,-71,false,monitor
2025-08-05 18:00:00+08,TAIPEI_MAIN,171,130,,,117,,,source_only_no_observed_trip,,,-41,false,monitor_source_only
2025-08-05 18:00:00+08,TPE_AIRPORT,111,64,1,1,1,0,14.0,observed,1.0,0.0,-47,false,monitor
2025-08-05 18:00:00+08,XIMENDING,138,109,2,2,2,0,9.5,observed,1.0,0.0,-29,false,monitor
2025-08-05 19:00:00+08,TAIPEI_101,146,140,2,1,1,1,6.0,observed,0.5,0.5,-6,false,monitor
2025-08-05 19:00:00+08,TAIPEI_MAIN,131,113,3,3,3,0,21.6,observed,1.0,0.0,-18,false,review_pickup_reliability
2025-08-05 19:00:00+08,TPE_AIRPORT,77,84,5,5,4,1,19.8,observed,1.0,0.2,7,false,monitor
2025-08-05 19:00:00+08,XIMENDING,156,100,,,89,,,source_only_no_observed_trip,,,-56,false,monitor_source_only
2025-08-05 20:00:00+08,TAIPEI_101,148,205,,,183,,,source_only_no_observed_trip,,,57,false,monitor_source_only
2025-08-05 20:00:00+08,TAIPEI_MAIN,144,164,1,1,1,0,11.0,observed,1.0,0.0,20,false,monitor
2025-08-05 20:00:00+08,TPE_AIRPORT,114,129,2,2,2,0,22.2,observed,1.0,0.0,15,false,review_pickup_reliability
2025-08-05 20:00:00+08,XIMENDING,108,162,1,1,1,0,12.0,observed,1.0,0.0,54,false,increase_supply_or_pause_send
2025-08-05 21:00:00+08,TAIPEI_101,118,193,,,142,,,source_only_no_observed_trip,,,75,false,monitor_source_only
2025-08-05 21:00:00+08,TAIPEI_MAIN,132,161,1,1,1,0,14.0,observed,1.0,0.0,29,false,increase_supply_or_pause_send
2025-08-05 21:00:00+08,TPE_AIRPORT,87,122,,,100,,,source_only_no_observed_trip,,,35,false,monitor_source_only
2025-08-05 21:00:00+08,XIMENDING,149,162,2,2,2,0,18.0,observed,1.0,0.0,13,false,monitor
2025-08-05 22:00:00+08,TAIPEI_101,133,195,1,1,1,0,19.0,observed,1.0,0.0,62,false,increase_supply_or_pause_send
2025-08-05 22:00:00+08,TAIPEI_MAIN,144,184,2,2,1,1,15.0,observed,1.0,0.5,40,false,increase_supply_or_pause_send
2025-08-05 22:00:00+08,TPE_AIRPORT,88,171,,,151,,,source_only_no_observed_trip,,,83,false,monitor_source_only
2025-08-05 22:00:00+08,XIMENDING,173,208,,,176,,,source_only_no_observed_trip,,,35,false,monitor_source_only
2025-08-05 23:00:00+08,TAIPEI_101,144,154,1,1,1,0,11.0,observed,1.0,0.0,10,false,monitor
2025-08-05 23:00:00+08,TAIPEI_MAIN,117,171,,,138,,,source_only_no_observed_trip,,,54,false,monitor_source_only
2025-08-05 23:00:00+08,TPE_AIRPORT,87,121,,,99,,,source_only_no_observed_trip,,,34,false,monitor_source_only
2025-08-05 23:00:00+08,XIMENDING,153,198,,,158,,,source_only_no_observed_trip,,,45,false,monitor_source_only
2025-08-06 00:00:00+08,TAIPEI_101,155,74,,,60,,,source_only_no_observed_trip,,,-81,false,monitor_source_only
2025-08-06 00:00:00+08,TAIPEI_MAIN,142,95,,,76,,,source_only_no_observed_trip,,,-47,false,monitor_source_only
2025-08-06 00:00:00+08,TPE_AIRPORT,139,89,,,70,,,source_only_no_observed_trip,,,-50,false,monitor_source_only
2025-08-06 00:00:00+08,XIMENDING,163,96,,,80,,,source_only_no_observed_trip,,,-67,false,monitor_source_only
2025-08-06 01:00:00+08,TAIPEI_101,178,145,2,2,1,1,16.0,observed,1.0,0.5,-33,false,monitor
2025-08-06 01:00:00+08,TAIPEI_MAIN,175,135,,,107,,,source_only_no_observed_trip,,,-40,false,monitor_source_only
2025-08-06 01:00:00+08,TPE_AIRPORT,115,87,1,1,1,0,21.0,observed,1.0,0.0,-28,false,review_pickup_reliability
2025-08-06 01:00:00+08,XIMENDING,180,72,1,1,1,0,17.0,observed,1.0,0.0,-108,false,monitor
2025-08-06 02:00:00+08,TAIPEI_101,160,73,,,62,,,source_only_no_observed_trip,,,-87,false,monitor_source_only
2025-08-06 02:00:00+08,TAIPEI_MAIN,152,162,1,1,1,0,17.0,observed,1.0,0.0,10,false,monitor
2025-08-06 02:00:00+08,TPE_AIRPORT,148,34,,,24,,,source_only_no_observed_trip,,,-114,false,monitor_source_only
2025-08-06 02:00:00+08,XIMENDING,171,139,,,115,,,source_only_no_observed_trip,,,-32,false,monitor_source_only
2025-08-06 03:00:00+08,TAIPEI_101,164,125,1,1,1,0,10.0,observed,1.0,0.0,-39,false,monitor
2025-08-06 03:00:00+08,TAIPEI_MAIN,137,153,1,1,1,0,21.0,observed,1.0,0.0,16,false,review_pickup_reliability
2025-08-06 03:00:00+08,TPE_AIRPORT,108,62,1,1,1,0,13.0,observed,1.0,0.0,-46,false,monitor
2025-08-06 03:00:00+08,XIMENDING,153,134,1,1,1,0,16.0,observed,1.0,0.0,-19,false,monitor
2025-08-06 04:00:00+08,TAIPEI_101,140,104,1,1,1,0,17.0,observed,1.0,0.0,-36,false,monitor
2025-08-06 04:00:00+08,TAIPEI_MAIN,167,103,1,0,0,1,,observed,0.0,1.0,-64,false,monitor
2025-08-06 04:00:00+08,TPE_AIRPORT,114,117,,,90,,,source_only_no_observed_trip,,,3,false,monitor_source_only
2025-08-06 04:00:00+08,XIMENDING,164,89,,,65,,,source_only_no_observed_trip,,,-75,false,monitor_source_only
2025-08-06 05:00:00+08,TAIPEI_101,114,157,1,1,1,0,17.0,observed,1.0,0.0,43,false,increase_supply_or_pause_send
2025-08-06 05:00:00+08,TAIPEI_MAIN,165,193,,,163,,,source_only_no_observed_trip,,,28,false,monitor_source_only
2025-08-06 05:00:00+08,TPE_AIRPORT,115,125,,,90,,,source_only_no_observed_trip,,,10,false,monitor_source_only
2025-08-06 05:00:00+08,XIMENDING,157,188,2,1,1,1,16.0,observed,0.5,0.5,31,false,increase_supply_or_pause_send
2025-08-06 06:00:00+08,TAIPEI_101,143,221,1,1,1,0,19.0,observed,1.0,0.0,78,false,increase_supply_or_pause_send
2025-08-06 06:00:00+08,TAIPEI_MAIN,137,199,,,176,,,source_only_no_observed_trip,,,62,false,monitor_source_only
2025-08-06 06:00:00+08,TPE_AIRPORT,82,144,,,104,,,source_only_no_observed_trip,,,62,false,monitor_source_only
2025-08-06 06:00:00+08,XIMENDING,132,187,,,151,,,source_only_no_observed_trip,,,55,false,monitor_source_only
2025-08-06 07:00:00+08,TAIPEI_101,114,157,,,141,,,source_only_no_observed_trip,,,43,false,monitor_source_only
2025-08-06 07:00:00+08,TAIPEI_MAIN,149,152,,,127,,,source_only_no_observed_trip,,,3,false,monitor_source_only
2025-08-06 07:00:00+08,TPE_AIRPORT,77,119,3,3,3,0,6.800000000000001,observed,1.0,0.0,42,false,increase_supply_or_pause_send
2025-08-06 07:00:00+08,XIMENDING,130,173,1,1,0,1,,observed,1.0,1.0,43,false,increase_supply_or_pause_send
2025-08-06 08:00:00+08,TAIPEI_101,176,182,1,1,1,0,10.0,observed,1.0,0.0,6,false,monitor
2025-08-06 08:00:00+08,TAIPEI_MAIN,108,165,1,1,1,0,24.0,observed,1.0,0.0,57,false,increase_supply_or_pause_send
2025-08-06 08:00:00+08,TPE_AIRPORT,92,93,1,1,1,0,19.0,observed,1.0,0.0,1,false,monitor
2025-08-06 08:00:00+08,XIMENDING,94,171,,,154,,,source_only_no_observed_trip,,,77,false,monitor_source_only
2025-08-06 09:00:00+08,TAIPEI_101,131,104,,,87,,,source_only_no_observed_trip,,,-27,false,monitor_source_only
2025-08-06 09:00:00+08,TAIPEI_MAIN,177,99,,,79,,,source_only_no_observed_trip,,,-78,false,monitor_source_only
2025-08-06 09:00:00+08,TPE_AIRPORT,130,74,,,62,,,source_only_no_observed_trip,,,-56,false,monitor_source_only
2025-08-06 09:00:00+08,XIMENDING,194,98,1,1,1,0,21.0,observed,1.0,0.0,-96,false,review_pickup_reliability
2025-08-06 10:00:00+08,TAIPEI_101,156,132,,,113,,,source_only_no_observed_trip,,,-24,false,monitor_source_only
2025-08-06 10:00:00+08,TAIPEI_MAIN,175,109,,,89,,,source_only_no_observed_trip,,,-66,false,monitor_source_only
2025-08-06 10:00:00+08,TPE_AIRPORT,120,53,1,1,1,0,19.0,observed,1.0,0.0,-67,false,monitor
2025-08-06 10:00:00+08,XIMENDING,160,106,,,85,,,source_only_no_observed_trip,,,-54,false,monitor_source_only
2025-08-06 11:00:00+08,TAIPEI_101,136,78,,,61,,,source_only_no_observed_trip,,,-58,false,monitor_source_only
2025-08-06 11:00:00+08,TAIPEI_MAIN,181,125,,,97,,,source_only_no_observed_trip,,,-56,false,monitor_source_only
2025-08-06 11:00:00+08,TPE_AIRPORT,122,115,,,88,,,source_only_no_observed_trip,,,-7,false,monitor_source_only
2025-08-06 11:00:00+08,XIMENDING,185,112,1,1,1,0,8.0,observed,1.0,0.0,-73,false,monitor
2025-08-06 12:00:00+08,TAIPEI_101,133,102,,,92,,,source_only_no_observed_trip,,,-31,false,monitor_source_only
2025-08-06 12:00:00+08,TAIPEI_MAIN,141,111,2,2,2,0,14.2,observed,1.0,0.0,-30,false,monitor
2025-08-06 12:00:00+08,TPE_AIRPORT,115,72,1,1,1,0,10.0,observed,1.0,0.0,-43,false,monitor
2025-08-06 12:00:00+08,XIMENDING,170,139,,,104,,,source_only_no_observed_trip,,,-31,false,monitor_source_only
2025-08-06 13:00:00+08,TAIPEI_101,157,71,,,57,,,source_only_no_observed_trip,,,-86,false,monitor_source_only
2025-08-06 13:00:00+08,TAIPEI_MAIN,127,158,,,128,,,source_only_no_observed_trip,,,31,false,monitor_source_only
2025-08-06 13:00:00+08,TPE_AIRPORT,111,25,,,22,,,source_only_no_observed_trip,,,-86,false,monitor_source_only
2025-08-06 13:00:00+08,XIMENDING,155,69,,,56,,,source_only_no_observed_trip,,,-86,false,monitor_source_only
2025-08-06 14:00:00+08,TAIPEI_101,150,87,1,1,1,0,15.0,observed,1.0,0.0,-63,false,monitor
2025-08-06 14:00:00+08,TAIPEI_MAIN,140,104,,,86,,,source_only_no_observed_trip,,,-36,false,monitor_source_only
2025-08-06 14:00:00+08,TPE_AIRPORT,141,83,,,68,,,source_only_no_observed_trip,,,-58,false,monitor_source_only
2025-08-06 14:00:00+08,XIMENDING,153,91,,,80,,,source_only_no_observed_trip,,,-62,false,monitor_source_only
2025-08-06 15:00:00+08,TAIPEI_101,141,166,,,121,,,source_only_no_observed_trip,,,25,false,monitor_source_only
2025-08-06 15:00:00+08,TAIPEI_MAIN,154,107,,,83,,,source_only_no_observed_trip,,,-47,false,monitor_source_only
2025-08-06 15:00:00+08,TPE_AIRPORT,120,70,,,61,,,source_only_no_observed_trip,,,-50,false,monitor_source_only
2025-08-06 15:00:00+08,XIMENDING,146,101,,,81,,,source_only_no_observed_trip,,,-45,false,monitor_source_only
2025-08-06 16:00:00+08,TAIPEI_101,158,81,,,65,,,source_only_no_observed_trip,,,-77,false,monitor_source_only
2025-08-06 16:00:00+08,TAIPEI_MAIN,152,103,,,88,,,source_only_no_observed_trip,,,-49,false,monitor_source_only
2025-08-06 16:00:00+08,TPE_AIRPORT,105,81,1,1,1,0,17.0,observed,1.0,0.0,-24,false,monitor
2025-08-06 16:00:00+08,XIMENDING,128,161,,,134,,,source_only_no_observed_trip,,,33,false,monitor_source_only
2025-08-06 17:00:00+08,TAIPEI_101,148,74,1,1,1,0,8.0,observed,1.0,0.0,-74,false,monitor
2025-08-06 17:00:00+08,TAIPEI_MAIN,140,108,1,1,1,0,17.0,observed,1.0,0.0,-32,false,monitor
2025-08-06 17:00:00+08,TPE_AIRPORT,93,69,1,1,1,0,14.0,observed,1.0,0.0,-24,false,monitor
2025-08-06 17:00:00+08,XIMENDING,145,105,,,80,,,source_only_no_observed_trip,,,-40,false,monitor_source_only
2025-08-06 18:00:00+08,TAIPEI_101,168,144,6,6,6,0,19.0,observed,1.0,0.0,-24,false,monitor
2025-08-06 18:00:00+08,TAIPEI_MAIN,153,134,1,1,1,0,17.0,observed,1.0,0.0,-19,false,monitor
2025-08-06 18:00:00+08,TPE_AIRPORT,88,59,1,1,1,0,15.0,observed,1.0,0.0,-29,false,monitor
2025-08-06 18:00:00+08,XIMENDING,140,105,1,1,1,0,12.0,observed,1.0,0.0,-35,false,monitor
2025-08-06 19:00:00+08,TAIPEI_101,149,115,,,92,,,source_only_no_observed_trip,,,-34,false,monitor_source_only
2025-08-06 19:00:00+08,TAIPEI_MAIN,161,97,2,2,2,0,21.0,observed,1.0,0.0,-64,false,review_pickup_reliability
2025-08-06 19:00:00+08,TPE_AIRPORT,111,55,1,1,1,0,21.0,observed,1.0,0.0,-56,false,review_pickup_reliability
2025-08-06 19:00:00+08,XIMENDING,171,131,2,1,1,1,7.0,observed,0.5,0.5,-40,false,monitor
2025-08-06 20:00:00+08,TAIPEI_101,136,184,,,155,,,source_only_no_observed_trip,,,48,false,monitor_source_only
2025-08-06 20:00:00+08,TAIPEI_MAIN,120,191,,,172,,,source_only_no_observed_trip,,,71,false,monitor_source_only
2025-08-06 20:00:00+08,TPE_AIRPORT,86,80,,,63,,,source_only_no_observed_trip,,,-6,false,monitor_source_only
2025-08-06 20:00:00+08,XIMENDING,141,187,2,1,1,1,8.0,observed,0.5,0.5,46,false,increase_supply_or_pause_send
2025-08-06 21:00:00+08,TAIPEI_101,131,153,1,1,0,1,,observed,1.0,1.0,22,false,increase_supply_or_pause_send
2025-08-06 21:00:00+08,TAIPEI_MAIN,112,172,,,149,,,source_only_no_observed_trip,,,60,false,monitor_source_only
2025-08-06 21:00:00+08,TPE_AIRPORT,85,131,3,3,3,0,18.2,observed,1.0,0.0,46,false,increase_supply_or_pause_send
2025-08-06 21:00:00+08,XIMENDING,109,170,,,148,,,source_only_no_observed_trip,,,61,false,monitor_source_only
2025-08-06 22:00:00+08,TAIPEI_101,119,136,2,2,2,0,18.5,observed,1.0,0.0,17,false,monitor
2025-08-06 22:00:00+08,TAIPEI_MAIN,138,242,,,217,,,source_only_no_observed_trip,,,104,false,monitor_source_only
2025-08-06 22:00:00+08,TPE_AIRPORT,60,87,,,65,,,source_only_no_observed_trip,,,27,false,monitor_source_only
2025-08-06 22:00:00+08,XIMENDING,150,187,1,1,1,0,23.0,observed,1.0,0.0,37,false,increase_supply_or_pause_send
2025-08-06 23:00:00+08,TAIPEI_101,141,192,,,154,,,source_only_no_observed_trip,,,51,false,monitor_source_only
2025-08-06 23:00:00+08,TAIPEI_MAIN,136,193,,,151,,,source_only_no_observed_trip,,,57,false,monitor_source_only
2025-08-06 23:00:00+08,TPE_AIRPORT,73,83,,,69,,,source_only_no_observed_trip,,,10,false,monitor_source_only
2025-08-06 23:00:00+08,XIMENDING,142,171,,,129,,,source_only_no_observed_trip,,,29,false,monitor_source_only
2025-08-07 00:00:00+08,TAIPEI_101,134,109,,,91,,,source_only_no_observed_trip,,,-25,false,monitor_source_only
2025-08-07 00:00:00+08,TAIPEI_MAIN,159,115,,,100,,,source_only_no_observed_trip,,,-44,false,monitor_source_only
2025-08-07 00:00:00+08,TPE_AIRPORT,103,52,,,44,,,source_only_no_observed_trip,,,-51,false,monitor_source_only
2025-08-07 00:00:00+08,XIMENDING,178,127,,,113,,,source_only_no_observed_trip,,,-51,false,monitor_source_only
2025-08-07 01:00:00+08,TAIPEI_101,146,133,1,1,1,0,23.0,observed,1.0,0.0,-13,false,review_pickup_reliability
2025-08-07 01:00:00+08,TAIPEI_MAIN,175,90,,,73,,,source_only_no_observed_trip,,,-85,false,monitor_source_only
2025-08-07 01:00:00+08,TPE_AIRPORT,79,98,,,72,,,source_only_no_observed_trip,,,19,false,monitor_source_only
2025-08-07 01:00:00+08,XIMENDING,161,82,1,1,0,1,,observed,1.0,1.0,-79,false,monitor
2025-08-07 02:00:00+08,TAIPEI_101,166,103,,,89,,,source_only_no_observed_trip,,,-63,false,monitor_source_only
2025-08-07 02:00:00+08,TAIPEI_MAIN,153,143,,,103,,,source_only_no_observed_trip,,,-10,false,monitor_source_only
2025-08-07 02:00:00+08,TPE_AIRPORT,132,91,,,68,,,source_only_no_observed_trip,,,-41,false,monitor_source_only
2025-08-07 02:00:00+08,XIMENDING,160,128,1,1,1,0,7.0,observed,1.0,0.0,-32,false,monitor
2025-08-07 03:00:00+08,TAIPEI_101,153,148,,,122,,,source_only_no_observed_trip,,,-5,false,monitor_source_only
2025-08-07 03:00:00+08,TAIPEI_MAIN,146,49,2,2,2,0,14.6,observed,1.0,0.0,-97,false,monitor
2025-08-07 03:00:00+08,TPE_AIRPORT,76,127,,,113,,,source_only_no_observed_trip,,,51,false,monitor_source_only
2025-08-07 03:00:00+08,XIMENDING,187,111,,,90,,,source_only_no_observed_trip,,,-76,false,monitor_source_only
2025-08-07 04:00:00+08,TAIPEI_101,133,82,,,60,,,source_only_no_observed_trip,,,-51,false,monitor_source_only
2025-08-07 04:00:00+08,TAIPEI_MAIN,162,117,,,92,,,source_only_no_observed_trip,,,-45,false,monitor_source_only
2025-08-07 04:00:00+08,TPE_AIRPORT,51,66,1,1,1,0,10.0,observed,1.0,0.0,15,false,monitor
2025-08-07 04:00:00+08,XIMENDING,166,121,,,88,,,source_only_no_observed_trip,,,-45,false,monitor_source_only
2025-08-07 05:00:00+08,TAIPEI_101,148,138,,,104,,,source_only_no_observed_trip,,,-10,false,monitor_source_only
2025-08-07 05:00:00+08,TAIPEI_MAIN,138,188,,,144,,,source_only_no_observed_trip,,,50,false,monitor_source_only
2025-08-07 05:00:00+08,TPE_AIRPORT,82,169,1,1,1,0,7.0,observed,1.0,0.0,87,false,increase_supply_or_pause_send
2025-08-07 05:00:00+08,XIMENDING,157,193,,,151,,,source_only_no_observed_trip,,,36,false,monitor_source_only
2025-08-07 06:00:00+08,TAIPEI_101,124,188,,,143,,,source_only_no_observed_trip,,,64,false,monitor_source_only
2025-08-07 06:00:00+08,TAIPEI_MAIN,135,187,,,142,,,source_only_no_observed_trip,,,52,false,monitor_source_only
2025-08-07 06:00:00+08,TPE_AIRPORT,85,156,,,122,,,source_only_no_observed_trip,,,71,false,monitor_source_only
2025-08-07 06:00:00+08,XIMENDING,105,163,,,142,,,source_only_no_observed_trip,,,58,false,monitor_source_only
2025-08-07 07:00:00+08,TAIPEI_101,150,187,,,140,,,source_only_no_observed_trip,,,37,false,monitor_source_only
2025-08-07 07:00:00+08,TAIPEI_MAIN,152,173,,,128,,,source_only_no_observed_trip,,,21,false,monitor_source_only
2025-08-07 07:00:00+08,TPE_AIRPORT,95,111,1,0,0,1,,observed,0.0,1.0,16,false,monitor
2025-08-07 07:00:00+08,XIMENDING,121,156,3,3,3,0,17.6,observed,1.0,0.0,35,false,increase_supply_or_pause_send
2025-08-07 08:00:00+08,TAIPEI_101,155,144,3,3,2,1,22.2,observed,1.0,0.3333333333333333,-11,false,review_pickup_reliability
2025-08-07 08:00:00+08,TAIPEI_MAIN,138,180,,,162,,,source_only_no_observed_trip,,,42,false,monitor_source_only
2025-08-07 08:00:00+08,TPE_AIRPORT,104,141,,,127,,,source_only_no_observed_trip,,,37,false,monitor_source_only
2025-08-07 08:00:00+08,XIMENDING,131,169,3,3,2,1,9.9,observed,1.0,0.3333333333333333,38,false,increase_supply_or_pause_send
2025-08-07 09:00:00+08,TAIPEI_101,158,141,1,1,1,0,13.0,observed,1.0,0.0,-17,false,monitor
2025-08-07 09:00:00+08,TAIPEI_MAIN,157,144,1,1,1,0,16.0,observed,1.0,0.0,-13,false,monitor
2025-08-07 09:00:00+08,TPE_AIRPORT,122,67,1,1,1,0,12.0,observed,1.0,0.0,-55,false,monitor
2025-08-07 09:00:00+08,XIMENDING,111,155,,,140,,,source_only_no_observed_trip,,,44,false,monitor_source_only
2025-08-07 10:00:00+08,TAIPEI_101,159,95,1,1,1,0,10.0,observed,1.0,0.0,-64,false,monitor
2025-08-07 10:00:00+08,TAIPEI_MAIN,147,97,,,87,,,source_only_no_observed_trip,,,-50,false,monitor_source_only
2025-08-07 10:00:00+08,TPE_AIRPORT,74,84,,,75,,,source_only_no_observed_trip,,,10,false,monitor_source_only
2025-08-07 10:00:00+08,XIMENDING,164,112,,,96,,,source_only_no_observed_trip,,,-52,false,monitor_source_only
2025-08-07 11:00:00+08,TAIPEI_101,137,116,1,1,0,1,,observed,1.0,1.0,-21,false,monitor
2025-08-07 11:00:00+08,TAIPEI_MAIN,148,116,,,104,,,source_only_no_observed_trip,,,-32,false,monitor_source_only
2025-08-07 11:00:00+08,TPE_AIRPORT,79,124,,,89,,,source_only_no_observed_trip,,,45,false,monitor_source_only
2025-08-07 11:00:00+08,XIMENDING,164,124,,,104,,,source_only_no_observed_trip,,,-40,false,monitor_source_only
2025-08-07 12:00:00+08,TAIPEI_101,161,124,,,89,,,source_only_no_observed_trip,,,-37,false,monitor_source_only
2025-08-07 12:00:00+08,TAIPEI_MAIN,169,99,,,82,,,source_only_no_observed_trip,,,-70,false,monitor_source_only
2025-08-07 12:00:00+08,TPE_AIRPORT,119,73,,,65,,,source_only_no_observed_trip,,,-46,false,monitor_source_only
2025-08-07 12:00:00+08,XIMENDING,156,120,,,95,,,source_only_no_observed_trip,,,-36,false,monitor_source_only
2025-08-07 13:00:00+08,TAIPEI_101,180,111,,,93,,,source_only_no_observed_trip,,,-69,false,monitor_source_only
2025-08-07 13:00:00+08,TAIPEI_MAIN,174,110,,,81,,,source_only_no_observed_trip,,,-64,false,monitor_source_only
2025-08-07 13:00:00+08,TPE_AIRPORT,116,65,,,57,,,source_only_no_observed_trip,,,-51,false,monitor_source_only
2025-08-07 13:00:00+08,XIMENDING,155,124,,,104,,,source_only_no_observed_trip,,,-31,false,monitor_source_only
2025-08-07 14:00:00+08,TAIPEI_101,148,128,,,116,,,source_only_no_observed_trip,,,-20,false,monitor_source_only
2025-08-07 14:00:00+08,TAIPEI_MAIN,162,122,1,0,0,1,,observed,0.0,1.0,-40,false,monitor
2025-08-07 14:00:00+08,TPE_AIRPORT,117,73,,,54,,,source_only_no_observed_trip,,,-44,false,monitor_source_only
2025-08-07 14:00:00+08,XIMENDING,142,63,,,51,,,source_only_no_observed_trip,,,-79,false,monitor_source_only
2025-08-07 15:00:00+08,TAIPEI_101,170,110,1,1,1,0,14.0,observed,1.0,0.0,-60,false,monitor
2025-08-07 15:00:00+08,TAIPEI_MAIN,175,148,1,0,0,1,,observed,0.0,1.0,-27,false,monitor
2025-08-07 15:00:00+08,TPE_AIRPORT,88,74,,,63,,,source_only_no_observed_trip,,,-14,false,monitor_source_only
2025-08-07 15:00:00+08,XIMENDING,158,108,,,80,,,source_only_no_observed_trip,,,-50,false,monitor_source_only
2025-08-07 16:00:00+08,TAIPEI_101,162,148,1,1,1,0,15.0,observed,1.0,0.0,-14,false,monitor
2025-08-07 16:00:00+08,TAIPEI_MAIN,139,120,,,108,,,source_only_no_observed_trip,,,-19,false,monitor_source_only
2025-08-07 16:00:00+08,TPE_AIRPORT,118,75,,,54,,,source_only_no_observed_trip,,,-43,false,monitor_source_only
2025-08-07 16:00:00+08,XIMENDING,151,127,,,93,,,source_only_no_observed_trip,,,-24,false,monitor_source_only
2025-08-07 17:00:00+08,TAIPEI_101,143,120,,,98,,,source_only_no_observed_trip,,,-23,false,monitor_source_only
2025-08-07 17:00:00+08,TAIPEI_MAIN,174,117,1,1,1,0,5.0,observed,1.0,0.0,-57,false,monitor
2025-08-07 17:00:00+08,TPE_AIRPORT,120,85,1,1,1,0,13.0,observed,1.0,0.0,-35,false,monitor
2025-08-07 17:00:00+08,XIMENDING,143,80,,,70,,,source_only_no_observed_trip,,,-63,false,monitor_source_only
2025-08-07 18:00:00+08,TAIPEI_101,173,144,1,1,1,0,23.0,observed,1.0,0.0,-29,false,review_pickup_reliability
2025-08-07 18:00:00+08,TAIPEI_MAIN,162,128,,,93,,,source_only_no_observed_trip,,,-34,false,monitor_source_only
2025-08-07 18:00:00+08,TPE_AIRPORT,135,75,,,68,,,source_only_no_observed_trip,,,-60,false,monitor_source_only
2025-08-07 18:00:00+08,XIMENDING,168,148,,,126,,,source_only_no_observed_trip,,,-20,false,monitor_source_only
2025-08-07 19:00:00+08,TAIPEI_101,160,92,,,74,,,source_only_no_observed_trip,,,-68,false,monitor_source_only
2025-08-07 19:00:00+08,TAIPEI_MAIN,149,83,1,1,0,1,,observed,1.0,1.0,-66,false,monitor
2025-08-07 19:00:00+08,TPE_AIRPORT,99,70,1,1,1,0,12.0,observed,1.0,0.0,-29,false,monitor
2025-08-07 19:00:00+08,XIMENDING,186,134,1,1,1,0,20.0,observed,1.0,0.0,-52,false,monitor
2025-08-07 20:00:00+08,TAIPEI_101,165,163,,,123,,,source_only_no_observed_trip,,,-2,false,monitor_source_only
2025-08-07 20:00:00+08,TAIPEI_MAIN,139,196,3,3,3,0,23.200000000000003,observed,1.0,0.0,57,false,increase_supply_or_pause_send
2025-08-07 20:00:00+08,TPE_AIRPORT,77,81,1,1,1,0,11.0,observed,1.0,0.0,4,false,monitor
2025-08-07 20:00:00+08,XIMENDING,105,176,,,131,,,source_only_no_observed_trip,,,71,false,monitor_source_only
2025-08-07 21:00:00+08,TAIPEI_101,130,209,,,182,,,source_only_no_observed_trip,,,79,false,monitor_source_only
2025-08-07 21:00:00+08,TAIPEI_MAIN,142,149,,,131,,,source_only_no_observed_trip,,,7,false,monitor_source_only
2025-08-07 21:00:00+08,TPE_AIRPORT,77,140,,,126,,,source_only_no_observed_trip,,,63,false,monitor_source_only
2025-08-07 21:00:00+08,XIMENDING,139,191,,,162,,,source_only_no_observed_trip,,,52,false,monitor_source_only
2025-08-07 22:00:00+08,TAIPEI_101,127,193,,,151,,,source_only_no_observed_trip,,,66,false,monitor_source_only
2025-08-07 22:00:00+08,TAIPEI_MAIN,148,180,,,159,,,source_only_no_observed_trip,,,32,false,monitor_source_only
2025-08-07 22:00:00+08,TPE_AIRPORT,74,135,,,99,,,source_only_no_observed_trip,,,61,false,monitor_source_only
2025-08-07 22:00:00+08,XIMENDING,115,186,,,160,,,source_only_no_observed_trip,,,71,false,monitor_source_only
2025-08-07 23:00:00+08,TAIPEI_101,137,151,,,128,,,source_only_no_observed_trip,,,14,false,monitor_source_only
2025-08-07 23:00:00+08,TAIPEI_MAIN,124,211,1,1,1,0,16.0,observed,1.0,0.0,87,false,increase_supply_or_pause_send
2025-08-07 23:00:00+08,TPE_AIRPORT,72,187,,,157,,,source_only_no_observed_trip,,,115,false,monitor_source_only
2025-08-07 23:00:00+08,XIMENDING,102,149,,,116,,,source_only_no_observed_trip,,,47,false,monitor_source_only
2025-08-08 00:00:00+08,TAIPEI_101,142,131,,,107,,,source_only_no_observed_trip,,,-11,false,monitor_source_only
2025-08-08 00:00:00+08,TAIPEI_MAIN,159,108,2,1,1,1,16.0,observed,0.5,0.5,-51,false,monitor
2025-08-08 00:00:00+08,TPE_AIRPORT,113,72,1,1,0,1,,observed,1.0,1.0,-41,false,monitor
2025-08-08 00:00:00+08,XIMENDING,158,105,1,1,1,0,14.0,observed,1.0,0.0,-53,false,monitor
2025-08-08 01:00:00+08,TAIPEI_101,154,109,1,1,1,0,13.0,observed,1.0,0.0,-45,false,monitor
2025-08-08 01:00:00+08,TAIPEI_MAIN,168,76,,,61,,,source_only_no_observed_trip,,,-92,false,monitor_source_only
2025-08-08 01:00:00+08,TPE_AIRPORT,115,86,,,75,,,source_only_no_observed_trip,,,-29,false,monitor_source_only
2025-08-08 01:00:00+08,XIMENDING,193,74,,,56,,,source_only_no_observed_trip,,,-119,false,monitor_source_only
2025-08-08 02:00:00+08,TAIPEI_101,164,125,,,111,,,source_only_no_observed_trip,,,-39,false,monitor_source_only
2025-08-08 02:00:00+08,TAIPEI_MAIN,162,109,,,87,,,source_only_no_observed_trip,,,-53,false,monitor_source_only
2025-08-08 02:00:00+08,TPE_AIRPORT,99,51,,,42,,,source_only_no_observed_trip,,,-48,false,monitor_source_only
2025-08-08 02:00:00+08,XIMENDING,175,161,,,124,,,source_only_no_observed_trip,,,-14,false,monitor_source_only
2025-08-08 03:00:00+08,TAIPEI_101,182,80,,,70,,,source_only_no_observed_trip,,,-102,false,monitor_source_only
2025-08-08 03:00:00+08,TAIPEI_MAIN,137,127,,,91,,,source_only_no_observed_trip,,,-10,false,monitor_source_only
2025-08-08 03:00:00+08,TPE_AIRPORT,116,112,1,1,1,0,21.0,observed,1.0,0.0,-4,false,review_pickup_reliability
2025-08-08 03:00:00+08,XIMENDING,166,71,,,61,,,source_only_no_observed_trip,,,-95,false,monitor_source_only
2025-08-08 04:00:00+08,TAIPEI_101,186,110,,,90,,,source_only_no_observed_trip,,,-76,false,monitor_source_only
2025-08-08 04:00:00+08,TAIPEI_MAIN,123,126,,,103,,,source_only_no_observed_trip,,,3,false,monitor_source_only
2025-08-08 04:00:00+08,TPE_AIRPORT,102,35,1,1,1,0,14.0,observed,1.0,0.0,-67,false,monitor
2025-08-08 04:00:00+08,XIMENDING,114,118,,,106,,,source_only_no_observed_trip,,,4,false,monitor_source_only
2025-08-08 05:00:00+08,TAIPEI_101,151,173,2,1,1,1,19.0,observed,0.5,0.5,22,false,increase_supply_or_pause_send
2025-08-08 05:00:00+08,TAIPEI_MAIN,143,187,,,155,,,source_only_no_observed_trip,,,44,false,monitor_source_only
2025-08-08 05:00:00+08,TPE_AIRPORT,82,107,,,86,,,source_only_no_observed_trip,,,25,false,monitor_source_only
2025-08-08 05:00:00+08,XIMENDING,182,209,,,162,,,source_only_no_observed_trip,,,27,false,monitor_source_only
2025-08-08 06:00:00+08,TAIPEI_101,151,157,,,116,,,source_only_no_observed_trip,,,6,false,monitor_source_only
2025-08-08 06:00:00+08,TAIPEI_MAIN,130,165,1,1,1,0,23.0,observed,1.0,0.0,35,false,increase_supply_or_pause_send
2025-08-08 06:00:00+08,TPE_AIRPORT,97,111,1,1,1,0,16.0,observed,1.0,0.0,14,false,monitor
2025-08-08 06:00:00+08,XIMENDING,129,176,1,1,1,0,11.0,observed,1.0,0.0,47,false,increase_supply_or_pause_send
2025-08-08 07:00:00+08,TAIPEI_101,153,152,1,1,1,0,16.0,observed,1.0,0.0,-1,false,monitor
2025-08-08 07:00:00+08,TAIPEI_MAIN,123,171,2,1,1,1,17.0,observed,0.5,0.5,48,false,increase_supply_or_pause_send
2025-08-08 07:00:00+08,TPE_AIRPORT,77,172,2,2,1,1,15.0,observed,1.0,0.5,95,false,increase_supply_or_pause_send
2025-08-08 07:00:00+08,XIMENDING,138,175,,,158,,,source_only_no_observed_trip,,,37,false,monitor_source_only
2025-08-08 08:00:00+08,TAIPEI_101,117,182,1,1,1,0,12.0,observed,1.0,0.0,65,false,increase_supply_or_pause_send
2025-08-08 08:00:00+08,TAIPEI_MAIN,141,167,2,2,2,0,12.9,observed,1.0,0.0,26,false,increase_supply_or_pause_send
2025-08-08 08:00:00+08,TPE_AIRPORT,80,106,2,2,2,0,16.9,observed,1.0,0.0,26,false,increase_supply_or_pause_send
2025-08-08 08:00:00+08,XIMENDING,121,200,,,160,,,source_only_no_observed_trip,,,79,false,monitor_source_only
2025-08-08 09:00:00+08,TAIPEI_101,192,122,3,3,3,0,15.8,observed,1.0,0.0,-70,false,monitor
2025-08-08 09:00:00+08,TAIPEI_MAIN,185,122,1,1,1,0,18.0,observed,1.0,0.0,-63,false,monitor
2025-08-08 09:00:00+08,TPE_AIRPORT,97,106,,,82,,,source_only_no_observed_trip,,,9,false,monitor_source_only
2025-08-08 09:00:00+08,XIMENDING,187,96,1,1,0,1,,observed,1.0,1.0,-91,false,monitor
2025-08-08 10:00:00+08,TAIPEI_101,142,100,,,73,,,source_only_no_observed_trip,,,-42,false,monitor_source_only
2025-08-08 10:00:00+08,TAIPEI_MAIN,155,180,1,1,1,0,23.0,observed,1.0,0.0,25,false,increase_supply_or_pause_send
2025-08-08 10:00:00+08,TPE_AIRPORT,125,50,,,39,,,source_only_no_observed_trip,,,-75,false,monitor_source_only
2025-08-08 10:00:00+08,XIMENDING,156,124,,,108,,,source_only_no_observed_trip,,,-32,false,monitor_source_only
2025-08-08 11:00:00+08,TAIPEI_101,180,151,,,132,,,source_only_no_observed_trip,,,-29,false,monitor_source_only
2025-08-08 11:00:00+08,TAIPEI_MAIN,163,77,,,68,,,source_only_no_observed_trip,,,-86,false,monitor_source_only
2025-08-08 11:00:00+08,TPE_AIRPORT,110,66,2,2,2,0,17.299999999999997,observed,1.0,0.0,-44,false,monitor
2025-08-08 11:00:00+08,XIMENDING,145,102,,,88,,,source_only_no_observed_trip,,,-43,false,monitor_source_only
2025-08-08 12:00:00+08,TAIPEI_101,169,111,1,1,1,0,14.0,observed,1.0,0.0,-58,false,monitor
2025-08-08 12:00:00+08,TAIPEI_MAIN,133,100,1,1,1,0,9.0,observed,1.0,0.0,-33,false,monitor
2025-08-08 12:00:00+08,TPE_AIRPORT,82,81,,,73,,,source_only_no_observed_trip,,,-1,false,monitor_source_only
2025-08-08 12:00:00+08,XIMENDING,170,92,,,67,,,source_only_no_observed_trip,,,-78,false,monitor_source_only
2025-08-08 13:00:00+08,TAIPEI_101,169,74,,,61,,,source_only_no_observed_trip,,,-95,false,monitor_source_only
2025-08-08 13:00:00+08,TAIPEI_MAIN,144,147,,,122,,,source_only_no_observed_trip,,,3,false,monitor_source_only
2025-08-08 13:00:00+08,TPE_AIRPORT,107,42,2,2,2,0,17.2,observed,1.0,0.0,-65,false,monitor
2025-08-08 13:00:00+08,XIMENDING,161,130,,,117,,,source_only_no_observed_trip,,,-31,false,monitor_source_only
2025-08-08 14:00:00+08,TAIPEI_101,150,103,1,1,1,0,16.0,observed,1.0,0.0,-47,false,monitor
2025-08-08 14:00:00+08,TAIPEI_MAIN,174,122,2,2,2,0,8.899999999999999,observed,1.0,0.0,-52,false,monitor
2025-08-08 14:00:00+08,TPE_AIRPORT,114,125,,,104,,,source_only_no_observed_trip,,,11,false,monitor_source_only
2025-08-08 14:00:00+08,XIMENDING,152,134,,,118,,,source_only_no_observed_trip,,,-18,false,monitor_source_only
2025-08-08 15:00:00+08,TAIPEI_101,193,106,1,1,1,0,10.0,observed,1.0,0.0,-87,false,monitor
2025-08-08 15:00:00+08,TAIPEI_MAIN,141,130,1,1,1,0,14.0,observed,1.0,0.0,-11,false,monitor
2025-08-08 15:00:00+08,TPE_AIRPORT,90,63,3,3,3,0,16.8,observed,1.0,0.0,-27,false,monitor
2025-08-08 15:00:00+08,XIMENDING,169,142,,,103,,,source_only_no_observed_trip,,,-27,false,monitor_source_only
2025-08-08 16:00:00+08,TAIPEI_101,162,78,1,1,1,0,11.0,observed,1.0,0.0,-84,false,monitor
2025-08-08 16:00:00+08,TAIPEI_MAIN,161,125,,,94,,,source_only_no_observed_trip,,,-36,false,monitor_source_only
2025-08-08 16:00:00+08,TPE_AIRPORT,130,55,,,45,,,source_only_no_observed_trip,,,-75,false,monitor_source_only
2025-08-08 16:00:00+08,XIMENDING,161,147,2,2,2,0,11.600000000000001,observed,1.0,0.0,-14,false,monitor
2025-08-08 17:00:00+08,TAIPEI_101,176,118,1,1,1,0,20.0,observed,1.0,0.0,-58,false,monitor
2025-08-08 17:00:00+08,TAIPEI_MAIN,187,90,3,3,3,0,20.4,observed,1.0,0.0,-97,false,review_pickup_reliability
2025-08-08 17:00:00+08,TPE_AIRPORT,143,63,1,0,0,1,,observed,0.0,1.0,-80,false,monitor
2025-08-08 17:00:00+08,XIMENDING,169,90,1,1,1,0,18.0,observed,1.0,0.0,-79,false,monitor
2025-08-08 18:00:00+08,TAIPEI_101,173,92,,,79,,,source_only_no_observed_trip,,,-81,false,monitor_source_only
2025-08-08 18:00:00+08,TAIPEI_MAIN,129,121,1,1,1,0,18.0,observed,1.0,0.0,-8,false,monitor
2025-08-08 18:00:00+08,TPE_AIRPORT,98,61,,,53,,,source_only_no_observed_trip,,,-37,false,monitor_source_only
2025-08-08 18:00:00+08,XIMENDING,154,121,,,95,,,source_only_no_observed_trip,,,-33,false,monitor_source_only
2025-08-08 19:00:00+08,TAIPEI_101,138,101,1,1,1,0,15.0,observed,1.0,0.0,-37,false,monitor
2025-08-08 19:00:00+08,TAIPEI_MAIN,177,60,1,1,0,1,,observed,1.0,1.0,-117,false,monitor
2025-08-08 19:00:00+08,TPE_AIRPORT,113,71,1,1,1,0,7.0,observed,1.0,0.0,-42,false,monitor
2025-08-08 19:00:00+08,XIMENDING,205,122,3,3,3,0,13.600000000000001,observed,1.0,0.0,-83,false,monitor
2025-08-08 20:00:00+08,TAIPEI_101,151,198,2,2,2,0,12.8,observed,1.0,0.0,47,false,increase_supply_or_pause_send
2025-08-08 20:00:00+08,TAIPEI_MAIN,172,183,,,137,,,source_only_no_observed_trip,,,11,false,monitor_source_only
2025-08-08 20:00:00+08,TPE_AIRPORT,79,113,1,0,0,1,,observed,0.0,1.0,34,false,increase_supply_or_pause_send
2025-08-08 20:00:00+08,XIMENDING,152,160,,,123,,,source_only_no_observed_trip,,,8,false,monitor_source_only
2025-08-08 21:00:00+08,TAIPEI_101,141,204,2,2,2,0,12.700000000000001,observed,1.0,0.0,63,false,increase_supply_or_pause_send
2025-08-08 21:00:00+08,TAIPEI_MAIN,128,211,,,173,,,source_only_no_observed_trip,,,83,false,monitor_source_only
2025-08-08 21:00:00+08,TPE_AIRPORT,86,125,,,110,,,source_only_no_observed_trip,,,39,false,monitor_source_only
2025-08-08 21:00:00+08,XIMENDING,156,172,,,149,,,source_only_no_observed_trip,,,16,false,monitor_source_only
2025-08-08 22:00:00+08,TAIPEI_101,133,149,1,1,1,0,19.0,observed,1.0,0.0,16,false,monitor
2025-08-08 22:00:00+08,TAIPEI_MAIN,114,214,,,172,,,source_only_no_observed_trip,,,100,false,monitor_source_only
2025-08-08 22:00:00+08,TPE_AIRPORT,114,162,,,124,,,source_only_no_observed_trip,,,48,false,monitor_source_only
2025-08-08 22:00:00+08,XIMENDING,134,190,,,171,,,source_only_no_observed_trip,,,56,false,monitor_source_only
2025-08-08 23:00:00+08,TAIPEI_101,111,142,,,111,,,source_only_no_observed_trip,,,31,false,monitor_source_only
2025-08-08 23:00:00+08,TAIPEI_MAIN,137,182,,,146,,,source_only_no_observed_trip,,,45,false,monitor_source_only
2025-08-08 23:00:00+08,TPE_AIRPORT,99,108,,,93,,,source_only_no_observed_trip,,,9,false,monitor_source_only
2025-08-08 23:00:00+08,XIMENDING,165,197,,,174,,,source_only_no_observed_trip,,,32,false,monitor_source_only
2025-08-09 00:00:00+08,TAIPEI_101,144,115,1,1,0,1,,observed,1.0,1.0,-29,false,monitor
2025-08-09 00:00:00+08,TAIPEI_MAIN,182,141,,,110,,,source_only_no_observed_trip,,,-41,false,monitor_source_only
2025-08-09 00:00:00+08,TPE_AIRPORT,110,92,1,1,0,1,,observed,1.0,1.0,-18,false,monitor
2025-08-09 00:00:00+08,XIMENDING,159,48,,,38,,,source_only_no_observed_trip,,,-111,false,monitor_source_only
2025-08-09 01:00:00+08,TAIPEI_101,145,111,1,1,1,0,13.0,observed,1.0,0.0,-34,false,monitor
2025-08-09 01:00:00+08,TAIPEI_MAIN,190,124,,,99,,,source_only_no_observed_trip,,,-66,false,monitor_source_only
2025-08-09 01:00:00+08,TPE_AIRPORT,140,52,,,40,,,source_only_no_observed_trip,,,-88,false,monitor_source_only
2025-08-09 01:00:00+08,XIMENDING,138,75,1,1,1,0,14.0,observed,1.0,0.0,-63,false,monitor
2025-08-09 02:00:00+08,TAIPEI_101,148,100,,,84,,,source_only_no_observed_trip,,,-48,false,monitor_source_only
2025-08-09 02:00:00+08,TAIPEI_MAIN,182,126,2,2,1,1,17.0,observed,1.0,0.5,-56,false,monitor
2025-08-09 02:00:00+08,TPE_AIRPORT,137,62,,,48,,,source_only_no_observed_trip,,,-75,false,monitor_source_only
2025-08-09 02:00:00+08,XIMENDING,167,143,3,3,3,0,23.0,observed,1.0,0.0,-24,false,review_pickup_reliability
2025-08-09 03:00:00+08,TAIPEI_101,159,128,1,1,1,0,13.0,observed,1.0,0.0,-31,false,monitor
2025-08-09 03:00:00+08,TAIPEI_MAIN,168,119,1,1,1,0,7.0,observed,1.0,0.0,-49,false,monitor
2025-08-09 03:00:00+08,TPE_AIRPORT,96,86,,,67,,,source_only_no_observed_trip,,,-10,false,monitor_source_only
2025-08-09 03:00:00+08,XIMENDING,164,120,1,1,1,0,15.0,observed,1.0,0.0,-44,false,monitor
2025-08-09 04:00:00+08,TAIPEI_101,152,130,1,1,1,0,19.0,observed,1.0,0.0,-22,false,monitor
2025-08-09 04:00:00+08,TAIPEI_MAIN,154,134,1,1,1,0,16.0,observed,1.0,0.0,-20,false,monitor
2025-08-09 04:00:00+08,TPE_AIRPORT,115,81,,,63,,,source_only_no_observed_trip,,,-34,false,monitor_source_only
2025-08-09 04:00:00+08,XIMENDING,174,133,2,2,2,0,18.8,observed,1.0,0.0,-41,false,monitor
2025-08-09 05:00:00+08,TAIPEI_101,153,210,,,166,,,source_only_no_observed_trip,,,57,false,monitor_source_only
2025-08-09 05:00:00+08,TAIPEI_MAIN,146,180,,,143,,,source_only_no_observed_trip,,,34,false,monitor_source_only
2025-08-09 05:00:00+08,TPE_AIRPORT,123,124,,,110,,,source_only_no_observed_trip,,,1,false,monitor_source_only
2025-08-09 05:00:00+08,XIMENDING,97,170,,,154,,,source_only_no_observed_trip,,,73,false,monitor_source_only
2025-08-09 06:00:00+08,TAIPEI_101,148,206,,,182,,,source_only_no_observed_trip,,,58,false,monitor_source_only
2025-08-09 06:00:00+08,TAIPEI_MAIN,162,218,1,1,1,0,15.0,observed,1.0,0.0,56,false,increase_supply_or_pause_send
2025-08-09 06:00:00+08,TPE_AIRPORT,81,121,1,1,1,0,14.0,observed,1.0,0.0,40,false,increase_supply_or_pause_send
2025-08-09 06:00:00+08,XIMENDING,135,180,,,155,,,source_only_no_observed_trip,,,45,false,monitor_source_only
2025-08-09 07:00:00+08,TAIPEI_101,157,160,1,1,1,0,12.0,observed,1.0,0.0,3,false,monitor
2025-08-09 07:00:00+08,TAIPEI_MAIN,135,155,,,133,,,source_only_no_observed_trip,,,20,false,monitor_source_only
2025-08-09 07:00:00+08,TPE_AIRPORT,63,115,1,1,1,0,10.0,observed,1.0,0.0,52,false,increase_supply_or_pause_send
2025-08-09 07:00:00+08,XIMENDING,131,194,1,1,1,0,24.0,observed,1.0,0.0,63,false,increase_supply_or_pause_send
2025-08-09 08:00:00+08,TAIPEI_101,123,173,,,140,,,source_only_no_observed_trip,,,50,false,monitor_source_only
2025-08-09 08:00:00+08,TAIPEI_MAIN,135,234,,,197,,,source_only_no_observed_trip,,,99,false,monitor_source_only
2025-08-09 08:00:00+08,TPE_AIRPORT,102,136,,,118,,,source_only_no_observed_trip,,,34,false,monitor_source_only
2025-08-09 08:00:00+08,XIMENDING,124,164,,,138,,,source_only_no_observed_trip,,,40,false,monitor_source_only
2025-08-09 09:00:00+08,TAIPEI_101,151,104,1,1,1,0,14.0,observed,1.0,0.0,-47,false,monitor
2025-08-09 09:00:00+08,TAIPEI_MAIN,149,105,5,5,3,2,15.6,observed,1.0,0.4,-44,false,monitor
2025-08-09 09:00:00+08,TPE_AIRPORT,137,75,,,59,,,source_only_no_observed_trip,,,-62,false,monitor_source_only
2025-08-09 09:00:00+08,XIMENDING,163,86,1,1,1,0,19.0,observed,1.0,0.0,-77,false,monitor
2025-08-09 10:00:00+08,TAIPEI_101,176,141,,,126,,,source_only_no_observed_trip,,,-35,false,monitor_source_only
2025-08-09 10:00:00+08,TAIPEI_MAIN,165,135,,,118,,,source_only_no_observed_trip,,,-30,false,monitor_source_only
2025-08-09 10:00:00+08,TPE_AIRPORT,108,66,,,58,,,source_only_no_observed_trip,,,-42,false,monitor_source_only
2025-08-09 10:00:00+08,XIMENDING,161,97,,,84,,,source_only_no_observed_trip,,,-64,false,monitor_source_only
2025-08-09 11:00:00+08,TAIPEI_101,103,89,,,72,,,source_only_no_observed_trip,,,-14,false,monitor_source_only
2025-08-09 11:00:00+08,TAIPEI_MAIN,158,107,,,79,,,source_only_no_observed_trip,,,-51,false,monitor_source_only
2025-08-09 11:00:00+08,TPE_AIRPORT,114,65,,,50,,,source_only_no_observed_trip,,,-49,false,monitor_source_only
2025-08-09 11:00:00+08,XIMENDING,173,119,,,102,,,source_only_no_observed_trip,,,-54,false,monitor_source_only
2025-08-09 12:00:00+08,TAIPEI_101,147,80,1,1,1,0,14.0,observed,1.0,0.0,-67,false,monitor
2025-08-09 12:00:00+08,TAIPEI_MAIN,194,119,,,89,,,source_only_no_observed_trip,,,-75,false,monitor_source_only
2025-08-09 12:00:00+08,TPE_AIRPORT,61,49,,,38,,,source_only_no_observed_trip,,,-12,false,monitor_source_only
2025-08-09 12:00:00+08,XIMENDING,143,93,1,1,1,0,16.0,observed,1.0,0.0,-50,false,monitor
2025-08-09 13:00:00+08,TAIPEI_101,156,126,,,113,,,source_only_no_observed_trip,,,-30,false,monitor_source_only
2025-08-09 13:00:00+08,TAIPEI_MAIN,181,132,,,106,,,source_only_no_observed_trip,,,-49,false,monitor_source_only
2025-08-09 13:00:00+08,TPE_AIRPORT,86,107,,,97,,,source_only_no_observed_trip,,,21,false,monitor_source_only
2025-08-09 13:00:00+08,XIMENDING,137,90,,,68,,,source_only_no_observed_trip,,,-47,false,monitor_source_only
2025-08-09 14:00:00+08,TAIPEI_101,181,105,,,79,,,source_only_no_observed_trip,,,-76,false,monitor_source_only
2025-08-09 14:00:00+08,TAIPEI_MAIN,156,132,1,1,1,0,14.0,observed,1.0,0.0,-24,false,monitor
2025-08-09 14:00:00+08,TPE_AIRPORT,85,82,1,1,1,0,22.0,observed,1.0,0.0,-3,false,review_pickup_reliability
2025-08-09 14:00:00+08,XIMENDING,154,144,,,119,,,source_only_no_observed_trip,,,-10,false,monitor_source_only
2025-08-09 15:00:00+08,TAIPEI_101,141,144,,,107,,,source_only_no_observed_trip,,,3,false,monitor_source_only
2025-08-09 15:00:00+08,TAIPEI_MAIN,169,83,,,60,,,source_only_no_observed_trip,,,-86,false,monitor_source_only
2025-08-09 15:00:00+08,TPE_AIRPORT,135,79,1,1,1,0,15.0,observed,1.0,0.0,-56,false,monitor
2025-08-09 15:00:00+08,XIMENDING,194,190,,,165,,,source_only_no_observed_trip,,,-4,false,monitor_source_only
2025-08-09 16:00:00+08,TAIPEI_101,169,129,1,1,1,0,10.0,observed,1.0,0.0,-40,false,monitor
2025-08-09 16:00:00+08,TAIPEI_MAIN,136,92,,,69,,,source_only_no_observed_trip,,,-44,false,monitor_source_only
2025-08-09 16:00:00+08,TPE_AIRPORT,133,65,,,58,,,source_only_no_observed_trip,,,-68,false,monitor_source_only
2025-08-09 16:00:00+08,XIMENDING,130,119,3,3,3,0,17.2,observed,1.0,0.0,-11,false,monitor
2025-08-09 17:00:00+08,TAIPEI_101,172,133,,,105,,,source_only_no_observed_trip,,,-39,false,monitor_source_only
2025-08-09 17:00:00+08,TAIPEI_MAIN,125,90,2,2,2,0,20.5,observed,1.0,0.0,-35,false,review_pickup_reliability
2025-08-09 17:00:00+08,TPE_AIRPORT,133,116,1,1,1,0,24.0,observed,1.0,0.0,-17,false,review_pickup_reliability
2025-08-09 17:00:00+08,XIMENDING,175,100,2,2,2,0,13.799999999999999,observed,1.0,0.0,-75,false,monitor
2025-08-09 18:00:00+08,TAIPEI_101,152,91,2,2,2,0,16.8,observed,1.0,0.0,-61,false,monitor
2025-08-09 18:00:00+08,TAIPEI_MAIN,174,108,1,1,1,0,11.0,observed,1.0,0.0,-66,false,monitor
2025-08-09 18:00:00+08,TPE_AIRPORT,93,51,2,2,1,1,18.0,observed,1.0,0.5,-42,false,monitor
2025-08-09 18:00:00+08,XIMENDING,153,130,,,104,,,source_only_no_observed_trip,,,-23,false,monitor_source_only
2025-08-09 19:00:00+08,TAIPEI_101,152,92,,,81,,,source_only_no_observed_trip,,,-60,false,monitor_source_only
2025-08-09 19:00:00+08,TAIPEI_MAIN,159,120,1,0,0,1,,observed,0.0,1.0,-39,false,monitor
2025-08-09 19:00:00+08,TPE_AIRPORT,106,45,2,1,1,1,10.0,observed,0.5,0.5,-61,false,monitor
2025-08-09 19:00:00+08,XIMENDING,173,112,,,96,,,source_only_no_observed_trip,,,-61,false,monitor_source_only
2025-08-09 20:00:00+08,TAIPEI_101,142,186,2,2,2,0,18.400000000000002,observed,1.0,0.0,44,false,increase_supply_or_pause_send
2025-08-09 20:00:00+08,TAIPEI_MAIN,145,182,1,1,1,0,19.0,observed,1.0,0.0,37,false,increase_supply_or_pause_send
2025-08-09 20:00:00+08,TPE_AIRPORT,63,122,,,99,,,source_only_no_observed_trip,,,59,false,monitor_source_only
2025-08-09 20:00:00+08,XIMENDING,153,205,2,2,2,0,15.6,observed,1.0,0.0,52,false,increase_supply_or_pause_send
2025-08-09 21:00:00+08,TAIPEI_101,142,206,,,171,,,source_only_no_observed_trip,,,64,false,monitor_source_only
2025-08-09 21:00:00+08,TAIPEI_MAIN,137,198,3,3,3,0,12.4,observed,1.0,0.0,61,false,increase_supply_or_pause_send
2025-08-09 21:00:00+08,TPE_AIRPORT,82,128,,,115,,,source_only_no_observed_trip,,,46,false,monitor_source_only
2025-08-09 21:00:00+08,XIMENDING,100,157,,,128,,,source_only_no_observed_trip,,,57,false,monitor_source_only
2025-08-09 22:00:00+08,TAIPEI_101,118,163,1,1,1,0,15.0,observed,1.0,0.0,45,false,increase_supply_or_pause_send
2025-08-09 22:00:00+08,TAIPEI_MAIN,154,207,,,158,,,source_only_no_observed_trip,,,53,false,monitor_source_only
2025-08-09 22:00:00+08,TPE_AIRPORT,107,130,,,109,,,source_only_no_observed_trip,,,23,false,monitor_source_only
2025-08-09 22:00:00+08,XIMENDING,108,235,,,208,,,source_only_no_observed_trip,,,127,false,monitor_source_only
2025-08-09 23:00:00+08,TAIPEI_101,116,222,,,196,,,source_only_no_observed_trip,,,106,false,monitor_source_only
2025-08-09 23:00:00+08,TAIPEI_MAIN,172,204,,,161,,,source_only_no_observed_trip,,,32,false,monitor_source_only
2025-08-09 23:00:00+08,TPE_AIRPORT,54,134,,,114,,,source_only_no_observed_trip,,,80,false,monitor_source_only
2025-08-09 23:00:00+08,XIMENDING,159,172,1,1,1,0,20.0,observed,1.0,0.0,13,false,monitor
2025-08-10 00:00:00+08,TAIPEI_101,136,127,2,2,2,0,19.7,observed,1.0,0.0,-9,false,monitor
2025-08-10 00:00:00+08,TAIPEI_MAIN,140,112,,,89,,,source_only_no_observed_trip,,,-28,false,monitor_source_only
2025-08-10 00:00:00+08,TPE_AIRPORT,125,48,,,37,,,source_only_no_observed_trip,,,-77,false,monitor_source_only
2025-08-10 00:00:00+08,XIMENDING,146,85,,,70,,,source_only_no_observed_trip,,,-61,false,monitor_source_only
2025-08-10 01:00:00+08,TAIPEI_101,185,123,,,111,,,source_only_no_observed_trip,,,-62,false,monitor_source_only
2025-08-10 01:00:00+08,TAIPEI_MAIN,176,103,,,74,,,source_only_no_observed_trip,,,-73,false,monitor_source_only
2025-08-10 01:00:00+08,TPE_AIRPORT,109,63,,,49,,,source_only_no_observed_trip,,,-46,false,monitor_source_only
2025-08-10 01:00:00+08,XIMENDING,175,100,1,1,1,0,17.0,observed,1.0,0.0,-75,false,monitor
2025-08-10 02:00:00+08,TAIPEI_101,166,50,3,3,2,1,14.5,observed,1.0,0.3333333333333333,-116,false,monitor
2025-08-10 02:00:00+08,TAIPEI_MAIN,157,109,,,90,,,source_only_no_observed_trip,,,-48,false,monitor_source_only
2025-08-10 02:00:00+08,TPE_AIRPORT,92,96,,,82,,,source_only_no_observed_trip,,,4,false,monitor_source_only
2025-08-10 02:00:00+08,XIMENDING,156,128,,,115,,,source_only_no_observed_trip,,,-28,false,monitor_source_only
2025-08-10 03:00:00+08,TAIPEI_101,144,98,,,81,,,source_only_no_observed_trip,,,-46,false,monitor_source_only
2025-08-10 03:00:00+08,TAIPEI_MAIN,175,133,,,120,,,source_only_no_observed_trip,,,-42,false,monitor_source_only
2025-08-10 03:00:00+08,TPE_AIRPORT,102,73,,,60,,,source_only_no_observed_trip,,,-29,false,monitor_source_only
2025-08-10 03:00:00+08,XIMENDING,149,155,,,112,,,source_only_no_observed_trip,,,6,false,monitor_source_only
2025-08-10 04:00:00+08,TAIPEI_101,176,155,,,125,,,source_only_no_observed_trip,,,-21,false,monitor_source_only
2025-08-10 04:00:00+08,TAIPEI_MAIN,162,116,1,1,1,0,18.0,observed,1.0,0.0,-46,false,monitor
2025-08-10 04:00:00+08,TPE_AIRPORT,117,35,,,29,,,source_only_no_observed_trip,,,-82,false,monitor_source_only
2025-08-10 04:00:00+08,XIMENDING,162,137,1,1,1,0,20.0,observed,1.0,0.0,-25,false,monitor
2025-08-10 05:00:00+08,TAIPEI_101,123,198,,,152,,,source_only_no_observed_trip,,,75,false,monitor_source_only
2025-08-10 05:00:00+08,TAIPEI_MAIN,120,165,,,140,,,source_only_no_observed_trip,,,45,false,monitor_source_only
2025-08-10 05:00:00+08,TPE_AIRPORT,101,119,,,95,,,source_only_no_observed_trip,,,18,false,monitor_source_only
2025-08-10 05:00:00+08,XIMENDING,133,200,1,1,1,0,19.0,observed,1.0,0.0,67,false,increase_supply_or_pause_send
2025-08-10 06:00:00+08,TAIPEI_101,170,204,,,158,,,source_only_no_observed_trip,,,34,false,monitor_source_only
2025-08-10 06:00:00+08,TAIPEI_MAIN,132,190,,,167,,,source_only_no_observed_trip,,,58,false,monitor_source_only
2025-08-10 06:00:00+08,TPE_AIRPORT,74,123,,,102,,,source_only_no_observed_trip,,,49,false,monitor_source_only
2025-08-10 06:00:00+08,XIMENDING,115,207,1,1,1,0,13.0,observed,1.0,0.0,92,false,increase_supply_or_pause_send
2025-08-10 07:00:00+08,TAIPEI_101,117,159,,,132,,,source_only_no_observed_trip,,,42,false,monitor_source_only
2025-08-10 07:00:00+08,TAIPEI_MAIN,151,140,,,113,,,source_only_no_observed_trip,,,-11,false,monitor_source_only
2025-08-10 07:00:00+08,TPE_AIRPORT,96,114,,,93,,,source_only_no_observed_trip,,,18,false,monitor_source_only
2025-08-10 07:00:00+08,XIMENDING,147,186,2,2,2,0,14.6,observed,1.0,0.0,39,false,increase_supply_or_pause_send
2025-08-10 08:00:00+08,TAIPEI_101,121,158,1,1,1,0,15.0,observed,1.0,0.0,37,false,increase_supply_or_pause_send
2025-08-10 08:00:00+08,TAIPEI_MAIN,128,191,2,2,2,0,17.5,observed,1.0,0.0,63,false,increase_supply_or_pause_send
2025-08-10 08:00:00+08,TPE_AIRPORT,69,130,1,1,1,0,16.0,observed,1.0,0.0,61,false,increase_supply_or_pause_send
2025-08-10 08:00:00+08,XIMENDING,116,201,1,1,1,0,18.0,observed,1.0,0.0,85,false,increase_supply_or_pause_send
2025-08-10 09:00:00+08,TAIPEI_101,148,125,,,97,,,source_only_no_observed_trip,,,-23,false,monitor_source_only
2025-08-10 09:00:00+08,TAIPEI_MAIN,153,107,3,3,2,1,19.9,observed,1.0,0.3333333333333333,-46,false,monitor
2025-08-10 09:00:00+08,TPE_AIRPORT,119,114,,,82,,,source_only_no_observed_trip,,,-5,false,monitor_source_only
2025-08-10 09:00:00+08,XIMENDING,159,115,2,2,2,0,11.4,observed,1.0,0.0,-44,false,monitor
2025-08-10 10:00:00+08,TAIPEI_101,170,93,,,83,,,source_only_no_observed_trip,,,-77,false,monitor_source_only
2025-08-10 10:00:00+08,TAIPEI_MAIN,157,153,,,133,,,source_only_no_observed_trip,,,-4,false,monitor_source_only
2025-08-10 10:00:00+08,TPE_AIRPORT,87,51,,,37,,,source_only_no_observed_trip,,,-36,false,monitor_source_only
2025-08-10 10:00:00+08,XIMENDING,151,116,,,98,,,source_only_no_observed_trip,,,-35,false,monitor_source_only
2025-08-10 11:00:00+08,TAIPEI_101,171,104,,,77,,,source_only_no_observed_trip,,,-67,false,monitor_source_only
2025-08-10 11:00:00+08,TAIPEI_MAIN,189,90,,,71,,,source_only_no_observed_trip,,,-99,false,monitor_source_only
2025-08-10 11:00:00+08,TPE_AIRPORT,114,82,,,74,,,source_only_no_observed_trip,,,-32,false,monitor_source_only
2025-08-10 11:00:00+08,XIMENDING,166,156,,,112,,,source_only_no_observed_trip,,,-10,false,monitor_source_only
2025-08-10 12:00:00+08,TAIPEI_101,164,124,,,102,,,source_only_no_observed_trip,,,-40,false,monitor_source_only
2025-08-10 12:00:00+08,TAIPEI_MAIN,150,117,,,84,,,source_only_no_observed_trip,,,-33,false,monitor_source_only
2025-08-10 12:00:00+08,TPE_AIRPORT,95,66,1,1,1,0,6.0,observed,1.0,0.0,-29,false,monitor
2025-08-10 12:00:00+08,XIMENDING,150,122,,,106,,,source_only_no_observed_trip,,,-28,false,monitor_source_only
2025-08-10 13:00:00+08,TAIPEI_101,164,128,,,93,,,source_only_no_observed_trip,,,-36,false,monitor_source_only
2025-08-10 13:00:00+08,TAIPEI_MAIN,151,127,1,1,1,0,18.0,observed,1.0,0.0,-24,false,monitor
2025-08-10 13:00:00+08,TPE_AIRPORT,106,106,1,0,0,1,,observed,0.0,1.0,0,false,monitor
2025-08-10 13:00:00+08,XIMENDING,133,121,,,102,,,source_only_no_observed_trip,,,-12,false,monitor_source_only
2025-08-10 14:00:00+08,TAIPEI_101,149,119,,,96,,,source_only_no_observed_trip,,,-30,false,monitor_source_only
2025-08-10 14:00:00+08,TAIPEI_MAIN,160,133,,,120,,,source_only_no_observed_trip,,,-27,false,monitor_source_only
2025-08-10 14:00:00+08,TPE_AIRPORT,127,56,,,45,,,source_only_no_observed_trip,,,-71,false,monitor_source_only
2025-08-10 14:00:00+08,XIMENDING,155,119,,,94,,,source_only_no_observed_trip,,,-36,false,monitor_source_only
2025-08-10 15:00:00+08,TAIPEI_101,171,135,1,1,1,0,14.0,observed,1.0,0.0,-36,false,monitor
2025-08-10 15:00:00+08,TAIPEI_MAIN,147,107,,,82,,,source_only_no_observed_trip,,,-40,false,monitor_source_only
2025-08-10 15:00:00+08,TPE_AIRPORT,117,85,,,61,,,source_only_no_observed_trip,,,-32,false,monitor_source_only
2025-08-10 15:00:00+08,XIMENDING,159,107,,,90,,,source_only_no_observed_trip,,,-52,false,monitor_source_only
2025-08-10 16:00:00+08,TAIPEI_101,198,70,1,1,1,0,15.0,observed,1.0,0.0,-128,false,monitor
2025-08-10 16:00:00+08,TAIPEI_MAIN,161,81,,,73,,,source_only_no_observed_trip,,,-80,false,monitor_source_only
2025-08-10 16:00:00+08,TPE_AIRPORT,122,77,,,64,,,source_only_no_observed_trip,,,-45,false,monitor_source_only
2025-08-10 16:00:00+08,XIMENDING,183,82,2,2,2,0,20.6,observed,1.0,0.0,-101,false,review_pickup_reliability
2025-08-10 17:00:00+08,TAIPEI_101,194,70,2,2,2,0,10.7,observed,1.0,0.0,-124,false,monitor
2025-08-10 17:00:00+08,TAIPEI_MAIN,146,116,,,83,,,source_only_no_observed_trip,,,-30,false,monitor_source_only
2025-08-10 17:00:00+08,TPE_AIRPORT,142,84,,,67,,,source_only_no_observed_trip,,,-58,false,monitor_source_only
2025-08-10 17:00:00+08,XIMENDING,149,112,1,0,0,1,,observed,0.0,1.0,-37,false,monitor
2025-08-10 18:00:00+08,TAIPEI_101,180,65,2,2,2,0,19.7,observed,1.0,0.0,-115,false,monitor
2025-08-10 18:00:00+08,TAIPEI_MAIN,146,97,1,1,0,1,,observed,1.0,1.0,-49,false,monitor
2025-08-10 18:00:00+08,TPE_AIRPORT,95,99,,,75,,,source_only_no_observed_trip,,,4,false,monitor_source_only
2025-08-10 18:00:00+08,XIMENDING,157,137,2,2,2,0,17.8,observed,1.0,0.0,-20,false,monitor
2025-08-10 19:00:00+08,TAIPEI_101,147,109,2,1,1,1,17.0,observed,0.5,0.5,-38,false,monitor
2025-08-10 19:00:00+08,TAIPEI_MAIN,181,95,,,75,,,source_only_no_observed_trip,,,-86,false,monitor_source_only
2025-08-10 19:00:00+08,TPE_AIRPORT,83,67,1,1,1,0,9.0,observed,1.0,0.0,-16,false,monitor
2025-08-10 19:00:00+08,XIMENDING,172,68,2,2,2,0,14.9,observed,1.0,0.0,-104,false,monitor
2025-08-10 20:00:00+08,TAIPEI_101,125,180,3,3,3,0,20.6,observed,1.0,0.0,55,false,increase_supply_or_pause_send
2025-08-10 20:00:00+08,TAIPEI_MAIN,111,207,2,2,2,0,17.099999999999998,observed,1.0,0.0,96,false,increase_supply_or_pause_send
2025-08-10 20:00:00+08,TPE_AIRPORT,60,125,1,1,1,0,20.0,observed,1.0,0.0,65,false,increase_supply_or_pause_send
2025-08-10 20:00:00+08,XIMENDING,125,179,,,132,,,source_only_no_observed_trip,,,54,false,monitor_source_only
2025-08-10 21:00:00+08,TAIPEI_101,128,160,,,124,,,source_only_no_observed_trip,,,32,false,monitor_source_only
2025-08-10 21:00:00+08,TAIPEI_MAIN,127,189,1,1,1,0,13.0,observed,1.0,0.0,62,false,increase_supply_or_pause_send
2025-08-10 21:00:00+08,TPE_AIRPORT,64,90,,,67,,,source_only_no_observed_trip,,,26,false,monitor_source_only
2025-08-10 21:00:00+08,XIMENDING,142,192,,,154,,,source_only_no_observed_trip,,,50,false,monitor_source_only
2025-08-10 22:00:00+08,TAIPEI_101,150,173,,,129,,,source_only_no_observed_trip,,,23,false,monitor_source_only
2025-08-10 22:00:00+08,TAIPEI_MAIN,125,200,2,2,1,1,12.0,observed,1.0,0.5,75,false,increase_supply_or_pause_send
2025-08-10 22:00:00+08,TPE_AIRPORT,86,154,,,121,,,source_only_no_observed_trip,,,68,false,monitor_source_only
2025-08-10 22:00:00+08,XIMENDING,145,216,1,1,1,0,13.0,observed,1.0,0.0,71,false,increase_supply_or_pause_send
2025-08-10 23:00:00+08,TAIPEI_101,107,184,1,1,1,0,18.0,observed,1.0,0.0,77,false,increase_supply_or_pause_send
2025-08-10 23:00:00+08,TAIPEI_MAIN,151,179,,,152,,,source_only_no_observed_trip,,,28,false,monitor_source_only
2025-08-10 23:00:00+08,TPE_AIRPORT,75,139,,,119,,,source_only_no_observed_trip,,,64,false,monitor_source_only
2025-08-10 23:00:00+08,XIMENDING,106,204,,,162,,,source_only_no_observed_trip,,,98,false,monitor_source_only
2025-08-11 00:00:00+08,TAIPEI_101,149,134,1,1,1,0,20.0,observed,1.0,0.0,-15,false,monitor
2025-08-11 00:00:00+08,TAIPEI_MAIN,147,108,,,95,,,source_only_no_observed_trip,,,-39,false,monitor_source_only
2025-08-11 00:00:00+08,TPE_AIRPORT,99,68,,,56,,,source_only_no_observed_trip,,,-31,false,monitor_source_only
2025-08-11 00:00:00+08,XIMENDING,159,77,,,66,,,source_only_no_observed_trip,,,-82,false,monitor_source_only
2025-08-11 01:00:00+08,TAIPEI_101,161,103,,,76,,,source_only_no_observed_trip,,,-58,false,monitor_source_only
2025-08-11 01:00:00+08,TAIPEI_MAIN,120,120,1,0,0,1,,observed,0.0,1.0,0,false,monitor
2025-08-11 01:00:00+08,TPE_AIRPORT,123,60,1,1,1,0,8.0,observed,1.0,0.0,-63,false,monitor
2025-08-11 01:00:00+08,XIMENDING,166,136,,,117,,,source_only_no_observed_trip,,,-30,false,monitor_source_only
2025-08-11 02:00:00+08,TAIPEI_101,135,115,1,0,0,1,,observed,0.0,1.0,-20,false,monitor
2025-08-11 02:00:00+08,TAIPEI_MAIN,183,104,1,1,1,0,10.0,observed,1.0,0.0,-79,false,monitor
2025-08-11 02:00:00+08,TPE_AIRPORT,135,61,,,48,,,source_only_no_observed_trip,,,-74,false,monitor_source_only
2025-08-11 02:00:00+08,XIMENDING,149,78,1,1,1,0,19.0,observed,1.0,0.0,-71,false,monitor
2025-08-11 03:00:00+08,TAIPEI_101,153,114,1,1,1,0,18.0,observed,1.0,0.0,-39,false,monitor
2025-08-11 03:00:00+08,TAIPEI_MAIN,178,127,,,111,,,source_only_no_observed_trip,,,-51,false,monitor_source_only
2025-08-11 03:00:00+08,TPE_AIRPORT,88,85,1,1,1,0,15.0,observed,1.0,0.0,-3,false,monitor
2025-08-11 03:00:00+08,XIMENDING,143,101,,,75,,,source_only_no_observed_trip,,,-42,false,monitor_source_only
2025-08-11 04:00:00+08,TAIPEI_101,160,116,,,100,,,source_only_no_observed_trip,,,-44,false,monitor_source_only
2025-08-11 04:00:00+08,TAIPEI_MAIN,152,147,2,2,2,0,17.599999999999998,observed,1.0,0.0,-5,false,monitor
2025-08-11 04:00:00+08,TPE_AIRPORT,113,63,,,57,,,source_only_no_observed_trip,,,-50,false,monitor_source_only
2025-08-11 04:00:00+08,XIMENDING,159,105,1,1,1,0,22.0,observed,1.0,0.0,-54,false,review_pickup_reliability
2025-08-11 05:00:00+08,TAIPEI_101,136,183,1,1,1,0,22.0,observed,1.0,0.0,47,false,increase_supply_or_pause_send
2025-08-11 05:00:00+08,TAIPEI_MAIN,139,179,1,1,1,0,19.0,observed,1.0,0.0,40,false,increase_supply_or_pause_send
2025-08-11 05:00:00+08,TPE_AIRPORT,83,156,1,1,1,0,20.0,observed,1.0,0.0,73,false,increase_supply_or_pause_send
2025-08-11 05:00:00+08,XIMENDING,121,185,2,2,2,0,18.0,observed,1.0,0.0,64,false,increase_supply_or_pause_send
2025-08-11 06:00:00+08,TAIPEI_101,100,183,1,1,1,0,12.0,observed,1.0,0.0,83,false,increase_supply_or_pause_send
2025-08-11 06:00:00+08,TAIPEI_MAIN,103,172,,,148,,,source_only_no_observed_trip,,,69,false,monitor_source_only
2025-08-11 06:00:00+08,TPE_AIRPORT,89,122,,,96,,,source_only_no_observed_trip,,,33,false,monitor_source_only
2025-08-11 06:00:00+08,XIMENDING,143,215,,,176,,,source_only_no_observed_trip,,,72,false,monitor_source_only
2025-08-11 07:00:00+08,TAIPEI_101,116,195,1,1,1,0,17.0,observed,1.0,0.0,79,false,increase_supply_or_pause_send
2025-08-11 07:00:00+08,TAIPEI_MAIN,168,185,,,133,,,source_only_no_observed_trip,,,17,false,monitor_source_only
2025-08-11 07:00:00+08,TPE_AIRPORT,78,128,,,96,,,source_only_no_observed_trip,,,50,false,monitor_source_only
2025-08-11 07:00:00+08,XIMENDING,108,174,2,2,2,0,20.1,observed,1.0,0.0,66,false,increase_supply_or_pause_send
2025-08-11 08:00:00+08,TAIPEI_101,136,202,,,165,,,source_only_no_observed_trip,,,66,false,monitor_source_only
2025-08-11 08:00:00+08,TAIPEI_MAIN,134,250,,,198,,,source_only_no_observed_trip,,,116,false,monitor_source_only
2025-08-11 08:00:00+08,TPE_AIRPORT,75,132,1,1,0,1,,observed,1.0,1.0,57,false,increase_supply_or_pause_send
2025-08-11 08:00:00+08,XIMENDING,124,184,,,159,,,source_only_no_observed_trip,,,60,false,monitor_source_only
2025-08-11 09:00:00+08,TAIPEI_101,189,106,2,2,2,0,19.700000000000003,observed,1.0,0.0,-83,false,monitor
2025-08-11 09:00:00+08,TAIPEI_MAIN,181,81,,,70,,,source_only_no_observed_trip,,,-100,false,monitor_source_only
2025-08-11 09:00:00+08,TPE_AIRPORT,100,79,2,2,2,0,18.5,observed,1.0,0.0,-21,false,monitor
2025-08-11 09:00:00+08,XIMENDING,153,121,1,1,1,0,16.0,observed,1.0,0.0,-32,false,monitor
2025-08-11 10:00:00+08,TAIPEI_101,156,112,,,83,,,source_only_no_observed_trip,,,-44,false,monitor_source_only
2025-08-11 10:00:00+08,TAIPEI_MAIN,187,123,1,1,0,1,,observed,1.0,1.0,-64,false,monitor
2025-08-11 10:00:00+08,TPE_AIRPORT,111,85,,,73,,,source_only_no_observed_trip,,,-26,false,monitor_source_only
2025-08-11 10:00:00+08,XIMENDING,156,165,,,130,,,source_only_no_observed_trip,,,9,false,monitor_source_only
2025-08-11 11:00:00+08,TAIPEI_101,145,121,,,88,,,source_only_no_observed_trip,,,-24,false,monitor_source_only
2025-08-11 11:00:00+08,TAIPEI_MAIN,163,144,1,1,1,0,22.0,observed,1.0,0.0,-19,false,review_pickup_reliability
2025-08-11 11:00:00+08,TPE_AIRPORT,127,117,,,93,,,source_only_no_observed_trip,,,-10,false,monitor_source_only
2025-08-11 11:00:00+08,XIMENDING,159,98,,,84,,,source_only_no_observed_trip,,,-61,false,monitor_source_only
2025-08-11 12:00:00+08,TAIPEI_101,107,124,,,111,,,source_only_no_observed_trip,,,17,false,monitor_source_only
2025-08-11 12:00:00+08,TAIPEI_MAIN,153,165,,,139,,,source_only_no_observed_trip,,,12,false,monitor_source_only
2025-08-11 12:00:00+08,TPE_AIRPORT,106,88,1,1,1,0,16.0,observed,1.0,0.0,-18,false,monitor
2025-08-11 12:00:00+08,XIMENDING,163,145,,,108,,,source_only_no_observed_trip,,,-18,false,monitor_source_only
2025-08-11 13:00:00+08,TAIPEI_101,167,153,1,1,1,0,10.0,observed,1.0,0.0,-14,false,monitor
2025-08-11 13:00:00+08,TAIPEI_MAIN,164,104,1,1,1,0,14.0,observed,1.0,0.0,-60,false,monitor
2025-08-11 13:00:00+08,TPE_AIRPORT,113,91,,,70,,,source_only_no_observed_trip,,,-22,false,monitor_source_only
2025-08-11 13:00:00+08,XIMENDING,149,94,1,1,1,0,13.0,observed,1.0,0.0,-55,false,monitor
2025-08-11 14:00:00+08,TAIPEI_101,146,126,,,113,,,source_only_no_observed_trip,,,-20,false,monitor_source_only
2025-08-11 14:00:00+08,TAIPEI_MAIN,140,125,,,105,,,source_only_no_observed_trip,,,-15,false,monitor_source_only
2025-08-11 14:00:00+08,TPE_AIRPORT,126,59,,,42,,,source_only_no_observed_trip,,,-67,false,monitor_source_only
2025-08-11 14:00:00+08,XIMENDING,170,139,,,113,,,source_only_no_observed_trip,,,-31,false,monitor_source_only
2025-08-11 15:00:00+08,TAIPEI_101,171,155,1,1,1,0,14.0,observed,1.0,0.0,-16,false,monitor
2025-08-11 15:00:00+08,TAIPEI_MAIN,162,107,,,79,,,source_only_no_observed_trip,,,-55,false,monitor_source_only
2025-08-11 15:00:00+08,TPE_AIRPORT,126,54,2,2,2,0,12.700000000000001,observed,1.0,0.0,-72,false,monitor
2025-08-11 15:00:00+08,XIMENDING,160,133,,,109,,,source_only_no_observed_trip,,,-27,false,monitor_source_only
2025-08-11 16:00:00+08,TAIPEI_101,139,128,,,108,,,source_only_no_observed_trip,,,-11,false,monitor_source_only
2025-08-11 16:00:00+08,TAIPEI_MAIN,169,134,1,1,1,0,14.0,observed,1.0,0.0,-35,false,monitor
2025-08-11 16:00:00+08,TPE_AIRPORT,120,115,,,84,,,source_only_no_observed_trip,,,-5,false,monitor_source_only
2025-08-11 16:00:00+08,XIMENDING,127,142,1,1,1,0,18.0,observed,1.0,0.0,15,false,monitor
2025-08-11 17:00:00+08,TAIPEI_101,166,125,,,100,,,source_only_no_observed_trip,,,-41,false,monitor_source_only
2025-08-11 17:00:00+08,TAIPEI_MAIN,185,84,1,1,1,0,6.0,observed,1.0,0.0,-101,false,monitor
2025-08-11 17:00:00+08,TPE_AIRPORT,91,115,1,1,1,0,18.0,observed,1.0,0.0,24,false,increase_supply_or_pause_send
2025-08-11 17:00:00+08,XIMENDING,156,117,2,2,2,0,18.8,observed,1.0,0.0,-39,false,monitor
2025-08-11 18:00:00+08,TAIPEI_101,157,129,2,2,2,0,18.6,observed,1.0,0.0,-28,false,monitor
2025-08-11 18:00:00+08,TAIPEI_MAIN,189,78,,,70,,,source_only_no_observed_trip,,,-111,false,monitor_source_only
2025-08-11 18:00:00+08,TPE_AIRPORT,130,44,,,34,,,source_only_no_observed_trip,,,-86,false,monitor_source_only
2025-08-11 18:00:00+08,XIMENDING,152,93,1,1,1,0,15.0,observed,1.0,0.0,-59,false,monitor
2025-08-11 19:00:00+08,TAIPEI_101,141,112,1,1,1,0,9.0,observed,1.0,0.0,-29,false,monitor
2025-08-11 19:00:00+08,TAIPEI_MAIN,151,104,,,76,,,source_only_no_observed_trip,,,-47,false,monitor_source_only
2025-08-11 19:00:00+08,TPE_AIRPORT,92,51,,,45,,,source_only_no_observed_trip,,,-41,false,monitor_source_only
2025-08-11 19:00:00+08,XIMENDING,128,109,1,1,1,0,7.0,observed,1.0,0.0,-19,false,monitor
2025-08-11 20:00:00+08,TAIPEI_101,142,240,,,218,,,source_only_no_observed_trip,,,98,false,monitor_source_only
2025-08-11 20:00:00+08,TAIPEI_MAIN,121,174,2,2,2,0,21.0,observed,1.0,0.0,53,false,increase_supply_or_pause_send
2025-08-11 20:00:00+08,TPE_AIRPORT,80,117,,,103,,,source_only_no_observed_trip,,,37,false,monitor_source_only
2025-08-11 20:00:00+08,XIMENDING,127,198,,,152,,,source_only_no_observed_trip,,,71,false,monitor_source_only
2025-08-11 21:00:00+08,TAIPEI_101,120,163,,,133,,,source_only_no_observed_trip,,,43,false,monitor_source_only
2025-08-11 21:00:00+08,TAIPEI_MAIN,111,205,,,174,,,source_only_no_observed_trip,,,94,false,monitor_source_only
2025-08-11 21:00:00+08,TPE_AIRPORT,62,136,1,1,1,0,15.0,observed,1.0,0.0,74,false,increase_supply_or_pause_send
2025-08-11 21:00:00+08,XIMENDING,112,198,,,171,,,source_only_no_observed_trip,,,86,false,monitor_source_only
2025-08-11 22:00:00+08,TAIPEI_101,155,198,,,177,,,source_only_no_observed_trip,,,43,false,monitor_source_only
2025-08-11 22:00:00+08,TAIPEI_MAIN,115,225,,,197,,,source_only_no_observed_trip,,,110,false,monitor_source_only
2025-08-11 22:00:00+08,TPE_AIRPORT,74,103,,,80,,,source_only_no_observed_trip,,,29,false,monitor_source_only
2025-08-11 22:00:00+08,XIMENDING,143,169,,,128,,,source_only_no_observed_trip,,,26,false,monitor_source_only
2025-08-11 23:00:00+08,TAIPEI_101,97,229,,,200,,,source_only_no_observed_trip,,,132,false,monitor_source_only
2025-08-11 23:00:00+08,TAIPEI_MAIN,129,173,1,1,1,0,21.0,observed,1.0,0.0,44,false,increase_supply_or_pause_send
2025-08-11 23:00:00+08,TPE_AIRPORT,94,76,,,69,,,source_only_no_observed_trip,,,-18,false,monitor_source_only
2025-08-11 23:00:00+08,XIMENDING,116,245,1,1,1,0,19.0,observed,1.0,0.0,129,false,increase_supply_or_pause_send
2025-08-12 00:00:00+08,TAIPEI_101,164,143,1,1,1,0,21.0,observed,1.0,0.0,-21,false,review_pickup_reliability
2025-08-12 00:00:00+08,TAIPEI_MAIN,154,154,,,127,,,source_only_no_observed_trip,,,0,false,monitor_source_only
2025-08-12 00:00:00+08,TPE_AIRPORT,97,68,,,50,,,source_only_no_observed_trip,,,-29,false,monitor_source_only
2025-08-12 00:00:00+08,XIMENDING,166,108,,,90,,,source_only_no_observed_trip,,,-58,false,monitor_source_only
2025-08-12 01:00:00+08,TAIPEI_101,155,66,3,3,3,0,17.0,observed,1.0,0.0,-89,false,monitor
2025-08-12 01:00:00+08,TAIPEI_MAIN,159,119,1,1,1,0,20.0,observed,1.0,0.0,-40,false,monitor
2025-08-12 01:00:00+08,TPE_AIRPORT,128,104,1,1,1,0,19.0,observed,1.0,0.0,-24,false,monitor
2025-08-12 01:00:00+08,XIMENDING,160,81,1,1,1,0,11.0,observed,1.0,0.0,-79,false,monitor
2025-08-12 02:00:00+08,TAIPEI_101,188,138,1,0,0,1,,observed,0.0,1.0,-50,false,monitor
2025-08-12 02:00:00+08,TAIPEI_MAIN,137,113,,,102,,,source_only_no_observed_trip,,,-24,false,monitor_source_only
2025-08-12 02:00:00+08,TPE_AIRPORT,85,67,,,58,,,source_only_no_observed_trip,,,-18,false,monitor_source_only
2025-08-12 02:00:00+08,XIMENDING,158,118,,,103,,,source_only_no_observed_trip,,,-40,false,monitor_source_only
2025-08-12 03:00:00+08,TAIPEI_101,163,84,1,1,1,0,15.0,observed,1.0,0.0,-79,false,monitor
2025-08-12 03:00:00+08,TAIPEI_MAIN,166,150,,,125,,,source_only_no_observed_trip,,,-16,false,monitor_source_only
2025-08-12 03:00:00+08,TPE_AIRPORT,112,106,1,1,1,0,13.0,observed,1.0,0.0,-6,false,monitor
2025-08-12 03:00:00+08,XIMENDING,167,110,1,1,1,0,14.0,observed,1.0,0.0,-57,false,monitor
2025-08-12 04:00:00+08,TAIPEI_101,122,107,1,1,1,0,18.0,observed,1.0,0.0,-15,false,monitor
2025-08-12 04:00:00+08,TAIPEI_MAIN,145,151,2,2,2,0,19.900000000000002,observed,1.0,0.0,6,false,monitor
2025-08-12 04:00:00+08,TPE_AIRPORT,81,48,,,43,,,source_only_no_observed_trip,,,-33,false,monitor_source_only
2025-08-12 04:00:00+08,XIMENDING,169,151,,,136,,,source_only_no_observed_trip,,,-18,false,monitor_source_only
2025-08-12 05:00:00+08,TAIPEI_101,142,183,,,137,,,source_only_no_observed_trip,,,41,false,monitor_source_only
2025-08-12 05:00:00+08,TAIPEI_MAIN,109,187,,,149,,,source_only_no_observed_trip,,,78,false,monitor_source_only
2025-08-12 05:00:00+08,TPE_AIRPORT,75,162,,,138,,,source_only_no_observed_trip,,,87,false,monitor_source_only
2025-08-12 05:00:00+08,XIMENDING,116,207,,,188,,,source_only_no_observed_trip,,,91,false,monitor_source_only
2025-08-12 06:00:00+08,TAIPEI_101,150,169,,,146,,,source_only_no_observed_trip,,,19,false,monitor_source_only
2025-08-12 06:00:00+08,TAIPEI_MAIN,139,182,,,144,,,source_only_no_observed_trip,,,43,false,monitor_source_only
2025-08-12 06:00:00+08,TPE_AIRPORT,61,140,,,124,,,source_only_no_observed_trip,,,79,false,monitor_source_only
2025-08-12 06:00:00+08,XIMENDING,139,188,,,143,,,source_only_no_observed_trip,,,49,false,monitor_source_only
2025-08-12 07:00:00+08,TAIPEI_101,157,203,1,1,1,0,23.0,observed,1.0,0.0,46,false,increase_supply_or_pause_send
2025-08-12 07:00:00+08,TAIPEI_MAIN,156,147,3,1,1,2,15.0,observed,0.3333333333333333,0.6666666666666666,-9,false,monitor
2025-08-12 07:00:00+08,TPE_AIRPORT,101,159,4,4,4,0,21.0,observed,1.0,0.0,58,false,increase_supply_or_pause_send
2025-08-12 07:00:00+08,XIMENDING,132,163,,,133,,,source_only_no_observed_trip,,,31,false,monitor_source_only
2025-08-12 08:00:00+08,TAIPEI_101,135,174,,,141,,,source_only_no_observed_trip,,,39,false,monitor_source_only
2025-08-12 08:00:00+08,TAIPEI_MAIN,136,200,1,1,1,0,17.0,observed,1.0,0.0,64,false,increase_supply_or_pause_send
2025-08-12 08:00:00+08,TPE_AIRPORT,72,129,,,97,,,source_only_no_observed_trip,,,57,false,monitor_source_only
2025-08-12 08:00:00+08,XIMENDING,153,145,1,1,1,0,14.0,observed,1.0,0.0,-8,false,monitor
2025-08-12 09:00:00+08,TAIPEI_101,159,89,1,1,1,0,16.0,observed,1.0,0.0,-70,false,monitor
2025-08-12 09:00:00+08,TAIPEI_MAIN,140,99,1,1,1,0,12.0,observed,1.0,0.0,-41,false,monitor
2025-08-12 09:00:00+08,TPE_AIRPORT,140,88,3,3,2,1,18.0,observed,1.0,0.3333333333333333,-52,false,monitor
2025-08-12 09:00:00+08,XIMENDING,181,132,,,101,,,source_only_no_observed_trip,,,-49,false,monitor_source_only
2025-08-12 10:00:00+08,TAIPEI_101,141,101,,,90,,,source_only_no_observed_trip,,,-40,false,monitor_source_only
2025-08-12 10:00:00+08,TAIPEI_MAIN,147,41,,,31,,,source_only_no_observed_trip,,,-106,false,monitor_source_only
2025-08-12 10:00:00+08,TPE_AIRPORT,115,116,,,98,,,source_only_no_observed_trip,,,1,false,monitor_source_only
2025-08-12 10:00:00+08,XIMENDING,163,118,,,91,,,source_only_no_observed_trip,,,-45,false,monitor_source_only
2025-08-12 11:00:00+08,TAIPEI_101,179,76,,,68,,,source_only_no_observed_trip,,,-103,false,monitor_source_only
2025-08-12 11:00:00+08,TAIPEI_MAIN,142,68,1,1,0,1,,observed,1.0,1.0,-74,false,monitor
2025-08-12 11:00:00+08,TPE_AIRPORT,104,68,,,49,,,source_only_no_observed_trip,,,-36,false,monitor_source_only
2025-08-12 11:00:00+08,XIMENDING,114,180,,,161,,,source_only_no_observed_trip,,,66,false,monitor_source_only
2025-08-12 12:00:00+08,TAIPEI_101,164,92,1,1,1,0,11.0,observed,1.0,0.0,-72,false,monitor
2025-08-12 12:00:00+08,TAIPEI_MAIN,172,135,,,108,,,source_only_no_observed_trip,,,-37,false,monitor_source_only
2025-08-12 12:00:00+08,TPE_AIRPORT,114,83,,,73,,,source_only_no_observed_trip,,,-31,false,monitor_source_only
2025-08-12 12:00:00+08,XIMENDING,144,145,2,2,2,0,20.3,observed,1.0,0.0,1,false,review_pickup_reliability
2025-08-12 13:00:00+08,TAIPEI_101,165,102,,,89,,,source_only_no_observed_trip,,,-63,false,monitor_source_only
2025-08-12 13:00:00+08,TAIPEI_MAIN,134,126,1,1,1,0,19.0,observed,1.0,0.0,-8,false,monitor
2025-08-12 13:00:00+08,TPE_AIRPORT,144,93,1,1,1,0,14.0,observed,1.0,0.0,-51,false,monitor
2025-08-12 13:00:00+08,XIMENDING,161,127,,,107,,,source_only_no_observed_trip,,,-34,false,monitor_source_only
2025-08-12 14:00:00+08,TAIPEI_101,165,102,1,1,1,0,18.0,observed,1.0,0.0,-63,false,monitor
2025-08-12 14:00:00+08,TAIPEI_MAIN,161,129,,,111,,,source_only_no_observed_trip,,,-32,false,monitor_source_only
2025-08-12 14:00:00+08,TPE_AIRPORT,117,66,,,51,,,source_only_no_observed_trip,,,-51,false,monitor_source_only
2025-08-12 14:00:00+08,XIMENDING,149,121,,,105,,,source_only_no_observed_trip,,,-28,false,monitor_source_only
2025-08-12 15:00:00+08,TAIPEI_101,140,123,1,1,1,0,23.0,observed,1.0,0.0,-17,false,review_pickup_reliability
2025-08-12 15:00:00+08,TAIPEI_MAIN,163,116,2,2,2,0,17.5,observed,1.0,0.0,-47,false,monitor
2025-08-12 15:00:00+08,TPE_AIRPORT,132,79,,,70,,,source_only_no_observed_trip,,,-53,false,monitor_source_only
2025-08-12 15:00:00+08,XIMENDING,132,90,1,1,1,0,10.0,observed,1.0,0.0,-42,false,monitor
2025-08-12 16:00:00+08,TAIPEI_101,163,134,1,1,1,0,20.0,observed,1.0,0.0,-29,false,monitor
2025-08-12 16:00:00+08,TAIPEI_MAIN,164,105,,,81,,,source_only_no_observed_trip,,,-59,false,monitor_source_only
2025-08-12 16:00:00+08,TPE_AIRPORT,97,117,,,93,,,source_only_no_observed_trip,,,20,false,monitor_source_only
2025-08-12 16:00:00+08,XIMENDING,144,115,2,2,2,0,17.9,observed,1.0,0.0,-29,false,monitor
2025-08-12 17:00:00+08,TAIPEI_101,199,131,2,2,2,0,16.6,observed,1.0,0.0,-68,false,monitor
2025-08-12 17:00:00+08,TAIPEI_MAIN,173,125,,,101,,,source_only_no_observed_trip,,,-48,false,monitor_source_only
2025-08-12 17:00:00+08,TPE_AIRPORT,119,78,1,1,1,0,17.0,observed,1.0,0.0,-41,false,monitor
2025-08-12 17:00:00+08,XIMENDING,197,84,1,1,1,0,20.0,observed,1.0,0.0,-113,false,monitor
2025-08-12 18:00:00+08,TAIPEI_101,173,114,,,85,,,source_only_no_observed_trip,,,-59,false,monitor_source_only
2025-08-12 18:00:00+08,TAIPEI_MAIN,165,120,1,1,1,0,13.0,observed,1.0,0.0,-45,false,monitor
2025-08-12 18:00:00+08,TPE_AIRPORT,133,69,1,1,1,0,19.0,observed,1.0,0.0,-64,false,monitor
2025-08-12 18:00:00+08,XIMENDING,172,86,4,4,4,0,22.400000000000002,observed,1.0,0.0,-86,false,review_pickup_reliability
2025-08-12 19:00:00+08,TAIPEI_101,151,100,,,73,,,source_only_no_observed_trip,,,-51,false,monitor_source_only
2025-08-12 19:00:00+08,TAIPEI_MAIN,185,116,,,104,,,source_only_no_observed_trip,,,-69,false,monitor_source_only
2025-08-12 19:00:00+08,TPE_AIRPORT,91,94,2,2,2,0,20.0,observed,1.0,0.0,3,false,monitor
2025-08-12 19:00:00+08,XIMENDING,117,101,,,80,,,source_only_no_observed_trip,,,-16,false,monitor_source_only
2025-08-12 20:00:00+08,TAIPEI_101,111,210,1,1,1,0,8.0,observed,1.0,0.0,99,false,increase_supply_or_pause_send
2025-08-12 20:00:00+08,TAIPEI_MAIN,135,205,1,1,1,0,23.0,observed,1.0,0.0,70,false,increase_supply_or_pause_send
2025-08-12 20:00:00+08,TPE_AIRPORT,59,92,,,71,,,source_only_no_observed_trip,,,33,false,monitor_source_only
2025-08-12 20:00:00+08,XIMENDING,123,217,2,2,2,0,17.4,observed,1.0,0.0,94,false,increase_supply_or_pause_send
2025-08-12 21:00:00+08,TAIPEI_101,154,204,,,167,,,source_only_no_observed_trip,,,50,false,monitor_source_only
2025-08-12 21:00:00+08,TAIPEI_MAIN,132,165,,,142,,,source_only_no_observed_trip,,,33,false,monitor_source_only
2025-08-12 21:00:00+08,TPE_AIRPORT,73,126,1,1,1,0,9.0,observed,1.0,0.0,53,false,increase_supply_or_pause_send
2025-08-12 21:00:00+08,XIMENDING,136,193,,,143,,,source_only_no_observed_trip,,,57,false,monitor_source_only
2025-08-12 22:00:00+08,TAIPEI_101,140,176,,,142,,,source_only_no_observed_trip,,,36,false,monitor_source_only
2025-08-12 22:00:00+08,TAIPEI_MAIN,137,176,1,1,1,0,10.0,observed,1.0,0.0,39,false,increase_supply_or_pause_send
2025-08-12 22:00:00+08,TPE_AIRPORT,49,121,,,92,,,source_only_no_observed_trip,,,72,false,monitor_source_only
2025-08-12 22:00:00+08,XIMENDING,107,181,,,130,,,source_only_no_observed_trip,,,74,false,monitor_source_only
2025-08-12 23:00:00+08,TAIPEI_101,121,190,,,157,,,source_only_no_observed_trip,,,69,false,monitor_source_only
2025-08-12 23:00:00+08,TAIPEI_MAIN,137,187,1,1,1,0,12.0,observed,1.0,0.0,50,false,increase_supply_or_pause_send
2025-08-12 23:00:00+08,TPE_AIRPORT,61,170,,,147,,,source_only_no_observed_trip,,,109,false,monitor_source_only
2025-08-12 23:00:00+08,XIMENDING,135,169,2,2,2,0,14.3,observed,1.0,0.0,34,false,increase_supply_or_pause_send
2025-08-13 00:00:00+08,TAIPEI_101,144,145,2,2,2,0,15.9,observed,1.0,0.0,1,false,monitor
2025-08-13 00:00:00+08,TAIPEI_MAIN,141,131,1,1,1,0,20.0,observed,1.0,0.0,-10,false,monitor
2025-08-13 00:00:00+08,TPE_AIRPORT,124,79,,,64,,,source_only_no_observed_trip,,,-45,false,monitor_source_only
2025-08-13 00:00:00+08,XIMENDING,175,65,,,57,,,source_only_no_observed_trip,,,-110,false,monitor_source_only
2025-08-13 01:00:00+08,TAIPEI_101,169,94,,,80,,,source_only_no_observed_trip,,,-75,false,monitor_source_only
2025-08-13 01:00:00+08,TAIPEI_MAIN,136,104,2,2,2,0,15.9,observed,1.0,0.0,-32,false,monitor
2025-08-13 01:00:00+08,TPE_AIRPORT,100,75,,,67,,,source_only_no_observed_trip,,,-25,false,monitor_source_only
2025-08-13 01:00:00+08,XIMENDING,182,105,,,78,,,source_only_no_observed_trip,,,-77,false,monitor_source_only
2025-08-13 02:00:00+08,TAIPEI_101,157,119,1,1,1,0,5.0,observed,1.0,0.0,-38,false,monitor
2025-08-13 02:00:00+08,TAIPEI_MAIN,136,71,,,56,,,source_only_no_observed_trip,,,-65,false,monitor_source_only
2025-08-13 02:00:00+08,TPE_AIRPORT,103,68,1,1,1,0,9.0,observed,1.0,0.0,-35,false,monitor
2025-08-13 02:00:00+08,XIMENDING,152,116,,,95,,,source_only_no_observed_trip,,,-36,false,monitor_source_only
2025-08-13 03:00:00+08,TAIPEI_101,159,139,2,2,2,0,19.700000000000003,observed,1.0,0.0,-20,false,monitor
2025-08-13 03:00:00+08,TAIPEI_MAIN,178,115,,,90,,,source_only_no_observed_trip,,,-63,false,monitor_source_only
2025-08-13 03:00:00+08,TPE_AIRPORT,103,62,1,1,1,0,19.0,observed,1.0,0.0,-41,false,monitor
2025-08-13 03:00:00+08,XIMENDING,165,138,,,118,,,source_only_no_observed_trip,,,-27,false,monitor_source_only
2025-08-13 04:00:00+08,TAIPEI_101,136,132,,,101,,,source_only_no_observed_trip,,,-4,false,monitor_source_only
2025-08-13 04:00:00+08,TAIPEI_MAIN,162,113,1,1,1,0,17.0,observed,1.0,0.0,-49,false,monitor
2025-08-13 04:00:00+08,TPE_AIRPORT,132,81,2,2,2,0,11.600000000000001,observed,1.0,0.0,-51,false,monitor
2025-08-13 04:00:00+08,XIMENDING,134,118,1,1,1,0,20.0,observed,1.0,0.0,-16,false,monitor
2025-08-13 05:00:00+08,TAIPEI_101,121,185,,,134,,,source_only_no_observed_trip,,,64,false,monitor_source_only
2025-08-13 05:00:00+08,TAIPEI_MAIN,128,221,,,160,,,source_only_no_observed_trip,,,93,false,monitor_source_only
2025-08-13 05:00:00+08,TPE_AIRPORT,74,134,,,120,,,source_only_no_observed_trip,,,60,false,monitor_source_only
2025-08-13 05:00:00+08,XIMENDING,123,263,,,231,,,source_only_no_observed_trip,,,140,false,monitor_source_only
2025-08-13 06:00:00+08,TAIPEI_101,105,175,,,129,,,source_only_no_observed_trip,,,70,false,monitor_source_only
2025-08-13 06:00:00+08,TAIPEI_MAIN,163,166,,,132,,,source_only_no_observed_trip,,,3,false,monitor_source_only
2025-08-13 06:00:00+08,TPE_AIRPORT,65,77,1,1,1,0,8.0,observed,1.0,0.0,12,false,monitor
2025-08-13 06:00:00+08,XIMENDING,118,155,,,130,,,source_only_no_observed_trip,,,37,false,monitor_source_only
2025-08-13 07:00:00+08,TAIPEI_101,128,204,,,162,,,source_only_no_observed_trip,,,76,false,monitor_source_only
2025-08-13 07:00:00+08,TAIPEI_MAIN,142,226,1,1,1,0,15.0,observed,1.0,0.0,84,false,increase_supply_or_pause_send
2025-08-13 07:00:00+08,TPE_AIRPORT,69,136,1,1,1,0,9.0,observed,1.0,0.0,67,false,increase_supply_or_pause_send
2025-08-13 07:00:00+08,XIMENDING,144,182,,,148,,,source_only_no_observed_trip,,,38,false,monitor_source_only
2025-08-13 08:00:00+08,TAIPEI_101,161,150,1,1,1,0,17.0,observed,1.0,0.0,-11,false,monitor
2025-08-13 08:00:00+08,TAIPEI_MAIN,119,207,2,2,2,0,13.399999999999999,observed,1.0,0.0,88,false,increase_supply_or_pause_send
2025-08-13 08:00:00+08,TPE_AIRPORT,59,135,1,1,0,1,,observed,1.0,1.0,76,false,increase_supply_or_pause_send
2025-08-13 08:00:00+08,XIMENDING,100,167,,,121,,,source_only_no_observed_trip,,,67,false,monitor_source_only
2025-08-13 09:00:00+08,TAIPEI_101,137,106,2,2,2,0,19.900000000000002,observed,1.0,0.0,-31,false,monitor
2025-08-13 09:00:00+08,TAIPEI_MAIN,125,108,,,89,,,source_only_no_observed_trip,,,-17,false,monitor_source_only
2025-08-13 09:00:00+08,TPE_AIRPORT,121,102,,,85,,,source_only_no_observed_trip,,,-19,false,monitor_source_only
2025-08-13 09:00:00+08,XIMENDING,168,125,1,1,1,0,18.0,observed,1.0,0.0,-43,false,monitor
2025-08-13 10:00:00+08,TAIPEI_101,146,143,,,110,,,source_only_no_observed_trip,,,-3,false,monitor_source_only
2025-08-13 10:00:00+08,TAIPEI_MAIN,132,79,1,1,1,0,12.0,observed,1.0,0.0,-53,false,monitor
2025-08-13 10:00:00+08,TPE_AIRPORT,135,113,2,2,2,0,17.299999999999997,observed,1.0,0.0,-22,false,monitor
2025-08-13 10:00:00+08,XIMENDING,184,164,3,3,3,0,18.6,observed,1.0,0.0,-20,false,monitor
2025-08-13 11:00:00+08,TAIPEI_101,182,129,,,110,,,source_only_no_observed_trip,,,-53,false,monitor_source_only
2025-08-13 11:00:00+08,TAIPEI_MAIN,148,85,,,74,,,source_only_no_observed_trip,,,-63,false,monitor_source_only
2025-08-13 11:00:00+08,TPE_AIRPORT,84,79,,,70,,,source_only_no_observed_trip,,,-5,false,monitor_source_only
2025-08-13 11:00:00+08,XIMENDING,182,70,,,59,,,source_only_no_observed_trip,,,-112,false,monitor_source_only
2025-08-13 12:00:00+08,TAIPEI_101,196,143,1,1,1,0,18.0,observed,1.0,0.0,-53,false,monitor
2025-08-13 12:00:00+08,TAIPEI_MAIN,174,101,,,85,,,source_only_no_observed_trip,,,-73,false,monitor_source_only
2025-08-13 12:00:00+08,TPE_AIRPORT,143,99,,,74,,,source_only_no_observed_trip,,,-44,false,monitor_source_only
2025-08-13 12:00:00+08,XIMENDING,115,128,,,100,,,source_only_no_observed_trip,,,13,false,monitor_source_only
2025-08-13 13:00:00+08,TAIPEI_101,142,133,,,99,,,source_only_no_observed_trip,,,-9,false,monitor_source_only
2025-08-13 13:00:00+08,TAIPEI_MAIN,171,152,,,110,,,source_only_no_observed_trip,,,-19,false,monitor_source_only
2025-08-13 13:00:00+08,TPE_AIRPORT,83,75,,,67,,,source_only_no_observed_trip,,,-8,false,monitor_source_only
2025-08-13 13:00:00+08,XIMENDING,135,95,1,1,1,0,7.0,observed,1.0,0.0,-40,false,monitor
2025-08-13 14:00:00+08,TAIPEI_101,184,131,,,102,,,source_only_no_observed_trip,,,-53,false,monitor_source_only
2025-08-13 14:00:00+08,TAIPEI_MAIN,201,121,1,1,1,0,12.0,observed,1.0,0.0,-80,false,monitor
2025-08-13 14:00:00+08,TPE_AIRPORT,82,91,,,80,,,source_only_no_observed_trip,,,9,false,monitor_source_only
2025-08-13 14:00:00+08,XIMENDING,175,107,,,89,,,source_only_no_observed_trip,,,-68,false,monitor_source_only
2025-08-13 15:00:00+08,TAIPEI_101,146,105,,,77,,,source_only_no_observed_trip,,,-41,false,monitor_source_only
2025-08-13 15:00:00+08,TAIPEI_MAIN,158,139,,,118,,,source_only_no_observed_trip,,,-19,false,monitor_source_only
2025-08-13 15:00:00+08,TPE_AIRPORT,130,102,,,78,,,source_only_no_observed_trip,,,-28,false,monitor_source_only
2025-08-13 15:00:00+08,XIMENDING,154,134,,,100,,,source_only_no_observed_trip,,,-20,false,monitor_source_only
2025-08-13 16:00:00+08,TAIPEI_101,144,63,,,46,,,source_only_no_observed_trip,,,-81,false,monitor_source_only
2025-08-13 16:00:00+08,TAIPEI_MAIN,156,68,,,55,,,source_only_no_observed_trip,,,-88,false,monitor_source_only
2025-08-13 16:00:00+08,TPE_AIRPORT,102,89,,,80,,,source_only_no_observed_trip,,,-13,false,monitor_source_only
2025-08-13 16:00:00+08,XIMENDING,151,95,1,1,1,0,13.0,observed,1.0,0.0,-56,false,monitor
2025-08-13 17:00:00+08,TAIPEI_101,139,102,2,2,2,0,16.6,observed,1.0,0.0,-37,false,monitor
2025-08-13 17:00:00+08,TAIPEI_MAIN,163,116,,,103,,,source_only_no_observed_trip,,,-47,false,monitor_source_only
2025-08-13 17:00:00+08,TPE_AIRPORT,112,59,1,1,1,0,12.0,observed,1.0,0.0,-53,false,monitor
2025-08-13 17:00:00+08,XIMENDING,157,142,2,1,0,2,,observed,0.5,1.0,-15,false,monitor
2025-08-13 18:00:00+08,TAIPEI_101,145,62,3,3,3,0,21.200000000000003,observed,1.0,0.0,-83,false,review_pickup_reliability
2025-08-13 18:00:00+08,TAIPEI_MAIN,147,156,1,1,0,1,,observed,1.0,1.0,9,false,monitor
2025-08-13 18:00:00+08,TPE_AIRPORT,112,74,2,2,2,0,19.500000000000004,observed,1.0,0.0,-38,false,monitor
2025-08-13 18:00:00+08,XIMENDING,178,67,2,2,1,1,8.0,observed,1.0,0.5,-111,false,monitor
2025-08-13 19:00:00+08,TAIPEI_101,143,123,,,93,,,source_only_no_observed_trip,,,-20,false,monitor_source_only
2025-08-13 19:00:00+08,TAIPEI_MAIN,168,92,,,68,,,source_only_no_observed_trip,,,-76,false,monitor_source_only
2025-08-13 19:00:00+08,TPE_AIRPORT,142,74,,,57,,,source_only_no_observed_trip,,,-68,false,monitor_source_only
2025-08-13 19:00:00+08,XIMENDING,178,107,2,2,2,0,22.0,observed,1.0,0.0,-71,false,review_pickup_reliability
2025-08-13 20:00:00+08,TAIPEI_101,166,187,,,141,,,source_only_no_observed_trip,,,21,false,monitor_source_only
2025-08-13 20:00:00+08,TAIPEI_MAIN,142,177,1,1,1,0,15.0,observed,1.0,0.0,35,false,increase_supply_or_pause_send
2025-08-13 20:00:00+08,TPE_AIRPORT,65,102,1,1,1,0,21.0,observed,1.0,0.0,37,false,increase_supply_or_pause_send
2025-08-13 20:00:00+08,XIMENDING,184,220,1,1,1,0,11.0,observed,1.0,0.0,36,false,increase_supply_or_pause_send
2025-08-13 21:00:00+08,TAIPEI_101,91,193,,,162,,,source_only_no_observed_trip,,,102,false,monitor_source_only
2025-08-13 21:00:00+08,TAIPEI_MAIN,157,166,1,1,1,0,16.0,observed,1.0,0.0,9,false,monitor
2025-08-13 21:00:00+08,TPE_AIRPORT,77,161,,,126,,,source_only_no_observed_trip,,,84,false,monitor_source_only
2025-08-13 21:00:00+08,XIMENDING,103,198,,,148,,,source_only_no_observed_trip,,,95,false,monitor_source_only
2025-08-13 22:00:00+08,TAIPEI_101,114,225,,,186,,,source_only_no_observed_trip,,,111,false,monitor_source_only
2025-08-13 22:00:00+08,TAIPEI_MAIN,141,199,,,143,,,source_only_no_observed_trip,,,58,false,monitor_source_only
2025-08-13 22:00:00+08,TPE_AIRPORT,83,140,,,106,,,source_only_no_observed_trip,,,57,false,monitor_source_only
2025-08-13 22:00:00+08,XIMENDING,145,185,1,1,1,0,5.0,observed,1.0,0.0,40,false,increase_supply_or_pause_send
2025-08-13 23:00:00+08,TAIPEI_101,123,185,2,2,2,0,12.600000000000001,observed,1.0,0.0,62,false,increase_supply_or_pause_send
2025-08-13 23:00:00+08,TAIPEI_MAIN,146,141,,,115,,,source_only_no_observed_trip,,,-5,false,monitor_source_only
2025-08-13 23:00:00+08,TPE_AIRPORT,107,152,,,119,,,source_only_no_observed_trip,,,45,false,monitor_source_only
2025-08-13 23:00:00+08,XIMENDING,120,202,1,1,1,0,8.0,observed,1.0,0.0,82,false,increase_supply_or_pause_send
2025-08-14 00:00:00+08,TAIPEI_101,175,136,1,1,1,0,8.0,observed,1.0,0.0,-39,false,monitor
2025-08-14 00:00:00+08,TAIPEI_MAIN,180,101,,,86,,,source_only_no_observed_trip,,,-79,false,monitor_source_only
2025-08-14 00:00:00+08,TPE_AIRPORT,122,104,2,2,2,0,10.8,observed,1.0,0.0,-18,false,monitor
2025-08-14 00:00:00+08,XIMENDING,169,120,1,1,1,0,13.0,observed,1.0,0.0,-49,false,monitor
2025-08-14 01:00:00+08,TAIPEI_101,183,91,1,1,1,0,7.0,observed,1.0,0.0,-92,false,monitor
2025-08-14 01:00:00+08,TAIPEI_MAIN,184,123,1,0,0,1,,observed,0.0,1.0,-61,false,monitor
2025-08-14 01:00:00+08,TPE_AIRPORT,99,78,,,66,,,source_only_no_observed_trip,,,-21,false,monitor_source_only
2025-08-14 01:00:00+08,XIMENDING,184,134,1,1,1,0,20.0,observed,1.0,0.0,-50,false,monitor
2025-08-14 02:00:00+08,TAIPEI_101,136,116,1,0,0,1,,observed,0.0,1.0,-20,false,monitor
2025-08-14 02:00:00+08,TAIPEI_MAIN,172,138,1,1,1,0,7.0,observed,1.0,0.0,-34,false,monitor
2025-08-14 02:00:00+08,TPE_AIRPORT,107,83,1,1,1,0,15.0,observed,1.0,0.0,-24,false,monitor
2025-08-14 02:00:00+08,XIMENDING,161,107,,,96,,,source_only_no_observed_trip,,,-54,false,monitor_source_only
2025-08-14 03:00:00+08,TAIPEI_101,171,93,1,1,1,0,16.0,observed,1.0,0.0,-78,false,monitor
2025-08-14 03:00:00+08,TAIPEI_MAIN,166,87,,,77,,,source_only_no_observed_trip,,,-79,false,monitor_source_only
2025-08-14 03:00:00+08,TPE_AIRPORT,92,88,,,78,,,source_only_no_observed_trip,,,-4,false,monitor_source_only
2025-08-14 03:00:00+08,XIMENDING,172,141,1,1,1,0,17.0,observed,1.0,0.0,-31,false,monitor
2025-08-14 04:00:00+08,TAIPEI_101,149,103,,,92,,,source_only_no_observed_trip,,,-46,false,monitor_source_only
2025-08-14 04:00:00+08,TAIPEI_MAIN,166,106,2,2,2,0,15.4,observed,1.0,0.0,-60,false,monitor
2025-08-14 04:00:00+08,TPE_AIRPORT,151,94,,,68,,,source_only_no_observed_trip,,,-57,false,monitor_source_only
2025-08-14 04:00:00+08,XIMENDING,174,126,,,113,,,source_only_no_observed_trip,,,-48,false,monitor_source_only
2025-08-14 05:00:00+08,TAIPEI_101,135,160,3,3,3,0,19.599999999999998,observed,1.0,0.0,25,false,increase_supply_or_pause_send
2025-08-14 05:00:00+08,TAIPEI_MAIN,128,204,2,2,2,0,18.3,observed,1.0,0.0,76,false,increase_supply_or_pause_send
2025-08-14 05:00:00+08,TPE_AIRPORT,68,113,1,1,1,0,16.0,observed,1.0,0.0,45,false,increase_supply_or_pause_send
2025-08-14 05:00:00+08,XIMENDING,129,170,1,1,1,0,11.0,observed,1.0,0.0,41,false,increase_supply_or_pause_send
2025-08-14 06:00:00+08,TAIPEI_101,112,217,,,161,,,source_only_no_observed_trip,,,105,false,monitor_source_only
2025-08-14 06:00:00+08,TAIPEI_MAIN,163,186,2,2,2,0,12.5,observed,1.0,0.0,23,false,increase_supply_or_pause_send
2025-08-14 06:00:00+08,TPE_AIRPORT,101,114,,,103,,,source_only_no_observed_trip,,,13,false,monitor_source_only
2025-08-14 06:00:00+08,XIMENDING,136,190,,,166,,,source_only_no_observed_trip,,,54,false,monitor_source_only
2025-08-14 07:00:00+08,TAIPEI_101,159,173,2,2,2,0,8.799999999999999,observed,1.0,0.0,14,false,monitor
2025-08-14 07:00:00+08,TAIPEI_MAIN,139,174,2,2,2,0,18.8,observed,1.0,0.0,35,false,increase_supply_or_pause_send
2025-08-14 07:00:00+08,TPE_AIRPORT,91,127,3,3,3,0,17.0,observed,1.0,0.0,36,false,increase_supply_or_pause_send
2025-08-14 07:00:00+08,XIMENDING,161,182,1,1,1,0,20.0,observed,1.0,0.0,21,false,increase_supply_or_pause_send
2025-08-14 08:00:00+08,TAIPEI_101,115,171,,,145,,,source_only_no_observed_trip,,,56,false,monitor_source_only
2025-08-14 08:00:00+08,TAIPEI_MAIN,98,167,1,1,1,0,19.0,observed,1.0,0.0,69,false,increase_supply_or_pause_send
2025-08-14 08:00:00+08,TPE_AIRPORT,105,138,2,1,1,1,15.0,observed,0.5,0.5,33,false,increase_supply_or_pause_send
2025-08-14 08:00:00+08,XIMENDING,145,181,2,2,2,0,17.299999999999997,observed,1.0,0.0,36,false,increase_supply_or_pause_send
2025-08-14 09:00:00+08,TAIPEI_101,177,141,1,1,1,0,7.0,observed,1.0,0.0,-36,false,monitor
2025-08-14 09:00:00+08,TAIPEI_MAIN,146,116,3,2,2,1,20.3,observed,0.6666666666666666,0.3333333333333333,-30,false,review_pickup_reliability
2025-08-14 09:00:00+08,TPE_AIRPORT,94,92,2,2,2,0,10.7,observed,1.0,0.0,-2,false,monitor
2025-08-14 09:00:00+08,XIMENDING,174,109,1,1,1,0,14.0,observed,1.0,0.0,-65,false,monitor
2025-08-14 10:00:00+08,TAIPEI_101,169,104,,,85,,,source_only_no_observed_trip,,,-65,false,monitor_source_only
2025-08-14 10:00:00+08,TAIPEI_MAIN,178,115,1,1,1,0,15.0,observed,1.0,0.0,-63,false,monitor
2025-08-14 10:00:00+08,TPE_AIRPORT,86,101,1,1,1,0,6.0,observed,1.0,0.0,15,false,monitor
2025-08-14 10:00:00+08,XIMENDING,138,129,,,114,,,source_only_no_observed_trip,,,-9,false,monitor_source_only
2025-08-14 11:00:00+08,TAIPEI_101,138,139,,,107,,,source_only_no_observed_trip,,,1,false,monitor_source_only
2025-08-14 11:00:00+08,TAIPEI_MAIN,146,106,1,1,1,0,17.0,observed,1.0,0.0,-40,false,monitor
2025-08-14 11:00:00+08,TPE_AIRPORT,108,71,,,56,,,source_only_no_observed_trip,,,-37,false,monitor_source_only
2025-08-14 11:00:00+08,XIMENDING,147,151,,,111,,,source_only_no_observed_trip,,,4,false,monitor_source_only
2025-08-14 12:00:00+08,TAIPEI_101,167,134,,,116,,,source_only_no_observed_trip,,,-33,false,monitor_source_only
2025-08-14 12:00:00+08,TAIPEI_MAIN,152,108,,,80,,,source_only_no_observed_trip,,,-44,false,monitor_source_only
2025-08-14 12:00:00+08,TPE_AIRPORT,106,47,,,36,,,source_only_no_observed_trip,,,-59,false,monitor_source_only
2025-08-14 12:00:00+08,XIMENDING,156,99,1,0,0,1,,observed,0.0,1.0,-57,false,monitor
2025-08-14 13:00:00+08,TAIPEI_101,133,160,,,141,,,source_only_no_observed_trip,,,27,false,monitor_source_only
2025-08-14 13:00:00+08,TAIPEI_MAIN,162,130,,,110,,,source_only_no_observed_trip,,,-32,false,monitor_source_only
2025-08-14 13:00:00+08,TPE_AIRPORT,112,61,,,46,,,source_only_no_observed_trip,,,-51,false,monitor_source_only
2025-08-14 13:00:00+08,XIMENDING,182,148,,,124,,,source_only_no_observed_trip,,,-34,false,monitor_source_only
2025-08-14 14:00:00+08,TAIPEI_101,139,54,,,45,,,source_only_no_observed_trip,,,-85,false,monitor_source_only
2025-08-14 14:00:00+08,TAIPEI_MAIN,184,167,,,133,,,source_only_no_observed_trip,,,-17,false,monitor_source_only
2025-08-14 14:00:00+08,TPE_AIRPORT,132,83,1,1,1,0,13.0,observed,1.0,0.0,-49,false,monitor
2025-08-14 14:00:00+08,XIMENDING,116,111,,,81,,,source_only_no_observed_trip,,,-5,false,monitor_source_only
2025-08-14 15:00:00+08,TAIPEI_101,162,115,,,90,,,source_only_no_observed_trip,,,-47,false,monitor_source_only
2025-08-14 15:00:00+08,TAIPEI_MAIN,141,104,,,76,,,source_only_no_observed_trip,,,-37,false,monitor_source_only
2025-08-14 15:00:00+08,TPE_AIRPORT,122,95,,,80,,,source_only_no_observed_trip,,,-27,false,monitor_source_only
2025-08-14 15:00:00+08,XIMENDING,167,54,1,1,1,0,17.0,observed,1.0,0.0,-113,false,monitor
2025-08-14 16:00:00+08,TAIPEI_101,178,145,,,122,,,source_only_no_observed_trip,,,-33,false,monitor_source_only
2025-08-14 16:00:00+08,TAIPEI_MAIN,158,79,,,65,,,source_only_no_observed_trip,,,-79,false,monitor_source_only
2025-08-14 16:00:00+08,TPE_AIRPORT,116,102,,,86,,,source_only_no_observed_trip,,,-14,false,monitor_source_only
2025-08-14 16:00:00+08,XIMENDING,160,131,1,1,1,0,18.0,observed,1.0,0.0,-29,false,monitor
2025-08-14 17:00:00+08,TAIPEI_101,149,112,,,91,,,source_only_no_observed_trip,,,-37,false,monitor_source_only
2025-08-14 17:00:00+08,TAIPEI_MAIN,145,113,1,1,1,0,10.0,observed,1.0,0.0,-32,false,monitor
2025-08-14 17:00:00+08,TPE_AIRPORT,125,79,1,1,1,0,12.0,observed,1.0,0.0,-46,false,monitor
2025-08-14 17:00:00+08,XIMENDING,180,112,2,2,2,0,11.600000000000001,observed,1.0,0.0,-68,false,monitor
2025-08-14 18:00:00+08,TAIPEI_101,158,139,1,1,1,0,10.0,observed,1.0,0.0,-19,false,monitor
2025-08-14 18:00:00+08,TAIPEI_MAIN,167,96,,,81,,,source_only_no_observed_trip,,,-71,false,monitor_source_only
2025-08-14 18:00:00+08,TPE_AIRPORT,94,71,1,0,0,1,,observed,0.0,1.0,-23,false,monitor
2025-08-14 18:00:00+08,XIMENDING,178,101,2,2,2,0,18.0,observed,1.0,0.0,-77,false,monitor
2025-08-14 19:00:00+08,TAIPEI_101,178,147,,,107,,,source_only_no_observed_trip,,,-31,false,monitor_source_only
2025-08-14 19:00:00+08,TAIPEI_MAIN,173,124,1,1,1,0,12.0,observed,1.0,0.0,-49,false,monitor
2025-08-14 19:00:00+08,TPE_AIRPORT,94,37,1,1,1,0,10.0,observed,1.0,0.0,-57,false,monitor
2025-08-14 19:00:00+08,XIMENDING,134,127,,,105,,,source_only_no_observed_trip,,,-7,false,monitor_source_only
2025-08-14 20:00:00+08,TAIPEI_101,125,144,1,1,1,0,19.0,observed,1.0,0.0,19,false,monitor
2025-08-14 20:00:00+08,TAIPEI_MAIN,119,193,1,1,1,0,14.0,observed,1.0,0.0,74,false,increase_supply_or_pause_send
2025-08-14 20:00:00+08,TPE_AIRPORT,45,108,3,3,3,0,23.400000000000002,observed,1.0,0.0,63,false,increase_supply_or_pause_send
2025-08-14 20:00:00+08,XIMENDING,115,143,,,124,,,source_only_no_observed_trip,,,28,false,monitor_source_only
2025-08-14 21:00:00+08,TAIPEI_101,136,209,,,151,,,source_only_no_observed_trip,,,73,false,monitor_source_only
2025-08-14 21:00:00+08,TAIPEI_MAIN,134,192,,,162,,,source_only_no_observed_trip,,,58,false,monitor_source_only
2025-08-14 21:00:00+08,TPE_AIRPORT,96,104,,,90,,,source_only_no_observed_trip,,,8,false,monitor_source_only
2025-08-14 21:00:00+08,XIMENDING,144,193,1,1,1,0,19.0,observed,1.0,0.0,49,false,increase_supply_or_pause_send
2025-08-14 22:00:00+08,TAIPEI_101,171,195,1,1,1,0,21.0,observed,1.0,0.0,24,false,increase_supply_or_pause_send
2025-08-14 22:00:00+08,TAIPEI_MAIN,113,164,,,146,,,source_only_no_observed_trip,,,51,false,monitor_source_only
2025-08-14 22:00:00+08,TPE_AIRPORT,71,136,,,107,,,source_only_no_observed_trip,,,65,false,monitor_source_only
2025-08-14 22:00:00+08,XIMENDING,109,160,2,2,2,0,12.5,observed,1.0,0.0,51,false,increase_supply_or_pause_send
2025-08-14 23:00:00+08,TAIPEI_101,112,201,3,3,3,0,21.0,observed,1.0,0.0,89,false,increase_supply_or_pause_send
2025-08-14 23:00:00+08,TAIPEI_MAIN,114,170,1,1,1,0,21.0,observed,1.0,0.0,56,false,increase_supply_or_pause_send
2025-08-14 23:00:00+08,TPE_AIRPORT,61,101,,,80,,,source_only_no_observed_trip,,,40,false,monitor_source_only
2025-08-14 23:00:00+08,XIMENDING,101,167,,,145,,,source_only_no_observed_trip,,,66,false,monitor_source_only
2025-08-15 00:00:00+08,TAIPEI_101,141,105,,,81,,,source_only_no_observed_trip,,,-36,false,monitor_source_only
2025-08-15 00:00:00+08,TAIPEI_MAIN,160,120,,,100,,,source_only_no_observed_trip,,,-40,false,monitor_source_only
2025-08-15 00:00:00+08,TPE_AIRPORT,104,82,,,70,,,source_only_no_observed_trip,,,-22,false,monitor_source_only
2025-08-15 00:00:00+08,XIMENDING,142,159,1,1,1,0,12.0,observed,1.0,0.0,17,false,monitor
2025-08-15 01:00:00+08,TAIPEI_101,126,125,1,1,1,0,14.0,observed,1.0,0.0,-1,false,monitor
2025-08-15 01:00:00+08,TAIPEI_MAIN,200,76,1,1,1,0,15.0,observed,1.0,0.0,-124,false,monitor
2025-08-15 01:00:00+08,TPE_AIRPORT,127,99,1,1,1,0,13.0,observed,1.0,0.0,-28,false,monitor
2025-08-15 01:00:00+08,XIMENDING,133,97,,,75,,,source_only_no_observed_trip,,,-36,false,monitor_source_only
2025-08-15 02:00:00+08,TAIPEI_101,157,136,1,1,1,0,12.0,observed,1.0,0.0,-21,false,monitor
2025-08-15 02:00:00+08,TAIPEI_MAIN,191,108,,,96,,,source_only_no_observed_trip,,,-83,false,monitor_source_only
2025-08-15 02:00:00+08,TPE_AIRPORT,102,78,1,1,1,0,6.0,observed,1.0,0.0,-24,false,monitor
2025-08-15 02:00:00+08,XIMENDING,170,99,,,81,,,source_only_no_observed_trip,,,-71,false,monitor_source_only
2025-08-15 03:00:00+08,TAIPEI_101,164,142,1,0,0,1,,observed,0.0,1.0,-22,false,monitor
2025-08-15 03:00:00+08,TAIPEI_MAIN,124,122,,,109,,,source_only_no_observed_trip,,,-2,false,monitor_source_only
2025-08-15 03:00:00+08,TPE_AIRPORT,127,83,,,74,,,source_only_no_observed_trip,,,-44,false,monitor_source_only
2025-08-15 03:00:00+08,XIMENDING,134,98,1,0,0,1,,observed,0.0,1.0,-36,false,monitor
2025-08-15 04:00:00+08,TAIPEI_101,120,137,1,1,1,0,16.0,observed,1.0,0.0,17,false,monitor
2025-08-15 04:00:00+08,TAIPEI_MAIN,157,128,2,2,2,0,20.400000000000002,observed,1.0,0.0,-29,false,review_pickup_reliability
2025-08-15 04:00:00+08,TPE_AIRPORT,103,112,1,1,1,0,9.0,observed,1.0,0.0,9,false,monitor
2025-08-15 04:00:00+08,XIMENDING,144,138,1,1,1,0,11.0,observed,1.0,0.0,-6,false,monitor
2025-08-15 05:00:00+08,TAIPEI_101,153,173,1,1,1,0,10.0,observed,1.0,0.0,20,false,monitor
2025-08-15 05:00:00+08,TAIPEI_MAIN,125,176,1,0,0,1,,observed,0.0,1.0,51,false,increase_supply_or_pause_send
2025-08-15 05:00:00+08,TPE_AIRPORT,73,126,,,103,,,source_only_no_observed_trip,,,53,false,monitor_source_only
2025-08-15 05:00:00+08,XIMENDING,136,173,1,1,1,0,8.0,observed,1.0,0.0,37,false,increase_supply_or_pause_send
2025-08-15 06:00:00+08,TAIPEI_101,162,171,,,131,,,source_only_no_observed_trip,,,9,false,monitor_source_only
2025-08-15 06:00:00+08,TAIPEI_MAIN,141,205,,,169,,,source_only_no_observed_trip,,,64,false,monitor_source_only
2025-08-15 06:00:00+08,TPE_AIRPORT,68,129,,,106,,,source_only_no_observed_trip,,,61,false,monitor_source_only
2025-08-15 06:00:00+08,XIMENDING,132,205,,,184,,,source_only_no_observed_trip,,,73,false,monitor_source_only
2025-08-15 07:00:00+08,TAIPEI_101,124,208,,,188,,,source_only_no_observed_trip,,,84,false,monitor_source_only
2025-08-15 07:00:00+08,TAIPEI_MAIN,140,210,,,156,,,source_only_no_observed_trip,,,70,false,monitor_source_only
2025-08-15 07:00:00+08,TPE_AIRPORT,91,127,1,1,1,0,15.0,observed,1.0,0.0,36,false,increase_supply_or_pause_send
2025-08-15 07:00:00+08,XIMENDING,162,165,2,2,1,1,20.0,observed,1.0,0.5,3,false,monitor
2025-08-15 08:00:00+08,TAIPEI_101,137,177,2,2,2,0,9.7,observed,1.0,0.0,40,false,increase_supply_or_pause_send
2025-08-15 08:00:00+08,TAIPEI_MAIN,153,165,2,2,2,0,18.0,observed,1.0,0.0,12,false,monitor
2025-08-15 08:00:00+08,TPE_AIRPORT,70,166,,,124,,,source_only_no_observed_trip,,,96,false,monitor_source_only
2025-08-15 08:00:00+08,XIMENDING,131,190,2,2,2,0,15.0,observed,1.0,0.0,59,false,increase_supply_or_pause_send
2025-08-15 09:00:00+08,TAIPEI_101,179,125,,,104,,,source_only_no_observed_trip,,,-54,false,monitor_source_only
2025-08-15 09:00:00+08,TAIPEI_MAIN,156,97,2,2,1,1,5.0,observed,1.0,0.5,-59,false,monitor
2025-08-15 09:00:00+08,TPE_AIRPORT,106,105,1,1,1,0,16.0,observed,1.0,0.0,-1,false,monitor
2025-08-15 09:00:00+08,XIMENDING,139,108,4,4,4,0,18.1,observed,1.0,0.0,-31,false,monitor
2025-08-15 10:00:00+08,TAIPEI_101,174,137,,,120,,,source_only_no_observed_trip,,,-37,false,monitor_source_only
2025-08-15 10:00:00+08,TAIPEI_MAIN,180,92,1,1,1,0,12.0,observed,1.0,0.0,-88,false,monitor
2025-08-15 10:00:00+08,TPE_AIRPORT,146,87,,,78,,,source_only_no_observed_trip,,,-59,false,monitor_source_only
2025-08-15 10:00:00+08,XIMENDING,156,105,1,1,1,0,21.0,observed,1.0,0.0,-51,false,review_pickup_reliability
2025-08-15 11:00:00+08,TAIPEI_101,186,101,,,90,,,source_only_no_observed_trip,,,-85,false,monitor_source_only
2025-08-15 11:00:00+08,TAIPEI_MAIN,143,145,1,1,0,1,,observed,1.0,1.0,2,false,monitor
2025-08-15 11:00:00+08,TPE_AIRPORT,140,75,,,58,,,source_only_no_observed_trip,,,-65,false,monitor_source_only
2025-08-15 11:00:00+08,XIMENDING,180,73,,,58,,,source_only_no_observed_trip,,,-107,false,monitor_source_only
2025-08-15 12:00:00+08,TAIPEI_101,167,131,,,104,,,source_only_no_observed_trip,,,-36,false,monitor_source_only
2025-08-15 12:00:00+08,TAIPEI_MAIN,144,128,1,1,1,0,20.0,observed,1.0,0.0,-16,false,monitor
2025-08-15 12:00:00+08,TPE_AIRPORT,128,110,1,1,1,0,6.0,observed,1.0,0.0,-18,false,monitor
2025-08-15 12:00:00+08,XIMENDING,181,67,,,59,,,source_only_no_observed_trip,,,-114,false,monitor_source_only
2025-08-15 13:00:00+08,TAIPEI_101,143,100,,,83,,,source_only_no_observed_trip,,,-43,false,monitor_source_only
2025-08-15 13:00:00+08,TAIPEI_MAIN,153,175,,,153,,,source_only_no_observed_trip,,,22,false,monitor_source_only
2025-08-15 13:00:00+08,TPE_AIRPORT,115,108,,,88,,,source_only_no_observed_trip,,,-7,false,monitor_source_only
2025-08-15 13:00:00+08,XIMENDING,151,119,,,93,,,source_only_no_observed_trip,,,-32,false,monitor_source_only
2025-08-15 14:00:00+08,TAIPEI_101,145,84,,,61,,,source_only_no_observed_trip,,,-61,false,monitor_source_only
2025-08-15 14:00:00+08,TAIPEI_MAIN,165,116,,,100,,,source_only_no_observed_trip,,,-49,false,monitor_source_only
2025-08-15 14:00:00+08,TPE_AIRPORT,139,103,,,80,,,source_only_no_observed_trip,,,-36,false,monitor_source_only
2025-08-15 14:00:00+08,XIMENDING,196,115,,,103,,,source_only_no_observed_trip,,,-81,false,monitor_source_only
2025-08-15 15:00:00+08,TAIPEI_101,168,118,1,1,1,0,20.0,observed,1.0,0.0,-50,false,monitor
2025-08-15 15:00:00+08,TAIPEI_MAIN,131,118,1,1,1,0,16.0,observed,1.0,0.0,-13,false,monitor
2025-08-15 15:00:00+08,TPE_AIRPORT,114,93,,,77,,,source_only_no_observed_trip,,,-21,false,monitor_source_only
2025-08-15 15:00:00+08,XIMENDING,190,131,1,1,0,1,,observed,1.0,1.0,-59,false,monitor
2025-08-15 16:00:00+08,TAIPEI_101,190,106,,,78,,,source_only_no_observed_trip,,,-84,false,monitor_source_only
2025-08-15 16:00:00+08,TAIPEI_MAIN,131,137,,,119,,,source_only_no_observed_trip,,,6,false,monitor_source_only
2025-08-15 16:00:00+08,TPE_AIRPORT,140,64,,,48,,,source_only_no_observed_trip,,,-76,false,monitor_source_only
2025-08-15 16:00:00+08,XIMENDING,148,101,,,72,,,source_only_no_observed_trip,,,-47,false,monitor_source_only
2025-08-15 17:00:00+08,TAIPEI_101,155,116,1,1,1,0,17.0,observed,1.0,0.0,-39,false,monitor
2025-08-15 17:00:00+08,TAIPEI_MAIN,145,109,1,1,1,0,19.0,observed,1.0,0.0,-36,false,monitor
2025-08-15 17:00:00+08,TPE_AIRPORT,105,78,,,61,,,source_only_no_observed_trip,,,-27,false,monitor_source_only
2025-08-15 17:00:00+08,XIMENDING,147,116,1,1,0,1,,observed,1.0,1.0,-31,false,monitor
2025-08-15 18:00:00+08,TAIPEI_101,190,99,,,85,,,source_only_no_observed_trip,,,-91,false,monitor_source_only
2025-08-15 18:00:00+08,TAIPEI_MAIN,172,142,1,1,1,0,16.0,observed,1.0,0.0,-30,false,monitor
2025-08-15 18:00:00+08,TPE_AIRPORT,104,95,2,2,2,0,15.3,observed,1.0,0.0,-9,false,monitor
2025-08-15 18:00:00+08,XIMENDING,167,131,,,113,,,source_only_no_observed_trip,,,-36,false,monitor_source_only
2025-08-15 19:00:00+08,TAIPEI_101,149,147,1,1,1,0,8.0,observed,1.0,0.0,-2,false,monitor
2025-08-15 19:00:00+08,TAIPEI_MAIN,161,74,1,1,1,0,6.0,observed,1.0,0.0,-87,false,monitor
2025-08-15 19:00:00+08,TPE_AIRPORT,118,100,,,89,,,source_only_no_observed_trip,,,-18,false,monitor_source_only
2025-08-15 19:00:00+08,XIMENDING,158,90,,,79,,,source_only_no_observed_trip,,,-68,false,monitor_source_only
2025-08-15 20:00:00+08,TAIPEI_101,178,199,,,160,,,source_only_no_observed_trip,,,21,false,monitor_source_only
2025-08-15 20:00:00+08,TAIPEI_MAIN,141,165,2,2,2,0,17.5,observed,1.0,0.0,24,false,increase_supply_or_pause_send
2025-08-15 20:00:00+08,TPE_AIRPORT,99,131,2,2,2,0,22.099999999999998,observed,1.0,0.0,32,false,increase_supply_or_pause_send
2025-08-15 20:00:00+08,XIMENDING,138,150,1,1,1,0,17.0,observed,1.0,0.0,12,false,monitor
2025-08-15 21:00:00+08,TAIPEI_101,153,186,1,1,1,0,11.0,observed,1.0,0.0,33,false,increase_supply_or_pause_send
2025-08-15 21:00:00+08,TAIPEI_MAIN,133,190,1,1,0,1,,observed,1.0,1.0,57,false,increase_supply_or_pause_send
2025-08-15 21:00:00+08,TPE_AIRPORT,72,122,,,95,,,source_only_no_observed_trip,,,50,false,monitor_source_only
2025-08-15 21:00:00+08,XIMENDING,133,186,,,150,,,source_only_no_observed_trip,,,53,false,monitor_source_only
2025-08-15 22:00:00+08,TAIPEI_101,132,153,,,122,,,source_only_no_observed_trip,,,21,false,monitor_source_only
2025-08-15 22:00:00+08,TAIPEI_MAIN,147,207,,,187,,,source_only_no_observed_trip,,,60,false,monitor_source_only
2025-08-15 22:00:00+08,TPE_AIRPORT,94,126,,,95,,,source_only_no_observed_trip,,,32,false,monitor_source_only
2025-08-15 22:00:00+08,XIMENDING,132,202,,,164,,,source_only_no_observed_trip,,,70,false,monitor_source_only
2025-08-15 23:00:00+08,TAIPEI_101,153,207,1,1,1,0,10.0,observed,1.0,0.0,54,false,increase_supply_or_pause_send
2025-08-15 23:00:00+08,TAIPEI_MAIN,133,188,1,1,1,0,8.0,observed,1.0,0.0,55,false,increase_supply_or_pause_send
2025-08-15 23:00:00+08,TPE_AIRPORT,59,99,,,73,,,source_only_no_observed_trip,,,40,false,monitor_source_only
2025-08-15 23:00:00+08,XIMENDING,121,201,,,175,,,source_only_no_observed_trip,,,80,false,monitor_source_only
2025-08-16 00:00:00+08,TAIPEI_101,142,111,1,1,1,0,13.0,observed,1.0,0.0,-31,false,monitor
2025-08-16 00:00:00+08,TAIPEI_MAIN,183,128,1,1,1,0,19.0,observed,1.0,0.0,-55,false,monitor
2025-08-16 00:00:00+08,TPE_AIRPORT,82,44,,,36,,,source_only_no_observed_trip,,,-38,false,monitor_source_only
2025-08-16 00:00:00+08,XIMENDING,163,101,,,88,,,source_only_no_observed_trip,,,-62,false,monitor_source_only
2025-08-16 01:00:00+08,TAIPEI_101,181,113,,,95,,,source_only_no_observed_trip,,,-68,false,monitor_source_only
2025-08-16 01:00:00+08,TAIPEI_MAIN,148,100,,,76,,,source_only_no_observed_trip,,,-48,false,monitor_source_only
2025-08-16 01:00:00+08,TPE_AIRPORT,117,76,,,57,,,source_only_no_observed_trip,,,-41,false,monitor_source_only
2025-08-16 01:00:00+08,XIMENDING,155,153,1,1,1,0,12.0,observed,1.0,0.0,-2,false,monitor
2025-08-16 02:00:00+08,TAIPEI_101,167,114,,,94,,,source_only_no_observed_trip,,,-53,false,monitor_source_only
2025-08-16 02:00:00+08,TAIPEI_MAIN,164,164,,,126,,,source_only_no_observed_trip,,,0,false,monitor_source_only
2025-08-16 02:00:00+08,TPE_AIRPORT,109,63,,,49,,,source_only_no_observed_trip,,,-46,false,monitor_source_only
2025-08-16 02:00:00+08,XIMENDING,158,101,1,1,0,1,,observed,1.0,1.0,-57,false,monitor
2025-08-16 03:00:00+08,TAIPEI_101,162,110,1,1,1,0,24.0,observed,1.0,0.0,-52,false,review_pickup_reliability
2025-08-16 03:00:00+08,TAIPEI_MAIN,150,82,1,1,1,0,18.0,observed,1.0,0.0,-68,false,monitor
2025-08-16 03:00:00+08,TPE_AIRPORT,112,105,1,1,1,0,11.0,observed,1.0,0.0,-7,false,monitor
2025-08-16 03:00:00+08,XIMENDING,142,85,1,1,1,0,17.0,observed,1.0,0.0,-57,false,monitor
2025-08-16 04:00:00+08,TAIPEI_101,196,139,1,1,1,0,19.0,observed,1.0,0.0,-57,false,monitor
2025-08-16 04:00:00+08,TAIPEI_MAIN,176,157,,,135,,,source_only_no_observed_trip,,,-19,false,monitor_source_only
2025-08-16 04:00:00+08,TPE_AIRPORT,119,81,,,69,,,source_only_no_observed_trip,,,-38,false,monitor_source_only
2025-08-16 04:00:00+08,XIMENDING,219,141,,,118,,,source_only_no_observed_trip,,,-78,false,monitor_source_only
2025-08-16 05:00:00+08,TAIPEI_101,112,226,1,1,1,0,20.0,observed,1.0,0.0,114,false,increase_supply_or_pause_send
2025-08-16 05:00:00+08,TAIPEI_MAIN,146,184,1,1,1,0,17.0,observed,1.0,0.0,38,false,increase_supply_or_pause_send
2025-08-16 05:00:00+08,TPE_AIRPORT,63,94,1,1,1,0,16.0,observed,1.0,0.0,31,false,increase_supply_or_pause_send
2025-08-16 05:00:00+08,XIMENDING,109,213,1,1,1,0,18.0,observed,1.0,0.0,104,false,increase_supply_or_pause_send
2025-08-16 06:00:00+08,TAIPEI_101,103,186,,,139,,,source_only_no_observed_trip,,,83,false,monitor_source_only
2025-08-16 06:00:00+08,TAIPEI_MAIN,130,177,,,158,,,source_only_no_observed_trip,,,47,false,monitor_source_only
2025-08-16 06:00:00+08,TPE_AIRPORT,53,141,1,1,1,0,19.0,observed,1.0,0.0,88,false,increase_supply_or_pause_send
2025-08-16 06:00:00+08,XIMENDING,121,160,,,139,,,source_only_no_observed_trip,,,39,false,monitor_source_only
2025-08-16 07:00:00+08,TAIPEI_101,174,192,3,2,2,1,22.900000000000002,observed,0.6666666666666666,0.3333333333333333,18,false,review_pickup_reliability
2025-08-16 07:00:00+08,TAIPEI_MAIN,138,210,2,2,2,0,17.700000000000003,observed,1.0,0.0,72,false,increase_supply_or_pause_send
2025-08-16 07:00:00+08,TPE_AIRPORT,96,108,1,1,1,0,13.0,observed,1.0,0.0,12,false,monitor
2025-08-16 07:00:00+08,XIMENDING,99,211,,,176,,,source_only_no_observed_trip,,,112,false,monitor_source_only
2025-08-16 08:00:00+08,TAIPEI_101,159,172,,,152,,,source_only_no_observed_trip,,,13,false,monitor_source_only
2025-08-16 08:00:00+08,TAIPEI_MAIN,128,183,1,1,1,0,13.0,observed,1.0,0.0,55,false,increase_supply_or_pause_send
2025-08-16 08:00:00+08,TPE_AIRPORT,88,144,,,128,,,source_only_no_observed_trip,,,56,false,monitor_source_only
2025-08-16 08:00:00+08,XIMENDING,104,192,2,2,2,0,22.099999999999998,observed,1.0,0.0,88,false,increase_supply_or_pause_send
2025-08-16 09:00:00+08,TAIPEI_101,145,154,1,1,1,0,22.0,observed,1.0,0.0,9,false,review_pickup_reliability
2025-08-16 09:00:00+08,TAIPEI_MAIN,150,139,2,2,1,1,9.0,observed,1.0,0.5,-11,false,monitor
2025-08-16 09:00:00+08,TPE_AIRPORT,126,92,2,2,2,0,16.2,observed,1.0,0.0,-34,false,monitor
2025-08-16 09:00:00+08,XIMENDING,154,146,1,1,1,0,15.0,observed,1.0,0.0,-8,false,monitor
2025-08-16 10:00:00+08,TAIPEI_101,175,135,1,1,1,0,18.0,observed,1.0,0.0,-40,false,monitor
2025-08-16 10:00:00+08,TAIPEI_MAIN,144,154,2,2,2,0,10.9,observed,1.0,0.0,10,false,monitor
2025-08-16 10:00:00+08,TPE_AIRPORT,107,106,,,84,,,source_only_no_observed_trip,,,-1,false,monitor_source_only
2025-08-16 10:00:00+08,XIMENDING,171,113,,,90,,,source_only_no_observed_trip,,,-58,false,monitor_source_only
2025-08-16 11:00:00+08,TAIPEI_101,147,100,,,84,,,source_only_no_observed_trip,,,-47,false,monitor_source_only
2025-08-16 11:00:00+08,TAIPEI_MAIN,165,112,,,94,,,source_only_no_observed_trip,,,-53,false,monitor_source_only
2025-08-16 11:00:00+08,TPE_AIRPORT,120,80,1,1,1,0,12.0,observed,1.0,0.0,-40,false,monitor
2025-08-16 11:00:00+08,XIMENDING,129,139,,,104,,,source_only_no_observed_trip,,,10,false,monitor_source_only
2025-08-16 12:00:00+08,TAIPEI_101,146,102,,,79,,,source_only_no_observed_trip,,,-44,false,monitor_source_only
2025-08-16 12:00:00+08,TAIPEI_MAIN,174,121,2,2,2,0,18.6,observed,1.0,0.0,-53,false,monitor
2025-08-16 12:00:00+08,TPE_AIRPORT,144,84,1,1,0,1,,observed,1.0,1.0,-60,false,monitor
2025-08-16 12:00:00+08,XIMENDING,168,134,,,121,,,source_only_no_observed_trip,,,-34,false,monitor_source_only
2025-08-16 13:00:00+08,TAIPEI_101,173,90,,,79,,,source_only_no_observed_trip,,,-83,false,monitor_source_only
2025-08-16 13:00:00+08,TAIPEI_MAIN,145,118,,,99,,,source_only_no_observed_trip,,,-27,false,monitor_source_only
2025-08-16 13:00:00+08,TPE_AIRPORT,124,63,,,49,,,source_only_no_observed_trip,,,-61,false,monitor_source_only
2025-08-16 13:00:00+08,XIMENDING,146,134,,,106,,,source_only_no_observed_trip,,,-12,false,monitor_source_only
2025-08-16 14:00:00+08,TAIPEI_101,192,113,,,88,,,source_only_no_observed_trip,,,-79,false,monitor_source_only
2025-08-16 14:00:00+08,TAIPEI_MAIN,181,131,,,117,,,source_only_no_observed_trip,,,-50,false,monitor_source_only
2025-08-16 14:00:00+08,TPE_AIRPORT,148,71,,,55,,,source_only_no_observed_trip,,,-77,false,monitor_source_only
2025-08-16 14:00:00+08,XIMENDING,162,127,1,1,1,0,8.0,observed,1.0,0.0,-35,false,monitor
2025-08-16 15:00:00+08,TAIPEI_101,185,130,1,1,1,0,21.0,observed,1.0,0.0,-55,false,review_pickup_reliability
2025-08-16 15:00:00+08,TAIPEI_MAIN,159,111,,,100,,,source_only_no_observed_trip,,,-48,false,monitor_source_only
2025-08-16 15:00:00+08,TPE_AIRPORT,113,76,,,56,,,source_only_no_observed_trip,,,-37,false,monitor_source_only
2025-08-16 15:00:00+08,XIMENDING,164,95,2,2,2,0,14.8,observed,1.0,0.0,-69,false,monitor
2025-08-16 16:00:00+08,TAIPEI_101,155,92,1,1,1,0,13.0,observed,1.0,0.0,-63,false,monitor
2025-08-16 16:00:00+08,TAIPEI_MAIN,173,122,4,3,3,1,17.2,observed,0.75,0.25,-51,false,monitor
2025-08-16 16:00:00+08,TPE_AIRPORT,126,112,,,85,,,source_only_no_observed_trip,,,-14,false,monitor_source_only
2025-08-16 16:00:00+08,XIMENDING,151,69,,,54,,,source_only_no_observed_trip,,,-82,false,monitor_source_only
2025-08-16 17:00:00+08,TAIPEI_101,165,108,2,1,1,1,15.0,observed,0.5,0.5,-57,false,monitor
2025-08-16 17:00:00+08,TAIPEI_MAIN,152,125,,,99,,,source_only_no_observed_trip,,,-27,false,monitor_source_only
2025-08-16 17:00:00+08,TPE_AIRPORT,127,134,1,1,1,0,22.0,observed,1.0,0.0,7,false,review_pickup_reliability
2025-08-16 17:00:00+08,XIMENDING,176,124,1,1,1,0,18.0,observed,1.0,0.0,-52,false,monitor
2025-08-16 18:00:00+08,TAIPEI_101,174,152,4,4,2,2,18.6,observed,1.0,0.5,-22,false,monitor
2025-08-16 18:00:00+08,TAIPEI_MAIN,151,61,,,48,,,source_only_no_observed_trip,,,-90,false,monitor_source_only
2025-08-16 18:00:00+08,TPE_AIRPORT,116,98,,,82,,,source_only_no_observed_trip,,,-18,false,monitor_source_only
2025-08-16 18:00:00+08,XIMENDING,142,142,1,1,1,0,16.0,observed,1.0,0.0,0,false,monitor
2025-08-16 19:00:00+08,TAIPEI_101,157,113,1,1,1,0,18.0,observed,1.0,0.0,-44,false,monitor
2025-08-16 19:00:00+08,TAIPEI_MAIN,176,130,,,116,,,source_only_no_observed_trip,,,-46,false,monitor_source_only
2025-08-16 19:00:00+08,TPE_AIRPORT,99,31,,,26,,,source_only_no_observed_trip,,,-68,false,monitor_source_only
2025-08-16 19:00:00+08,XIMENDING,157,108,,,85,,,source_only_no_observed_trip,,,-49,false,monitor_source_only
2025-08-16 20:00:00+08,TAIPEI_101,120,177,,,153,,,source_only_no_observed_trip,,,57,false,monitor_source_only
2025-08-16 20:00:00+08,TAIPEI_MAIN,127,149,1,1,1,0,20.0,observed,1.0,0.0,22,false,increase_supply_or_pause_send
2025-08-16 20:00:00+08,TPE_AIRPORT,64,105,2,1,1,1,6.0,observed,0.5,0.5,41,false,increase_supply_or_pause_send
2025-08-16 20:00:00+08,XIMENDING,131,180,1,1,1,0,13.0,observed,1.0,0.0,49,false,increase_supply_or_pause_send
2025-08-16 21:00:00+08,TAIPEI_101,136,165,1,1,1,0,11.0,observed,1.0,0.0,29,false,increase_supply_or_pause_send
2025-08-16 21:00:00+08,TAIPEI_MAIN,118,241,3,3,3,0,15.0,observed,1.0,0.0,123,false,increase_supply_or_pause_send
2025-08-16 21:00:00+08,TPE_AIRPORT,98,117,1,1,1,0,18.0,observed,1.0,0.0,19,false,monitor
2025-08-16 21:00:00+08,XIMENDING,118,172,,,130,,,source_only_no_observed_trip,,,54,false,monitor_source_only
2025-08-16 22:00:00+08,TAIPEI_101,137,186,,,159,,,source_only_no_observed_trip,,,49,false,monitor_source_only
2025-08-16 22:00:00+08,TAIPEI_MAIN,135,201,,,148,,,source_only_no_observed_trip,,,66,false,monitor_source_only
2025-08-16 22:00:00+08,TPE_AIRPORT,95,138,,,101,,,source_only_no_observed_trip,,,43,false,monitor_source_only
2025-08-16 22:00:00+08,XIMENDING,139,146,,,127,,,source_only_no_observed_trip,,,7,false,monitor_source_only
2025-08-16 23:00:00+08,TAIPEI_101,134,180,,,131,,,source_only_no_observed_trip,,,46,false,monitor_source_only
2025-08-16 23:00:00+08,TAIPEI_MAIN,137,175,,,157,,,source_only_no_observed_trip,,,38,false,monitor_source_only
2025-08-16 23:00:00+08,TPE_AIRPORT,82,103,,,90,,,source_only_no_observed_trip,,,21,false,monitor_source_only
2025-08-16 23:00:00+08,XIMENDING,128,185,,,158,,,source_only_no_observed_trip,,,57,false,monitor_source_only
2025-08-17 00:00:00+08,TAIPEI_101,168,107,,,94,,,source_only_no_observed_trip,,,-61,false,monitor_source_only
2025-08-17 00:00:00+08,TAIPEI_MAIN,186,104,1,1,1,0,13.0,observed,1.0,0.0,-82,false,monitor
2025-08-17 00:00:00+08,TPE_AIRPORT,112,82,,,71,,,source_only_no_observed_trip,,,-30,false,monitor_source_only
2025-08-17 00:00:00+08,XIMENDING,161,82,,,68,,,source_only_no_observed_trip,,,-79,false,monitor_source_only
2025-08-17 01:00:00+08,TAIPEI_101,172,93,,,71,,,source_only_no_observed_trip,,,-79,false,monitor_source_only
2025-08-17 01:00:00+08,TAIPEI_MAIN,188,84,,,70,,,source_only_no_observed_trip,,,-104,false,monitor_source_only
2025-08-17 01:00:00+08,TPE_AIRPORT,92,59,1,1,1,0,14.0,observed,1.0,0.0,-33,false,monitor
2025-08-17 01:00:00+08,XIMENDING,153,147,,,118,,,source_only_no_observed_trip,,,-6,false,monitor_source_only
2025-08-17 02:00:00+08,TAIPEI_101,184,129,,,112,,,source_only_no_observed_trip,,,-55,false,monitor_source_only
2025-08-17 02:00:00+08,TAIPEI_MAIN,177,124,,,101,,,source_only_no_observed_trip,,,-53,false,monitor_source_only
2025-08-17 02:00:00+08,TPE_AIRPORT,128,62,1,1,0,1,,observed,1.0,1.0,-66,false,monitor
2025-08-17 02:00:00+08,XIMENDING,152,112,5,4,4,1,18.0,observed,0.8,0.2,-40,false,monitor
2025-08-17 03:00:00+08,TAIPEI_101,124,74,,,60,,,source_only_no_observed_trip,,,-50,false,monitor_source_only
2025-08-17 03:00:00+08,TAIPEI_MAIN,150,128,,,115,,,source_only_no_observed_trip,,,-22,false,monitor_source_only
2025-08-17 03:00:00+08,TPE_AIRPORT,118,104,1,1,1,0,17.0,observed,1.0,0.0,-14,false,monitor
2025-08-17 03:00:00+08,XIMENDING,177,152,,,122,,,source_only_no_observed_trip,,,-25,false,monitor_source_only
2025-08-17 04:00:00+08,TAIPEI_101,168,96,1,1,1,0,19.0,observed,1.0,0.0,-72,false,monitor
2025-08-17 04:00:00+08,TAIPEI_MAIN,146,170,,,154,,,source_only_no_observed_trip,,,24,false,monitor_source_only
2025-08-17 04:00:00+08,TPE_AIRPORT,123,40,,,35,,,source_only_no_observed_trip,,,-83,false,monitor_source_only
2025-08-17 04:00:00+08,XIMENDING,158,85,,,76,,,source_only_no_observed_trip,,,-73,false,monitor_source_only
2025-08-17 05:00:00+08,TAIPEI_101,151,150,,,121,,,source_only_no_observed_trip,,,-1,false,monitor_source_only
2025-08-17 05:00:00+08,TAIPEI_MAIN,146,182,,,158,,,source_only_no_observed_trip,,,36,false,monitor_source_only
2025-08-17 05:00:00+08,TPE_AIRPORT,73,95,,,69,,,source_only_no_observed_trip,,,22,false,monitor_source_only
2025-08-17 05:00:00+08,XIMENDING,140,213,,,171,,,source_only_no_observed_trip,,,73,false,monitor_source_only
2025-08-17 06:00:00+08,TAIPEI_101,158,163,,,146,,,source_only_no_observed_trip,,,5,false,monitor_source_only
2025-08-17 06:00:00+08,TAIPEI_MAIN,147,146,,,129,,,source_only_no_observed_trip,,,-1,false,monitor_source_only
2025-08-17 06:00:00+08,TPE_AIRPORT,64,140,,,120,,,source_only_no_observed_trip,,,76,false,monitor_source_only
2025-08-17 06:00:00+08,XIMENDING,140,184,1,1,1,0,12.0,observed,1.0,0.0,44,false,increase_supply_or_pause_send
2025-08-17 07:00:00+08,TAIPEI_101,142,205,2,2,2,0,12.8,observed,1.0,0.0,63,false,increase_supply_or_pause_send
2025-08-17 07:00:00+08,TAIPEI_MAIN,150,194,3,3,3,0,18.2,observed,1.0,0.0,44,false,increase_supply_or_pause_send
2025-08-17 07:00:00+08,TPE_AIRPORT,93,142,,,126,,,source_only_no_observed_trip,,,49,false,monitor_source_only
2025-08-17 07:00:00+08,XIMENDING,169,133,,,107,,,source_only_no_observed_trip,,,-36,false,monitor_source_only
2025-08-17 08:00:00+08,TAIPEI_101,141,161,,,130,,,source_only_no_observed_trip,,,20,false,monitor_source_only
2025-08-17 08:00:00+08,TAIPEI_MAIN,150,211,4,4,4,0,17.5,observed,1.0,0.0,61,false,increase_supply_or_pause_send
2025-08-17 08:00:00+08,TPE_AIRPORT,84,128,1,1,1,0,9.0,observed,1.0,0.0,44,false,increase_supply_or_pause_send
2025-08-17 08:00:00+08,XIMENDING,140,141,2,2,2,0,18.6,observed,1.0,0.0,1,false,monitor
2025-08-17 09:00:00+08,TAIPEI_101,155,112,2,2,2,0,16.7,observed,1.0,0.0,-43,false,monitor
2025-08-17 09:00:00+08,TAIPEI_MAIN,152,136,,,99,,,source_only_no_observed_trip,,,-16,false,monitor_source_only
2025-08-17 09:00:00+08,TPE_AIRPORT,138,90,,,68,,,source_only_no_observed_trip,,,-48,false,monitor_source_only
2025-08-17 09:00:00+08,XIMENDING,147,139,1,1,1,0,17.0,observed,1.0,0.0,-8,false,monitor
2025-08-17 10:00:00+08,TAIPEI_101,169,117,1,0,0,1,,observed,0.0,1.0,-52,false,monitor
2025-08-17 10:00:00+08,TAIPEI_MAIN,151,158,1,1,1,0,14.0,observed,1.0,0.0,7,false,monitor
2025-08-17 10:00:00+08,TPE_AIRPORT,116,91,,,72,,,source_only_no_observed_trip,,,-25,false,monitor_source_only
2025-08-17 10:00:00+08,XIMENDING,165,152,,,122,,,source_only_no_observed_trip,,,-13,false,monitor_source_only
2025-08-17 11:00:00+08,TAIPEI_101,160,63,,,49,,,source_only_no_observed_trip,,,-97,false,monitor_source_only
2025-08-17 11:00:00+08,TAIPEI_MAIN,166,119,1,1,1,0,19.0,observed,1.0,0.0,-47,false,monitor
2025-08-17 11:00:00+08,TPE_AIRPORT,101,100,,,76,,,source_only_no_observed_trip,,,-1,false,monitor_source_only
2025-08-17 11:00:00+08,XIMENDING,141,143,3,1,1,2,11.0,observed,0.3333333333333333,0.6666666666666666,2,false,monitor
2025-08-17 12:00:00+08,TAIPEI_101,161,88,,,70,,,source_only_no_observed_trip,,,-73,false,monitor_source_only
2025-08-17 12:00:00+08,TAIPEI_MAIN,149,107,,,77,,,source_only_no_observed_trip,,,-42,false,monitor_source_only
2025-08-17 12:00:00+08,TPE_AIRPORT,121,41,1,1,1,0,23.0,observed,1.0,0.0,-80,false,review_pickup_reliability
2025-08-17 12:00:00+08,XIMENDING,171,91,,,69,,,source_only_no_observed_trip,,,-80,false,monitor_source_only
2025-08-17 13:00:00+08,TAIPEI_101,148,98,1,1,1,0,18.0,observed,1.0,0.0,-50,false,monitor
2025-08-17 13:00:00+08,TAIPEI_MAIN,182,102,,,83,,,source_only_no_observed_trip,,,-80,false,monitor_source_only
2025-08-17 13:00:00+08,TPE_AIRPORT,74,117,2,1,1,1,18.0,observed,0.5,0.5,43,false,increase_supply_or_pause_send
2025-08-17 13:00:00+08,XIMENDING,166,156,,,131,,,source_only_no_observed_trip,,,-10,false,monitor_source_only
2025-08-17 14:00:00+08,TAIPEI_101,150,125,,,90,,,source_only_no_observed_trip,,,-25,false,monitor_source_only
2025-08-17 14:00:00+08,TAIPEI_MAIN,138,77,,,65,,,source_only_no_observed_trip,,,-61,false,monitor_source_only
2025-08-17 14:00:00+08,TPE_AIRPORT,113,73,,,57,,,source_only_no_observed_trip,,,-40,false,monitor_source_only
2025-08-17 14:00:00+08,XIMENDING,174,95,1,1,1,0,14.0,observed,1.0,0.0,-79,false,monitor
2025-08-17 15:00:00+08,TAIPEI_101,144,105,1,1,1,0,19.0,observed,1.0,0.0,-39,false,monitor
2025-08-17 15:00:00+08,TAIPEI_MAIN,154,108,2,2,2,0,18.7,observed,1.0,0.0,-46,false,monitor
2025-08-17 15:00:00+08,TPE_AIRPORT,94,77,1,1,1,0,11.0,observed,1.0,0.0,-17,false,monitor
2025-08-17 15:00:00+08,XIMENDING,131,120,,,106,,,source_only_no_observed_trip,,,-11,false,monitor_source_only
2025-08-17 16:00:00+08,TAIPEI_101,169,128,,,92,,,source_only_no_observed_trip,,,-41,false,monitor_source_only
2025-08-17 16:00:00+08,TAIPEI_MAIN,179,137,1,1,1,0,5.0,observed,1.0,0.0,-42,false,monitor
2025-08-17 16:00:00+08,TPE_AIRPORT,90,77,1,1,1,0,13.0,observed,1.0,0.0,-13,false,monitor
2025-08-17 16:00:00+08,XIMENDING,186,74,1,1,1,0,12.0,observed,1.0,0.0,-112,false,monitor
2025-08-17 17:00:00+08,TAIPEI_101,169,83,1,0,0,1,,observed,0.0,1.0,-86,false,monitor
2025-08-17 17:00:00+08,TAIPEI_MAIN,139,106,2,2,1,1,7.0,observed,1.0,0.5,-33,false,monitor
2025-08-17 17:00:00+08,TPE_AIRPORT,91,78,,,57,,,source_only_no_observed_trip,,,-13,false,monitor_source_only
2025-08-17 17:00:00+08,XIMENDING,141,65,,,54,,,source_only_no_observed_trip,,,-76,false,monitor_source_only
2025-08-17 18:00:00+08,TAIPEI_101,159,81,2,2,1,1,21.0,observed,1.0,0.5,-78,false,review_pickup_reliability
2025-08-17 18:00:00+08,TAIPEI_MAIN,155,144,4,4,3,1,13.600000000000001,observed,1.0,0.25,-11,false,monitor
2025-08-17 18:00:00+08,TPE_AIRPORT,102,68,1,1,1,0,14.0,observed,1.0,0.0,-34,false,monitor
2025-08-17 18:00:00+08,XIMENDING,180,127,1,1,1,0,7.0,observed,1.0,0.0,-53,false,monitor
2025-08-17 19:00:00+08,TAIPEI_101,142,91,,,69,,,source_only_no_observed_trip,,,-51,false,monitor_source_only
2025-08-17 19:00:00+08,TAIPEI_MAIN,131,107,,,91,,,source_only_no_observed_trip,,,-24,false,monitor_source_only
2025-08-17 19:00:00+08,TPE_AIRPORT,116,74,,,66,,,source_only_no_observed_trip,,,-42,false,monitor_source_only
2025-08-17 19:00:00+08,XIMENDING,158,140,1,1,1,0,17.0,observed,1.0,0.0,-18,false,monitor
2025-08-17 20:00:00+08,TAIPEI_101,146,174,,,135,,,source_only_no_observed_trip,,,28,false,monitor_source_only
2025-08-17 20:00:00+08,TAIPEI_MAIN,160,168,,,135,,,source_only_no_observed_trip,,,8,false,monitor_source_only
2025-08-17 20:00:00+08,TPE_AIRPORT,111,143,2,2,2,0,11.8,observed,1.0,0.0,32,false,increase_supply_or_pause_send
2025-08-17 20:00:00+08,XIMENDING,145,155,,,123,,,source_only_no_observed_trip,,,10,false,monitor_source_only
2025-08-17 21:00:00+08,TAIPEI_101,156,193,,,164,,,source_only_no_observed_trip,,,37,false,monitor_source_only
2025-08-17 21:00:00+08,TAIPEI_MAIN,129,159,,,117,,,source_only_no_observed_trip,,,30,false,monitor_source_only
2025-08-17 21:00:00+08,TPE_AIRPORT,113,190,,,141,,,source_only_no_observed_trip,,,77,false,monitor_source_only
2025-08-17 21:00:00+08,XIMENDING,146,149,,,117,,,source_only_no_observed_trip,,,3,false,monitor_source_only
2025-08-17 22:00:00+08,TAIPEI_101,133,214,,,175,,,source_only_no_observed_trip,,,81,false,monitor_source_only
2025-08-17 22:00:00+08,TAIPEI_MAIN,149,210,1,1,1,0,18.0,observed,1.0,0.0,61,false,increase_supply_or_pause_send
2025-08-17 22:00:00+08,TPE_AIRPORT,83,100,,,90,,,source_only_no_observed_trip,,,17,false,monitor_source_only
2025-08-17 22:00:00+08,XIMENDING,132,191,,,138,,,source_only_no_observed_trip,,,59,false,monitor_source_only
2025-08-17 23:00:00+08,TAIPEI_101,164,169,1,1,1,0,21.0,observed,1.0,0.0,5,false,review_pickup_reliability
2025-08-17 23:00:00+08,TAIPEI_MAIN,139,220,,,163,,,source_only_no_observed_trip,,,81,false,monitor_source_only
2025-08-17 23:00:00+08,TPE_AIRPORT,99,150,,,115,,,source_only_no_observed_trip,,,51,false,monitor_source_only
2025-08-17 23:00:00+08,XIMENDING,122,160,,,116,,,source_only_no_observed_trip,,,38,false,monitor_source_only
2025-08-18 00:00:00+08,TAIPEI_101,129,139,,,116,,,source_only_no_observed_trip,,,10,false,monitor_source_only
2025-08-18 00:00:00+08,TAIPEI_MAIN,196,130,2,2,2,0,16.6,observed,1.0,0.0,-66,false,monitor
2025-08-18 00:00:00+08,TPE_AIRPORT,94,128,2,2,2,0,15.8,observed,1.0,0.0,34,false,increase_supply_or_pause_send
2025-08-18 00:00:00+08,XIMENDING,172,137,,,109,,,source_only_no_observed_trip,,,-35,false,monitor_source_only
2025-08-18 01:00:00+08,TAIPEI_101,183,111,1,1,1,0,13.0,observed,1.0,0.0,-72,false,monitor
2025-08-18 01:00:00+08,TAIPEI_MAIN,163,132,,,106,,,source_only_no_observed_trip,,,-31,false,monitor_source_only
2025-08-18 01:00:00+08,TPE_AIRPORT,99,72,,,56,,,source_only_no_observed_trip,,,-27,false,monitor_source_only
2025-08-18 01:00:00+08,XIMENDING,174,99,,,82,,,source_only_no_observed_trip,,,-75,false,monitor_source_only
2025-08-18 02:00:00+08,TAIPEI_101,153,107,,,90,,,source_only_no_observed_trip,,,-46,false,monitor_source_only
2025-08-18 02:00:00+08,TAIPEI_MAIN,165,128,,,105,,,source_only_no_observed_trip,,,-37,false,monitor_source_only
2025-08-18 02:00:00+08,TPE_AIRPORT,105,48,,,37,,,source_only_no_observed_trip,,,-57,false,monitor_source_only
2025-08-18 02:00:00+08,XIMENDING,162,125,,,90,,,source_only_no_observed_trip,,,-37,false,monitor_source_only
2025-08-18 03:00:00+08,TAIPEI_101,161,164,,,129,,,source_only_no_observed_trip,,,3,false,monitor_source_only
2025-08-18 03:00:00+08,TAIPEI_MAIN,158,87,,,75,,,source_only_no_observed_trip,,,-71,false,monitor_source_only
2025-08-18 03:00:00+08,TPE_AIRPORT,132,65,1,1,1,0,16.0,observed,1.0,0.0,-67,false,monitor
2025-08-18 03:00:00+08,XIMENDING,151,124,1,1,1,0,6.0,observed,1.0,0.0,-27,false,monitor
2025-08-18 04:00:00+08,TAIPEI_101,156,144,,,109,,,source_only_no_observed_trip,,,-12,false,monitor_source_only
2025-08-18 04:00:00+08,TAIPEI_MAIN,124,136,,,115,,,source_only_no_observed_trip,,,12,false,monitor_source_only
2025-08-18 04:00:00+08,TPE_AIRPORT,117,61,2,2,0,2,,observed,1.0,1.0,-56,false,monitor
2025-08-18 04:00:00+08,XIMENDING,147,134,,,101,,,source_only_no_observed_trip,,,-13,false,monitor_source_only
2025-08-18 05:00:00+08,TAIPEI_101,135,163,,,121,,,source_only_no_observed_trip,,,28,false,monitor_source_only
2025-08-18 05:00:00+08,TAIPEI_MAIN,124,153,,,139,,,source_only_no_observed_trip,,,29,false,monitor_source_only
2025-08-18 05:00:00+08,TPE_AIRPORT,84,144,1,1,1,0,17.0,observed,1.0,0.0,60,false,increase_supply_or_pause_send
2025-08-18 05:00:00+08,XIMENDING,132,162,,,135,,,source_only_no_observed_trip,,,30,false,monitor_source_only
2025-08-18 06:00:00+08,TAIPEI_101,138,215,1,1,1,0,11.0,observed,1.0,0.0,77,false,increase_supply_or_pause_send
2025-08-18 06:00:00+08,TAIPEI_MAIN,150,153,1,1,1,0,14.0,observed,1.0,0.0,3,false,monitor
2025-08-18 06:00:00+08,TPE_AIRPORT,98,137,,,109,,,source_only_no_observed_trip,,,39,false,monitor_source_only
2025-08-18 06:00:00+08,XIMENDING,123,175,,,142,,,source_only_no_observed_trip,,,52,false,monitor_source_only
2025-08-18 07:00:00+08,TAIPEI_101,129,212,,,164,,,source_only_no_observed_trip,,,83,false,monitor_source_only
2025-08-18 07:00:00+08,TAIPEI_MAIN,131,182,1,0,0,1,,observed,0.0,1.0,51,false,increase_supply_or_pause_send
2025-08-18 07:00:00+08,TPE_AIRPORT,71,134,1,1,1,0,23.0,observed,1.0,0.0,63,false,increase_supply_or_pause_send
2025-08-18 07:00:00+08,XIMENDING,144,194,,,143,,,source_only_no_observed_trip,,,50,false,monitor_source_only
2025-08-18 08:00:00+08,TAIPEI_101,137,213,1,1,1,0,15.0,observed,1.0,0.0,76,false,increase_supply_or_pause_send
2025-08-18 08:00:00+08,TAIPEI_MAIN,111,197,,,153,,,source_only_no_observed_trip,,,86,false,monitor_source_only
2025-08-18 08:00:00+08,TPE_AIRPORT,81,122,,,95,,,source_only_no_observed_trip,,,41,false,monitor_source_only
2025-08-18 08:00:00+08,XIMENDING,131,222,1,1,1,0,13.0,observed,1.0,0.0,91,false,increase_supply_or_pause_send
2025-08-18 09:00:00+08,TAIPEI_101,152,103,5,5,5,0,20.6,observed,1.0,0.0,-49,false,review_pickup_reliability
2025-08-18 09:00:00+08,TAIPEI_MAIN,164,94,2,2,2,0,14.5,observed,1.0,0.0,-70,false,monitor
2025-08-18 09:00:00+08,TPE_AIRPORT,92,91,3,2,2,1,21.4,observed,0.6666666666666666,0.3333333333333333,-1,false,review_pickup_reliability
2025-08-18 09:00:00+08,XIMENDING,189,126,,,98,,,source_only_no_observed_trip,,,-63,false,monitor_source_only
2025-08-18 10:00:00+08,TAIPEI_101,163,140,,,104,,,source_only_no_observed_trip,,,-23,false,monitor_source_only
2025-08-18 10:00:00+08,TAIPEI_MAIN,157,118,,,95,,,source_only_no_observed_trip,,,-39,false,monitor_source_only
2025-08-18 10:00:00+08,TPE_AIRPORT,119,45,1,1,1,0,15.0,observed,1.0,0.0,-74,false,monitor
2025-08-18 10:00:00+08,XIMENDING,160,88,,,73,,,source_only_no_observed_trip,,,-72,false,monitor_source_only
2025-08-18 11:00:00+08,TAIPEI_101,137,131,,,109,,,source_only_no_observed_trip,,,-6,false,monitor_source_only
2025-08-18 11:00:00+08,TAIPEI_MAIN,136,118,1,1,1,0,18.0,observed,1.0,0.0,-18,false,monitor
2025-08-18 11:00:00+08,TPE_AIRPORT,140,130,,,109,,,source_only_no_observed_trip,,,-10,false,monitor_source_only
2025-08-18 11:00:00+08,XIMENDING,162,130,,,112,,,source_only_no_observed_trip,,,-32,false,monitor_source_only
2025-08-18 12:00:00+08,TAIPEI_101,166,141,,,103,,,source_only_no_observed_trip,,,-25,false,monitor_source_only
2025-08-18 12:00:00+08,TAIPEI_MAIN,151,91,1,0,0,1,,observed,0.0,1.0,-60,false,monitor
2025-08-18 12:00:00+08,TPE_AIRPORT,97,106,,,93,,,source_only_no_observed_trip,,,9,false,monitor_source_only
2025-08-18 12:00:00+08,XIMENDING,148,150,1,1,1,0,9.0,observed,1.0,0.0,2,false,monitor
2025-08-18 13:00:00+08,TAIPEI_101,152,105,,,77,,,source_only_no_observed_trip,,,-47,false,monitor_source_only
2025-08-18 13:00:00+08,TAIPEI_MAIN,172,126,,,106,,,source_only_no_observed_trip,,,-46,false,monitor_source_only
2025-08-18 13:00:00+08,TPE_AIRPORT,129,58,,,47,,,source_only_no_observed_trip,,,-71,false,monitor_source_only
2025-08-18 13:00:00+08,XIMENDING,132,126,,,105,,,source_only_no_observed_trip,,,-6,false,monitor_source_only
2025-08-18 14:00:00+08,TAIPEI_101,156,139,1,1,1,0,16.0,observed,1.0,0.0,-17,false,monitor
2025-08-18 14:00:00+08,TAIPEI_MAIN,159,92,1,1,0,1,,observed,1.0,1.0,-67,false,monitor
2025-08-18 14:00:00+08,TPE_AIRPORT,126,57,1,1,1,0,20.0,observed,1.0,0.0,-69,false,monitor
2025-08-18 14:00:00+08,XIMENDING,179,130,,,104,,,source_only_no_observed_trip,,,-49,false,monitor_source_only
2025-08-18 15:00:00+08,TAIPEI_101,160,117,1,1,0,1,,observed,1.0,1.0,-43,false,monitor
2025-08-18 15:00:00+08,TAIPEI_MAIN,141,97,,,83,,,source_only_no_observed_trip,,,-44,false,monitor_source_only
2025-08-18 15:00:00+08,TPE_AIRPORT,119,126,,,101,,,source_only_no_observed_trip,,,7,false,monitor_source_only
2025-08-18 15:00:00+08,XIMENDING,143,128,1,1,1,0,9.0,observed,1.0,0.0,-15,false,monitor
2025-08-18 16:00:00+08,TAIPEI_101,169,101,,,79,,,source_only_no_observed_trip,,,-68,false,monitor_source_only
2025-08-18 16:00:00+08,TAIPEI_MAIN,189,86,2,1,1,1,17.0,observed,0.5,0.5,-103,false,monitor
2025-08-18 16:00:00+08,TPE_AIRPORT,121,69,,,50,,,source_only_no_observed_trip,,,-52,false,monitor_source_only
2025-08-18 16:00:00+08,XIMENDING,183,140,1,1,1,0,19.0,observed,1.0,0.0,-43,false,monitor
2025-08-18 17:00:00+08,TAIPEI_101,165,105,,,88,,,source_only_no_observed_trip,,,-60,false,monitor_source_only
2025-08-18 17:00:00+08,TAIPEI_MAIN,153,108,,,78,,,source_only_no_observed_trip,,,-45,false,monitor_source_only
2025-08-18 17:00:00+08,TPE_AIRPORT,133,79,2,2,2,0,15.0,observed,1.0,0.0,-54,false,monitor
2025-08-18 17:00:00+08,XIMENDING,169,153,2,2,2,0,17.299999999999997,observed,1.0,0.0,-16,false,monitor
2025-08-18 18:00:00+08,TAIPEI_101,199,124,2,2,2,0,14.8,observed,1.0,0.0,-75,false,monitor
2025-08-18 18:00:00+08,TAIPEI_MAIN,144,78,1,1,1,0,10.0,observed,1.0,0.0,-66,false,monitor
2025-08-18 18:00:00+08,TPE_AIRPORT,76,57,1,1,1,0,20.0,observed,1.0,0.0,-19,false,monitor
2025-08-18 18:00:00+08,XIMENDING,187,171,,,128,,,source_only_no_observed_trip,,,-16,false,monitor_source_only
2025-08-18 19:00:00+08,TAIPEI_101,153,120,1,1,1,0,18.0,observed,1.0,0.0,-33,false,monitor
2025-08-18 19:00:00+08,TAIPEI_MAIN,161,141,,,107,,,source_only_no_observed_trip,,,-20,false,monitor_source_only
2025-08-18 19:00:00+08,TPE_AIRPORT,107,91,1,1,1,0,20.0,observed,1.0,0.0,-16,false,monitor
2025-08-18 19:00:00+08,XIMENDING,162,153,2,2,1,1,21.0,observed,1.0,0.5,-9,false,review_pickup_reliability
2025-08-18 20:00:00+08,TAIPEI_101,141,184,,,164,,,source_only_no_observed_trip,,,43,false,monitor_source_only
2025-08-18 20:00:00+08,TAIPEI_MAIN,116,189,1,1,1,0,11.0,observed,1.0,0.0,73,false,increase_supply_or_pause_send
2025-08-18 20:00:00+08,TPE_AIRPORT,75,168,2,1,1,1,16.0,observed,0.5,0.5,93,false,increase_supply_or_pause_send
2025-08-18 20:00:00+08,XIMENDING,114,189,4,4,4,0,16.4,observed,1.0,0.0,75,false,increase_supply_or_pause_send
2025-08-18 21:00:00+08,TAIPEI_101,154,190,,,136,,,source_only_no_observed_trip,,,36,false,monitor_source_only
2025-08-18 21:00:00+08,TAIPEI_MAIN,147,216,,,179,,,source_only_no_observed_trip,,,69,false,monitor_source_only
2025-08-18 21:00:00+08,TPE_AIRPORT,64,163,,,130,,,source_only_no_observed_trip,,,99,false,monitor_source_only
2025-08-18 21:00:00+08,XIMENDING,129,146,,,121,,,source_only_no_observed_trip,,,17,false,monitor_source_only
2025-08-18 22:00:00+08,TAIPEI_101,174,200,,,168,,,source_only_no_observed_trip,,,26,false,monitor_source_only
2025-08-18 22:00:00+08,TAIPEI_MAIN,152,199,,,168,,,source_only_no_observed_trip,,,47,false,monitor_source_only
2025-08-18 22:00:00+08,TPE_AIRPORT,99,130,,,97,,,source_only_no_observed_trip,,,31,false,monitor_source_only
2025-08-18 22:00:00+08,XIMENDING,136,202,2,2,2,0,18.3,observed,1.0,0.0,66,false,increase_supply_or_pause_send
2025-08-18 23:00:00+08,TAIPEI_101,124,186,,,153,,,source_only_no_observed_trip,,,62,false,monitor_source_only
2025-08-18 23:00:00+08,TAIPEI_MAIN,153,217,1,1,1,0,20.0,observed,1.0,0.0,64,false,increase_supply_or_pause_send
2025-08-18 23:00:00+08,TPE_AIRPORT,99,162,,,126,,,source_only_no_observed_trip,,,63,false,monitor_source_only
2025-08-18 23:00:00+08,XIMENDING,140,199,1,1,1,0,11.0,observed,1.0,0.0,59,false,increase_supply_or_pause_send
2025-08-19 00:00:00+08,TAIPEI_101,181,118,,,85,,,source_only_no_observed_trip,,,-63,false,monitor_source_only
2025-08-19 00:00:00+08,TAIPEI_MAIN,187,123,1,1,1,0,14.0,observed,1.0,0.0,-64,false,monitor
2025-08-19 00:00:00+08,TPE_AIRPORT,101,108,,,91,,,source_only_no_observed_trip,,,7,false,monitor_source_only
2025-08-19 00:00:00+08,XIMENDING,173,87,,,68,,,source_only_no_observed_trip,,,-86,false,monitor_source_only
2025-08-19 01:00:00+08,TAIPEI_101,138,133,1,1,1,0,11.0,observed,1.0,0.0,-5,false,monitor
2025-08-19 01:00:00+08,TAIPEI_MAIN,183,139,,,107,,,source_only_no_observed_trip,,,-44,false,monitor_source_only
2025-08-19 01:00:00+08,TPE_AIRPORT,101,94,,,68,,,source_only_no_observed_trip,,,-7,false,monitor_source_only
2025-08-19 01:00:00+08,XIMENDING,194,105,1,1,1,0,6.0,observed,1.0,0.0,-89,false,monitor
2025-08-19 02:00:00+08,TAIPEI_101,141,145,1,1,1,0,22.0,observed,1.0,0.0,4,false,review_pickup_reliability
2025-08-19 02:00:00+08,TAIPEI_MAIN,155,76,1,1,1,0,20.0,observed,1.0,0.0,-79,false,monitor
2025-08-19 02:00:00+08,TPE_AIRPORT,90,92,,,70,,,source_only_no_observed_trip,,,2,false,monitor_source_only
2025-08-19 02:00:00+08,XIMENDING,156,122,2,2,2,0,19.2,observed,1.0,0.0,-34,false,monitor
2025-08-19 03:00:00+08,TAIPEI_101,201,123,1,1,0,1,,observed,1.0,1.0,-78,false,monitor
2025-08-19 03:00:00+08,TAIPEI_MAIN,169,94,,,83,,,source_only_no_observed_trip,,,-75,false,monitor_source_only
2025-08-19 03:00:00+08,TPE_AIRPORT,133,77,,,59,,,source_only_no_observed_trip,,,-56,false,monitor_source_only
2025-08-19 03:00:00+08,XIMENDING,185,109,1,1,1,0,14.0,observed,1.0,0.0,-76,false,monitor
2025-08-19 04:00:00+08,TAIPEI_101,177,85,,,64,,,source_only_no_observed_trip,,,-92,false,monitor_source_only
2025-08-19 04:00:00+08,TAIPEI_MAIN,165,113,,,97,,,source_only_no_observed_trip,,,-52,false,monitor_source_only
2025-08-19 04:00:00+08,TPE_AIRPORT,125,78,,,65,,,source_only_no_observed_trip,,,-47,false,monitor_source_only
2025-08-19 04:00:00+08,XIMENDING,152,69,,,61,,,source_only_no_observed_trip,,,-83,false,monitor_source_only
2025-08-19 05:00:00+08,TAIPEI_101,99,224,2,2,2,0,18.5,observed,1.0,0.0,125,false,increase_supply_or_pause_send
2025-08-19 05:00:00+08,TAIPEI_MAIN,127,223,1,1,1,0,18.0,observed,1.0,0.0,96,false,increase_supply_or_pause_send
2025-08-19 05:00:00+08,TPE_AIRPORT,114,125,,,105,,,source_only_no_observed_trip,,,11,false,monitor_source_only
2025-08-19 05:00:00+08,XIMENDING,142,131,,,113,,,source_only_no_observed_trip,,,-11,false,monitor_source_only
2025-08-19 06:00:00+08,TAIPEI_101,114,170,,,127,,,source_only_no_observed_trip,,,56,false,monitor_source_only
2025-08-19 06:00:00+08,TAIPEI_MAIN,138,165,2,2,2,0,18.6,observed,1.0,0.0,27,false,increase_supply_or_pause_send
2025-08-19 06:00:00+08,TPE_AIRPORT,78,115,,,101,,,source_only_no_observed_trip,,,37,false,monitor_source_only
2025-08-19 06:00:00+08,XIMENDING,115,160,,,140,,,source_only_no_observed_trip,,,45,false,monitor_source_only
2025-08-19 07:00:00+08,TAIPEI_101,145,177,2,2,2,0,13.5,observed,1.0,0.0,32,false,increase_supply_or_pause_send
2025-08-19 07:00:00+08,TAIPEI_MAIN,155,190,1,1,1,0,8.0,observed,1.0,0.0,35,false,increase_supply_or_pause_send
2025-08-19 07:00:00+08,TPE_AIRPORT,77,139,3,2,2,1,17.9,observed,0.6666666666666666,0.3333333333333333,62,false,increase_supply_or_pause_send
2025-08-19 07:00:00+08,XIMENDING,142,181,2,2,2,0,16.5,observed,1.0,0.0,39,false,increase_supply_or_pause_send
2025-08-19 08:00:00+08,TAIPEI_101,143,171,,,144,,,source_only_no_observed_trip,,,28,false,monitor_source_only
2025-08-19 08:00:00+08,TAIPEI_MAIN,125,182,,,143,,,source_only_no_observed_trip,,,57,false,monitor_source_only
2025-08-19 08:00:00+08,TPE_AIRPORT,121,130,,,95,,,source_only_no_observed_trip,,,9,false,monitor_source_only
2025-08-19 08:00:00+08,XIMENDING,158,159,1,1,1,0,12.0,observed,1.0,0.0,1,false,monitor
2025-08-19 09:00:00+08,TAIPEI_101,190,141,3,3,2,1,20.9,observed,1.0,0.3333333333333333,-49,false,review_pickup_reliability
2025-08-19 09:00:00+08,TAIPEI_MAIN,171,139,1,1,1,0,20.0,observed,1.0,0.0,-32,false,monitor
2025-08-19 09:00:00+08,TPE_AIRPORT,84,99,1,1,1,0,20.0,observed,1.0,0.0,15,false,monitor
2025-08-19 09:00:00+08,XIMENDING,177,67,1,1,1,0,9.0,observed,1.0,0.0,-110,false,monitor
2025-08-19 10:00:00+08,TAIPEI_101,127,87,1,1,1,0,17.0,observed,1.0,0.0,-40,false,monitor
2025-08-19 10:00:00+08,TAIPEI_MAIN,128,141,,,102,,,source_only_no_observed_trip,,,13,false,monitor_source_only
2025-08-19 10:00:00+08,TPE_AIRPORT,84,51,,,40,,,source_only_no_observed_trip,,,-33,false,monitor_source_only
2025-08-19 10:00:00+08,XIMENDING,139,80,,,65,,,source_only_no_observed_trip,,,-59,false,monitor_source_only
2025-08-19 11:00:00+08,TAIPEI_101,141,121,,,93,,,source_only_no_observed_trip,,,-20,false,monitor_source_only
2025-08-19 11:00:00+08,TAIPEI_MAIN,131,123,1,1,1,0,23.0,observed,1.0,0.0,-8,false,review_pickup_reliability
2025-08-19 11:00:00+08,TPE_AIRPORT,138,133,,,109,,,source_only_no_observed_trip,,,-5,false,monitor_source_only
2025-08-19 11:00:00+08,XIMENDING,151,145,,,110,,,source_only_no_observed_trip,,,-6,false,monitor_source_only
2025-08-19 12:00:00+08,TAIPEI_101,159,134,,,112,,,source_only_no_observed_trip,,,-25,false,monitor_source_only
2025-08-19 12:00:00+08,TAIPEI_MAIN,168,112,1,1,1,0,16.0,observed,1.0,0.0,-56,false,monitor
2025-08-19 12:00:00+08,TPE_AIRPORT,132,60,,,49,,,source_only_no_observed_trip,,,-72,false,monitor_source_only
2025-08-19 12:00:00+08,XIMENDING,144,88,,,73,,,source_only_no_observed_trip,,,-56,false,monitor_source_only
2025-08-19 13:00:00+08,TAIPEI_101,170,101,,,88,,,source_only_no_observed_trip,,,-69,false,monitor_source_only
2025-08-19 13:00:00+08,TAIPEI_MAIN,183,132,,,101,,,source_only_no_observed_trip,,,-51,false,monitor_source_only
2025-08-19 13:00:00+08,TPE_AIRPORT,93,112,1,1,1,0,18.0,observed,1.0,0.0,19,false,monitor
2025-08-19 13:00:00+08,XIMENDING,147,160,,,141,,,source_only_no_observed_trip,,,13,false,monitor_source_only
2025-08-19 14:00:00+08,TAIPEI_101,123,113,1,1,1,0,18.0,observed,1.0,0.0,-10,false,monitor
2025-08-19 14:00:00+08,TAIPEI_MAIN,147,107,,,92,,,source_only_no_observed_trip,,,-40,false,monitor_source_only
2025-08-19 14:00:00+08,TPE_AIRPORT,107,53,1,1,1,0,9.0,observed,1.0,0.0,-54,false,monitor
2025-08-19 14:00:00+08,XIMENDING,176,90,,,78,,,source_only_no_observed_trip,,,-86,false,monitor_source_only
2025-08-19 15:00:00+08,TAIPEI_101,156,102,,,75,,,source_only_no_observed_trip,,,-54,false,monitor_source_only
2025-08-19 15:00:00+08,TAIPEI_MAIN,168,119,1,0,0,1,,observed,0.0,1.0,-49,false,monitor
2025-08-19 15:00:00+08,TPE_AIRPORT,129,91,,,67,,,source_only_no_observed_trip,,,-38,false,monitor_source_only
2025-08-19 15:00:00+08,XIMENDING,160,139,1,1,1,0,14.0,observed,1.0,0.0,-21,false,monitor
2025-08-19 16:00:00+08,TAIPEI_101,164,75,1,1,1,0,13.0,observed,1.0,0.0,-89,false,monitor
2025-08-19 16:00:00+08,TAIPEI_MAIN,149,114,,,83,,,source_only_no_observed_trip,,,-35,false,monitor_source_only
2025-08-19 16:00:00+08,TPE_AIRPORT,66,97,,,80,,,source_only_no_observed_trip,,,31,false,monitor_source_only
2025-08-19 16:00:00+08,XIMENDING,172,138,,,106,,,source_only_no_observed_trip,,,-34,false,monitor_source_only
2025-08-19 17:00:00+08,TAIPEI_101,163,81,1,1,1,0,10.0,observed,1.0,0.0,-82,false,monitor
2025-08-19 17:00:00+08,TAIPEI_MAIN,130,134,1,1,1,0,15.0,observed,1.0,0.0,4,false,monitor
2025-08-19 17:00:00+08,TPE_AIRPORT,108,58,,,50,,,source_only_no_observed_trip,,,-50,false,monitor_source_only
2025-08-19 17:00:00+08,XIMENDING,181,129,1,1,1,0,12.0,observed,1.0,0.0,-52,false,monitor
2025-08-19 18:00:00+08,TAIPEI_101,168,97,,,78,,,source_only_no_observed_trip,,,-71,false,monitor_source_only
2025-08-19 18:00:00+08,TAIPEI_MAIN,165,131,,,104,,,source_only_no_observed_trip,,,-34,false,monitor_source_only
2025-08-19 18:00:00+08,TPE_AIRPORT,93,120,,,86,,,source_only_no_observed_trip,,,27,false,monitor_source_only
2025-08-19 18:00:00+08,XIMENDING,148,115,2,2,2,0,17.599999999999998,observed,1.0,0.0,-33,false,monitor
2025-08-19 19:00:00+08,TAIPEI_101,147,131,1,1,1,0,18.0,observed,1.0,0.0,-16,false,monitor
2025-08-19 19:00:00+08,TAIPEI_MAIN,185,126,1,1,1,0,10.0,observed,1.0,0.0,-59,false,monitor
2025-08-19 19:00:00+08,TPE_AIRPORT,109,109,,,97,,,source_only_no_observed_trip,,,0,false,monitor_source_only
2025-08-19 19:00:00+08,XIMENDING,134,157,1,1,1,0,10.0,observed,1.0,0.0,23,false,increase_supply_or_pause_send
2025-08-19 20:00:00+08,TAIPEI_101,146,185,1,1,1,0,8.0,observed,1.0,0.0,39,false,increase_supply_or_pause_send
2025-08-19 20:00:00+08,TAIPEI_MAIN,144,224,1,1,1,0,11.0,observed,1.0,0.0,80,false,increase_supply_or_pause_send
2025-08-19 20:00:00+08,TPE_AIRPORT,60,109,2,2,2,0,12.5,observed,1.0,0.0,49,false,increase_supply_or_pause_send
2025-08-19 20:00:00+08,XIMENDING,124,177,1,1,1,0,17.0,observed,1.0,0.0,53,false,increase_supply_or_pause_send
2025-08-19 21:00:00+08,TAIPEI_101,109,180,,,162,,,source_only_no_observed_trip,,,71,false,monitor_source_only
2025-08-19 21:00:00+08,TAIPEI_MAIN,135,174,,,155,,,source_only_no_observed_trip,,,39,false,monitor_source_only
2025-08-19 21:00:00+08,TPE_AIRPORT,70,111,,,89,,,source_only_no_observed_trip,,,41,false,monitor_source_only
2025-08-19 21:00:00+08,XIMENDING,114,173,,,153,,,source_only_no_observed_trip,,,59,false,monitor_source_only
2025-08-19 22:00:00+08,TAIPEI_101,112,158,2,2,1,1,11.0,observed,1.0,0.5,46,false,increase_supply_or_pause_send
2025-08-19 22:00:00+08,TAIPEI_MAIN,111,167,1,1,1,0,22.0,observed,1.0,0.0,56,false,increase_supply_or_pause_send
2025-08-19 22:00:00+08,TPE_AIRPORT,79,101,2,2,2,0,19.2,observed,1.0,0.0,22,false,increase_supply_or_pause_send
2025-08-19 22:00:00+08,XIMENDING,148,184,,,145,,,source_only_no_observed_trip,,,36,false,monitor_source_only
2025-08-19 23:00:00+08,TAIPEI_101,136,187,,,168,,,source_only_no_observed_trip,,,51,false,monitor_source_only
2025-08-19 23:00:00+08,TAIPEI_MAIN,118,210,,,162,,,source_only_no_observed_trip,,,92,false,monitor_source_only
2025-08-19 23:00:00+08,TPE_AIRPORT,98,143,,,111,,,source_only_no_observed_trip,,,45,false,monitor_source_only
2025-08-19 23:00:00+08,XIMENDING,106,181,,,148,,,source_only_no_observed_trip,,,75,false,monitor_source_only
2025-08-20 00:00:00+08,TAIPEI_101,142,135,,,113,,,source_only_no_observed_trip,,,-7,false,monitor_source_only
2025-08-20 00:00:00+08,TAIPEI_MAIN,165,126,1,1,1,0,17.0,observed,1.0,0.0,-39,false,monitor
2025-08-20 00:00:00+08,TPE_AIRPORT,137,72,1,1,1,0,11.0,observed,1.0,0.0,-65,false,monitor
2025-08-20 00:00:00+08,XIMENDING,163,74,1,1,1,0,17.0,observed,1.0,0.0,-89,false,monitor
2025-08-20 01:00:00+08,TAIPEI_101,135,127,,,96,,,source_only_no_observed_trip,,,-8,false,monitor_source_only
2025-08-20 01:00:00+08,TAIPEI_MAIN,150,106,1,1,1,0,19.0,observed,1.0,0.0,-44,false,monitor
2025-08-20 01:00:00+08,TPE_AIRPORT,101,76,,,57,,,source_only_no_observed_trip,,,-25,false,monitor_source_only
2025-08-20 01:00:00+08,XIMENDING,164,139,,,106,,,source_only_no_observed_trip,,,-25,false,monitor_source_only
2025-08-20 02:00:00+08,TAIPEI_101,137,158,,,140,,,source_only_no_observed_trip,,,21,false,monitor_source_only
2025-08-20 02:00:00+08,TAIPEI_MAIN,158,91,,,72,,,source_only_no_observed_trip,,,-67,false,monitor_source_only
2025-08-20 02:00:00+08,TPE_AIRPORT,113,42,,,33,,,source_only_no_observed_trip,,,-71,false,monitor_source_only
2025-08-20 02:00:00+08,XIMENDING,183,117,1,1,1,0,9.0,observed,1.0,0.0,-66,false,monitor
2025-08-20 03:00:00+08,TAIPEI_101,138,129,1,1,0,1,,observed,1.0,1.0,-9,false,monitor
2025-08-20 03:00:00+08,TAIPEI_MAIN,139,142,,,102,,,source_only_no_observed_trip,,,3,false,monitor_source_only
2025-08-20 03:00:00+08,TPE_AIRPORT,86,78,,,68,,,source_only_no_observed_trip,,,-8,false,monitor_source_only
2025-08-20 03:00:00+08,XIMENDING,164,109,1,1,1,0,13.0,observed,1.0,0.0,-55,false,monitor
2025-08-20 04:00:00+08,TAIPEI_101,147,143,,,103,,,source_only_no_observed_trip,,,-4,false,monitor_source_only
2025-08-20 04:00:00+08,TAIPEI_MAIN,179,113,,,85,,,source_only_no_observed_trip,,,-66,false,monitor_source_only
2025-08-20 04:00:00+08,TPE_AIRPORT,128,71,,,58,,,source_only_no_observed_trip,,,-57,false,monitor_source_only
2025-08-20 04:00:00+08,XIMENDING,179,110,2,2,2,0,14.4,observed,1.0,0.0,-69,false,monitor
2025-08-20 05:00:00+08,TAIPEI_101,137,195,,,148,,,source_only_no_observed_trip,,,58,false,monitor_source_only
2025-08-20 05:00:00+08,TAIPEI_MAIN,111,191,2,2,1,1,9.0,observed,1.0,0.5,80,false,increase_supply_or_pause_send
2025-08-20 05:00:00+08,TPE_AIRPORT,79,91,,,73,,,source_only_no_observed_trip,,,12,false,monitor_source_only
2025-08-20 05:00:00+08,XIMENDING,131,187,,,157,,,source_only_no_observed_trip,,,56,false,monitor_source_only
2025-08-20 06:00:00+08,TAIPEI_101,152,181,1,1,1,0,16.0,observed,1.0,0.0,29,false,increase_supply_or_pause_send
2025-08-20 06:00:00+08,TAIPEI_MAIN,135,168,1,1,1,0,17.0,observed,1.0,0.0,33,false,increase_supply_or_pause_send
2025-08-20 06:00:00+08,TPE_AIRPORT,104,159,,,142,,,source_only_no_observed_trip,,,55,false,monitor_source_only
2025-08-20 06:00:00+08,XIMENDING,143,177,,,146,,,source_only_no_observed_trip,,,34,false,monitor_source_only
2025-08-20 07:00:00+08,TAIPEI_101,143,193,1,1,1,0,9.0,observed,1.0,0.0,50,false,increase_supply_or_pause_send
2025-08-20 07:00:00+08,TAIPEI_MAIN,131,202,,,173,,,source_only_no_observed_trip,,,71,false,monitor_source_only
2025-08-20 07:00:00+08,TPE_AIRPORT,67,105,1,1,1,0,7.0,observed,1.0,0.0,38,false,increase_supply_or_pause_send
2025-08-20 07:00:00+08,XIMENDING,152,182,1,1,1,0,14.0,observed,1.0,0.0,30,false,increase_supply_or_pause_send
2025-08-20 08:00:00+08,TAIPEI_101,166,221,2,2,2,0,18.5,observed,1.0,0.0,55,false,increase_supply_or_pause_send
2025-08-20 08:00:00+08,TAIPEI_MAIN,137,208,,,182,,,source_only_no_observed_trip,,,71,false,monitor_source_only
2025-08-20 08:00:00+08,TPE_AIRPORT,85,116,1,1,1,0,21.0,observed,1.0,0.0,31,false,increase_supply_or_pause_send
2025-08-20 08:00:00+08,XIMENDING,145,176,,,144,,,source_only_no_observed_trip,,,31,false,monitor_source_only
2025-08-20 09:00:00+08,TAIPEI_101,146,151,,,114,,,source_only_no_observed_trip,,,5,false,monitor_source_only
2025-08-20 09:00:00+08,TAIPEI_MAIN,172,105,1,1,1,0,14.0,observed,1.0,0.0,-67,false,monitor
2025-08-20 09:00:00+08,TPE_AIRPORT,104,114,1,1,1,0,11.0,observed,1.0,0.0,10,false,monitor
2025-08-20 09:00:00+08,XIMENDING,150,108,,,81,,,source_only_no_observed_trip,,,-42,false,monitor_source_only
2025-08-20 10:00:00+08,TAIPEI_101,184,87,1,1,1,0,13.0,observed,1.0,0.0,-97,false,monitor
2025-08-20 10:00:00+08,TAIPEI_MAIN,162,88,,,70,,,source_only_no_observed_trip,,,-74,false,monitor_source_only
2025-08-20 10:00:00+08,TPE_AIRPORT,112,64,,,55,,,source_only_no_observed_trip,,,-48,false,monitor_source_only
2025-08-20 10:00:00+08,XIMENDING,141,105,,,75,,,source_only_no_observed_trip,,,-36,false,monitor_source_only
2025-08-20 11:00:00+08,TAIPEI_101,170,117,2,2,1,1,16.0,observed,1.0,0.5,-53,false,monitor
2025-08-20 11:00:00+08,TAIPEI_MAIN,146,124,,,105,,,source_only_no_observed_trip,,,-22,false,monitor_source_only
2025-08-20 11:00:00+08,TPE_AIRPORT,103,66,,,53,,,source_only_no_observed_trip,,,-37,false,monitor_source_only
2025-08-20 11:00:00+08,XIMENDING,135,142,,,123,,,source_only_no_observed_trip,,,7,false,monitor_source_only
2025-08-20 12:00:00+08,TAIPEI_101,179,109,,,93,,,source_only_no_observed_trip,,,-70,false,monitor_source_only
2025-08-20 12:00:00+08,TAIPEI_MAIN,154,99,1,1,1,0,18.0,observed,1.0,0.0,-55,false,monitor
2025-08-20 12:00:00+08,TPE_AIRPORT,80,49,1,1,1,0,15.0,observed,1.0,0.0,-31,false,monitor
2025-08-20 12:00:00+08,XIMENDING,165,61,1,1,1,0,11.0,observed,1.0,0.0,-104,false,monitor
2025-08-20 13:00:00+08,TAIPEI_101,148,110,,,99,,,source_only_no_observed_trip,,,-38,false,monitor_source_only
2025-08-20 13:00:00+08,TAIPEI_MAIN,142,86,,,74,,,source_only_no_observed_trip,,,-56,false,monitor_source_only
2025-08-20 13:00:00+08,TPE_AIRPORT,94,125,1,1,0,1,,observed,1.0,1.0,31,false,increase_supply_or_pause_send
2025-08-20 13:00:00+08,XIMENDING,176,155,1,1,1,0,5.0,observed,1.0,0.0,-21,false,monitor
2025-08-20 14:00:00+08,TAIPEI_101,181,160,,,131,,,source_only_no_observed_trip,,,-21,false,monitor_source_only
2025-08-20 14:00:00+08,TAIPEI_MAIN,140,77,1,1,1,0,22.0,observed,1.0,0.0,-63,false,review_pickup_reliability
2025-08-20 14:00:00+08,TPE_AIRPORT,98,95,,,76,,,source_only_no_observed_trip,,,-3,false,monitor_source_only
2025-08-20 14:00:00+08,XIMENDING,157,105,,,82,,,source_only_no_observed_trip,,,-52,false,monitor_source_only
2025-08-20 15:00:00+08,TAIPEI_101,169,125,,,103,,,source_only_no_observed_trip,,,-44,false,monitor_source_only
2025-08-20 15:00:00+08,TAIPEI_MAIN,171,122,2,2,2,0,20.5,observed,1.0,0.0,-49,false,review_pickup_reliability
2025-08-20 15:00:00+08,TPE_AIRPORT,113,90,2,2,2,0,13.5,observed,1.0,0.0,-23,false,monitor
2025-08-20 15:00:00+08,XIMENDING,171,90,1,1,1,0,16.0,observed,1.0,0.0,-81,false,monitor
2025-08-20 16:00:00+08,TAIPEI_101,163,157,1,1,1,0,15.0,observed,1.0,0.0,-6,false,monitor
2025-08-20 16:00:00+08,TAIPEI_MAIN,151,92,1,0,0,1,,observed,0.0,1.0,-59,false,monitor
2025-08-20 16:00:00+08,TPE_AIRPORT,111,65,1,1,1,0,22.0,observed,1.0,0.0,-46,false,review_pickup_reliability
2025-08-20 16:00:00+08,XIMENDING,172,144,,,109,,,source_only_no_observed_trip,,,-28,false,monitor_source_only
2025-08-20 17:00:00+08,TAIPEI_101,144,110,2,2,2,0,20.3,observed,1.0,0.0,-34,false,review_pickup_reliability
2025-08-20 17:00:00+08,TAIPEI_MAIN,169,128,1,0,0,1,,observed,0.0,1.0,-41,false,monitor
2025-08-20 17:00:00+08,TPE_AIRPORT,82,108,1,1,1,0,22.0,observed,1.0,0.0,26,false,increase_supply_or_pause_send
2025-08-20 17:00:00+08,XIMENDING,155,110,2,2,1,1,22.0,observed,1.0,0.5,-45,false,review_pickup_reliability
2025-08-20 18:00:00+08,TAIPEI_101,169,94,,,69,,,source_only_no_observed_trip,,,-75,false,monitor_source_only
2025-08-20 18:00:00+08,TAIPEI_MAIN,161,106,2,2,2,0,17.299999999999997,observed,1.0,0.0,-55,false,monitor
2025-08-20 18:00:00+08,TPE_AIRPORT,74,78,2,2,2,0,23.5,observed,1.0,0.0,4,false,review_pickup_reliability
2025-08-20 18:00:00+08,XIMENDING,164,114,4,4,3,1,21.0,observed,1.0,0.25,-50,false,review_pickup_reliability
2025-08-20 19:00:00+08,TAIPEI_101,155,100,1,1,1,0,11.0,observed,1.0,0.0,-55,false,monitor
2025-08-20 19:00:00+08,TAIPEI_MAIN,176,135,,,115,,,source_only_no_observed_trip,,,-41,false,monitor_source_only
2025-08-20 19:00:00+08,TPE_AIRPORT,96,81,,,63,,,source_only_no_observed_trip,,,-15,false,monitor_source_only
2025-08-20 19:00:00+08,XIMENDING,190,93,3,2,2,1,17.4,observed,0.6666666666666666,0.3333333333333333,-97,false,monitor
2025-08-20 20:00:00+08,TAIPEI_101,122,202,,,152,,,source_only_no_observed_trip,,,80,false,monitor_source_only
2025-08-20 20:00:00+08,TAIPEI_MAIN,156,172,2,2,2,0,17.599999999999998,observed,1.0,0.0,16,false,monitor
2025-08-20 20:00:00+08,TPE_AIRPORT,80,154,1,1,1,0,18.0,observed,1.0,0.0,74,false,increase_supply_or_pause_send
2025-08-20 20:00:00+08,XIMENDING,110,199,1,1,1,0,7.0,observed,1.0,0.0,89,false,increase_supply_or_pause_send
2025-08-20 21:00:00+08,TAIPEI_101,144,162,1,1,1,0,15.0,observed,1.0,0.0,18,false,monitor
2025-08-20 21:00:00+08,TAIPEI_MAIN,116,203,,,170,,,source_only_no_observed_trip,,,87,false,monitor_source_only
2025-08-20 21:00:00+08,TPE_AIRPORT,123,128,1,0,0,1,,observed,0.0,1.0,5,false,monitor
2025-08-20 21:00:00+08,XIMENDING,101,208,,,166,,,source_only_no_observed_trip,,,107,false,monitor_source_only
2025-08-20 22:00:00+08,TAIPEI_101,134,232,,,193,,,source_only_no_observed_trip,,,98,false,monitor_source_only
2025-08-20 22:00:00+08,TAIPEI_MAIN,127,210,1,1,1,0,13.0,observed,1.0,0.0,83,false,increase_supply_or_pause_send
2025-08-20 22:00:00+08,TPE_AIRPORT,89,143,1,1,1,0,17.0,observed,1.0,0.0,54,false,increase_supply_or_pause_send
2025-08-20 22:00:00+08,XIMENDING,126,174,,,136,,,source_only_no_observed_trip,,,48,false,monitor_source_only
2025-08-20 23:00:00+08,TAIPEI_101,128,181,,,153,,,source_only_no_observed_trip,,,53,false,monitor_source_only
2025-08-20 23:00:00+08,TAIPEI_MAIN,153,180,,,142,,,source_only_no_observed_trip,,,27,false,monitor_source_only
2025-08-20 23:00:00+08,TPE_AIRPORT,64,138,,,117,,,source_only_no_observed_trip,,,74,false,monitor_source_only
2025-08-20 23:00:00+08,XIMENDING,124,220,,,190,,,source_only_no_observed_trip,,,96,false,monitor_source_only
2025-08-21 00:00:00+08,TAIPEI_101,162,121,,,99,,,source_only_no_observed_trip,,,-41,false,monitor_source_only
2025-08-21 00:00:00+08,TAIPEI_MAIN,155,94,1,1,1,0,11.0,observed,1.0,0.0,-61,false,monitor
2025-08-21 00:00:00+08,TPE_AIRPORT,127,75,1,1,1,0,16.0,observed,1.0,0.0,-52,false,monitor
2025-08-21 00:00:00+08,XIMENDING,145,80,,,61,,,source_only_no_observed_trip,,,-65,false,monitor_source_only
2025-08-21 01:00:00+08,TAIPEI_101,155,99,2,2,1,1,20.0,observed,1.0,0.5,-56,false,monitor
2025-08-21 01:00:00+08,TAIPEI_MAIN,163,120,,,102,,,source_only_no_observed_trip,,,-43,false,monitor_source_only
2025-08-21 01:00:00+08,TPE_AIRPORT,100,94,,,78,,,source_only_no_observed_trip,,,-6,false,monitor_source_only
2025-08-21 01:00:00+08,XIMENDING,146,110,,,90,,,source_only_no_observed_trip,,,-36,false,monitor_source_only
2025-08-21 02:00:00+08,TAIPEI_101,156,106,,,91,,,source_only_no_observed_trip,,,-50,false,monitor_source_only
2025-08-21 02:00:00+08,TAIPEI_MAIN,164,126,2,2,2,0,18.7,observed,1.0,0.0,-38,false,monitor
2025-08-21 02:00:00+08,TPE_AIRPORT,107,69,,,59,,,source_only_no_observed_trip,,,-38,false,monitor_source_only
2025-08-21 02:00:00+08,XIMENDING,169,91,,,82,,,source_only_no_observed_trip,,,-78,false,monitor_source_only
2025-08-21 03:00:00+08,TAIPEI_101,180,108,,,80,,,source_only_no_observed_trip,,,-72,false,monitor_source_only
2025-08-21 03:00:00+08,TAIPEI_MAIN,153,95,,,73,,,source_only_no_observed_trip,,,-58,false,monitor_source_only
2025-08-21 03:00:00+08,TPE_AIRPORT,83,64,,,50,,,source_only_no_observed_trip,,,-19,false,monitor_source_only
2025-08-21 03:00:00+08,XIMENDING,154,111,,,84,,,source_only_no_observed_trip,,,-43,false,monitor_source_only
2025-08-21 04:00:00+08,TAIPEI_101,161,114,1,1,1,0,8.0,observed,1.0,0.0,-47,false,monitor
2025-08-21 04:00:00+08,TAIPEI_MAIN,156,109,1,1,1,0,16.0,observed,1.0,0.0,-47,false,monitor
2025-08-21 04:00:00+08,TPE_AIRPORT,119,80,,,59,,,source_only_no_observed_trip,,,-39,false,monitor_source_only
2025-08-21 04:00:00+08,XIMENDING,147,131,,,98,,,source_only_no_observed_trip,,,-16,false,monitor_source_only
2025-08-21 05:00:00+08,TAIPEI_101,120,179,1,1,1,0,15.0,observed,1.0,0.0,59,false,increase_supply_or_pause_send
2025-08-21 05:00:00+08,TAIPEI_MAIN,153,233,,,184,,,source_only_no_observed_trip,,,80,false,monitor_source_only
2025-08-21 05:00:00+08,TPE_AIRPORT,59,112,,,81,,,source_only_no_observed_trip,,,53,false,monitor_source_only
2025-08-21 05:00:00+08,XIMENDING,151,191,,,163,,,source_only_no_observed_trip,,,40,false,monitor_source_only
2025-08-21 06:00:00+08,TAIPEI_101,139,157,2,2,2,0,21.5,observed,1.0,0.0,18,false,review_pickup_reliability
2025-08-21 06:00:00+08,TAIPEI_MAIN,160,205,,,171,,,source_only_no_observed_trip,,,45,false,monitor_source_only
2025-08-21 06:00:00+08,TPE_AIRPORT,107,102,,,86,,,source_only_no_observed_trip,,,-5,false,monitor_source_only
2025-08-21 06:00:00+08,XIMENDING,142,223,2,2,2,0,10.5,observed,1.0,0.0,81,false,increase_supply_or_pause_send
2025-08-21 07:00:00+08,TAIPEI_101,162,174,1,1,1,0,10.0,observed,1.0,0.0,12,false,monitor
2025-08-21 07:00:00+08,TAIPEI_MAIN,134,167,1,1,1,0,21.0,observed,1.0,0.0,33,false,increase_supply_or_pause_send
2025-08-21 07:00:00+08,TPE_AIRPORT,79,144,2,2,2,0,18.8,observed,1.0,0.0,65,false,increase_supply_or_pause_send
2025-08-21 07:00:00+08,XIMENDING,119,180,1,1,0,1,,observed,1.0,1.0,61,false,increase_supply_or_pause_send
2025-08-21 08:00:00+08,TAIPEI_101,92,184,1,1,1,0,11.0,observed,1.0,0.0,92,false,increase_supply_or_pause_send
2025-08-21 08:00:00+08,TAIPEI_MAIN,121,187,3,3,2,1,14.3,observed,1.0,0.3333333333333333,66,false,increase_supply_or_pause_send
2025-08-21 08:00:00+08,TPE_AIRPORT,99,118,1,1,1,0,12.0,observed,1.0,0.0,19,false,monitor
2025-08-21 08:00:00+08,XIMENDING,165,176,1,1,1,0,21.0,observed,1.0,0.0,11,false,review_pickup_reliability
2025-08-21 09:00:00+08,TAIPEI_101,144,99,1,1,1,0,16.0,observed,1.0,0.0,-45,false,monitor
2025-08-21 09:00:00+08,TAIPEI_MAIN,159,141,,,107,,,source_only_no_observed_trip,,,-18,false,monitor_source_only
2025-08-21 09:00:00+08,TPE_AIRPORT,120,70,,,51,,,source_only_no_observed_trip,,,-50,false,monitor_source_only
2025-08-21 09:00:00+08,XIMENDING,175,98,,,88,,,source_only_no_observed_trip,,,-77,false,monitor_source_only
2025-08-21 10:00:00+08,TAIPEI_101,145,149,2,2,2,0,15.6,observed,1.0,0.0,4,false,monitor
2025-08-21 10:00:00+08,TAIPEI_MAIN,129,117,,,98,,,source_only_no_observed_trip,,,-12,false,monitor_source_only
2025-08-21 10:00:00+08,TPE_AIRPORT,110,79,,,66,,,source_only_no_observed_trip,,,-31,false,monitor_source_only
2025-08-21 10:00:00+08,XIMENDING,180,104,1,1,1,0,16.0,observed,1.0,0.0,-76,false,monitor
2025-08-21 11:00:00+08,TAIPEI_101,153,100,4,3,3,1,14.8,observed,0.75,0.25,-53,false,monitor
2025-08-21 11:00:00+08,TAIPEI_MAIN,139,129,,,113,,,source_only_no_observed_trip,,,-10,false,monitor_source_only
2025-08-21 11:00:00+08,TPE_AIRPORT,79,72,,,56,,,source_only_no_observed_trip,,,-7,false,monitor_source_only
2025-08-21 11:00:00+08,XIMENDING,148,122,,,102,,,source_only_no_observed_trip,,,-26,false,monitor_source_only
2025-08-21 12:00:00+08,TAIPEI_101,200,78,,,68,,,source_only_no_observed_trip,,,-122,false,monitor_source_only
2025-08-21 12:00:00+08,TAIPEI_MAIN,164,125,,,95,,,source_only_no_observed_trip,,,-39,false,monitor_source_only
2025-08-21 12:00:00+08,TPE_AIRPORT,102,80,,,60,,,source_only_no_observed_trip,,,-22,false,monitor_source_only
2025-08-21 12:00:00+08,XIMENDING,167,83,,,68,,,source_only_no_observed_trip,,,-84,false,monitor_source_only
2025-08-21 13:00:00+08,TAIPEI_101,155,96,,,86,,,source_only_no_observed_trip,,,-59,false,monitor_source_only
2025-08-21 13:00:00+08,TAIPEI_MAIN,191,148,,,117,,,source_only_no_observed_trip,,,-43,false,monitor_source_only
2025-08-21 13:00:00+08,TPE_AIRPORT,69,75,1,1,1,0,18.0,observed,1.0,0.0,6,false,monitor
2025-08-21 13:00:00+08,XIMENDING,158,105,,,89,,,source_only_no_observed_trip,,,-53,false,monitor_source_only
2025-08-21 14:00:00+08,TAIPEI_101,155,123,,,96,,,source_only_no_observed_trip,,,-32,false,monitor_source_only
2025-08-21 14:00:00+08,TAIPEI_MAIN,139,118,1,1,1,0,18.0,observed,1.0,0.0,-21,false,monitor
2025-08-21 14:00:00+08,TPE_AIRPORT,74,39,1,1,1,0,7.0,observed,1.0,0.0,-35,false,monitor
2025-08-21 14:00:00+08,XIMENDING,142,123,3,3,3,0,15.8,observed,1.0,0.0,-19,false,monitor
2025-08-21 15:00:00+08,TAIPEI_101,163,136,1,1,1,0,16.0,observed,1.0,0.0,-27,false,monitor
2025-08-21 15:00:00+08,TAIPEI_MAIN,177,111,,,84,,,source_only_no_observed_trip,,,-66,false,monitor_source_only
2025-08-21 15:00:00+08,TPE_AIRPORT,96,123,1,1,0,1,,observed,1.0,1.0,27,false,increase_supply_or_pause_send
2025-08-21 15:00:00+08,XIMENDING,192,87,1,1,1,0,12.0,observed,1.0,0.0,-105,false,monitor
2025-08-21 16:00:00+08,TAIPEI_101,150,115,1,1,1,0,11.0,observed,1.0,0.0,-35,false,monitor
2025-08-21 16:00:00+08,TAIPEI_MAIN,161,92,1,1,1,0,14.0,observed,1.0,0.0,-69,false,monitor
2025-08-21 16:00:00+08,TPE_AIRPORT,80,59,,,51,,,source_only_no_observed_trip,,,-21,false,monitor_source_only
2025-08-21 16:00:00+08,XIMENDING,155,129,,,93,,,source_only_no_observed_trip,,,-26,false,monitor_source_only
2025-08-21 17:00:00+08,TAIPEI_101,153,86,1,1,1,0,12.0,observed,1.0,0.0,-67,false,monitor
2025-08-21 17:00:00+08,TAIPEI_MAIN,160,60,1,1,1,0,20.0,observed,1.0,0.0,-100,false,monitor
2025-08-21 17:00:00+08,TPE_AIRPORT,76,101,,,88,,,source_only_no_observed_trip,,,25,false,monitor_source_only
2025-08-21 17:00:00+08,XIMENDING,190,83,,,74,,,source_only_no_observed_trip,,,-107,false,monitor_source_only
2025-08-21 18:00:00+08,TAIPEI_101,160,141,2,2,2,0,12.200000000000001,observed,1.0,0.0,-19,false,monitor
2025-08-21 18:00:00+08,TAIPEI_MAIN,129,130,,,98,,,source_only_no_observed_trip,,,1,false,monitor_source_only
2025-08-21 18:00:00+08,TPE_AIRPORT,114,59,,,48,,,source_only_no_observed_trip,,,-55,false,monitor_source_only
2025-08-21 18:00:00+08,XIMENDING,151,126,1,1,0,1,,observed,1.0,1.0,-25,false,monitor
2025-08-21 19:00:00+08,TAIPEI_101,173,147,,,118,,,source_only_no_observed_trip,,,-26,false,monitor_source_only
2025-08-21 19:00:00+08,TAIPEI_MAIN,131,78,4,4,2,2,7.0,observed,1.0,0.5,-53,false,monitor
2025-08-21 19:00:00+08,TPE_AIRPORT,149,69,1,1,1,0,21.0,observed,1.0,0.0,-80,false,review_pickup_reliability
2025-08-21 19:00:00+08,XIMENDING,159,122,2,1,1,1,11.0,observed,0.5,0.5,-37,false,monitor
2025-08-21 20:00:00+08,TAIPEI_101,144,209,3,1,1,2,15.0,observed,0.3333333333333333,0.6666666666666666,65,false,increase_supply_or_pause_send
2025-08-21 20:00:00+08,TAIPEI_MAIN,178,189,,,169,,,source_only_no_observed_trip,,,11,false,monitor_source_only
2025-08-21 20:00:00+08,TPE_AIRPORT,73,131,2,2,2,0,13.7,observed,1.0,0.0,58,false,increase_supply_or_pause_send
2025-08-21 20:00:00+08,XIMENDING,142,226,1,1,1,0,16.0,observed,1.0,0.0,84,false,increase_supply_or_pause_send
2025-08-21 21:00:00+08,TAIPEI_101,87,196,,,150,,,source_only_no_observed_trip,,,109,false,monitor_source_only
2025-08-21 21:00:00+08,TAIPEI_MAIN,133,174,1,1,1,0,22.0,observed,1.0,0.0,41,false,increase_supply_or_pause_send
2025-08-21 21:00:00+08,TPE_AIRPORT,97,126,,,102,,,source_only_no_observed_trip,,,29,false,monitor_source_only
2025-08-21 21:00:00+08,XIMENDING,134,176,,,137,,,source_only_no_observed_trip,,,42,false,monitor_source_only
2025-08-21 22:00:00+08,TAIPEI_101,115,182,1,1,1,0,11.0,observed,1.0,0.0,67,false,increase_supply_or_pause_send
2025-08-21 22:00:00+08,TAIPEI_MAIN,130,146,1,1,1,0,22.0,observed,1.0,0.0,16,false,review_pickup_reliability
2025-08-21 22:00:00+08,TPE_AIRPORT,117,98,,,82,,,source_only_no_observed_trip,,,-19,false,monitor_source_only
2025-08-21 22:00:00+08,XIMENDING,148,221,1,1,1,0,7.0,observed,1.0,0.0,73,false,increase_supply_or_pause_send
2025-08-21 23:00:00+08,TAIPEI_101,148,189,,,163,,,source_only_no_observed_trip,,,41,false,monitor_source_only
2025-08-21 23:00:00+08,TAIPEI_MAIN,120,193,1,0,0,1,,observed,0.0,1.0,73,false,increase_supply_or_pause_send
2025-08-21 23:00:00+08,TPE_AIRPORT,138,149,1,0,0,1,,observed,0.0,1.0,11,false,monitor
2025-08-21 23:00:00+08,XIMENDING,118,197,,,176,,,source_only_no_observed_trip,,,79,false,monitor_source_only
2025-08-22 00:00:00+08,TAIPEI_101,177,87,,,78,,,source_only_no_observed_trip,,,-90,false,monitor_source_only
2025-08-22 00:00:00+08,TAIPEI_MAIN,156,111,1,1,1,0,21.0,observed,1.0,0.0,-45,false,review_pickup_reliability
2025-08-22 00:00:00+08,TPE_AIRPORT,124,106,1,0,0,1,,observed,0.0,1.0,-18,false,monitor
2025-08-22 00:00:00+08,XIMENDING,174,142,1,1,1,0,11.0,observed,1.0,0.0,-32,false,monitor
2025-08-22 01:00:00+08,TAIPEI_101,134,73,,,58,,,source_only_no_observed_trip,,,-61,false,monitor_source_only
2025-08-22 01:00:00+08,TAIPEI_MAIN,150,131,,,95,,,source_only_no_observed_trip,,,-19,false,monitor_source_only
2025-08-22 01:00:00+08,TPE_AIRPORT,157,66,,,52,,,source_only_no_observed_trip,,,-91,false,monitor_source_only
2025-08-22 01:00:00+08,XIMENDING,159,156,,,118,,,source_only_no_observed_trip,,,-3,false,monitor_source_only
2025-08-22 02:00:00+08,TAIPEI_101,162,150,,,113,,,source_only_no_observed_trip,,,-12,false,monitor_source_only
2025-08-22 02:00:00+08,TAIPEI_MAIN,171,159,,,130,,,source_only_no_observed_trip,,,-12,false,monitor_source_only
2025-08-22 02:00:00+08,TPE_AIRPORT,102,54,,,40,,,source_only_no_observed_trip,,,-48,false,monitor_source_only
2025-08-22 02:00:00+08,XIMENDING,168,75,1,1,1,0,15.0,observed,1.0,0.0,-93,false,monitor
2025-08-22 03:00:00+08,TAIPEI_101,143,128,1,1,1,0,20.0,observed,1.0,0.0,-15,false,monitor
2025-08-22 03:00:00+08,TAIPEI_MAIN,150,133,,,97,,,source_only_no_observed_trip,,,-17,false,monitor_source_only
2025-08-22 03:00:00+08,TPE_AIRPORT,100,84,,,71,,,source_only_no_observed_trip,,,-16,false,monitor_source_only
2025-08-22 03:00:00+08,XIMENDING,163,100,,,74,,,source_only_no_observed_trip,,,-63,false,monitor_source_only
2025-08-22 04:00:00+08,TAIPEI_101,152,127,,,107,,,source_only_no_observed_trip,,,-25,false,monitor_source_only
2025-08-22 04:00:00+08,TAIPEI_MAIN,178,102,1,1,1,0,17.0,observed,1.0,0.0,-76,false,monitor
2025-08-22 04:00:00+08,TPE_AIRPORT,111,67,,,59,,,source_only_no_observed_trip,,,-44,false,monitor_source_only
2025-08-22 04:00:00+08,XIMENDING,165,120,1,1,1,0,11.0,observed,1.0,0.0,-45,false,monitor
2025-08-22 05:00:00+08,TAIPEI_101,134,198,,,178,,,source_only_no_observed_trip,,,64,false,monitor_source_only
2025-08-22 05:00:00+08,TAIPEI_MAIN,131,164,,,128,,,source_only_no_observed_trip,,,33,false,monitor_source_only
2025-08-22 05:00:00+08,TPE_AIRPORT,105,139,,,118,,,source_only_no_observed_trip,,,34,false,monitor_source_only
2025-08-22 05:00:00+08,XIMENDING,144,215,,,185,,,source_only_no_observed_trip,,,71,false,monitor_source_only
2025-08-22 06:00:00+08,TAIPEI_101,122,153,,,126,,,source_only_no_observed_trip,,,31,false,monitor_source_only
2025-08-22 06:00:00+08,TAIPEI_MAIN,156,174,2,2,1,1,15.0,observed,1.0,0.5,18,false,monitor
2025-08-22 06:00:00+08,TPE_AIRPORT,92,139,2,2,2,0,10.9,observed,1.0,0.0,47,false,increase_supply_or_pause_send
2025-08-22 06:00:00+08,XIMENDING,95,155,,,121,,,source_only_no_observed_trip,,,60,false,monitor_source_only
2025-08-22 07:00:00+08,TAIPEI_101,135,164,2,2,2,0,19.4,observed,1.0,0.0,29,false,increase_supply_or_pause_send
2025-08-22 07:00:00+08,TAIPEI_MAIN,148,172,3,3,2,1,18.0,observed,1.0,0.3333333333333333,24,false,increase_supply_or_pause_send
2025-08-22 07:00:00+08,TPE_AIRPORT,125,104,2,2,2,0,7.9,observed,1.0,0.0,-21,false,monitor
2025-08-22 07:00:00+08,XIMENDING,152,178,,,143,,,source_only_no_observed_trip,,,26,false,monitor_source_only
2025-08-22 08:00:00+08,TAIPEI_101,125,169,1,1,1,0,14.0,observed,1.0,0.0,44,false,increase_supply_or_pause_send
2025-08-22 08:00:00+08,TAIPEI_MAIN,136,172,,,132,,,source_only_no_observed_trip,,,36,false,monitor_source_only
2025-08-22 08:00:00+08,TPE_AIRPORT,86,152,,,130,,,source_only_no_observed_trip,,,66,false,monitor_source_only
2025-08-22 08:00:00+08,XIMENDING,152,158,1,1,1,0,11.0,observed,1.0,0.0,6,false,monitor
2025-08-22 09:00:00+08,TAIPEI_101,179,140,1,0,0,1,,observed,0.0,1.0,-39,false,monitor
2025-08-22 09:00:00+08,TAIPEI_MAIN,152,97,,,83,,,source_only_no_observed_trip,,,-55,false,monitor_source_only
2025-08-22 09:00:00+08,TPE_AIRPORT,112,100,1,1,1,0,17.0,observed,1.0,0.0,-12,false,monitor
2025-08-22 09:00:00+08,XIMENDING,141,149,1,1,1,0,9.0,observed,1.0,0.0,8,false,monitor
2025-08-22 10:00:00+08,TAIPEI_101,185,113,1,1,1,0,12.0,observed,1.0,0.0,-72,false,monitor
2025-08-22 10:00:00+08,TAIPEI_MAIN,174,127,,,110,,,source_only_no_observed_trip,,,-47,false,monitor_source_only
2025-08-22 10:00:00+08,TPE_AIRPORT,109,78,1,1,1,0,21.0,observed,1.0,0.0,-31,false,review_pickup_reliability
2025-08-22 10:00:00+08,XIMENDING,155,123,,,106,,,source_only_no_observed_trip,,,-32,false,monitor_source_only
2025-08-22 11:00:00+08,TAIPEI_101,182,85,1,1,1,0,18.0,observed,1.0,0.0,-97,false,monitor
2025-08-22 11:00:00+08,TAIPEI_MAIN,134,99,1,1,1,0,15.0,observed,1.0,0.0,-35,false,monitor
2025-08-22 11:00:00+08,TPE_AIRPORT,137,85,,,70,,,source_only_no_observed_trip,,,-52,false,monitor_source_only
2025-08-22 11:00:00+08,XIMENDING,175,157,3,3,3,0,17.6,observed,1.0,0.0,-18,false,monitor
2025-08-22 12:00:00+08,TAIPEI_101,166,125,,,100,,,source_only_no_observed_trip,,,-41,false,monitor_source_only
2025-08-22 12:00:00+08,TAIPEI_MAIN,158,76,,,67,,,source_only_no_observed_trip,,,-82,false,monitor_source_only
2025-08-22 12:00:00+08,TPE_AIRPORT,84,53,,,43,,,source_only_no_observed_trip,,,-31,false,monitor_source_only
2025-08-22 12:00:00+08,XIMENDING,132,128,,,102,,,source_only_no_observed_trip,,,-4,false,monitor_source_only
2025-08-22 13:00:00+08,TAIPEI_101,156,88,,,75,,,source_only_no_observed_trip,,,-68,false,monitor_source_only
2025-08-22 13:00:00+08,TAIPEI_MAIN,146,129,,,112,,,source_only_no_observed_trip,,,-17,false,monitor_source_only
2025-08-22 13:00:00+08,TPE_AIRPORT,117,80,2,1,1,1,18.0,observed,0.5,0.5,-37,false,monitor
2025-08-22 13:00:00+08,XIMENDING,164,66,,,54,,,source_only_no_observed_trip,,,-98,false,monitor_source_only
2025-08-22 14:00:00+08,TAIPEI_101,162,134,,,108,,,source_only_no_observed_trip,,,-28,false,monitor_source_only
2025-08-22 14:00:00+08,TAIPEI_MAIN,137,113,,,90,,,source_only_no_observed_trip,,,-24,false,monitor_source_only
2025-08-22 14:00:00+08,TPE_AIRPORT,113,94,,,72,,,source_only_no_observed_trip,,,-19,false,monitor_source_only
2025-08-22 14:00:00+08,XIMENDING,141,112,1,1,1,0,17.0,observed,1.0,0.0,-29,false,monitor
2025-08-22 15:00:00+08,TAIPEI_101,187,96,,,84,,,source_only_no_observed_trip,,,-91,false,monitor_source_only
2025-08-22 15:00:00+08,TAIPEI_MAIN,202,103,,,77,,,source_only_no_observed_trip,,,-99,false,monitor_source_only
2025-08-22 15:00:00+08,TPE_AIRPORT,107,78,1,1,1,0,21.0,observed,1.0,0.0,-29,false,review_pickup_reliability
2025-08-22 15:00:00+08,XIMENDING,126,148,,,107,,,source_only_no_observed_trip,,,22,false,monitor_source_only
2025-08-22 16:00:00+08,TAIPEI_101,162,157,,,123,,,source_only_no_observed_trip,,,-5,false,monitor_source_only
2025-08-22 16:00:00+08,TAIPEI_MAIN,180,130,,,115,,,source_only_no_observed_trip,,,-50,false,monitor_source_only
2025-08-22 16:00:00+08,TPE_AIRPORT,85,82,2,2,2,0,19.9,observed,1.0,0.0,-3,false,monitor
2025-08-22 16:00:00+08,XIMENDING,177,157,1,1,1,0,15.0,observed,1.0,0.0,-20,false,monitor
2025-08-22 17:00:00+08,TAIPEI_101,176,139,1,1,0,1,,observed,1.0,1.0,-37,false,monitor
2025-08-22 17:00:00+08,TAIPEI_MAIN,152,141,2,2,2,0,18.0,observed,1.0,0.0,-11,false,monitor
2025-08-22 17:00:00+08,TPE_AIRPORT,129,62,1,1,1,0,14.0,observed,1.0,0.0,-67,false,monitor
2025-08-22 17:00:00+08,XIMENDING,161,137,1,1,1,0,12.0,observed,1.0,0.0,-24,false,monitor
2025-08-22 18:00:00+08,TAIPEI_101,170,157,1,1,1,0,18.0,observed,1.0,0.0,-13,false,monitor
2025-08-22 18:00:00+08,TAIPEI_MAIN,136,128,,,116,,,source_only_no_observed_trip,,,-8,false,monitor_source_only
2025-08-22 18:00:00+08,TPE_AIRPORT,145,103,3,2,2,1,19.0,observed,0.6666666666666666,0.3333333333333333,-42,false,monitor
2025-08-22 18:00:00+08,XIMENDING,118,109,,,91,,,source_only_no_observed_trip,,,-9,false,monitor_source_only
2025-08-22 19:00:00+08,TAIPEI_101,155,127,,,100,,,source_only_no_observed_trip,,,-28,false,monitor_source_only
2025-08-22 19:00:00+08,TAIPEI_MAIN,148,130,,,104,,,source_only_no_observed_trip,,,-18,false,monitor_source_only
2025-08-22 19:00:00+08,TPE_AIRPORT,125,87,1,1,1,0,21.0,observed,1.0,0.0,-38,false,review_pickup_reliability
2025-08-22 19:00:00+08,XIMENDING,203,141,,,119,,,source_only_no_observed_trip,,,-62,false,monitor_source_only
2025-08-22 20:00:00+08,TAIPEI_101,139,182,2,2,2,0,19.8,observed,1.0,0.0,43,false,increase_supply_or_pause_send
2025-08-22 20:00:00+08,TAIPEI_MAIN,186,181,2,2,2,0,14.8,observed,1.0,0.0,-5,false,monitor
2025-08-22 20:00:00+08,TPE_AIRPORT,110,142,,,107,,,source_only_no_observed_trip,,,32,false,monitor_source_only
2025-08-22 20:00:00+08,XIMENDING,156,151,4,4,4,0,20.1,observed,1.0,0.0,-5,false,review_pickup_reliability
2025-08-22 21:00:00+08,TAIPEI_101,150,196,,,167,,,source_only_no_observed_trip,,,46,false,monitor_source_only
2025-08-22 21:00:00+08,TAIPEI_MAIN,137,182,1,1,1,0,20.0,observed,1.0,0.0,45,false,increase_supply_or_pause_send
2025-08-22 21:00:00+08,TPE_AIRPORT,59,126,1,1,0,1,,observed,1.0,1.0,67,false,increase_supply_or_pause_send
2025-08-22 21:00:00+08,XIMENDING,144,192,,,139,,,source_only_no_observed_trip,,,48,false,monitor_source_only
2025-08-22 22:00:00+08,TAIPEI_101,131,209,1,1,1,0,14.0,observed,1.0,0.0,78,false,increase_supply_or_pause_send
2025-08-22 22:00:00+08,TAIPEI_MAIN,147,209,,,156,,,source_only_no_observed_trip,,,62,false,monitor_source_only
2025-08-22 22:00:00+08,TPE_AIRPORT,91,108,,,85,,,source_only_no_observed_trip,,,17,false,monitor_source_only
2025-08-22 22:00:00+08,XIMENDING,144,217,1,1,1,0,18.0,observed,1.0,0.0,73,false,increase_supply_or_pause_send
2025-08-22 23:00:00+08,TAIPEI_101,137,136,,,111,,,source_only_no_observed_trip,,,-1,false,monitor_source_only
2025-08-22 23:00:00+08,TAIPEI_MAIN,134,180,1,1,0,1,,observed,1.0,1.0,46,false,increase_supply_or_pause_send
2025-08-22 23:00:00+08,TPE_AIRPORT,75,135,,,98,,,source_only_no_observed_trip,,,60,false,monitor_source_only
2025-08-22 23:00:00+08,XIMENDING,168,178,,,151,,,source_only_no_observed_trip,,,10,false,monitor_source_only
2025-08-23 00:00:00+08,TAIPEI_101,157,106,1,1,1,0,17.0,observed,1.0,0.0,-51,false,monitor
2025-08-23 00:00:00+08,TAIPEI_MAIN,132,129,,,101,,,source_only_no_observed_trip,,,-3,false,monitor_source_only
2025-08-23 00:00:00+08,TPE_AIRPORT,109,85,,,69,,,source_only_no_observed_trip,,,-24,false,monitor_source_only
2025-08-23 00:00:00+08,XIMENDING,117,125,,,95,,,source_only_no_observed_trip,,,8,false,monitor_source_only
2025-08-23 01:00:00+08,TAIPEI_101,147,98,,,84,,,source_only_no_observed_trip,,,-49,false,monitor_source_only
2025-08-23 01:00:00+08,TAIPEI_MAIN,153,128,,,95,,,source_only_no_observed_trip,,,-25,false,monitor_source_only
2025-08-23 01:00:00+08,TPE_AIRPORT,111,74,,,61,,,source_only_no_observed_trip,,,-37,false,monitor_source_only
2025-08-23 01:00:00+08,XIMENDING,149,76,,,67,,,source_only_no_observed_trip,,,-73,false,monitor_source_only
2025-08-23 02:00:00+08,TAIPEI_101,167,127,1,1,1,0,20.0,observed,1.0,0.0,-40,false,monitor
2025-08-23 02:00:00+08,TAIPEI_MAIN,160,79,2,2,2,0,17.599999999999998,observed,1.0,0.0,-81,false,monitor
2025-08-23 02:00:00+08,TPE_AIRPORT,92,96,,,75,,,source_only_no_observed_trip,,,4,false,monitor_source_only
2025-08-23 02:00:00+08,XIMENDING,174,132,,,97,,,source_only_no_observed_trip,,,-42,false,monitor_source_only
2025-08-23 03:00:00+08,TAIPEI_101,159,88,1,1,1,0,15.0,observed,1.0,0.0,-71,false,monitor
2025-08-23 03:00:00+08,TAIPEI_MAIN,135,126,1,1,1,0,16.0,observed,1.0,0.0,-9,false,monitor
2025-08-23 03:00:00+08,TPE_AIRPORT,109,75,,,54,,,source_only_no_observed_trip,,,-34,false,monitor_source_only
2025-08-23 03:00:00+08,XIMENDING,124,104,,,87,,,source_only_no_observed_trip,,,-20,false,monitor_source_only
2025-08-23 04:00:00+08,TAIPEI_101,154,138,,,119,,,source_only_no_observed_trip,,,-16,false,monitor_source_only
2025-08-23 04:00:00+08,TAIPEI_MAIN,176,82,,,69,,,source_only_no_observed_trip,,,-94,false,monitor_source_only
2025-08-23 04:00:00+08,TPE_AIRPORT,100,87,,,77,,,source_only_no_observed_trip,,,-13,false,monitor_source_only
2025-08-23 04:00:00+08,XIMENDING,202,132,1,1,1,0,13.0,observed,1.0,0.0,-70,false,monitor
2025-08-23 05:00:00+08,TAIPEI_101,143,205,1,1,1,0,18.0,observed,1.0,0.0,62,false,increase_supply_or_pause_send
2025-08-23 05:00:00+08,TAIPEI_MAIN,154,179,,,136,,,source_only_no_observed_trip,,,25,false,monitor_source_only
2025-08-23 05:00:00+08,TPE_AIRPORT,84,105,1,1,1,0,21.0,observed,1.0,0.0,21,false,increase_supply_or_pause_send
2025-08-23 05:00:00+08,XIMENDING,111,166,,,119,,,source_only_no_observed_trip,,,55,false,monitor_source_only
2025-08-23 06:00:00+08,TAIPEI_101,139,173,,,124,,,source_only_no_observed_trip,,,34,false,monitor_source_only
2025-08-23 06:00:00+08,TAIPEI_MAIN,119,189,,,154,,,source_only_no_observed_trip,,,70,false,monitor_source_only
2025-08-23 06:00:00+08,TPE_AIRPORT,76,123,,,90,,,source_only_no_observed_trip,,,47,false,monitor_source_only
2025-08-23 06:00:00+08,XIMENDING,139,169,1,1,1,0,18.0,observed,1.0,0.0,30,false,increase_supply_or_pause_send
2025-08-23 07:00:00+08,TAIPEI_101,119,166,2,2,2,0,16.0,observed,1.0,0.0,47,false,increase_supply_or_pause_send
2025-08-23 07:00:00+08,TAIPEI_MAIN,130,217,2,1,1,1,10.0,observed,0.5,0.5,87,false,increase_supply_or_pause_send
2025-08-23 07:00:00+08,TPE_AIRPORT,113,162,3,2,2,1,20.400000000000002,observed,0.6666666666666666,0.3333333333333333,49,false,increase_supply_or_pause_send
2025-08-23 07:00:00+08,XIMENDING,145,207,3,3,3,0,16.8,observed,1.0,0.0,62,false,increase_supply_or_pause_send
2025-08-23 08:00:00+08,TAIPEI_101,144,208,2,2,2,0,16.2,observed,1.0,0.0,64,false,increase_supply_or_pause_send
2025-08-23 08:00:00+08,TAIPEI_MAIN,133,179,2,2,2,0,16.7,observed,1.0,0.0,46,false,increase_supply_or_pause_send
2025-08-23 08:00:00+08,TPE_AIRPORT,96,131,,,105,,,source_only_no_observed_trip,,,35,false,monitor_source_only
2025-08-23 08:00:00+08,XIMENDING,135,167,,,133,,,source_only_no_observed_trip,,,32,false,monitor_source_only
2025-08-23 09:00:00+08,TAIPEI_101,133,96,1,1,1,0,15.0,observed,1.0,0.0,-37,false,monitor
2025-08-23 09:00:00+08,TAIPEI_MAIN,150,72,1,1,0,1,,observed,1.0,1.0,-78,false,monitor
2025-08-23 09:00:00+08,TPE_AIRPORT,109,66,,,58,,,source_only_no_observed_trip,,,-43,false,monitor_source_only
2025-08-23 09:00:00+08,XIMENDING,169,145,2,1,1,1,11.0,observed,0.5,0.5,-24,false,monitor
2025-08-23 10:00:00+08,TAIPEI_101,166,92,,,76,,,source_only_no_observed_trip,,,-74,false,monitor_source_only
2025-08-23 10:00:00+08,TAIPEI_MAIN,156,95,,,78,,,source_only_no_observed_trip,,,-61,false,monitor_source_only
2025-08-23 10:00:00+08,TPE_AIRPORT,122,80,2,2,2,0,19.2,observed,1.0,0.0,-42,false,monitor
2025-08-23 10:00:00+08,XIMENDING,171,104,2,2,2,0,18.1,observed,1.0,0.0,-67,false,monitor
2025-08-23 11:00:00+08,TAIPEI_101,168,128,2,2,2,0,13.7,observed,1.0,0.0,-40,false,monitor
2025-08-23 11:00:00+08,TAIPEI_MAIN,147,116,1,0,0,1,,observed,0.0,1.0,-31,false,monitor
2025-08-23 11:00:00+08,TPE_AIRPORT,96,82,1,1,1,0,13.0,observed,1.0,0.0,-14,false,monitor
2025-08-23 11:00:00+08,XIMENDING,171,94,,,84,,,source_only_no_observed_trip,,,-77,false,monitor_source_only
2025-08-23 12:00:00+08,TAIPEI_101,164,142,,,117,,,source_only_no_observed_trip,,,-22,false,monitor_source_only
2025-08-23 12:00:00+08,TAIPEI_MAIN,161,126,,,98,,,source_only_no_observed_trip,,,-35,false,monitor_source_only
2025-08-23 12:00:00+08,TPE_AIRPORT,123,65,,,57,,,source_only_no_observed_trip,,,-58,false,monitor_source_only
2025-08-23 12:00:00+08,XIMENDING,166,121,1,1,1,0,19.0,observed,1.0,0.0,-45,false,monitor
2025-08-23 13:00:00+08,TAIPEI_101,166,128,,,113,,,source_only_no_observed_trip,,,-38,false,monitor_source_only
2025-08-23 13:00:00+08,TAIPEI_MAIN,139,128,1,1,1,0,15.0,observed,1.0,0.0,-11,false,monitor
2025-08-23 13:00:00+08,TPE_AIRPORT,134,109,1,1,1,0,11.0,observed,1.0,0.0,-25,false,monitor
2025-08-23 13:00:00+08,XIMENDING,157,112,2,2,2,0,13.0,observed,1.0,0.0,-45,false,monitor
2025-08-23 14:00:00+08,TAIPEI_101,169,108,1,1,1,0,13.0,observed,1.0,0.0,-61,false,monitor
2025-08-23 14:00:00+08,TAIPEI_MAIN,163,104,1,1,1,0,9.0,observed,1.0,0.0,-59,false,monitor
2025-08-23 14:00:00+08,TPE_AIRPORT,104,81,1,1,1,0,19.0,observed,1.0,0.0,-23,false,monitor
2025-08-23 14:00:00+08,XIMENDING,167,104,1,1,1,0,12.0,observed,1.0,0.0,-63,false,monitor
2025-08-23 15:00:00+08,TAIPEI_101,149,121,1,1,0,1,,observed,1.0,1.0,-28,false,monitor
2025-08-23 15:00:00+08,TAIPEI_MAIN,152,103,,,88,,,source_only_no_observed_trip,,,-49,false,monitor_source_only
2025-08-23 15:00:00+08,TPE_AIRPORT,100,49,,,36,,,source_only_no_observed_trip,,,-51,false,monitor_source_only
2025-08-23 15:00:00+08,XIMENDING,151,121,,,88,,,source_only_no_observed_trip,,,-30,false,monitor_source_only
2025-08-23 16:00:00+08,TAIPEI_101,137,103,1,1,1,0,15.0,observed,1.0,0.0,-34,false,monitor
2025-08-23 16:00:00+08,TAIPEI_MAIN,157,110,1,1,1,0,16.0,observed,1.0,0.0,-47,false,monitor
2025-08-23 16:00:00+08,TPE_AIRPORT,125,29,,,25,,,source_only_no_observed_trip,,,-96,false,monitor_source_only
2025-08-23 16:00:00+08,XIMENDING,171,103,,,93,,,source_only_no_observed_trip,,,-68,false,monitor_source_only
2025-08-23 17:00:00+08,TAIPEI_101,147,130,,,97,,,source_only_no_observed_trip,,,-17,false,monitor_source_only
2025-08-23 17:00:00+08,TAIPEI_MAIN,115,146,1,1,1,0,18.0,observed,1.0,0.0,31,false,increase_supply_or_pause_send
2025-08-23 17:00:00+08,TPE_AIRPORT,114,110,1,1,1,0,12.0,observed,1.0,0.0,-4,false,monitor
2025-08-23 17:00:00+08,XIMENDING,140,99,2,2,2,0,21.2,observed,1.0,0.0,-41,false,review_pickup_reliability
2025-08-23 18:00:00+08,TAIPEI_101,145,115,1,0,0,1,,observed,0.0,1.0,-30,false,monitor
2025-08-23 18:00:00+08,TAIPEI_MAIN,172,142,1,1,1,0,13.0,observed,1.0,0.0,-30,false,monitor
2025-08-23 18:00:00+08,TPE_AIRPORT,112,91,1,1,1,0,11.0,observed,1.0,0.0,-21,false,monitor
2025-08-23 18:00:00+08,XIMENDING,128,103,1,1,1,0,18.0,observed,1.0,0.0,-25,false,monitor
2025-08-23 19:00:00+08,TAIPEI_101,122,96,,,69,,,source_only_no_observed_trip,,,-26,false,monitor_source_only
2025-08-23 19:00:00+08,TAIPEI_MAIN,162,107,1,1,1,0,21.0,observed,1.0,0.0,-55,false,review_pickup_reliability
2025-08-23 19:00:00+08,TPE_AIRPORT,97,83,1,1,1,0,17.0,observed,1.0,0.0,-14,false,monitor
2025-08-23 19:00:00+08,XIMENDING,159,135,1,1,1,0,16.0,observed,1.0,0.0,-24,false,monitor
2025-08-23 20:00:00+08,TAIPEI_101,137,148,1,1,0,1,,observed,1.0,1.0,11,false,monitor
2025-08-23 20:00:00+08,TAIPEI_MAIN,125,161,,,143,,,source_only_no_observed_trip,,,36,false,monitor_source_only
2025-08-23 20:00:00+08,TPE_AIRPORT,47,145,,,107,,,source_only_no_observed_trip,,,98,false,monitor_source_only
2025-08-23 20:00:00+08,XIMENDING,116,230,1,1,1,0,13.0,observed,1.0,0.0,114,false,increase_supply_or_pause_send
2025-08-23 21:00:00+08,TAIPEI_101,153,164,,,145,,,source_only_no_observed_trip,,,11,false,monitor_source_only
2025-08-23 21:00:00+08,TAIPEI_MAIN,137,165,,,145,,,source_only_no_observed_trip,,,28,false,monitor_source_only
2025-08-23 21:00:00+08,TPE_AIRPORT,65,150,,,131,,,source_only_no_observed_trip,,,85,false,monitor_source_only
2025-08-23 21:00:00+08,XIMENDING,140,181,,,161,,,source_only_no_observed_trip,,,41,false,monitor_source_only
2025-08-23 22:00:00+08,TAIPEI_101,146,156,,,117,,,source_only_no_observed_trip,,,10,false,monitor_source_only
2025-08-23 22:00:00+08,TAIPEI_MAIN,142,190,,,159,,,source_only_no_observed_trip,,,48,false,monitor_source_only
2025-08-23 22:00:00+08,TPE_AIRPORT,99,111,2,2,2,0,19.5,observed,1.0,0.0,12,false,monitor
2025-08-23 22:00:00+08,XIMENDING,150,205,,,168,,,source_only_no_observed_trip,,,55,false,monitor_source_only
2025-08-23 23:00:00+08,TAIPEI_101,161,217,2,2,2,0,18.8,observed,1.0,0.0,56,false,increase_supply_or_pause_send
2025-08-23 23:00:00+08,TAIPEI_MAIN,100,178,2,2,2,0,12.600000000000001,observed,1.0,0.0,78,false,increase_supply_or_pause_send
2025-08-23 23:00:00+08,TPE_AIRPORT,75,125,2,2,2,0,21.4,observed,1.0,0.0,50,false,increase_supply_or_pause_send
2025-08-23 23:00:00+08,XIMENDING,116,185,,,161,,,source_only_no_observed_trip,,,69,false,monitor_source_only
2025-08-24 00:00:00+08,TAIPEI_101,142,95,,,84,,,source_only_no_observed_trip,,,-47,false,monitor_source_only
2025-08-24 00:00:00+08,TAIPEI_MAIN,123,92,3,3,2,1,18.900000000000002,observed,1.0,0.3333333333333333,-31,false,monitor
2025-08-24 00:00:00+08,TPE_AIRPORT,104,44,,,32,,,source_only_no_observed_trip,,,-60,false,monitor_source_only
2025-08-24 00:00:00+08,XIMENDING,180,102,1,1,1,0,15.0,observed,1.0,0.0,-78,false,monitor
2025-08-24 01:00:00+08,TAIPEI_101,128,118,1,1,1,0,12.0,observed,1.0,0.0,-10,false,monitor
2025-08-24 01:00:00+08,TAIPEI_MAIN,176,84,,,70,,,source_only_no_observed_trip,,,-92,false,monitor_source_only
2025-08-24 01:00:00+08,TPE_AIRPORT,115,37,1,1,1,0,16.0,observed,1.0,0.0,-78,false,monitor
2025-08-24 01:00:00+08,XIMENDING,132,130,1,1,1,0,21.0,observed,1.0,0.0,-2,false,review_pickup_reliability
2025-08-24 02:00:00+08,TAIPEI_101,140,126,1,1,1,0,21.0,observed,1.0,0.0,-14,false,review_pickup_reliability
2025-08-24 02:00:00+08,TAIPEI_MAIN,150,149,,,133,,,source_only_no_observed_trip,,,-1,false,monitor_source_only
2025-08-24 02:00:00+08,TPE_AIRPORT,100,72,,,53,,,source_only_no_observed_trip,,,-28,false,monitor_source_only
2025-08-24 02:00:00+08,XIMENDING,180,92,,,71,,,source_only_no_observed_trip,,,-88,false,monitor_source_only
2025-08-24 03:00:00+08,TAIPEI_101,148,147,,,133,,,source_only_no_observed_trip,,,-1,false,monitor_source_only
2025-08-24 03:00:00+08,TAIPEI_MAIN,171,136,,,107,,,source_only_no_observed_trip,,,-35,false,monitor_source_only
2025-08-24 03:00:00+08,TPE_AIRPORT,125,84,1,1,1,0,13.0,observed,1.0,0.0,-41,false,monitor
2025-08-24 03:00:00+08,XIMENDING,133,109,,,97,,,source_only_no_observed_trip,,,-24,false,monitor_source_only
2025-08-24 04:00:00+08,TAIPEI_101,160,102,,,81,,,source_only_no_observed_trip,,,-58,false,monitor_source_only
2025-08-24 04:00:00+08,TAIPEI_MAIN,155,121,,,92,,,source_only_no_observed_trip,,,-34,false,monitor_source_only
2025-08-24 04:00:00+08,TPE_AIRPORT,94,68,,,59,,,source_only_no_observed_trip,,,-26,false,monitor_source_only
2025-08-24 04:00:00+08,XIMENDING,178,97,,,79,,,source_only_no_observed_trip,,,-81,false,monitor_source_only
2025-08-24 05:00:00+08,TAIPEI_101,128,192,,,159,,,source_only_no_observed_trip,,,64,false,monitor_source_only
2025-08-24 05:00:00+08,TAIPEI_MAIN,121,148,,,120,,,source_only_no_observed_trip,,,27,false,monitor_source_only
2025-08-24 05:00:00+08,TPE_AIRPORT,110,136,,,113,,,source_only_no_observed_trip,,,26,false,monitor_source_only
2025-08-24 05:00:00+08,XIMENDING,127,170,,,123,,,source_only_no_observed_trip,,,43,false,monitor_source_only
2025-08-24 06:00:00+08,TAIPEI_101,119,160,,,118,,,source_only_no_observed_trip,,,41,false,monitor_source_only
2025-08-24 06:00:00+08,TAIPEI_MAIN,138,173,,,130,,,source_only_no_observed_trip,,,35,false,monitor_source_only
2025-08-24 06:00:00+08,TPE_AIRPORT,96,155,1,1,1,0,18.0,observed,1.0,0.0,59,false,increase_supply_or_pause_send
2025-08-24 06:00:00+08,XIMENDING,138,193,1,0,0,1,,observed,0.0,1.0,55,false,increase_supply_or_pause_send
2025-08-24 07:00:00+08,TAIPEI_101,124,232,1,1,1,0,15.0,observed,1.0,0.0,108,false,increase_supply_or_pause_send
2025-08-24 07:00:00+08,TAIPEI_MAIN,122,199,,,155,,,source_only_no_observed_trip,,,77,false,monitor_source_only
2025-08-24 07:00:00+08,TPE_AIRPORT,60,131,2,2,2,0,9.6,observed,1.0,0.0,71,false,increase_supply_or_pause_send
2025-08-24 07:00:00+08,XIMENDING,143,215,2,2,2,0,18.0,observed,1.0,0.0,72,false,increase_supply_or_pause_send
2025-08-24 08:00:00+08,TAIPEI_101,132,172,2,2,2,0,16.1,observed,1.0,0.0,40,false,increase_supply_or_pause_send
2025-08-24 08:00:00+08,TAIPEI_MAIN,116,149,1,1,1,0,17.0,observed,1.0,0.0,33,false,increase_supply_or_pause_send
2025-08-24 08:00:00+08,TPE_AIRPORT,66,130,1,1,0,1,,observed,1.0,1.0,64,false,increase_supply_or_pause_send
2025-08-24 08:00:00+08,XIMENDING,138,211,2,2,2,0,23.3,observed,1.0,0.0,73,false,increase_supply_or_pause_send
2025-08-24 09:00:00+08,TAIPEI_101,151,117,4,3,3,1,22.200000000000003,observed,0.75,0.25,-34,false,review_pickup_reliability
2025-08-24 09:00:00+08,TAIPEI_MAIN,142,120,2,2,2,0,10.9,observed,1.0,0.0,-22,false,monitor
2025-08-24 09:00:00+08,TPE_AIRPORT,134,38,1,1,1,0,10.0,observed,1.0,0.0,-96,false,monitor
2025-08-24 09:00:00+08,XIMENDING,172,145,1,1,1,0,14.0,observed,1.0,0.0,-27,false,monitor
2025-08-24 10:00:00+08,TAIPEI_101,210,87,,,68,,,source_only_no_observed_trip,,,-123,false,monitor_source_only
2025-08-24 10:00:00+08,TAIPEI_MAIN,170,88,,,64,,,source_only_no_observed_trip,,,-82,false,monitor_source_only
2025-08-24 10:00:00+08,TPE_AIRPORT,92,85,,,71,,,source_only_no_observed_trip,,,-7,false,monitor_source_only
2025-08-24 10:00:00+08,XIMENDING,154,156,,,140,,,source_only_no_observed_trip,,,2,false,monitor_source_only
2025-08-24 11:00:00+08,TAIPEI_101,155,122,2,2,2,0,14.0,observed,1.0,0.0,-33,false,monitor
2025-08-24 11:00:00+08,TAIPEI_MAIN,217,93,,,77,,,source_only_no_observed_trip,,,-124,false,monitor_source_only
2025-08-24 11:00:00+08,TPE_AIRPORT,104,82,1,1,1,0,9.0,observed,1.0,0.0,-22,false,monitor
2025-08-24 11:00:00+08,XIMENDING,163,115,,,86,,,source_only_no_observed_trip,,,-48,false,monitor_source_only
2025-08-24 12:00:00+08,TAIPEI_101,142,111,,,93,,,source_only_no_observed_trip,,,-31,false,monitor_source_only
2025-08-24 12:00:00+08,TAIPEI_MAIN,169,132,,,104,,,source_only_no_observed_trip,,,-37,false,monitor_source_only
2025-08-24 12:00:00+08,TPE_AIRPORT,105,106,,,80,,,source_only_no_observed_trip,,,1,false,monitor_source_only
2025-08-24 12:00:00+08,XIMENDING,157,128,,,103,,,source_only_no_observed_trip,,,-29,false,monitor_source_only
2025-08-24 13:00:00+08,TAIPEI_101,174,147,,,119,,,source_only_no_observed_trip,,,-27,false,monitor_source_only
2025-08-24 13:00:00+08,TAIPEI_MAIN,174,127,,,92,,,source_only_no_observed_trip,,,-47,false,monitor_source_only
2025-08-24 13:00:00+08,TPE_AIRPORT,95,94,,,78,,,source_only_no_observed_trip,,,-1,false,monitor_source_only
2025-08-24 13:00:00+08,XIMENDING,144,133,,,111,,,source_only_no_observed_trip,,,-11,false,monitor_source_only
2025-08-24 14:00:00+08,TAIPEI_101,171,99,,,73,,,source_only_no_observed_trip,,,-72,false,monitor_source_only
2025-08-24 14:00:00+08,TAIPEI_MAIN,149,107,1,1,1,0,18.0,observed,1.0,0.0,-42,false,monitor
2025-08-24 14:00:00+08,TPE_AIRPORT,112,68,1,1,1,0,5.0,observed,1.0,0.0,-44,false,monitor
2025-08-24 14:00:00+08,XIMENDING,164,77,,,62,,,source_only_no_observed_trip,,,-87,false,monitor_source_only
2025-08-24 15:00:00+08,TAIPEI_101,155,95,,,76,,,source_only_no_observed_trip,,,-60,false,monitor_source_only
2025-08-24 15:00:00+08,TAIPEI_MAIN,173,106,,,90,,,source_only_no_observed_trip,,,-67,false,monitor_source_only
2025-08-24 15:00:00+08,TPE_AIRPORT,106,23,2,2,1,1,16.0,observed,1.0,0.5,-83,false,monitor
2025-08-24 15:00:00+08,XIMENDING,153,109,,,82,,,source_only_no_observed_trip,,,-44,false,monitor_source_only
2025-08-24 16:00:00+08,TAIPEI_101,136,92,2,2,2,0,15.7,observed,1.0,0.0,-44,false,monitor
2025-08-24 16:00:00+08,TAIPEI_MAIN,163,121,,,106,,,source_only_no_observed_trip,,,-42,false,monitor_source_only
2025-08-24 16:00:00+08,TPE_AIRPORT,137,67,,,59,,,source_only_no_observed_trip,,,-70,false,monitor_source_only
2025-08-24 16:00:00+08,XIMENDING,158,130,,,103,,,source_only_no_observed_trip,,,-28,false,monitor_source_only
2025-08-24 17:00:00+08,TAIPEI_101,172,113,,,98,,,source_only_no_observed_trip,,,-59,false,monitor_source_only
2025-08-24 17:00:00+08,TAIPEI_MAIN,146,121,2,2,2,0,9.9,observed,1.0,0.0,-25,false,monitor
2025-08-24 17:00:00+08,TPE_AIRPORT,119,75,,,62,,,source_only_no_observed_trip,,,-44,false,monitor_source_only
2025-08-24 17:00:00+08,XIMENDING,151,149,,,126,,,source_only_no_observed_trip,,,-2,false,monitor_source_only
2025-08-24 18:00:00+08,TAIPEI_101,133,114,1,1,1,0,10.0,observed,1.0,0.0,-19,false,monitor
2025-08-24 18:00:00+08,TAIPEI_MAIN,158,107,1,1,1,0,6.0,observed,1.0,0.0,-51,false,monitor
2025-08-24 18:00:00+08,TPE_AIRPORT,95,82,,,69,,,source_only_no_observed_trip,,,-13,false,monitor_source_only
2025-08-24 18:00:00+08,XIMENDING,175,108,1,1,1,0,18.0,observed,1.0,0.0,-67,false,monitor
2025-08-24 19:00:00+08,TAIPEI_101,154,115,2,2,2,0,16.0,observed,1.0,0.0,-39,false,monitor
2025-08-24 19:00:00+08,TAIPEI_MAIN,143,129,2,2,2,0,18.400000000000002,observed,1.0,0.0,-14,false,monitor
2025-08-24 19:00:00+08,TPE_AIRPORT,107,90,1,1,1,0,23.0,observed,1.0,0.0,-17,false,review_pickup_reliability
2025-08-24 19:00:00+08,XIMENDING,179,111,1,1,1,0,18.0,observed,1.0,0.0,-68,false,monitor
2025-08-24 20:00:00+08,TAIPEI_101,159,211,,,189,,,source_only_no_observed_trip,,,52,false,monitor_source_only
2025-08-24 20:00:00+08,TAIPEI_MAIN,102,206,2,1,1,1,17.0,observed,0.5,0.5,104,false,increase_supply_or_pause_send
2025-08-24 20:00:00+08,TPE_AIRPORT,95,97,1,1,1,0,22.0,observed,1.0,0.0,2,false,review_pickup_reliability
2025-08-24 20:00:00+08,XIMENDING,137,201,1,1,1,0,18.0,observed,1.0,0.0,64,false,increase_supply_or_pause_send
2025-08-24 21:00:00+08,TAIPEI_101,156,189,,,166,,,source_only_no_observed_trip,,,33,false,monitor_source_only
2025-08-24 21:00:00+08,TAIPEI_MAIN,130,191,,,143,,,source_only_no_observed_trip,,,61,false,monitor_source_only
2025-08-24 21:00:00+08,TPE_AIRPORT,46,141,,,115,,,source_only_no_observed_trip,,,95,false,monitor_source_only
2025-08-24 21:00:00+08,XIMENDING,120,210,,,164,,,source_only_no_observed_trip,,,90,false,monitor_source_only
2025-08-24 22:00:00+08,TAIPEI_101,121,148,,,123,,,source_only_no_observed_trip,,,27,false,monitor_source_only
2025-08-24 22:00:00+08,TAIPEI_MAIN,157,183,1,1,1,0,19.0,observed,1.0,0.0,26,false,increase_supply_or_pause_send
2025-08-24 22:00:00+08,TPE_AIRPORT,78,116,,,93,,,source_only_no_observed_trip,,,38,false,monitor_source_only
2025-08-24 22:00:00+08,XIMENDING,145,149,1,1,1,0,22.0,observed,1.0,0.0,4,false,review_pickup_reliability
2025-08-24 23:00:00+08,TAIPEI_101,132,149,,,127,,,source_only_no_observed_trip,,,17,false,monitor_source_only
2025-08-24 23:00:00+08,TAIPEI_MAIN,147,221,1,1,1,0,17.0,observed,1.0,0.0,74,false,increase_supply_or_pause_send
2025-08-24 23:00:00+08,TPE_AIRPORT,90,116,1,1,1,0,12.0,observed,1.0,0.0,26,false,increase_supply_or_pause_send
2025-08-24 23:00:00+08,XIMENDING,114,179,1,1,1,0,17.0,observed,1.0,0.0,65,false,increase_supply_or_pause_send
2025-08-25 00:00:00+08,TAIPEI_101,160,97,,,83,,,source_only_no_observed_trip,,,-63,false,monitor_source_only
2025-08-25 00:00:00+08,TAIPEI_MAIN,179,97,,,81,,,source_only_no_observed_trip,,,-82,false,monitor_source_only
2025-08-25 00:00:00+08,TPE_AIRPORT,109,64,,,57,,,source_only_no_observed_trip,,,-45,false,monitor_source_only
2025-08-25 00:00:00+08,XIMENDING,153,126,,,99,,,source_only_no_observed_trip,,,-27,false,monitor_source_only
2025-08-25 01:00:00+08,TAIPEI_101,144,128,1,1,1,0,22.0,observed,1.0,0.0,-16,false,review_pickup_reliability
2025-08-25 01:00:00+08,TAIPEI_MAIN,154,100,1,0,0,1,,observed,0.0,1.0,-54,false,monitor
2025-08-25 01:00:00+08,TPE_AIRPORT,95,107,,,79,,,source_only_no_observed_trip,,,12,false,monitor_source_only
2025-08-25 01:00:00+08,XIMENDING,140,125,,,100,,,source_only_no_observed_trip,,,-15,false,monitor_source_only
2025-08-25 02:00:00+08,TAIPEI_101,154,72,,,58,,,source_only_no_observed_trip,,,-82,false,monitor_source_only
2025-08-25 02:00:00+08,TAIPEI_MAIN,134,118,,,94,,,source_only_no_observed_trip,,,-16,false,monitor_source_only
2025-08-25 02:00:00+08,TPE_AIRPORT,103,44,,,33,,,source_only_no_observed_trip,,,-59,false,monitor_source_only
2025-08-25 02:00:00+08,XIMENDING,165,61,,,52,,,source_only_no_observed_trip,,,-104,false,monitor_source_only
2025-08-25 03:00:00+08,TAIPEI_101,155,126,,,98,,,source_only_no_observed_trip,,,-29,false,monitor_source_only
2025-08-25 03:00:00+08,TAIPEI_MAIN,147,111,,,83,,,source_only_no_observed_trip,,,-36,false,monitor_source_only
2025-08-25 03:00:00+08,TPE_AIRPORT,104,62,,,45,,,source_only_no_observed_trip,,,-42,false,monitor_source_only
2025-08-25 03:00:00+08,XIMENDING,172,132,1,1,1,0,8.0,observed,1.0,0.0,-40,false,monitor
2025-08-25 04:00:00+08,TAIPEI_101,153,100,1,1,1,0,14.0,observed,1.0,0.0,-53,false,monitor
2025-08-25 04:00:00+08,TAIPEI_MAIN,163,105,,,75,,,source_only_no_observed_trip,,,-58,false,monitor_source_only
2025-08-25 04:00:00+08,TPE_AIRPORT,116,67,1,1,1,0,10.0,observed,1.0,0.0,-49,false,monitor
2025-08-25 04:00:00+08,XIMENDING,138,167,,,149,,,source_only_no_observed_trip,,,29,false,monitor_source_only
2025-08-25 05:00:00+08,TAIPEI_101,117,208,,,151,,,source_only_no_observed_trip,,,91,false,monitor_source_only
2025-08-25 05:00:00+08,TAIPEI_MAIN,133,181,,,150,,,source_only_no_observed_trip,,,48,false,monitor_source_only
2025-08-25 05:00:00+08,TPE_AIRPORT,76,119,,,106,,,source_only_no_observed_trip,,,43,false,monitor_source_only
2025-08-25 05:00:00+08,XIMENDING,144,203,,,168,,,source_only_no_observed_trip,,,59,false,monitor_source_only
2025-08-25 06:00:00+08,TAIPEI_101,141,180,1,0,0,1,,observed,0.0,1.0,39,false,increase_supply_or_pause_send
2025-08-25 06:00:00+08,TAIPEI_MAIN,134,169,,,147,,,source_only_no_observed_trip,,,35,false,monitor_source_only
2025-08-25 06:00:00+08,TPE_AIRPORT,85,100,,,72,,,source_only_no_observed_trip,,,15,false,monitor_source_only
2025-08-25 06:00:00+08,XIMENDING,146,157,,,137,,,source_only_no_observed_trip,,,11,false,monitor_source_only
2025-08-25 07:00:00+08,TAIPEI_101,127,148,,,107,,,source_only_no_observed_trip,,,21,false,monitor_source_only
2025-08-25 07:00:00+08,TAIPEI_MAIN,110,214,2,2,2,0,16.7,observed,1.0,0.0,104,false,increase_supply_or_pause_send
2025-08-25 07:00:00+08,TPE_AIRPORT,82,114,2,2,2,0,20.5,observed,1.0,0.0,32,false,increase_supply_or_pause_send
2025-08-25 07:00:00+08,XIMENDING,119,176,3,3,3,0,18.0,observed,1.0,0.0,57,false,increase_supply_or_pause_send
2025-08-25 08:00:00+08,TAIPEI_101,94,174,,,141,,,source_only_no_observed_trip,,,80,false,monitor_source_only
2025-08-25 08:00:00+08,TAIPEI_MAIN,106,196,2,2,2,0,17.7,observed,1.0,0.0,90,false,increase_supply_or_pause_send
2025-08-25 08:00:00+08,TPE_AIRPORT,90,133,4,4,2,2,13.799999999999999,observed,1.0,0.5,43,false,increase_supply_or_pause_send
2025-08-25 08:00:00+08,XIMENDING,162,162,1,1,1,0,16.0,observed,1.0,0.0,0,false,monitor
2025-08-25 09:00:00+08,TAIPEI_101,222,111,2,2,2,0,20.900000000000002,observed,1.0,0.0,-111,false,review_pickup_reliability
2025-08-25 09:00:00+08,TAIPEI_MAIN,148,165,1,0,0,1,,observed,0.0,1.0,17,false,monitor
2025-08-25 09:00:00+08,TPE_AIRPORT,121,56,1,1,1,0,18.0,observed,1.0,0.0,-65,false,monitor
2025-08-25 09:00:00+08,XIMENDING,130,141,,,126,,,source_only_no_observed_trip,,,11,false,monitor_source_only
2025-08-25 10:00:00+08,TAIPEI_101,183,81,,,71,,,source_only_no_observed_trip,,,-102,false,monitor_source_only
2025-08-25 10:00:00+08,TAIPEI_MAIN,139,113,,,83,,,source_only_no_observed_trip,,,-26,false,monitor_source_only
2025-08-25 10:00:00+08,TPE_AIRPORT,112,59,,,44,,,source_only_no_observed_trip,,,-53,false,monitor_source_only
2025-08-25 10:00:00+08,XIMENDING,160,114,1,1,1,0,11.0,observed,1.0,0.0,-46,false,monitor
2025-08-25 11:00:00+08,TAIPEI_101,148,186,1,1,1,0,15.0,observed,1.0,0.0,38,false,increase_supply_or_pause_send
2025-08-25 11:00:00+08,TAIPEI_MAIN,145,152,,,123,,,source_only_no_observed_trip,,,7,false,monitor_source_only
2025-08-25 11:00:00+08,TPE_AIRPORT,132,94,1,1,1,0,20.0,observed,1.0,0.0,-38,false,monitor
2025-08-25 11:00:00+08,XIMENDING,181,139,,,117,,,source_only_no_observed_trip,,,-42,false,monitor_source_only
2025-08-25 12:00:00+08,TAIPEI_101,167,123,,,105,,,source_only_no_observed_trip,,,-44,false,monitor_source_only
2025-08-25 12:00:00+08,TAIPEI_MAIN,192,95,,,76,,,source_only_no_observed_trip,,,-97,false,monitor_source_only
2025-08-25 12:00:00+08,TPE_AIRPORT,118,86,,,76,,,source_only_no_observed_trip,,,-32,false,monitor_source_only
2025-08-25 12:00:00+08,XIMENDING,179,138,,,120,,,source_only_no_observed_trip,,,-41,false,monitor_source_only
2025-08-25 13:00:00+08,TAIPEI_101,159,115,,,84,,,source_only_no_observed_trip,,,-44,false,monitor_source_only
2025-08-25 13:00:00+08,TAIPEI_MAIN,166,129,1,1,1,0,11.0,observed,1.0,0.0,-37,false,monitor
2025-08-25 13:00:00+08,TPE_AIRPORT,90,74,,,63,,,source_only_no_observed_trip,,,-16,false,monitor_source_only
2025-08-25 13:00:00+08,XIMENDING,150,96,,,84,,,source_only_no_observed_trip,,,-54,false,monitor_source_only
2025-08-25 14:00:00+08,TAIPEI_101,168,125,1,1,1,0,19.0,observed,1.0,0.0,-43,false,monitor
2025-08-25 14:00:00+08,TAIPEI_MAIN,116,111,,,92,,,source_only_no_observed_trip,,,-5,false,monitor_source_only
2025-08-25 14:00:00+08,TPE_AIRPORT,117,63,2,2,2,0,20.700000000000003,observed,1.0,0.0,-54,false,review_pickup_reliability
2025-08-25 14:00:00+08,XIMENDING,172,116,1,1,1,0,22.0,observed,1.0,0.0,-56,false,review_pickup_reliability
2025-08-25 15:00:00+08,TAIPEI_101,173,119,1,1,1,0,7.0,observed,1.0,0.0,-54,false,monitor
2025-08-25 15:00:00+08,TAIPEI_MAIN,156,97,1,1,1,0,13.0,observed,1.0,0.0,-59,false,monitor
2025-08-25 15:00:00+08,TPE_AIRPORT,80,88,,,78,,,source_only_no_observed_trip,,,8,false,monitor_source_only
2025-08-25 15:00:00+08,XIMENDING,147,131,,,114,,,source_only_no_observed_trip,,,-16,false,monitor_source_only
2025-08-25 16:00:00+08,TAIPEI_101,151,102,,,75,,,source_only_no_observed_trip,,,-49,false,monitor_source_only
2025-08-25 16:00:00+08,TAIPEI_MAIN,188,109,,,83,,,source_only_no_observed_trip,,,-79,false,monitor_source_only
2025-08-25 16:00:00+08,TPE_AIRPORT,93,120,,,90,,,source_only_no_observed_trip,,,27,false,monitor_source_only
2025-08-25 16:00:00+08,XIMENDING,166,87,2,1,1,1,18.0,observed,0.5,0.5,-79,false,monitor
2025-08-25 17:00:00+08,TAIPEI_101,153,102,3,1,1,2,18.0,observed,0.3333333333333333,0.6666666666666666,-51,false,monitor
2025-08-25 17:00:00+08,TAIPEI_MAIN,149,122,,,109,,,source_only_no_observed_trip,,,-27,false,monitor_source_only
2025-08-25 17:00:00+08,TPE_AIRPORT,87,80,1,1,1,0,13.0,observed,1.0,0.0,-7,false,monitor
2025-08-25 17:00:00+08,XIMENDING,160,108,1,1,1,0,18.0,observed,1.0,0.0,-52,false,monitor
2025-08-25 18:00:00+08,TAIPEI_101,155,125,,,102,,,source_only_no_observed_trip,,,-30,false,monitor_source_only
2025-08-25 18:00:00+08,TAIPEI_MAIN,131,117,,,84,,,source_only_no_observed_trip,,,-14,false,monitor_source_only
2025-08-25 18:00:00+08,TPE_AIRPORT,114,58,1,1,1,0,8.0,observed,1.0,0.0,-56,false,monitor
2025-08-25 18:00:00+08,XIMENDING,175,117,1,1,1,0,16.0,observed,1.0,0.0,-58,false,monitor
2025-08-25 19:00:00+08,TAIPEI_101,184,112,1,1,1,0,10.0,observed,1.0,0.0,-72,false,monitor
2025-08-25 19:00:00+08,TAIPEI_MAIN,162,69,1,1,1,0,14.0,observed,1.0,0.0,-93,false,monitor
2025-08-25 19:00:00+08,TPE_AIRPORT,129,55,1,1,1,0,8.0,observed,1.0,0.0,-74,false,monitor
2025-08-25 19:00:00+08,XIMENDING,197,126,1,0,0,1,,observed,0.0,1.0,-71,false,monitor
2025-08-25 20:00:00+08,TAIPEI_101,148,136,2,1,1,1,12.0,observed,0.5,0.5,-12,false,monitor
2025-08-25 20:00:00+08,TAIPEI_MAIN,128,241,,,200,,,source_only_no_observed_trip,,,113,false,monitor_source_only
2025-08-25 20:00:00+08,TPE_AIRPORT,97,104,1,0,0,1,,observed,0.0,1.0,7,false,monitor
2025-08-25 20:00:00+08,XIMENDING,140,177,1,1,1,0,8.0,observed,1.0,0.0,37,false,increase_supply_or_pause_send
2025-08-25 21:00:00+08,TAIPEI_101,137,206,1,1,1,0,23.0,observed,1.0,0.0,69,false,increase_supply_or_pause_send
2025-08-25 21:00:00+08,TAIPEI_MAIN,147,156,,,134,,,source_only_no_observed_trip,,,9,false,monitor_source_only
2025-08-25 21:00:00+08,TPE_AIRPORT,116,151,,,109,,,source_only_no_observed_trip,,,35,false,monitor_source_only
2025-08-25 21:00:00+08,XIMENDING,104,237,2,2,2,0,17.4,observed,1.0,0.0,133,false,increase_supply_or_pause_send
2025-08-25 22:00:00+08,TAIPEI_101,114,182,,,163,,,source_only_no_observed_trip,,,68,false,monitor_source_only
2025-08-25 22:00:00+08,TAIPEI_MAIN,145,171,,,155,,,source_only_no_observed_trip,,,26,false,monitor_source_only
2025-08-25 22:00:00+08,TPE_AIRPORT,95,131,1,1,1,0,9.0,observed,1.0,0.0,36,false,increase_supply_or_pause_send
2025-08-25 22:00:00+08,XIMENDING,133,205,,,153,,,source_only_no_observed_trip,,,72,false,monitor_source_only
2025-08-25 23:00:00+08,TAIPEI_101,161,201,1,1,1,0,6.0,observed,1.0,0.0,40,false,increase_supply_or_pause_send
2025-08-25 23:00:00+08,TAIPEI_MAIN,155,183,,,142,,,source_only_no_observed_trip,,,28,false,monitor_source_only
2025-08-25 23:00:00+08,TPE_AIRPORT,80,136,,,106,,,source_only_no_observed_trip,,,56,false,monitor_source_only
2025-08-25 23:00:00+08,XIMENDING,110,238,,,184,,,source_only_no_observed_trip,,,128,false,monitor_source_only
2025-08-26 00:00:00+08,TAIPEI_101,163,78,,,66,,,source_only_no_observed_trip,,,-85,false,monitor_source_only
2025-08-26 00:00:00+08,TAIPEI_MAIN,140,88,,,72,,,source_only_no_observed_trip,,,-52,false,monitor_source_only
2025-08-26 00:00:00+08,TPE_AIRPORT,111,56,,,43,,,source_only_no_observed_trip,,,-55,false,monitor_source_only
2025-08-26 00:00:00+08,XIMENDING,150,74,1,1,1,0,12.0,observed,1.0,0.0,-76,false,monitor
2025-08-26 01:00:00+08,TAIPEI_101,163,82,,,59,,,source_only_no_observed_trip,,,-81,false,monitor_source_only
2025-08-26 01:00:00+08,TAIPEI_MAIN,167,89,,,65,,,source_only_no_observed_trip,,,-78,false,monitor_source_only
2025-08-26 01:00:00+08,TPE_AIRPORT,116,67,2,2,2,0,15.0,observed,1.0,0.0,-49,false,monitor
2025-08-26 01:00:00+08,XIMENDING,129,123,,,97,,,source_only_no_observed_trip,,,-6,false,monitor_source_only
2025-08-26 02:00:00+08,TAIPEI_101,170,131,1,1,1,0,11.0,observed,1.0,0.0,-39,false,monitor
2025-08-26 02:00:00+08,TAIPEI_MAIN,167,120,2,2,1,1,15.0,observed,1.0,0.5,-47,false,monitor
2025-08-26 02:00:00+08,TPE_AIRPORT,102,51,,,45,,,source_only_no_observed_trip,,,-51,false,monitor_source_only
2025-08-26 02:00:00+08,XIMENDING,155,113,,,86,,,source_only_no_observed_trip,,,-42,false,monitor_source_only
2025-08-26 03:00:00+08,TAIPEI_101,190,108,,,87,,,source_only_no_observed_trip,,,-82,false,monitor_source_only
2025-08-26 03:00:00+08,TAIPEI_MAIN,161,110,,,89,,,source_only_no_observed_trip,,,-51,false,monitor_source_only
2025-08-26 03:00:00+08,TPE_AIRPORT,97,105,2,2,2,0,14.6,observed,1.0,0.0,8,false,monitor
2025-08-26 03:00:00+08,XIMENDING,149,117,,,95,,,source_only_no_observed_trip,,,-32,false,monitor_source_only
2025-08-26 04:00:00+08,TAIPEI_101,188,105,1,1,1,0,9.0,observed,1.0,0.0,-83,false,monitor
2025-08-26 04:00:00+08,TAIPEI_MAIN,140,121,,,101,,,source_only_no_observed_trip,,,-19,false,monitor_source_only
2025-08-26 04:00:00+08,TPE_AIRPORT,121,60,,,44,,,source_only_no_observed_trip,,,-61,false,monitor_source_only
2025-08-26 04:00:00+08,XIMENDING,154,178,1,1,0,1,,observed,1.0,1.0,24,false,increase_supply_or_pause_send
2025-08-26 05:00:00+08,TAIPEI_101,155,206,,,162,,,source_only_no_observed_trip,,,51,false,monitor_source_only
2025-08-26 05:00:00+08,TAIPEI_MAIN,102,168,,,143,,,source_only_no_observed_trip,,,66,false,monitor_source_only
2025-08-26 05:00:00+08,TPE_AIRPORT,58,141,,,113,,,source_only_no_observed_trip,,,83,false,monitor_source_only
2025-08-26 05:00:00+08,XIMENDING,135,164,1,0,0,1,,observed,0.0,1.0,29,false,increase_supply_or_pause_send
2025-08-26 06:00:00+08,TAIPEI_101,151,198,,,157,,,source_only_no_observed_trip,,,47,false,monitor_source_only
2025-08-26 06:00:00+08,TAIPEI_MAIN,133,167,,,128,,,source_only_no_observed_trip,,,34,false,monitor_source_only
2025-08-26 06:00:00+08,TPE_AIRPORT,88,78,1,1,1,0,15.0,observed,1.0,0.0,-10,false,monitor
2025-08-26 06:00:00+08,XIMENDING,154,189,,,136,,,source_only_no_observed_trip,,,35,false,monitor_source_only
2025-08-26 07:00:00+08,TAIPEI_101,135,213,1,1,1,0,22.0,observed,1.0,0.0,78,false,increase_supply_or_pause_send
2025-08-26 07:00:00+08,TAIPEI_MAIN,136,229,1,1,1,0,8.0,observed,1.0,0.0,93,false,increase_supply_or_pause_send
2025-08-26 07:00:00+08,TPE_AIRPORT,90,116,,,105,,,source_only_no_observed_trip,,,26,false,monitor_source_only
2025-08-26 07:00:00+08,XIMENDING,140,174,,,138,,,source_only_no_observed_trip,,,34,false,monitor_source_only
2025-08-26 08:00:00+08,TAIPEI_101,122,202,1,1,1,0,8.0,observed,1.0,0.0,80,false,increase_supply_or_pause_send
2025-08-26 08:00:00+08,TAIPEI_MAIN,139,177,1,1,1,0,22.0,observed,1.0,0.0,38,false,increase_supply_or_pause_send
2025-08-26 08:00:00+08,TPE_AIRPORT,65,126,,,103,,,source_only_no_observed_trip,,,61,false,monitor_source_only
2025-08-26 08:00:00+08,XIMENDING,118,204,,,163,,,source_only_no_observed_trip,,,86,false,monitor_source_only
2025-08-26 09:00:00+08,TAIPEI_101,161,104,1,1,0,1,,observed,1.0,1.0,-57,false,monitor
2025-08-26 09:00:00+08,TAIPEI_MAIN,199,110,,,87,,,source_only_no_observed_trip,,,-89,false,monitor_source_only
2025-08-26 09:00:00+08,TPE_AIRPORT,131,67,1,1,1,0,19.0,observed,1.0,0.0,-64,false,monitor
2025-08-26 09:00:00+08,XIMENDING,153,122,1,1,0,1,,observed,1.0,1.0,-31,false,monitor
2025-08-26 10:00:00+08,TAIPEI_101,152,89,,,73,,,source_only_no_observed_trip,,,-63,false,monitor_source_only
2025-08-26 10:00:00+08,TAIPEI_MAIN,183,161,,,135,,,source_only_no_observed_trip,,,-22,false,monitor_source_only
2025-08-26 10:00:00+08,TPE_AIRPORT,127,71,1,1,0,1,,observed,1.0,1.0,-56,false,monitor
2025-08-26 10:00:00+08,XIMENDING,180,96,,,73,,,source_only_no_observed_trip,,,-84,false,monitor_source_only
2025-08-26 11:00:00+08,TAIPEI_101,153,108,,,94,,,source_only_no_observed_trip,,,-45,false,monitor_source_only
2025-08-26 11:00:00+08,TAIPEI_MAIN,141,133,,,96,,,source_only_no_observed_trip,,,-8,false,monitor_source_only
2025-08-26 11:00:00+08,TPE_AIRPORT,129,46,,,40,,,source_only_no_observed_trip,,,-83,false,monitor_source_only
2025-08-26 11:00:00+08,XIMENDING,151,97,,,80,,,source_only_no_observed_trip,,,-54,false,monitor_source_only
2025-08-26 12:00:00+08,TAIPEI_101,122,139,,,108,,,source_only_no_observed_trip,,,17,false,monitor_source_only
2025-08-26 12:00:00+08,TAIPEI_MAIN,163,137,,,103,,,source_only_no_observed_trip,,,-26,false,monitor_source_only
2025-08-26 12:00:00+08,TPE_AIRPORT,92,88,,,71,,,source_only_no_observed_trip,,,-4,false,monitor_source_only
2025-08-26 12:00:00+08,XIMENDING,127,101,,,88,,,source_only_no_observed_trip,,,-26,false,monitor_source_only
2025-08-26 13:00:00+08,TAIPEI_101,127,114,1,1,1,0,18.0,observed,1.0,0.0,-13,false,monitor
2025-08-26 13:00:00+08,TAIPEI_MAIN,127,116,,,103,,,source_only_no_observed_trip,,,-11,false,monitor_source_only
2025-08-26 13:00:00+08,TPE_AIRPORT,106,85,2,2,2,0,8.6,observed,1.0,0.0,-21,false,monitor
2025-08-26 13:00:00+08,XIMENDING,152,112,1,1,0,1,,observed,1.0,1.0,-40,false,monitor
2025-08-26 14:00:00+08,TAIPEI_101,130,84,,,68,,,source_only_no_observed_trip,,,-46,false,monitor_source_only
2025-08-26 14:00:00+08,TAIPEI_MAIN,133,111,1,1,1,0,16.0,observed,1.0,0.0,-22,false,monitor
2025-08-26 14:00:00+08,TPE_AIRPORT,109,59,,,51,,,source_only_no_observed_trip,,,-50,false,monitor_source_only
2025-08-26 14:00:00+08,XIMENDING,133,103,1,1,1,0,8.0,observed,1.0,0.0,-30,false,monitor
2025-08-26 15:00:00+08,TAIPEI_101,174,117,1,1,1,0,17.0,observed,1.0,0.0,-57,false,monitor
2025-08-26 15:00:00+08,TAIPEI_MAIN,187,103,,,85,,,source_only_no_observed_trip,,,-84,false,monitor_source_only
2025-08-26 15:00:00+08,TPE_AIRPORT,98,43,,,30,,,source_only_no_observed_trip,,,-55,false,monitor_source_only
2025-08-26 15:00:00+08,XIMENDING,166,130,2,2,2,0,18.0,observed,1.0,0.0,-36,false,monitor
2025-08-26 16:00:00+08,TAIPEI_101,152,120,,,88,,,source_only_no_observed_trip,,,-32,false,monitor_source_only
2025-08-26 16:00:00+08,TAIPEI_MAIN,183,118,,,105,,,source_only_no_observed_trip,,,-65,false,monitor_source_only
2025-08-26 16:00:00+08,TPE_AIRPORT,88,88,1,1,1,0,19.0,observed,1.0,0.0,0,false,monitor
2025-08-26 16:00:00+08,XIMENDING,142,71,,,60,,,source_only_no_observed_trip,,,-71,false,monitor_source_only
2025-08-26 17:00:00+08,TAIPEI_101,148,99,2,2,2,0,20.400000000000002,observed,1.0,0.0,-49,false,review_pickup_reliability
2025-08-26 17:00:00+08,TAIPEI_MAIN,177,96,,,76,,,source_only_no_observed_trip,,,-81,false,monitor_source_only
2025-08-26 17:00:00+08,TPE_AIRPORT,104,90,2,1,1,1,12.0,observed,0.5,0.5,-14,false,monitor
2025-08-26 17:00:00+08,XIMENDING,149,150,1,1,1,0,9.0,observed,1.0,0.0,1,false,monitor
2025-08-26 18:00:00+08,TAIPEI_101,172,79,1,0,0,1,,observed,0.0,1.0,-93,false,monitor
2025-08-26 18:00:00+08,TAIPEI_MAIN,163,105,1,1,1,0,16.0,observed,1.0,0.0,-58,false,monitor
2025-08-26 18:00:00+08,TPE_AIRPORT,89,86,1,1,1,0,10.0,observed,1.0,0.0,-3,false,monitor
2025-08-26 18:00:00+08,XIMENDING,135,82,1,1,1,0,16.0,observed,1.0,0.0,-53,false,monitor
2025-08-26 19:00:00+08,TAIPEI_101,158,83,1,1,1,0,19.0,observed,1.0,0.0,-75,false,monitor
2025-08-26 19:00:00+08,TAIPEI_MAIN,178,122,1,1,1,0,16.0,observed,1.0,0.0,-56,false,monitor
2025-08-26 19:00:00+08,TPE_AIRPORT,112,56,2,2,2,0,21.6,observed,1.0,0.0,-56,false,review_pickup_reliability
2025-08-26 19:00:00+08,XIMENDING,192,133,1,1,1,0,17.0,observed,1.0,0.0,-59,false,monitor
2025-08-26 20:00:00+08,TAIPEI_101,134,161,1,1,1,0,8.0,observed,1.0,0.0,27,false,increase_supply_or_pause_send
2025-08-26 20:00:00+08,TAIPEI_MAIN,133,177,2,2,2,0,16.4,observed,1.0,0.0,44,false,increase_supply_or_pause_send
2025-08-26 20:00:00+08,TPE_AIRPORT,82,102,2,2,2,0,15.1,observed,1.0,0.0,20,false,monitor
2025-08-26 20:00:00+08,XIMENDING,128,174,,,155,,,source_only_no_observed_trip,,,46,false,monitor_source_only
2025-08-26 21:00:00+08,TAIPEI_101,132,184,,,161,,,source_only_no_observed_trip,,,52,false,monitor_source_only
2025-08-26 21:00:00+08,TAIPEI_MAIN,147,174,1,1,1,0,9.0,observed,1.0,0.0,27,false,increase_supply_or_pause_send
2025-08-26 21:00:00+08,TPE_AIRPORT,111,128,,,93,,,source_only_no_observed_trip,,,17,false,monitor_source_only
2025-08-26 21:00:00+08,XIMENDING,111,208,1,1,1,0,8.0,observed,1.0,0.0,97,false,increase_supply_or_pause_send
2025-08-26 22:00:00+08,TAIPEI_101,125,155,,,116,,,source_only_no_observed_trip,,,30,false,monitor_source_only
2025-08-26 22:00:00+08,TAIPEI_MAIN,120,206,,,167,,,source_only_no_observed_trip,,,86,false,monitor_source_only
2025-08-26 22:00:00+08,TPE_AIRPORT,118,93,,,72,,,source_only_no_observed_trip,,,-25,false,monitor_source_only
2025-08-26 22:00:00+08,XIMENDING,132,172,1,1,1,0,19.0,observed,1.0,0.0,40,false,increase_supply_or_pause_send
2025-08-26 23:00:00+08,TAIPEI_101,130,172,,,146,,,source_only_no_observed_trip,,,42,false,monitor_source_only
2025-08-26 23:00:00+08,TAIPEI_MAIN,157,192,1,1,1,0,14.0,observed,1.0,0.0,35,false,increase_supply_or_pause_send
2025-08-26 23:00:00+08,TPE_AIRPORT,91,129,,,103,,,source_only_no_observed_trip,,,38,false,monitor_source_only
2025-08-26 23:00:00+08,XIMENDING,137,192,1,1,1,0,15.0,observed,1.0,0.0,55,false,increase_supply_or_pause_send
2025-08-27 00:00:00+08,TAIPEI_101,176,151,1,1,1,0,21.0,observed,1.0,0.0,-25,false,review_pickup_reliability
2025-08-27 00:00:00+08,TAIPEI_MAIN,175,112,1,1,1,0,24.0,observed,1.0,0.0,-63,false,review_pickup_reliability
2025-08-27 00:00:00+08,TPE_AIRPORT,89,48,,,37,,,source_only_no_observed_trip,,,-41,false,monitor_source_only
2025-08-27 00:00:00+08,XIMENDING,153,103,,,81,,,source_only_no_observed_trip,,,-50,false,monitor_source_only
2025-08-27 01:00:00+08,TAIPEI_101,137,82,,,67,,,source_only_no_observed_trip,,,-55,false,monitor_source_only
2025-08-27 01:00:00+08,TAIPEI_MAIN,164,127,1,1,1,0,7.0,observed,1.0,0.0,-37,false,monitor
2025-08-27 01:00:00+08,TPE_AIRPORT,118,86,,,63,,,source_only_no_observed_trip,,,-32,false,monitor_source_only
2025-08-27 01:00:00+08,XIMENDING,202,119,,,95,,,source_only_no_observed_trip,,,-83,false,monitor_source_only
2025-08-27 02:00:00+08,TAIPEI_101,152,95,,,76,,,source_only_no_observed_trip,,,-57,false,monitor_source_only
2025-08-27 02:00:00+08,TAIPEI_MAIN,143,115,1,1,1,0,11.0,observed,1.0,0.0,-28,false,monitor
2025-08-27 02:00:00+08,TPE_AIRPORT,110,97,,,85,,,source_only_no_observed_trip,,,-13,false,monitor_source_only
2025-08-27 02:00:00+08,XIMENDING,154,124,,,106,,,source_only_no_observed_trip,,,-30,false,monitor_source_only
2025-08-27 03:00:00+08,TAIPEI_101,154,133,,,112,,,source_only_no_observed_trip,,,-21,false,monitor_source_only
2025-08-27 03:00:00+08,TAIPEI_MAIN,200,85,1,1,1,0,20.0,observed,1.0,0.0,-115,false,monitor
2025-08-27 03:00:00+08,TPE_AIRPORT,119,66,,,58,,,source_only_no_observed_trip,,,-53,false,monitor_source_only
2025-08-27 03:00:00+08,XIMENDING,216,116,,,105,,,source_only_no_observed_trip,,,-100,false,monitor_source_only
2025-08-27 04:00:00+08,TAIPEI_101,157,73,,,54,,,source_only_no_observed_trip,,,-84,false,monitor_source_only
2025-08-27 04:00:00+08,TAIPEI_MAIN,143,132,3,3,3,0,20.6,observed,1.0,0.0,-11,false,review_pickup_reliability
2025-08-27 04:00:00+08,TPE_AIRPORT,109,52,,,42,,,source_only_no_observed_trip,,,-57,false,monitor_source_only
2025-08-27 04:00:00+08,XIMENDING,185,123,,,90,,,source_only_no_observed_trip,,,-62,false,monitor_source_only
2025-08-27 05:00:00+08,TAIPEI_101,118,177,,,137,,,source_only_no_observed_trip,,,59,false,monitor_source_only
2025-08-27 05:00:00+08,TAIPEI_MAIN,159,180,,,143,,,source_only_no_observed_trip,,,21,false,monitor_source_only
2025-08-27 05:00:00+08,TPE_AIRPORT,57,83,1,1,1,0,13.0,observed,1.0,0.0,26,false,increase_supply_or_pause_send
2025-08-27 05:00:00+08,XIMENDING,147,195,1,1,1,0,13.0,observed,1.0,0.0,48,false,increase_supply_or_pause_send
2025-08-27 06:00:00+08,TAIPEI_101,116,184,,,143,,,source_only_no_observed_trip,,,68,false,monitor_source_only
2025-08-27 06:00:00+08,TAIPEI_MAIN,96,211,,,180,,,source_only_no_observed_trip,,,115,false,monitor_source_only
2025-08-27 06:00:00+08,TPE_AIRPORT,54,118,,,91,,,source_only_no_observed_trip,,,64,false,monitor_source_only
2025-08-27 06:00:00+08,XIMENDING,127,181,1,1,1,0,14.0,observed,1.0,0.0,54,false,increase_supply_or_pause_send
2025-08-27 07:00:00+08,TAIPEI_101,85,188,2,2,2,0,15.0,observed,1.0,0.0,103,false,increase_supply_or_pause_send
2025-08-27 07:00:00+08,TAIPEI_MAIN,108,159,1,1,1,0,18.0,observed,1.0,0.0,51,false,increase_supply_or_pause_send
2025-08-27 07:00:00+08,TPE_AIRPORT,119,123,2,2,2,0,17.5,observed,1.0,0.0,4,false,monitor
2025-08-27 07:00:00+08,XIMENDING,122,161,,,145,,,source_only_no_observed_trip,,,39,false,monitor_source_only
2025-08-27 08:00:00+08,TAIPEI_101,114,189,,,147,,,source_only_no_observed_trip,,,75,false,monitor_source_only
2025-08-27 08:00:00+08,TAIPEI_MAIN,135,157,1,1,1,0,10.0,observed,1.0,0.0,22,false,increase_supply_or_pause_send
2025-08-27 08:00:00+08,TPE_AIRPORT,74,119,1,1,1,0,18.0,observed,1.0,0.0,45,false,increase_supply_or_pause_send
2025-08-27 08:00:00+08,XIMENDING,129,193,2,2,1,1,16.0,observed,1.0,0.5,64,false,increase_supply_or_pause_send
2025-08-27 09:00:00+08,TAIPEI_101,167,117,1,1,1,0,21.0,observed,1.0,0.0,-50,false,review_pickup_reliability
2025-08-27 09:00:00+08,TAIPEI_MAIN,127,115,,,90,,,source_only_no_observed_trip,,,-12,false,monitor_source_only
2025-08-27 09:00:00+08,TPE_AIRPORT,104,109,1,1,1,0,5.0,observed,1.0,0.0,5,false,monitor
2025-08-27 09:00:00+08,XIMENDING,179,107,,,79,,,source_only_no_observed_trip,,,-72,false,monitor_source_only
2025-08-27 10:00:00+08,TAIPEI_101,172,90,,,76,,,source_only_no_observed_trip,,,-82,false,monitor_source_only
2025-08-27 10:00:00+08,TAIPEI_MAIN,132,119,2,2,2,0,11.5,observed,1.0,0.0,-13,false,monitor
2025-08-27 10:00:00+08,TPE_AIRPORT,121,89,,,79,,,source_only_no_observed_trip,,,-32,false,monitor_source_only
2025-08-27 10:00:00+08,XIMENDING,168,120,1,0,0,1,,observed,0.0,1.0,-48,false,monitor
2025-08-27 11:00:00+08,TAIPEI_101,154,117,,,102,,,source_only_no_observed_trip,,,-37,false,monitor_source_only
2025-08-27 11:00:00+08,TAIPEI_MAIN,144,89,,,66,,,source_only_no_observed_trip,,,-55,false,monitor_source_only
2025-08-27 11:00:00+08,TPE_AIRPORT,166,63,,,46,,,source_only_no_observed_trip,,,-103,false,monitor_source_only
2025-08-27 11:00:00+08,XIMENDING,171,158,,,134,,,source_only_no_observed_trip,,,-13,false,monitor_source_only
2025-08-27 12:00:00+08,TAIPEI_101,152,91,,,69,,,source_only_no_observed_trip,,,-61,false,monitor_source_only
2025-08-27 12:00:00+08,TAIPEI_MAIN,177,133,1,1,1,0,12.0,observed,1.0,0.0,-44,false,monitor
2025-08-27 12:00:00+08,TPE_AIRPORT,125,87,,,67,,,source_only_no_observed_trip,,,-38,false,monitor_source_only
2025-08-27 12:00:00+08,XIMENDING,186,77,,,60,,,source_only_no_observed_trip,,,-109,false,monitor_source_only
2025-08-27 13:00:00+08,TAIPEI_101,166,111,1,1,1,0,19.0,observed,1.0,0.0,-55,false,monitor
2025-08-27 13:00:00+08,TAIPEI_MAIN,170,115,,,103,,,source_only_no_observed_trip,,,-55,false,monitor_source_only
2025-08-27 13:00:00+08,TPE_AIRPORT,98,73,,,65,,,source_only_no_observed_trip,,,-25,false,monitor_source_only
2025-08-27 13:00:00+08,XIMENDING,144,104,,,93,,,source_only_no_observed_trip,,,-40,false,monitor_source_only
2025-08-27 14:00:00+08,TAIPEI_101,127,138,2,2,1,1,16.0,observed,1.0,0.5,11,false,monitor
2025-08-27 14:00:00+08,TAIPEI_MAIN,174,82,,,64,,,source_only_no_observed_trip,,,-92,false,monitor_source_only
2025-08-27 14:00:00+08,TPE_AIRPORT,124,100,,,73,,,source_only_no_observed_trip,,,-24,false,monitor_source_only
2025-08-27 14:00:00+08,XIMENDING,130,123,1,1,1,0,18.0,observed,1.0,0.0,-7,false,monitor
2025-08-27 15:00:00+08,TAIPEI_101,173,145,,,125,,,source_only_no_observed_trip,,,-28,false,monitor_source_only
2025-08-27 15:00:00+08,TAIPEI_MAIN,156,119,,,106,,,source_only_no_observed_trip,,,-37,false,monitor_source_only
2025-08-27 15:00:00+08,TPE_AIRPORT,108,81,,,69,,,source_only_no_observed_trip,,,-27,false,monitor_source_only
2025-08-27 15:00:00+08,XIMENDING,130,139,,,116,,,source_only_no_observed_trip,,,9,false,monitor_source_only
2025-08-27 16:00:00+08,TAIPEI_101,155,147,,,114,,,source_only_no_observed_trip,,,-8,false,monitor_source_only
2025-08-27 16:00:00+08,TAIPEI_MAIN,162,111,,,90,,,source_only_no_observed_trip,,,-51,false,monitor_source_only
2025-08-27 16:00:00+08,TPE_AIRPORT,88,103,,,86,,,source_only_no_observed_trip,,,15,false,monitor_source_only
2025-08-27 16:00:00+08,XIMENDING,143,150,1,1,1,0,13.0,observed,1.0,0.0,7,false,monitor
2025-08-27 17:00:00+08,TAIPEI_101,172,147,,,107,,,source_only_no_observed_trip,,,-25,false,monitor_source_only
2025-08-27 17:00:00+08,TAIPEI_MAIN,156,138,1,1,1,0,24.0,observed,1.0,0.0,-18,false,review_pickup_reliability
2025-08-27 17:00:00+08,TPE_AIRPORT,117,80,1,1,1,0,9.0,observed,1.0,0.0,-37,false,monitor
2025-08-27 17:00:00+08,XIMENDING,161,105,1,1,1,0,21.0,observed,1.0,0.0,-56,false,review_pickup_reliability
2025-08-27 18:00:00+08,TAIPEI_101,146,127,1,0,0,1,,observed,0.0,1.0,-19,false,monitor
2025-08-27 18:00:00+08,TAIPEI_MAIN,176,161,,,131,,,source_only_no_observed_trip,,,-15,false,monitor_source_only
2025-08-27 18:00:00+08,TPE_AIRPORT,106,74,,,67,,,source_only_no_observed_trip,,,-32,false,monitor_source_only
2025-08-27 18:00:00+08,XIMENDING,167,146,3,3,3,0,18.8,observed,1.0,0.0,-21,false,monitor
2025-08-27 19:00:00+08,TAIPEI_101,142,111,1,1,1,0,16.0,observed,1.0,0.0,-31,false,monitor
2025-08-27 19:00:00+08,TAIPEI_MAIN,158,91,,,70,,,source_only_no_observed_trip,,,-67,false,monitor_source_only
2025-08-27 19:00:00+08,TPE_AIRPORT,124,57,1,1,1,0,19.0,observed,1.0,0.0,-67,false,monitor
2025-08-27 19:00:00+08,XIMENDING,133,116,,,90,,,source_only_no_observed_trip,,,-17,false,monitor_source_only
2025-08-27 20:00:00+08,TAIPEI_101,137,191,1,1,1,0,11.0,observed,1.0,0.0,54,false,increase_supply_or_pause_send
2025-08-27 20:00:00+08,TAIPEI_MAIN,129,195,1,1,1,0,12.0,observed,1.0,0.0,66,false,increase_supply_or_pause_send
2025-08-27 20:00:00+08,TPE_AIRPORT,87,116,1,1,1,0,12.0,observed,1.0,0.0,29,false,increase_supply_or_pause_send
2025-08-27 20:00:00+08,XIMENDING,165,173,3,3,3,0,15.8,observed,1.0,0.0,8,false,monitor
2025-08-27 21:00:00+08,TAIPEI_101,112,177,2,2,2,0,11.5,observed,1.0,0.0,65,false,increase_supply_or_pause_send
2025-08-27 21:00:00+08,TAIPEI_MAIN,153,174,,,145,,,source_only_no_observed_trip,,,21,false,monitor_source_only
2025-08-27 21:00:00+08,TPE_AIRPORT,118,153,2,1,1,1,9.0,observed,0.5,0.5,35,false,increase_supply_or_pause_send
2025-08-27 21:00:00+08,XIMENDING,134,194,1,1,1,0,7.0,observed,1.0,0.0,60,false,increase_supply_or_pause_send
2025-08-27 22:00:00+08,TAIPEI_101,134,179,,,149,,,source_only_no_observed_trip,,,45,false,monitor_source_only
2025-08-27 22:00:00+08,TAIPEI_MAIN,119,218,,,191,,,source_only_no_observed_trip,,,99,false,monitor_source_only
2025-08-27 22:00:00+08,TPE_AIRPORT,86,148,,,131,,,source_only_no_observed_trip,,,62,false,monitor_source_only
2025-08-27 22:00:00+08,XIMENDING,140,193,3,3,3,0,15.0,observed,1.0,0.0,53,false,increase_supply_or_pause_send
2025-08-27 23:00:00+08,TAIPEI_101,150,185,,,156,,,source_only_no_observed_trip,,,35,false,monitor_source_only
2025-08-27 23:00:00+08,TAIPEI_MAIN,146,194,,,154,,,source_only_no_observed_trip,,,48,false,monitor_source_only
2025-08-27 23:00:00+08,TPE_AIRPORT,107,130,,,97,,,source_only_no_observed_trip,,,23,false,monitor_source_only
2025-08-27 23:00:00+08,XIMENDING,124,197,,,156,,,source_only_no_observed_trip,,,73,false,monitor_source_only
2025-08-28 00:00:00+08,TAIPEI_101,149,110,1,1,1,0,17.0,observed,1.0,0.0,-39,false,monitor
2025-08-28 00:00:00+08,TAIPEI_MAIN,154,127,,,112,,,source_only_no_observed_trip,,,-27,false,monitor_source_only
2025-08-28 00:00:00+08,TPE_AIRPORT,114,95,2,2,2,0,17.299999999999997,observed,1.0,0.0,-19,false,monitor
2025-08-28 00:00:00+08,XIMENDING,139,122,2,2,2,0,17.2,observed,1.0,0.0,-17,false,monitor
2025-08-28 01:00:00+08,TAIPEI_101,146,159,1,1,1,0,18.0,observed,1.0,0.0,13,false,monitor
2025-08-28 01:00:00+08,TAIPEI_MAIN,169,112,,,86,,,source_only_no_observed_trip,,,-57,false,monitor_source_only
2025-08-28 01:00:00+08,TPE_AIRPORT,84,55,,,45,,,source_only_no_observed_trip,,,-29,false,monitor_source_only
2025-08-28 01:00:00+08,XIMENDING,175,151,1,1,1,0,10.0,observed,1.0,0.0,-24,false,monitor
2025-08-28 02:00:00+08,TAIPEI_101,165,95,,,80,,,source_only_no_observed_trip,,,-70,false,monitor_source_only
2025-08-28 02:00:00+08,TAIPEI_MAIN,193,111,,,82,,,source_only_no_observed_trip,,,-82,false,monitor_source_only
2025-08-28 02:00:00+08,TPE_AIRPORT,109,61,,,44,,,source_only_no_observed_trip,,,-48,false,monitor_source_only
2025-08-28 02:00:00+08,XIMENDING,156,114,,,96,,,source_only_no_observed_trip,,,-42,false,monitor_source_only
2025-08-28 03:00:00+08,TAIPEI_101,152,134,1,1,1,0,18.0,observed,1.0,0.0,-18,false,monitor
2025-08-28 03:00:00+08,TAIPEI_MAIN,198,122,1,1,1,0,15.0,observed,1.0,0.0,-76,false,monitor
2025-08-28 03:00:00+08,TPE_AIRPORT,99,38,1,1,0,1,,observed,1.0,1.0,-61,false,monitor
2025-08-28 03:00:00+08,XIMENDING,159,121,,,96,,,source_only_no_observed_trip,,,-38,false,monitor_source_only
2025-08-28 04:00:00+08,TAIPEI_101,166,165,,,127,,,source_only_no_observed_trip,,,-1,false,monitor_source_only
2025-08-28 04:00:00+08,TAIPEI_MAIN,172,147,1,1,1,0,20.0,observed,1.0,0.0,-25,false,monitor
2025-08-28 04:00:00+08,TPE_AIRPORT,116,84,1,0,0,1,,observed,0.0,1.0,-32,false,monitor
2025-08-28 04:00:00+08,XIMENDING,168,91,,,79,,,source_only_no_observed_trip,,,-77,false,monitor_source_only
2025-08-28 05:00:00+08,TAIPEI_101,154,210,1,1,1,0,18.0,observed,1.0,0.0,56,false,increase_supply_or_pause_send
2025-08-28 05:00:00+08,TAIPEI_MAIN,131,182,1,1,1,0,17.0,observed,1.0,0.0,51,false,increase_supply_or_pause_send
2025-08-28 05:00:00+08,TPE_AIRPORT,83,96,,,84,,,source_only_no_observed_trip,,,13,false,monitor_source_only
2025-08-28 05:00:00+08,XIMENDING,160,190,,,171,,,source_only_no_observed_trip,,,30,false,monitor_source_only
2025-08-28 06:00:00+08,TAIPEI_101,112,187,,,135,,,source_only_no_observed_trip,,,75,false,monitor_source_only
2025-08-28 06:00:00+08,TAIPEI_MAIN,126,187,,,140,,,source_only_no_observed_trip,,,61,false,monitor_source_only
2025-08-28 06:00:00+08,TPE_AIRPORT,67,97,,,82,,,source_only_no_observed_trip,,,30,false,monitor_source_only
2025-08-28 06:00:00+08,XIMENDING,156,182,,,156,,,source_only_no_observed_trip,,,26,false,monitor_source_only
2025-08-28 07:00:00+08,TAIPEI_101,121,182,3,3,3,0,15.600000000000001,observed,1.0,0.0,61,false,increase_supply_or_pause_send
2025-08-28 07:00:00+08,TAIPEI_MAIN,109,205,,,150,,,source_only_no_observed_trip,,,96,false,monitor_source_only
2025-08-28 07:00:00+08,TPE_AIRPORT,88,134,,,115,,,source_only_no_observed_trip,,,46,false,monitor_source_only
2025-08-28 07:00:00+08,XIMENDING,125,211,2,2,2,0,12.8,observed,1.0,0.0,86,false,increase_supply_or_pause_send
2025-08-28 08:00:00+08,TAIPEI_101,109,219,1,1,1,0,9.0,observed,1.0,0.0,110,false,increase_supply_or_pause_send
2025-08-28 08:00:00+08,TAIPEI_MAIN,150,185,1,1,1,0,15.0,observed,1.0,0.0,35,false,increase_supply_or_pause_send
2025-08-28 08:00:00+08,TPE_AIRPORT,94,79,,,63,,,source_only_no_observed_trip,,,-15,false,monitor_source_only
2025-08-28 08:00:00+08,XIMENDING,141,165,1,1,1,0,16.0,observed,1.0,0.0,24,false,increase_supply_or_pause_send
2025-08-28 09:00:00+08,TAIPEI_101,171,111,2,2,2,0,16.8,observed,1.0,0.0,-60,false,monitor
2025-08-28 09:00:00+08,TAIPEI_MAIN,139,134,1,1,1,0,8.0,observed,1.0,0.0,-5,false,monitor
2025-08-28 09:00:00+08,TPE_AIRPORT,132,75,,,54,,,source_only_no_observed_trip,,,-57,false,monitor_source_only
2025-08-28 09:00:00+08,XIMENDING,138,96,1,1,1,0,14.0,observed,1.0,0.0,-42,false,monitor
2025-08-28 10:00:00+08,TAIPEI_101,143,122,,,97,,,source_only_no_observed_trip,,,-21,false,monitor_source_only
2025-08-28 10:00:00+08,TAIPEI_MAIN,115,118,,,88,,,source_only_no_observed_trip,,,3,false,monitor_source_only
2025-08-28 10:00:00+08,TPE_AIRPORT,153,40,1,1,1,0,23.0,observed,1.0,0.0,-113,false,review_pickup_reliability
2025-08-28 10:00:00+08,XIMENDING,137,116,,,90,,,source_only_no_observed_trip,,,-21,false,monitor_source_only
2025-08-28 11:00:00+08,TAIPEI_101,160,152,,,114,,,source_only_no_observed_trip,,,-8,false,monitor_source_only
2025-08-28 11:00:00+08,TAIPEI_MAIN,145,106,1,1,1,0,20.0,observed,1.0,0.0,-39,false,monitor
2025-08-28 11:00:00+08,TPE_AIRPORT,107,53,,,39,,,source_only_no_observed_trip,,,-54,false,monitor_source_only
2025-08-28 11:00:00+08,XIMENDING,175,124,,,92,,,source_only_no_observed_trip,,,-51,false,monitor_source_only
2025-08-28 12:00:00+08,TAIPEI_101,157,126,,,96,,,source_only_no_observed_trip,,,-31,false,monitor_source_only
2025-08-28 12:00:00+08,TAIPEI_MAIN,165,138,,,99,,,source_only_no_observed_trip,,,-27,false,monitor_source_only
2025-08-28 12:00:00+08,TPE_AIRPORT,87,59,,,53,,,source_only_no_observed_trip,,,-28,false,monitor_source_only
2025-08-28 12:00:00+08,XIMENDING,175,147,1,1,1,0,16.0,observed,1.0,0.0,-28,false,monitor
2025-08-28 13:00:00+08,TAIPEI_101,168,136,,,99,,,source_only_no_observed_trip,,,-32,false,monitor_source_only
2025-08-28 13:00:00+08,TAIPEI_MAIN,148,156,2,1,1,1,18.0,observed,0.5,0.5,8,false,monitor
2025-08-28 13:00:00+08,TPE_AIRPORT,120,42,3,3,3,0,20.6,observed,1.0,0.0,-78,false,review_pickup_reliability
2025-08-28 13:00:00+08,XIMENDING,145,112,1,1,1,0,16.0,observed,1.0,0.0,-33,false,monitor
2025-08-28 14:00:00+08,TAIPEI_101,171,128,,,100,,,source_only_no_observed_trip,,,-43,false,monitor_source_only
2025-08-28 14:00:00+08,TAIPEI_MAIN,154,143,1,0,0,1,,observed,0.0,1.0,-11,false,monitor
2025-08-28 14:00:00+08,TPE_AIRPORT,113,114,1,1,1,0,16.0,observed,1.0,0.0,1,false,monitor
2025-08-28 14:00:00+08,XIMENDING,163,153,1,1,0,1,,observed,1.0,1.0,-10,false,monitor
2025-08-28 15:00:00+08,TAIPEI_101,183,136,1,1,1,0,14.0,observed,1.0,0.0,-47,false,monitor
2025-08-28 15:00:00+08,TAIPEI_MAIN,203,123,,,98,,,source_only_no_observed_trip,,,-80,false,monitor_source_only
2025-08-28 15:00:00+08,TPE_AIRPORT,104,75,3,3,3,0,17.0,observed,1.0,0.0,-29,false,monitor
2025-08-28 15:00:00+08,XIMENDING,173,177,1,0,0,1,,observed,0.0,1.0,4,false,monitor
2025-08-28 16:00:00+08,TAIPEI_101,172,92,2,2,2,0,9.8,observed,1.0,0.0,-80,false,monitor
2025-08-28 16:00:00+08,TAIPEI_MAIN,146,105,2,2,0,2,,observed,1.0,1.0,-41,false,monitor
2025-08-28 16:00:00+08,TPE_AIRPORT,114,94,,,72,,,source_only_no_observed_trip,,,-20,false,monitor_source_only
2025-08-28 16:00:00+08,XIMENDING,169,150,,,127,,,source_only_no_observed_trip,,,-19,false,monitor_source_only
2025-08-28 17:00:00+08,TAIPEI_101,167,121,2,2,1,1,23.0,observed,1.0,0.5,-46,false,review_pickup_reliability
2025-08-28 17:00:00+08,TAIPEI_MAIN,198,121,1,1,1,0,13.0,observed,1.0,0.0,-77,false,monitor
2025-08-28 17:00:00+08,TPE_AIRPORT,102,80,1,1,1,0,13.0,observed,1.0,0.0,-22,false,monitor
2025-08-28 17:00:00+08,XIMENDING,142,114,1,1,1,0,6.0,observed,1.0,0.0,-28,false,monitor
2025-08-28 18:00:00+08,TAIPEI_101,144,110,3,3,3,0,11.4,observed,1.0,0.0,-34,false,monitor
2025-08-28 18:00:00+08,TAIPEI_MAIN,185,93,1,1,1,0,14.0,observed,1.0,0.0,-92,false,monitor
2025-08-28 18:00:00+08,TPE_AIRPORT,77,39,1,1,1,0,9.0,observed,1.0,0.0,-38,false,monitor
2025-08-28 18:00:00+08,XIMENDING,169,134,1,1,1,0,10.0,observed,1.0,0.0,-35,false,monitor
2025-08-28 19:00:00+08,TAIPEI_101,173,82,3,3,3,0,14.799999999999999,observed,1.0,0.0,-91,false,monitor
2025-08-28 19:00:00+08,TAIPEI_MAIN,164,130,,,110,,,source_only_no_observed_trip,,,-34,false,monitor_source_only
2025-08-28 19:00:00+08,TPE_AIRPORT,98,108,1,1,1,0,16.0,observed,1.0,0.0,10,false,monitor
2025-08-28 19:00:00+08,XIMENDING,128,127,2,2,2,0,14.4,observed,1.0,0.0,-1,false,monitor
2025-08-28 20:00:00+08,TAIPEI_101,126,153,2,1,1,1,19.0,observed,0.5,0.5,27,false,increase_supply_or_pause_send
2025-08-28 20:00:00+08,TAIPEI_MAIN,114,160,1,1,1,0,19.0,observed,1.0,0.0,46,false,increase_supply_or_pause_send
2025-08-28 20:00:00+08,TPE_AIRPORT,86,152,,,129,,,source_only_no_observed_trip,,,66,false,monitor_source_only
2025-08-28 20:00:00+08,XIMENDING,132,152,3,3,3,0,20.8,observed,1.0,0.0,20,false,review_pickup_reliability
2025-08-28 21:00:00+08,TAIPEI_101,135,191,1,1,1,0,16.0,observed,1.0,0.0,56,false,increase_supply_or_pause_send
2025-08-28 21:00:00+08,TAIPEI_MAIN,144,259,,,233,,,source_only_no_observed_trip,,,115,false,monitor_source_only
2025-08-28 21:00:00+08,TPE_AIRPORT,98,139,,,105,,,source_only_no_observed_trip,,,41,false,monitor_source_only
2025-08-28 21:00:00+08,XIMENDING,140,182,,,156,,,source_only_no_observed_trip,,,42,false,monitor_source_only
2025-08-28 22:00:00+08,TAIPEI_101,114,172,,,132,,,source_only_no_observed_trip,,,58,false,monitor_source_only
2025-08-28 22:00:00+08,TAIPEI_MAIN,147,158,1,1,1,0,12.0,observed,1.0,0.0,11,false,monitor
2025-08-28 22:00:00+08,TPE_AIRPORT,88,157,,,135,,,source_only_no_observed_trip,,,69,false,monitor_source_only
2025-08-28 22:00:00+08,XIMENDING,118,182,2,2,2,0,20.900000000000002,observed,1.0,0.0,64,false,increase_supply_or_pause_send
2025-08-28 23:00:00+08,TAIPEI_101,166,191,,,159,,,source_only_no_observed_trip,,,25,false,monitor_source_only
2025-08-28 23:00:00+08,TAIPEI_MAIN,138,176,,,136,,,source_only_no_observed_trip,,,38,false,monitor_source_only
2025-08-28 23:00:00+08,TPE_AIRPORT,69,111,,,100,,,source_only_no_observed_trip,,,42,false,monitor_source_only
2025-08-28 23:00:00+08,XIMENDING,136,165,,,136,,,source_only_no_observed_trip,,,29,false,monitor_source_only
2025-08-29 00:00:00+08,TAIPEI_101,154,141,,,106,,,source_only_no_observed_trip,,,-13,false,monitor_source_only
2025-08-29 00:00:00+08,TAIPEI_MAIN,126,142,2,2,2,0,14.8,observed,1.0,0.0,16,false,monitor
2025-08-29 00:00:00+08,TPE_AIRPORT,116,62,2,1,1,1,16.0,observed,0.5,0.5,-54,false,monitor
2025-08-29 00:00:00+08,XIMENDING,126,108,,,97,,,source_only_no_observed_trip,,,-18,false,monitor_source_only
2025-08-29 01:00:00+08,TAIPEI_101,190,115,3,3,3,0,21.200000000000003,observed,1.0,0.0,-75,false,review_pickup_reliability
2025-08-29 01:00:00+08,TAIPEI_MAIN,159,101,2,2,1,1,11.0,observed,1.0,0.5,-58,false,monitor
2025-08-29 01:00:00+08,TPE_AIRPORT,64,85,,,64,,,source_only_no_observed_trip,,,21,false,monitor_source_only
2025-08-29 01:00:00+08,XIMENDING,181,119,,,93,,,source_only_no_observed_trip,,,-62,false,monitor_source_only
2025-08-29 02:00:00+08,TAIPEI_101,134,152,,,128,,,source_only_no_observed_trip,,,18,false,monitor_source_only
2025-08-29 02:00:00+08,TAIPEI_MAIN,136,133,2,2,2,0,13.0,observed,1.0,0.0,-3,false,monitor
2025-08-29 02:00:00+08,TPE_AIRPORT,121,88,,,71,,,source_only_no_observed_trip,,,-33,false,monitor_source_only
2025-08-29 02:00:00+08,XIMENDING,172,120,1,1,1,0,12.0,observed,1.0,0.0,-52,false,monitor
2025-08-29 03:00:00+08,TAIPEI_101,163,108,1,1,1,0,18.0,observed,1.0,0.0,-55,false,monitor
2025-08-29 03:00:00+08,TAIPEI_MAIN,140,116,1,1,1,0,8.0,observed,1.0,0.0,-24,false,monitor
2025-08-29 03:00:00+08,TPE_AIRPORT,97,78,1,1,1,0,20.0,observed,1.0,0.0,-19,false,monitor
2025-08-29 03:00:00+08,XIMENDING,156,104,2,2,2,0,18.200000000000003,observed,1.0,0.0,-52,false,monitor
2025-08-29 04:00:00+08,TAIPEI_101,156,142,2,2,2,0,18.3,observed,1.0,0.0,-14,false,monitor
2025-08-29 04:00:00+08,TAIPEI_MAIN,171,188,,,158,,,source_only_no_observed_trip,,,17,false,monitor_source_only
2025-08-29 04:00:00+08,TPE_AIRPORT,92,50,,,42,,,source_only_no_observed_trip,,,-42,false,monitor_source_only
2025-08-29 04:00:00+08,XIMENDING,158,130,1,1,1,0,19.0,observed,1.0,0.0,-28,false,monitor
2025-08-29 05:00:00+08,TAIPEI_101,132,175,1,1,1,0,17.0,observed,1.0,0.0,43,false,increase_supply_or_pause_send
2025-08-29 05:00:00+08,TAIPEI_MAIN,153,199,2,2,2,0,22.4,observed,1.0,0.0,46,false,increase_supply_or_pause_send
2025-08-29 05:00:00+08,TPE_AIRPORT,91,116,1,1,1,0,22.0,observed,1.0,0.0,25,false,increase_supply_or_pause_send
2025-08-29 05:00:00+08,XIMENDING,168,220,,,174,,,source_only_no_observed_trip,,,52,false,monitor_source_only
2025-08-29 06:00:00+08,TAIPEI_101,130,172,1,1,1,0,15.0,observed,1.0,0.0,42,false,increase_supply_or_pause_send
2025-08-29 06:00:00+08,TAIPEI_MAIN,152,154,,,137,,,source_only_no_observed_trip,,,2,false,monitor_source_only
2025-08-29 06:00:00+08,TPE_AIRPORT,88,136,,,122,,,source_only_no_observed_trip,,,48,false,monitor_source_only
2025-08-29 06:00:00+08,XIMENDING,172,169,1,1,1,0,12.0,observed,1.0,0.0,-3,false,monitor
2025-08-29 07:00:00+08,TAIPEI_101,139,195,,,149,,,source_only_no_observed_trip,,,56,false,monitor_source_only
2025-08-29 07:00:00+08,TAIPEI_MAIN,122,189,,,171,,,source_only_no_observed_trip,,,67,false,monitor_source_only
2025-08-29 07:00:00+08,TPE_AIRPORT,82,137,,,116,,,source_only_no_observed_trip,,,55,false,monitor_source_only
2025-08-29 07:00:00+08,XIMENDING,136,169,,,130,,,source_only_no_observed_trip,,,33,false,monitor_source_only
2025-08-29 08:00:00+08,TAIPEI_101,151,208,3,3,3,0,17.8,observed,1.0,0.0,57,false,increase_supply_or_pause_send
2025-08-29 08:00:00+08,TAIPEI_MAIN,120,193,3,3,3,0,22.6,observed,1.0,0.0,73,false,increase_supply_or_pause_send
2025-08-29 08:00:00+08,TPE_AIRPORT,111,121,1,1,1,0,18.0,observed,1.0,0.0,10,false,monitor
2025-08-29 08:00:00+08,XIMENDING,144,199,1,1,1,0,11.0,observed,1.0,0.0,55,false,increase_supply_or_pause_send
2025-08-29 09:00:00+08,TAIPEI_101,142,126,1,1,1,0,19.0,observed,1.0,0.0,-16,false,monitor
2025-08-29 09:00:00+08,TAIPEI_MAIN,135,130,2,1,1,1,12.0,observed,0.5,0.5,-5,false,monitor
2025-08-29 09:00:00+08,TPE_AIRPORT,95,103,1,1,1,0,5.0,observed,1.0,0.0,8,false,monitor
2025-08-29 09:00:00+08,XIMENDING,164,108,3,2,2,1,16.9,observed,0.6666666666666666,0.3333333333333333,-56,false,monitor
2025-08-29 10:00:00+08,TAIPEI_101,164,114,,,97,,,source_only_no_observed_trip,,,-50,false,monitor_source_only
2025-08-29 10:00:00+08,TAIPEI_MAIN,154,116,2,2,2,0,22.2,observed,1.0,0.0,-38,false,review_pickup_reliability
2025-08-29 10:00:00+08,TPE_AIRPORT,152,54,1,1,1,0,15.0,observed,1.0,0.0,-98,false,monitor
2025-08-29 10:00:00+08,XIMENDING,168,111,1,1,1,0,8.0,observed,1.0,0.0,-57,false,monitor
2025-08-29 11:00:00+08,TAIPEI_101,170,76,1,1,1,0,6.0,observed,1.0,0.0,-94,false,monitor
2025-08-29 11:00:00+08,TAIPEI_MAIN,120,70,,,57,,,source_only_no_observed_trip,,,-50,false,monitor_source_only
2025-08-29 11:00:00+08,TPE_AIRPORT,108,79,1,1,1,0,9.0,observed,1.0,0.0,-29,false,monitor
2025-08-29 11:00:00+08,XIMENDING,141,127,1,1,1,0,12.0,observed,1.0,0.0,-14,false,monitor
2025-08-29 12:00:00+08,TAIPEI_101,160,103,,,88,,,source_only_no_observed_trip,,,-57,false,monitor_source_only
2025-08-29 12:00:00+08,TAIPEI_MAIN,143,98,,,80,,,source_only_no_observed_trip,,,-45,false,monitor_source_only
2025-08-29 12:00:00+08,TPE_AIRPORT,132,42,2,1,1,1,11.0,observed,0.5,0.5,-90,false,monitor
2025-08-29 12:00:00+08,XIMENDING,189,119,1,1,1,0,18.0,observed,1.0,0.0,-70,false,monitor
2025-08-29 13:00:00+08,TAIPEI_101,157,108,1,1,1,0,12.0,observed,1.0,0.0,-49,false,monitor
2025-08-29 13:00:00+08,TAIPEI_MAIN,163,126,1,1,1,0,12.0,observed,1.0,0.0,-37,false,monitor
2025-08-29 13:00:00+08,TPE_AIRPORT,88,103,,,75,,,source_only_no_observed_trip,,,15,false,monitor_source_only
2025-08-29 13:00:00+08,XIMENDING,148,74,,,59,,,source_only_no_observed_trip,,,-74,false,monitor_source_only
2025-08-29 14:00:00+08,TAIPEI_101,189,167,2,2,2,0,14.6,observed,1.0,0.0,-22,false,monitor
2025-08-29 14:00:00+08,TAIPEI_MAIN,179,141,,,125,,,source_only_no_observed_trip,,,-38,false,monitor_source_only
2025-08-29 14:00:00+08,TPE_AIRPORT,123,64,,,51,,,source_only_no_observed_trip,,,-59,false,monitor_source_only
2025-08-29 14:00:00+08,XIMENDING,154,119,1,1,1,0,14.0,observed,1.0,0.0,-35,false,monitor
2025-08-29 15:00:00+08,TAIPEI_101,161,141,,,116,,,source_only_no_observed_trip,,,-20,false,monitor_source_only
2025-08-29 15:00:00+08,TAIPEI_MAIN,170,102,,,82,,,source_only_no_observed_trip,,,-68,false,monitor_source_only
2025-08-29 15:00:00+08,TPE_AIRPORT,103,55,,,45,,,source_only_no_observed_trip,,,-48,false,monitor_source_only
2025-08-29 15:00:00+08,XIMENDING,158,96,,,71,,,source_only_no_observed_trip,,,-62,false,monitor_source_only
2025-08-29 16:00:00+08,TAIPEI_101,176,136,1,1,1,0,13.0,observed,1.0,0.0,-40,false,monitor
2025-08-29 16:00:00+08,TAIPEI_MAIN,149,103,,,87,,,source_only_no_observed_trip,,,-46,false,monitor_source_only
2025-08-29 16:00:00+08,TPE_AIRPORT,113,69,,,58,,,source_only_no_observed_trip,,,-44,false,monitor_source_only
2025-08-29 16:00:00+08,XIMENDING,166,103,,,92,,,source_only_no_observed_trip,,,-63,false,monitor_source_only
2025-08-29 17:00:00+08,TAIPEI_101,179,115,2,2,2,0,21.799999999999997,observed,1.0,0.0,-64,false,review_pickup_reliability
2025-08-29 17:00:00+08,TAIPEI_MAIN,139,86,2,2,2,0,15.2,observed,1.0,0.0,-53,false,monitor
2025-08-29 17:00:00+08,TPE_AIRPORT,137,62,,,52,,,source_only_no_observed_trip,,,-75,false,monitor_source_only
2025-08-29 17:00:00+08,XIMENDING,180,98,3,3,2,1,20.3,observed,1.0,0.3333333333333333,-82,false,review_pickup_reliability
2025-08-29 18:00:00+08,TAIPEI_101,189,111,1,1,1,0,13.0,observed,1.0,0.0,-78,false,monitor
2025-08-29 18:00:00+08,TAIPEI_MAIN,145,108,1,1,1,0,10.0,observed,1.0,0.0,-37,false,monitor
2025-08-29 18:00:00+08,TPE_AIRPORT,81,56,1,1,1,0,19.0,observed,1.0,0.0,-25,false,monitor
2025-08-29 18:00:00+08,XIMENDING,154,125,1,1,1,0,11.0,observed,1.0,0.0,-29,false,monitor
2025-08-29 19:00:00+08,TAIPEI_101,167,130,,,107,,,source_only_no_observed_trip,,,-37,false,monitor_source_only
2025-08-29 19:00:00+08,TAIPEI_MAIN,203,114,2,2,2,0,15.8,observed,1.0,0.0,-89,false,monitor
2025-08-29 19:00:00+08,TPE_AIRPORT,108,82,1,1,1,0,11.0,observed,1.0,0.0,-26,false,monitor
2025-08-29 19:00:00+08,XIMENDING,172,145,1,1,1,0,18.0,observed,1.0,0.0,-27,false,monitor
2025-08-29 20:00:00+08,TAIPEI_101,176,157,2,2,2,0,10.6,observed,1.0,0.0,-19,false,monitor
2025-08-29 20:00:00+08,TAIPEI_MAIN,148,182,1,1,1,0,18.0,observed,1.0,0.0,34,false,increase_supply_or_pause_send
2025-08-29 20:00:00+08,TPE_AIRPORT,87,139,1,1,1,0,16.0,observed,1.0,0.0,52,false,increase_supply_or_pause_send
2025-08-29 20:00:00+08,XIMENDING,146,202,2,2,2,0,15.0,observed,1.0,0.0,56,false,increase_supply_or_pause_send
2025-08-29 21:00:00+08,TAIPEI_101,138,189,1,1,1,0,24.0,observed,1.0,0.0,51,false,increase_supply_or_pause_send
2025-08-29 21:00:00+08,TAIPEI_MAIN,151,165,,,140,,,source_only_no_observed_trip,,,14,false,monitor_source_only
2025-08-29 21:00:00+08,TPE_AIRPORT,87,117,,,100,,,source_only_no_observed_trip,,,30,false,monitor_source_only
2025-08-29 21:00:00+08,XIMENDING,191,207,,,179,,,source_only_no_observed_trip,,,16,false,monitor_source_only
2025-08-29 22:00:00+08,TAIPEI_101,131,184,1,1,1,0,21.0,observed,1.0,0.0,53,false,increase_supply_or_pause_send
2025-08-29 22:00:00+08,TAIPEI_MAIN,128,181,1,1,1,0,16.0,observed,1.0,0.0,53,false,increase_supply_or_pause_send
2025-08-29 22:00:00+08,TPE_AIRPORT,98,116,,,102,,,source_only_no_observed_trip,,,18,false,monitor_source_only
2025-08-29 22:00:00+08,XIMENDING,130,176,2,2,2,0,21.0,observed,1.0,0.0,46,false,increase_supply_or_pause_send
2025-08-29 23:00:00+08,TAIPEI_101,155,195,1,1,1,0,8.0,observed,1.0,0.0,40,false,increase_supply_or_pause_send
2025-08-29 23:00:00+08,TAIPEI_MAIN,112,175,,,148,,,source_only_no_observed_trip,,,63,false,monitor_source_only
2025-08-29 23:00:00+08,TPE_AIRPORT,64,149,,,129,,,source_only_no_observed_trip,,,85,false,monitor_source_only
2025-08-29 23:00:00+08,XIMENDING,120,165,1,1,1,0,19.0,observed,1.0,0.0,45,false,increase_supply_or_pause_send
2025-08-30 00:00:00+08,TAIPEI_101,191,88,1,1,0,1,,observed,1.0,1.0,-103,false,monitor
2025-08-30 00:00:00+08,TAIPEI_MAIN,170,129,1,1,1,0,17.0,observed,1.0,0.0,-41,false,monitor
2025-08-30 00:00:00+08,TPE_AIRPORT,103,78,,,56,,,source_only_no_observed_trip,,,-25,false,monitor_source_only
2025-08-30 00:00:00+08,XIMENDING,169,140,,,106,,,source_only_no_observed_trip,,,-29,false,monitor_source_only
2025-08-30 01:00:00+08,TAIPEI_101,146,117,,,104,,,source_only_no_observed_trip,,,-29,false,monitor_source_only
2025-08-30 01:00:00+08,TAIPEI_MAIN,138,77,1,1,1,0,10.0,observed,1.0,0.0,-61,false,monitor
2025-08-30 01:00:00+08,TPE_AIRPORT,156,97,,,87,,,source_only_no_observed_trip,,,-59,false,monitor_source_only
2025-08-30 01:00:00+08,XIMENDING,167,122,,,91,,,source_only_no_observed_trip,,,-45,false,monitor_source_only
2025-08-30 02:00:00+08,TAIPEI_101,158,75,,,67,,,source_only_no_observed_trip,,,-83,false,monitor_source_only
2025-08-30 02:00:00+08,TAIPEI_MAIN,156,133,1,1,1,0,10.0,observed,1.0,0.0,-23,false,monitor
2025-08-30 02:00:00+08,TPE_AIRPORT,80,88,,,65,,,source_only_no_observed_trip,,,8,false,monitor_source_only
2025-08-30 02:00:00+08,XIMENDING,152,152,,,115,,,source_only_no_observed_trip,,,0,false,monitor_source_only
2025-08-30 03:00:00+08,TAIPEI_101,145,103,,,79,,,source_only_no_observed_trip,,,-42,false,monitor_source_only
2025-08-30 03:00:00+08,TAIPEI_MAIN,166,95,,,80,,,source_only_no_observed_trip,,,-71,false,monitor_source_only
2025-08-30 03:00:00+08,TPE_AIRPORT,148,89,2,2,2,0,19.6,observed,1.0,0.0,-59,false,monitor
2025-08-30 03:00:00+08,XIMENDING,197,144,,,117,,,source_only_no_observed_trip,,,-53,false,monitor_source_only
2025-08-30 04:00:00+08,TAIPEI_101,145,112,1,1,0,1,,observed,1.0,1.0,-33,false,monitor
2025-08-30 04:00:00+08,TAIPEI_MAIN,136,96,,,75,,,source_only_no_observed_trip,,,-40,false,monitor_source_only
2025-08-30 04:00:00+08,TPE_AIRPORT,125,80,,,69,,,source_only_no_observed_trip,,,-45,false,monitor_source_only
2025-08-30 04:00:00+08,XIMENDING,147,117,,,86,,,source_only_no_observed_trip,,,-30,false,monitor_source_only
2025-08-30 05:00:00+08,TAIPEI_101,125,223,1,1,1,0,5.0,observed,1.0,0.0,98,false,increase_supply_or_pause_send
2025-08-30 05:00:00+08,TAIPEI_MAIN,146,165,1,1,1,0,20.0,observed,1.0,0.0,19,false,monitor
2025-08-30 05:00:00+08,TPE_AIRPORT,127,108,,,94,,,source_only_no_observed_trip,,,-19,false,monitor_source_only
2025-08-30 05:00:00+08,XIMENDING,150,193,,,155,,,source_only_no_observed_trip,,,43,false,monitor_source_only
2025-08-30 06:00:00+08,TAIPEI_101,133,188,,,155,,,source_only_no_observed_trip,,,55,false,monitor_source_only
2025-08-30 06:00:00+08,TAIPEI_MAIN,133,144,,,109,,,source_only_no_observed_trip,,,11,false,monitor_source_only
2025-08-30 06:00:00+08,TPE_AIRPORT,80,109,,,79,,,source_only_no_observed_trip,,,29,false,monitor_source_only
2025-08-30 06:00:00+08,XIMENDING,127,193,,,155,,,source_only_no_observed_trip,,,66,false,monitor_source_only
2025-08-30 07:00:00+08,TAIPEI_101,158,172,,,142,,,source_only_no_observed_trip,,,14,false,monitor_source_only
2025-08-30 07:00:00+08,TAIPEI_MAIN,164,191,2,2,2,0,13.6,observed,1.0,0.0,27,false,increase_supply_or_pause_send
2025-08-30 07:00:00+08,TPE_AIRPORT,66,135,,,113,,,source_only_no_observed_trip,,,69,false,monitor_source_only
2025-08-30 07:00:00+08,XIMENDING,138,157,1,1,1,0,15.0,observed,1.0,0.0,19,false,monitor
2025-08-30 08:00:00+08,TAIPEI_101,102,170,2,2,1,1,13.0,observed,1.0,0.5,68,false,increase_supply_or_pause_send
2025-08-30 08:00:00+08,TAIPEI_MAIN,147,189,,,149,,,source_only_no_observed_trip,,,42,false,monitor_source_only
2025-08-30 08:00:00+08,TPE_AIRPORT,84,152,,,113,,,source_only_no_observed_trip,,,68,false,monitor_source_only
2025-08-30 08:00:00+08,XIMENDING,130,171,,,125,,,source_only_no_observed_trip,,,41,false,monitor_source_only
2025-08-30 09:00:00+08,TAIPEI_101,156,134,2,2,2,0,16.8,observed,1.0,0.0,-22,false,monitor
2025-08-30 09:00:00+08,TAIPEI_MAIN,145,125,1,1,1,0,17.0,observed,1.0,0.0,-20,false,monitor
2025-08-30 09:00:00+08,TPE_AIRPORT,96,61,,,44,,,source_only_no_observed_trip,,,-35,false,monitor_source_only
2025-08-30 09:00:00+08,XIMENDING,163,109,,,94,,,source_only_no_observed_trip,,,-54,false,monitor_source_only
2025-08-30 10:00:00+08,TAIPEI_101,157,120,1,1,1,0,11.0,observed,1.0,0.0,-37,false,monitor
2025-08-30 10:00:00+08,TAIPEI_MAIN,179,118,,,85,,,source_only_no_observed_trip,,,-61,false,monitor_source_only
2025-08-30 10:00:00+08,TPE_AIRPORT,120,63,1,1,1,0,14.0,observed,1.0,0.0,-57,false,monitor
2025-08-30 10:00:00+08,XIMENDING,164,77,,,66,,,source_only_no_observed_trip,,,-87,false,monitor_source_only
2025-08-30 11:00:00+08,TAIPEI_101,149,153,,,111,,,source_only_no_observed_trip,,,4,false,monitor_source_only
2025-08-30 11:00:00+08,TAIPEI_MAIN,177,119,1,1,0,1,,observed,1.0,1.0,-58,false,monitor
2025-08-30 11:00:00+08,TPE_AIRPORT,77,96,1,1,1,0,19.0,observed,1.0,0.0,19,false,monitor
2025-08-30 11:00:00+08,XIMENDING,122,86,,,76,,,source_only_no_observed_trip,,,-36,false,monitor_source_only
2025-08-30 12:00:00+08,TAIPEI_101,134,94,,,82,,,source_only_no_observed_trip,,,-40,false,monitor_source_only
2025-08-30 12:00:00+08,TAIPEI_MAIN,172,100,1,1,1,0,21.0,observed,1.0,0.0,-72,false,review_pickup_reliability
2025-08-30 12:00:00+08,TPE_AIRPORT,72,98,,,74,,,source_only_no_observed_trip,,,26,false,monitor_source_only
2025-08-30 12:00:00+08,XIMENDING,146,100,,,88,,,source_only_no_observed_trip,,,-46,false,monitor_source_only
2025-08-30 13:00:00+08,TAIPEI_101,137,105,1,1,1,0,19.0,observed,1.0,0.0,-32,false,monitor
2025-08-30 13:00:00+08,TAIPEI_MAIN,163,73,1,1,1,0,22.0,observed,1.0,0.0,-90,false,review_pickup_reliability
2025-08-30 13:00:00+08,TPE_AIRPORT,107,110,,,80,,,source_only_no_observed_trip,,,3,false,monitor_source_only
2025-08-30 13:00:00+08,XIMENDING,150,91,2,2,2,0,16.8,observed,1.0,0.0,-59,false,monitor
2025-08-30 14:00:00+08,TAIPEI_101,154,133,2,2,2,0,16.7,observed,1.0,0.0,-21,false,monitor
2025-08-30 14:00:00+08,TAIPEI_MAIN,123,97,1,1,1,0,16.0,observed,1.0,0.0,-26,false,monitor
2025-08-30 14:00:00+08,TPE_AIRPORT,121,62,,,55,,,source_only_no_observed_trip,,,-59,false,monitor_source_only
2025-08-30 14:00:00+08,XIMENDING,183,129,2,2,2,0,10.9,observed,1.0,0.0,-54,false,monitor
2025-08-30 15:00:00+08,TAIPEI_101,173,161,,,139,,,source_only_no_observed_trip,,,-12,false,monitor_source_only
2025-08-30 15:00:00+08,TAIPEI_MAIN,150,99,2,2,2,0,20.400000000000002,observed,1.0,0.0,-51,false,review_pickup_reliability
2025-08-30 15:00:00+08,TPE_AIRPORT,115,84,,,70,,,source_only_no_observed_trip,,,-31,false,monitor_source_only
2025-08-30 15:00:00+08,XIMENDING,175,125,1,1,1,0,12.0,observed,1.0,0.0,-50,false,monitor
2025-08-30 16:00:00+08,TAIPEI_101,163,120,,,101,,,source_only_no_observed_trip,,,-43,false,monitor_source_only
2025-08-30 16:00:00+08,TAIPEI_MAIN,194,102,,,79,,,source_only_no_observed_trip,,,-92,false,monitor_source_only
2025-08-30 16:00:00+08,TPE_AIRPORT,130,88,,,72,,,source_only_no_observed_trip,,,-42,false,monitor_source_only
2025-08-30 16:00:00+08,XIMENDING,143,88,1,1,1,0,9.0,observed,1.0,0.0,-55,false,monitor
2025-08-30 17:00:00+08,TAIPEI_101,145,99,1,1,1,0,13.0,observed,1.0,0.0,-46,false,monitor
2025-08-30 17:00:00+08,TAIPEI_MAIN,183,142,,,116,,,source_only_no_observed_trip,,,-41,false,monitor_source_only
2025-08-30 17:00:00+08,TPE_AIRPORT,117,73,,,52,,,source_only_no_observed_trip,,,-44,false,monitor_source_only
2025-08-30 17:00:00+08,XIMENDING,165,98,1,0,0,1,,observed,0.0,1.0,-67,false,monitor
2025-08-30 18:00:00+08,TAIPEI_101,126,150,2,2,1,1,9.0,observed,1.0,0.5,24,false,increase_supply_or_pause_send
2025-08-30 18:00:00+08,TAIPEI_MAIN,205,121,,,109,,,source_only_no_observed_trip,,,-84,false,monitor_source_only
2025-08-30 18:00:00+08,TPE_AIRPORT,107,44,2,2,2,0,12.0,observed,1.0,0.0,-63,false,monitor
2025-08-30 18:00:00+08,XIMENDING,156,143,1,1,1,0,18.0,observed,1.0,0.0,-13,false,monitor
2025-08-30 19:00:00+08,TAIPEI_101,135,146,1,1,1,0,17.0,observed,1.0,0.0,11,false,monitor
2025-08-30 19:00:00+08,TAIPEI_MAIN,144,72,,,62,,,source_only_no_observed_trip,,,-72,false,monitor_source_only
2025-08-30 19:00:00+08,TPE_AIRPORT,104,90,,,70,,,source_only_no_observed_trip,,,-14,false,monitor_source_only
2025-08-30 19:00:00+08,XIMENDING,151,137,,,119,,,source_only_no_observed_trip,,,-14,false,monitor_source_only
2025-08-30 20:00:00+08,TAIPEI_101,141,199,2,1,1,1,20.0,observed,0.5,0.5,58,false,increase_supply_or_pause_send
2025-08-30 20:00:00+08,TAIPEI_MAIN,150,230,,,198,,,source_only_no_observed_trip,,,80,false,monitor_source_only
2025-08-30 20:00:00+08,TPE_AIRPORT,79,141,1,1,1,0,21.0,observed,1.0,0.0,62,false,increase_supply_or_pause_send
2025-08-30 20:00:00+08,XIMENDING,141,139,2,2,2,0,17.799999999999997,observed,1.0,0.0,-2,false,monitor
2025-08-30 21:00:00+08,TAIPEI_101,131,160,,,141,,,source_only_no_observed_trip,,,29,false,monitor_source_only
2025-08-30 21:00:00+08,TAIPEI_MAIN,134,202,,,176,,,source_only_no_observed_trip,,,68,false,monitor_source_only
2025-08-30 21:00:00+08,TPE_AIRPORT,130,103,,,81,,,source_only_no_observed_trip,,,-27,false,monitor_source_only
2025-08-30 21:00:00+08,XIMENDING,110,183,,,157,,,source_only_no_observed_trip,,,73,false,monitor_source_only
2025-08-30 22:00:00+08,TAIPEI_101,155,178,,,131,,,source_only_no_observed_trip,,,23,false,monitor_source_only
2025-08-30 22:00:00+08,TAIPEI_MAIN,135,171,,,140,,,source_only_no_observed_trip,,,36,false,monitor_source_only
2025-08-30 22:00:00+08,TPE_AIRPORT,87,111,,,86,,,source_only_no_observed_trip,,,24,false,monitor_source_only
2025-08-30 22:00:00+08,XIMENDING,140,217,1,1,1,0,18.0,observed,1.0,0.0,77,false,increase_supply_or_pause_send
2025-08-30 23:00:00+08,TAIPEI_101,141,165,,,132,,,source_only_no_observed_trip,,,24,false,monitor_source_only
2025-08-30 23:00:00+08,TAIPEI_MAIN,115,131,,,118,,,source_only_no_observed_trip,,,16,false,monitor_source_only
2025-08-30 23:00:00+08,TPE_AIRPORT,89,120,,,98,,,source_only_no_observed_trip,,,31,false,monitor_source_only
2025-08-30 23:00:00+08,XIMENDING,144,216,,,183,,,source_only_no_observed_trip,,,72,false,monitor_source_only
2025-08-31 00:00:00+08,TAIPEI_101,175,109,2,2,2,0,14.8,observed,1.0,0.0,-66,false,monitor
2025-08-31 00:00:00+08,TAIPEI_MAIN,143,118,,,106,,,source_only_no_observed_trip,,,-25,false,monitor_source_only
2025-08-31 00:00:00+08,TPE_AIRPORT,115,78,,,70,,,source_only_no_observed_trip,,,-37,false,monitor_source_only
2025-08-31 00:00:00+08,XIMENDING,177,126,1,1,1,0,20.0,observed,1.0,0.0,-51,false,monitor
2025-08-31 01:00:00+08,TAIPEI_101,163,100,1,1,1,0,18.0,observed,1.0,0.0,-63,false,monitor
2025-08-31 01:00:00+08,TAIPEI_MAIN,153,118,,,97,,,source_only_no_observed_trip,,,-35,false,monitor_source_only
2025-08-31 01:00:00+08,TPE_AIRPORT,125,83,,,71,,,source_only_no_observed_trip,,,-42,false,monitor_source_only
2025-08-31 01:00:00+08,XIMENDING,164,139,,,100,,,source_only_no_observed_trip,,,-25,false,monitor_source_only
2025-08-31 02:00:00+08,TAIPEI_101,169,138,1,1,1,0,13.0,observed,1.0,0.0,-31,false,monitor
2025-08-31 02:00:00+08,TAIPEI_MAIN,140,119,1,1,1,0,20.0,observed,1.0,0.0,-21,false,monitor
2025-08-31 02:00:00+08,TPE_AIRPORT,95,47,,,40,,,source_only_no_observed_trip,,,-48,false,monitor_source_only
2025-08-31 02:00:00+08,XIMENDING,152,95,,,74,,,source_only_no_observed_trip,,,-57,false,monitor_source_only
2025-08-31 03:00:00+08,TAIPEI_101,201,125,1,1,1,0,16.0,observed,1.0,0.0,-76,false,monitor
2025-08-31 03:00:00+08,TAIPEI_MAIN,176,133,1,1,1,0,14.0,observed,1.0,0.0,-43,false,monitor
2025-08-31 03:00:00+08,TPE_AIRPORT,107,86,,,71,,,source_only_no_observed_trip,,,-21,false,monitor_source_only
2025-08-31 03:00:00+08,XIMENDING,177,118,1,1,1,0,12.0,observed,1.0,0.0,-59,false,monitor
2025-08-31 04:00:00+08,TAIPEI_101,162,72,,,52,,,source_only_no_observed_trip,,,-90,false,monitor_source_only
2025-08-31 04:00:00+08,TAIPEI_MAIN,163,117,1,1,1,0,11.0,observed,1.0,0.0,-46,false,monitor
2025-08-31 04:00:00+08,TPE_AIRPORT,135,89,,,69,,,source_only_no_observed_trip,,,-46,false,monitor_source_only
2025-08-31 04:00:00+08,XIMENDING,163,130,,,111,,,source_only_no_observed_trip,,,-33,false,monitor_source_only
2025-08-31 05:00:00+08,TAIPEI_101,105,203,,,150,,,source_only_no_observed_trip,,,98,false,monitor_source_only
2025-08-31 05:00:00+08,TAIPEI_MAIN,130,196,,,144,,,source_only_no_observed_trip,,,66,false,monitor_source_only
2025-08-31 05:00:00+08,TPE_AIRPORT,60,139,,,119,,,source_only_no_observed_trip,,,79,false,monitor_source_only
2025-08-31 05:00:00+08,XIMENDING,108,179,1,1,1,0,9.0,observed,1.0,0.0,71,false,increase_supply_or_pause_send
2025-08-31 06:00:00+08,TAIPEI_101,124,150,2,2,2,0,12.8,observed,1.0,0.0,26,false,increase_supply_or_pause_send
2025-08-31 06:00:00+08,TAIPEI_MAIN,148,188,1,1,1,0,11.0,observed,1.0,0.0,40,false,increase_supply_or_pause_send
2025-08-31 06:00:00+08,TPE_AIRPORT,79,132,,,110,,,source_only_no_observed_trip,,,53,false,monitor_source_only
2025-08-31 06:00:00+08,XIMENDING,92,168,,,145,,,source_only_no_observed_trip,,,76,false,monitor_source_only
2025-08-31 07:00:00+08,TAIPEI_101,150,169,1,1,1,0,10.0,observed,1.0,0.0,19,false,monitor
2025-08-31 07:00:00+08,TAIPEI_MAIN,150,183,1,1,0,1,,observed,1.0,1.0,33,false,increase_supply_or_pause_send
2025-08-31 07:00:00+08,TPE_AIRPORT,92,122,2,2,2,0,8.899999999999999,observed,1.0,0.0,30,false,increase_supply_or_pause_send
2025-08-31 07:00:00+08,XIMENDING,147,152,1,1,1,0,13.0,observed,1.0,0.0,5,false,monitor
2025-08-31 08:00:00+08,TAIPEI_101,146,140,,,114,,,source_only_no_observed_trip,,,-6,false,monitor_source_only
2025-08-31 08:00:00+08,TAIPEI_MAIN,123,169,1,1,1,0,20.0,observed,1.0,0.0,46,false,increase_supply_or_pause_send
2025-08-31 08:00:00+08,TPE_AIRPORT,110,125,1,1,1,0,17.0,observed,1.0,0.0,15,false,monitor
2025-08-31 08:00:00+08,XIMENDING,97,138,1,1,1,0,8.0,observed,1.0,0.0,41,false,increase_supply_or_pause_send
2025-08-31 09:00:00+08,TAIPEI_101,162,123,1,1,1,0,7.0,observed,1.0,0.0,-39,false,monitor
2025-08-31 09:00:00+08,TAIPEI_MAIN,140,119,,,85,,,source_only_no_observed_trip,,,-21,false,monitor_source_only
2025-08-31 09:00:00+08,TPE_AIRPORT,93,45,1,1,1,0,10.0,observed,1.0,0.0,-48,false,monitor
2025-08-31 09:00:00+08,XIMENDING,150,128,,,106,,,source_only_no_observed_trip,,,-22,false,monitor_source_only
2025-08-31 10:00:00+08,TAIPEI_101,155,71,1,1,1,0,9.0,observed,1.0,0.0,-84,false,monitor
2025-08-31 10:00:00+08,TAIPEI_MAIN,150,136,,,121,,,source_only_no_observed_trip,,,-14,false,monitor_source_only
2025-08-31 10:00:00+08,TPE_AIRPORT,90,78,,,63,,,source_only_no_observed_trip,,,-12,false,monitor_source_only
2025-08-31 10:00:00+08,XIMENDING,178,87,,,65,,,source_only_no_observed_trip,,,-91,false,monitor_source_only
2025-08-31 11:00:00+08,TAIPEI_101,167,82,,,64,,,source_only_no_observed_trip,,,-85,false,monitor_source_only
2025-08-31 11:00:00+08,TAIPEI_MAIN,129,110,1,1,1,0,18.0,observed,1.0,0.0,-19,false,monitor
2025-08-31 11:00:00+08,TPE_AIRPORT,94,71,1,1,0,1,,observed,1.0,1.0,-23,false,monitor
2025-08-31 11:00:00+08,XIMENDING,141,134,1,1,1,0,7.0,observed,1.0,0.0,-7,false,monitor
2025-08-31 12:00:00+08,TAIPEI_101,186,98,,,84,,,source_only_no_observed_trip,,,-88,false,monitor_source_only
2025-08-31 12:00:00+08,TAIPEI_MAIN,161,134,,,103,,,source_only_no_observed_trip,,,-27,false,monitor_source_only
2025-08-31 12:00:00+08,TPE_AIRPORT,116,61,,,46,,,source_only_no_observed_trip,,,-55,false,monitor_source_only
2025-08-31 12:00:00+08,XIMENDING,167,96,1,1,1,0,17.0,observed,1.0,0.0,-71,false,monitor
2025-08-31 13:00:00+08,TAIPEI_101,142,95,1,1,0,1,,observed,1.0,1.0,-47,false,monitor
2025-08-31 13:00:00+08,TAIPEI_MAIN,162,135,,,101,,,source_only_no_observed_trip,,,-27,false,monitor_source_only
2025-08-31 13:00:00+08,TPE_AIRPORT,104,47,,,42,,,source_only_no_observed_trip,,,-57,false,monitor_source_only
2025-08-31 13:00:00+08,XIMENDING,155,109,,,81,,,source_only_no_observed_trip,,,-46,false,monitor_source_only
2025-08-31 14:00:00+08,TAIPEI_101,151,62,1,1,1,0,16.0,observed,1.0,0.0,-89,false,monitor
2025-08-31 14:00:00+08,TAIPEI_MAIN,154,120,,,89,,,source_only_no_observed_trip,,,-34,false,monitor_source_only
2025-08-31 14:00:00+08,TPE_AIRPORT,120,85,1,1,1,0,17.0,observed,1.0,0.0,-35,false,monitor
2025-08-31 14:00:00+08,XIMENDING,162,135,1,1,1,0,8.0,observed,1.0,0.0,-27,false,monitor
2025-08-31 15:00:00+08,TAIPEI_101,154,132,,,113,,,source_only_no_observed_trip,,,-22,false,monitor_source_only
2025-08-31 15:00:00+08,TAIPEI_MAIN,158,123,,,89,,,source_only_no_observed_trip,,,-35,false,monitor_source_only
2025-08-31 15:00:00+08,TPE_AIRPORT,70,117,1,1,1,0,8.0,observed,1.0,0.0,47,false,increase_supply_or_pause_send
2025-08-31 15:00:00+08,XIMENDING,120,112,2,2,2,0,10.7,observed,1.0,0.0,-8,false,monitor
2025-08-31 16:00:00+08,TAIPEI_101,144,118,,,93,,,source_only_no_observed_trip,,,-26,false,monitor_source_only
2025-08-31 16:00:00+08,TAIPEI_MAIN,160,87,1,1,1,0,10.0,observed,1.0,0.0,-73,false,monitor
2025-08-31 16:00:00+08,TPE_AIRPORT,130,54,1,1,1,0,17.0,observed,1.0,0.0,-76,false,monitor
2025-08-31 16:00:00+08,XIMENDING,157,75,2,2,1,1,18.0,observed,1.0,0.5,-82,false,monitor
2025-08-31 17:00:00+08,TAIPEI_101,171,102,1,1,1,0,7.0,observed,1.0,0.0,-69,false,monitor
2025-08-31 17:00:00+08,TAIPEI_MAIN,122,105,,,94,,,source_only_no_observed_trip,,,-17,false,monitor_source_only
2025-08-31 17:00:00+08,TPE_AIRPORT,91,91,1,1,1,0,21.0,observed,1.0,0.0,0,false,review_pickup_reliability
2025-08-31 17:00:00+08,XIMENDING,172,110,,,92,,,source_only_no_observed_trip,,,-62,false,monitor_source_only
2025-08-31 18:00:00+08,TAIPEI_101,157,120,,,86,,,source_only_no_observed_trip,,,-37,false,monitor_source_only
2025-08-31 18:00:00+08,TAIPEI_MAIN,158,161,1,1,1,0,18.0,observed,1.0,0.0,3,false,monitor
2025-08-31 18:00:00+08,TPE_AIRPORT,116,122,,,95,,,source_only_no_observed_trip,,,6,false,monitor_source_only
2025-08-31 18:00:00+08,XIMENDING,154,128,,,92,,,source_only_no_observed_trip,,,-26,false,monitor_source_only
2025-08-31 19:00:00+08,TAIPEI_101,179,84,1,1,1,0,10.0,observed,1.0,0.0,-95,false,monitor
2025-08-31 19:00:00+08,TAIPEI_MAIN,154,154,1,1,1,0,21.0,observed,1.0,0.0,0,false,review_pickup_reliability
2025-08-31 19:00:00+08,TPE_AIRPORT,110,52,,,37,,,source_only_no_observed_trip,,,-58,false,monitor_source_only
2025-08-31 19:00:00+08,XIMENDING,153,122,3,2,2,1,21.9,observed,0.6666666666666666,0.3333333333333333,-31,false,review_pickup_reliability
2025-08-31 20:00:00+08,TAIPEI_101,134,177,4,4,4,0,17.4,observed,1.0,0.0,43,false,increase_supply_or_pause_send
2025-08-31 20:00:00+08,TAIPEI_MAIN,156,220,2,1,1,1,14.0,observed,0.5,0.5,64,false,increase_supply_or_pause_send
2025-08-31 20:00:00+08,TPE_AIRPORT,99,125,1,1,1,0,13.0,observed,1.0,0.0,26,false,increase_supply_or_pause_send
2025-08-31 20:00:00+08,XIMENDING,134,169,1,1,1,0,23.0,observed,1.0,0.0,35,false,increase_supply_or_pause_send
2025-08-31 21:00:00+08,TAIPEI_101,127,194,1,1,1,0,24.0,observed,1.0,0.0,67,false,increase_supply_or_pause_send
2025-08-31 21:00:00+08,TAIPEI_MAIN,107,192,,,164,,,source_only_no_observed_trip,,,85,false,monitor_source_only
2025-08-31 21:00:00+08,TPE_AIRPORT,81,148,,,127,,,source_only_no_observed_trip,,,67,false,monitor_source_only
2025-08-31 21:00:00+08,XIMENDING,144,143,1,1,1,0,19.0,observed,1.0,0.0,-1,false,monitor
2025-08-31 22:00:00+08,TAIPEI_101,147,208,,,183,,,source_only_no_observed_trip,,,61,false,monitor_source_only
2025-08-31 22:00:00+08,TAIPEI_MAIN,159,208,,,150,,,source_only_no_observed_trip,,,49,false,monitor_source_only
2025-08-31 22:00:00+08,TPE_AIRPORT,100,124,,,103,,,source_only_no_observed_trip,,,24,false,monitor_source_only
2025-08-31 22:00:00+08,XIMENDING,107,216,2,2,2,0,21.9,observed,1.0,0.0,109,false,increase_supply_or_pause_send
2025-08-31 23:00:00+08,TAIPEI_101,140,186,,,150,,,source_only_no_observed_trip,,,46,false,monitor_source_only
2025-08-31 23:00:00+08,TAIPEI_MAIN,131,217,,,194,,,source_only_no_observed_trip,,,86,false,monitor_source_only
2025-08-31 23:00:00+08,TPE_AIRPORT,79,91,1,1,1,0,13.0,observed,1.0,0.0,12,false,monitor
2025-08-31 23:00:00+08,XIMENDING,130,207,,,175,,,source_only_no_observed_trip,,,77,false,monitor_source_only
2025-09-01 00:00:00+08,TAIPEI_101,190,139,1,1,1,0,17.0,observed,1.0,0.0,-51,true,monitor
2025-09-01 00:00:00+08,TAIPEI_MAIN,154,109,,,80,,,source_only_no_observed_trip,,,-45,true,monitor_source_only
2025-09-01 00:00:00+08,TPE_AIRPORT,136,82,2,2,2,0,10.6,observed,1.0,0.0,-54,true,monitor
2025-09-01 00:00:00+08,XIMENDING,155,99,,,89,,,source_only_no_observed_trip,,,-56,true,monitor_source_only
2025-09-01 01:00:00+08,TAIPEI_101,196,102,,,92,,,source_only_no_observed_trip,,,-94,true,monitor_source_only
2025-09-01 01:00:00+08,TAIPEI_MAIN,186,125,,,104,,,source_only_no_observed_trip,,,-61,true,monitor_source_only
2025-09-01 01:00:00+08,TPE_AIRPORT,136,36,2,1,1,1,12.0,observed,0.5,0.5,-100,true,monitor
2025-09-01 01:00:00+08,XIMENDING,132,106,2,1,1,1,9.0,observed,0.5,0.5,-26,true,monitor
2025-09-01 02:00:00+08,TAIPEI_101,162,95,1,1,1,0,21.0,observed,1.0,0.0,-67,true,review_pickup_reliability
2025-09-01 02:00:00+08,TAIPEI_MAIN,171,109,1,1,1,0,23.0,observed,1.0,0.0,-62,true,review_pickup_reliability
2025-09-01 02:00:00+08,TPE_AIRPORT,116,92,6,5,4,2,15.7,observed,0.8333333333333334,0.3333333333333333,-24,true,monitor
2025-09-01 02:00:00+08,XIMENDING,140,152,2,2,1,1,11.0,observed,1.0,0.5,12,true,monitor
2025-09-01 03:00:00+08,TAIPEI_101,203,107,,,81,,,source_only_no_observed_trip,,,-96,true,monitor_source_only
2025-09-01 03:00:00+08,TAIPEI_MAIN,152,115,,,101,,,source_only_no_observed_trip,,,-37,true,monitor_source_only
2025-09-01 03:00:00+08,TPE_AIRPORT,118,95,2,2,2,0,14.5,observed,1.0,0.0,-23,true,monitor
2025-09-01 03:00:00+08,XIMENDING,173,77,1,1,1,0,6.0,observed,1.0,0.0,-96,true,monitor
2025-09-01 04:00:00+08,TAIPEI_101,175,98,,,88,,,source_only_no_observed_trip,,,-77,true,monitor_source_only
2025-09-01 04:00:00+08,TAIPEI_MAIN,169,163,,,126,,,source_only_no_observed_trip,,,-6,true,monitor_source_only
2025-09-01 04:00:00+08,TPE_AIRPORT,114,86,2,2,2,0,22.4,observed,1.0,0.0,-28,true,review_pickup_reliability
2025-09-01 04:00:00+08,XIMENDING,145,81,1,1,1,0,14.0,observed,1.0,0.0,-64,true,monitor
2025-09-01 05:00:00+08,TAIPEI_101,139,146,1,1,1,0,16.0,observed,1.0,0.0,7,true,monitor
2025-09-01 05:00:00+08,TAIPEI_MAIN,167,213,,,166,,,source_only_no_observed_trip,,,46,true,monitor_source_only
2025-09-01 05:00:00+08,TPE_AIRPORT,69,123,3,3,3,0,17.8,observed,1.0,0.0,54,true,increase_supply_or_pause_send
2025-09-01 05:00:00+08,XIMENDING,137,160,,,142,,,source_only_no_observed_trip,,,23,true,monitor_source_only
2025-09-01 06:00:00+08,TAIPEI_101,167,186,,,151,,,source_only_no_observed_trip,,,19,true,monitor_source_only
2025-09-01 06:00:00+08,TAIPEI_MAIN,105,199,1,1,1,0,20.0,observed,1.0,0.0,94,true,increase_supply_or_pause_send
2025-09-01 06:00:00+08,TPE_AIRPORT,82,133,5,5,5,0,17.0,observed,1.0,0.0,51,true,increase_supply_or_pause_send
2025-09-01 06:00:00+08,XIMENDING,115,187,,,151,,,source_only_no_observed_trip,,,72,true,monitor_source_only
2025-09-01 07:00:00+08,TAIPEI_101,118,184,2,2,2,0,19.2,observed,1.0,0.0,66,true,increase_supply_or_pause_send
2025-09-01 07:00:00+08,TAIPEI_MAIN,146,176,2,2,2,0,14.4,observed,1.0,0.0,30,true,increase_supply_or_pause_send
2025-09-01 07:00:00+08,TPE_AIRPORT,108,134,6,5,5,1,16.799999999999997,observed,0.8333333333333334,0.16666666666666666,26,true,increase_supply_or_pause_send
2025-09-01 07:00:00+08,XIMENDING,150,209,2,1,1,1,18.0,observed,0.5,0.5,59,true,increase_supply_or_pause_send
2025-09-01 08:00:00+08,TAIPEI_101,133,184,3,2,2,1,11.9,observed,0.6666666666666666,0.3333333333333333,51,true,increase_supply_or_pause_send
2025-09-01 08:00:00+08,TAIPEI_MAIN,141,192,3,3,3,0,22.6,observed,1.0,0.0,51,true,increase_supply_or_pause_send
2025-09-01 08:00:00+08,TPE_AIRPORT,76,117,8,8,6,2,15.0,observed,1.0,0.25,41,true,increase_supply_or_pause_send
2025-09-01 08:00:00+08,XIMENDING,115,174,2,2,2,0,14.8,observed,1.0,0.0,59,true,increase_supply_or_pause_send
2025-09-01 09:00:00+08,TAIPEI_101,139,107,,,85,,,source_only_no_observed_trip,,,-32,true,monitor_source_only
2025-09-01 09:00:00+08,TAIPEI_MAIN,151,96,,,76,,,source_only_no_observed_trip,,,-55,true,monitor_source_only
2025-09-01 09:00:00+08,TPE_AIRPORT,107,84,9,8,8,1,19.6,observed,0.8888888888888888,0.1111111111111111,-23,true,monitor
2025-09-01 09:00:00+08,XIMENDING,138,85,1,1,1,0,17.0,observed,1.0,0.0,-53,true,monitor
2025-09-01 10:00:00+08,TAIPEI_101,147,85,,,73,,,source_only_no_observed_trip,,,-62,true,monitor_source_only
2025-09-01 10:00:00+08,TAIPEI_MAIN,134,70,,,57,,,source_only_no_observed_trip,,,-64,true,monitor_source_only
2025-09-01 10:00:00+08,TPE_AIRPORT,98,69,7,7,6,1,22.0,observed,1.0,0.14285714285714285,-29,true,review_pickup_reliability
2025-09-01 10:00:00+08,XIMENDING,146,163,1,1,1,0,11.0,observed,1.0,0.0,17,true,monitor
2025-09-01 11:00:00+08,TAIPEI_101,120,148,3,3,2,1,15.8,observed,1.0,0.3333333333333333,28,true,increase_supply_or_pause_send
2025-09-01 11:00:00+08,TAIPEI_MAIN,176,99,,,80,,,source_only_no_observed_trip,,,-77,true,monitor_source_only
2025-09-01 11:00:00+08,TPE_AIRPORT,131,70,3,3,2,1,17.2,observed,1.0,0.3333333333333333,-61,true,monitor
2025-09-01 11:00:00+08,XIMENDING,162,102,1,1,1,0,14.0,observed,1.0,0.0,-60,true,monitor
2025-09-01 12:00:00+08,TAIPEI_101,120,93,1,1,1,0,14.0,observed,1.0,0.0,-27,true,monitor
2025-09-01 12:00:00+08,TAIPEI_MAIN,152,137,,,123,,,source_only_no_observed_trip,,,-15,true,monitor_source_only
2025-09-01 12:00:00+08,TPE_AIRPORT,113,64,1,1,1,0,7.0,observed,1.0,0.0,-49,true,monitor
2025-09-01 12:00:00+08,XIMENDING,170,137,,,112,,,source_only_no_observed_trip,,,-33,true,monitor_source_only
2025-09-01 13:00:00+08,TAIPEI_101,183,147,2,2,2,0,16.5,observed,1.0,0.0,-36,true,monitor
2025-09-01 13:00:00+08,TAIPEI_MAIN,188,149,,,121,,,source_only_no_observed_trip,,,-39,true,monitor_source_only
2025-09-01 13:00:00+08,TPE_AIRPORT,113,84,3,3,3,0,11.600000000000001,observed,1.0,0.0,-29,true,monitor
2025-09-01 13:00:00+08,XIMENDING,170,137,1,1,1,0,17.0,observed,1.0,0.0,-33,true,monitor
2025-09-01 14:00:00+08,TAIPEI_101,151,119,,,102,,,source_only_no_observed_trip,,,-32,true,monitor_source_only
2025-09-01 14:00:00+08,TAIPEI_MAIN,122,126,,,91,,,source_only_no_observed_trip,,,4,true,monitor_source_only
2025-09-01 14:00:00+08,TPE_AIRPORT,108,82,2,2,2,0,15.0,observed,1.0,0.0,-26,true,monitor
2025-09-01 14:00:00+08,XIMENDING,164,130,,,101,,,source_only_no_observed_trip,,,-34,true,monitor_source_only
2025-09-01 15:00:00+08,TAIPEI_101,169,84,1,1,1,0,11.0,observed,1.0,0.0,-85,true,monitor
2025-09-01 15:00:00+08,TAIPEI_MAIN,162,102,1,1,1,0,21.0,observed,1.0,0.0,-60,true,review_pickup_reliability
2025-09-01 15:00:00+08,TPE_AIRPORT,119,96,3,3,3,0,19.0,observed,1.0,0.0,-23,true,monitor
2025-09-01 15:00:00+08,XIMENDING,168,108,,,92,,,source_only_no_observed_trip,,,-60,true,monitor_source_only
2025-09-01 16:00:00+08,TAIPEI_101,141,87,1,1,1,0,15.0,observed,1.0,0.0,-54,true,monitor
2025-09-01 16:00:00+08,TAIPEI_MAIN,162,128,,,109,,,source_only_no_observed_trip,,,-34,true,monitor_source_only
2025-09-01 16:00:00+08,TPE_AIRPORT,137,75,1,1,1,0,22.0,observed,1.0,0.0,-62,true,review_pickup_reliability
2025-09-01 16:00:00+08,XIMENDING,168,64,,,51,,,source_only_no_observed_trip,,,-104,true,monitor_source_only
2025-09-01 17:00:00+08,TAIPEI_101,171,105,2,2,2,0,18.1,observed,1.0,0.0,-66,true,monitor
2025-09-01 17:00:00+08,TAIPEI_MAIN,153,123,1,1,1,0,7.0,observed,1.0,0.0,-30,true,monitor
2025-09-01 17:00:00+08,TPE_AIRPORT,121,72,3,3,3,0,18.8,observed,1.0,0.0,-49,true,monitor
2025-09-01 17:00:00+08,XIMENDING,161,130,,,116,,,source_only_no_observed_trip,,,-31,true,monitor_source_only
2025-09-01 18:00:00+08,TAIPEI_101,159,122,,,88,,,source_only_no_observed_trip,,,-37,true,monitor_source_only
2025-09-01 18:00:00+08,TAIPEI_MAIN,148,91,,,73,,,source_only_no_observed_trip,,,-57,true,monitor_source_only
2025-09-01 18:00:00+08,TPE_AIRPORT,119,86,1,1,1,0,12.0,observed,1.0,0.0,-33,true,monitor
2025-09-01 18:00:00+08,XIMENDING,174,97,,,87,,,source_only_no_observed_trip,,,-77,true,monitor_source_only
2025-09-01 19:00:00+08,TAIPEI_101,136,105,1,1,1,0,10.0,observed,1.0,0.0,-31,true,monitor
2025-09-01 19:00:00+08,TAIPEI_MAIN,144,154,1,1,1,0,7.0,observed,1.0,0.0,10,true,monitor
2025-09-01 19:00:00+08,TPE_AIRPORT,112,84,2,2,1,1,14.0,observed,1.0,0.5,-28,true,monitor
2025-09-01 19:00:00+08,XIMENDING,136,108,2,2,2,0,16.8,observed,1.0,0.0,-28,true,monitor
2025-09-01 20:00:00+08,TAIPEI_101,144,191,2,2,2,0,21.5,observed,1.0,0.0,47,true,increase_supply_or_pause_send
2025-09-01 20:00:00+08,TAIPEI_MAIN,152,227,,,170,,,source_only_no_observed_trip,,,75,true,monitor_source_only
2025-09-01 20:00:00+08,TPE_AIRPORT,108,125,2,2,2,0,22.6,observed,1.0,0.0,17,true,review_pickup_reliability
2025-09-01 20:00:00+08,XIMENDING,121,202,1,1,1,0,10.0,observed,1.0,0.0,81,true,increase_supply_or_pause_send
2025-09-01 21:00:00+08,TAIPEI_101,117,172,,,127,,,source_only_no_observed_trip,,,55,true,monitor_source_only
2025-09-01 21:00:00+08,TAIPEI_MAIN,126,136,1,1,1,0,12.0,observed,1.0,0.0,10,true,monitor
2025-09-01 21:00:00+08,TPE_AIRPORT,52,158,5,5,5,0,23.2,observed,1.0,0.0,106,true,increase_supply_or_pause_send
2025-09-01 21:00:00+08,XIMENDING,105,182,,,141,,,source_only_no_observed_trip,,,77,true,monitor_source_only
2025-09-01 22:00:00+08,TAIPEI_101,130,239,,,216,,,source_only_no_observed_trip,,,109,true,monitor_source_only
2025-09-01 22:00:00+08,TAIPEI_MAIN,158,175,1,1,1,0,13.0,observed,1.0,0.0,17,true,monitor
2025-09-01 22:00:00+08,TPE_AIRPORT,51,106,8,8,7,1,18.800000000000004,observed,1.0,0.125,55,true,increase_supply_or_pause_send
2025-09-01 22:00:00+08,XIMENDING,142,183,1,1,1,0,10.0,observed,1.0,0.0,41,true,increase_supply_or_pause_send
2025-09-01 23:00:00+08,TAIPEI_101,125,170,,,144,,,source_only_no_observed_trip,,,45,true,monitor_source_only
2025-09-01 23:00:00+08,TAIPEI_MAIN,164,198,,,155,,,source_only_no_observed_trip,,,34,true,monitor_source_only
2025-09-01 23:00:00+08,TPE_AIRPORT,105,95,7,7,6,1,17.5,observed,1.0,0.14285714285714285,-10,true,monitor
2025-09-01 23:00:00+08,XIMENDING,134,162,,,133,,,source_only_no_observed_trip,,,28,true,monitor_source_only
2025-09-02 00:00:00+08,TAIPEI_101,179,102,1,1,1,0,11.0,observed,1.0,0.0,-77,true,monitor
2025-09-02 00:00:00+08,TAIPEI_MAIN,163,80,,,72,,,source_only_no_observed_trip,,,-83,true,monitor_source_only
2025-09-02 00:00:00+08,TPE_AIRPORT,124,102,5,5,4,1,19.900000000000002,observed,1.0,0.2,-22,true,monitor
2025-09-02 00:00:00+08,XIMENDING,179,105,1,1,1,0,10.0,observed,1.0,0.0,-74,true,monitor
2025-09-02 01:00:00+08,TAIPEI_101,148,114,1,1,1,0,11.0,observed,1.0,0.0,-34,true,monitor
2025-09-02 01:00:00+08,TAIPEI_MAIN,134,160,1,1,1,0,15.0,observed,1.0,0.0,26,true,increase_supply_or_pause_send
2025-09-02 01:00:00+08,TPE_AIRPORT,94,99,5,4,4,1,20.1,observed,0.8,0.2,5,true,review_pickup_reliability
2025-09-02 01:00:00+08,XIMENDING,165,136,,,109,,,source_only_no_observed_trip,,,-29,true,monitor_source_only
2025-09-02 02:00:00+08,TAIPEI_101,157,111,2,1,1,1,12.0,observed,0.5,0.5,-46,true,monitor
2025-09-02 02:00:00+08,TAIPEI_MAIN,150,91,,,73,,,source_only_no_observed_trip,,,-59,true,monitor_source_only
2025-09-02 02:00:00+08,TPE_AIRPORT,104,68,4,4,3,1,21.400000000000002,observed,1.0,0.25,-36,true,review_pickup_reliability
2025-09-02 02:00:00+08,XIMENDING,152,113,,,83,,,source_only_no_observed_trip,,,-39,true,monitor_source_only
2025-09-02 03:00:00+08,TAIPEI_101,176,117,,,97,,,source_only_no_observed_trip,,,-59,true,monitor_source_only
2025-09-02 03:00:00+08,TAIPEI_MAIN,169,92,,,82,,,source_only_no_observed_trip,,,-77,true,monitor_source_only
2025-09-02 03:00:00+08,TPE_AIRPORT,96,71,3,3,3,0,19.799999999999997,observed,1.0,0.0,-25,true,monitor
2025-09-02 03:00:00+08,XIMENDING,169,85,,,68,,,source_only_no_observed_trip,,,-84,true,monitor_source_only
2025-09-02 04:00:00+08,TAIPEI_101,201,102,1,1,1,0,13.0,observed,1.0,0.0,-99,true,monitor
2025-09-02 04:00:00+08,TAIPEI_MAIN,128,129,1,1,1,0,5.0,observed,1.0,0.0,1,true,monitor
2025-09-02 04:00:00+08,TPE_AIRPORT,103,91,3,3,2,1,16.7,observed,1.0,0.3333333333333333,-12,true,monitor
2025-09-02 04:00:00+08,XIMENDING,137,117,,,87,,,source_only_no_observed_trip,,,-20,true,monitor_source_only
2025-09-02 05:00:00+08,TAIPEI_101,134,175,,,144,,,source_only_no_observed_trip,,,41,true,monitor_source_only
2025-09-02 05:00:00+08,TAIPEI_MAIN,142,183,,,152,,,source_only_no_observed_trip,,,41,true,monitor_source_only
2025-09-02 05:00:00+08,TPE_AIRPORT,93,164,2,2,2,0,17.099999999999998,observed,1.0,0.0,71,true,increase_supply_or_pause_send
2025-09-02 05:00:00+08,XIMENDING,119,150,2,2,2,0,6.0,observed,1.0,0.0,31,true,increase_supply_or_pause_send
2025-09-02 06:00:00+08,TAIPEI_101,179,151,,,110,,,source_only_no_observed_trip,,,-28,true,monitor_source_only
2025-09-02 06:00:00+08,TAIPEI_MAIN,141,191,1,1,1,0,20.0,observed,1.0,0.0,50,true,increase_supply_or_pause_send
2025-09-02 06:00:00+08,TPE_AIRPORT,56,143,7,7,6,1,20.0,observed,1.0,0.14285714285714285,87,true,increase_supply_or_pause_send
2025-09-02 06:00:00+08,XIMENDING,154,154,,,125,,,source_only_no_observed_trip,,,0,true,monitor_source_only
2025-09-02 07:00:00+08,TAIPEI_101,155,175,2,2,2,0,17.799999999999997,observed,1.0,0.0,20,true,monitor
2025-09-02 07:00:00+08,TAIPEI_MAIN,144,211,2,2,2,0,15.1,observed,1.0,0.0,67,true,increase_supply_or_pause_send
2025-09-02 07:00:00+08,TPE_AIRPORT,123,115,8,8,8,0,20.9,observed,1.0,0.0,-8,true,review_pickup_reliability
2025-09-02 07:00:00+08,XIMENDING,130,165,1,1,1,0,21.0,observed,1.0,0.0,35,true,increase_supply_or_pause_send
2025-09-02 08:00:00+08,TAIPEI_101,157,169,2,2,2,0,12.8,observed,1.0,0.0,12,true,monitor
2025-09-02 08:00:00+08,TAIPEI_MAIN,130,173,2,2,2,0,13.399999999999999,observed,1.0,0.0,43,true,increase_supply_or_pause_send
2025-09-02 08:00:00+08,TPE_AIRPORT,93,110,7,7,7,0,19.8,observed,1.0,0.0,17,true,monitor
2025-09-02 08:00:00+08,XIMENDING,117,202,2,2,2,0,19.1,observed,1.0,0.0,85,true,increase_supply_or_pause_send
2025-09-02 09:00:00+08,TAIPEI_101,157,112,,,94,,,source_only_no_observed_trip,,,-45,true,monitor_source_only
2025-09-02 09:00:00+08,TAIPEI_MAIN,166,92,1,1,1,0,11.0,observed,1.0,0.0,-74,true,monitor
2025-09-02 09:00:00+08,TPE_AIRPORT,105,85,17,14,13,4,18.8,observed,0.8235294117647058,0.23529411764705882,-20,true,monitor
2025-09-02 09:00:00+08,XIMENDING,176,115,,,95,,,source_only_no_observed_trip,,,-61,true,monitor_source_only
2025-09-02 10:00:00+08,TAIPEI_101,158,86,2,2,1,1,7.0,observed,1.0,0.5,-72,true,monitor
2025-09-02 10:00:00+08,TAIPEI_MAIN,158,136,,,122,,,source_only_no_observed_trip,,,-22,true,monitor_source_only
2025-09-02 10:00:00+08,TPE_AIRPORT,117,66,12,11,9,3,19.0,observed,0.9166666666666666,0.25,-51,true,monitor
2025-09-02 10:00:00+08,XIMENDING,159,96,,,79,,,source_only_no_observed_trip,,,-63,true,monitor_source_only
2025-09-02 11:00:00+08,TAIPEI_101,174,110,,,86,,,source_only_no_observed_trip,,,-64,true,monitor_source_only
2025-09-02 11:00:00+08,TAIPEI_MAIN,136,116,1,1,0,1,,observed,1.0,1.0,-20,true,monitor
2025-09-02 11:00:00+08,TPE_AIRPORT,127,55,3,3,3,0,18.8,observed,1.0,0.0,-72,true,monitor
2025-09-02 11:00:00+08,XIMENDING,163,155,,,121,,,source_only_no_observed_trip,,,-8,true,monitor_source_only
2025-09-02 12:00:00+08,TAIPEI_101,171,130,2,2,2,0,16.6,observed,1.0,0.0,-41,true,monitor
2025-09-02 12:00:00+08,TAIPEI_MAIN,172,69,1,1,1,0,12.0,observed,1.0,0.0,-103,true,monitor
2025-09-02 12:00:00+08,TPE_AIRPORT,92,104,,,84,,,source_only_no_observed_trip,,,12,true,monitor_source_only
2025-09-02 12:00:00+08,XIMENDING,173,136,1,1,1,0,9.0,observed,1.0,0.0,-37,true,monitor
2025-09-02 13:00:00+08,TAIPEI_101,165,128,,,111,,,source_only_no_observed_trip,,,-37,true,monitor_source_only
2025-09-02 13:00:00+08,TAIPEI_MAIN,160,92,,,69,,,source_only_no_observed_trip,,,-68,true,monitor_source_only
2025-09-02 13:00:00+08,TPE_AIRPORT,101,62,2,2,2,0,22.4,observed,1.0,0.0,-39,true,review_pickup_reliability
2025-09-02 13:00:00+08,XIMENDING,163,101,2,2,2,0,12.700000000000001,observed,1.0,0.0,-62,true,monitor
2025-09-02 14:00:00+08,TAIPEI_101,182,59,1,1,1,0,11.0,observed,1.0,0.0,-123,true,monitor
2025-09-02 14:00:00+08,TAIPEI_MAIN,185,91,,,79,,,source_only_no_observed_trip,,,-94,true,monitor_source_only
2025-09-02 14:00:00+08,TPE_AIRPORT,124,123,3,3,3,0,16.2,observed,1.0,0.0,-1,true,monitor
2025-09-02 14:00:00+08,XIMENDING,167,142,2,2,2,0,14.9,observed,1.0,0.0,-25,true,monitor
2025-09-02 15:00:00+08,TAIPEI_101,186,113,,,89,,,source_only_no_observed_trip,,,-73,true,monitor_source_only
2025-09-02 15:00:00+08,TAIPEI_MAIN,176,112,1,1,1,0,15.0,observed,1.0,0.0,-64,true,monitor
2025-09-02 15:00:00+08,TPE_AIRPORT,133,84,4,4,4,0,17.200000000000003,observed,1.0,0.0,-49,true,monitor
2025-09-02 15:00:00+08,XIMENDING,150,74,,,54,,,source_only_no_observed_trip,,,-76,true,monitor_source_only
2025-09-02 16:00:00+08,TAIPEI_101,150,119,1,1,1,0,8.0,observed,1.0,0.0,-31,true,monitor
2025-09-02 16:00:00+08,TAIPEI_MAIN,154,85,1,1,0,1,,observed,1.0,1.0,-69,true,monitor
2025-09-02 16:00:00+08,TPE_AIRPORT,117,94,2,2,2,0,15.5,observed,1.0,0.0,-23,true,monitor
2025-09-02 16:00:00+08,XIMENDING,169,131,,,100,,,source_only_no_observed_trip,,,-38,true,monitor_source_only
2025-09-02 17:00:00+08,TAIPEI_101,166,92,,,75,,,source_only_no_observed_trip,,,-74,true,monitor_source_only
2025-09-02 17:00:00+08,TAIPEI_MAIN,192,101,1,1,1,0,20.0,observed,1.0,0.0,-91,true,monitor
2025-09-02 17:00:00+08,TPE_AIRPORT,89,31,3,3,2,1,18.6,observed,1.0,0.3333333333333333,-58,true,monitor
2025-09-02 17:00:00+08,XIMENDING,149,95,,,71,,,source_only_no_observed_trip,,,-54,true,monitor_source_only
2025-09-02 18:00:00+08,TAIPEI_101,160,110,1,1,1,0,10.0,observed,1.0,0.0,-50,true,monitor
2025-09-02 18:00:00+08,TAIPEI_MAIN,179,121,2,2,2,0,20.400000000000002,observed,1.0,0.0,-58,true,review_pickup_reliability
2025-09-02 18:00:00+08,TPE_AIRPORT,111,87,4,4,2,2,19.6,observed,1.0,0.5,-24,true,monitor
2025-09-02 18:00:00+08,XIMENDING,181,128,,,114,,,source_only_no_observed_trip,,,-53,true,monitor_source_only
2025-09-02 19:00:00+08,TAIPEI_101,152,106,1,1,1,0,18.0,observed,1.0,0.0,-46,true,monitor
2025-09-02 19:00:00+08,TAIPEI_MAIN,186,125,2,2,2,0,14.7,observed,1.0,0.0,-61,true,monitor
2025-09-02 19:00:00+08,TPE_AIRPORT,83,92,5,5,5,0,15.0,observed,1.0,0.0,9,true,monitor
2025-09-02 19:00:00+08,XIMENDING,151,117,2,2,1,1,19.0,observed,1.0,0.5,-34,true,monitor
2025-09-02 20:00:00+08,TAIPEI_101,129,169,1,1,1,0,17.0,observed,1.0,0.0,40,true,increase_supply_or_pause_send
2025-09-02 20:00:00+08,TAIPEI_MAIN,170,208,,,171,,,source_only_no_observed_trip,,,38,true,monitor_source_only
2025-09-02 20:00:00+08,TPE_AIRPORT,102,117,1,1,1,0,12.0,observed,1.0,0.0,15,true,monitor
2025-09-02 20:00:00+08,XIMENDING,141,198,1,1,1,0,18.0,observed,1.0,0.0,57,true,increase_supply_or_pause_send
2025-09-02 21:00:00+08,TAIPEI_101,123,188,,,169,,,source_only_no_observed_trip,,,65,true,monitor_source_only
2025-09-02 21:00:00+08,TAIPEI_MAIN,143,157,1,1,0,1,,observed,1.0,1.0,14,true,monitor
2025-09-02 21:00:00+08,TPE_AIRPORT,88,140,4,4,4,0,15.8,observed,1.0,0.0,52,true,increase_supply_or_pause_send
2025-09-02 21:00:00+08,XIMENDING,142,217,1,0,0,1,,observed,0.0,1.0,75,true,increase_supply_or_pause_send
2025-09-02 22:00:00+08,TAIPEI_101,139,201,1,1,1,0,22.0,observed,1.0,0.0,62,true,increase_supply_or_pause_send
2025-09-02 22:00:00+08,TAIPEI_MAIN,136,174,1,1,1,0,18.0,observed,1.0,0.0,38,true,increase_supply_or_pause_send
2025-09-02 22:00:00+08,TPE_AIRPORT,93,109,8,8,7,1,22.8,observed,1.0,0.125,16,true,review_pickup_reliability
2025-09-02 22:00:00+08,XIMENDING,109,183,,,143,,,source_only_no_observed_trip,,,74,true,monitor_source_only
2025-09-02 23:00:00+08,TAIPEI_101,118,180,1,1,1,0,14.0,observed,1.0,0.0,62,true,increase_supply_or_pause_send
2025-09-02 23:00:00+08,TAIPEI_MAIN,129,198,,,157,,,source_only_no_observed_trip,,,69,true,monitor_source_only
2025-09-02 23:00:00+08,TPE_AIRPORT,106,103,4,3,2,2,14.9,observed,0.75,0.5,-3,true,monitor
2025-09-02 23:00:00+08,XIMENDING,147,200,,,149,,,source_only_no_observed_trip,,,53,true,monitor_source_only
2025-09-03 00:00:00+08,TAIPEI_101,164,149,,,115,,,source_only_no_observed_trip,,,-15,true,monitor_source_only
2025-09-03 00:00:00+08,TAIPEI_MAIN,171,136,1,1,1,0,15.0,observed,1.0,0.0,-35,true,monitor
2025-09-03 00:00:00+08,TPE_AIRPORT,150,86,1,1,1,0,19.0,observed,1.0,0.0,-64,true,monitor
2025-09-03 00:00:00+08,XIMENDING,161,78,,,68,,,source_only_no_observed_trip,,,-83,true,monitor_source_only
2025-09-03 01:00:00+08,TAIPEI_101,188,96,,,79,,,source_only_no_observed_trip,,,-92,true,monitor_source_only
2025-09-03 01:00:00+08,TAIPEI_MAIN,134,50,,,36,,,source_only_no_observed_trip,,,-84,true,monitor_source_only
2025-09-03 01:00:00+08,TPE_AIRPORT,100,86,2,2,2,0,12.9,observed,1.0,0.0,-14,true,monitor
2025-09-03 01:00:00+08,XIMENDING,163,139,,,121,,,source_only_no_observed_trip,,,-24,true,monitor_source_only
2025-09-03 02:00:00+08,TAIPEI_101,147,126,,,97,,,source_only_no_observed_trip,,,-21,true,monitor_source_only
2025-09-03 02:00:00+08,TAIPEI_MAIN,183,116,,,102,,,source_only_no_observed_trip,,,-67,true,monitor_source_only
2025-09-03 02:00:00+08,TPE_AIRPORT,110,97,1,1,1,0,16.0,observed,1.0,0.0,-13,true,monitor
2025-09-03 02:00:00+08,XIMENDING,162,129,2,2,2,0,17.599999999999998,observed,1.0,0.0,-33,true,monitor
2025-09-03 03:00:00+08,TAIPEI_101,138,123,,,111,,,source_only_no_observed_trip,,,-15,true,monitor_source_only
2025-09-03 03:00:00+08,TAIPEI_MAIN,174,144,,,124,,,source_only_no_observed_trip,,,-30,true,monitor_source_only
2025-09-03 03:00:00+08,TPE_AIRPORT,112,103,3,3,3,0,18.8,observed,1.0,0.0,-9,true,monitor
2025-09-03 03:00:00+08,XIMENDING,162,93,,,74,,,source_only_no_observed_trip,,,-69,true,monitor_source_only
2025-09-03 04:00:00+08,TAIPEI_101,174,118,,,88,,,source_only_no_observed_trip,,,-56,true,monitor_source_only
2025-09-03 04:00:00+08,TAIPEI_MAIN,172,126,,,110,,,source_only_no_observed_trip,,,-46,true,monitor_source_only
2025-09-03 04:00:00+08,TPE_AIRPORT,96,60,7,6,6,1,23.5,observed,0.8571428571428571,0.14285714285714285,-36,true,review_pickup_reliability
2025-09-03 04:00:00+08,XIMENDING,162,81,,,62,,,source_only_no_observed_trip,,,-81,true,monitor_source_only
2025-09-03 05:00:00+08,TAIPEI_101,163,171,,,141,,,source_only_no_observed_trip,,,8,true,monitor_source_only
2025-09-03 05:00:00+08,TAIPEI_MAIN,130,151,1,1,1,0,17.0,observed,1.0,0.0,21,true,increase_supply_or_pause_send
2025-09-03 05:00:00+08,TPE_AIRPORT,119,108,4,3,3,1,15.0,observed,0.75,0.25,-11,true,monitor
2025-09-03 05:00:00+08,XIMENDING,124,184,2,2,2,0,15.0,observed,1.0,0.0,60,true,increase_supply_or_pause_send
2025-09-03 06:00:00+08,TAIPEI_101,142,163,1,1,1,0,10.0,observed,1.0,0.0,21,true,increase_supply_or_pause_send
2025-09-03 06:00:00+08,TAIPEI_MAIN,101,163,,,126,,,source_only_no_observed_trip,,,62,true,monitor_source_only
2025-09-03 06:00:00+08,TPE_AIRPORT,111,156,2,2,2,0,18.700000000000003,observed,1.0,0.0,45,true,increase_supply_or_pause_send
2025-09-03 06:00:00+08,XIMENDING,157,160,1,1,1,0,17.0,observed,1.0,0.0,3,true,monitor
2025-09-03 07:00:00+08,TAIPEI_101,167,207,,,151,,,source_only_no_observed_trip,,,40,true,monitor_source_only
2025-09-03 07:00:00+08,TAIPEI_MAIN,148,234,2,2,2,0,15.5,observed,1.0,0.0,86,true,increase_supply_or_pause_send
2025-09-03 07:00:00+08,TPE_AIRPORT,86,123,6,6,6,0,22.5,observed,1.0,0.0,37,true,increase_supply_or_pause_send
2025-09-03 07:00:00+08,XIMENDING,122,210,1,1,1,0,17.0,observed,1.0,0.0,88,true,increase_supply_or_pause_send
2025-09-03 08:00:00+08,TAIPEI_101,131,174,2,2,2,0,18.7,observed,1.0,0.0,43,true,increase_supply_or_pause_send
2025-09-03 08:00:00+08,TAIPEI_MAIN,99,176,2,2,2,0,18.0,observed,1.0,0.0,77,true,increase_supply_or_pause_send
2025-09-03 08:00:00+08,TPE_AIRPORT,68,174,9,9,9,0,19.2,observed,1.0,0.0,106,true,increase_supply_or_pause_send
2025-09-03 08:00:00+08,XIMENDING,147,179,1,1,1,0,17.0,observed,1.0,0.0,32,true,increase_supply_or_pause_send
2025-09-03 09:00:00+08,TAIPEI_101,170,105,,,77,,,source_only_no_observed_trip,,,-65,true,monitor_source_only
2025-09-03 09:00:00+08,TAIPEI_MAIN,139,121,,,97,,,source_only_no_observed_trip,,,-18,true,monitor_source_only
2025-09-03 09:00:00+08,TPE_AIRPORT,118,56,5,5,5,0,17.8,observed,1.0,0.0,-62,true,monitor
2025-09-03 09:00:00+08,XIMENDING,169,127,3,3,2,1,14.9,observed,1.0,0.3333333333333333,-42,true,monitor
2025-09-03 10:00:00+08,TAIPEI_101,182,123,1,1,1,0,17.0,observed,1.0,0.0,-59,true,monitor
2025-09-03 10:00:00+08,TAIPEI_MAIN,141,135,,,104,,,source_only_no_observed_trip,,,-6,true,monitor_source_only
2025-09-03 10:00:00+08,TPE_AIRPORT,95,94,3,2,2,1,21.2,observed,0.6666666666666666,0.3333333333333333,-1,true,review_pickup_reliability
2025-09-03 10:00:00+08,XIMENDING,146,82,,,59,,,source_only_no_observed_trip,,,-64,true,monitor_source_only
2025-09-03 11:00:00+08,TAIPEI_101,152,104,,,88,,,source_only_no_observed_trip,,,-48,true,monitor_source_only
2025-09-03 11:00:00+08,TAIPEI_MAIN,143,98,,,73,,,source_only_no_observed_trip,,,-45,true,monitor_source_only
2025-09-03 11:00:00+08,TPE_AIRPORT,114,92,4,4,4,0,16.000000000000004,observed,1.0,0.0,-22,true,monitor
2025-09-03 11:00:00+08,XIMENDING,136,129,1,1,1,0,8.0,observed,1.0,0.0,-7,true,monitor
2025-09-03 12:00:00+08,TAIPEI_101,146,135,2,2,2,0,19.6,observed,1.0,0.0,-11,true,monitor
2025-09-03 12:00:00+08,TAIPEI_MAIN,154,70,,,56,,,source_only_no_observed_trip,,,-84,true,monitor_source_only
2025-09-03 12:00:00+08,TPE_AIRPORT,94,73,,,59,,,source_only_no_observed_trip,,,-21,true,monitor_source_only
2025-09-03 12:00:00+08,XIMENDING,143,146,1,1,1,0,20.0,observed,1.0,0.0,3,true,monitor
2025-09-03 13:00:00+08,TAIPEI_101,163,109,1,1,1,0,13.0,observed,1.0,0.0,-54,true,monitor
2025-09-03 13:00:00+08,TAIPEI_MAIN,141,106,,,76,,,source_only_no_observed_trip,,,-35,true,monitor_source_only
2025-09-03 13:00:00+08,TPE_AIRPORT,110,116,1,1,1,0,17.0,observed,1.0,0.0,6,true,monitor
2025-09-03 13:00:00+08,XIMENDING,163,96,,,71,,,source_only_no_observed_trip,,,-67,true,monitor_source_only
2025-09-03 14:00:00+08,TAIPEI_101,164,137,1,1,1,0,15.0,observed,1.0,0.0,-27,true,monitor
2025-09-03 14:00:00+08,TAIPEI_MAIN,175,118,,,94,,,source_only_no_observed_trip,,,-57,true,monitor_source_only
2025-09-03 14:00:00+08,TPE_AIRPORT,145,108,3,3,3,0,20.0,observed,1.0,0.0,-37,true,monitor
2025-09-03 14:00:00+08,XIMENDING,170,87,2,1,1,1,10.0,observed,0.5,0.5,-83,true,monitor
2025-09-03 15:00:00+08,TAIPEI_101,182,128,,,104,,,source_only_no_observed_trip,,,-54,true,monitor_source_only
2025-09-03 15:00:00+08,TAIPEI_MAIN,164,139,,,115,,,source_only_no_observed_trip,,,-25,true,monitor_source_only
2025-09-03 15:00:00+08,TPE_AIRPORT,100,90,2,2,2,0,16.5,observed,1.0,0.0,-10,true,monitor
2025-09-03 15:00:00+08,XIMENDING,180,89,,,71,,,source_only_no_observed_trip,,,-91,true,monitor_source_only
2025-09-03 16:00:00+08,TAIPEI_101,155,91,,,78,,,source_only_no_observed_trip,,,-64,true,monitor_source_only
2025-09-03 16:00:00+08,TAIPEI_MAIN,144,124,,,99,,,source_only_no_observed_trip,,,-20,true,monitor_source_only
2025-09-03 16:00:00+08,TPE_AIRPORT,101,117,2,2,2,0,15.5,observed,1.0,0.0,16,true,monitor
2025-09-03 16:00:00+08,XIMENDING,155,57,1,1,1,0,17.0,observed,1.0,0.0,-98,true,monitor
2025-09-03 17:00:00+08,TAIPEI_101,165,118,,,95,,,source_only_no_observed_trip,,,-47,true,monitor_source_only
2025-09-03 17:00:00+08,TAIPEI_MAIN,163,95,1,1,1,0,21.0,observed,1.0,0.0,-68,true,review_pickup_reliability
2025-09-03 17:00:00+08,TPE_AIRPORT,92,85,1,1,0,1,,observed,1.0,1.0,-7,true,monitor
2025-09-03 17:00:00+08,XIMENDING,187,122,1,1,1,0,14.0,observed,1.0,0.0,-65,true,monitor
2025-09-03 18:00:00+08,TAIPEI_101,168,120,2,2,1,1,13.0,observed,1.0,0.5,-48,true,monitor
2025-09-03 18:00:00+08,TAIPEI_MAIN,182,99,,,82,,,source_only_no_observed_trip,,,-83,true,monitor_source_only
2025-09-03 18:00:00+08,TPE_AIRPORT,118,124,4,4,4,0,20.6,observed,1.0,0.0,6,true,review_pickup_reliability
2025-09-03 18:00:00+08,XIMENDING,168,143,2,2,2,0,14.9,observed,1.0,0.0,-25,true,monitor
2025-09-03 19:00:00+08,TAIPEI_101,129,147,,,110,,,source_only_no_observed_trip,,,18,true,monitor_source_only
2025-09-03 19:00:00+08,TAIPEI_MAIN,178,98,2,2,2,0,13.5,observed,1.0,0.0,-80,true,monitor
2025-09-03 19:00:00+08,TPE_AIRPORT,106,65,5,3,3,2,12.8,observed,0.6,0.4,-41,true,monitor
2025-09-03 19:00:00+08,XIMENDING,146,126,4,4,4,0,19.5,observed,1.0,0.0,-20,true,monitor
2025-09-03 20:00:00+08,TAIPEI_101,166,162,2,2,2,0,13.899999999999999,observed,1.0,0.0,-4,true,monitor
2025-09-03 20:00:00+08,TAIPEI_MAIN,116,167,1,1,1,0,22.0,observed,1.0,0.0,51,true,increase_supply_or_pause_send
2025-09-03 20:00:00+08,TPE_AIRPORT,82,136,2,2,2,0,7.9,observed,1.0,0.0,54,true,increase_supply_or_pause_send
2025-09-03 20:00:00+08,XIMENDING,114,222,1,1,1,0,12.0,observed,1.0,0.0,108,true,increase_supply_or_pause_send
2025-09-03 21:00:00+08,TAIPEI_101,160,206,,,149,,,source_only_no_observed_trip,,,46,true,monitor_source_only
2025-09-03 21:00:00+08,TAIPEI_MAIN,116,186,1,1,1,0,11.0,observed,1.0,0.0,70,true,increase_supply_or_pause_send
2025-09-03 21:00:00+08,TPE_AIRPORT,36,123,2,1,1,1,20.0,observed,0.5,0.5,87,true,increase_supply_or_pause_send
2025-09-03 21:00:00+08,XIMENDING,127,177,,,150,,,source_only_no_observed_trip,,,50,true,monitor_source_only
2025-09-03 22:00:00+08,TAIPEI_101,115,172,,,141,,,source_only_no_observed_trip,,,57,true,monitor_source_only
2025-09-03 22:00:00+08,TAIPEI_MAIN,154,182,,,161,,,source_only_no_observed_trip,,,28,true,monitor_source_only
2025-09-03 22:00:00+08,TPE_AIRPORT,63,114,9,9,9,0,19.2,observed,1.0,0.0,51,true,increase_supply_or_pause_send
2025-09-03 22:00:00+08,XIMENDING,108,173,,,137,,,source_only_no_observed_trip,,,65,true,monitor_source_only
2025-09-03 23:00:00+08,TAIPEI_101,199,208,1,1,1,0,12.0,observed,1.0,0.0,9,true,monitor
2025-09-03 23:00:00+08,TAIPEI_MAIN,135,190,2,2,2,0,18.900000000000002,observed,1.0,0.0,55,true,increase_supply_or_pause_send
2025-09-03 23:00:00+08,TPE_AIRPORT,87,127,6,6,6,0,19.5,observed,1.0,0.0,40,true,increase_supply_or_pause_send
2025-09-03 23:00:00+08,XIMENDING,136,164,,,119,,,source_only_no_observed_trip,,,28,true,monitor_source_only
2025-09-04 00:00:00+08,TAIPEI_101,184,153,1,1,1,0,9.0,observed,1.0,0.0,-31,true,monitor
2025-09-04 00:00:00+08,TAIPEI_MAIN,163,120,,,91,,,source_only_no_observed_trip,,,-43,true,monitor_source_only
2025-09-04 00:00:00+08,TPE_AIRPORT,75,105,3,3,2,1,19.900000000000002,observed,1.0,0.3333333333333333,30,true,increase_supply_or_pause_send
2025-09-04 00:00:00+08,XIMENDING,169,95,1,1,1,0,12.0,observed,1.0,0.0,-74,true,monitor
2025-09-04 01:00:00+08,TAIPEI_101,144,129,1,1,1,0,9.0,observed,1.0,0.0,-15,true,monitor
2025-09-04 01:00:00+08,TAIPEI_MAIN,164,86,,,75,,,source_only_no_observed_trip,,,-78,true,monitor_source_only
2025-09-04 01:00:00+08,TPE_AIRPORT,117,74,1,1,0,1,,observed,1.0,1.0,-43,true,monitor
2025-09-04 01:00:00+08,XIMENDING,155,123,1,0,0,1,,observed,0.0,1.0,-32,true,monitor
2025-09-04 02:00:00+08,TAIPEI_101,171,142,,,102,,,source_only_no_observed_trip,,,-29,true,monitor_source_only
2025-09-04 02:00:00+08,TAIPEI_MAIN,165,84,,,60,,,source_only_no_observed_trip,,,-81,true,monitor_source_only
2025-09-04 02:00:00+08,TPE_AIRPORT,88,111,6,6,5,1,19.8,observed,1.0,0.16666666666666666,23,true,increase_supply_or_pause_send
2025-09-04 02:00:00+08,XIMENDING,135,129,3,3,2,1,17.099999999999998,observed,1.0,0.3333333333333333,-6,true,monitor
2025-09-04 03:00:00+08,TAIPEI_101,158,90,,,76,,,source_only_no_observed_trip,,,-68,true,monitor_source_only
2025-09-04 03:00:00+08,TAIPEI_MAIN,164,122,,,92,,,source_only_no_observed_trip,,,-42,true,monitor_source_only
2025-09-04 03:00:00+08,TPE_AIRPORT,141,104,1,1,1,0,16.0,observed,1.0,0.0,-37,true,monitor
2025-09-04 03:00:00+08,XIMENDING,162,96,,,72,,,source_only_no_observed_trip,,,-66,true,monitor_source_only
2025-09-04 04:00:00+08,TAIPEI_101,158,117,,,85,,,source_only_no_observed_trip,,,-41,true,monitor_source_only
2025-09-04 04:00:00+08,TAIPEI_MAIN,174,84,,,63,,,source_only_no_observed_trip,,,-90,true,monitor_source_only
2025-09-04 04:00:00+08,TPE_AIRPORT,118,99,3,1,1,2,12.0,observed,0.3333333333333333,0.6666666666666666,-19,true,monitor
2025-09-04 04:00:00+08,XIMENDING,160,124,,,89,,,source_only_no_observed_trip,,,-36,true,monitor_source_only
2025-09-04 05:00:00+08,TAIPEI_101,151,143,,,110,,,source_only_no_observed_trip,,,-8,true,monitor_source_only
2025-09-04 05:00:00+08,TAIPEI_MAIN,113,198,,,168,,,source_only_no_observed_trip,,,85,true,monitor_source_only
2025-09-04 05:00:00+08,TPE_AIRPORT,62,128,3,3,3,0,18.4,observed,1.0,0.0,66,true,increase_supply_or_pause_send
2025-09-04 05:00:00+08,XIMENDING,163,191,,,157,,,source_only_no_observed_trip,,,28,true,monitor_source_only
2025-09-04 06:00:00+08,TAIPEI_101,142,219,,,192,,,source_only_no_observed_trip,,,77,true,monitor_source_only
2025-09-04 06:00:00+08,TAIPEI_MAIN,124,196,1,1,1,0,9.0,observed,1.0,0.0,72,true,increase_supply_or_pause_send
2025-09-04 06:00:00+08,TPE_AIRPORT,105,151,5,5,4,1,13.7,observed,1.0,0.2,46,true,increase_supply_or_pause_send
2025-09-04 06:00:00+08,XIMENDING,141,186,2,1,1,1,14.0,observed,0.5,0.5,45,true,increase_supply_or_pause_send
2025-09-04 07:00:00+08,TAIPEI_101,123,166,2,2,2,0,12.4,observed,1.0,0.0,43,true,increase_supply_or_pause_send
2025-09-04 07:00:00+08,TAIPEI_MAIN,140,225,,,193,,,source_only_no_observed_trip,,,85,true,monitor_source_only
2025-09-04 07:00:00+08,TPE_AIRPORT,78,113,9,8,8,1,18.9,observed,0.8888888888888888,0.1111111111111111,35,true,increase_supply_or_pause_send
2025-09-04 07:00:00+08,XIMENDING,128,187,2,2,2,0,14.9,observed,1.0,0.0,59,true,increase_supply_or_pause_send
2025-09-04 08:00:00+08,TAIPEI_101,137,162,,,142,,,source_only_no_observed_trip,,,25,true,monitor_source_only
2025-09-04 08:00:00+08,TAIPEI_MAIN,152,200,1,1,1,0,13.0,observed,1.0,0.0,48,true,increase_supply_or_pause_send
2025-09-04 08:00:00+08,TPE_AIRPORT,110,110,4,4,4,0,19.1,observed,1.0,0.0,0,true,monitor
2025-09-04 08:00:00+08,XIMENDING,144,217,3,3,2,1,16.3,observed,1.0,0.3333333333333333,73,true,increase_supply_or_pause_send
2025-09-04 09:00:00+08,TAIPEI_101,153,123,,,101,,,source_only_no_observed_trip,,,-30,true,monitor_source_only
2025-09-04 09:00:00+08,TAIPEI_MAIN,162,133,,,118,,,source_only_no_observed_trip,,,-29,true,monitor_source_only
2025-09-04 09:00:00+08,TPE_AIRPORT,88,71,9,9,8,1,18.6,observed,1.0,0.1111111111111111,-17,true,monitor
2025-09-04 09:00:00+08,XIMENDING,150,128,1,1,0,1,,observed,1.0,1.0,-22,true,monitor
2025-09-04 10:00:00+08,TAIPEI_101,191,115,,,100,,,source_only_no_observed_trip,,,-76,true,monitor_source_only
2025-09-04 10:00:00+08,TAIPEI_MAIN,150,153,1,1,1,0,11.0,observed,1.0,0.0,3,true,monitor
2025-09-04 10:00:00+08,TPE_AIRPORT,79,108,5,5,4,1,18.700000000000003,observed,1.0,0.2,29,true,increase_supply_or_pause_send
2025-09-04 10:00:00+08,XIMENDING,134,88,,,70,,,source_only_no_observed_trip,,,-46,true,monitor_source_only
2025-09-04 11:00:00+08,TAIPEI_101,141,144,2,2,2,0,22.4,observed,1.0,0.0,3,true,review_pickup_reliability
2025-09-04 11:00:00+08,TAIPEI_MAIN,159,103,3,3,3,0,23.0,observed,1.0,0.0,-56,true,review_pickup_reliability
2025-09-04 11:00:00+08,TPE_AIRPORT,104,62,4,4,3,1,21.800000000000004,observed,1.0,0.25,-42,true,review_pickup_reliability
2025-09-04 11:00:00+08,XIMENDING,133,125,,,104,,,source_only_no_observed_trip,,,-8,true,monitor_source_only
2025-09-04 12:00:00+08,TAIPEI_101,160,134,,,119,,,source_only_no_observed_trip,,,-26,true,monitor_source_only
2025-09-04 12:00:00+08,TAIPEI_MAIN,177,99,,,85,,,source_only_no_observed_trip,,,-78,true,monitor_source_only
2025-09-04 12:00:00+08,TPE_AIRPORT,103,94,,,74,,,source_only_no_observed_trip,,,-9,true,monitor_source_only
2025-09-04 12:00:00+08,XIMENDING,196,118,2,1,1,1,13.0,observed,0.5,0.5,-78,true,monitor
2025-09-04 13:00:00+08,TAIPEI_101,160,115,,,98,,,source_only_no_observed_trip,,,-45,true,monitor_source_only
2025-09-04 13:00:00+08,TAIPEI_MAIN,177,112,,,80,,,source_only_no_observed_trip,,,-65,true,monitor_source_only
2025-09-04 13:00:00+08,TPE_AIRPORT,113,76,3,3,3,0,10.0,observed,1.0,0.0,-37,true,monitor
2025-09-04 13:00:00+08,XIMENDING,154,129,3,3,2,1,16.9,observed,1.0,0.3333333333333333,-25,true,monitor
2025-09-04 14:00:00+08,TAIPEI_101,172,112,,,99,,,source_only_no_observed_trip,,,-60,true,monitor_source_only
2025-09-04 14:00:00+08,TAIPEI_MAIN,193,153,,,134,,,source_only_no_observed_trip,,,-40,true,monitor_source_only
2025-09-04 14:00:00+08,TPE_AIRPORT,97,62,,,56,,,source_only_no_observed_trip,,,-35,true,monitor_source_only
2025-09-04 14:00:00+08,XIMENDING,144,126,,,92,,,source_only_no_observed_trip,,,-18,true,monitor_source_only
2025-09-04 15:00:00+08,TAIPEI_101,146,130,,,101,,,source_only_no_observed_trip,,,-16,true,monitor_source_only
2025-09-04 15:00:00+08,TAIPEI_MAIN,157,141,1,1,1,0,7.0,observed,1.0,0.0,-16,true,monitor
2025-09-04 15:00:00+08,TPE_AIRPORT,96,48,2,2,2,0,10.9,observed,1.0,0.0,-48,true,monitor
2025-09-04 15:00:00+08,XIMENDING,170,134,,,97,,,source_only_no_observed_trip,,,-36,true,monitor_source_only
2025-09-04 16:00:00+08,TAIPEI_101,176,133,1,1,0,1,,observed,1.0,1.0,-43,true,monitor
2025-09-04 16:00:00+08,TAIPEI_MAIN,172,104,,,86,,,source_only_no_observed_trip,,,-68,true,monitor_source_only
2025-09-04 16:00:00+08,TPE_AIRPORT,112,76,,,56,,,source_only_no_observed_trip,,,-36,true,monitor_source_only
2025-09-04 16:00:00+08,XIMENDING,166,84,1,1,1,0,11.0,observed,1.0,0.0,-82,true,monitor
2025-09-04 17:00:00+08,TAIPEI_101,138,103,1,1,1,0,9.0,observed,1.0,0.0,-35,true,monitor
2025-09-04 17:00:00+08,TAIPEI_MAIN,159,138,2,2,2,0,17.8,observed,1.0,0.0,-21,true,monitor
2025-09-04 17:00:00+08,TPE_AIRPORT,105,68,4,4,3,1,20.8,observed,1.0,0.25,-37,true,review_pickup_reliability
2025-09-04 17:00:00+08,XIMENDING,163,93,,,74,,,source_only_no_observed_trip,,,-70,true,monitor_source_only
2025-09-04 18:00:00+08,TAIPEI_101,124,130,,,110,,,source_only_no_observed_trip,,,6,true,monitor_source_only
2025-09-04 18:00:00+08,TAIPEI_MAIN,168,98,1,1,1,0,15.0,observed,1.0,0.0,-70,true,monitor
2025-09-04 18:00:00+08,TPE_AIRPORT,130,86,5,5,5,0,17.6,observed,1.0,0.0,-44,true,monitor
2025-09-04 18:00:00+08,XIMENDING,137,131,2,2,2,0,18.5,observed,1.0,0.0,-6,true,monitor
2025-09-04 19:00:00+08,TAIPEI_101,152,104,1,1,1,0,11.0,observed,1.0,0.0,-48,true,monitor
2025-09-04 19:00:00+08,TAIPEI_MAIN,147,114,2,2,1,1,8.0,observed,1.0,0.5,-33,true,monitor
2025-09-04 19:00:00+08,TPE_AIRPORT,131,68,5,4,3,2,16.6,observed,0.8,0.4,-63,true,monitor
2025-09-04 19:00:00+08,XIMENDING,151,118,2,2,2,0,10.9,observed,1.0,0.0,-33,true,monitor
2025-09-04 20:00:00+08,TAIPEI_101,139,159,1,1,1,0,13.0,observed,1.0,0.0,20,true,monitor
2025-09-04 20:00:00+08,TAIPEI_MAIN,126,168,1,1,1,0,17.0,observed,1.0,0.0,42,true,increase_supply_or_pause_send
2025-09-04 20:00:00+08,TPE_AIRPORT,88,128,4,3,3,1,18.8,observed,0.75,0.25,40,true,increase_supply_or_pause_send
2025-09-04 20:00:00+08,XIMENDING,110,164,,,141,,,source_only_no_observed_trip,,,54,true,monitor_source_only
2025-09-04 21:00:00+08,TAIPEI_101,125,183,2,2,2,0,19.6,observed,1.0,0.0,58,true,increase_supply_or_pause_send
2025-09-04 21:00:00+08,TAIPEI_MAIN,159,215,2,2,2,0,20.6,observed,1.0,0.0,56,true,increase_supply_or_pause_send
2025-09-04 21:00:00+08,TPE_AIRPORT,63,129,4,4,3,1,19.4,observed,1.0,0.25,66,true,increase_supply_or_pause_send
2025-09-04 21:00:00+08,XIMENDING,158,213,,,191,,,source_only_no_observed_trip,,,55,true,monitor_source_only
2025-09-04 22:00:00+08,TAIPEI_101,138,140,,,113,,,source_only_no_observed_trip,,,2,true,monitor_source_only
2025-09-04 22:00:00+08,TAIPEI_MAIN,163,169,,,127,,,source_only_no_observed_trip,,,6,true,monitor_source_only
2025-09-04 22:00:00+08,TPE_AIRPORT,71,118,6,6,5,1,21.8,observed,1.0,0.16666666666666666,47,true,increase_supply_or_pause_send
2025-09-04 22:00:00+08,XIMENDING,116,157,,,127,,,source_only_no_observed_trip,,,41,true,monitor_source_only
2025-09-04 23:00:00+08,TAIPEI_101,90,207,,,156,,,source_only_no_observed_trip,,,117,true,monitor_source_only
2025-09-04 23:00:00+08,TAIPEI_MAIN,157,188,,,151,,,source_only_no_observed_trip,,,31,true,monitor_source_only
2025-09-04 23:00:00+08,TPE_AIRPORT,85,114,2,2,1,1,12.0,observed,1.0,0.5,29,true,increase_supply_or_pause_send
2025-09-04 23:00:00+08,XIMENDING,142,192,,,172,,,source_only_no_observed_trip,,,50,true,monitor_source_only
2025-09-05 00:00:00+08,TAIPEI_101,137,104,1,1,1,0,18.0,observed,1.0,0.0,-33,true,monitor
2025-09-05 00:00:00+08,TAIPEI_MAIN,186,82,1,1,1,0,21.0,observed,1.0,0.0,-104,true,review_pickup_reliability
2025-09-05 00:00:00+08,TPE_AIRPORT,132,29,8,8,7,1,16.0,observed,1.0,0.125,-103,true,monitor
2025-09-05 00:00:00+08,XIMENDING,161,91,,,82,,,source_only_no_observed_trip,,,-70,true,monitor_source_only
2025-09-05 01:00:00+08,TAIPEI_101,179,97,,,75,,,source_only_no_observed_trip,,,-82,true,monitor_source_only
2025-09-05 01:00:00+08,TAIPEI_MAIN,162,127,,,104,,,source_only_no_observed_trip,,,-35,true,monitor_source_only
2025-09-05 01:00:00+08,TPE_AIRPORT,114,79,5,4,4,1,16.1,observed,0.8,0.2,-35,true,monitor
2025-09-05 01:00:00+08,XIMENDING,138,111,,,83,,,source_only_no_observed_trip,,,-27,true,monitor_source_only
2025-09-05 02:00:00+08,TAIPEI_101,153,85,1,1,1,0,12.0,observed,1.0,0.0,-68,true,monitor
2025-09-05 02:00:00+08,TAIPEI_MAIN,173,135,,,117,,,source_only_no_observed_trip,,,-38,true,monitor_source_only
2025-09-05 02:00:00+08,TPE_AIRPORT,124,103,,,83,,,source_only_no_observed_trip,,,-21,true,monitor_source_only
2025-09-05 02:00:00+08,XIMENDING,190,117,,,97,,,source_only_no_observed_trip,,,-73,true,monitor_source_only
2025-09-05 03:00:00+08,TAIPEI_101,124,113,,,88,,,source_only_no_observed_trip,,,-11,true,monitor_source_only
2025-09-05 03:00:00+08,TAIPEI_MAIN,156,94,,,72,,,source_only_no_observed_trip,,,-62,true,monitor_source_only
2025-09-05 03:00:00+08,TPE_AIRPORT,145,68,1,1,1,0,11.0,observed,1.0,0.0,-77,true,monitor
2025-09-05 03:00:00+08,XIMENDING,140,89,,,65,,,source_only_no_observed_trip,,,-51,true,monitor_source_only
2025-09-05 04:00:00+08,TAIPEI_101,158,85,,,64,,,source_only_no_observed_trip,,,-73,true,monitor_source_only
2025-09-05 04:00:00+08,TAIPEI_MAIN,163,116,1,1,1,0,12.0,observed,1.0,0.0,-47,true,monitor
2025-09-05 04:00:00+08,TPE_AIRPORT,118,64,4,4,4,0,18.1,observed,1.0,0.0,-54,true,monitor
2025-09-05 04:00:00+08,XIMENDING,151,100,,,84,,,source_only_no_observed_trip,,,-51,true,monitor_source_only
2025-09-05 05:00:00+08,TAIPEI_101,131,214,,,158,,,source_only_no_observed_trip,,,83,true,monitor_source_only
2025-09-05 05:00:00+08,TAIPEI_MAIN,122,191,1,1,1,0,22.0,observed,1.0,0.0,69,true,increase_supply_or_pause_send
2025-09-05 05:00:00+08,TPE_AIRPORT,93,107,6,6,5,1,15.4,observed,1.0,0.16666666666666666,14,true,monitor
2025-09-05 05:00:00+08,XIMENDING,112,175,2,2,2,0,17.799999999999997,observed,1.0,0.0,63,true,increase_supply_or_pause_send
2025-09-05 06:00:00+08,TAIPEI_101,132,168,,,151,,,source_only_no_observed_trip,,,36,true,monitor_source_only
2025-09-05 06:00:00+08,TAIPEI_MAIN,159,192,,,160,,,source_only_no_observed_trip,,,33,true,monitor_source_only
2025-09-05 06:00:00+08,TPE_AIRPORT,72,144,7,6,6,1,20.0,observed,0.8571428571428571,0.14285714285714285,72,true,increase_supply_or_pause_send
2025-09-05 06:00:00+08,XIMENDING,158,161,1,1,1,0,10.0,observed,1.0,0.0,3,true,monitor
2025-09-05 07:00:00+08,TAIPEI_101,132,204,,,180,,,source_only_no_observed_trip,,,72,true,monitor_source_only
2025-09-05 07:00:00+08,TAIPEI_MAIN,124,212,2,2,1,1,18.0,observed,1.0,0.5,88,true,increase_supply_or_pause_send
2025-09-05 07:00:00+08,TPE_AIRPORT,74,113,6,4,3,3,14.799999999999999,observed,0.6666666666666666,0.5,39,true,increase_supply_or_pause_send
2025-09-05 07:00:00+08,XIMENDING,124,224,1,1,1,0,17.0,observed,1.0,0.0,100,true,increase_supply_or_pause_send
2025-09-05 08:00:00+08,TAIPEI_101,109,176,,,140,,,source_only_no_observed_trip,,,67,true,monitor_source_only
2025-09-05 08:00:00+08,TAIPEI_MAIN,130,184,2,2,2,0,16.6,observed,1.0,0.0,54,true,increase_supply_or_pause_send
2025-09-05 08:00:00+08,TPE_AIRPORT,78,107,6,5,5,1,22.6,observed,0.8333333333333334,0.16666666666666666,29,true,increase_supply_or_pause_send
2025-09-05 08:00:00+08,XIMENDING,122,167,2,2,2,0,10.5,observed,1.0,0.0,45,true,increase_supply_or_pause_send
2025-09-05 09:00:00+08,TAIPEI_101,137,142,1,1,1,0,13.0,observed,1.0,0.0,5,true,monitor
2025-09-05 09:00:00+08,TAIPEI_MAIN,168,117,,,98,,,source_only_no_observed_trip,,,-51,true,monitor_source_only
2025-09-05 09:00:00+08,TPE_AIRPORT,112,91,7,5,4,3,19.4,observed,0.7142857142857143,0.42857142857142855,-21,true,monitor
2025-09-05 09:00:00+08,XIMENDING,174,106,,,77,,,source_only_no_observed_trip,,,-68,true,monitor_source_only
2025-09-05 10:00:00+08,TAIPEI_101,167,94,,,79,,,source_only_no_observed_trip,,,-73,true,monitor_source_only
2025-09-05 10:00:00+08,TAIPEI_MAIN,157,86,1,1,0,1,,observed,1.0,1.0,-71,true,monitor
2025-09-05 10:00:00+08,TPE_AIRPORT,101,102,9,9,8,1,16.4,observed,1.0,0.1111111111111111,1,true,monitor
2025-09-05 10:00:00+08,XIMENDING,157,105,,,79,,,source_only_no_observed_trip,,,-52,true,monitor_source_only
2025-09-05 11:00:00+08,TAIPEI_101,154,166,,,139,,,source_only_no_observed_trip,,,12,true,monitor_source_only
2025-09-05 11:00:00+08,TAIPEI_MAIN,154,121,1,1,1,0,8.0,observed,1.0,0.0,-33,true,monitor
2025-09-05 11:00:00+08,TPE_AIRPORT,83,73,5,5,5,0,18.0,observed,1.0,0.0,-10,true,monitor
2025-09-05 11:00:00+08,XIMENDING,162,128,,,113,,,source_only_no_observed_trip,,,-34,true,monitor_source_only
2025-09-05 12:00:00+08,TAIPEI_101,130,113,,,87,,,source_only_no_observed_trip,,,-17,true,monitor_source_only
2025-09-05 12:00:00+08,TAIPEI_MAIN,142,81,1,1,1,0,20.0,observed,1.0,0.0,-61,true,monitor
2025-09-05 12:00:00+08,TPE_AIRPORT,67,61,3,3,2,1,20.1,observed,1.0,0.3333333333333333,-6,true,review_pickup_reliability
2025-09-05 12:00:00+08,XIMENDING,185,97,,,82,,,source_only_no_observed_trip,,,-88,true,monitor_source_only
2025-09-05 13:00:00+08,TAIPEI_101,147,109,,,80,,,source_only_no_observed_trip,,,-38,true,monitor_source_only
2025-09-05 13:00:00+08,TAIPEI_MAIN,159,94,1,1,1,0,10.0,observed,1.0,0.0,-65,true,monitor
2025-09-05 13:00:00+08,TPE_AIRPORT,109,48,4,4,4,0,19.5,observed,1.0,0.0,-61,true,monitor
2025-09-05 13:00:00+08,XIMENDING,159,121,1,1,1,0,14.0,observed,1.0,0.0,-38,true,monitor
2025-09-05 14:00:00+08,TAIPEI_101,154,70,,,50,,,source_only_no_observed_trip,,,-84,true,monitor_source_only
2025-09-05 14:00:00+08,TAIPEI_MAIN,173,103,,,90,,,source_only_no_observed_trip,,,-70,true,monitor_source_only
2025-09-05 14:00:00+08,TPE_AIRPORT,111,15,1,1,1,0,21.0,observed,1.0,0.0,-96,true,review_pickup_reliability
2025-09-05 14:00:00+08,XIMENDING,149,101,,,73,,,source_only_no_observed_trip,,,-48,true,monitor_source_only
2025-09-05 15:00:00+08,TAIPEI_101,143,106,1,1,1,0,16.0,observed,1.0,0.0,-37,true,monitor
2025-09-05 15:00:00+08,TAIPEI_MAIN,149,83,,,66,,,source_only_no_observed_trip,,,-66,true,monitor_source_only
2025-09-05 15:00:00+08,TPE_AIRPORT,97,63,1,1,1,0,16.0,observed,1.0,0.0,-34,true,monitor
2025-09-05 15:00:00+08,XIMENDING,152,67,1,1,1,0,10.0,observed,1.0,0.0,-85,true,monitor
2025-09-05 16:00:00+08,TAIPEI_101,139,109,2,2,2,0,20.200000000000003,observed,1.0,0.0,-30,true,review_pickup_reliability
2025-09-05 16:00:00+08,TAIPEI_MAIN,130,170,1,1,1,0,11.0,observed,1.0,0.0,40,true,increase_supply_or_pause_send
2025-09-05 16:00:00+08,TPE_AIRPORT,143,34,4,4,3,1,18.0,observed,1.0,0.25,-109,true,monitor
2025-09-05 16:00:00+08,XIMENDING,147,132,1,1,1,0,11.0,observed,1.0,0.0,-15,true,monitor
2025-09-05 17:00:00+08,TAIPEI_101,171,118,3,2,2,1,12.8,observed,0.6666666666666666,0.3333333333333333,-53,true,monitor
2025-09-05 17:00:00+08,TAIPEI_MAIN,169,124,1,1,1,0,8.0,observed,1.0,0.0,-45,true,monitor
2025-09-05 17:00:00+08,TPE_AIRPORT,102,98,3,2,2,1,14.5,observed,0.6666666666666666,0.3333333333333333,-4,true,monitor
2025-09-05 17:00:00+08,XIMENDING,145,134,3,3,3,0,16.8,observed,1.0,0.0,-11,true,monitor
2025-09-05 18:00:00+08,TAIPEI_101,150,99,1,1,1,0,23.0,observed,1.0,0.0,-51,true,review_pickup_reliability
2025-09-05 18:00:00+08,TAIPEI_MAIN,182,89,1,1,1,0,21.0,observed,1.0,0.0,-93,true,review_pickup_reliability
2025-09-05 18:00:00+08,TPE_AIRPORT,125,98,4,4,4,0,18.5,observed,1.0,0.0,-27,true,monitor
2025-09-05 18:00:00+08,XIMENDING,174,102,,,78,,,source_only_no_observed_trip,,,-72,true,monitor_source_only
2025-09-05 19:00:00+08,TAIPEI_101,157,134,1,1,1,0,20.0,observed,1.0,0.0,-23,true,monitor
2025-09-05 19:00:00+08,TAIPEI_MAIN,169,69,3,3,3,0,19.0,observed,1.0,0.0,-100,true,monitor
2025-09-05 19:00:00+08,TPE_AIRPORT,125,96,3,3,2,1,21.2,observed,1.0,0.3333333333333333,-29,true,review_pickup_reliability
2025-09-05 19:00:00+08,XIMENDING,176,117,,,94,,,source_only_no_observed_trip,,,-59,true,monitor_source_only
2025-09-05 20:00:00+08,TAIPEI_101,111,165,,,148,,,source_only_no_observed_trip,,,54,true,monitor_source_only
2025-09-05 20:00:00+08,TAIPEI_MAIN,111,209,2,1,1,1,12.0,observed,0.5,0.5,98,true,increase_supply_or_pause_send
2025-09-05 20:00:00+08,TPE_AIRPORT,102,150,5,5,5,0,17.0,observed,1.0,0.0,48,true,increase_supply_or_pause_send
2025-09-05 20:00:00+08,XIMENDING,129,111,2,2,2,0,10.7,observed,1.0,0.0,-18,true,monitor
2025-09-05 21:00:00+08,TAIPEI_101,119,188,1,1,1,0,16.0,observed,1.0,0.0,69,true,increase_supply_or_pause_send
2025-09-05 21:00:00+08,TAIPEI_MAIN,152,161,1,1,1,0,12.0,observed,1.0,0.0,9,true,monitor
2025-09-05 21:00:00+08,TPE_AIRPORT,64,136,6,6,5,1,20.400000000000002,observed,1.0,0.16666666666666666,72,true,increase_supply_or_pause_send
2025-09-05 21:00:00+08,XIMENDING,130,209,,,151,,,source_only_no_observed_trip,,,79,true,monitor_source_only
2025-09-05 22:00:00+08,TAIPEI_101,112,175,,,145,,,source_only_no_observed_trip,,,63,true,monitor_source_only
2025-09-05 22:00:00+08,TAIPEI_MAIN,171,185,1,1,1,0,19.0,observed,1.0,0.0,14,true,monitor
2025-09-05 22:00:00+08,TPE_AIRPORT,50,140,10,9,8,2,16.8,observed,0.9,0.2,90,true,increase_supply_or_pause_send
2025-09-05 22:00:00+08,XIMENDING,139,169,,,125,,,source_only_no_observed_trip,,,30,true,monitor_source_only
2025-09-05 23:00:00+08,TAIPEI_101,114,145,1,1,1,0,17.0,observed,1.0,0.0,31,true,increase_supply_or_pause_send
2025-09-05 23:00:00+08,TAIPEI_MAIN,139,165,,,146,,,source_only_no_observed_trip,,,26,true,monitor_source_only
2025-09-05 23:00:00+08,TPE_AIRPORT,112,101,2,2,2,0,15.8,observed,1.0,0.0,-11,true,monitor
2025-09-05 23:00:00+08,XIMENDING,118,175,1,1,1,0,17.0,observed,1.0,0.0,57,true,increase_supply_or_pause_send
2025-09-06 00:00:00+08,TAIPEI_101,165,108,1,1,1,0,23.0,observed,1.0,0.0,-57,true,review_pickup_reliability
2025-09-06 00:00:00+08,TAIPEI_MAIN,163,127,2,2,2,0,12.8,observed,1.0,0.0,-36,true,monitor
2025-09-06 00:00:00+08,TPE_AIRPORT,122,42,6,6,5,1,19.2,observed,1.0,0.16666666666666666,-80,true,monitor
2025-09-06 00:00:00+08,XIMENDING,157,85,,,69,,,source_only_no_observed_trip,,,-72,true,monitor_source_only
2025-09-06 01:00:00+08,TAIPEI_101,177,150,2,2,2,0,12.8,observed,1.0,0.0,-27,true,monitor
2025-09-06 01:00:00+08,TAIPEI_MAIN,141,99,,,73,,,source_only_no_observed_trip,,,-42,true,monitor_source_only
2025-09-06 01:00:00+08,TPE_AIRPORT,104,47,11,9,7,4,15.600000000000001,observed,0.8181818181818182,0.36363636363636365,-57,true,monitor
2025-09-06 01:00:00+08,XIMENDING,159,121,,,107,,,source_only_no_observed_trip,,,-38,true,monitor_source_only
2025-09-06 02:00:00+08,TAIPEI_101,145,128,,,103,,,source_only_no_observed_trip,,,-17,true,monitor_source_only
2025-09-06 02:00:00+08,TAIPEI_MAIN,141,124,,,100,,,source_only_no_observed_trip,,,-17,true,monitor_source_only
2025-09-06 02:00:00+08,TPE_AIRPORT,79,86,7,5,4,3,16.200000000000003,observed,0.7142857142857143,0.42857142857142855,7,true,monitor
2025-09-06 02:00:00+08,XIMENDING,139,136,,,119,,,source_only_no_observed_trip,,,-3,true,monitor_source_only
2025-09-06 03:00:00+08,TAIPEI_101,140,87,,,75,,,source_only_no_observed_trip,,,-53,true,monitor_source_only
2025-09-06 03:00:00+08,TAIPEI_MAIN,166,74,2,1,1,1,18.0,observed,0.5,0.5,-92,true,monitor
2025-09-06 03:00:00+08,TPE_AIRPORT,129,76,3,3,2,1,15.6,observed,1.0,0.3333333333333333,-53,true,monitor
2025-09-06 03:00:00+08,XIMENDING,138,120,,,88,,,source_only_no_observed_trip,,,-18,true,monitor_source_only
2025-09-06 04:00:00+08,TAIPEI_101,151,129,,,113,,,source_only_no_observed_trip,,,-22,true,monitor_source_only
2025-09-06 04:00:00+08,TAIPEI_MAIN,150,121,1,1,0,1,,observed,1.0,1.0,-29,true,monitor
2025-09-06 04:00:00+08,TPE_AIRPORT,100,71,4,4,4,0,13.4,observed,1.0,0.0,-29,true,monitor
2025-09-06 04:00:00+08,XIMENDING,190,81,1,1,1,0,21.0,observed,1.0,0.0,-109,true,review_pickup_reliability
2025-09-06 05:00:00+08,TAIPEI_101,107,182,1,1,1,0,17.0,observed,1.0,0.0,75,true,increase_supply_or_pause_send
2025-09-06 05:00:00+08,TAIPEI_MAIN,153,166,1,1,1,0,8.0,observed,1.0,0.0,13,true,monitor
2025-09-06 05:00:00+08,TPE_AIRPORT,109,94,5,4,3,2,13.0,observed,0.8,0.4,-15,true,monitor
2025-09-06 05:00:00+08,XIMENDING,129,187,,,164,,,source_only_no_observed_trip,,,58,true,monitor_source_only
2025-09-06 06:00:00+08,TAIPEI_101,117,175,,,126,,,source_only_no_observed_trip,,,58,true,monitor_source_only
2025-09-06 06:00:00+08,TAIPEI_MAIN,119,213,,,184,,,source_only_no_observed_trip,,,94,true,monitor_source_only
2025-09-06 06:00:00+08,TPE_AIRPORT,105,128,7,6,5,2,17.0,observed,0.8571428571428571,0.2857142857142857,23,true,increase_supply_or_pause_send
2025-09-06 06:00:00+08,XIMENDING,155,198,3,2,2,1,13.899999999999999,observed,0.6666666666666666,0.3333333333333333,43,true,increase_supply_or_pause_send
2025-09-06 07:00:00+08,TAIPEI_101,134,202,1,1,1,0,9.0,observed,1.0,0.0,68,true,increase_supply_or_pause_send
2025-09-06 07:00:00+08,TAIPEI_MAIN,136,199,1,1,1,0,22.0,observed,1.0,0.0,63,true,increase_supply_or_pause_send
2025-09-06 07:00:00+08,TPE_AIRPORT,117,157,5,5,5,0,20.2,observed,1.0,0.0,40,true,increase_supply_or_pause_send
2025-09-06 07:00:00+08,XIMENDING,110,178,3,3,3,0,16.0,observed,1.0,0.0,68,true,increase_supply_or_pause_send
2025-09-06 08:00:00+08,TAIPEI_101,167,198,2,2,2,0,13.5,observed,1.0,0.0,31,true,increase_supply_or_pause_send
2025-09-06 08:00:00+08,TAIPEI_MAIN,104,174,2,2,2,0,18.900000000000002,observed,1.0,0.0,70,true,increase_supply_or_pause_send
2025-09-06 08:00:00+08,TPE_AIRPORT,62,134,6,4,2,4,9.9,observed,0.6666666666666666,0.6666666666666666,72,true,increase_supply_or_pause_send
2025-09-06 08:00:00+08,XIMENDING,140,143,2,2,2,0,18.1,observed,1.0,0.0,3,true,monitor
2025-09-06 09:00:00+08,TAIPEI_101,105,132,1,1,0,1,,observed,1.0,1.0,27,true,increase_supply_or_pause_send
2025-09-06 09:00:00+08,TAIPEI_MAIN,146,128,1,1,1,0,20.0,observed,1.0,0.0,-18,true,monitor
2025-09-06 09:00:00+08,TPE_AIRPORT,117,55,6,6,5,1,23.6,observed,1.0,0.16666666666666666,-62,true,review_pickup_reliability
2025-09-06 09:00:00+08,XIMENDING,192,124,2,2,2,0,16.3,observed,1.0,0.0,-68,true,monitor
2025-09-06 10:00:00+08,TAIPEI_101,195,138,,,104,,,source_only_no_observed_trip,,,-57,true,monitor_source_only
2025-09-06 10:00:00+08,TAIPEI_MAIN,169,113,,,94,,,source_only_no_observed_trip,,,-56,true,monitor_source_only
2025-09-06 10:00:00+08,TPE_AIRPORT,140,36,4,4,4,0,19.7,observed,1.0,0.0,-104,true,monitor
2025-09-06 10:00:00+08,XIMENDING,131,83,,,62,,,source_only_no_observed_trip,,,-48,true,monitor_source_only
2025-09-06 11:00:00+08,TAIPEI_101,146,113,1,1,1,0,13.0,observed,1.0,0.0,-33,true,monitor
2025-09-06 11:00:00+08,TAIPEI_MAIN,182,108,1,1,1,0,17.0,observed,1.0,0.0,-74,true,monitor
2025-09-06 11:00:00+08,TPE_AIRPORT,122,80,3,3,3,0,22.8,observed,1.0,0.0,-42,true,review_pickup_reliability
2025-09-06 11:00:00+08,XIMENDING,177,96,,,73,,,source_only_no_observed_trip,,,-81,true,monitor_source_only
2025-09-06 12:00:00+08,TAIPEI_101,205,154,1,1,1,0,18.0,observed,1.0,0.0,-51,true,monitor
2025-09-06 12:00:00+08,TAIPEI_MAIN,123,107,,,93,,,source_only_no_observed_trip,,,-16,true,monitor_source_only
2025-09-06 12:00:00+08,TPE_AIRPORT,105,55,1,1,1,0,11.0,observed,1.0,0.0,-50,true,monitor
2025-09-06 12:00:00+08,XIMENDING,152,94,,,77,,,source_only_no_observed_trip,,,-58,true,monitor_source_only
2025-09-06 13:00:00+08,TAIPEI_101,178,76,,,57,,,source_only_no_observed_trip,,,-102,true,monitor_source_only
2025-09-06 13:00:00+08,TAIPEI_MAIN,163,135,2,2,2,0,17.599999999999998,observed,1.0,0.0,-28,true,monitor
2025-09-06 13:00:00+08,TPE_AIRPORT,126,89,3,3,3,0,21.4,observed,1.0,0.0,-37,true,review_pickup_reliability
2025-09-06 13:00:00+08,XIMENDING,147,139,2,2,2,0,13.899999999999999,observed,1.0,0.0,-8,true,monitor
2025-09-06 14:00:00+08,TAIPEI_101,171,104,,,84,,,source_only_no_observed_trip,,,-67,true,monitor_source_only
2025-09-06 14:00:00+08,TAIPEI_MAIN,151,128,1,1,1,0,20.0,observed,1.0,0.0,-23,true,monitor
2025-09-06 14:00:00+08,TPE_AIRPORT,108,67,3,3,3,0,17.8,observed,1.0,0.0,-41,true,monitor
2025-09-06 14:00:00+08,XIMENDING,182,143,1,1,1,0,16.0,observed,1.0,0.0,-39,true,monitor
2025-09-06 15:00:00+08,TAIPEI_101,169,87,1,1,1,0,10.0,observed,1.0,0.0,-82,true,monitor
2025-09-06 15:00:00+08,TAIPEI_MAIN,155,135,,,103,,,source_only_no_observed_trip,,,-20,true,monitor_source_only
2025-09-06 15:00:00+08,TPE_AIRPORT,80,94,3,3,3,0,19.799999999999997,observed,1.0,0.0,14,true,monitor
2025-09-06 15:00:00+08,XIMENDING,177,138,,,115,,,source_only_no_observed_trip,,,-39,true,monitor_source_only
2025-09-06 16:00:00+08,TAIPEI_101,147,100,1,1,1,0,23.0,observed,1.0,0.0,-47,true,review_pickup_reliability
2025-09-06 16:00:00+08,TAIPEI_MAIN,144,136,3,3,3,0,20.6,observed,1.0,0.0,-8,true,review_pickup_reliability
2025-09-06 16:00:00+08,TPE_AIRPORT,75,52,2,2,2,0,15.9,observed,1.0,0.0,-23,true,monitor
2025-09-06 16:00:00+08,XIMENDING,177,122,1,0,0,1,,observed,0.0,1.0,-55,true,monitor
2025-09-06 17:00:00+08,TAIPEI_101,147,97,3,3,3,0,17.0,observed,1.0,0.0,-50,true,monitor
2025-09-06 17:00:00+08,TAIPEI_MAIN,122,89,2,2,2,0,19.0,observed,1.0,0.0,-33,true,monitor
2025-09-06 17:00:00+08,TPE_AIRPORT,107,52,2,2,2,0,18.400000000000002,observed,1.0,0.0,-55,true,monitor
2025-09-06 17:00:00+08,XIMENDING,131,114,1,1,1,0,17.0,observed,1.0,0.0,-17,true,monitor
2025-09-06 18:00:00+08,TAIPEI_101,158,92,2,2,2,0,13.799999999999999,observed,1.0,0.0,-66,true,monitor
2025-09-06 18:00:00+08,TAIPEI_MAIN,149,114,1,1,1,0,13.0,observed,1.0,0.0,-35,true,monitor
2025-09-06 18:00:00+08,TPE_AIRPORT,130,21,4,4,2,2,15.4,observed,1.0,0.5,-109,true,monitor
2025-09-06 18:00:00+08,XIMENDING,126,148,3,3,3,0,19.8,observed,1.0,0.0,22,true,increase_supply_or_pause_send
2025-09-06 19:00:00+08,TAIPEI_101,159,82,1,1,1,0,13.0,observed,1.0,0.0,-77,true,monitor
2025-09-06 19:00:00+08,TAIPEI_MAIN,139,134,1,1,1,0,16.0,observed,1.0,0.0,-5,true,monitor
2025-09-06 19:00:00+08,TPE_AIRPORT,104,49,2,2,2,0,16.4,observed,1.0,0.0,-55,true,monitor
2025-09-06 19:00:00+08,XIMENDING,152,108,2,2,2,0,19.7,observed,1.0,0.0,-44,true,monitor
2025-09-06 20:00:00+08,TAIPEI_101,115,207,,,184,,,source_only_no_observed_trip,,,92,true,monitor_source_only
2025-09-06 20:00:00+08,TAIPEI_MAIN,139,216,3,2,2,1,13.7,observed,0.6666666666666666,0.3333333333333333,77,true,increase_supply_or_pause_send
2025-09-06 20:00:00+08,TPE_AIRPORT,76,139,3,3,3,0,22.200000000000003,observed,1.0,0.0,63,true,increase_supply_or_pause_send
2025-09-06 20:00:00+08,XIMENDING,150,170,,,137,,,source_only_no_observed_trip,,,20,true,monitor_source_only
2025-09-06 21:00:00+08,TAIPEI_101,156,154,1,1,1,0,14.0,observed,1.0,0.0,-2,true,monitor
2025-09-06 21:00:00+08,TAIPEI_MAIN,108,174,,,144,,,source_only_no_observed_trip,,,66,true,monitor_source_only
2025-09-06 21:00:00+08,TPE_AIRPORT,54,105,4,3,3,1,19.6,observed,0.75,0.25,51,true,increase_supply_or_pause_send
2025-09-06 21:00:00+08,XIMENDING,166,203,,,153,,,source_only_no_observed_trip,,,37,true,monitor_source_only
2025-09-06 22:00:00+08,TAIPEI_101,145,189,,,160,,,source_only_no_observed_trip,,,44,true,monitor_source_only
2025-09-06 22:00:00+08,TAIPEI_MAIN,115,207,1,1,1,0,19.0,observed,1.0,0.0,92,true,increase_supply_or_pause_send
2025-09-06 22:00:00+08,TPE_AIRPORT,103,131,6,6,6,0,22.5,observed,1.0,0.0,28,true,increase_supply_or_pause_send
2025-09-06 22:00:00+08,XIMENDING,136,178,,,149,,,source_only_no_observed_trip,,,42,true,monitor_source_only
2025-09-06 23:00:00+08,TAIPEI_101,138,192,1,1,1,0,9.0,observed,1.0,0.0,54,true,increase_supply_or_pause_send
2025-09-06 23:00:00+08,TAIPEI_MAIN,120,198,,,179,,,source_only_no_observed_trip,,,78,true,monitor_source_only
2025-09-06 23:00:00+08,TPE_AIRPORT,71,99,7,7,5,2,17.0,observed,1.0,0.2857142857142857,28,true,increase_supply_or_pause_send
2025-09-06 23:00:00+08,XIMENDING,129,181,,,137,,,source_only_no_observed_trip,,,52,true,monitor_source_only
2025-09-07 00:00:00+08,TAIPEI_101,159,99,1,1,1,0,15.0,observed,1.0,0.0,-60,true,monitor
2025-09-07 00:00:00+08,TAIPEI_MAIN,146,118,,,87,,,source_only_no_observed_trip,,,-28,true,monitor_source_only
2025-09-07 00:00:00+08,TPE_AIRPORT,141,52,9,8,8,1,21.299999999999997,observed,0.8888888888888888,0.1111111111111111,-89,true,review_pickup_reliability
2025-09-07 00:00:00+08,XIMENDING,148,104,,,75,,,source_only_no_observed_trip,,,-44,true,monitor_source_only
2025-09-07 01:00:00+08,TAIPEI_101,156,101,1,1,1,0,23.0,observed,1.0,0.0,-55,true,review_pickup_reliability
2025-09-07 01:00:00+08,TAIPEI_MAIN,166,144,,,118,,,source_only_no_observed_trip,,,-22,true,monitor_source_only
2025-09-07 01:00:00+08,TPE_AIRPORT,94,94,3,3,3,0,17.8,observed,1.0,0.0,0,true,monitor
2025-09-07 01:00:00+08,XIMENDING,166,104,1,1,1,0,16.0,observed,1.0,0.0,-62,true,monitor
2025-09-07 02:00:00+08,TAIPEI_101,178,151,1,1,1,0,5.0,observed,1.0,0.0,-27,true,monitor
2025-09-07 02:00:00+08,TAIPEI_MAIN,169,102,1,1,1,0,12.0,observed,1.0,0.0,-67,true,monitor
2025-09-07 02:00:00+08,TPE_AIRPORT,82,92,2,1,1,1,8.0,observed,0.5,0.5,10,true,monitor
2025-09-07 02:00:00+08,XIMENDING,188,126,1,1,1,0,12.0,observed,1.0,0.0,-62,true,monitor
2025-09-07 03:00:00+08,TAIPEI_101,148,106,1,1,1,0,7.0,observed,1.0,0.0,-42,true,monitor
2025-09-07 03:00:00+08,TAIPEI_MAIN,138,105,2,2,1,1,16.0,observed,1.0,0.5,-33,true,monitor
2025-09-07 03:00:00+08,TPE_AIRPORT,109,109,1,1,1,0,15.0,observed,1.0,0.0,0,true,monitor
2025-09-07 03:00:00+08,XIMENDING,117,93,2,2,1,1,7.0,observed,1.0,0.5,-24,true,monitor
2025-09-07 04:00:00+08,TAIPEI_101,159,121,,,96,,,source_only_no_observed_trip,,,-38,true,monitor_source_only
2025-09-07 04:00:00+08,TAIPEI_MAIN,170,111,,,82,,,source_only_no_observed_trip,,,-59,true,monitor_source_only
2025-09-07 04:00:00+08,TPE_AIRPORT,102,75,1,1,1,0,10.0,observed,1.0,0.0,-27,true,monitor
2025-09-07 04:00:00+08,XIMENDING,170,117,,,93,,,source_only_no_observed_trip,,,-53,true,monitor_source_only
2025-09-07 05:00:00+08,TAIPEI_101,159,199,,,143,,,source_only_no_observed_trip,,,40,true,monitor_source_only
2025-09-07 05:00:00+08,TAIPEI_MAIN,109,212,,,177,,,source_only_no_observed_trip,,,103,true,monitor_source_only
2025-09-07 05:00:00+08,TPE_AIRPORT,77,103,2,2,2,0,17.7,observed,1.0,0.0,26,true,increase_supply_or_pause_send
2025-09-07 05:00:00+08,XIMENDING,115,158,,,123,,,source_only_no_observed_trip,,,43,true,monitor_source_only
2025-09-07 06:00:00+08,TAIPEI_101,129,172,,,155,,,source_only_no_observed_trip,,,43,true,monitor_source_only
2025-09-07 06:00:00+08,TAIPEI_MAIN,133,151,,,134,,,source_only_no_observed_trip,,,18,true,monitor_source_only
2025-09-07 06:00:00+08,TPE_AIRPORT,74,126,3,3,3,0,16.200000000000003,observed,1.0,0.0,52,true,increase_supply_or_pause_send
2025-09-07 06:00:00+08,XIMENDING,108,169,,,139,,,source_only_no_observed_trip,,,61,true,monitor_source_only
2025-09-07 07:00:00+08,TAIPEI_101,151,188,1,1,1,0,11.0,observed,1.0,0.0,37,true,increase_supply_or_pause_send
2025-09-07 07:00:00+08,TAIPEI_MAIN,129,187,1,1,1,0,24.0,observed,1.0,0.0,58,true,increase_supply_or_pause_send
2025-09-07 07:00:00+08,TPE_AIRPORT,88,108,8,8,5,3,18.6,observed,1.0,0.375,20,true,monitor
2025-09-07 07:00:00+08,XIMENDING,153,209,,,186,,,source_only_no_observed_trip,,,56,true,monitor_source_only
2025-09-07 08:00:00+08,TAIPEI_101,133,197,,,163,,,source_only_no_observed_trip,,,64,true,monitor_source_only
2025-09-07 08:00:00+08,TAIPEI_MAIN,128,181,1,1,1,0,11.0,observed,1.0,0.0,53,true,increase_supply_or_pause_send
2025-09-07 08:00:00+08,TPE_AIRPORT,62,110,3,3,3,0,14.6,observed,1.0,0.0,48,true,increase_supply_or_pause_send
2025-09-07 08:00:00+08,XIMENDING,156,217,1,1,1,0,20.0,observed,1.0,0.0,61,true,increase_supply_or_pause_send
2025-09-07 09:00:00+08,TAIPEI_101,137,118,1,1,1,0,9.0,observed,1.0,0.0,-19,true,monitor
2025-09-07 09:00:00+08,TAIPEI_MAIN,149,106,3,2,1,2,14.0,observed,0.6666666666666666,0.6666666666666666,-43,true,monitor
2025-09-07 09:00:00+08,TPE_AIRPORT,105,57,9,8,7,2,17.8,observed,0.8888888888888888,0.2222222222222222,-48,true,monitor
2025-09-07 09:00:00+08,XIMENDING,127,85,,,69,,,source_only_no_observed_trip,,,-42,true,monitor_source_only
2025-09-07 10:00:00+08,TAIPEI_101,143,130,,,115,,,source_only_no_observed_trip,,,-13,true,monitor_source_only
2025-09-07 10:00:00+08,TAIPEI_MAIN,195,101,1,1,1,0,15.0,observed,1.0,0.0,-94,true,monitor
2025-09-07 10:00:00+08,TPE_AIRPORT,67,84,4,4,3,1,20.4,observed,1.0,0.25,17,true,review_pickup_reliability
2025-09-07 10:00:00+08,XIMENDING,139,137,1,1,1,0,14.0,observed,1.0,0.0,-2,true,monitor
2025-09-07 11:00:00+08,TAIPEI_101,149,135,,,121,,,source_only_no_observed_trip,,,-14,true,monitor_source_only
2025-09-07 11:00:00+08,TAIPEI_MAIN,167,113,,,101,,,source_only_no_observed_trip,,,-54,true,monitor_source_only
2025-09-07 11:00:00+08,TPE_AIRPORT,98,90,1,1,1,0,16.0,observed,1.0,0.0,-8,true,monitor
2025-09-07 11:00:00+08,XIMENDING,143,136,1,1,1,0,21.0,observed,1.0,0.0,-7,true,review_pickup_reliability
2025-09-07 12:00:00+08,TAIPEI_101,166,113,1,1,1,0,18.0,observed,1.0,0.0,-53,true,monitor
2025-09-07 12:00:00+08,TAIPEI_MAIN,183,134,2,2,1,1,12.0,observed,1.0,0.5,-49,true,monitor
2025-09-07 12:00:00+08,TPE_AIRPORT,111,112,2,2,1,1,18.0,observed,1.0,0.5,1,true,monitor
2025-09-07 12:00:00+08,XIMENDING,197,101,,,82,,,source_only_no_observed_trip,,,-96,true,monitor_source_only
2025-09-07 13:00:00+08,TAIPEI_101,161,98,3,2,2,1,19.4,observed,0.6666666666666666,0.3333333333333333,-63,true,monitor
2025-09-07 13:00:00+08,TAIPEI_MAIN,139,120,1,1,1,0,14.0,observed,1.0,0.0,-19,true,monitor
2025-09-07 13:00:00+08,TPE_AIRPORT,144,99,3,3,3,0,13.0,observed,1.0,0.0,-45,true,monitor
2025-09-07 13:00:00+08,XIMENDING,175,128,,,100,,,source_only_no_observed_trip,,,-47,true,monitor_source_only
2025-09-07 14:00:00+08,TAIPEI_101,166,82,2,2,2,0,20.8,observed,1.0,0.0,-84,true,review_pickup_reliability
2025-09-07 14:00:00+08,TAIPEI_MAIN,201,103,,,87,,,source_only_no_observed_trip,,,-98,true,monitor_source_only
2025-09-07 14:00:00+08,TPE_AIRPORT,121,83,2,2,2,0,11.8,observed,1.0,0.0,-38,true,monitor
2025-09-07 14:00:00+08,XIMENDING,180,139,2,2,1,1,14.0,observed,1.0,0.5,-41,true,monitor
2025-09-07 15:00:00+08,TAIPEI_101,173,114,1,1,1,0,20.0,observed,1.0,0.0,-59,true,monitor
2025-09-07 15:00:00+08,TAIPEI_MAIN,156,104,,,92,,,source_only_no_observed_trip,,,-52,true,monitor_source_only
2025-09-07 15:00:00+08,TPE_AIRPORT,90,98,3,3,2,1,15.6,observed,1.0,0.3333333333333333,8,true,monitor
2025-09-07 15:00:00+08,XIMENDING,158,101,2,2,2,0,17.9,observed,1.0,0.0,-57,true,monitor
2025-09-07 16:00:00+08,TAIPEI_101,182,105,,,81,,,source_only_no_observed_trip,,,-77,true,monitor_source_only
2025-09-07 16:00:00+08,TAIPEI_MAIN,175,128,,,97,,,source_only_no_observed_trip,,,-47,true,monitor_source_only
2025-09-07 16:00:00+08,TPE_AIRPORT,118,88,2,2,2,0,19.0,observed,1.0,0.0,-30,true,monitor
2025-09-07 16:00:00+08,XIMENDING,144,108,,,78,,,source_only_no_observed_trip,,,-36,true,monitor_source_only
2025-09-07 17:00:00+08,TAIPEI_101,181,123,,,106,,,source_only_no_observed_trip,,,-58,true,monitor_source_only
2025-09-07 17:00:00+08,TAIPEI_MAIN,125,120,3,3,2,1,10.6,observed,1.0,0.3333333333333333,-5,true,monitor
2025-09-07 17:00:00+08,TPE_AIRPORT,130,104,2,2,2,0,20.7,observed,1.0,0.0,-26,true,review_pickup_reliability
2025-09-07 17:00:00+08,XIMENDING,150,117,,,98,,,source_only_no_observed_trip,,,-33,true,monitor_source_only
2025-09-07 18:00:00+08,TAIPEI_101,159,127,1,1,1,0,8.0,observed,1.0,0.0,-32,true,monitor
2025-09-07 18:00:00+08,TAIPEI_MAIN,170,141,1,1,1,0,16.0,observed,1.0,0.0,-29,true,monitor
2025-09-07 18:00:00+08,TPE_AIRPORT,88,93,3,3,3,0,15.4,observed,1.0,0.0,5,true,monitor
2025-09-07 18:00:00+08,XIMENDING,158,96,2,2,2,0,16.5,observed,1.0,0.0,-62,true,monitor
2025-09-07 19:00:00+08,TAIPEI_101,157,107,1,1,1,0,14.0,observed,1.0,0.0,-50,true,monitor
2025-09-07 19:00:00+08,TAIPEI_MAIN,143,124,,,105,,,source_only_no_observed_trip,,,-19,true,monitor_source_only
2025-09-07 19:00:00+08,TPE_AIRPORT,100,72,1,1,1,0,18.0,observed,1.0,0.0,-28,true,monitor
2025-09-07 19:00:00+08,XIMENDING,150,132,2,1,1,1,10.0,observed,0.5,0.5,-18,true,monitor
2025-09-07 20:00:00+08,TAIPEI_101,123,180,,,135,,,source_only_no_observed_trip,,,57,true,monitor_source_only
2025-09-07 20:00:00+08,TAIPEI_MAIN,120,170,1,1,0,1,,observed,1.0,1.0,50,true,increase_supply_or_pause_send
2025-09-07 20:00:00+08,TPE_AIRPORT,106,127,1,1,1,0,18.0,observed,1.0,0.0,21,true,increase_supply_or_pause_send
2025-09-07 20:00:00+08,XIMENDING,147,178,4,4,3,1,19.0,observed,1.0,0.25,31,true,increase_supply_or_pause_send
2025-09-07 21:00:00+08,TAIPEI_101,128,212,,,161,,,source_only_no_observed_trip,,,84,true,monitor_source_only
2025-09-07 21:00:00+08,TAIPEI_MAIN,116,211,,,158,,,source_only_no_observed_trip,,,95,true,monitor_source_only
2025-09-07 21:00:00+08,TPE_AIRPORT,72,107,4,4,3,1,15.6,observed,1.0,0.25,35,true,increase_supply_or_pause_send
2025-09-07 21:00:00+08,XIMENDING,121,164,,,131,,,source_only_no_observed_trip,,,43,true,monitor_source_only
2025-09-07 22:00:00+08,TAIPEI_101,101,202,1,1,1,0,10.0,observed,1.0,0.0,101,true,increase_supply_or_pause_send
2025-09-07 22:00:00+08,TAIPEI_MAIN,139,195,1,1,1,0,11.0,observed,1.0,0.0,56,true,increase_supply_or_pause_send
2025-09-07 22:00:00+08,TPE_AIRPORT,108,142,6,6,5,1,13.200000000000001,observed,1.0,0.16666666666666666,34,true,increase_supply_or_pause_send
2025-09-07 22:00:00+08,XIMENDING,164,190,1,1,1,0,10.0,observed,1.0,0.0,26,true,increase_supply_or_pause_send
2025-09-07 23:00:00+08,TAIPEI_101,110,207,1,1,1,0,18.0,observed,1.0,0.0,97,true,increase_supply_or_pause_send
2025-09-07 23:00:00+08,TAIPEI_MAIN,114,206,,,149,,,source_only_no_observed_trip,,,92,true,monitor_source_only
2025-09-07 23:00:00+08,TPE_AIRPORT,99,104,6,5,5,1,19.8,observed,0.8333333333333334,0.16666666666666666,5,true,monitor
2025-09-07 23:00:00+08,XIMENDING,123,161,,,119,,,source_only_no_observed_trip,,,38,true,monitor_source_only
2025-09-08 00:00:00+08,TAIPEI_101,164,126,2,2,2,0,16.7,observed,1.0,0.0,-38,true,monitor
2025-09-08 00:00:00+08,TAIPEI_MAIN,148,102,2,2,2,0,15.7,observed,1.0,0.0,-46,true,monitor
2025-09-08 00:00:00+08,TPE_AIRPORT,99,71,6,4,4,2,20.200000000000003,observed,0.6666666666666666,0.3333333333333333,-28,true,review_pickup_reliability
2025-09-08 00:00:00+08,XIMENDING,149,152,1,1,1,0,9.0,observed,1.0,0.0,3,true,monitor
2025-09-08 01:00:00+08,TAIPEI_101,197,116,1,1,1,0,10.0,observed,1.0,0.0,-81,true,monitor
2025-09-08 01:00:00+08,TAIPEI_MAIN,129,99,2,2,1,1,5.0,observed,1.0,0.5,-30,true,monitor
2025-09-08 01:00:00+08,TPE_AIRPORT,105,89,5,5,5,0,20.8,observed,1.0,0.0,-16,true,review_pickup_reliability
2025-09-08 01:00:00+08,XIMENDING,150,122,2,2,2,0,11.0,observed,1.0,0.0,-28,true,monitor
2025-09-08 02:00:00+08,TAIPEI_101,170,102,,,86,,,source_only_no_observed_trip,,,-68,true,monitor_source_only
2025-09-08 02:00:00+08,TAIPEI_MAIN,169,126,1,1,1,0,9.0,observed,1.0,0.0,-43,true,monitor
2025-09-08 02:00:00+08,TPE_AIRPORT,105,119,1,1,1,0,16.0,observed,1.0,0.0,14,true,monitor
2025-09-08 02:00:00+08,XIMENDING,156,68,,,49,,,source_only_no_observed_trip,,,-88,true,monitor_source_only
2025-09-08 03:00:00+08,TAIPEI_101,182,95,,,71,,,source_only_no_observed_trip,,,-87,true,monitor_source_only
2025-09-08 03:00:00+08,TAIPEI_MAIN,146,112,1,1,0,1,,observed,1.0,1.0,-34,true,monitor
2025-09-08 03:00:00+08,TPE_AIRPORT,119,61,,,45,,,source_only_no_observed_trip,,,-58,true,monitor_source_only
2025-09-08 03:00:00+08,XIMENDING,167,78,,,67,,,source_only_no_observed_trip,,,-89,true,monitor_source_only
2025-09-08 04:00:00+08,TAIPEI_101,161,116,1,1,1,0,14.0,observed,1.0,0.0,-45,true,monitor
2025-09-08 04:00:00+08,TAIPEI_MAIN,167,114,,,82,,,source_only_no_observed_trip,,,-53,true,monitor_source_only
2025-09-08 04:00:00+08,TPE_AIRPORT,89,71,3,3,3,0,17.4,observed,1.0,0.0,-18,true,monitor
2025-09-08 04:00:00+08,XIMENDING,133,163,,,132,,,source_only_no_observed_trip,,,30,true,monitor_source_only
2025-09-08 05:00:00+08,TAIPEI_101,113,200,3,3,3,0,10.8,observed,1.0,0.0,87,true,increase_supply_or_pause_send
2025-09-08 05:00:00+08,TAIPEI_MAIN,156,165,,,147,,,source_only_no_observed_trip,,,9,true,monitor_source_only
2025-09-08 05:00:00+08,TPE_AIRPORT,48,124,6,6,6,0,19.5,observed,1.0,0.0,76,true,increase_supply_or_pause_send
2025-09-08 05:00:00+08,XIMENDING,127,157,1,1,0,1,,observed,1.0,1.0,30,true,increase_supply_or_pause_send
2025-09-08 06:00:00+08,TAIPEI_101,150,165,2,1,1,1,20.0,observed,0.5,0.5,15,true,monitor
2025-09-08 06:00:00+08,TAIPEI_MAIN,143,205,1,1,1,0,6.0,observed,1.0,0.0,62,true,increase_supply_or_pause_send
2025-09-08 06:00:00+08,TPE_AIRPORT,75,127,2,1,1,1,17.0,observed,0.5,0.5,52,true,increase_supply_or_pause_send
2025-09-08 06:00:00+08,XIMENDING,122,213,,,188,,,source_only_no_observed_trip,,,91,true,monitor_source_only
2025-09-08 07:00:00+08,TAIPEI_101,171,201,1,0,0,1,,observed,0.0,1.0,30,true,increase_supply_or_pause_send
2025-09-08 07:00:00+08,TAIPEI_MAIN,160,167,1,1,1,0,6.0,observed,1.0,0.0,7,true,monitor
2025-09-08 07:00:00+08,TPE_AIRPORT,101,126,9,9,7,2,16.0,observed,1.0,0.2222222222222222,25,true,increase_supply_or_pause_send
2025-09-08 07:00:00+08,XIMENDING,137,170,,,125,,,source_only_no_observed_trip,,,33,true,monitor_source_only
2025-09-08 08:00:00+08,TAIPEI_101,115,116,,,99,,,source_only_no_observed_trip,,,1,true,monitor_source_only
2025-09-08 08:00:00+08,TAIPEI_MAIN,145,203,1,1,0,1,,observed,1.0,1.0,58,true,increase_supply_or_pause_send
2025-09-08 08:00:00+08,TPE_AIRPORT,82,102,8,8,8,0,20.9,observed,1.0,0.0,20,true,review_pickup_reliability
2025-09-08 08:00:00+08,XIMENDING,123,183,1,1,1,0,15.0,observed,1.0,0.0,60,true,increase_supply_or_pause_send
2025-09-08 09:00:00+08,TAIPEI_101,164,117,,,94,,,source_only_no_observed_trip,,,-47,true,monitor_source_only
2025-09-08 09:00:00+08,TAIPEI_MAIN,193,94,3,3,3,0,16.200000000000003,observed,1.0,0.0,-99,true,monitor
2025-09-08 09:00:00+08,TPE_AIRPORT,119,85,6,6,6,0,14.5,observed,1.0,0.0,-34,true,monitor
2025-09-08 09:00:00+08,XIMENDING,162,96,,,83,,,source_only_no_observed_trip,,,-66,true,monitor_source_only
2025-09-08 10:00:00+08,TAIPEI_101,114,112,1,1,1,0,10.0,observed,1.0,0.0,-2,true,monitor
2025-09-08 10:00:00+08,TAIPEI_MAIN,139,101,1,1,1,0,17.0,observed,1.0,0.0,-38,true,monitor
2025-09-08 10:00:00+08,TPE_AIRPORT,76,104,4,4,4,0,16.5,observed,1.0,0.0,28,true,increase_supply_or_pause_send
2025-09-08 10:00:00+08,XIMENDING,162,90,,,73,,,source_only_no_observed_trip,,,-72,true,monitor_source_only
2025-09-08 11:00:00+08,TAIPEI_101,147,140,1,1,1,0,16.0,observed,1.0,0.0,-7,true,monitor
2025-09-08 11:00:00+08,TAIPEI_MAIN,164,94,,,79,,,source_only_no_observed_trip,,,-70,true,monitor_source_only
2025-09-08 11:00:00+08,TPE_AIRPORT,150,85,4,3,3,1,20.8,observed,0.75,0.25,-65,true,review_pickup_reliability
2025-09-08 11:00:00+08,XIMENDING,191,78,1,1,1,0,14.0,observed,1.0,0.0,-113,true,monitor
2025-09-08 12:00:00+08,TAIPEI_101,162,83,1,1,1,0,17.0,observed,1.0,0.0,-79,true,monitor
2025-09-08 12:00:00+08,TAIPEI_MAIN,144,111,,,97,,,source_only_no_observed_trip,,,-33,true,monitor_source_only
2025-09-08 12:00:00+08,TPE_AIRPORT,114,75,1,1,1,0,10.0,observed,1.0,0.0,-39,true,monitor
2025-09-08 12:00:00+08,XIMENDING,136,117,2,2,2,0,9.0,observed,1.0,0.0,-19,true,monitor
2025-09-08 13:00:00+08,TAIPEI_101,147,95,,,81,,,source_only_no_observed_trip,,,-52,true,monitor_source_only
2025-09-08 13:00:00+08,TAIPEI_MAIN,152,133,,,101,,,source_only_no_observed_trip,,,-19,true,monitor_source_only
2025-09-08 13:00:00+08,TPE_AIRPORT,118,59,4,3,2,2,17.5,observed,0.75,0.5,-59,true,monitor
2025-09-08 13:00:00+08,XIMENDING,143,137,,,124,,,source_only_no_observed_trip,,,-6,true,monitor_source_only
2025-09-08 14:00:00+08,TAIPEI_101,156,127,,,107,,,source_only_no_observed_trip,,,-29,true,monitor_source_only
2025-09-08 14:00:00+08,TAIPEI_MAIN,180,100,1,1,1,0,21.0,observed,1.0,0.0,-80,true,review_pickup_reliability
2025-09-08 14:00:00+08,TPE_AIRPORT,130,83,2,2,0,2,,observed,1.0,1.0,-47,true,monitor
2025-09-08 14:00:00+08,XIMENDING,152,134,1,1,1,0,10.0,observed,1.0,0.0,-18,true,monitor
2025-09-08 15:00:00+08,TAIPEI_101,162,133,,,104,,,source_only_no_observed_trip,,,-29,true,monitor_source_only
2025-09-08 15:00:00+08,TAIPEI_MAIN,161,75,3,3,3,0,19.4,observed,1.0,0.0,-86,true,monitor
2025-09-08 15:00:00+08,TPE_AIRPORT,111,75,3,3,2,1,18.0,observed,1.0,0.3333333333333333,-36,true,monitor
2025-09-08 15:00:00+08,XIMENDING,151,124,,,95,,,source_only_no_observed_trip,,,-27,true,monitor_source_only
2025-09-08 16:00:00+08,TAIPEI_101,161,87,1,1,1,0,13.0,observed,1.0,0.0,-74,true,monitor
2025-09-08 16:00:00+08,TAIPEI_MAIN,161,126,4,3,2,2,12.600000000000001,observed,0.75,0.5,-35,true,monitor
2025-09-08 16:00:00+08,TPE_AIRPORT,119,79,1,1,1,0,18.0,observed,1.0,0.0,-40,true,monitor
2025-09-08 16:00:00+08,XIMENDING,136,78,1,1,1,0,19.0,observed,1.0,0.0,-58,true,monitor
2025-09-08 17:00:00+08,TAIPEI_101,136,121,2,2,2,0,12.0,observed,1.0,0.0,-15,true,monitor
2025-09-08 17:00:00+08,TAIPEI_MAIN,170,85,,,62,,,source_only_no_observed_trip,,,-85,true,monitor_source_only
2025-09-08 17:00:00+08,TPE_AIRPORT,86,92,3,3,3,0,21.8,observed,1.0,0.0,6,true,review_pickup_reliability
2025-09-08 17:00:00+08,XIMENDING,176,100,,,74,,,source_only_no_observed_trip,,,-76,true,monitor_source_only
2025-09-08 18:00:00+08,TAIPEI_101,163,114,1,1,1,0,20.0,observed,1.0,0.0,-49,true,monitor
2025-09-08 18:00:00+08,TAIPEI_MAIN,155,114,,,102,,,source_only_no_observed_trip,,,-41,true,monitor_source_only
2025-09-08 18:00:00+08,TPE_AIRPORT,92,94,3,2,1,2,21.0,observed,0.6666666666666666,0.6666666666666666,2,true,review_pickup_reliability
2025-09-08 18:00:00+08,XIMENDING,169,149,1,1,1,0,22.0,observed,1.0,0.0,-20,true,review_pickup_reliability
2025-09-08 19:00:00+08,TAIPEI_101,157,91,,,73,,,source_only_no_observed_trip,,,-66,true,monitor_source_only
2025-09-08 19:00:00+08,TAIPEI_MAIN,164,101,,,74,,,source_only_no_observed_trip,,,-63,true,monitor_source_only
2025-09-08 19:00:00+08,TPE_AIRPORT,126,40,2,2,2,0,19.4,observed,1.0,0.0,-86,true,monitor
2025-09-08 19:00:00+08,XIMENDING,170,72,1,1,1,0,17.0,observed,1.0,0.0,-98,true,monitor
2025-09-08 20:00:00+08,TAIPEI_101,123,152,1,1,1,0,12.0,observed,1.0,0.0,29,true,increase_supply_or_pause_send
2025-09-08 20:00:00+08,TAIPEI_MAIN,167,165,2,2,2,0,19.2,observed,1.0,0.0,-2,true,monitor
2025-09-08 20:00:00+08,TPE_AIRPORT,99,129,1,1,1,0,13.0,observed,1.0,0.0,30,true,increase_supply_or_pause_send
2025-09-08 20:00:00+08,XIMENDING,114,166,3,3,3,0,17.8,observed,1.0,0.0,52,true,increase_supply_or_pause_send
2025-09-08 21:00:00+08,TAIPEI_101,116,136,1,1,0,1,,observed,1.0,1.0,20,true,monitor
2025-09-08 21:00:00+08,TAIPEI_MAIN,117,164,,,145,,,source_only_no_observed_trip,,,47,true,monitor_source_only
2025-09-08 21:00:00+08,TPE_AIRPORT,76,121,2,2,2,0,18.7,observed,1.0,0.0,45,true,increase_supply_or_pause_send
2025-09-08 21:00:00+08,XIMENDING,139,228,1,1,1,0,9.0,observed,1.0,0.0,89,true,increase_supply_or_pause_send
2025-09-08 22:00:00+08,TAIPEI_101,138,161,,,142,,,source_only_no_observed_trip,,,23,true,monitor_source_only
2025-09-08 22:00:00+08,TAIPEI_MAIN,120,214,,,192,,,source_only_no_observed_trip,,,94,true,monitor_source_only
2025-09-08 22:00:00+08,TPE_AIRPORT,71,120,11,11,10,1,21.199999999999996,observed,1.0,0.09090909090909091,49,true,increase_supply_or_pause_send
2025-09-08 22:00:00+08,XIMENDING,144,171,,,141,,,source_only_no_observed_trip,,,27,true,monitor_source_only
2025-09-08 23:00:00+08,TAIPEI_101,141,189,1,1,1,0,18.0,observed,1.0,0.0,48,true,increase_supply_or_pause_send
2025-09-08 23:00:00+08,TAIPEI_MAIN,126,203,1,1,1,0,23.0,observed,1.0,0.0,77,true,increase_supply_or_pause_send
2025-09-08 23:00:00+08,TPE_AIRPORT,94,114,7,7,7,0,18.0,observed,1.0,0.0,20,true,monitor
2025-09-08 23:00:00+08,XIMENDING,125,168,,,147,,,source_only_no_observed_trip,,,43,true,monitor_source_only
2025-09-09 00:00:00+08,TAIPEI_101,167,89,1,1,1,0,9.0,observed,1.0,0.0,-78,true,monitor
2025-09-09 00:00:00+08,TAIPEI_MAIN,136,98,,,84,,,source_only_no_observed_trip,,,-38,true,monitor_source_only
2025-09-09 00:00:00+08,TPE_AIRPORT,110,96,4,4,1,3,17.0,observed,1.0,0.75,-14,true,monitor
2025-09-09 00:00:00+08,XIMENDING,158,160,1,1,1,0,12.0,observed,1.0,0.0,2,true,monitor
2025-09-09 01:00:00+08,TAIPEI_101,154,177,2,2,2,0,17.599999999999998,observed,1.0,0.0,23,true,increase_supply_or_pause_send
2025-09-09 01:00:00+08,TAIPEI_MAIN,164,112,,,85,,,source_only_no_observed_trip,,,-52,true,monitor_source_only
2025-09-09 01:00:00+08,TPE_AIRPORT,108,84,4,4,4,0,17.200000000000003,observed,1.0,0.0,-24,true,monitor
2025-09-09 01:00:00+08,XIMENDING,163,133,1,1,1,0,24.0,observed,1.0,0.0,-30,true,review_pickup_reliability
2025-09-09 02:00:00+08,TAIPEI_101,144,52,1,1,1,0,15.0,observed,1.0,0.0,-92,true,monitor
2025-09-09 02:00:00+08,TAIPEI_MAIN,157,127,,,93,,,source_only_no_observed_trip,,,-30,true,monitor_source_only
2025-09-09 02:00:00+08,TPE_AIRPORT,98,97,1,1,1,0,13.0,observed,1.0,0.0,-1,true,monitor
2025-09-09 02:00:00+08,XIMENDING,151,119,1,1,0,1,,observed,1.0,1.0,-32,true,monitor
2025-09-09 03:00:00+08,TAIPEI_101,143,80,,,70,,,source_only_no_observed_trip,,,-63,true,monitor_source_only
2025-09-09 03:00:00+08,TAIPEI_MAIN,187,142,1,1,1,0,11.0,observed,1.0,0.0,-45,true,monitor
2025-09-09 03:00:00+08,TPE_AIRPORT,101,65,2,2,2,0,10.9,observed,1.0,0.0,-36,true,monitor
2025-09-09 03:00:00+08,XIMENDING,154,126,1,1,1,0,24.0,observed,1.0,0.0,-28,true,review_pickup_reliability
2025-09-09 04:00:00+08,TAIPEI_101,160,134,,,106,,,source_only_no_observed_trip,,,-26,true,monitor_source_only
2025-09-09 04:00:00+08,TAIPEI_MAIN,124,134,1,1,1,0,9.0,observed,1.0,0.0,10,true,monitor
2025-09-09 04:00:00+08,TPE_AIRPORT,121,116,1,1,1,0,13.0,observed,1.0,0.0,-5,true,monitor
2025-09-09 04:00:00+08,XIMENDING,161,121,,,93,,,source_only_no_observed_trip,,,-40,true,monitor_source_only
2025-09-09 05:00:00+08,TAIPEI_101,117,188,1,1,1,0,14.0,observed,1.0,0.0,71,true,increase_supply_or_pause_send
2025-09-09 05:00:00+08,TAIPEI_MAIN,144,195,1,1,1,0,10.0,observed,1.0,0.0,51,true,increase_supply_or_pause_send
2025-09-09 05:00:00+08,TPE_AIRPORT,62,91,2,2,2,0,12.8,observed,1.0,0.0,29,true,increase_supply_or_pause_send
2025-09-09 05:00:00+08,XIMENDING,138,186,,,152,,,source_only_no_observed_trip,,,48,true,monitor_source_only
2025-09-09 06:00:00+08,TAIPEI_101,117,204,,,149,,,source_only_no_observed_trip,,,87,true,monitor_source_only
2025-09-09 06:00:00+08,TAIPEI_MAIN,108,212,,,158,,,source_only_no_observed_trip,,,104,true,monitor_source_only
2025-09-09 06:00:00+08,TPE_AIRPORT,63,128,8,7,6,2,18.0,observed,0.875,0.25,65,true,increase_supply_or_pause_send
2025-09-09 06:00:00+08,XIMENDING,152,166,1,1,1,0,14.0,observed,1.0,0.0,14,true,monitor
2025-09-09 07:00:00+08,TAIPEI_101,108,171,,,142,,,source_only_no_observed_trip,,,63,true,monitor_source_only
2025-09-09 07:00:00+08,TAIPEI_MAIN,142,162,1,1,1,0,9.0,observed,1.0,0.0,20,true,monitor
2025-09-09 07:00:00+08,TPE_AIRPORT,75,112,7,7,6,1,22.0,observed,1.0,0.14285714285714285,37,true,increase_supply_or_pause_send
2025-09-09 07:00:00+08,XIMENDING,133,179,4,4,4,0,13.7,observed,1.0,0.0,46,true,increase_supply_or_pause_send
2025-09-09 08:00:00+08,TAIPEI_101,111,177,2,2,1,1,8.0,observed,1.0,0.5,66,true,increase_supply_or_pause_send
2025-09-09 08:00:00+08,TAIPEI_MAIN,122,182,,,153,,,source_only_no_observed_trip,,,60,true,monitor_source_only
2025-09-09 08:00:00+08,TPE_AIRPORT,104,130,5,5,4,1,17.4,observed,1.0,0.2,26,true,increase_supply_or_pause_send
2025-09-09 08:00:00+08,XIMENDING,131,170,,,152,,,source_only_no_observed_trip,,,39,true,monitor_source_only
2025-09-09 09:00:00+08,TAIPEI_101,137,111,,,100,,,source_only_no_observed_trip,,,-26,true,monitor_source_only
2025-09-09 09:00:00+08,TAIPEI_MAIN,160,88,,,65,,,source_only_no_observed_trip,,,-72,true,monitor_source_only
2025-09-09 09:00:00+08,TPE_AIRPORT,100,52,9,8,7,2,19.4,observed,0.8888888888888888,0.2222222222222222,-48,true,monitor
2025-09-09 09:00:00+08,XIMENDING,182,161,1,1,0,1,,observed,1.0,1.0,-21,true,monitor
2025-09-09 10:00:00+08,TAIPEI_101,191,100,,,81,,,source_only_no_observed_trip,,,-91,true,monitor_source_only
2025-09-09 10:00:00+08,TAIPEI_MAIN,189,141,,,109,,,source_only_no_observed_trip,,,-48,true,monitor_source_only
2025-09-09 10:00:00+08,TPE_AIRPORT,139,76,7,7,7,0,16.6,observed,1.0,0.0,-63,true,monitor
2025-09-09 10:00:00+08,XIMENDING,167,162,,,124,,,source_only_no_observed_trip,,,-5,true,monitor_source_only
2025-09-09 11:00:00+08,TAIPEI_101,156,130,1,1,1,0,17.0,observed,1.0,0.0,-26,true,monitor
2025-09-09 11:00:00+08,TAIPEI_MAIN,185,140,3,3,3,0,13.4,observed,1.0,0.0,-45,true,monitor
2025-09-09 11:00:00+08,TPE_AIRPORT,73,84,4,4,1,3,14.0,observed,1.0,0.75,11,true,monitor
2025-09-09 11:00:00+08,XIMENDING,164,130,,,96,,,source_only_no_observed_trip,,,-34,true,monitor_source_only
2025-09-09 12:00:00+08,TAIPEI_101,158,94,3,3,3,0,20.200000000000003,observed,1.0,0.0,-64,true,review_pickup_reliability
2025-09-09 12:00:00+08,TAIPEI_MAIN,172,77,,,56,,,source_only_no_observed_trip,,,-95,true,monitor_source_only
2025-09-09 12:00:00+08,TPE_AIRPORT,103,80,2,2,2,0,12.700000000000001,observed,1.0,0.0,-23,true,monitor
2025-09-09 12:00:00+08,XIMENDING,168,125,,,107,,,source_only_no_observed_trip,,,-43,true,monitor_source_only
2025-09-09 13:00:00+08,TAIPEI_101,184,116,1,1,1,0,11.0,observed,1.0,0.0,-68,true,monitor
2025-09-09 13:00:00+08,TAIPEI_MAIN,186,125,2,2,2,0,23.1,observed,1.0,0.0,-61,true,review_pickup_reliability
2025-09-09 13:00:00+08,TPE_AIRPORT,112,58,3,3,3,0,17.0,observed,1.0,0.0,-54,true,monitor
2025-09-09 13:00:00+08,XIMENDING,146,148,,,117,,,source_only_no_observed_trip,,,2,true,monitor_source_only
2025-09-09 14:00:00+08,TAIPEI_101,187,108,1,1,1,0,12.0,observed,1.0,0.0,-79,true,monitor
2025-09-09 14:00:00+08,TAIPEI_MAIN,127,138,,,114,,,source_only_no_observed_trip,,,11,true,monitor_source_only
2025-09-09 14:00:00+08,TPE_AIRPORT,111,59,5,5,5,0,17.6,observed,1.0,0.0,-52,true,monitor
2025-09-09 14:00:00+08,XIMENDING,130,84,,,71,,,source_only_no_observed_trip,,,-46,true,monitor_source_only
2025-09-09 15:00:00+08,TAIPEI_101,159,139,,,117,,,source_only_no_observed_trip,,,-20,true,monitor_source_only
2025-09-09 15:00:00+08,TAIPEI_MAIN,157,94,2,2,2,0,22.2,observed,1.0,0.0,-63,true,review_pickup_reliability
2025-09-09 15:00:00+08,TPE_AIRPORT,118,92,6,6,6,0,21.0,observed,1.0,0.0,-26,true,review_pickup_reliability
2025-09-09 15:00:00+08,XIMENDING,161,120,2,2,2,0,22.9,observed,1.0,0.0,-41,true,review_pickup_reliability
2025-09-09 16:00:00+08,TAIPEI_101,140,101,,,81,,,source_only_no_observed_trip,,,-39,true,monitor_source_only
2025-09-09 16:00:00+08,TAIPEI_MAIN,182,103,2,2,2,0,17.799999999999997,observed,1.0,0.0,-79,true,monitor
2025-09-09 16:00:00+08,TPE_AIRPORT,80,47,4,4,4,0,16.4,observed,1.0,0.0,-33,true,monitor
2025-09-09 16:00:00+08,XIMENDING,151,98,1,0,0,1,,observed,0.0,1.0,-53,true,monitor
2025-09-09 17:00:00+08,TAIPEI_101,165,78,,,60,,,source_only_no_observed_trip,,,-87,true,monitor_source_only
2025-09-09 17:00:00+08,TAIPEI_MAIN,143,105,1,1,1,0,17.0,observed,1.0,0.0,-38,true,monitor
2025-09-09 17:00:00+08,TPE_AIRPORT,129,32,2,2,2,0,12.8,observed,1.0,0.0,-97,true,monitor
2025-09-09 17:00:00+08,XIMENDING,177,137,1,1,1,0,20.0,observed,1.0,0.0,-40,true,monitor
2025-09-09 18:00:00+08,TAIPEI_101,185,151,3,3,3,0,13.600000000000001,observed,1.0,0.0,-34,true,monitor
2025-09-09 18:00:00+08,TAIPEI_MAIN,150,109,3,3,3,0,15.0,observed,1.0,0.0,-41,true,monitor
2025-09-09 18:00:00+08,TPE_AIRPORT,117,120,2,2,2,0,18.900000000000002,observed,1.0,0.0,3,true,monitor
2025-09-09 18:00:00+08,XIMENDING,156,63,4,3,3,1,19.0,observed,0.75,0.25,-93,true,monitor
2025-09-09 19:00:00+08,TAIPEI_101,176,125,,,107,,,source_only_no_observed_trip,,,-51,true,monitor_source_only
2025-09-09 19:00:00+08,TAIPEI_MAIN,174,124,1,1,1,0,24.0,observed,1.0,0.0,-50,true,review_pickup_reliability
2025-09-09 19:00:00+08,TPE_AIRPORT,128,101,2,2,1,1,20.0,observed,1.0,0.5,-27,true,monitor
2025-09-09 19:00:00+08,XIMENDING,160,109,2,2,2,0,15.1,observed,1.0,0.0,-51,true,monitor
2025-09-09 20:00:00+08,TAIPEI_101,157,130,,,98,,,source_only_no_observed_trip,,,-27,true,monitor_source_only
2025-09-09 20:00:00+08,TAIPEI_MAIN,151,190,,,155,,,source_only_no_observed_trip,,,39,true,monitor_source_only
2025-09-09 20:00:00+08,TPE_AIRPORT,99,98,3,3,2,1,14.5,observed,1.0,0.3333333333333333,-1,true,monitor
2025-09-09 20:00:00+08,XIMENDING,140,219,,,171,,,source_only_no_observed_trip,,,79,true,monitor_source_only
2025-09-09 21:00:00+08,TAIPEI_101,122,186,1,1,1,0,9.0,observed,1.0,0.0,64,true,increase_supply_or_pause_send
2025-09-09 21:00:00+08,TAIPEI_MAIN,112,175,,,150,,,source_only_no_observed_trip,,,63,true,monitor_source_only
2025-09-09 21:00:00+08,TPE_AIRPORT,118,128,5,5,5,0,19.0,observed,1.0,0.0,10,true,monitor
2025-09-09 21:00:00+08,XIMENDING,151,197,1,1,1,0,16.0,observed,1.0,0.0,46,true,increase_supply_or_pause_send
2025-09-09 22:00:00+08,TAIPEI_101,132,168,,,147,,,source_only_no_observed_trip,,,36,true,monitor_source_only
2025-09-09 22:00:00+08,TAIPEI_MAIN,173,203,,,164,,,source_only_no_observed_trip,,,30,true,monitor_source_only
2025-09-09 22:00:00+08,TPE_AIRPORT,55,137,5,4,4,1,15.7,observed,0.8,0.2,82,true,increase_supply_or_pause_send
2025-09-09 22:00:00+08,XIMENDING,113,165,,,119,,,source_only_no_observed_trip,,,52,true,monitor_source_only
2025-09-09 23:00:00+08,TAIPEI_101,132,168,,,149,,,source_only_no_observed_trip,,,36,true,monitor_source_only
2025-09-09 23:00:00+08,TAIPEI_MAIN,119,161,2,2,2,0,9.8,observed,1.0,0.0,42,true,increase_supply_or_pause_send
2025-09-09 23:00:00+08,TPE_AIRPORT,102,148,7,7,6,1,18.5,observed,1.0,0.14285714285714285,46,true,increase_supply_or_pause_send
2025-09-09 23:00:00+08,XIMENDING,101,193,,,148,,,source_only_no_observed_trip,,,92,true,monitor_source_only
2025-09-10 00:00:00+08,TAIPEI_101,161,76,1,1,0,1,,observed,1.0,1.0,-85,true,monitor
2025-09-10 00:00:00+08,TAIPEI_MAIN,177,133,,,120,,,source_only_no_observed_trip,,,-44,true,monitor_source_only
2025-09-10 00:00:00+08,TPE_AIRPORT,134,99,14,14,13,1,18.8,observed,1.0,0.07142857142857142,-35,true,monitor
2025-09-10 00:00:00+08,XIMENDING,169,117,,,99,,,source_only_no_observed_trip,,,-52,true,monitor_source_only
2025-09-10 01:00:00+08,TAIPEI_101,147,109,1,1,0,1,,observed,1.0,1.0,-38,true,monitor
2025-09-10 01:00:00+08,TAIPEI_MAIN,159,145,1,1,1,0,8.0,observed,1.0,0.0,-14,true,monitor
2025-09-10 01:00:00+08,TPE_AIRPORT,117,42,3,3,3,0,18.0,observed,1.0,0.0,-75,true,monitor
2025-09-10 01:00:00+08,XIMENDING,149,128,,,92,,,source_only_no_observed_trip,,,-21,true,monitor_source_only
2025-09-10 02:00:00+08,TAIPEI_101,135,145,,,107,,,source_only_no_observed_trip,,,10,true,monitor_source_only
2025-09-10 02:00:00+08,TAIPEI_MAIN,139,107,,,91,,,source_only_no_observed_trip,,,-32,true,monitor_source_only
2025-09-10 02:00:00+08,TPE_AIRPORT,87,67,1,1,1,0,11.0,observed,1.0,0.0,-20,true,monitor
2025-09-10 02:00:00+08,XIMENDING,165,118,1,1,1,0,8.0,observed,1.0,0.0,-47,true,monitor
2025-09-10 03:00:00+08,TAIPEI_101,156,101,1,1,1,0,14.0,observed,1.0,0.0,-55,true,monitor
2025-09-10 03:00:00+08,TAIPEI_MAIN,171,113,2,1,1,1,18.0,observed,0.5,0.5,-58,true,monitor
2025-09-10 03:00:00+08,TPE_AIRPORT,112,88,1,1,0,1,,observed,1.0,1.0,-24,true,monitor
2025-09-10 03:00:00+08,XIMENDING,131,130,,,109,,,source_only_no_observed_trip,,,-1,true,monitor_source_only
2025-09-10 04:00:00+08,TAIPEI_101,168,101,1,1,1,0,7.0,observed,1.0,0.0,-67,true,monitor
2025-09-10 04:00:00+08,TAIPEI_MAIN,172,95,2,2,2,0,20.6,observed,1.0,0.0,-77,true,review_pickup_reliability
2025-09-10 04:00:00+08,TPE_AIRPORT,100,52,3,2,1,2,22.0,observed,0.6666666666666666,0.6666666666666666,-48,true,review_pickup_reliability
2025-09-10 04:00:00+08,XIMENDING,158,130,,,111,,,source_only_no_observed_trip,,,-28,true,monitor_source_only
2025-09-10 05:00:00+08,TAIPEI_101,157,189,1,1,1,0,20.0,observed,1.0,0.0,32,true,increase_supply_or_pause_send
2025-09-10 05:00:00+08,TAIPEI_MAIN,127,212,1,1,1,0,11.0,observed,1.0,0.0,85,true,increase_supply_or_pause_send
2025-09-10 05:00:00+08,TPE_AIRPORT,116,117,1,1,1,0,16.0,observed,1.0,0.0,1,true,monitor
2025-09-10 05:00:00+08,XIMENDING,127,227,,,163,,,source_only_no_observed_trip,,,100,true,monitor_source_only
2025-09-10 06:00:00+08,TAIPEI_101,113,175,,,135,,,source_only_no_observed_trip,,,62,true,monitor_source_only
2025-09-10 06:00:00+08,TAIPEI_MAIN,126,195,,,162,,,source_only_no_observed_trip,,,69,true,monitor_source_only
2025-09-10 06:00:00+08,TPE_AIRPORT,78,144,7,7,7,0,17.400000000000002,observed,1.0,0.0,66,true,increase_supply_or_pause_send
2025-09-10 06:00:00+08,XIMENDING,126,185,1,1,1,0,11.0,observed,1.0,0.0,59,true,increase_supply_or_pause_send
2025-09-10 07:00:00+08,TAIPEI_101,150,180,,,132,,,source_only_no_observed_trip,,,30,true,monitor_source_only
2025-09-10 07:00:00+08,TAIPEI_MAIN,154,175,2,2,2,0,20.8,observed,1.0,0.0,21,true,increase_supply_or_pause_send
2025-09-10 07:00:00+08,TPE_AIRPORT,96,95,6,6,6,0,17.5,observed,1.0,0.0,-1,true,monitor
2025-09-10 07:00:00+08,XIMENDING,147,203,,,151,,,source_only_no_observed_trip,,,56,true,monitor_source_only
2025-09-10 08:00:00+08,TAIPEI_101,126,209,1,1,1,0,19.0,observed,1.0,0.0,83,true,increase_supply_or_pause_send
2025-09-10 08:00:00+08,TAIPEI_MAIN,151,224,,,178,,,source_only_no_observed_trip,,,73,true,monitor_source_only
2025-09-10 08:00:00+08,TPE_AIRPORT,94,122,10,9,9,1,19.4,observed,0.9,0.1,28,true,increase_supply_or_pause_send
2025-09-10 08:00:00+08,XIMENDING,113,179,1,1,1,0,14.0,observed,1.0,0.0,66,true,increase_supply_or_pause_send
2025-09-10 09:00:00+08,TAIPEI_101,154,77,2,2,2,0,23.0,observed,1.0,0.0,-77,true,review_pickup_reliability
2025-09-10 09:00:00+08,TAIPEI_MAIN,158,124,1,1,1,0,10.0,observed,1.0,0.0,-34,true,monitor
2025-09-10 09:00:00+08,TPE_AIRPORT,101,61,5,5,4,1,21.8,observed,1.0,0.2,-40,true,review_pickup_reliability
2025-09-10 09:00:00+08,XIMENDING,135,136,1,1,1,0,12.0,observed,1.0,0.0,1,true,monitor
2025-09-10 10:00:00+08,TAIPEI_101,196,111,,,80,,,source_only_no_observed_trip,,,-85,true,monitor_source_only
2025-09-10 10:00:00+08,TAIPEI_MAIN,155,90,1,1,1,0,11.0,observed,1.0,0.0,-65,true,monitor
2025-09-10 10:00:00+08,TPE_AIRPORT,92,93,13,13,13,0,21.8,observed,1.0,0.0,1,true,review_pickup_reliability
2025-09-10 10:00:00+08,XIMENDING,158,118,,,95,,,source_only_no_observed_trip,,,-40,true,monitor_source_only
2025-09-10 11:00:00+08,TAIPEI_101,170,99,,,78,,,source_only_no_observed_trip,,,-71,true,monitor_source_only
2025-09-10 11:00:00+08,TAIPEI_MAIN,174,120,,,93,,,source_only_no_observed_trip,,,-54,true,monitor_source_only
2025-09-10 11:00:00+08,TPE_AIRPORT,142,104,4,4,4,0,14.700000000000001,observed,1.0,0.0,-38,true,monitor
2025-09-10 11:00:00+08,XIMENDING,155,91,1,1,0,1,,observed,1.0,1.0,-64,true,monitor
2025-09-10 12:00:00+08,TAIPEI_101,191,88,,,65,,,source_only_no_observed_trip,,,-103,true,monitor_source_only
2025-09-10 12:00:00+08,TAIPEI_MAIN,179,103,1,1,1,0,15.0,observed,1.0,0.0,-76,true,monitor
2025-09-10 12:00:00+08,TPE_AIRPORT,101,74,2,2,2,0,15.7,observed,1.0,0.0,-27,true,monitor
2025-09-10 12:00:00+08,XIMENDING,165,146,,,112,,,source_only_no_observed_trip,,,-19,true,monitor_source_only
2025-09-10 13:00:00+08,TAIPEI_101,166,123,,,111,,,source_only_no_observed_trip,,,-43,true,monitor_source_only
2025-09-10 13:00:00+08,TAIPEI_MAIN,154,89,,,69,,,source_only_no_observed_trip,,,-65,true,monitor_source_only
2025-09-10 13:00:00+08,TPE_AIRPORT,104,115,3,3,3,0,18.8,observed,1.0,0.0,11,true,monitor
2025-09-10 13:00:00+08,XIMENDING,154,138,,,114,,,source_only_no_observed_trip,,,-16,true,monitor_source_only
2025-09-10 14:00:00+08,TAIPEI_101,167,71,1,1,1,0,9.0,observed,1.0,0.0,-96,true,monitor
2025-09-10 14:00:00+08,TAIPEI_MAIN,175,139,1,1,1,0,16.0,observed,1.0,0.0,-36,true,monitor
2025-09-10 14:00:00+08,TPE_AIRPORT,116,102,2,2,1,1,17.0,observed,1.0,0.5,-14,true,monitor
2025-09-10 14:00:00+08,XIMENDING,171,102,1,1,1,0,15.0,observed,1.0,0.0,-69,true,monitor
2025-09-10 15:00:00+08,TAIPEI_101,136,139,1,0,0,1,,observed,0.0,1.0,3,true,monitor
2025-09-10 15:00:00+08,TAIPEI_MAIN,109,169,2,2,1,1,19.0,observed,1.0,0.5,60,true,increase_supply_or_pause_send
2025-09-10 15:00:00+08,TPE_AIRPORT,131,91,3,3,3,0,19.4,observed,1.0,0.0,-40,true,monitor
2025-09-10 15:00:00+08,XIMENDING,163,118,1,1,1,0,11.0,observed,1.0,0.0,-45,true,monitor
2025-09-10 16:00:00+08,TAIPEI_101,172,100,,,73,,,source_only_no_observed_trip,,,-72,true,monitor_source_only
2025-09-10 16:00:00+08,TAIPEI_MAIN,179,117,1,1,1,0,10.0,observed,1.0,0.0,-62,true,monitor
2025-09-10 16:00:00+08,TPE_AIRPORT,138,66,3,3,2,1,15.6,observed,1.0,0.3333333333333333,-72,true,monitor
2025-09-10 16:00:00+08,XIMENDING,165,91,2,2,2,0,19.3,observed,1.0,0.0,-74,true,monitor
2025-09-10 17:00:00+08,TAIPEI_101,155,84,4,4,4,0,18.400000000000002,observed,1.0,0.0,-71,true,monitor
2025-09-10 17:00:00+08,TAIPEI_MAIN,136,108,,,84,,,source_only_no_observed_trip,,,-28,true,monitor_source_only
2025-09-10 17:00:00+08,TPE_AIRPORT,118,108,1,1,1,0,21.0,observed,1.0,0.0,-10,true,review_pickup_reliability
2025-09-10 17:00:00+08,XIMENDING,161,122,,,95,,,source_only_no_observed_trip,,,-39,true,monitor_source_only
2025-09-10 18:00:00+08,TAIPEI_101,125,106,1,1,1,0,16.0,observed,1.0,0.0,-19,true,monitor
2025-09-10 18:00:00+08,TAIPEI_MAIN,161,102,1,1,1,0,23.0,observed,1.0,0.0,-59,true,review_pickup_reliability
2025-09-10 18:00:00+08,TPE_AIRPORT,82,108,,,84,,,source_only_no_observed_trip,,,26,true,monitor_source_only
2025-09-10 18:00:00+08,XIMENDING,162,110,4,4,4,0,14.5,observed,1.0,0.0,-52,true,monitor
2025-09-10 19:00:00+08,TAIPEI_101,153,148,2,2,2,0,16.8,observed,1.0,0.0,-5,true,monitor
2025-09-10 19:00:00+08,TAIPEI_MAIN,162,91,1,1,1,0,14.0,observed,1.0,0.0,-71,true,monitor
2025-09-10 19:00:00+08,TPE_AIRPORT,77,63,5,5,4,1,19.1,observed,1.0,0.2,-14,true,monitor
2025-09-10 19:00:00+08,XIMENDING,155,141,,,112,,,source_only_no_observed_trip,,,-14,true,monitor_source_only
2025-09-10 20:00:00+08,TAIPEI_101,123,218,2,2,2,0,11.4,observed,1.0,0.0,95,true,increase_supply_or_pause_send
2025-09-10 20:00:00+08,TAIPEI_MAIN,146,151,1,1,1,0,14.0,observed,1.0,0.0,5,true,monitor
2025-09-10 20:00:00+08,TPE_AIRPORT,62,120,4,4,4,0,19.4,observed,1.0,0.0,58,true,increase_supply_or_pause_send
2025-09-10 20:00:00+08,XIMENDING,146,186,3,2,2,1,14.0,observed,0.6666666666666666,0.3333333333333333,40,true,increase_supply_or_pause_send
2025-09-10 21:00:00+08,TAIPEI_101,128,199,1,1,1,0,5.0,observed,1.0,0.0,71,true,increase_supply_or_pause_send
2025-09-10 21:00:00+08,TAIPEI_MAIN,129,166,,,141,,,source_only_no_observed_trip,,,37,true,monitor_source_only
2025-09-10 21:00:00+08,TPE_AIRPORT,88,147,5,5,5,0,20.2,observed,1.0,0.0,59,true,increase_supply_or_pause_send
2025-09-10 21:00:00+08,XIMENDING,146,204,,,163,,,source_only_no_observed_trip,,,58,true,monitor_source_only
2025-09-10 22:00:00+08,TAIPEI_101,157,202,,,146,,,source_only_no_observed_trip,,,45,true,monitor_source_only
2025-09-10 22:00:00+08,TAIPEI_MAIN,120,169,,,124,,,source_only_no_observed_trip,,,49,true,monitor_source_only
2025-09-10 22:00:00+08,TPE_AIRPORT,70,87,5,5,5,0,18.6,observed,1.0,0.0,17,true,monitor
2025-09-10 22:00:00+08,XIMENDING,127,180,1,1,1,0,16.0,observed,1.0,0.0,53,true,increase_supply_or_pause_send
2025-09-10 23:00:00+08,TAIPEI_101,123,212,1,1,1,0,17.0,observed,1.0,0.0,89,true,increase_supply_or_pause_send
2025-09-10 23:00:00+08,TAIPEI_MAIN,165,191,,,166,,,source_only_no_observed_trip,,,26,true,monitor_source_only
2025-09-10 23:00:00+08,TPE_AIRPORT,80,137,4,4,4,0,18.3,observed,1.0,0.0,57,true,increase_supply_or_pause_send
2025-09-10 23:00:00+08,XIMENDING,91,164,1,1,1,0,12.0,observed,1.0,0.0,73,true,increase_supply_or_pause_send
2025-09-11 00:00:00+08,TAIPEI_101,180,152,1,1,1,0,18.0,observed,1.0,0.0,-28,true,monitor
2025-09-11 00:00:00+08,TAIPEI_MAIN,152,100,,,89,,,source_only_no_observed_trip,,,-52,true,monitor_source_only
2025-09-11 00:00:00+08,TPE_AIRPORT,114,72,5,4,3,2,14.6,observed,0.8,0.4,-42,true,monitor
2025-09-11 00:00:00+08,XIMENDING,162,119,,,92,,,source_only_no_observed_trip,,,-43,true,monitor_source_only
2025-09-11 01:00:00+08,TAIPEI_101,183,94,,,82,,,source_only_no_observed_trip,,,-89,true,monitor_source_only
2025-09-11 01:00:00+08,TAIPEI_MAIN,161,107,,,83,,,source_only_no_observed_trip,,,-54,true,monitor_source_only
2025-09-11 01:00:00+08,TPE_AIRPORT,72,75,3,3,3,0,20.6,observed,1.0,0.0,3,true,review_pickup_reliability
2025-09-11 01:00:00+08,XIMENDING,174,121,1,0,0,1,,observed,0.0,1.0,-53,true,monitor
2025-09-11 02:00:00+08,TAIPEI_101,171,104,,,75,,,source_only_no_observed_trip,,,-67,true,monitor_source_only
2025-09-11 02:00:00+08,TAIPEI_MAIN,157,136,,,115,,,source_only_no_observed_trip,,,-21,true,monitor_source_only
2025-09-11 02:00:00+08,TPE_AIRPORT,135,115,6,6,4,2,20.300000000000004,observed,1.0,0.3333333333333333,-20,true,review_pickup_reliability
2025-09-11 02:00:00+08,XIMENDING,162,96,1,1,1,0,16.0,observed,1.0,0.0,-66,true,monitor
2025-09-11 03:00:00+08,TAIPEI_101,197,150,,,127,,,source_only_no_observed_trip,,,-47,true,monitor_source_only
2025-09-11 03:00:00+08,TAIPEI_MAIN,164,137,,,123,,,source_only_no_observed_trip,,,-27,true,monitor_source_only
2025-09-11 03:00:00+08,TPE_AIRPORT,120,66,3,3,2,1,11.8,observed,1.0,0.3333333333333333,-54,true,monitor
2025-09-11 03:00:00+08,XIMENDING,173,112,2,2,2,0,12.200000000000001,observed,1.0,0.0,-61,true,monitor
2025-09-11 04:00:00+08,TAIPEI_101,147,106,1,1,1,0,17.0,observed,1.0,0.0,-41,true,monitor
2025-09-11 04:00:00+08,TAIPEI_MAIN,153,103,1,0,0,1,,observed,0.0,1.0,-50,true,monitor
2025-09-11 04:00:00+08,TPE_AIRPORT,117,94,3,3,3,0,12.8,observed,1.0,0.0,-23,true,monitor
2025-09-11 04:00:00+08,XIMENDING,162,142,1,1,1,0,12.0,observed,1.0,0.0,-20,true,monitor
2025-09-11 05:00:00+08,TAIPEI_101,115,203,,,146,,,source_only_no_observed_trip,,,88,true,monitor_source_only
2025-09-11 05:00:00+08,TAIPEI_MAIN,144,202,,,173,,,source_only_no_observed_trip,,,58,true,monitor_source_only
2025-09-11 05:00:00+08,TPE_AIRPORT,84,108,4,4,3,1,22.0,observed,1.0,0.25,24,true,increase_supply_or_pause_send
2025-09-11 05:00:00+08,XIMENDING,206,174,2,2,1,1,13.0,observed,1.0,0.5,-32,true,monitor
2025-09-11 06:00:00+08,TAIPEI_101,127,197,2,2,2,0,13.6,observed,1.0,0.0,70,true,increase_supply_or_pause_send
2025-09-11 06:00:00+08,TAIPEI_MAIN,162,178,,,156,,,source_only_no_observed_trip,,,16,true,monitor_source_only
2025-09-11 06:00:00+08,TPE_AIRPORT,90,137,4,1,1,3,22.0,observed,0.25,0.75,47,true,increase_supply_or_pause_send
2025-09-11 06:00:00+08,XIMENDING,154,142,,,113,,,source_only_no_observed_trip,,,-12,true,monitor_source_only
2025-09-11 07:00:00+08,TAIPEI_101,135,179,,,155,,,source_only_no_observed_trip,,,44,true,monitor_source_only
2025-09-11 07:00:00+08,TAIPEI_MAIN,129,163,1,1,1,0,23.0,observed,1.0,0.0,34,true,increase_supply_or_pause_send
2025-09-11 07:00:00+08,TPE_AIRPORT,68,113,5,4,3,2,16.8,observed,0.8,0.4,45,true,increase_supply_or_pause_send
2025-09-11 07:00:00+08,XIMENDING,125,167,1,1,1,0,20.0,observed,1.0,0.0,42,true,increase_supply_or_pause_send
2025-09-11 08:00:00+08,TAIPEI_101,140,165,,,144,,,source_only_no_observed_trip,,,25,true,monitor_source_only
2025-09-11 08:00:00+08,TAIPEI_MAIN,144,208,2,2,2,0,17.299999999999997,observed,1.0,0.0,64,true,increase_supply_or_pause_send
2025-09-11 08:00:00+08,TPE_AIRPORT,70,100,6,3,3,3,18.4,observed,0.5,0.5,30,true,increase_supply_or_pause_send
2025-09-11 08:00:00+08,XIMENDING,143,194,1,1,1,0,21.0,observed,1.0,0.0,51,true,increase_supply_or_pause_send
2025-09-11 09:00:00+08,TAIPEI_101,144,161,1,1,1,0,19.0,observed,1.0,0.0,17,true,monitor
2025-09-11 09:00:00+08,TAIPEI_MAIN,177,113,1,1,1,0,12.0,observed,1.0,0.0,-64,true,monitor
2025-09-11 09:00:00+08,TPE_AIRPORT,86,114,10,10,9,1,19.2,observed,1.0,0.1,28,true,increase_supply_or_pause_send
2025-09-11 09:00:00+08,XIMENDING,183,97,1,1,1,0,23.0,observed,1.0,0.0,-86,true,review_pickup_reliability
2025-09-11 10:00:00+08,TAIPEI_101,164,114,1,1,1,0,13.0,observed,1.0,0.0,-50,true,monitor
2025-09-11 10:00:00+08,TAIPEI_MAIN,173,117,,,87,,,source_only_no_observed_trip,,,-56,true,monitor_source_only
2025-09-11 10:00:00+08,TPE_AIRPORT,136,91,8,8,8,0,19.5,observed,1.0,0.0,-45,true,monitor
2025-09-11 10:00:00+08,XIMENDING,147,109,,,82,,,source_only_no_observed_trip,,,-38,true,monitor_source_only
2025-09-11 11:00:00+08,TAIPEI_101,175,117,,,95,,,source_only_no_observed_trip,,,-58,true,monitor_source_only
2025-09-11 11:00:00+08,TAIPEI_MAIN,166,97,,,81,,,source_only_no_observed_trip,,,-69,true,monitor_source_only
2025-09-11 11:00:00+08,TPE_AIRPORT,129,78,3,3,3,0,17.8,observed,1.0,0.0,-51,true,monitor
2025-09-11 11:00:00+08,XIMENDING,132,136,,,107,,,source_only_no_observed_trip,,,4,true,monitor_source_only
2025-09-11 12:00:00+08,TAIPEI_101,166,90,,,78,,,source_only_no_observed_trip,,,-76,true,monitor_source_only
2025-09-11 12:00:00+08,TAIPEI_MAIN,171,112,1,1,0,1,,observed,1.0,1.0,-59,true,monitor
2025-09-11 12:00:00+08,TPE_AIRPORT,136,119,2,2,1,1,20.0,observed,1.0,0.5,-17,true,monitor
2025-09-11 12:00:00+08,XIMENDING,149,148,1,1,1,0,12.0,observed,1.0,0.0,-1,true,monitor
2025-09-11 13:00:00+08,TAIPEI_101,163,97,,,83,,,source_only_no_observed_trip,,,-66,true,monitor_source_only
2025-09-11 13:00:00+08,TAIPEI_MAIN,175,120,,,92,,,source_only_no_observed_trip,,,-55,true,monitor_source_only
2025-09-11 13:00:00+08,TPE_AIRPORT,100,86,1,1,1,0,10.0,observed,1.0,0.0,-14,true,monitor
2025-09-11 13:00:00+08,XIMENDING,179,99,,,84,,,source_only_no_observed_trip,,,-80,true,monitor_source_only
2025-09-11 14:00:00+08,TAIPEI_101,157,134,,,110,,,source_only_no_observed_trip,,,-23,true,monitor_source_only
2025-09-11 14:00:00+08,TAIPEI_MAIN,177,150,,,109,,,source_only_no_observed_trip,,,-27,true,monitor_source_only
2025-09-11 14:00:00+08,TPE_AIRPORT,113,75,2,2,2,0,17.7,observed,1.0,0.0,-38,true,monitor
2025-09-11 14:00:00+08,XIMENDING,165,50,1,1,1,0,10.0,observed,1.0,0.0,-115,true,monitor
2025-09-11 15:00:00+08,TAIPEI_101,140,152,1,1,1,0,17.0,observed,1.0,0.0,12,true,monitor
2025-09-11 15:00:00+08,TAIPEI_MAIN,145,136,1,1,1,0,18.0,observed,1.0,0.0,-9,true,monitor
2025-09-11 15:00:00+08,TPE_AIRPORT,109,69,3,2,2,1,18.200000000000003,observed,0.6666666666666666,0.3333333333333333,-40,true,monitor
2025-09-11 15:00:00+08,XIMENDING,145,112,,,80,,,source_only_no_observed_trip,,,-33,true,monitor_source_only
2025-09-11 16:00:00+08,TAIPEI_101,150,142,2,2,2,0,13.799999999999999,observed,1.0,0.0,-8,true,monitor
2025-09-11 16:00:00+08,TAIPEI_MAIN,158,89,1,1,1,0,10.0,observed,1.0,0.0,-69,true,monitor
2025-09-11 16:00:00+08,TPE_AIRPORT,115,54,4,4,4,0,19.0,observed,1.0,0.0,-61,true,monitor
2025-09-11 16:00:00+08,XIMENDING,177,118,1,1,1,0,7.0,observed,1.0,0.0,-59,true,monitor
2025-09-11 17:00:00+08,TAIPEI_101,148,132,1,1,1,0,16.0,observed,1.0,0.0,-16,true,monitor
2025-09-11 17:00:00+08,TAIPEI_MAIN,164,125,1,1,1,0,7.0,observed,1.0,0.0,-39,true,monitor
2025-09-11 17:00:00+08,TPE_AIRPORT,108,88,4,4,4,0,17.4,observed,1.0,0.0,-20,true,monitor
2025-09-11 17:00:00+08,XIMENDING,186,111,3,3,3,0,16.0,observed,1.0,0.0,-75,true,monitor
2025-09-11 18:00:00+08,TAIPEI_101,159,133,1,1,1,0,9.0,observed,1.0,0.0,-26,true,monitor
2025-09-11 18:00:00+08,TAIPEI_MAIN,135,72,1,1,1,0,9.0,observed,1.0,0.0,-63,true,monitor
2025-09-11 18:00:00+08,TPE_AIRPORT,119,40,4,3,3,1,10.0,observed,0.75,0.25,-79,true,monitor
2025-09-11 18:00:00+08,XIMENDING,141,120,1,1,1,0,15.0,observed,1.0,0.0,-21,true,monitor
2025-09-11 19:00:00+08,TAIPEI_101,161,116,,,89,,,source_only_no_observed_trip,,,-45,true,monitor_source_only
2025-09-11 19:00:00+08,TAIPEI_MAIN,155,128,2,2,2,0,20.0,observed,1.0,0.0,-27,true,monitor
2025-09-11 19:00:00+08,TPE_AIRPORT,86,36,5,5,5,0,18.6,observed,1.0,0.0,-50,true,monitor
2025-09-11 19:00:00+08,XIMENDING,152,116,2,2,0,2,,observed,1.0,1.0,-36,true,monitor
2025-09-11 20:00:00+08,TAIPEI_101,120,181,,,162,,,source_only_no_observed_trip,,,61,true,monitor_source_only
2025-09-11 20:00:00+08,TAIPEI_MAIN,172,183,2,2,2,0,19.8,observed,1.0,0.0,11,true,monitor
2025-09-11 20:00:00+08,TPE_AIRPORT,69,97,2,2,2,0,9.9,observed,1.0,0.0,28,true,increase_supply_or_pause_send
2025-09-11 20:00:00+08,XIMENDING,172,187,1,1,0,1,,observed,1.0,1.0,15,true,monitor
2025-09-11 21:00:00+08,TAIPEI_101,183,193,,,149,,,source_only_no_observed_trip,,,10,true,monitor_source_only
2025-09-11 21:00:00+08,TAIPEI_MAIN,133,177,1,1,1,0,19.0,observed,1.0,0.0,44,true,increase_supply_or_pause_send
2025-09-11 21:00:00+08,TPE_AIRPORT,104,109,9,8,8,1,18.3,observed,0.8888888888888888,0.1111111111111111,5,true,monitor
2025-09-11 21:00:00+08,XIMENDING,137,147,1,1,1,0,7.0,observed,1.0,0.0,10,true,monitor
2025-09-11 22:00:00+08,TAIPEI_101,162,204,1,1,1,0,19.0,observed,1.0,0.0,42,true,increase_supply_or_pause_send
2025-09-11 22:00:00+08,TAIPEI_MAIN,117,190,,,146,,,source_only_no_observed_trip,,,73,true,monitor_source_only
2025-09-11 22:00:00+08,TPE_AIRPORT,98,98,7,7,6,1,16.0,observed,1.0,0.14285714285714285,0,true,monitor
2025-09-11 22:00:00+08,XIMENDING,118,151,1,1,1,0,11.0,observed,1.0,0.0,33,true,increase_supply_or_pause_send
2025-09-11 23:00:00+08,TAIPEI_101,129,163,1,1,1,0,19.0,observed,1.0,0.0,34,true,increase_supply_or_pause_send
2025-09-11 23:00:00+08,TAIPEI_MAIN,118,221,3,3,3,0,14.6,observed,1.0,0.0,103,true,increase_supply_or_pause_send
2025-09-11 23:00:00+08,TPE_AIRPORT,74,144,5,4,3,2,12.4,observed,0.8,0.4,70,true,increase_supply_or_pause_send
2025-09-11 23:00:00+08,XIMENDING,154,207,1,1,1,0,9.0,observed,1.0,0.0,53,true,increase_supply_or_pause_send
2025-09-12 00:00:00+08,TAIPEI_101,188,81,,,64,,,source_only_no_observed_trip,,,-107,true,monitor_source_only
2025-09-12 00:00:00+08,TAIPEI_MAIN,157,154,,,123,,,source_only_no_observed_trip,,,-3,true,monitor_source_only
2025-09-12 00:00:00+08,TPE_AIRPORT,123,98,4,3,3,1,19.4,observed,0.75,0.25,-25,true,monitor
2025-09-12 00:00:00+08,XIMENDING,158,85,2,2,2,0,14.7,observed,1.0,0.0,-73,true,monitor
2025-09-12 01:00:00+08,TAIPEI_101,159,81,1,1,1,0,16.0,observed,1.0,0.0,-78,true,monitor
2025-09-12 01:00:00+08,TAIPEI_MAIN,140,105,,,89,,,source_only_no_observed_trip,,,-35,true,monitor_source_only
2025-09-12 01:00:00+08,TPE_AIRPORT,94,113,5,5,5,0,17.0,observed,1.0,0.0,19,true,monitor
2025-09-12 01:00:00+08,XIMENDING,151,120,1,1,1,0,10.0,observed,1.0,0.0,-31,true,monitor
2025-09-12 02:00:00+08,TAIPEI_101,174,136,,,100,,,source_only_no_observed_trip,,,-38,true,monitor_source_only
2025-09-12 02:00:00+08,TAIPEI_MAIN,171,134,,,97,,,source_only_no_observed_trip,,,-37,true,monitor_source_only
2025-09-12 02:00:00+08,TPE_AIRPORT,125,110,2,2,2,0,16.3,observed,1.0,0.0,-15,true,monitor
2025-09-12 02:00:00+08,XIMENDING,169,134,1,1,1,0,13.0,observed,1.0,0.0,-35,true,monitor
2025-09-12 03:00:00+08,TAIPEI_101,189,143,,,105,,,source_only_no_observed_trip,,,-46,true,monitor_source_only
2025-09-12 03:00:00+08,TAIPEI_MAIN,171,58,,,49,,,source_only_no_observed_trip,,,-113,true,monitor_source_only
2025-09-12 03:00:00+08,TPE_AIRPORT,85,78,2,2,2,0,17.900000000000002,observed,1.0,0.0,-7,true,monitor
2025-09-12 03:00:00+08,XIMENDING,194,143,,,121,,,source_only_no_observed_trip,,,-51,true,monitor_source_only
2025-09-12 04:00:00+08,TAIPEI_101,170,124,2,2,2,0,19.7,observed,1.0,0.0,-46,true,monitor
2025-09-12 04:00:00+08,TAIPEI_MAIN,150,117,1,1,1,0,11.0,observed,1.0,0.0,-33,true,monitor
2025-09-12 04:00:00+08,TPE_AIRPORT,117,46,4,4,4,0,17.7,observed,1.0,0.0,-71,true,monitor
2025-09-12 04:00:00+08,XIMENDING,169,118,,,92,,,source_only_no_observed_trip,,,-51,true,monitor_source_only
2025-09-12 05:00:00+08,TAIPEI_101,150,178,2,2,2,0,12.9,observed,1.0,0.0,28,true,increase_supply_or_pause_send
2025-09-12 05:00:00+08,TAIPEI_MAIN,134,179,,,134,,,source_only_no_observed_trip,,,45,true,monitor_source_only
2025-09-12 05:00:00+08,TPE_AIRPORT,105,140,2,2,2,0,12.5,observed,1.0,0.0,35,true,increase_supply_or_pause_send
2025-09-12 05:00:00+08,XIMENDING,111,186,,,164,,,source_only_no_observed_trip,,,75,true,monitor_source_only
2025-09-12 06:00:00+08,TAIPEI_101,160,166,1,1,1,0,20.0,observed,1.0,0.0,6,true,monitor
2025-09-12 06:00:00+08,TAIPEI_MAIN,121,219,,,177,,,source_only_no_observed_trip,,,98,true,monitor_source_only
2025-09-12 06:00:00+08,TPE_AIRPORT,80,100,6,6,5,1,15.2,observed,1.0,0.16666666666666666,20,true,monitor
2025-09-12 06:00:00+08,XIMENDING,136,203,1,1,1,0,20.0,observed,1.0,0.0,67,true,increase_supply_or_pause_send
2025-09-12 07:00:00+08,TAIPEI_101,122,203,1,1,1,0,12.0,observed,1.0,0.0,81,true,increase_supply_or_pause_send
2025-09-12 07:00:00+08,TAIPEI_MAIN,157,180,1,0,0,1,,observed,0.0,1.0,23,true,increase_supply_or_pause_send
2025-09-12 07:00:00+08,TPE_AIRPORT,105,122,4,4,4,0,16.900000000000002,observed,1.0,0.0,17,true,monitor
2025-09-12 07:00:00+08,XIMENDING,131,222,2,2,2,0,20.3,observed,1.0,0.0,91,true,increase_supply_or_pause_send
2025-09-12 08:00:00+08,TAIPEI_101,139,190,2,2,2,0,18.1,observed,1.0,0.0,51,true,increase_supply_or_pause_send
2025-09-12 08:00:00+08,TAIPEI_MAIN,107,166,,,144,,,source_only_no_observed_trip,,,59,true,monitor_source_only
2025-09-12 08:00:00+08,TPE_AIRPORT,78,143,7,7,7,0,20.0,observed,1.0,0.0,65,true,increase_supply_or_pause_send
2025-09-12 08:00:00+08,XIMENDING,130,170,1,1,1,0,23.0,observed,1.0,0.0,40,true,increase_supply_or_pause_send
2025-09-12 09:00:00+08,TAIPEI_101,154,140,2,2,2,0,21.0,observed,1.0,0.0,-14,true,review_pickup_reliability
2025-09-12 09:00:00+08,TAIPEI_MAIN,152,122,3,3,3,0,15.8,observed,1.0,0.0,-30,true,monitor
2025-09-12 09:00:00+08,TPE_AIRPORT,99,98,5,5,5,0,16.6,observed,1.0,0.0,-1,true,monitor
2025-09-12 09:00:00+08,XIMENDING,175,167,2,2,2,0,20.1,observed,1.0,0.0,-8,true,review_pickup_reliability
2025-09-12 10:00:00+08,TAIPEI_101,146,156,2,2,2,0,17.299999999999997,observed,1.0,0.0,10,true,monitor
2025-09-12 10:00:00+08,TAIPEI_MAIN,158,93,,,74,,,source_only_no_observed_trip,,,-65,true,monitor_source_only
2025-09-12 10:00:00+08,TPE_AIRPORT,103,108,6,6,5,1,19.6,observed,1.0,0.16666666666666666,5,true,monitor
2025-09-12 10:00:00+08,XIMENDING,151,122,,,88,,,source_only_no_observed_trip,,,-29,true,monitor_source_only
2025-09-12 11:00:00+08,TAIPEI_101,133,106,1,1,1,0,19.0,observed,1.0,0.0,-27,true,monitor
2025-09-12 11:00:00+08,TAIPEI_MAIN,165,85,,,64,,,source_only_no_observed_trip,,,-80,true,monitor_source_only
2025-09-12 11:00:00+08,TPE_AIRPORT,100,81,3,3,3,0,16.8,observed,1.0,0.0,-19,true,monitor
2025-09-12 11:00:00+08,XIMENDING,153,106,,,91,,,source_only_no_observed_trip,,,-47,true,monitor_source_only
2025-09-12 12:00:00+08,TAIPEI_101,169,139,2,2,2,0,6.8999999999999995,observed,1.0,0.0,-30,true,monitor
2025-09-12 12:00:00+08,TAIPEI_MAIN,192,62,,,51,,,source_only_no_observed_trip,,,-130,true,monitor_source_only
2025-09-12 12:00:00+08,TPE_AIRPORT,115,63,2,2,2,0,19.7,observed,1.0,0.0,-52,true,monitor
2025-09-12 12:00:00+08,XIMENDING,143,125,,,103,,,source_only_no_observed_trip,,,-18,true,monitor_source_only
2025-09-12 13:00:00+08,TAIPEI_101,130,94,,,74,,,source_only_no_observed_trip,,,-36,true,monitor_source_only
2025-09-12 13:00:00+08,TAIPEI_MAIN,134,108,1,1,1,0,8.0,observed,1.0,0.0,-26,true,monitor
2025-09-12 13:00:00+08,TPE_AIRPORT,103,88,2,2,2,0,19.7,observed,1.0,0.0,-15,true,monitor
2025-09-12 13:00:00+08,XIMENDING,193,114,,,86,,,source_only_no_observed_trip,,,-79,true,monitor_source_only
2025-09-12 14:00:00+08,TAIPEI_101,173,104,2,2,2,0,15.9,observed,1.0,0.0,-69,true,monitor
2025-09-12 14:00:00+08,TAIPEI_MAIN,171,95,,,70,,,source_only_no_observed_trip,,,-76,true,monitor_source_only
2025-09-12 14:00:00+08,TPE_AIRPORT,137,85,4,4,4,0,18.700000000000003,observed,1.0,0.0,-52,true,monitor
2025-09-12 14:00:00+08,XIMENDING,163,91,1,1,1,0,14.0,observed,1.0,0.0,-72,true,monitor
2025-09-12 15:00:00+08,TAIPEI_101,163,134,1,1,1,0,12.0,observed,1.0,0.0,-29,true,monitor
2025-09-12 15:00:00+08,TAIPEI_MAIN,154,119,2,1,0,2,,observed,0.5,1.0,-35,true,monitor
2025-09-12 15:00:00+08,TPE_AIRPORT,134,85,3,3,3,0,19.599999999999998,observed,1.0,0.0,-49,true,monitor
2025-09-12 15:00:00+08,XIMENDING,168,81,1,1,1,0,11.0,observed,1.0,0.0,-87,true,monitor
2025-09-12 16:00:00+08,TAIPEI_101,152,152,,,113,,,source_only_no_observed_trip,,,0,true,monitor_source_only
2025-09-12 16:00:00+08,TAIPEI_MAIN,159,104,,,85,,,source_only_no_observed_trip,,,-55,true,monitor_source_only
2025-09-12 16:00:00+08,TPE_AIRPORT,110,76,2,1,1,1,18.0,observed,0.5,0.5,-34,true,monitor
2025-09-12 16:00:00+08,XIMENDING,168,108,1,1,1,0,10.0,observed,1.0,0.0,-60,true,monitor
2025-09-12 17:00:00+08,TAIPEI_101,152,72,1,1,1,0,14.0,observed,1.0,0.0,-80,true,monitor
2025-09-12 17:00:00+08,TAIPEI_MAIN,145,100,,,78,,,source_only_no_observed_trip,,,-45,true,monitor_source_only
2025-09-12 17:00:00+08,TPE_AIRPORT,123,64,3,3,2,1,13.799999999999999,observed,1.0,0.3333333333333333,-59,true,monitor
2025-09-12 17:00:00+08,XIMENDING,110,118,1,1,1,0,9.0,observed,1.0,0.0,8,true,monitor
2025-09-12 18:00:00+08,TAIPEI_101,166,124,1,1,1,0,22.0,observed,1.0,0.0,-42,true,review_pickup_reliability
2025-09-12 18:00:00+08,TAIPEI_MAIN,180,102,1,1,1,0,19.0,observed,1.0,0.0,-78,true,monitor
2025-09-12 18:00:00+08,TPE_AIRPORT,135,105,1,1,1,0,15.0,observed,1.0,0.0,-30,true,monitor
2025-09-12 18:00:00+08,XIMENDING,156,86,,,63,,,source_only_no_observed_trip,,,-70,true,monitor_source_only
2025-09-12 19:00:00+08,TAIPEI_101,166,123,2,2,2,0,20.3,observed,1.0,0.0,-43,true,review_pickup_reliability
2025-09-12 19:00:00+08,TAIPEI_MAIN,136,86,2,2,2,0,16.7,observed,1.0,0.0,-50,true,monitor
2025-09-12 19:00:00+08,TPE_AIRPORT,107,58,1,1,1,0,15.0,observed,1.0,0.0,-49,true,monitor
2025-09-12 19:00:00+08,XIMENDING,132,136,1,0,0,1,,observed,0.0,1.0,4,true,monitor
2025-09-12 20:00:00+08,TAIPEI_101,150,213,3,3,3,0,20.0,observed,1.0,0.0,63,true,increase_supply_or_pause_send
2025-09-12 20:00:00+08,TAIPEI_MAIN,152,169,1,1,1,0,22.0,observed,1.0,0.0,17,true,review_pickup_reliability
2025-09-12 20:00:00+08,TPE_AIRPORT,87,96,3,3,3,0,17.6,observed,1.0,0.0,9,true,monitor
2025-09-12 20:00:00+08,XIMENDING,121,147,,,128,,,source_only_no_observed_trip,,,26,true,monitor_source_only
2025-09-12 21:00:00+08,TAIPEI_101,139,139,1,1,1,0,12.0,observed,1.0,0.0,0,true,monitor
2025-09-12 21:00:00+08,TAIPEI_MAIN,143,193,1,1,1,0,9.0,observed,1.0,0.0,50,true,increase_supply_or_pause_send
2025-09-12 21:00:00+08,TPE_AIRPORT,84,123,6,6,6,0,19.5,observed,1.0,0.0,39,true,increase_supply_or_pause_send
2025-09-12 21:00:00+08,XIMENDING,108,198,,,157,,,source_only_no_observed_trip,,,90,true,monitor_source_only
2025-09-12 22:00:00+08,TAIPEI_101,139,201,,,172,,,source_only_no_observed_trip,,,62,true,monitor_source_only
2025-09-12 22:00:00+08,TAIPEI_MAIN,113,209,,,186,,,source_only_no_observed_trip,,,96,true,monitor_source_only
2025-09-12 22:00:00+08,TPE_AIRPORT,85,144,6,5,5,1,17.2,observed,0.8333333333333334,0.16666666666666666,59,true,increase_supply_or_pause_send
2025-09-12 22:00:00+08,XIMENDING,149,185,,,138,,,source_only_no_observed_trip,,,36,true,monitor_source_only
2025-09-12 23:00:00+08,TAIPEI_101,116,171,,,130,,,source_only_no_observed_trip,,,55,true,monitor_source_only
2025-09-12 23:00:00+08,TAIPEI_MAIN,143,151,,,126,,,source_only_no_observed_trip,,,8,true,monitor_source_only
2025-09-12 23:00:00+08,TPE_AIRPORT,99,108,7,6,6,1,21.0,observed,0.8571428571428571,0.14285714285714285,9,true,review_pickup_reliability
2025-09-12 23:00:00+08,XIMENDING,143,168,1,1,1,0,21.0,observed,1.0,0.0,25,true,increase_supply_or_pause_send
2025-09-13 00:00:00+08,TAIPEI_101,155,103,,,83,,,source_only_no_observed_trip,,,-52,true,monitor_source_only
2025-09-13 00:00:00+08,TAIPEI_MAIN,162,122,,,103,,,source_only_no_observed_trip,,,-40,true,monitor_source_only
2025-09-13 00:00:00+08,TPE_AIRPORT,103,98,4,4,3,1,14.0,observed,1.0,0.25,-5,true,monitor
2025-09-13 00:00:00+08,XIMENDING,160,139,1,1,1,0,18.0,observed,1.0,0.0,-21,true,monitor
2025-09-13 01:00:00+08,TAIPEI_101,172,121,,,102,,,source_only_no_observed_trip,,,-51,true,monitor_source_only
2025-09-13 01:00:00+08,TAIPEI_MAIN,163,128,,,114,,,source_only_no_observed_trip,,,-35,true,monitor_source_only
2025-09-13 01:00:00+08,TPE_AIRPORT,142,107,4,3,2,2,18.400000000000002,observed,0.75,0.5,-35,true,monitor
2025-09-13 01:00:00+08,XIMENDING,143,103,,,75,,,source_only_no_observed_trip,,,-40,true,monitor_source_only
2025-09-13 02:00:00+08,TAIPEI_101,140,114,,,97,,,source_only_no_observed_trip,,,-26,true,monitor_source_only
2025-09-13 02:00:00+08,TAIPEI_MAIN,136,127,1,1,1,0,8.0,observed,1.0,0.0,-9,true,monitor
2025-09-13 02:00:00+08,TPE_AIRPORT,115,72,1,1,1,0,21.0,observed,1.0,0.0,-43,true,review_pickup_reliability
2025-09-13 02:00:00+08,XIMENDING,169,95,1,1,1,0,9.0,observed,1.0,0.0,-74,true,monitor
2025-09-13 03:00:00+08,TAIPEI_101,139,158,1,1,0,1,,observed,1.0,1.0,19,true,monitor
2025-09-13 03:00:00+08,TAIPEI_MAIN,167,88,,,68,,,source_only_no_observed_trip,,,-79,true,monitor_source_only
2025-09-13 03:00:00+08,TPE_AIRPORT,117,85,2,2,2,0,18.7,observed,1.0,0.0,-32,true,monitor
2025-09-13 03:00:00+08,XIMENDING,168,80,,,62,,,source_only_no_observed_trip,,,-88,true,monitor_source_only
2025-09-13 04:00:00+08,TAIPEI_101,125,116,,,93,,,source_only_no_observed_trip,,,-9,true,monitor_source_only
2025-09-13 04:00:00+08,TAIPEI_MAIN,135,126,,,105,,,source_only_no_observed_trip,,,-9,true,monitor_source_only
2025-09-13 04:00:00+08,TPE_AIRPORT,110,102,1,0,0,1,,observed,0.0,1.0,-8,true,monitor
2025-09-13 04:00:00+08,XIMENDING,153,112,1,0,0,1,,observed,0.0,1.0,-41,true,monitor
2025-09-13 05:00:00+08,TAIPEI_101,108,197,1,1,1,0,16.0,observed,1.0,0.0,89,true,increase_supply_or_pause_send
2025-09-13 05:00:00+08,TAIPEI_MAIN,148,156,,,126,,,source_only_no_observed_trip,,,8,true,monitor_source_only
2025-09-13 05:00:00+08,TPE_AIRPORT,100,141,1,1,1,0,20.0,observed,1.0,0.0,41,true,increase_supply_or_pause_send
2025-09-13 05:00:00+08,XIMENDING,135,203,,,178,,,source_only_no_observed_trip,,,68,true,monitor_source_only
2025-09-13 06:00:00+08,TAIPEI_101,145,178,1,1,1,0,22.0,observed,1.0,0.0,33,true,increase_supply_or_pause_send
2025-09-13 06:00:00+08,TAIPEI_MAIN,161,184,1,1,1,0,15.0,observed,1.0,0.0,23,true,increase_supply_or_pause_send
2025-09-13 06:00:00+08,TPE_AIRPORT,103,81,5,5,5,0,20.0,observed,1.0,0.0,-22,true,monitor
2025-09-13 06:00:00+08,XIMENDING,128,184,1,1,1,0,11.0,observed,1.0,0.0,56,true,increase_supply_or_pause_send
2025-09-13 07:00:00+08,TAIPEI_101,121,209,,,177,,,source_only_no_observed_trip,,,88,true,monitor_source_only
2025-09-13 07:00:00+08,TAIPEI_MAIN,138,202,2,2,2,0,21.4,observed,1.0,0.0,64,true,increase_supply_or_pause_send
2025-09-13 07:00:00+08,TPE_AIRPORT,69,112,9,9,9,0,20.8,observed,1.0,0.0,43,true,increase_supply_or_pause_send
2025-09-13 07:00:00+08,XIMENDING,122,197,,,144,,,source_only_no_observed_trip,,,75,true,monitor_source_only
2025-09-13 08:00:00+08,TAIPEI_101,127,174,1,0,0,1,,observed,0.0,1.0,47,true,increase_supply_or_pause_send
2025-09-13 08:00:00+08,TAIPEI_MAIN,107,205,2,2,1,1,21.0,observed,1.0,0.5,98,true,increase_supply_or_pause_send
2025-09-13 08:00:00+08,TPE_AIRPORT,66,129,6,6,6,0,17.0,observed,1.0,0.0,63,true,increase_supply_or_pause_send
2025-09-13 08:00:00+08,XIMENDING,173,198,1,1,1,0,13.0,observed,1.0,0.0,25,true,increase_supply_or_pause_send
2025-09-13 09:00:00+08,TAIPEI_101,174,103,3,3,3,0,16.8,observed,1.0,0.0,-71,true,monitor
2025-09-13 09:00:00+08,TAIPEI_MAIN,166,126,,,109,,,source_only_no_observed_trip,,,-40,true,monitor_source_only
2025-09-13 09:00:00+08,TPE_AIRPORT,124,91,5,4,3,2,18.0,observed,0.8,0.4,-33,true,monitor
2025-09-13 09:00:00+08,XIMENDING,156,126,2,1,1,1,9.0,observed,0.5,0.5,-30,true,monitor
2025-09-13 10:00:00+08,TAIPEI_101,162,96,1,1,0,1,,observed,1.0,1.0,-66,true,monitor
2025-09-13 10:00:00+08,TAIPEI_MAIN,140,118,1,1,1,0,15.0,observed,1.0,0.0,-22,true,monitor
2025-09-13 10:00:00+08,TPE_AIRPORT,128,68,6,6,6,0,22.5,observed,1.0,0.0,-60,true,review_pickup_reliability
2025-09-13 10:00:00+08,XIMENDING,172,124,,,108,,,source_only_no_observed_trip,,,-48,true,monitor_source_only
2025-09-13 11:00:00+08,TAIPEI_101,158,153,,,124,,,source_only_no_observed_trip,,,-5,true,monitor_source_only
2025-09-13 11:00:00+08,TAIPEI_MAIN,158,111,,,88,,,source_only_no_observed_trip,,,-47,true,monitor_source_only
2025-09-13 11:00:00+08,TPE_AIRPORT,115,96,7,6,6,1,20.5,observed,0.8571428571428571,0.14285714285714285,-19,true,review_pickup_reliability
2025-09-13 11:00:00+08,XIMENDING,180,120,,,88,,,source_only_no_observed_trip,,,-60,true,monitor_source_only
2025-09-13 12:00:00+08,TAIPEI_101,177,86,1,1,1,0,20.0,observed,1.0,0.0,-91,true,monitor
2025-09-13 12:00:00+08,TAIPEI_MAIN,156,106,1,1,1,0,15.0,observed,1.0,0.0,-50,true,monitor
2025-09-13 12:00:00+08,TPE_AIRPORT,83,93,2,2,2,0,18.700000000000003,observed,1.0,0.0,10,true,monitor
2025-09-13 12:00:00+08,XIMENDING,134,135,1,1,1,0,17.0,observed,1.0,0.0,1,true,monitor
2025-09-13 13:00:00+08,TAIPEI_101,165,137,1,1,1,0,17.0,observed,1.0,0.0,-28,true,monitor
2025-09-13 13:00:00+08,TAIPEI_MAIN,152,96,2,1,1,1,10.0,observed,0.5,0.5,-56,true,monitor
2025-09-13 13:00:00+08,TPE_AIRPORT,123,68,2,2,1,1,11.0,observed,1.0,0.5,-55,true,monitor
2025-09-13 13:00:00+08,XIMENDING,152,105,,,78,,,source_only_no_observed_trip,,,-47,true,monitor_source_only
2025-09-13 14:00:00+08,TAIPEI_101,159,150,2,2,2,0,19.0,observed,1.0,0.0,-9,true,monitor
2025-09-13 14:00:00+08,TAIPEI_MAIN,180,101,,,80,,,source_only_no_observed_trip,,,-79,true,monitor_source_only
2025-09-13 14:00:00+08,TPE_AIRPORT,97,78,4,4,4,0,21.8,observed,1.0,0.0,-19,true,review_pickup_reliability
2025-09-13 14:00:00+08,XIMENDING,154,114,,,99,,,source_only_no_observed_trip,,,-40,true,monitor_source_only
2025-09-13 15:00:00+08,TAIPEI_101,148,92,,,82,,,source_only_no_observed_trip,,,-56,true,monitor_source_only
2025-09-13 15:00:00+08,TAIPEI_MAIN,148,125,,,100,,,source_only_no_observed_trip,,,-23,true,monitor_source_only
2025-09-13 15:00:00+08,TPE_AIRPORT,131,55,4,4,4,0,14.700000000000001,observed,1.0,0.0,-76,true,monitor
2025-09-13 15:00:00+08,XIMENDING,147,129,1,1,1,0,14.0,observed,1.0,0.0,-18,true,monitor
2025-09-13 16:00:00+08,TAIPEI_101,166,118,,,95,,,source_only_no_observed_trip,,,-48,true,monitor_source_only
2025-09-13 16:00:00+08,TAIPEI_MAIN,141,80,,,60,,,source_only_no_observed_trip,,,-61,true,monitor_source_only
2025-09-13 16:00:00+08,TPE_AIRPORT,129,54,2,2,2,0,23.400000000000002,observed,1.0,0.0,-75,true,review_pickup_reliability
2025-09-13 16:00:00+08,XIMENDING,165,101,,,76,,,source_only_no_observed_trip,,,-64,true,monitor_source_only
2025-09-13 17:00:00+08,TAIPEI_101,158,98,2,2,2,0,11.700000000000001,observed,1.0,0.0,-60,true,monitor
2025-09-13 17:00:00+08,TAIPEI_MAIN,175,123,1,1,1,0,14.0,observed,1.0,0.0,-52,true,monitor
2025-09-13 17:00:00+08,TPE_AIRPORT,120,83,2,2,2,0,10.5,observed,1.0,0.0,-37,true,monitor
2025-09-13 17:00:00+08,XIMENDING,170,129,1,1,1,0,12.0,observed,1.0,0.0,-41,true,monitor
2025-09-13 18:00:00+08,TAIPEI_101,173,73,1,1,1,0,11.0,observed,1.0,0.0,-100,true,monitor
2025-09-13 18:00:00+08,TAIPEI_MAIN,164,91,,,73,,,source_only_no_observed_trip,,,-73,true,monitor_source_only
2025-09-13 18:00:00+08,TPE_AIRPORT,113,117,2,1,1,1,6.0,observed,0.5,0.5,4,true,monitor
2025-09-13 18:00:00+08,XIMENDING,154,138,,,125,,,source_only_no_observed_trip,,,-16,true,monitor_source_only
2025-09-13 19:00:00+08,TAIPEI_101,159,119,1,1,1,0,23.0,observed,1.0,0.0,-40,true,review_pickup_reliability
2025-09-13 19:00:00+08,TAIPEI_MAIN,143,146,,,115,,,source_only_no_observed_trip,,,3,true,monitor_source_only
2025-09-13 19:00:00+08,TPE_AIRPORT,62,88,5,5,4,1,18.400000000000002,observed,1.0,0.2,26,true,increase_supply_or_pause_send
2025-09-13 19:00:00+08,XIMENDING,141,111,1,0,0,1,,observed,0.0,1.0,-30,true,monitor
2025-09-13 20:00:00+08,TAIPEI_101,125,164,3,3,2,1,16.3,observed,1.0,0.3333333333333333,39,true,increase_supply_or_pause_send
2025-09-13 20:00:00+08,TAIPEI_MAIN,170,194,3,3,2,1,16.7,observed,1.0,0.3333333333333333,24,true,increase_supply_or_pause_send
2025-09-13 20:00:00+08,TPE_AIRPORT,105,139,5,5,5,0,22.0,observed,1.0,0.0,34,true,increase_supply_or_pause_send
2025-09-13 20:00:00+08,XIMENDING,85,175,1,0,0,1,,observed,0.0,1.0,90,true,increase_supply_or_pause_send
2025-09-13 21:00:00+08,TAIPEI_101,164,202,,,155,,,source_only_no_observed_trip,,,38,true,monitor_source_only
2025-09-13 21:00:00+08,TAIPEI_MAIN,144,200,,,180,,,source_only_no_observed_trip,,,56,true,monitor_source_only
2025-09-13 21:00:00+08,TPE_AIRPORT,127,73,8,8,8,0,20.6,observed,1.0,0.0,-54,true,review_pickup_reliability
2025-09-13 21:00:00+08,XIMENDING,150,153,,,118,,,source_only_no_observed_trip,,,3,true,monitor_source_only
2025-09-13 22:00:00+08,TAIPEI_101,149,238,,,177,,,source_only_no_observed_trip,,,89,true,monitor_source_only
2025-09-13 22:00:00+08,TAIPEI_MAIN,160,183,,,143,,,source_only_no_observed_trip,,,23,true,monitor_source_only
2025-09-13 22:00:00+08,TPE_AIRPORT,70,131,6,6,6,0,15.5,observed,1.0,0.0,61,true,increase_supply_or_pause_send
2025-09-13 22:00:00+08,XIMENDING,157,168,4,4,4,0,14.100000000000001,observed,1.0,0.0,11,true,monitor
2025-09-13 23:00:00+08,TAIPEI_101,124,195,1,1,1,0,14.0,observed,1.0,0.0,71,true,increase_supply_or_pause_send
2025-09-13 23:00:00+08,TAIPEI_MAIN,123,177,1,1,1,0,17.0,observed,1.0,0.0,54,true,increase_supply_or_pause_send
2025-09-13 23:00:00+08,TPE_AIRPORT,74,158,6,6,5,1,21.200000000000003,observed,1.0,0.16666666666666666,84,true,increase_supply_or_pause_send
2025-09-13 23:00:00+08,XIMENDING,119,165,,,127,,,source_only_no_observed_trip,,,46,true,monitor_source_only
2025-09-14 00:00:00+08,TAIPEI_101,175,110,1,1,1,0,19.0,observed,1.0,0.0,-65,true,monitor
2025-09-14 00:00:00+08,TAIPEI_MAIN,166,118,,,104,,,source_only_no_observed_trip,,,-48,true,monitor_source_only
2025-09-14 00:00:00+08,TPE_AIRPORT,136,79,1,1,1,0,8.0,observed,1.0,0.0,-57,true,monitor
2025-09-14 00:00:00+08,XIMENDING,218,120,1,1,1,0,15.0,observed,1.0,0.0,-98,true,monitor
2025-09-14 01:00:00+08,TAIPEI_101,171,113,,,83,,,source_only_no_observed_trip,,,-58,true,monitor_source_only
2025-09-14 01:00:00+08,TAIPEI_MAIN,168,126,,,113,,,source_only_no_observed_trip,,,-42,true,monitor_source_only
2025-09-14 01:00:00+08,TPE_AIRPORT,96,80,1,1,1,0,12.0,observed,1.0,0.0,-16,true,monitor
2025-09-14 01:00:00+08,XIMENDING,167,112,,,82,,,source_only_no_observed_trip,,,-55,true,monitor_source_only
2025-09-14 02:00:00+08,TAIPEI_101,160,69,,,58,,,source_only_no_observed_trip,,,-91,true,monitor_source_only
2025-09-14 02:00:00+08,TAIPEI_MAIN,168,99,1,0,0,1,,observed,0.0,1.0,-69,true,monitor
2025-09-14 02:00:00+08,TPE_AIRPORT,110,32,2,2,1,1,17.0,observed,1.0,0.5,-78,true,monitor
2025-09-14 02:00:00+08,XIMENDING,172,152,2,2,2,0,15.6,observed,1.0,0.0,-20,true,monitor
2025-09-14 03:00:00+08,TAIPEI_101,192,103,1,1,1,0,10.0,observed,1.0,0.0,-89,true,monitor
2025-09-14 03:00:00+08,TAIPEI_MAIN,142,118,,,87,,,source_only_no_observed_trip,,,-24,true,monitor_source_only
2025-09-14 03:00:00+08,TPE_AIRPORT,109,61,4,4,4,0,20.1,observed,1.0,0.0,-48,true,review_pickup_reliability
2025-09-14 03:00:00+08,XIMENDING,155,123,1,1,1,0,17.0,observed,1.0,0.0,-32,true,monitor
2025-09-14 04:00:00+08,TAIPEI_101,160,91,,,71,,,source_only_no_observed_trip,,,-69,true,monitor_source_only
2025-09-14 04:00:00+08,TAIPEI_MAIN,122,96,1,1,1,0,9.0,observed,1.0,0.0,-26,true,monitor
2025-09-14 04:00:00+08,TPE_AIRPORT,109,89,1,1,1,0,14.0,observed,1.0,0.0,-20,true,monitor
2025-09-14 04:00:00+08,XIMENDING,165,104,,,77,,,source_only_no_observed_trip,,,-61,true,monitor_source_only
2025-09-14 05:00:00+08,TAIPEI_101,152,194,1,1,1,0,12.0,observed,1.0,0.0,42,true,increase_supply_or_pause_send
2025-09-14 05:00:00+08,TAIPEI_MAIN,132,187,1,1,1,0,17.0,observed,1.0,0.0,55,true,increase_supply_or_pause_send
2025-09-14 05:00:00+08,TPE_AIRPORT,63,135,5,5,5,0,17.6,observed,1.0,0.0,72,true,increase_supply_or_pause_send
2025-09-14 05:00:00+08,XIMENDING,149,185,1,1,1,0,13.0,observed,1.0,0.0,36,true,increase_supply_or_pause_send
2025-09-14 06:00:00+08,TAIPEI_101,154,158,,,127,,,source_only_no_observed_trip,,,4,true,monitor_source_only
2025-09-14 06:00:00+08,TAIPEI_MAIN,152,173,,,130,,,source_only_no_observed_trip,,,21,true,monitor_source_only
2025-09-14 06:00:00+08,TPE_AIRPORT,82,119,8,8,8,0,16.0,observed,1.0,0.0,37,true,increase_supply_or_pause_send
2025-09-14 06:00:00+08,XIMENDING,141,211,1,1,1,0,16.0,observed,1.0,0.0,70,true,increase_supply_or_pause_send
2025-09-14 07:00:00+08,TAIPEI_101,157,194,1,1,1,0,10.0,observed,1.0,0.0,37,true,increase_supply_or_pause_send
2025-09-14 07:00:00+08,TAIPEI_MAIN,143,166,,,120,,,source_only_no_observed_trip,,,23,true,monitor_source_only
2025-09-14 07:00:00+08,TPE_AIRPORT,86,144,4,4,4,0,17.900000000000002,observed,1.0,0.0,58,true,increase_supply_or_pause_send
2025-09-14 07:00:00+08,XIMENDING,146,203,3,2,2,1,17.5,observed,0.6666666666666666,0.3333333333333333,57,true,increase_supply_or_pause_send
2025-09-14 08:00:00+08,TAIPEI_101,143,182,,,145,,,source_only_no_observed_trip,,,39,true,monitor_source_only
2025-09-14 08:00:00+08,TAIPEI_MAIN,141,190,,,143,,,source_only_no_observed_trip,,,49,true,monitor_source_only
2025-09-14 08:00:00+08,TPE_AIRPORT,72,127,7,7,6,1,19.0,observed,1.0,0.14285714285714285,55,true,increase_supply_or_pause_send
2025-09-14 08:00:00+08,XIMENDING,129,162,2,2,2,0,15.2,observed,1.0,0.0,33,true,increase_supply_or_pause_send
2025-09-14 09:00:00+08,TAIPEI_101,173,103,1,1,1,0,23.0,observed,1.0,0.0,-70,true,review_pickup_reliability
2025-09-14 09:00:00+08,TAIPEI_MAIN,163,87,1,1,1,0,17.0,observed,1.0,0.0,-76,true,monitor
2025-09-14 09:00:00+08,TPE_AIRPORT,129,68,6,5,4,2,16.1,observed,0.8333333333333334,0.3333333333333333,-61,true,monitor
2025-09-14 09:00:00+08,XIMENDING,160,147,1,1,1,0,13.0,observed,1.0,0.0,-13,true,monitor
2025-09-14 10:00:00+08,TAIPEI_101,137,96,1,1,1,0,9.0,observed,1.0,0.0,-41,true,monitor
2025-09-14 10:00:00+08,TAIPEI_MAIN,148,113,2,2,2,0,13.7,observed,1.0,0.0,-35,true,monitor
2025-09-14 10:00:00+08,TPE_AIRPORT,91,82,6,5,5,1,20.6,observed,0.8333333333333334,0.16666666666666666,-9,true,review_pickup_reliability
2025-09-14 10:00:00+08,XIMENDING,192,132,,,115,,,source_only_no_observed_trip,,,-60,true,monitor_source_only
2025-09-14 11:00:00+08,TAIPEI_101,177,134,,,112,,,source_only_no_observed_trip,,,-43,true,monitor_source_only
2025-09-14 11:00:00+08,TAIPEI_MAIN,162,129,2,2,2,0,18.5,observed,1.0,0.0,-33,true,monitor
2025-09-14 11:00:00+08,TPE_AIRPORT,114,74,3,3,3,0,12.6,observed,1.0,0.0,-40,true,monitor
2025-09-14 11:00:00+08,XIMENDING,165,137,,,117,,,source_only_no_observed_trip,,,-28,true,monitor_source_only
2025-09-14 12:00:00+08,TAIPEI_101,159,127,,,109,,,source_only_no_observed_trip,,,-32,true,monitor_source_only
2025-09-14 12:00:00+08,TAIPEI_MAIN,147,113,,,99,,,source_only_no_observed_trip,,,-34,true,monitor_source_only
2025-09-14 12:00:00+08,TPE_AIRPORT,134,61,1,1,1,0,8.0,observed,1.0,0.0,-73,true,monitor
2025-09-14 12:00:00+08,XIMENDING,152,121,1,1,1,0,15.0,observed,1.0,0.0,-31,true,monitor
2025-09-14 13:00:00+08,TAIPEI_101,191,104,2,2,1,1,8.0,observed,1.0,0.5,-87,true,monitor
2025-09-14 13:00:00+08,TAIPEI_MAIN,190,72,1,1,1,0,11.0,observed,1.0,0.0,-118,true,monitor
2025-09-14 13:00:00+08,TPE_AIRPORT,112,66,2,0,0,2,,observed,0.0,1.0,-46,true,monitor
2025-09-14 13:00:00+08,XIMENDING,155,78,1,1,1,0,23.0,observed,1.0,0.0,-77,true,review_pickup_reliability
2025-09-14 14:00:00+08,TAIPEI_101,139,103,,,91,,,source_only_no_observed_trip,,,-36,true,monitor_source_only
2025-09-14 14:00:00+08,TAIPEI_MAIN,162,127,,,91,,,source_only_no_observed_trip,,,-35,true,monitor_source_only
2025-09-14 14:00:00+08,TPE_AIRPORT,122,68,3,2,2,1,16.8,observed,0.6666666666666666,0.3333333333333333,-54,true,monitor
2025-09-14 14:00:00+08,XIMENDING,155,101,1,1,1,0,21.0,observed,1.0,0.0,-54,true,review_pickup_reliability
2025-09-14 15:00:00+08,TAIPEI_101,153,144,1,1,1,0,15.0,observed,1.0,0.0,-9,true,monitor
2025-09-14 15:00:00+08,TAIPEI_MAIN,145,73,,,57,,,source_only_no_observed_trip,,,-72,true,monitor_source_only
2025-09-14 15:00:00+08,TPE_AIRPORT,109,104,4,4,4,0,15.7,observed,1.0,0.0,-5,true,monitor
2025-09-14 15:00:00+08,XIMENDING,173,125,,,102,,,source_only_no_observed_trip,,,-48,true,monitor_source_only
2025-09-14 16:00:00+08,TAIPEI_101,193,122,1,1,1,0,12.0,observed,1.0,0.0,-71,true,monitor
2025-09-14 16:00:00+08,TAIPEI_MAIN,135,116,1,1,1,0,23.0,observed,1.0,0.0,-19,true,review_pickup_reliability
2025-09-14 16:00:00+08,TPE_AIRPORT,113,16,2,2,2,0,20.5,observed,1.0,0.0,-97,true,review_pickup_reliability
2025-09-14 16:00:00+08,XIMENDING,163,106,1,1,1,0,12.0,observed,1.0,0.0,-57,true,monitor
2025-09-14 17:00:00+08,TAIPEI_101,173,140,,,112,,,source_only_no_observed_trip,,,-33,true,monitor_source_only
2025-09-14 17:00:00+08,TAIPEI_MAIN,187,103,1,1,1,0,19.0,observed,1.0,0.0,-84,true,monitor
2025-09-14 17:00:00+08,TPE_AIRPORT,113,67,2,2,2,0,15.5,observed,1.0,0.0,-46,true,monitor
2025-09-14 17:00:00+08,XIMENDING,172,114,2,2,2,0,15.9,observed,1.0,0.0,-58,true,monitor
2025-09-14 18:00:00+08,TAIPEI_101,182,132,1,1,1,0,16.0,observed,1.0,0.0,-50,true,monitor
2025-09-14 18:00:00+08,TAIPEI_MAIN,169,146,,,112,,,source_only_no_observed_trip,,,-23,true,monitor_source_only
2025-09-14 18:00:00+08,TPE_AIRPORT,99,99,,,80,,,source_only_no_observed_trip,,,0,true,monitor_source_only
2025-09-14 18:00:00+08,XIMENDING,178,120,2,2,2,0,18.200000000000003,observed,1.0,0.0,-58,true,monitor
2025-09-14 19:00:00+08,TAIPEI_101,185,140,2,2,2,0,19.8,observed,1.0,0.0,-45,true,monitor
2025-09-14 19:00:00+08,TAIPEI_MAIN,149,102,2,2,2,0,16.9,observed,1.0,0.0,-47,true,monitor
2025-09-14 19:00:00+08,TPE_AIRPORT,124,52,1,0,0,1,,observed,0.0,1.0,-72,true,monitor
2025-09-14 19:00:00+08,XIMENDING,168,118,1,1,1,0,12.0,observed,1.0,0.0,-50,true,monitor
2025-09-14 20:00:00+08,TAIPEI_101,102,167,1,1,1,0,19.0,observed,1.0,0.0,65,true,increase_supply_or_pause_send
2025-09-14 20:00:00+08,TAIPEI_MAIN,141,227,2,2,2,0,15.0,observed,1.0,0.0,86,true,increase_supply_or_pause_send
2025-09-14 20:00:00+08,TPE_AIRPORT,88,116,5,5,5,0,17.8,observed,1.0,0.0,28,true,increase_supply_or_pause_send
2025-09-14 20:00:00+08,XIMENDING,153,143,,,125,,,source_only_no_observed_trip,,,-10,true,monitor_source_only
2025-09-14 21:00:00+08,TAIPEI_101,154,198,,,167,,,source_only_no_observed_trip,,,44,true,monitor_source_only
2025-09-14 21:00:00+08,TAIPEI_MAIN,120,180,1,1,1,0,19.0,observed,1.0,0.0,60,true,increase_supply_or_pause_send
2025-09-14 21:00:00+08,TPE_AIRPORT,75,91,2,2,2,0,17.599999999999998,observed,1.0,0.0,16,true,monitor
2025-09-14 21:00:00+08,XIMENDING,152,174,1,1,1,0,13.0,observed,1.0,0.0,22,true,increase_supply_or_pause_send
2025-09-14 22:00:00+08,TAIPEI_101,113,178,1,1,1,0,11.0,observed,1.0,0.0,65,true,increase_supply_or_pause_send
2025-09-14 22:00:00+08,TAIPEI_MAIN,140,141,1,1,1,0,18.0,observed,1.0,0.0,1,true,monitor
2025-09-14 22:00:00+08,TPE_AIRPORT,60,121,8,8,8,0,18.6,observed,1.0,0.0,61,true,increase_supply_or_pause_send
2025-09-14 22:00:00+08,XIMENDING,149,164,1,1,1,0,12.0,observed,1.0,0.0,15,true,monitor
2025-09-14 23:00:00+08,TAIPEI_101,110,213,2,2,2,0,16.3,observed,1.0,0.0,103,true,increase_supply_or_pause_send
2025-09-14 23:00:00+08,TAIPEI_MAIN,134,191,,,140,,,source_only_no_observed_trip,,,57,true,monitor_source_only
2025-09-14 23:00:00+08,TPE_AIRPORT,72,117,7,6,6,1,11.0,observed,0.8571428571428571,0.14285714285714285,45,true,increase_supply_or_pause_send
2025-09-14 23:00:00+08,XIMENDING,138,190,,,148,,,source_only_no_observed_trip,,,52,true,monitor_source_only
2025-09-15 00:00:00+08,TAIPEI_101,166,77,1,1,1,0,9.0,observed,1.0,0.0,-89,true,monitor
2025-09-15 00:00:00+08,TAIPEI_MAIN,183,105,1,1,1,0,10.0,observed,1.0,0.0,-78,true,monitor
2025-09-15 00:00:00+08,TPE_AIRPORT,132,63,4,4,4,0,19.2,observed,1.0,0.0,-69,true,monitor
2025-09-15 00:00:00+08,XIMENDING,153,121,1,1,0,1,,observed,1.0,1.0,-32,true,monitor
2025-09-15 01:00:00+08,TAIPEI_101,190,138,1,1,1,0,19.0,observed,1.0,0.0,-52,true,monitor
2025-09-15 01:00:00+08,TAIPEI_MAIN,180,149,,,110,,,source_only_no_observed_trip,,,-31,true,monitor_source_only
2025-09-15 01:00:00+08,TPE_AIRPORT,141,49,7,7,7,0,18.4,observed,1.0,0.0,-92,true,monitor
2025-09-15 01:00:00+08,XIMENDING,164,96,,,80,,,source_only_no_observed_trip,,,-68,true,monitor_source_only
2025-09-15 02:00:00+08,TAIPEI_101,166,110,1,1,1,0,17.0,observed,1.0,0.0,-56,true,monitor
2025-09-15 02:00:00+08,TAIPEI_MAIN,175,135,2,2,2,0,21.1,observed,1.0,0.0,-40,true,review_pickup_reliability
2025-09-15 02:00:00+08,TPE_AIRPORT,103,84,2,2,2,0,20.0,observed,1.0,0.0,-19,true,monitor
2025-09-15 02:00:00+08,XIMENDING,128,75,,,61,,,source_only_no_observed_trip,,,-53,true,monitor_source_only
2025-09-15 03:00:00+08,TAIPEI_101,143,52,2,2,2,0,19.900000000000002,observed,1.0,0.0,-91,true,monitor
2025-09-15 03:00:00+08,TAIPEI_MAIN,143,137,,,110,,,source_only_no_observed_trip,,,-6,true,monitor_source_only
2025-09-15 03:00:00+08,TPE_AIRPORT,102,91,4,4,3,1,17.6,observed,1.0,0.25,-11,true,monitor
2025-09-15 03:00:00+08,XIMENDING,135,135,1,1,1,0,23.0,observed,1.0,0.0,0,true,review_pickup_reliability
2025-09-15 04:00:00+08,TAIPEI_101,183,115,1,1,1,0,7.0,observed,1.0,0.0,-68,true,monitor
2025-09-15 04:00:00+08,TAIPEI_MAIN,135,29,2,2,2,0,22.5,observed,1.0,0.0,-106,true,review_pickup_reliability
2025-09-15 04:00:00+08,TPE_AIRPORT,100,103,4,4,4,0,19.6,observed,1.0,0.0,3,true,monitor
2025-09-15 04:00:00+08,XIMENDING,165,112,,,101,,,source_only_no_observed_trip,,,-53,true,monitor_source_only
2025-09-15 05:00:00+08,TAIPEI_101,173,190,1,1,1,0,12.0,observed,1.0,0.0,17,true,monitor
2025-09-15 05:00:00+08,TAIPEI_MAIN,153,194,,,173,,,source_only_no_observed_trip,,,41,true,monitor_source_only
2025-09-15 05:00:00+08,TPE_AIRPORT,71,131,4,4,4,0,18.400000000000002,observed,1.0,0.0,60,true,increase_supply_or_pause_send
2025-09-15 05:00:00+08,XIMENDING,128,222,,,160,,,source_only_no_observed_trip,,,94,true,monitor_source_only
2025-09-15 06:00:00+08,TAIPEI_101,141,158,1,1,1,0,14.0,observed,1.0,0.0,17,true,monitor
2025-09-15 06:00:00+08,TAIPEI_MAIN,158,164,,,125,,,source_only_no_observed_trip,,,6,true,monitor_source_only
2025-09-15 06:00:00+08,TPE_AIRPORT,87,120,7,7,6,1,19.0,observed,1.0,0.14285714285714285,33,true,increase_supply_or_pause_send
2025-09-15 06:00:00+08,XIMENDING,151,198,,,146,,,source_only_no_observed_trip,,,47,true,monitor_source_only
2025-09-15 07:00:00+08,TAIPEI_101,109,169,,,143,,,source_only_no_observed_trip,,,60,true,monitor_source_only
2025-09-15 07:00:00+08,TAIPEI_MAIN,141,166,1,1,0,1,,observed,1.0,1.0,25,true,increase_supply_or_pause_send
2025-09-15 07:00:00+08,TPE_AIRPORT,69,126,5,5,5,0,19.6,observed,1.0,0.0,57,true,increase_supply_or_pause_send
2025-09-15 07:00:00+08,XIMENDING,158,199,1,1,1,0,20.0,observed,1.0,0.0,41,true,increase_supply_or_pause_send
2025-09-15 08:00:00+08,TAIPEI_101,128,173,1,1,1,0,16.0,observed,1.0,0.0,45,true,increase_supply_or_pause_send
2025-09-15 08:00:00+08,TAIPEI_MAIN,180,188,,,152,,,source_only_no_observed_trip,,,8,true,monitor_source_only
2025-09-15 08:00:00+08,TPE_AIRPORT,84,122,13,12,11,2,19.0,observed,0.9230769230769231,0.15384615384615385,38,true,increase_supply_or_pause_send
2025-09-15 08:00:00+08,XIMENDING,150,199,2,2,2,0,14.4,observed,1.0,0.0,49,true,increase_supply_or_pause_send
2025-09-15 09:00:00+08,TAIPEI_101,165,89,2,2,2,0,19.0,observed,1.0,0.0,-76,true,monitor
2025-09-15 09:00:00+08,TAIPEI_MAIN,162,106,,,92,,,source_only_no_observed_trip,,,-56,true,monitor_source_only
2025-09-15 09:00:00+08,TPE_AIRPORT,139,120,3,3,2,1,16.5,observed,1.0,0.3333333333333333,-19,true,monitor
2025-09-15 09:00:00+08,XIMENDING,180,118,2,2,2,0,19.2,observed,1.0,0.0,-62,true,monitor
2025-09-15 10:00:00+08,TAIPEI_101,161,122,,,89,,,source_only_no_observed_trip,,,-39,true,monitor_source_only
2025-09-15 10:00:00+08,TAIPEI_MAIN,176,77,,,69,,,source_only_no_observed_trip,,,-99,true,monitor_source_only
2025-09-15 10:00:00+08,TPE_AIRPORT,116,86,5,4,4,1,19.4,observed,0.8,0.2,-30,true,monitor
2025-09-15 10:00:00+08,XIMENDING,159,95,,,84,,,source_only_no_observed_trip,,,-64,true,monitor_source_only
2025-09-15 11:00:00+08,TAIPEI_101,156,112,,,89,,,source_only_no_observed_trip,,,-44,true,monitor_source_only
2025-09-15 11:00:00+08,TAIPEI_MAIN,179,74,,,53,,,source_only_no_observed_trip,,,-105,true,monitor_source_only
2025-09-15 11:00:00+08,TPE_AIRPORT,123,115,2,2,2,0,17.7,observed,1.0,0.0,-8,true,monitor
2025-09-15 11:00:00+08,XIMENDING,178,93,,,72,,,source_only_no_observed_trip,,,-85,true,monitor_source_only
2025-09-15 12:00:00+08,TAIPEI_101,154,78,1,1,1,0,7.0,observed,1.0,0.0,-76,true,monitor
2025-09-15 12:00:00+08,TAIPEI_MAIN,145,103,,,92,,,source_only_no_observed_trip,,,-42,true,monitor_source_only
2025-09-15 12:00:00+08,TPE_AIRPORT,135,76,4,4,3,1,21.800000000000004,observed,1.0,0.25,-59,true,review_pickup_reliability
2025-09-15 12:00:00+08,XIMENDING,146,152,,,111,,,source_only_no_observed_trip,,,6,true,monitor_source_only
2025-09-15 13:00:00+08,TAIPEI_101,151,152,1,1,1,0,11.0,observed,1.0,0.0,1,true,monitor
2025-09-15 13:00:00+08,TAIPEI_MAIN,164,132,1,1,1,0,15.0,observed,1.0,0.0,-32,true,monitor
2025-09-15 13:00:00+08,TPE_AIRPORT,128,83,3,2,2,1,13.6,observed,0.6666666666666666,0.3333333333333333,-45,true,monitor
2025-09-15 13:00:00+08,XIMENDING,158,104,1,1,1,0,6.0,observed,1.0,0.0,-54,true,monitor
2025-09-15 14:00:00+08,TAIPEI_101,161,105,,,82,,,source_only_no_observed_trip,,,-56,true,monitor_source_only
2025-09-15 14:00:00+08,TAIPEI_MAIN,183,99,1,1,1,0,14.0,observed,1.0,0.0,-84,true,monitor
2025-09-15 14:00:00+08,TPE_AIRPORT,115,66,3,3,3,0,20.6,observed,1.0,0.0,-49,true,review_pickup_reliability
2025-09-15 14:00:00+08,XIMENDING,166,126,,,98,,,source_only_no_observed_trip,,,-40,true,monitor_source_only
2025-09-15 15:00:00+08,TAIPEI_101,131,105,1,1,1,0,17.0,observed,1.0,0.0,-26,true,monitor
2025-09-15 15:00:00+08,TAIPEI_MAIN,169,118,1,1,1,0,7.0,observed,1.0,0.0,-51,true,monitor
2025-09-15 15:00:00+08,TPE_AIRPORT,101,74,2,2,2,0,20.200000000000003,observed,1.0,0.0,-27,true,review_pickup_reliability
2025-09-15 15:00:00+08,XIMENDING,167,98,1,1,1,0,23.0,observed,1.0,0.0,-69,true,review_pickup_reliability
2025-09-15 16:00:00+08,TAIPEI_101,173,110,,,86,,,source_only_no_observed_trip,,,-63,true,monitor_source_only
2025-09-15 16:00:00+08,TAIPEI_MAIN,167,96,1,1,1,0,20.0,observed,1.0,0.0,-71,true,monitor
2025-09-15 16:00:00+08,TPE_AIRPORT,120,73,3,3,2,1,16.4,observed,1.0,0.3333333333333333,-47,true,monitor
2025-09-15 16:00:00+08,XIMENDING,175,112,,,101,,,source_only_no_observed_trip,,,-63,true,monitor_source_only
2025-09-15 17:00:00+08,TAIPEI_101,141,103,3,3,2,1,15.6,observed,1.0,0.3333333333333333,-38,true,monitor
2025-09-15 17:00:00+08,TAIPEI_MAIN,188,114,,,97,,,source_only_no_observed_trip,,,-74,true,monitor_source_only
2025-09-15 17:00:00+08,TPE_AIRPORT,125,96,,,85,,,source_only_no_observed_trip,,,-29,true,monitor_source_only
2025-09-15 17:00:00+08,XIMENDING,140,140,3,3,3,0,19.599999999999998,observed,1.0,0.0,0,true,monitor
2025-09-15 18:00:00+08,TAIPEI_101,157,149,3,2,2,1,17.4,observed,0.6666666666666666,0.3333333333333333,-8,true,monitor
2025-09-15 18:00:00+08,TAIPEI_MAIN,128,61,1,1,1,0,11.0,observed,1.0,0.0,-67,true,monitor
2025-09-15 18:00:00+08,TPE_AIRPORT,89,71,4,3,3,1,19.4,observed,0.75,0.25,-18,true,monitor
2025-09-15 18:00:00+08,XIMENDING,164,122,,,110,,,source_only_no_observed_trip,,,-42,true,monitor_source_only
2025-09-15 19:00:00+08,TAIPEI_101,174,110,1,1,1,0,13.0,observed,1.0,0.0,-64,true,monitor
2025-09-15 19:00:00+08,TAIPEI_MAIN,183,112,1,1,1,0,21.0,observed,1.0,0.0,-71,true,review_pickup_reliability
2025-09-15 19:00:00+08,TPE_AIRPORT,152,65,2,2,2,0,16.6,observed,1.0,0.0,-87,true,monitor
2025-09-15 19:00:00+08,XIMENDING,188,106,1,1,1,0,8.0,observed,1.0,0.0,-82,true,monitor
2025-09-15 20:00:00+08,TAIPEI_101,137,165,3,3,3,0,12.8,observed,1.0,0.0,28,true,increase_supply_or_pause_send
2025-09-15 20:00:00+08,TAIPEI_MAIN,129,184,1,1,1,0,8.0,observed,1.0,0.0,55,true,increase_supply_or_pause_send
2025-09-15 20:00:00+08,TPE_AIRPORT,89,108,1,1,1,0,16.0,observed,1.0,0.0,19,true,monitor
2025-09-15 20:00:00+08,XIMENDING,125,186,3,3,2,1,22.7,observed,1.0,0.3333333333333333,61,true,increase_supply_or_pause_send
2025-09-15 21:00:00+08,TAIPEI_101,128,198,3,2,2,1,20.1,observed,0.6666666666666666,0.3333333333333333,70,true,increase_supply_or_pause_send
2025-09-15 21:00:00+08,TAIPEI_MAIN,125,209,,,154,,,source_only_no_observed_trip,,,84,true,monitor_source_only
2025-09-15 21:00:00+08,TPE_AIRPORT,91,92,6,6,6,0,21.5,observed,1.0,0.0,1,true,review_pickup_reliability
2025-09-15 21:00:00+08,XIMENDING,148,163,1,1,1,0,17.0,observed,1.0,0.0,15,true,monitor
2025-09-15 22:00:00+08,TAIPEI_101,126,166,2,2,2,0,14.0,observed,1.0,0.0,40,true,increase_supply_or_pause_send
2025-09-15 22:00:00+08,TAIPEI_MAIN,163,179,2,2,2,0,8.899999999999999,observed,1.0,0.0,16,true,monitor
2025-09-15 22:00:00+08,TPE_AIRPORT,99,160,5,5,3,2,20.6,observed,1.0,0.4,61,true,increase_supply_or_pause_send
2025-09-15 22:00:00+08,XIMENDING,124,200,,,180,,,source_only_no_observed_trip,,,76,true,monitor_source_only
2025-09-15 23:00:00+08,TAIPEI_101,132,182,,,150,,,source_only_no_observed_trip,,,50,true,monitor_source_only
2025-09-15 23:00:00+08,TAIPEI_MAIN,105,188,,,169,,,source_only_no_observed_trip,,,83,true,monitor_source_only
2025-09-15 23:00:00+08,TPE_AIRPORT,81,112,8,8,8,0,16.9,observed,1.0,0.0,31,true,increase_supply_or_pause_send
2025-09-15 23:00:00+08,XIMENDING,153,174,1,1,1,0,18.0,observed,1.0,0.0,21,true,increase_supply_or_pause_send
2025-09-16 00:00:00+08,TAIPEI_101,168,119,,,94,,,source_only_no_observed_trip,,,-49,true,monitor_source_only
2025-09-16 00:00:00+08,TAIPEI_MAIN,164,101,,,84,,,source_only_no_observed_trip,,,-63,true,monitor_source_only
2025-09-16 00:00:00+08,TPE_AIRPORT,105,63,6,5,5,1,15.6,observed,0.8333333333333334,0.16666666666666666,-42,true,monitor
2025-09-16 00:00:00+08,XIMENDING,161,97,1,1,1,0,21.0,observed,1.0,0.0,-64,true,review_pickup_reliability
2025-09-16 01:00:00+08,TAIPEI_101,189,164,3,3,3,0,19.2,observed,1.0,0.0,-25,true,monitor
2025-09-16 01:00:00+08,TAIPEI_MAIN,165,124,,,99,,,source_only_no_observed_trip,,,-41,true,monitor_source_only
2025-09-16 01:00:00+08,TPE_AIRPORT,105,85,4,3,3,1,12.8,observed,0.75,0.25,-20,true,monitor
2025-09-16 01:00:00+08,XIMENDING,125,116,1,1,1,0,13.0,observed,1.0,0.0,-9,true,monitor
2025-09-16 02:00:00+08,TAIPEI_101,191,117,,,96,,,source_only_no_observed_trip,,,-74,true,monitor_source_only
2025-09-16 02:00:00+08,TAIPEI_MAIN,159,88,1,1,1,0,18.0,observed,1.0,0.0,-71,true,monitor
2025-09-16 02:00:00+08,TPE_AIRPORT,138,58,2,2,2,0,15.3,observed,1.0,0.0,-80,true,monitor
2025-09-16 02:00:00+08,XIMENDING,154,99,,,78,,,source_only_no_observed_trip,,,-55,true,monitor_source_only
2025-09-16 03:00:00+08,TAIPEI_101,170,99,,,71,,,source_only_no_observed_trip,,,-71,true,monitor_source_only
2025-09-16 03:00:00+08,TAIPEI_MAIN,187,68,1,1,1,0,16.0,observed,1.0,0.0,-119,true,monitor
2025-09-16 03:00:00+08,TPE_AIRPORT,111,116,5,5,5,0,18.200000000000003,observed,1.0,0.0,5,true,monitor
2025-09-16 03:00:00+08,XIMENDING,165,102,1,1,1,0,17.0,observed,1.0,0.0,-63,true,monitor
2025-09-16 04:00:00+08,TAIPEI_101,150,113,,,84,,,source_only_no_observed_trip,,,-37,true,monitor_source_only
2025-09-16 04:00:00+08,TAIPEI_MAIN,164,138,,,121,,,source_only_no_observed_trip,,,-26,true,monitor_source_only
2025-09-16 04:00:00+08,TPE_AIRPORT,113,109,2,2,2,0,9.6,observed,1.0,0.0,-4,true,monitor
2025-09-16 04:00:00+08,XIMENDING,156,108,,,89,,,source_only_no_observed_trip,,,-48,true,monitor_source_only
2025-09-16 05:00:00+08,TAIPEI_101,144,154,1,1,1,0,9.0,observed,1.0,0.0,10,true,monitor
2025-09-16 05:00:00+08,TAIPEI_MAIN,140,230,,,207,,,source_only_no_observed_trip,,,90,true,monitor_source_only
2025-09-16 05:00:00+08,TPE_AIRPORT,94,147,1,1,1,0,12.0,observed,1.0,0.0,53,true,increase_supply_or_pause_send
2025-09-16 05:00:00+08,XIMENDING,104,163,1,1,1,0,23.0,observed,1.0,0.0,59,true,increase_supply_or_pause_send
2025-09-16 06:00:00+08,TAIPEI_101,131,195,1,1,1,0,13.0,observed,1.0,0.0,64,true,increase_supply_or_pause_send
2025-09-16 06:00:00+08,TAIPEI_MAIN,113,188,1,1,1,0,13.0,observed,1.0,0.0,75,true,increase_supply_or_pause_send
2025-09-16 06:00:00+08,TPE_AIRPORT,77,114,5,3,3,2,20.6,observed,0.6,0.4,37,true,increase_supply_or_pause_send
2025-09-16 06:00:00+08,XIMENDING,124,206,,,164,,,source_only_no_observed_trip,,,82,true,monitor_source_only
2025-09-16 07:00:00+08,TAIPEI_101,135,210,1,1,1,0,15.0,observed,1.0,0.0,75,true,increase_supply_or_pause_send
2025-09-16 07:00:00+08,TAIPEI_MAIN,154,188,,,155,,,source_only_no_observed_trip,,,34,true,monitor_source_only
2025-09-16 07:00:00+08,TPE_AIRPORT,72,126,5,5,5,0,21.4,observed,1.0,0.0,54,true,increase_supply_or_pause_send
2025-09-16 07:00:00+08,XIMENDING,165,193,2,2,2,0,18.8,observed,1.0,0.0,28,true,increase_supply_or_pause_send
2025-09-16 08:00:00+08,TAIPEI_101,112,164,,,133,,,source_only_no_observed_trip,,,52,true,monitor_source_only
2025-09-16 08:00:00+08,TAIPEI_MAIN,160,158,1,1,1,0,13.0,observed,1.0,0.0,-2,true,monitor
2025-09-16 08:00:00+08,TPE_AIRPORT,95,104,8,8,8,0,19.5,observed,1.0,0.0,9,true,monitor
2025-09-16 08:00:00+08,XIMENDING,138,170,,,154,,,source_only_no_observed_trip,,,32,true,monitor_source_only
2025-09-16 09:00:00+08,TAIPEI_101,135,133,1,1,1,0,15.0,observed,1.0,0.0,-2,true,monitor
2025-09-16 09:00:00+08,TAIPEI_MAIN,158,74,3,3,3,0,17.2,observed,1.0,0.0,-84,true,monitor
2025-09-16 09:00:00+08,TPE_AIRPORT,74,75,7,3,3,4,23.400000000000002,observed,0.42857142857142855,0.5714285714285714,1,true,review_pickup_reliability
2025-09-16 09:00:00+08,XIMENDING,161,128,,,104,,,source_only_no_observed_trip,,,-33,true,monitor_source_only
2025-09-16 10:00:00+08,TAIPEI_101,170,114,,,91,,,source_only_no_observed_trip,,,-56,true,monitor_source_only
2025-09-16 10:00:00+08,TAIPEI_MAIN,171,163,,,144,,,source_only_no_observed_trip,,,-8,true,monitor_source_only
2025-09-16 10:00:00+08,TPE_AIRPORT,125,81,6,6,5,1,21.4,observed,1.0,0.16666666666666666,-44,true,review_pickup_reliability
2025-09-16 10:00:00+08,XIMENDING,161,121,1,1,1,0,7.0,observed,1.0,0.0,-40,true,monitor
2025-09-16 11:00:00+08,TAIPEI_101,141,69,1,1,1,0,23.0,observed,1.0,0.0,-72,true,review_pickup_reliability
2025-09-16 11:00:00+08,TAIPEI_MAIN,165,119,,,96,,,source_only_no_observed_trip,,,-46,true,monitor_source_only
2025-09-16 11:00:00+08,TPE_AIRPORT,108,105,4,4,4,0,18.700000000000003,observed,1.0,0.0,-3,true,monitor
2025-09-16 11:00:00+08,XIMENDING,179,131,1,1,1,0,19.0,observed,1.0,0.0,-48,true,monitor
2025-09-16 12:00:00+08,TAIPEI_101,121,109,,,90,,,source_only_no_observed_trip,,,-12,true,monitor_source_only
2025-09-16 12:00:00+08,TAIPEI_MAIN,137,142,1,1,1,0,20.0,observed,1.0,0.0,5,true,monitor
2025-09-16 12:00:00+08,TPE_AIRPORT,117,95,2,2,2,0,18.200000000000003,observed,1.0,0.0,-22,true,monitor
2025-09-16 12:00:00+08,XIMENDING,191,78,,,68,,,source_only_no_observed_trip,,,-113,true,monitor_source_only
2025-09-16 13:00:00+08,TAIPEI_101,141,98,1,1,1,0,10.0,observed,1.0,0.0,-43,true,monitor
2025-09-16 13:00:00+08,TAIPEI_MAIN,169,140,,,100,,,source_only_no_observed_trip,,,-29,true,monitor_source_only
2025-09-16 13:00:00+08,TPE_AIRPORT,135,50,3,3,3,0,15.4,observed,1.0,0.0,-85,true,monitor
2025-09-16 13:00:00+08,XIMENDING,151,111,,,99,,,source_only_no_observed_trip,,,-40,true,monitor_source_only
2025-09-16 14:00:00+08,TAIPEI_101,184,108,1,1,1,0,14.0,observed,1.0,0.0,-76,true,monitor
2025-09-16 14:00:00+08,TAIPEI_MAIN,161,118,,,101,,,source_only_no_observed_trip,,,-43,true,monitor_source_only
2025-09-16 14:00:00+08,TPE_AIRPORT,118,61,2,2,2,0,17.4,observed,1.0,0.0,-57,true,monitor
2025-09-16 14:00:00+08,XIMENDING,180,97,,,87,,,source_only_no_observed_trip,,,-83,true,monitor_source_only
2025-09-16 15:00:00+08,TAIPEI_101,159,118,,,102,,,source_only_no_observed_trip,,,-41,true,monitor_source_only
2025-09-16 15:00:00+08,TAIPEI_MAIN,148,97,,,77,,,source_only_no_observed_trip,,,-51,true,monitor_source_only
2025-09-16 15:00:00+08,TPE_AIRPORT,119,91,4,4,4,0,23.0,observed,1.0,0.0,-28,true,review_pickup_reliability
2025-09-16 15:00:00+08,XIMENDING,148,91,,,80,,,source_only_no_observed_trip,,,-57,true,monitor_source_only
2025-09-16 16:00:00+08,TAIPEI_101,153,90,2,2,2,0,15.0,observed,1.0,0.0,-63,true,monitor
2025-09-16 16:00:00+08,TAIPEI_MAIN,162,84,,,67,,,source_only_no_observed_trip,,,-78,true,monitor_source_only
2025-09-16 16:00:00+08,TPE_AIRPORT,116,37,1,0,0,1,,observed,0.0,1.0,-79,true,monitor
2025-09-16 16:00:00+08,XIMENDING,135,130,3,2,2,1,11.9,observed,0.6666666666666666,0.3333333333333333,-5,true,monitor
2025-09-16 17:00:00+08,TAIPEI_101,174,116,2,2,2,0,8.7,observed,1.0,0.0,-58,true,monitor
2025-09-16 17:00:00+08,TAIPEI_MAIN,181,121,,,91,,,source_only_no_observed_trip,,,-60,true,monitor_source_only
2025-09-16 17:00:00+08,TPE_AIRPORT,108,92,1,0,0,1,,observed,0.0,1.0,-16,true,monitor
2025-09-16 17:00:00+08,XIMENDING,153,74,1,1,1,0,15.0,observed,1.0,0.0,-79,true,monitor
2025-09-16 18:00:00+08,TAIPEI_101,170,124,,,106,,,source_only_no_observed_trip,,,-46,true,monitor_source_only
2025-09-16 18:00:00+08,TAIPEI_MAIN,172,135,4,4,4,0,20.300000000000004,observed,1.0,0.0,-37,true,review_pickup_reliability
2025-09-16 18:00:00+08,TPE_AIRPORT,91,48,1,1,1,0,7.0,observed,1.0,0.0,-43,true,monitor
2025-09-16 18:00:00+08,XIMENDING,139,136,,,106,,,source_only_no_observed_trip,,,-3,true,monitor_source_only
2025-09-16 19:00:00+08,TAIPEI_101,174,115,,,93,,,source_only_no_observed_trip,,,-59,true,monitor_source_only
2025-09-16 19:00:00+08,TAIPEI_MAIN,145,109,,,98,,,source_only_no_observed_trip,,,-36,true,monitor_source_only
2025-09-16 19:00:00+08,TPE_AIRPORT,120,82,4,4,4,0,13.7,observed,1.0,0.0,-38,true,monitor
2025-09-16 19:00:00+08,XIMENDING,140,125,1,1,1,0,10.0,observed,1.0,0.0,-15,true,monitor
2025-09-16 20:00:00+08,TAIPEI_101,141,193,,,166,,,source_only_no_observed_trip,,,52,true,monitor_source_only
2025-09-16 20:00:00+08,TAIPEI_MAIN,170,192,2,1,1,1,17.0,observed,0.5,0.5,22,true,increase_supply_or_pause_send
2025-09-16 20:00:00+08,TPE_AIRPORT,72,122,3,2,2,1,14.1,observed,0.6666666666666666,0.3333333333333333,50,true,increase_supply_or_pause_send
2025-09-16 20:00:00+08,XIMENDING,127,212,3,3,3,0,19.0,observed,1.0,0.0,85,true,increase_supply_or_pause_send
2025-09-16 21:00:00+08,TAIPEI_101,128,188,1,1,1,0,23.0,observed,1.0,0.0,60,true,increase_supply_or_pause_send
2025-09-16 21:00:00+08,TAIPEI_MAIN,143,188,,,152,,,source_only_no_observed_trip,,,45,true,monitor_source_only
2025-09-16 21:00:00+08,TPE_AIRPORT,87,136,5,5,5,0,20.6,observed,1.0,0.0,49,true,increase_supply_or_pause_send
2025-09-16 21:00:00+08,XIMENDING,130,179,3,3,3,0,18.8,observed,1.0,0.0,49,true,increase_supply_or_pause_send
2025-09-16 22:00:00+08,TAIPEI_101,111,188,3,3,3,0,16.400000000000002,observed,1.0,0.0,77,true,increase_supply_or_pause_send
2025-09-16 22:00:00+08,TAIPEI_MAIN,106,228,,,187,,,source_only_no_observed_trip,,,122,true,monitor_source_only
2025-09-16 22:00:00+08,TPE_AIRPORT,80,147,7,7,5,2,20.6,observed,1.0,0.2857142857142857,67,true,increase_supply_or_pause_send
2025-09-16 22:00:00+08,XIMENDING,125,160,1,1,1,0,9.0,observed,1.0,0.0,35,true,increase_supply_or_pause_send
2025-09-16 23:00:00+08,TAIPEI_101,128,153,,,123,,,source_only_no_observed_trip,,,25,true,monitor_source_only
2025-09-16 23:00:00+08,TAIPEI_MAIN,139,190,1,1,1,0,10.0,observed,1.0,0.0,51,true,increase_supply_or_pause_send
2025-09-16 23:00:00+08,TPE_AIRPORT,77,102,5,5,5,0,14.200000000000001,observed,1.0,0.0,25,true,increase_supply_or_pause_send
2025-09-16 23:00:00+08,XIMENDING,172,173,,,137,,,source_only_no_observed_trip,,,1,true,monitor_source_only
2025-09-17 00:00:00+08,TAIPEI_101,200,98,1,1,0,1,,observed,1.0,1.0,-102,true,monitor
2025-09-17 00:00:00+08,TAIPEI_MAIN,174,128,,,107,,,source_only_no_observed_trip,,,-46,true,monitor_source_only
2025-09-17 00:00:00+08,TPE_AIRPORT,125,37,8,7,7,1,18.6,observed,0.875,0.125,-88,true,monitor
2025-09-17 00:00:00+08,XIMENDING,127,143,,,123,,,source_only_no_observed_trip,,,16,true,monitor_source_only
2025-09-17 01:00:00+08,TAIPEI_101,146,89,1,1,0,1,,observed,1.0,1.0,-57,true,monitor
2025-09-17 01:00:00+08,TAIPEI_MAIN,146,164,1,1,1,0,24.0,observed,1.0,0.0,18,true,review_pickup_reliability
2025-09-17 01:00:00+08,TPE_AIRPORT,137,64,1,1,1,0,6.0,observed,1.0,0.0,-73,true,monitor
2025-09-17 01:00:00+08,XIMENDING,159,128,2,1,1,1,11.0,observed,0.5,0.5,-31,true,monitor
2025-09-17 02:00:00+08,TAIPEI_101,156,86,,,77,,,source_only_no_observed_trip,,,-70,true,monitor_source_only
2025-09-17 02:00:00+08,TAIPEI_MAIN,148,85,,,65,,,source_only_no_observed_trip,,,-63,true,monitor_source_only
2025-09-17 02:00:00+08,TPE_AIRPORT,113,81,3,2,2,1,16.4,observed,0.6666666666666666,0.3333333333333333,-32,true,monitor
2025-09-17 02:00:00+08,XIMENDING,142,97,,,85,,,source_only_no_observed_trip,,,-45,true,monitor_source_only
2025-09-17 03:00:00+08,TAIPEI_101,148,101,,,82,,,source_only_no_observed_trip,,,-47,true,monitor_source_only
2025-09-17 03:00:00+08,TAIPEI_MAIN,171,110,,,86,,,source_only_no_observed_trip,,,-61,true,monitor_source_only
2025-09-17 03:00:00+08,TPE_AIRPORT,124,65,3,2,2,1,14.6,observed,0.6666666666666666,0.3333333333333333,-59,true,monitor
2025-09-17 03:00:00+08,XIMENDING,160,142,2,2,2,0,19.9,observed,1.0,0.0,-18,true,monitor
2025-09-17 04:00:00+08,TAIPEI_101,134,126,2,2,2,0,16.9,observed,1.0,0.0,-8,true,monitor
2025-09-17 04:00:00+08,TAIPEI_MAIN,154,106,,,93,,,source_only_no_observed_trip,,,-48,true,monitor_source_only
2025-09-17 04:00:00+08,TPE_AIRPORT,89,44,3,3,3,0,15.2,observed,1.0,0.0,-45,true,monitor
2025-09-17 04:00:00+08,XIMENDING,167,136,3,3,3,0,20.0,observed,1.0,0.0,-31,true,monitor
2025-09-17 05:00:00+08,TAIPEI_101,143,153,,,116,,,source_only_no_observed_trip,,,10,true,monitor_source_only
2025-09-17 05:00:00+08,TAIPEI_MAIN,157,186,,,149,,,source_only_no_observed_trip,,,29,true,monitor_source_only
2025-09-17 05:00:00+08,TPE_AIRPORT,71,104,4,4,4,0,16.8,observed,1.0,0.0,33,true,increase_supply_or_pause_send
2025-09-17 05:00:00+08,XIMENDING,146,207,,,158,,,source_only_no_observed_trip,,,61,true,monitor_source_only
2025-09-17 06:00:00+08,TAIPEI_101,145,154,1,1,1,0,12.0,observed,1.0,0.0,9,true,monitor
2025-09-17 06:00:00+08,TAIPEI_MAIN,116,176,,,137,,,source_only_no_observed_trip,,,60,true,monitor_source_only
2025-09-17 06:00:00+08,TPE_AIRPORT,64,81,10,10,8,2,18.6,observed,1.0,0.2,17,true,monitor
2025-09-17 06:00:00+08,XIMENDING,121,192,,,173,,,source_only_no_observed_trip,,,71,true,monitor_source_only
2025-09-17 07:00:00+08,TAIPEI_101,147,121,1,1,1,0,13.0,observed,1.0,0.0,-26,true,monitor
2025-09-17 07:00:00+08,TAIPEI_MAIN,139,194,,,172,,,source_only_no_observed_trip,,,55,true,monitor_source_only
2025-09-17 07:00:00+08,TPE_AIRPORT,96,123,5,5,5,0,21.200000000000003,observed,1.0,0.0,27,true,increase_supply_or_pause_send
2025-09-17 07:00:00+08,XIMENDING,138,204,3,3,3,0,14.799999999999999,observed,1.0,0.0,66,true,increase_supply_or_pause_send
2025-09-17 08:00:00+08,TAIPEI_101,138,206,1,1,1,0,17.0,observed,1.0,0.0,68,true,increase_supply_or_pause_send
2025-09-17 08:00:00+08,TAIPEI_MAIN,123,170,,,130,,,source_only_no_observed_trip,,,47,true,monitor_source_only
2025-09-17 08:00:00+08,TPE_AIRPORT,77,99,7,7,4,3,20.200000000000003,observed,1.0,0.42857142857142855,22,true,increase_supply_or_pause_send
2025-09-17 08:00:00+08,XIMENDING,154,214,1,1,1,0,15.0,observed,1.0,0.0,60,true,increase_supply_or_pause_send
2025-09-17 09:00:00+08,TAIPEI_101,154,96,1,1,1,0,20.0,observed,1.0,0.0,-58,true,monitor
2025-09-17 09:00:00+08,TAIPEI_MAIN,172,100,4,3,3,1,18.0,observed,0.75,0.25,-72,true,monitor
2025-09-17 09:00:00+08,TPE_AIRPORT,90,75,3,3,2,1,9.8,observed,1.0,0.3333333333333333,-15,true,monitor
2025-09-17 09:00:00+08,XIMENDING,178,122,1,1,1,0,16.0,observed,1.0,0.0,-56,true,monitor
2025-09-17 10:00:00+08,TAIPEI_101,130,115,,,103,,,source_only_no_observed_trip,,,-15,true,monitor_source_only
2025-09-17 10:00:00+08,TAIPEI_MAIN,135,135,,,102,,,source_only_no_observed_trip,,,0,true,monitor_source_only
2025-09-17 10:00:00+08,TPE_AIRPORT,103,96,6,5,5,1,20.400000000000002,observed,0.8333333333333334,0.16666666666666666,-7,true,review_pickup_reliability
2025-09-17 10:00:00+08,XIMENDING,157,133,,,107,,,source_only_no_observed_trip,,,-24,true,monitor_source_only
2025-09-17 11:00:00+08,TAIPEI_101,167,136,1,1,1,0,13.0,observed,1.0,0.0,-31,true,monitor
2025-09-17 11:00:00+08,TAIPEI_MAIN,156,124,1,1,1,0,13.0,observed,1.0,0.0,-32,true,monitor
2025-09-17 11:00:00+08,TPE_AIRPORT,96,112,5,3,3,2,16.6,observed,0.6,0.4,16,true,monitor
2025-09-17 11:00:00+08,XIMENDING,181,87,,,68,,,source_only_no_observed_trip,,,-94,true,monitor_source_only
2025-09-17 12:00:00+08,TAIPEI_101,141,87,2,2,2,0,16.9,observed,1.0,0.0,-54,true,monitor
2025-09-17 12:00:00+08,TAIPEI_MAIN,154,129,,,101,,,source_only_no_observed_trip,,,-25,true,monitor_source_only
2025-09-17 12:00:00+08,TPE_AIRPORT,81,103,3,3,2,1,20.0,observed,1.0,0.3333333333333333,22,true,increase_supply_or_pause_send
2025-09-17 12:00:00+08,XIMENDING,162,153,1,1,1,0,9.0,observed,1.0,0.0,-9,true,monitor
2025-09-17 13:00:00+08,TAIPEI_101,147,133,1,1,1,0,13.0,observed,1.0,0.0,-14,true,monitor
2025-09-17 13:00:00+08,TAIPEI_MAIN,185,120,,,90,,,source_only_no_observed_trip,,,-65,true,monitor_source_only
2025-09-17 13:00:00+08,TPE_AIRPORT,104,89,1,1,1,0,17.0,observed,1.0,0.0,-15,true,monitor
2025-09-17 13:00:00+08,XIMENDING,158,83,1,1,0,1,,observed,1.0,1.0,-75,true,monitor
2025-09-17 14:00:00+08,TAIPEI_101,181,123,,,92,,,source_only_no_observed_trip,,,-58,true,monitor_source_only
2025-09-17 14:00:00+08,TAIPEI_MAIN,158,126,2,2,2,0,21.5,observed,1.0,0.0,-32,true,review_pickup_reliability
2025-09-17 14:00:00+08,TPE_AIRPORT,106,93,4,4,4,0,19.7,observed,1.0,0.0,-13,true,monitor
2025-09-17 14:00:00+08,XIMENDING,154,88,1,1,1,0,18.0,observed,1.0,0.0,-66,true,monitor
2025-09-17 15:00:00+08,TAIPEI_101,164,98,1,1,1,0,18.0,observed,1.0,0.0,-66,true,monitor
2025-09-17 15:00:00+08,TAIPEI_MAIN,153,129,,,94,,,source_only_no_observed_trip,,,-24,true,monitor_source_only
2025-09-17 15:00:00+08,TPE_AIRPORT,110,82,,,70,,,source_only_no_observed_trip,,,-28,true,monitor_source_only
2025-09-17 15:00:00+08,XIMENDING,174,116,,,104,,,source_only_no_observed_trip,,,-58,true,monitor_source_only
2025-09-17 16:00:00+08,TAIPEI_101,185,142,,,112,,,source_only_no_observed_trip,,,-43,true,monitor_source_only
2025-09-17 16:00:00+08,TAIPEI_MAIN,164,87,1,1,1,0,10.0,observed,1.0,0.0,-77,true,monitor
2025-09-17 16:00:00+08,TPE_AIRPORT,129,111,3,2,1,2,20.0,observed,0.6666666666666666,0.6666666666666666,-18,true,monitor
2025-09-17 16:00:00+08,XIMENDING,152,116,,,104,,,source_only_no_observed_trip,,,-36,true,monitor_source_only
2025-09-17 17:00:00+08,TAIPEI_101,131,100,,,87,,,source_only_no_observed_trip,,,-31,true,monitor_source_only
2025-09-17 17:00:00+08,TAIPEI_MAIN,135,105,,,89,,,source_only_no_observed_trip,,,-30,true,monitor_source_only
2025-09-17 17:00:00+08,TPE_AIRPORT,86,45,2,2,2,0,18.400000000000002,observed,1.0,0.0,-41,true,monitor
2025-09-17 17:00:00+08,XIMENDING,116,125,2,2,1,1,6.0,observed,1.0,0.5,9,true,monitor
2025-09-17 18:00:00+08,TAIPEI_101,156,104,3,2,2,1,17.8,observed,0.6666666666666666,0.3333333333333333,-52,true,monitor
2025-09-17 18:00:00+08,TAIPEI_MAIN,176,107,1,1,1,0,9.0,observed,1.0,0.0,-69,true,monitor
2025-09-17 18:00:00+08,TPE_AIRPORT,102,86,6,5,4,2,15.2,observed,0.8333333333333334,0.3333333333333333,-16,true,monitor
2025-09-17 18:00:00+08,XIMENDING,203,125,1,1,1,0,5.0,observed,1.0,0.0,-78,true,monitor
2025-09-17 19:00:00+08,TAIPEI_101,152,112,,,97,,,source_only_no_observed_trip,,,-40,true,monitor_source_only
2025-09-17 19:00:00+08,TAIPEI_MAIN,170,101,,,81,,,source_only_no_observed_trip,,,-69,true,monitor_source_only
2025-09-17 19:00:00+08,TPE_AIRPORT,92,54,4,4,4,0,21.200000000000003,observed,1.0,0.0,-38,true,review_pickup_reliability
2025-09-17 19:00:00+08,XIMENDING,173,103,1,1,0,1,,observed,1.0,1.0,-70,true,monitor
2025-09-17 20:00:00+08,TAIPEI_101,116,188,1,1,1,0,24.0,observed,1.0,0.0,72,true,increase_supply_or_pause_send
2025-09-17 20:00:00+08,TAIPEI_MAIN,85,188,2,2,2,0,21.5,observed,1.0,0.0,103,true,increase_supply_or_pause_send
2025-09-17 20:00:00+08,TPE_AIRPORT,83,92,2,2,2,0,22.299999999999997,observed,1.0,0.0,9,true,review_pickup_reliability
2025-09-17 20:00:00+08,XIMENDING,137,173,2,1,1,1,18.0,observed,0.5,0.5,36,true,increase_supply_or_pause_send
2025-09-17 21:00:00+08,TAIPEI_101,140,203,,,172,,,source_only_no_observed_trip,,,63,true,monitor_source_only
2025-09-17 21:00:00+08,TAIPEI_MAIN,153,170,,,132,,,source_only_no_observed_trip,,,17,true,monitor_source_only
2025-09-17 21:00:00+08,TPE_AIRPORT,85,110,6,6,6,0,21.0,observed,1.0,0.0,25,true,increase_supply_or_pause_send
2025-09-17 21:00:00+08,XIMENDING,140,188,1,1,1,0,10.0,observed,1.0,0.0,48,true,increase_supply_or_pause_send
2025-09-17 22:00:00+08,TAIPEI_101,122,180,1,1,1,0,8.0,observed,1.0,0.0,58,true,increase_supply_or_pause_send
2025-09-17 22:00:00+08,TAIPEI_MAIN,115,209,1,1,1,0,13.0,observed,1.0,0.0,94,true,increase_supply_or_pause_send
2025-09-17 22:00:00+08,TPE_AIRPORT,91,119,9,8,6,3,19.0,observed,0.8888888888888888,0.3333333333333333,28,true,increase_supply_or_pause_send
2025-09-17 22:00:00+08,XIMENDING,160,180,,,158,,,source_only_no_observed_trip,,,20,true,monitor_source_only
2025-09-17 23:00:00+08,TAIPEI_101,167,180,,,138,,,source_only_no_observed_trip,,,13,true,monitor_source_only
2025-09-17 23:00:00+08,TAIPEI_MAIN,163,196,,,171,,,source_only_no_observed_trip,,,33,true,monitor_source_only
2025-09-17 23:00:00+08,TPE_AIRPORT,97,84,7,7,7,0,21.8,observed,1.0,0.0,-13,true,review_pickup_reliability
2025-09-17 23:00:00+08,XIMENDING,114,141,1,1,1,0,22.0,observed,1.0,0.0,27,true,increase_supply_or_pause_send
2025-09-18 00:00:00+08,TAIPEI_101,162,114,2,2,2,0,19.2,observed,1.0,0.0,-48,true,monitor
2025-09-18 00:00:00+08,TAIPEI_MAIN,142,152,1,1,1,0,6.0,observed,1.0,0.0,10,true,monitor
2025-09-18 00:00:00+08,TPE_AIRPORT,114,60,9,9,9,0,19.4,observed,1.0,0.0,-54,true,monitor
2025-09-18 00:00:00+08,XIMENDING,116,102,,,87,,,source_only_no_observed_trip,,,-14,true,monitor_source_only
2025-09-18 01:00:00+08,TAIPEI_101,147,139,1,1,1,0,8.0,observed,1.0,0.0,-8,true,monitor
2025-09-18 01:00:00+08,TAIPEI_MAIN,178,118,1,0,0,1,,observed,0.0,1.0,-60,true,monitor
2025-09-18 01:00:00+08,TPE_AIRPORT,114,38,3,3,3,0,20.2,observed,1.0,0.0,-76,true,review_pickup_reliability
2025-09-18 01:00:00+08,XIMENDING,173,81,1,1,1,0,10.0,observed,1.0,0.0,-92,true,monitor
2025-09-18 02:00:00+08,TAIPEI_101,167,85,,,69,,,source_only_no_observed_trip,,,-82,true,monitor_source_only
2025-09-18 02:00:00+08,TAIPEI_MAIN,190,113,2,1,1,1,18.0,observed,0.5,0.5,-77,true,monitor
2025-09-18 02:00:00+08,TPE_AIRPORT,131,62,5,4,4,1,18.700000000000003,observed,0.8,0.2,-69,true,monitor
2025-09-18 02:00:00+08,XIMENDING,153,143,,,105,,,source_only_no_observed_trip,,,-10,true,monitor_source_only
2025-09-18 03:00:00+08,TAIPEI_101,157,115,1,1,1,0,19.0,observed,1.0,0.0,-42,true,monitor
2025-09-18 03:00:00+08,TAIPEI_MAIN,149,103,1,1,1,0,18.0,observed,1.0,0.0,-46,true,monitor
2025-09-18 03:00:00+08,TPE_AIRPORT,102,33,6,4,4,2,17.900000000000002,observed,0.6666666666666666,0.3333333333333333,-69,true,monitor
2025-09-18 03:00:00+08,XIMENDING,176,137,,,108,,,source_only_no_observed_trip,,,-39,true,monitor_source_only
2025-09-18 04:00:00+08,TAIPEI_101,139,114,,,83,,,source_only_no_observed_trip,,,-25,true,monitor_source_only
2025-09-18 04:00:00+08,TAIPEI_MAIN,167,103,1,1,1,0,19.0,observed,1.0,0.0,-64,true,monitor
2025-09-18 04:00:00+08,TPE_AIRPORT,108,69,1,1,1,0,12.0,observed,1.0,0.0,-39,true,monitor
2025-09-18 04:00:00+08,XIMENDING,164,137,,,102,,,source_only_no_observed_trip,,,-27,true,monitor_source_only
2025-09-18 05:00:00+08,TAIPEI_101,126,164,3,3,2,1,17.9,observed,1.0,0.3333333333333333,38,true,increase_supply_or_pause_send
2025-09-18 05:00:00+08,TAIPEI_MAIN,156,209,,,183,,,source_only_no_observed_trip,,,53,true,monitor_source_only
2025-09-18 05:00:00+08,TPE_AIRPORT,56,121,3,3,3,0,21.0,observed,1.0,0.0,65,true,increase_supply_or_pause_send
2025-09-18 05:00:00+08,XIMENDING,118,173,,,126,,,source_only_no_observed_trip,,,55,true,monitor_source_only
2025-09-18 06:00:00+08,TAIPEI_101,120,162,,,129,,,source_only_no_observed_trip,,,42,true,monitor_source_only
2025-09-18 06:00:00+08,TAIPEI_MAIN,128,179,,,147,,,source_only_no_observed_trip,,,51,true,monitor_source_only
2025-09-18 06:00:00+08,TPE_AIRPORT,74,161,7,6,5,2,18.6,observed,0.8571428571428571,0.2857142857142857,87,true,increase_supply_or_pause_send
2025-09-18 06:00:00+08,XIMENDING,132,162,1,1,1,0,11.0,observed,1.0,0.0,30,true,increase_supply_or_pause_send
2025-09-18 07:00:00+08,TAIPEI_101,121,188,,,145,,,source_only_no_observed_trip,,,67,true,monitor_source_only
2025-09-18 07:00:00+08,TAIPEI_MAIN,127,209,1,1,1,0,17.0,observed,1.0,0.0,82,true,increase_supply_or_pause_send
2025-09-18 07:00:00+08,TPE_AIRPORT,74,135,4,4,4,0,21.1,observed,1.0,0.0,61,true,increase_supply_or_pause_send
2025-09-18 07:00:00+08,XIMENDING,130,165,,,126,,,source_only_no_observed_trip,,,35,true,monitor_source_only
2025-09-18 08:00:00+08,TAIPEI_101,113,185,1,1,1,0,14.0,observed,1.0,0.0,72,true,increase_supply_or_pause_send
2025-09-18 08:00:00+08,TAIPEI_MAIN,141,160,1,1,1,0,8.0,observed,1.0,0.0,19,true,monitor
2025-09-18 08:00:00+08,TPE_AIRPORT,119,114,4,4,4,0,14.400000000000002,observed,1.0,0.0,-5,true,monitor
2025-09-18 08:00:00+08,XIMENDING,141,176,1,1,1,0,10.0,observed,1.0,0.0,35,true,increase_supply_or_pause_send
2025-09-18 09:00:00+08,TAIPEI_101,127,97,2,2,2,0,19.6,observed,1.0,0.0,-30,true,monitor
2025-09-18 09:00:00+08,TAIPEI_MAIN,162,138,,,109,,,source_only_no_observed_trip,,,-24,true,monitor_source_only
2025-09-18 09:00:00+08,TPE_AIRPORT,123,67,11,9,8,3,21.599999999999998,observed,0.8181818181818182,0.2727272727272727,-56,true,review_pickup_reliability
2025-09-18 09:00:00+08,XIMENDING,157,98,,,74,,,source_only_no_observed_trip,,,-59,true,monitor_source_only
2025-09-18 10:00:00+08,TAIPEI_101,157,81,1,1,1,0,20.0,observed,1.0,0.0,-76,true,monitor
2025-09-18 10:00:00+08,TAIPEI_MAIN,161,123,1,1,1,0,16.0,observed,1.0,0.0,-38,true,monitor
2025-09-18 10:00:00+08,TPE_AIRPORT,116,90,5,4,3,2,18.8,observed,0.8,0.4,-26,true,monitor
2025-09-18 10:00:00+08,XIMENDING,145,109,,,87,,,source_only_no_observed_trip,,,-36,true,monitor_source_only
2025-09-18 11:00:00+08,TAIPEI_101,147,112,,,89,,,source_only_no_observed_trip,,,-35,true,monitor_source_only
2025-09-18 11:00:00+08,TAIPEI_MAIN,124,103,1,1,1,0,12.0,observed,1.0,0.0,-21,true,monitor
2025-09-18 11:00:00+08,TPE_AIRPORT,82,99,4,4,4,0,18.200000000000003,observed,1.0,0.0,17,true,monitor
2025-09-18 11:00:00+08,XIMENDING,164,85,3,2,2,1,14.9,observed,0.6666666666666666,0.3333333333333333,-79,true,monitor
2025-09-18 12:00:00+08,TAIPEI_101,174,116,,,94,,,source_only_no_observed_trip,,,-58,true,monitor_source_only
2025-09-18 12:00:00+08,TAIPEI_MAIN,136,124,,,104,,,source_only_no_observed_trip,,,-12,true,monitor_source_only
2025-09-18 12:00:00+08,TPE_AIRPORT,127,90,5,5,5,0,19.2,observed,1.0,0.0,-37,true,monitor
2025-09-18 12:00:00+08,XIMENDING,151,131,,,106,,,source_only_no_observed_trip,,,-20,true,monitor_source_only
2025-09-18 13:00:00+08,TAIPEI_101,131,125,1,1,1,0,9.0,observed,1.0,0.0,-6,true,monitor
2025-09-18 13:00:00+08,TAIPEI_MAIN,175,142,1,1,1,0,19.0,observed,1.0,0.0,-33,true,monitor
2025-09-18 13:00:00+08,TPE_AIRPORT,93,79,6,6,6,0,21.5,observed,1.0,0.0,-14,true,review_pickup_reliability
2025-09-18 13:00:00+08,XIMENDING,152,76,1,1,1,0,12.0,observed,1.0,0.0,-76,true,monitor
2025-09-18 14:00:00+08,TAIPEI_101,128,96,2,2,2,0,18.1,observed,1.0,0.0,-32,true,monitor
2025-09-18 14:00:00+08,TAIPEI_MAIN,144,119,2,2,2,0,14.7,observed,1.0,0.0,-25,true,monitor
2025-09-18 14:00:00+08,TPE_AIRPORT,106,105,1,1,1,0,9.0,observed,1.0,0.0,-1,true,monitor
2025-09-18 14:00:00+08,XIMENDING,144,137,1,1,1,0,12.0,observed,1.0,0.0,-7,true,monitor
2025-09-18 15:00:00+08,TAIPEI_101,163,84,2,1,1,1,18.0,observed,0.5,0.5,-79,true,monitor
2025-09-18 15:00:00+08,TAIPEI_MAIN,171,159,1,1,1,0,12.0,observed,1.0,0.0,-12,true,monitor
2025-09-18 15:00:00+08,TPE_AIRPORT,158,83,,,69,,,source_only_no_observed_trip,,,-75,true,monitor_source_only
2025-09-18 15:00:00+08,XIMENDING,152,130,,,112,,,source_only_no_observed_trip,,,-22,true,monitor_source_only
2025-09-18 16:00:00+08,TAIPEI_101,153,114,2,2,2,0,13.0,observed,1.0,0.0,-39,true,monitor
2025-09-18 16:00:00+08,TAIPEI_MAIN,154,157,1,1,1,0,11.0,observed,1.0,0.0,3,true,monitor
2025-09-18 16:00:00+08,TPE_AIRPORT,118,63,4,3,3,1,13.799999999999999,observed,0.75,0.25,-55,true,monitor
2025-09-18 16:00:00+08,XIMENDING,192,98,,,71,,,source_only_no_observed_trip,,,-94,true,monitor_source_only
2025-09-18 17:00:00+08,TAIPEI_101,158,126,1,0,0,1,,observed,0.0,1.0,-32,true,monitor
2025-09-18 17:00:00+08,TAIPEI_MAIN,159,145,,,106,,,source_only_no_observed_trip,,,-14,true,monitor_source_only
2025-09-18 17:00:00+08,TPE_AIRPORT,123,71,4,3,2,2,16.0,observed,0.75,0.5,-52,true,monitor
2025-09-18 17:00:00+08,XIMENDING,146,146,,,119,,,source_only_no_observed_trip,,,0,true,monitor_source_only
2025-09-18 18:00:00+08,TAIPEI_101,169,110,1,1,1,0,10.0,observed,1.0,0.0,-59,true,monitor
2025-09-18 18:00:00+08,TAIPEI_MAIN,170,72,1,1,0,1,,observed,1.0,1.0,-98,true,monitor
2025-09-18 18:00:00+08,TPE_AIRPORT,111,84,2,2,2,0,19.8,observed,1.0,0.0,-27,true,monitor
2025-09-18 18:00:00+08,XIMENDING,166,78,1,1,1,0,20.0,observed,1.0,0.0,-88,true,monitor
2025-09-18 19:00:00+08,TAIPEI_101,142,88,1,1,1,0,16.0,observed,1.0,0.0,-54,true,monitor
2025-09-18 19:00:00+08,TAIPEI_MAIN,169,103,2,2,2,0,16.3,observed,1.0,0.0,-66,true,monitor
2025-09-18 19:00:00+08,TPE_AIRPORT,77,94,7,7,6,1,20.5,observed,1.0,0.14285714285714285,17,true,review_pickup_reliability
2025-09-18 19:00:00+08,XIMENDING,162,100,,,83,,,source_only_no_observed_trip,,,-62,true,monitor_source_only
2025-09-18 20:00:00+08,TAIPEI_101,123,199,,,144,,,source_only_no_observed_trip,,,76,true,monitor_source_only
2025-09-18 20:00:00+08,TAIPEI_MAIN,137,174,,,129,,,source_only_no_observed_trip,,,37,true,monitor_source_only
2025-09-18 20:00:00+08,TPE_AIRPORT,69,138,2,2,1,1,17.0,observed,1.0,0.5,69,true,increase_supply_or_pause_send
2025-09-18 20:00:00+08,XIMENDING,161,160,1,1,1,0,15.0,observed,1.0,0.0,-1,true,monitor
2025-09-18 21:00:00+08,TAIPEI_101,156,213,,,161,,,source_only_no_observed_trip,,,57,true,monitor_source_only
2025-09-18 21:00:00+08,TAIPEI_MAIN,147,221,,,188,,,source_only_no_observed_trip,,,74,true,monitor_source_only
2025-09-18 21:00:00+08,TPE_AIRPORT,125,124,5,5,5,0,17.6,observed,1.0,0.0,-1,true,monitor
2025-09-18 21:00:00+08,XIMENDING,144,161,,,130,,,source_only_no_observed_trip,,,17,true,monitor_source_only
2025-09-18 22:00:00+08,TAIPEI_101,128,188,,,158,,,source_only_no_observed_trip,,,60,true,monitor_source_only
2025-09-18 22:00:00+08,TAIPEI_MAIN,123,148,3,3,3,0,18.2,observed,1.0,0.0,25,true,increase_supply_or_pause_send
2025-09-18 22:00:00+08,TPE_AIRPORT,97,121,9,9,9,0,20.2,observed,1.0,0.0,24,true,increase_supply_or_pause_send
2025-09-18 22:00:00+08,XIMENDING,148,177,,,130,,,source_only_no_observed_trip,,,29,true,monitor_source_only
2025-09-18 23:00:00+08,TAIPEI_101,146,217,,,186,,,source_only_no_observed_trip,,,71,true,monitor_source_only
2025-09-18 23:00:00+08,TAIPEI_MAIN,142,154,,,123,,,source_only_no_observed_trip,,,12,true,monitor_source_only
2025-09-18 23:00:00+08,TPE_AIRPORT,61,121,9,7,5,4,19.0,observed,0.7777777777777778,0.4444444444444444,60,true,increase_supply_or_pause_send
2025-09-18 23:00:00+08,XIMENDING,113,209,,,186,,,source_only_no_observed_trip,,,96,true,monitor_source_only
2025-09-19 00:00:00+08,TAIPEI_101,153,142,,,123,,,source_only_no_observed_trip,,,-11,true,monitor_source_only
2025-09-19 00:00:00+08,TAIPEI_MAIN,173,143,,,104,,,source_only_no_observed_trip,,,-30,true,monitor_source_only
2025-09-19 00:00:00+08,TPE_AIRPORT,82,61,8,7,6,2,20.0,observed,0.875,0.25,-21,true,monitor
2025-09-19 00:00:00+08,XIMENDING,155,120,,,94,,,source_only_no_observed_trip,,,-35,true,monitor_source_only
2025-09-19 01:00:00+08,TAIPEI_101,146,108,1,1,1,0,15.0,observed,1.0,0.0,-38,true,monitor
2025-09-19 01:00:00+08,TAIPEI_MAIN,149,140,1,1,1,0,16.0,observed,1.0,0.0,-9,true,monitor
2025-09-19 01:00:00+08,TPE_AIRPORT,122,93,9,9,7,2,16.800000000000004,observed,1.0,0.2222222222222222,-29,true,monitor
2025-09-19 01:00:00+08,XIMENDING,167,106,2,2,2,0,10.8,observed,1.0,0.0,-61,true,monitor
2025-09-19 02:00:00+08,TAIPEI_101,202,142,,,113,,,source_only_no_observed_trip,,,-60,true,monitor_source_only
2025-09-19 02:00:00+08,TAIPEI_MAIN,137,66,,,58,,,source_only_no_observed_trip,,,-71,true,monitor_source_only
2025-09-19 02:00:00+08,TPE_AIRPORT,136,80,4,4,4,0,12.8,observed,1.0,0.0,-56,true,monitor
2025-09-19 02:00:00+08,XIMENDING,175,99,3,3,3,0,19.2,observed,1.0,0.0,-76,true,monitor
2025-09-19 03:00:00+08,TAIPEI_101,166,138,1,1,1,0,8.0,observed,1.0,0.0,-28,true,monitor
2025-09-19 03:00:00+08,TAIPEI_MAIN,191,116,,,89,,,source_only_no_observed_trip,,,-75,true,monitor_source_only
2025-09-19 03:00:00+08,TPE_AIRPORT,118,78,1,1,1,0,9.0,observed,1.0,0.0,-40,true,monitor
2025-09-19 03:00:00+08,XIMENDING,150,120,1,1,1,0,17.0,observed,1.0,0.0,-30,true,monitor
2025-09-19 04:00:00+08,TAIPEI_101,158,72,,,64,,,source_only_no_observed_trip,,,-86,true,monitor_source_only
2025-09-19 04:00:00+08,TAIPEI_MAIN,149,111,,,95,,,source_only_no_observed_trip,,,-38,true,monitor_source_only
2025-09-19 04:00:00+08,TPE_AIRPORT,83,49,1,1,0,1,,observed,1.0,1.0,-34,true,monitor
2025-09-19 04:00:00+08,XIMENDING,181,92,,,68,,,source_only_no_observed_trip,,,-89,true,monitor_source_only
2025-09-19 05:00:00+08,TAIPEI_101,131,218,2,1,0,2,,observed,0.5,1.0,87,true,increase_supply_or_pause_send
2025-09-19 05:00:00+08,TAIPEI_MAIN,133,143,1,1,1,0,15.0,observed,1.0,0.0,10,true,monitor
2025-09-19 05:00:00+08,TPE_AIRPORT,120,121,2,2,2,0,21.3,observed,1.0,0.0,1,true,review_pickup_reliability
2025-09-19 05:00:00+08,XIMENDING,138,205,2,2,2,0,16.6,observed,1.0,0.0,67,true,increase_supply_or_pause_send
2025-09-19 06:00:00+08,TAIPEI_101,145,177,1,1,0,1,,observed,1.0,1.0,32,true,increase_supply_or_pause_send
2025-09-19 06:00:00+08,TAIPEI_MAIN,133,191,,,161,,,source_only_no_observed_trip,,,58,true,monitor_source_only
2025-09-19 06:00:00+08,TPE_AIRPORT,68,120,9,7,6,3,18.0,observed,0.7777777777777778,0.3333333333333333,52,true,increase_supply_or_pause_send
2025-09-19 06:00:00+08,XIMENDING,120,195,1,1,1,0,10.0,observed,1.0,0.0,75,true,increase_supply_or_pause_send
2025-09-19 07:00:00+08,TAIPEI_101,144,98,1,1,1,0,18.0,observed,1.0,0.0,-46,true,monitor
2025-09-19 07:00:00+08,TAIPEI_MAIN,131,192,,,173,,,source_only_no_observed_trip,,,61,true,monitor_source_only
2025-09-19 07:00:00+08,TPE_AIRPORT,105,129,6,6,5,1,19.2,observed,1.0,0.16666666666666666,24,true,increase_supply_or_pause_send
2025-09-19 07:00:00+08,XIMENDING,177,188,1,1,1,0,14.0,observed,1.0,0.0,11,true,monitor
2025-09-19 08:00:00+08,TAIPEI_101,148,155,,,134,,,source_only_no_observed_trip,,,7,true,monitor_source_only
2025-09-19 08:00:00+08,TAIPEI_MAIN,147,195,,,162,,,source_only_no_observed_trip,,,48,true,monitor_source_only
2025-09-19 08:00:00+08,TPE_AIRPORT,70,111,5,5,5,0,15.8,observed,1.0,0.0,41,true,increase_supply_or_pause_send
2025-09-19 08:00:00+08,XIMENDING,183,207,1,1,1,0,17.0,observed,1.0,0.0,24,true,increase_supply_or_pause_send
2025-09-19 09:00:00+08,TAIPEI_101,174,125,3,2,2,1,18.5,observed,0.6666666666666666,0.3333333333333333,-49,true,monitor
2025-09-19 09:00:00+08,TAIPEI_MAIN,179,96,1,1,1,0,17.0,observed,1.0,0.0,-83,true,monitor
2025-09-19 09:00:00+08,TPE_AIRPORT,117,61,9,9,7,2,19.0,observed,1.0,0.2222222222222222,-56,true,monitor
2025-09-19 09:00:00+08,XIMENDING,137,95,4,4,4,0,18.9,observed,1.0,0.0,-42,true,monitor
2025-09-19 10:00:00+08,TAIPEI_101,169,132,2,2,2,0,20.7,observed,1.0,0.0,-37,true,review_pickup_reliability
2025-09-19 10:00:00+08,TAIPEI_MAIN,170,117,,,95,,,source_only_no_observed_trip,,,-53,true,monitor_source_only
2025-09-19 10:00:00+08,TPE_AIRPORT,90,38,6,6,6,0,22.0,observed,1.0,0.0,-52,true,review_pickup_reliability
2025-09-19 10:00:00+08,XIMENDING,171,95,1,1,1,0,22.0,observed,1.0,0.0,-76,true,review_pickup_reliability
2025-09-19 11:00:00+08,TAIPEI_101,127,67,,,60,,,source_only_no_observed_trip,,,-60,true,monitor_source_only
2025-09-19 11:00:00+08,TAIPEI_MAIN,148,108,,,77,,,source_only_no_observed_trip,,,-40,true,monitor_source_only
2025-09-19 11:00:00+08,TPE_AIRPORT,92,99,4,4,3,1,15.6,observed,1.0,0.25,7,true,monitor
2025-09-19 11:00:00+08,XIMENDING,158,148,1,1,1,0,17.0,observed,1.0,0.0,-10,true,monitor
2025-09-19 12:00:00+08,TAIPEI_101,148,126,,,98,,,source_only_no_observed_trip,,,-22,true,monitor_source_only
2025-09-19 12:00:00+08,TAIPEI_MAIN,143,134,,,96,,,source_only_no_observed_trip,,,-9,true,monitor_source_only
2025-09-19 12:00:00+08,TPE_AIRPORT,88,77,3,3,3,0,19.4,observed,1.0,0.0,-11,true,monitor
2025-09-19 12:00:00+08,XIMENDING,169,132,,,97,,,source_only_no_observed_trip,,,-37,true,monitor_source_only
2025-09-19 13:00:00+08,TAIPEI_101,154,129,,,101,,,source_only_no_observed_trip,,,-25,true,monitor_source_only
2025-09-19 13:00:00+08,TAIPEI_MAIN,155,124,,,100,,,source_only_no_observed_trip,,,-31,true,monitor_source_only
2025-09-19 13:00:00+08,TPE_AIRPORT,89,28,5,5,5,0,17.6,observed,1.0,0.0,-61,true,monitor
2025-09-19 13:00:00+08,XIMENDING,153,136,2,2,2,0,20.8,observed,1.0,0.0,-17,true,review_pickup_reliability
2025-09-19 14:00:00+08,TAIPEI_101,167,117,,,99,,,source_only_no_observed_trip,,,-50,true,monitor_source_only
2025-09-19 14:00:00+08,TAIPEI_MAIN,155,149,,,112,,,source_only_no_observed_trip,,,-6,true,monitor_source_only
2025-09-19 14:00:00+08,TPE_AIRPORT,125,103,2,2,2,0,17.299999999999997,observed,1.0,0.0,-22,true,monitor
2025-09-19 14:00:00+08,XIMENDING,161,126,,,91,,,source_only_no_observed_trip,,,-35,true,monitor_source_only
2025-09-19 15:00:00+08,TAIPEI_101,166,105,,,90,,,source_only_no_observed_trip,,,-61,true,monitor_source_only
2025-09-19 15:00:00+08,TAIPEI_MAIN,167,95,1,1,1,0,16.0,observed,1.0,0.0,-72,true,monitor
2025-09-19 15:00:00+08,TPE_AIRPORT,109,56,6,5,5,1,23.2,observed,0.8333333333333334,0.16666666666666666,-53,true,review_pickup_reliability
2025-09-19 15:00:00+08,XIMENDING,134,80,,,67,,,source_only_no_observed_trip,,,-54,true,monitor_source_only
2025-09-19 16:00:00+08,TAIPEI_101,164,103,1,1,1,0,22.0,observed,1.0,0.0,-61,true,review_pickup_reliability
2025-09-19 16:00:00+08,TAIPEI_MAIN,193,131,,,103,,,source_only_no_observed_trip,,,-62,true,monitor_source_only
2025-09-19 16:00:00+08,TPE_AIRPORT,108,74,4,4,4,0,17.4,observed,1.0,0.0,-34,true,monitor
2025-09-19 16:00:00+08,XIMENDING,151,100,1,1,1,0,17.0,observed,1.0,0.0,-51,true,monitor
2025-09-19 17:00:00+08,TAIPEI_101,160,111,,,90,,,source_only_no_observed_trip,,,-49,true,monitor_source_only
2025-09-19 17:00:00+08,TAIPEI_MAIN,139,142,1,1,0,1,,observed,1.0,1.0,3,true,monitor
2025-09-19 17:00:00+08,TPE_AIRPORT,105,111,2,1,1,1,18.0,observed,0.5,0.5,6,true,monitor
2025-09-19 17:00:00+08,XIMENDING,180,136,,,104,,,source_only_no_observed_trip,,,-44,true,monitor_source_only
2025-09-19 18:00:00+08,TAIPEI_101,162,129,,,105,,,source_only_no_observed_trip,,,-33,true,monitor_source_only
2025-09-19 18:00:00+08,TAIPEI_MAIN,161,65,2,2,2,0,13.899999999999999,observed,1.0,0.0,-96,true,monitor
2025-09-19 18:00:00+08,TPE_AIRPORT,103,61,2,2,2,0,10.9,observed,1.0,0.0,-42,true,monitor
2025-09-19 18:00:00+08,XIMENDING,146,93,1,1,1,0,9.0,observed,1.0,0.0,-53,true,monitor
2025-09-19 19:00:00+08,TAIPEI_101,172,112,1,1,1,0,23.0,observed,1.0,0.0,-60,true,review_pickup_reliability
2025-09-19 19:00:00+08,TAIPEI_MAIN,170,94,,,79,,,source_only_no_observed_trip,,,-76,true,monitor_source_only
2025-09-19 19:00:00+08,TPE_AIRPORT,123,110,2,2,1,1,17.0,observed,1.0,0.5,-13,true,monitor
2025-09-19 19:00:00+08,XIMENDING,167,128,,,92,,,source_only_no_observed_trip,,,-39,true,monitor_source_only
2025-09-19 20:00:00+08,TAIPEI_101,121,162,1,1,1,0,17.0,observed,1.0,0.0,41,true,increase_supply_or_pause_send
2025-09-19 20:00:00+08,TAIPEI_MAIN,138,142,2,2,1,1,12.0,observed,1.0,0.5,4,true,monitor
2025-09-19 20:00:00+08,TPE_AIRPORT,73,155,3,3,3,0,15.4,observed,1.0,0.0,82,true,increase_supply_or_pause_send
2025-09-19 20:00:00+08,XIMENDING,149,142,,,103,,,source_only_no_observed_trip,,,-7,true,monitor_source_only
2025-09-19 21:00:00+08,TAIPEI_101,132,219,1,1,1,0,15.0,observed,1.0,0.0,87,true,increase_supply_or_pause_send
2025-09-19 21:00:00+08,TAIPEI_MAIN,121,269,,,206,,,source_only_no_observed_trip,,,148,true,monitor_source_only
2025-09-19 21:00:00+08,TPE_AIRPORT,78,113,5,5,5,0,20.0,observed,1.0,0.0,35,true,increase_supply_or_pause_send
2025-09-19 21:00:00+08,XIMENDING,131,235,,,195,,,source_only_no_observed_trip,,,104,true,monitor_source_only
2025-09-19 22:00:00+08,TAIPEI_101,150,219,1,1,1,0,14.0,observed,1.0,0.0,69,true,increase_supply_or_pause_send
2025-09-19 22:00:00+08,TAIPEI_MAIN,147,198,,,170,,,source_only_no_observed_trip,,,51,true,monitor_source_only
2025-09-19 22:00:00+08,TPE_AIRPORT,84,86,11,10,10,1,21.299999999999997,observed,0.9090909090909091,0.09090909090909091,2,true,review_pickup_reliability
2025-09-19 22:00:00+08,XIMENDING,156,195,1,1,1,0,20.0,observed,1.0,0.0,39,true,increase_supply_or_pause_send
2025-09-19 23:00:00+08,TAIPEI_101,115,205,1,0,0,1,,observed,0.0,1.0,90,true,increase_supply_or_pause_send
2025-09-19 23:00:00+08,TAIPEI_MAIN,133,207,1,1,1,0,19.0,observed,1.0,0.0,74,true,increase_supply_or_pause_send
2025-09-19 23:00:00+08,TPE_AIRPORT,68,131,5,5,5,0,16.6,observed,1.0,0.0,63,true,increase_supply_or_pause_send
2025-09-19 23:00:00+08,XIMENDING,136,155,2,2,2,0,13.899999999999999,observed,1.0,0.0,19,true,monitor
2025-09-20 00:00:00+08,TAIPEI_101,166,82,,,61,,,source_only_no_observed_trip,,,-84,true,monitor_source_only
2025-09-20 00:00:00+08,TAIPEI_MAIN,155,86,1,1,1,0,18.0,observed,1.0,0.0,-69,true,monitor
2025-09-20 00:00:00+08,TPE_AIRPORT,103,107,8,8,7,1,20.8,observed,1.0,0.125,4,true,review_pickup_reliability
2025-09-20 00:00:00+08,XIMENDING,162,146,1,1,1,0,18.0,observed,1.0,0.0,-16,true,monitor
2025-09-20 01:00:00+08,TAIPEI_101,172,118,,,89,,,source_only_no_observed_trip,,,-54,true,monitor_source_only
2025-09-20 01:00:00+08,TAIPEI_MAIN,151,61,,,45,,,source_only_no_observed_trip,,,-90,true,monitor_source_only
2025-09-20 01:00:00+08,TPE_AIRPORT,108,47,3,3,2,1,14.0,observed,1.0,0.3333333333333333,-61,true,monitor
2025-09-20 01:00:00+08,XIMENDING,151,107,,,85,,,source_only_no_observed_trip,,,-44,true,monitor_source_only
2025-09-20 02:00:00+08,TAIPEI_101,148,94,1,1,1,0,15.0,observed,1.0,0.0,-54,true,monitor
2025-09-20 02:00:00+08,TAIPEI_MAIN,158,112,,,97,,,source_only_no_observed_trip,,,-46,true,monitor_source_only
2025-09-20 02:00:00+08,TPE_AIRPORT,92,102,3,3,3,0,16.6,observed,1.0,0.0,10,true,monitor
2025-09-20 02:00:00+08,XIMENDING,203,144,1,1,1,0,13.0,observed,1.0,0.0,-59,true,monitor
2025-09-20 03:00:00+08,TAIPEI_101,165,122,,,107,,,source_only_no_observed_trip,,,-43,true,monitor_source_only
2025-09-20 03:00:00+08,TAIPEI_MAIN,165,84,,,72,,,source_only_no_observed_trip,,,-81,true,monitor_source_only
2025-09-20 03:00:00+08,TPE_AIRPORT,107,91,4,4,4,0,13.7,observed,1.0,0.0,-16,true,monitor
2025-09-20 03:00:00+08,XIMENDING,120,85,,,62,,,source_only_no_observed_trip,,,-35,true,monitor_source_only
2025-09-20 04:00:00+08,TAIPEI_101,161,135,,,118,,,source_only_no_observed_trip,,,-26,true,monitor_source_only
2025-09-20 04:00:00+08,TAIPEI_MAIN,138,84,1,1,1,0,11.0,observed,1.0,0.0,-54,true,monitor
2025-09-20 04:00:00+08,TPE_AIRPORT,79,65,2,2,2,0,17.799999999999997,observed,1.0,0.0,-14,true,monitor
2025-09-20 04:00:00+08,XIMENDING,170,118,1,1,1,0,17.0,observed,1.0,0.0,-52,true,monitor
2025-09-20 05:00:00+08,TAIPEI_101,141,188,,,170,,,source_only_no_observed_trip,,,47,true,monitor_source_only
2025-09-20 05:00:00+08,TAIPEI_MAIN,140,176,,,134,,,source_only_no_observed_trip,,,36,true,monitor_source_only
2025-09-20 05:00:00+08,TPE_AIRPORT,58,79,1,1,1,0,10.0,observed,1.0,0.0,21,true,increase_supply_or_pause_send
2025-09-20 05:00:00+08,XIMENDING,144,167,,,127,,,source_only_no_observed_trip,,,23,true,monitor_source_only
2025-09-20 06:00:00+08,TAIPEI_101,100,184,1,1,1,0,22.0,observed,1.0,0.0,84,true,increase_supply_or_pause_send
2025-09-20 06:00:00+08,TAIPEI_MAIN,128,174,1,1,1,0,20.0,observed,1.0,0.0,46,true,increase_supply_or_pause_send
2025-09-20 06:00:00+08,TPE_AIRPORT,80,89,3,3,3,0,15.6,observed,1.0,0.0,9,true,monitor
2025-09-20 06:00:00+08,XIMENDING,141,268,,,238,,,source_only_no_observed_trip,,,127,true,monitor_source_only
2025-09-20 07:00:00+08,TAIPEI_101,143,188,,,164,,,source_only_no_observed_trip,,,45,true,monitor_source_only
2025-09-20 07:00:00+08,TAIPEI_MAIN,109,179,3,3,3,0,16.6,observed,1.0,0.0,70,true,increase_supply_or_pause_send
2025-09-20 07:00:00+08,TPE_AIRPORT,132,117,8,8,7,1,21.8,observed,1.0,0.125,-15,true,review_pickup_reliability
2025-09-20 07:00:00+08,XIMENDING,135,195,1,1,0,1,,observed,1.0,1.0,60,true,increase_supply_or_pause_send
2025-09-20 08:00:00+08,TAIPEI_101,105,191,,,168,,,source_only_no_observed_trip,,,86,true,monitor_source_only
2025-09-20 08:00:00+08,TAIPEI_MAIN,141,203,1,1,1,0,10.0,observed,1.0,0.0,62,true,increase_supply_or_pause_send
2025-09-20 08:00:00+08,TPE_AIRPORT,67,87,8,6,6,2,21.5,observed,0.75,0.25,20,true,review_pickup_reliability
2025-09-20 08:00:00+08,XIMENDING,153,160,3,3,2,1,15.1,observed,1.0,0.3333333333333333,7,true,monitor
2025-09-20 09:00:00+08,TAIPEI_101,164,136,3,3,3,0,16.8,observed,1.0,0.0,-28,true,monitor
2025-09-20 09:00:00+08,TAIPEI_MAIN,155,93,1,1,0,1,,observed,1.0,1.0,-62,true,monitor
2025-09-20 09:00:00+08,TPE_AIRPORT,128,43,4,4,4,0,16.8,observed,1.0,0.0,-85,true,monitor
2025-09-20 09:00:00+08,XIMENDING,138,134,3,3,2,1,14.7,observed,1.0,0.3333333333333333,-4,true,monitor
2025-09-20 10:00:00+08,TAIPEI_101,160,93,,,79,,,source_only_no_observed_trip,,,-67,true,monitor_source_only
2025-09-20 10:00:00+08,TAIPEI_MAIN,181,90,1,1,1,0,14.0,observed,1.0,0.0,-91,true,monitor
2025-09-20 10:00:00+08,TPE_AIRPORT,133,72,10,10,10,0,21.099999999999998,observed,1.0,0.0,-61,true,review_pickup_reliability
2025-09-20 10:00:00+08,XIMENDING,157,146,1,1,1,0,24.0,observed,1.0,0.0,-11,true,review_pickup_reliability
2025-09-20 11:00:00+08,TAIPEI_101,179,115,2,1,1,1,13.0,observed,0.5,0.5,-64,true,monitor
2025-09-20 11:00:00+08,TAIPEI_MAIN,139,101,,,88,,,source_only_no_observed_trip,,,-38,true,monitor_source_only
2025-09-20 11:00:00+08,TPE_AIRPORT,96,108,2,2,2,0,14.5,observed,1.0,0.0,12,true,monitor
2025-09-20 11:00:00+08,XIMENDING,167,118,1,1,1,0,20.0,observed,1.0,0.0,-49,true,monitor
2025-09-20 12:00:00+08,TAIPEI_101,172,156,,,127,,,source_only_no_observed_trip,,,-16,true,monitor_source_only
2025-09-20 12:00:00+08,TAIPEI_MAIN,146,121,2,2,2,0,16.7,observed,1.0,0.0,-25,true,monitor
2025-09-20 12:00:00+08,TPE_AIRPORT,98,113,2,2,2,0,21.7,observed,1.0,0.0,15,true,review_pickup_reliability
2025-09-20 12:00:00+08,XIMENDING,138,132,,,118,,,source_only_no_observed_trip,,,-6,true,monitor_source_only
2025-09-20 13:00:00+08,TAIPEI_101,177,105,1,1,1,0,20.0,observed,1.0,0.0,-72,true,monitor
2025-09-20 13:00:00+08,TAIPEI_MAIN,132,91,2,2,1,1,8.0,observed,1.0,0.5,-41,true,monitor
2025-09-20 13:00:00+08,TPE_AIRPORT,68,83,2,2,2,0,20.8,observed,1.0,0.0,15,true,review_pickup_reliability
2025-09-20 13:00:00+08,XIMENDING,177,141,2,2,2,0,13.5,observed,1.0,0.0,-36,true,monitor
2025-09-20 14:00:00+08,TAIPEI_101,168,130,,,106,,,source_only_no_observed_trip,,,-38,true,monitor_source_only
2025-09-20 14:00:00+08,TAIPEI_MAIN,157,105,,,93,,,source_only_no_observed_trip,,,-52,true,monitor_source_only
2025-09-20 14:00:00+08,TPE_AIRPORT,93,108,3,3,3,0,16.8,observed,1.0,0.0,15,true,monitor
2025-09-20 14:00:00+08,XIMENDING,156,115,,,84,,,source_only_no_observed_trip,,,-41,true,monitor_source_only
2025-09-20 15:00:00+08,TAIPEI_101,144,120,2,2,2,0,9.7,observed,1.0,0.0,-24,true,monitor
2025-09-20 15:00:00+08,TAIPEI_MAIN,141,79,,,64,,,source_only_no_observed_trip,,,-62,true,monitor_source_only
2025-09-20 15:00:00+08,TPE_AIRPORT,93,99,3,3,3,0,18.8,observed,1.0,0.0,6,true,monitor
2025-09-20 15:00:00+08,XIMENDING,162,157,,,142,,,source_only_no_observed_trip,,,-5,true,monitor_source_only
2025-09-20 16:00:00+08,TAIPEI_101,135,127,,,101,,,source_only_no_observed_trip,,,-8,true,monitor_source_only
2025-09-20 16:00:00+08,TAIPEI_MAIN,146,125,1,1,1,0,11.0,observed,1.0,0.0,-21,true,monitor
2025-09-20 16:00:00+08,TPE_AIRPORT,108,78,3,3,3,0,15.8,observed,1.0,0.0,-30,true,monitor
2025-09-20 16:00:00+08,XIMENDING,139,113,,,84,,,source_only_no_observed_trip,,,-26,true,monitor_source_only
2025-09-20 17:00:00+08,TAIPEI_101,149,132,2,2,2,0,21.0,observed,1.0,0.0,-17,true,review_pickup_reliability
2025-09-20 17:00:00+08,TAIPEI_MAIN,126,79,,,62,,,source_only_no_observed_trip,,,-47,true,monitor_source_only
2025-09-20 17:00:00+08,TPE_AIRPORT,111,87,5,5,5,0,17.0,observed,1.0,0.0,-24,true,monitor
2025-09-20 17:00:00+08,XIMENDING,164,153,2,2,2,0,7.9,observed,1.0,0.0,-11,true,monitor
2025-09-20 18:00:00+08,TAIPEI_101,164,102,,,92,,,source_only_no_observed_trip,,,-62,true,monitor_source_only
2025-09-20 18:00:00+08,TAIPEI_MAIN,168,121,2,2,2,0,18.200000000000003,observed,1.0,0.0,-47,true,monitor
2025-09-20 18:00:00+08,TPE_AIRPORT,133,113,2,2,2,0,13.5,observed,1.0,0.0,-20,true,monitor
2025-09-20 18:00:00+08,XIMENDING,167,113,1,1,1,0,17.0,observed,1.0,0.0,-54,true,monitor
2025-09-20 19:00:00+08,TAIPEI_101,152,97,2,2,2,0,14.3,observed,1.0,0.0,-55,true,monitor
2025-09-20 19:00:00+08,TAIPEI_MAIN,179,146,1,1,1,0,22.0,observed,1.0,0.0,-33,true,review_pickup_reliability
2025-09-20 19:00:00+08,TPE_AIRPORT,114,105,1,1,1,0,12.0,observed,1.0,0.0,-9,true,monitor
2025-09-20 19:00:00+08,XIMENDING,155,155,1,1,1,0,20.0,observed,1.0,0.0,0,true,monitor
2025-09-20 20:00:00+08,TAIPEI_101,139,212,3,3,3,0,18.8,observed,1.0,0.0,73,true,increase_supply_or_pause_send
2025-09-20 20:00:00+08,TAIPEI_MAIN,115,205,1,1,0,1,,observed,1.0,1.0,90,true,increase_supply_or_pause_send
2025-09-20 20:00:00+08,TPE_AIRPORT,114,132,3,3,3,0,16.0,observed,1.0,0.0,18,true,monitor
2025-09-20 20:00:00+08,XIMENDING,108,202,,,160,,,source_only_no_observed_trip,,,94,true,monitor_source_only
2025-09-20 21:00:00+08,TAIPEI_101,110,149,,,108,,,source_only_no_observed_trip,,,39,true,monitor_source_only
2025-09-20 21:00:00+08,TAIPEI_MAIN,145,193,1,1,1,0,14.0,observed,1.0,0.0,48,true,increase_supply_or_pause_send
2025-09-20 21:00:00+08,TPE_AIRPORT,59,157,7,6,4,3,16.200000000000003,observed,0.8571428571428571,0.42857142857142855,98,true,increase_supply_or_pause_send
2025-09-20 21:00:00+08,XIMENDING,153,216,,,177,,,source_only_no_observed_trip,,,63,true,monitor_source_only
2025-09-20 22:00:00+08,TAIPEI_101,155,201,1,1,1,0,14.0,observed,1.0,0.0,46,true,increase_supply_or_pause_send
2025-09-20 22:00:00+08,TAIPEI_MAIN,116,204,,,158,,,source_only_no_observed_trip,,,88,true,monitor_source_only
2025-09-20 22:00:00+08,TPE_AIRPORT,121,100,5,5,5,0,17.6,observed,1.0,0.0,-21,true,monitor
2025-09-20 22:00:00+08,XIMENDING,141,184,1,1,1,0,17.0,observed,1.0,0.0,43,true,increase_supply_or_pause_send
2025-09-20 23:00:00+08,TAIPEI_101,103,182,1,1,1,0,16.0,observed,1.0,0.0,79,true,increase_supply_or_pause_send
2025-09-20 23:00:00+08,TAIPEI_MAIN,143,172,,,137,,,source_only_no_observed_trip,,,29,true,monitor_source_only
2025-09-20 23:00:00+08,TPE_AIRPORT,59,136,3,2,1,2,14.0,observed,0.6666666666666666,0.6666666666666666,77,true,increase_supply_or_pause_send
2025-09-20 23:00:00+08,XIMENDING,136,180,,,151,,,source_only_no_observed_trip,,,44,true,monitor_source_only
2025-09-21 00:00:00+08,TAIPEI_101,178,150,1,1,1,0,13.0,observed,1.0,0.0,-28,true,monitor
2025-09-21 00:00:00+08,TAIPEI_MAIN,176,110,1,1,1,0,13.0,observed,1.0,0.0,-66,true,monitor
2025-09-21 00:00:00+08,TPE_AIRPORT,120,86,10,10,10,0,20.0,observed,1.0,0.0,-34,true,monitor
2025-09-21 00:00:00+08,XIMENDING,162,106,1,1,1,0,7.0,observed,1.0,0.0,-56,true,monitor
2025-09-21 01:00:00+08,TAIPEI_101,144,101,1,1,1,0,22.0,observed,1.0,0.0,-43,true,review_pickup_reliability
2025-09-21 01:00:00+08,TAIPEI_MAIN,143,122,2,1,1,1,16.0,observed,0.5,0.5,-21,true,monitor
2025-09-21 01:00:00+08,TPE_AIRPORT,113,109,1,1,1,0,16.0,observed,1.0,0.0,-4,true,monitor
2025-09-21 01:00:00+08,XIMENDING,150,92,,,80,,,source_only_no_observed_trip,,,-58,true,monitor_source_only
2025-09-21 02:00:00+08,TAIPEI_101,153,160,1,1,1,0,8.0,observed,1.0,0.0,7,true,monitor
2025-09-21 02:00:00+08,TAIPEI_MAIN,147,93,,,82,,,source_only_no_observed_trip,,,-54,true,monitor_source_only
2025-09-21 02:00:00+08,TPE_AIRPORT,115,96,3,3,3,0,16.6,observed,1.0,0.0,-19,true,monitor
2025-09-21 02:00:00+08,XIMENDING,181,125,2,2,2,0,9.0,observed,1.0,0.0,-56,true,monitor
2025-09-21 03:00:00+08,TAIPEI_101,180,105,,,93,,,source_only_no_observed_trip,,,-75,true,monitor_source_only
2025-09-21 03:00:00+08,TAIPEI_MAIN,163,101,,,91,,,source_only_no_observed_trip,,,-62,true,monitor_source_only
2025-09-21 03:00:00+08,TPE_AIRPORT,126,66,4,4,4,0,18.700000000000003,observed,1.0,0.0,-60,true,monitor
2025-09-21 03:00:00+08,XIMENDING,165,111,,,94,,,source_only_no_observed_trip,,,-54,true,monitor_source_only
2025-09-21 04:00:00+08,TAIPEI_101,162,119,2,2,2,0,20.1,observed,1.0,0.0,-43,true,review_pickup_reliability
2025-09-21 04:00:00+08,TAIPEI_MAIN,180,105,,,88,,,source_only_no_observed_trip,,,-75,true,monitor_source_only
2025-09-21 04:00:00+08,TPE_AIRPORT,106,95,1,1,1,0,20.0,observed,1.0,0.0,-11,true,monitor
2025-09-21 04:00:00+08,XIMENDING,144,115,,,103,,,source_only_no_observed_trip,,,-29,true,monitor_source_only
2025-09-21 05:00:00+08,TAIPEI_101,128,188,1,1,1,0,22.0,observed,1.0,0.0,60,true,increase_supply_or_pause_send
2025-09-21 05:00:00+08,TAIPEI_MAIN,169,209,,,174,,,source_only_no_observed_trip,,,40,true,monitor_source_only
2025-09-21 05:00:00+08,TPE_AIRPORT,83,121,2,2,2,0,14.9,observed,1.0,0.0,38,true,increase_supply_or_pause_send
2025-09-21 05:00:00+08,XIMENDING,146,180,,,156,,,source_only_no_observed_trip,,,34,true,monitor_source_only
2025-09-21 06:00:00+08,TAIPEI_101,117,149,1,1,1,0,16.0,observed,1.0,0.0,32,true,increase_supply_or_pause_send
2025-09-21 06:00:00+08,TAIPEI_MAIN,144,186,,,141,,,source_only_no_observed_trip,,,42,true,monitor_source_only
2025-09-21 06:00:00+08,TPE_AIRPORT,84,117,8,8,7,1,21.4,observed,1.0,0.125,33,true,increase_supply_or_pause_send
2025-09-21 06:00:00+08,XIMENDING,106,195,,,148,,,source_only_no_observed_trip,,,89,true,monitor_source_only
2025-09-21 07:00:00+08,TAIPEI_101,155,209,2,2,2,0,17.2,observed,1.0,0.0,54,true,increase_supply_or_pause_send
2025-09-21 07:00:00+08,TAIPEI_MAIN,148,138,1,1,1,0,13.0,observed,1.0,0.0,-10,true,monitor
2025-09-21 07:00:00+08,TPE_AIRPORT,96,97,6,6,5,1,18.6,observed,1.0,0.16666666666666666,1,true,monitor
2025-09-21 07:00:00+08,XIMENDING,137,147,1,1,0,1,,observed,1.0,1.0,10,true,monitor
2025-09-21 08:00:00+08,TAIPEI_101,101,214,,,161,,,source_only_no_observed_trip,,,113,true,monitor_source_only
2025-09-21 08:00:00+08,TAIPEI_MAIN,133,198,3,3,3,0,20.0,observed,1.0,0.0,65,true,increase_supply_or_pause_send
2025-09-21 08:00:00+08,TPE_AIRPORT,87,106,12,10,9,3,23.0,observed,0.8333333333333334,0.25,19,true,review_pickup_reliability
2025-09-21 08:00:00+08,XIMENDING,128,175,1,1,1,0,6.0,observed,1.0,0.0,47,true,increase_supply_or_pause_send
2025-09-21 09:00:00+08,TAIPEI_101,144,137,1,1,1,0,19.0,observed,1.0,0.0,-7,true,monitor
2025-09-21 09:00:00+08,TAIPEI_MAIN,192,141,4,4,3,1,17.2,observed,1.0,0.25,-51,true,monitor
2025-09-21 09:00:00+08,TPE_AIRPORT,114,65,6,6,6,0,21.0,observed,1.0,0.0,-49,true,review_pickup_reliability
2025-09-21 09:00:00+08,XIMENDING,160,162,3,3,2,1,18.8,observed,1.0,0.3333333333333333,2,true,monitor
2025-09-21 10:00:00+08,TAIPEI_101,161,115,,,92,,,source_only_no_observed_trip,,,-46,true,monitor_source_only
2025-09-21 10:00:00+08,TAIPEI_MAIN,136,96,,,70,,,source_only_no_observed_trip,,,-40,true,monitor_source_only
2025-09-21 10:00:00+08,TPE_AIRPORT,108,68,4,4,4,0,17.0,observed,1.0,0.0,-40,true,monitor
2025-09-21 10:00:00+08,XIMENDING,123,120,,,89,,,source_only_no_observed_trip,,,-3,true,monitor_source_only
2025-09-21 11:00:00+08,TAIPEI_101,185,116,1,1,1,0,9.0,observed,1.0,0.0,-69,true,monitor
2025-09-21 11:00:00+08,TAIPEI_MAIN,163,88,,,73,,,source_only_no_observed_trip,,,-75,true,monitor_source_only
2025-09-21 11:00:00+08,TPE_AIRPORT,85,42,4,4,4,0,14.5,observed,1.0,0.0,-43,true,monitor
2025-09-21 11:00:00+08,XIMENDING,162,112,,,87,,,source_only_no_observed_trip,,,-50,true,monitor_source_only
2025-09-21 12:00:00+08,TAIPEI_101,159,105,,,80,,,source_only_no_observed_trip,,,-54,true,monitor_source_only
2025-09-21 12:00:00+08,TAIPEI_MAIN,154,102,1,1,1,0,16.0,observed,1.0,0.0,-52,true,monitor
2025-09-21 12:00:00+08,TPE_AIRPORT,108,66,1,1,1,0,14.0,observed,1.0,0.0,-42,true,monitor
2025-09-21 12:00:00+08,XIMENDING,167,135,,,117,,,source_only_no_observed_trip,,,-32,true,monitor_source_only
2025-09-21 13:00:00+08,TAIPEI_101,136,113,1,1,1,0,16.0,observed,1.0,0.0,-23,true,monitor
2025-09-21 13:00:00+08,TAIPEI_MAIN,131,107,2,2,2,0,13.399999999999999,observed,1.0,0.0,-24,true,monitor
2025-09-21 13:00:00+08,TPE_AIRPORT,103,101,5,5,5,0,20.0,observed,1.0,0.0,-2,true,monitor
2025-09-21 13:00:00+08,XIMENDING,179,142,,,116,,,source_only_no_observed_trip,,,-37,true,monitor_source_only
2025-09-21 14:00:00+08,TAIPEI_101,156,147,,,124,,,source_only_no_observed_trip,,,-9,true,monitor_source_only
2025-09-21 14:00:00+08,TAIPEI_MAIN,138,116,,,95,,,source_only_no_observed_trip,,,-22,true,monitor_source_only
2025-09-21 14:00:00+08,TPE_AIRPORT,134,68,3,2,1,2,10.0,observed,0.6666666666666666,0.6666666666666666,-66,true,monitor
2025-09-21 14:00:00+08,XIMENDING,177,75,1,1,1,0,14.0,observed,1.0,0.0,-102,true,monitor
2025-09-21 15:00:00+08,TAIPEI_101,146,90,,,65,,,source_only_no_observed_trip,,,-56,true,monitor_source_only
2025-09-21 15:00:00+08,TAIPEI_MAIN,187,129,1,1,1,0,12.0,observed,1.0,0.0,-58,true,monitor
2025-09-21 15:00:00+08,TPE_AIRPORT,126,77,2,2,2,0,13.799999999999999,observed,1.0,0.0,-49,true,monitor
2025-09-21 15:00:00+08,XIMENDING,163,132,2,2,2,0,9.6,observed,1.0,0.0,-31,true,monitor
2025-09-21 16:00:00+08,TAIPEI_101,151,122,,,98,,,source_only_no_observed_trip,,,-29,true,monitor_source_only
2025-09-21 16:00:00+08,TAIPEI_MAIN,170,106,1,1,1,0,19.0,observed,1.0,0.0,-64,true,monitor
2025-09-21 16:00:00+08,TPE_AIRPORT,102,88,,,73,,,source_only_no_observed_trip,,,-14,true,monitor_source_only
2025-09-21 16:00:00+08,XIMENDING,148,104,,,87,,,source_only_no_observed_trip,,,-44,true,monitor_source_only
2025-09-21 17:00:00+08,TAIPEI_101,168,142,1,1,1,0,13.0,observed,1.0,0.0,-26,true,monitor
2025-09-21 17:00:00+08,TAIPEI_MAIN,145,142,,,108,,,source_only_no_observed_trip,,,-3,true,monitor_source_only
2025-09-21 17:00:00+08,TPE_AIRPORT,121,73,3,3,3,0,22.400000000000002,observed,1.0,0.0,-48,true,review_pickup_reliability
2025-09-21 17:00:00+08,XIMENDING,141,139,1,1,1,0,20.0,observed,1.0,0.0,-2,true,monitor
2025-09-21 18:00:00+08,TAIPEI_101,173,101,1,1,0,1,,observed,1.0,1.0,-72,true,monitor
2025-09-21 18:00:00+08,TAIPEI_MAIN,182,114,1,1,1,0,14.0,observed,1.0,0.0,-68,true,monitor
2025-09-21 18:00:00+08,TPE_AIRPORT,112,98,4,4,4,0,18.1,observed,1.0,0.0,-14,true,monitor
2025-09-21 18:00:00+08,XIMENDING,200,82,1,1,1,0,16.0,observed,1.0,0.0,-118,true,monitor
2025-09-21 19:00:00+08,TAIPEI_101,193,133,1,1,1,0,14.0,observed,1.0,0.0,-60,true,monitor
2025-09-21 19:00:00+08,TAIPEI_MAIN,159,134,3,3,3,0,18.6,observed,1.0,0.0,-25,true,monitor
2025-09-21 19:00:00+08,TPE_AIRPORT,115,31,5,5,4,1,17.900000000000002,observed,1.0,0.2,-84,true,monitor
2025-09-21 19:00:00+08,XIMENDING,171,118,,,95,,,source_only_no_observed_trip,,,-53,true,monitor_source_only
2025-09-21 20:00:00+08,TAIPEI_101,132,166,5,5,5,0,20.0,observed,1.0,0.0,34,true,increase_supply_or_pause_send
2025-09-21 20:00:00+08,TAIPEI_MAIN,108,164,3,3,3,0,19.8,observed,1.0,0.0,56,true,increase_supply_or_pause_send
2025-09-21 20:00:00+08,TPE_AIRPORT,103,174,6,6,6,0,21.5,observed,1.0,0.0,71,true,increase_supply_or_pause_send
2025-09-21 20:00:00+08,XIMENDING,146,173,1,1,0,1,,observed,1.0,1.0,27,true,increase_supply_or_pause_send
2025-09-21 21:00:00+08,TAIPEI_101,156,205,1,1,1,0,19.0,observed,1.0,0.0,49,true,increase_supply_or_pause_send
2025-09-21 21:00:00+08,TAIPEI_MAIN,161,162,1,0,0,1,,observed,0.0,1.0,1,true,monitor
2025-09-21 21:00:00+08,TPE_AIRPORT,94,104,6,6,5,1,16.2,observed,1.0,0.16666666666666666,10,true,monitor
2025-09-21 21:00:00+08,XIMENDING,153,182,,,164,,,source_only_no_observed_trip,,,29,true,monitor_source_only
2025-09-21 22:00:00+08,TAIPEI_101,114,165,,,140,,,source_only_no_observed_trip,,,51,true,monitor_source_only
2025-09-21 22:00:00+08,TAIPEI_MAIN,147,185,,,144,,,source_only_no_observed_trip,,,38,true,monitor_source_only
2025-09-21 22:00:00+08,TPE_AIRPORT,30,91,7,6,5,2,18.6,observed,0.8571428571428571,0.2857142857142857,61,true,increase_supply_or_pause_send
2025-09-21 22:00:00+08,XIMENDING,133,163,1,1,1,0,21.0,observed,1.0,0.0,30,true,increase_supply_or_pause_send
2025-09-21 23:00:00+08,TAIPEI_101,139,225,,,184,,,source_only_no_observed_trip,,,86,true,monitor_source_only
2025-09-21 23:00:00+08,TAIPEI_MAIN,126,181,1,1,0,1,,observed,1.0,1.0,55,true,increase_supply_or_pause_send
2025-09-21 23:00:00+08,TPE_AIRPORT,65,136,11,8,8,3,19.799999999999997,observed,0.7272727272727273,0.2727272727272727,71,true,increase_supply_or_pause_send
2025-09-21 23:00:00+08,XIMENDING,136,199,,,174,,,source_only_no_observed_trip,,,63,true,monitor_source_only
2025-09-22 00:00:00+08,TAIPEI_101,188,90,1,1,1,0,16.0,observed,1.0,0.0,-98,true,monitor
2025-09-22 00:00:00+08,TAIPEI_MAIN,145,74,,,61,,,source_only_no_observed_trip,,,-71,true,monitor_source_only
2025-09-22 00:00:00+08,TPE_AIRPORT,100,84,2,2,2,0,14.4,observed,1.0,0.0,-16,true,monitor
2025-09-22 00:00:00+08,XIMENDING,181,127,,,103,,,source_only_no_observed_trip,,,-54,true,monitor_source_only
2025-09-22 01:00:00+08,TAIPEI_101,151,98,,,80,,,source_only_no_observed_trip,,,-53,true,monitor_source_only
2025-09-22 01:00:00+08,TAIPEI_MAIN,144,103,,,88,,,source_only_no_observed_trip,,,-41,true,monitor_source_only
2025-09-22 01:00:00+08,TPE_AIRPORT,142,102,2,2,2,0,19.6,observed,1.0,0.0,-40,true,monitor
2025-09-22 01:00:00+08,XIMENDING,138,128,,,112,,,source_only_no_observed_trip,,,-10,true,monitor_source_only
2025-09-22 02:00:00+08,TAIPEI_101,126,104,1,1,1,0,14.0,observed,1.0,0.0,-22,true,monitor
2025-09-22 02:00:00+08,TAIPEI_MAIN,170,103,3,2,2,1,17.9,observed,0.6666666666666666,0.3333333333333333,-67,true,monitor
2025-09-22 02:00:00+08,TPE_AIRPORT,108,65,2,2,1,1,13.0,observed,1.0,0.5,-43,true,monitor
2025-09-22 02:00:00+08,XIMENDING,159,150,1,1,1,0,11.0,observed,1.0,0.0,-9,true,monitor
2025-09-22 03:00:00+08,TAIPEI_101,154,144,,,123,,,source_only_no_observed_trip,,,-10,true,monitor_source_only
2025-09-22 03:00:00+08,TAIPEI_MAIN,143,132,,,117,,,source_only_no_observed_trip,,,-11,true,monitor_source_only
2025-09-22 03:00:00+08,TPE_AIRPORT,112,93,,,77,,,source_only_no_observed_trip,,,-19,true,monitor_source_only
2025-09-22 03:00:00+08,XIMENDING,156,120,3,3,3,0,19.799999999999997,observed,1.0,0.0,-36,true,monitor
2025-09-22 04:00:00+08,TAIPEI_101,170,115,1,1,1,0,18.0,observed,1.0,0.0,-55,true,monitor
2025-09-22 04:00:00+08,TAIPEI_MAIN,170,145,1,1,1,0,14.0,observed,1.0,0.0,-25,true,monitor
2025-09-22 04:00:00+08,TPE_AIRPORT,108,58,3,3,3,0,17.2,observed,1.0,0.0,-50,true,monitor
2025-09-22 04:00:00+08,XIMENDING,170,110,1,1,1,0,24.0,observed,1.0,0.0,-60,true,review_pickup_reliability
2025-09-22 05:00:00+08,TAIPEI_101,116,153,,,128,,,source_only_no_observed_trip,,,37,true,monitor_source_only
2025-09-22 05:00:00+08,TAIPEI_MAIN,152,212,2,2,2,0,17.4,observed,1.0,0.0,60,true,increase_supply_or_pause_send
2025-09-22 05:00:00+08,TPE_AIRPORT,96,115,2,2,2,0,20.700000000000003,observed,1.0,0.0,19,true,review_pickup_reliability
2025-09-22 05:00:00+08,XIMENDING,122,165,1,1,1,0,23.0,observed,1.0,0.0,43,true,increase_supply_or_pause_send
2025-09-22 06:00:00+08,TAIPEI_101,95,147,1,1,1,0,22.0,observed,1.0,0.0,52,true,increase_supply_or_pause_send
2025-09-22 06:00:00+08,TAIPEI_MAIN,142,174,,,133,,,source_only_no_observed_trip,,,32,true,monitor_source_only
2025-09-22 06:00:00+08,TPE_AIRPORT,115,116,4,4,3,1,17.4,observed,1.0,0.25,1,true,monitor
2025-09-22 06:00:00+08,XIMENDING,158,170,,,134,,,source_only_no_observed_trip,,,12,true,monitor_source_only
2025-09-22 07:00:00+08,TAIPEI_101,124,156,,,126,,,source_only_no_observed_trip,,,32,true,monitor_source_only
2025-09-22 07:00:00+08,TAIPEI_MAIN,106,214,2,1,0,2,,observed,0.5,1.0,108,true,increase_supply_or_pause_send
2025-09-22 07:00:00+08,TPE_AIRPORT,89,107,10,9,8,2,21.2,observed,0.9,0.2,18,true,review_pickup_reliability
2025-09-22 07:00:00+08,XIMENDING,164,210,1,1,1,0,15.0,observed,1.0,0.0,46,true,increase_supply_or_pause_send
2025-09-22 08:00:00+08,TAIPEI_101,139,199,1,1,1,0,16.0,observed,1.0,0.0,60,true,increase_supply_or_pause_send
2025-09-22 08:00:00+08,TAIPEI_MAIN,93,162,,,136,,,source_only_no_observed_trip,,,69,true,monitor_source_only
2025-09-22 08:00:00+08,TPE_AIRPORT,69,136,7,6,6,1,18.0,observed,0.8571428571428571,0.14285714285714285,67,true,increase_supply_or_pause_send
2025-09-22 08:00:00+08,XIMENDING,142,160,2,2,2,0,12.700000000000001,observed,1.0,0.0,18,true,monitor
2025-09-22 09:00:00+08,TAIPEI_101,141,113,1,0,0,1,,observed,0.0,1.0,-28,true,monitor
2025-09-22 09:00:00+08,TAIPEI_MAIN,162,134,2,2,2,0,19.0,observed,1.0,0.0,-28,true,monitor
2025-09-22 09:00:00+08,TPE_AIRPORT,107,62,5,5,4,1,20.0,observed,1.0,0.2,-45,true,monitor
2025-09-22 09:00:00+08,XIMENDING,161,111,1,1,1,0,8.0,observed,1.0,0.0,-50,true,monitor
2025-09-22 10:00:00+08,TAIPEI_101,169,130,4,4,3,1,20.2,observed,1.0,0.25,-39,true,review_pickup_reliability
2025-09-22 10:00:00+08,TAIPEI_MAIN,161,98,,,84,,,source_only_no_observed_trip,,,-63,true,monitor_source_only
2025-09-22 10:00:00+08,TPE_AIRPORT,119,64,7,6,6,1,19.5,observed,0.8571428571428571,0.14285714285714285,-55,true,monitor
2025-09-22 10:00:00+08,XIMENDING,150,124,2,2,2,0,15.9,observed,1.0,0.0,-26,true,monitor
2025-09-22 11:00:00+08,TAIPEI_101,183,117,,,84,,,source_only_no_observed_trip,,,-66,true,monitor_source_only
2025-09-22 11:00:00+08,TAIPEI_MAIN,169,157,,,135,,,source_only_no_observed_trip,,,-12,true,monitor_source_only
2025-09-22 11:00:00+08,TPE_AIRPORT,110,105,3,3,3,0,20.8,observed,1.0,0.0,-5,true,review_pickup_reliability
2025-09-22 11:00:00+08,XIMENDING,159,144,2,2,2,0,19.4,observed,1.0,0.0,-15,true,monitor
2025-09-22 12:00:00+08,TAIPEI_101,102,110,,,82,,,source_only_no_observed_trip,,,8,true,monitor_source_only
2025-09-22 12:00:00+08,TAIPEI_MAIN,168,111,1,1,1,0,12.0,observed,1.0,0.0,-57,true,monitor
2025-09-22 12:00:00+08,TPE_AIRPORT,105,104,3,3,3,0,22.6,observed,1.0,0.0,-1,true,review_pickup_reliability
2025-09-22 12:00:00+08,XIMENDING,136,91,1,1,1,0,11.0,observed,1.0,0.0,-45,true,monitor
2025-09-22 13:00:00+08,TAIPEI_101,118,128,,,97,,,source_only_no_observed_trip,,,10,true,monitor_source_only
2025-09-22 13:00:00+08,TAIPEI_MAIN,175,88,1,1,0,1,,observed,1.0,1.0,-87,true,monitor
2025-09-22 13:00:00+08,TPE_AIRPORT,145,76,2,2,1,1,11.0,observed,1.0,0.5,-69,true,monitor
2025-09-22 13:00:00+08,XIMENDING,157,92,,,71,,,source_only_no_observed_trip,,,-65,true,monitor_source_only
2025-09-22 14:00:00+08,TAIPEI_101,171,144,,,112,,,source_only_no_observed_trip,,,-27,true,monitor_source_only
2025-09-22 14:00:00+08,TAIPEI_MAIN,172,124,,,95,,,source_only_no_observed_trip,,,-48,true,monitor_source_only
2025-09-22 14:00:00+08,TPE_AIRPORT,103,47,1,1,1,0,23.0,observed,1.0,0.0,-56,true,review_pickup_reliability
2025-09-22 14:00:00+08,XIMENDING,154,90,,,68,,,source_only_no_observed_trip,,,-64,true,monitor_source_only
2025-09-22 15:00:00+08,TAIPEI_101,165,121,,,92,,,source_only_no_observed_trip,,,-44,true,monitor_source_only
2025-09-22 15:00:00+08,TAIPEI_MAIN,164,121,,,88,,,source_only_no_observed_trip,,,-43,true,monitor_source_only
2025-09-22 15:00:00+08,TPE_AIRPORT,116,104,3,3,3,0,22.400000000000002,observed,1.0,0.0,-12,true,review_pickup_reliability
2025-09-22 15:00:00+08,XIMENDING,166,153,,,134,,,source_only_no_observed_trip,,,-13,true,monitor_source_only
2025-09-22 16:00:00+08,TAIPEI_101,132,112,,,82,,,source_only_no_observed_trip,,,-20,true,monitor_source_only
2025-09-22 16:00:00+08,TAIPEI_MAIN,171,112,,,101,,,source_only_no_observed_trip,,,-59,true,monitor_source_only
2025-09-22 16:00:00+08,TPE_AIRPORT,75,63,3,3,3,0,22.400000000000002,observed,1.0,0.0,-12,true,review_pickup_reliability
2025-09-22 16:00:00+08,XIMENDING,177,99,2,2,2,0,18.5,observed,1.0,0.0,-78,true,monitor
2025-09-22 17:00:00+08,TAIPEI_101,130,123,,,96,,,source_only_no_observed_trip,,,-7,true,monitor_source_only
2025-09-22 17:00:00+08,TAIPEI_MAIN,133,115,2,2,2,0,18.700000000000003,observed,1.0,0.0,-18,true,monitor
2025-09-22 17:00:00+08,TPE_AIRPORT,114,39,4,4,4,0,20.8,observed,1.0,0.0,-75,true,review_pickup_reliability
2025-09-22 17:00:00+08,XIMENDING,154,110,,,97,,,source_only_no_observed_trip,,,-44,true,monitor_source_only
2025-09-22 18:00:00+08,TAIPEI_101,162,137,2,2,2,0,20.200000000000003,observed,1.0,0.0,-25,true,review_pickup_reliability
2025-09-22 18:00:00+08,TAIPEI_MAIN,175,86,1,1,1,0,18.0,observed,1.0,0.0,-89,true,monitor
2025-09-22 18:00:00+08,TPE_AIRPORT,98,78,3,3,2,1,17.2,observed,1.0,0.3333333333333333,-20,true,monitor
2025-09-22 18:00:00+08,XIMENDING,175,127,2,1,1,1,12.0,observed,0.5,0.5,-48,true,monitor
2025-09-22 19:00:00+08,TAIPEI_101,139,96,3,3,3,0,16.0,observed,1.0,0.0,-43,true,monitor
2025-09-22 19:00:00+08,TAIPEI_MAIN,194,117,2,2,2,0,21.0,observed,1.0,0.0,-77,true,review_pickup_reliability
2025-09-22 19:00:00+08,TPE_AIRPORT,85,113,4,3,3,1,16.8,observed,0.75,0.25,28,true,increase_supply_or_pause_send
2025-09-22 19:00:00+08,XIMENDING,162,65,4,4,4,0,18.8,observed,1.0,0.0,-97,true,monitor
2025-09-22 20:00:00+08,TAIPEI_101,130,167,1,1,1,0,17.0,observed,1.0,0.0,37,true,increase_supply_or_pause_send
2025-09-22 20:00:00+08,TAIPEI_MAIN,121,167,1,1,1,0,12.0,observed,1.0,0.0,46,true,increase_supply_or_pause_send
2025-09-22 20:00:00+08,TPE_AIRPORT,61,132,3,3,3,0,21.0,observed,1.0,0.0,71,true,increase_supply_or_pause_send
2025-09-22 20:00:00+08,XIMENDING,134,207,,,168,,,source_only_no_observed_trip,,,73,true,monitor_source_only
2025-09-22 21:00:00+08,TAIPEI_101,127,185,,,139,,,source_only_no_observed_trip,,,58,true,monitor_source_only
2025-09-22 21:00:00+08,TAIPEI_MAIN,133,180,1,1,1,0,16.0,observed,1.0,0.0,47,true,increase_supply_or_pause_send
2025-09-22 21:00:00+08,TPE_AIRPORT,81,130,6,6,5,1,18.6,observed,1.0,0.16666666666666666,49,true,increase_supply_or_pause_send
2025-09-22 21:00:00+08,XIMENDING,126,183,1,1,1,0,10.0,observed,1.0,0.0,57,true,increase_supply_or_pause_send
2025-09-22 22:00:00+08,TAIPEI_101,149,215,,,165,,,source_only_no_observed_trip,,,66,true,monitor_source_only
2025-09-22 22:00:00+08,TAIPEI_MAIN,144,177,,,135,,,source_only_no_observed_trip,,,33,true,monitor_source_only
2025-09-22 22:00:00+08,TPE_AIRPORT,110,143,1,1,1,0,19.0,observed,1.0,0.0,33,true,increase_supply_or_pause_send
2025-09-22 22:00:00+08,XIMENDING,120,184,1,1,1,0,16.0,observed,1.0,0.0,64,true,increase_supply_or_pause_send
2025-09-22 23:00:00+08,TAIPEI_101,145,131,2,2,2,0,14.3,observed,1.0,0.0,-14,true,monitor
2025-09-22 23:00:00+08,TAIPEI_MAIN,160,169,,,150,,,source_only_no_observed_trip,,,9,true,monitor_source_only
2025-09-22 23:00:00+08,TPE_AIRPORT,77,135,6,6,6,0,20.5,observed,1.0,0.0,58,true,increase_supply_or_pause_send
2025-09-22 23:00:00+08,XIMENDING,142,174,,,150,,,source_only_no_observed_trip,,,32,true,monitor_source_only
2025-09-23 00:00:00+08,TAIPEI_101,155,79,1,1,1,0,21.0,observed,1.0,0.0,-76,true,review_pickup_reliability
2025-09-23 00:00:00+08,TAIPEI_MAIN,150,122,,,95,,,source_only_no_observed_trip,,,-28,true,monitor_source_only
2025-09-23 00:00:00+08,TPE_AIRPORT,112,74,7,7,7,0,19.4,observed,1.0,0.0,-38,true,monitor
2025-09-23 00:00:00+08,XIMENDING,135,118,,,100,,,source_only_no_observed_trip,,,-17,true,monitor_source_only
2025-09-23 01:00:00+08,TAIPEI_101,129,113,1,1,1,0,22.0,observed,1.0,0.0,-16,true,review_pickup_reliability
2025-09-23 01:00:00+08,TAIPEI_MAIN,193,83,2,2,2,0,20.1,observed,1.0,0.0,-110,true,review_pickup_reliability
2025-09-23 01:00:00+08,TPE_AIRPORT,111,93,3,3,3,0,19.8,observed,1.0,0.0,-18,true,monitor
2025-09-23 01:00:00+08,XIMENDING,173,151,1,1,0,1,,observed,1.0,1.0,-22,true,monitor
2025-09-23 02:00:00+08,TAIPEI_101,182,83,,,59,,,source_only_no_observed_trip,,,-99,true,monitor_source_only
2025-09-23 02:00:00+08,TAIPEI_MAIN,161,136,,,116,,,source_only_no_observed_trip,,,-25,true,monitor_source_only
2025-09-23 02:00:00+08,TPE_AIRPORT,87,141,1,1,1,0,19.0,observed,1.0,0.0,54,true,increase_supply_or_pause_send
2025-09-23 02:00:00+08,XIMENDING,179,105,,,95,,,source_only_no_observed_trip,,,-74,true,monitor_source_only
2025-09-23 03:00:00+08,TAIPEI_101,170,115,,,103,,,source_only_no_observed_trip,,,-55,true,monitor_source_only
2025-09-23 03:00:00+08,TAIPEI_MAIN,136,126,2,2,2,0,19.1,observed,1.0,0.0,-10,true,monitor
2025-09-23 03:00:00+08,TPE_AIRPORT,87,102,10,10,10,0,20.4,observed,1.0,0.0,15,true,review_pickup_reliability
2025-09-23 03:00:00+08,XIMENDING,168,115,,,96,,,source_only_no_observed_trip,,,-53,true,monitor_source_only
2025-09-23 04:00:00+08,TAIPEI_101,134,107,,,84,,,source_only_no_observed_trip,,,-27,true,monitor_source_only
2025-09-23 04:00:00+08,TAIPEI_MAIN,169,102,,,76,,,source_only_no_observed_trip,,,-67,true,monitor_source_only
2025-09-23 04:00:00+08,TPE_AIRPORT,134,61,3,2,1,2,13.0,observed,0.6666666666666666,0.6666666666666666,-73,true,monitor
2025-09-23 04:00:00+08,XIMENDING,159,126,,,92,,,source_only_no_observed_trip,,,-33,true,monitor_source_only
2025-09-23 05:00:00+08,TAIPEI_101,166,152,,,116,,,source_only_no_observed_trip,,,-14,true,monitor_source_only
2025-09-23 05:00:00+08,TAIPEI_MAIN,140,166,1,1,1,0,20.0,observed,1.0,0.0,26,true,increase_supply_or_pause_send
2025-09-23 05:00:00+08,TPE_AIRPORT,105,157,4,4,4,0,15.7,observed,1.0,0.0,52,true,increase_supply_or_pause_send
2025-09-23 05:00:00+08,XIMENDING,139,182,,,144,,,source_only_no_observed_trip,,,43,true,monitor_source_only
2025-09-23 06:00:00+08,TAIPEI_101,145,158,1,1,1,0,17.0,observed,1.0,0.0,13,true,monitor
2025-09-23 06:00:00+08,TAIPEI_MAIN,146,155,,,140,,,source_only_no_observed_trip,,,9,true,monitor_source_only
2025-09-23 06:00:00+08,TPE_AIRPORT,75,145,8,8,7,1,21.200000000000003,observed,1.0,0.125,70,true,increase_supply_or_pause_send
2025-09-23 06:00:00+08,XIMENDING,164,169,,,152,,,source_only_no_observed_trip,,,5,true,monitor_source_only
2025-09-23 07:00:00+08,TAIPEI_101,121,212,4,3,3,1,19.599999999999998,observed,0.75,0.25,91,true,increase_supply_or_pause_send
2025-09-23 07:00:00+08,TAIPEI_MAIN,115,145,2,2,1,1,13.0,observed,1.0,0.5,30,true,increase_supply_or_pause_send
2025-09-23 07:00:00+08,TPE_AIRPORT,87,163,10,9,9,1,22.4,observed,0.9,0.1,76,true,increase_supply_or_pause_send
2025-09-23 07:00:00+08,XIMENDING,159,185,3,3,3,0,18.6,observed,1.0,0.0,26,true,increase_supply_or_pause_send
2025-09-23 08:00:00+08,TAIPEI_101,146,183,2,1,1,1,9.0,observed,0.5,0.5,37,true,increase_supply_or_pause_send
2025-09-23 08:00:00+08,TAIPEI_MAIN,140,220,2,2,2,0,15.9,observed,1.0,0.0,80,true,increase_supply_or_pause_send
2025-09-23 08:00:00+08,TPE_AIRPORT,57,142,7,7,7,0,19.0,observed,1.0,0.0,85,true,increase_supply_or_pause_send
2025-09-23 08:00:00+08,XIMENDING,141,228,3,3,3,0,17.0,observed,1.0,0.0,87,true,increase_supply_or_pause_send
2025-09-23 09:00:00+08,TAIPEI_101,149,101,,,90,,,source_only_no_observed_trip,,,-48,true,monitor_source_only
2025-09-23 09:00:00+08,TAIPEI_MAIN,175,87,1,1,0,1,,observed,1.0,1.0,-88,true,monitor
2025-09-23 09:00:00+08,TPE_AIRPORT,123,89,3,3,3,0,10.4,observed,1.0,0.0,-34,true,monitor
2025-09-23 09:00:00+08,XIMENDING,158,98,2,2,1,1,20.0,observed,1.0,0.5,-60,true,monitor
2025-09-23 10:00:00+08,TAIPEI_101,187,79,,,68,,,source_only_no_observed_trip,,,-108,true,monitor_source_only
2025-09-23 10:00:00+08,TAIPEI_MAIN,149,110,,,99,,,source_only_no_observed_trip,,,-39,true,monitor_source_only
2025-09-23 10:00:00+08,TPE_AIRPORT,100,46,3,3,3,0,17.6,observed,1.0,0.0,-54,true,monitor
2025-09-23 10:00:00+08,XIMENDING,176,111,,,90,,,source_only_no_observed_trip,,,-65,true,monitor_source_only
2025-09-23 11:00:00+08,TAIPEI_101,157,106,,,81,,,source_only_no_observed_trip,,,-51,true,monitor_source_only
2025-09-23 11:00:00+08,TAIPEI_MAIN,178,89,1,1,1,0,18.0,observed,1.0,0.0,-89,true,monitor
2025-09-23 11:00:00+08,TPE_AIRPORT,109,123,4,4,4,0,16.0,observed,1.0,0.0,14,true,monitor
2025-09-23 11:00:00+08,XIMENDING,152,160,2,2,2,0,19.2,observed,1.0,0.0,8,true,monitor
2025-09-23 12:00:00+08,TAIPEI_101,145,76,,,58,,,source_only_no_observed_trip,,,-69,true,monitor_source_only
2025-09-23 12:00:00+08,TAIPEI_MAIN,123,118,,,86,,,source_only_no_observed_trip,,,-5,true,monitor_source_only
2025-09-23 12:00:00+08,TPE_AIRPORT,116,91,1,1,0,1,,observed,1.0,1.0,-25,true,monitor
2025-09-23 12:00:00+08,XIMENDING,142,120,1,1,0,1,,observed,1.0,1.0,-22,true,monitor
2025-09-23 13:00:00+08,TAIPEI_101,154,116,1,1,1,0,20.0,observed,1.0,0.0,-38,true,monitor
2025-09-23 13:00:00+08,TAIPEI_MAIN,158,107,,,95,,,source_only_no_observed_trip,,,-51,true,monitor_source_only
2025-09-23 13:00:00+08,TPE_AIRPORT,104,75,,,61,,,source_only_no_observed_trip,,,-29,true,monitor_source_only
2025-09-23 13:00:00+08,XIMENDING,143,102,3,2,2,1,19.7,observed,0.6666666666666666,0.3333333333333333,-41,true,monitor
2025-09-23 14:00:00+08,TAIPEI_101,163,109,,,91,,,source_only_no_observed_trip,,,-54,true,monitor_source_only
2025-09-23 14:00:00+08,TAIPEI_MAIN,119,106,,,76,,,source_only_no_observed_trip,,,-13,true,monitor_source_only
2025-09-23 14:00:00+08,TPE_AIRPORT,106,92,1,1,1,0,17.0,observed,1.0,0.0,-14,true,monitor
2025-09-23 14:00:00+08,XIMENDING,133,123,,,108,,,source_only_no_observed_trip,,,-10,true,monitor_source_only
2025-09-23 15:00:00+08,TAIPEI_101,166,127,,,112,,,source_only_no_observed_trip,,,-39,true,monitor_source_only
2025-09-23 15:00:00+08,TAIPEI_MAIN,188,162,,,144,,,source_only_no_observed_trip,,,-26,true,monitor_source_only
2025-09-23 15:00:00+08,TPE_AIRPORT,118,69,5,5,5,0,15.2,observed,1.0,0.0,-49,true,monitor
2025-09-23 15:00:00+08,XIMENDING,163,110,1,1,1,0,8.0,observed,1.0,0.0,-53,true,monitor
2025-09-23 16:00:00+08,TAIPEI_101,150,89,1,1,1,0,12.0,observed,1.0,0.0,-61,true,monitor
2025-09-23 16:00:00+08,TAIPEI_MAIN,131,111,,,88,,,source_only_no_observed_trip,,,-20,true,monitor_source_only
2025-09-23 16:00:00+08,TPE_AIRPORT,106,85,1,1,1,0,11.0,observed,1.0,0.0,-21,true,monitor
2025-09-23 16:00:00+08,XIMENDING,132,142,2,2,2,0,20.5,observed,1.0,0.0,10,true,review_pickup_reliability
2025-09-23 17:00:00+08,TAIPEI_101,161,151,2,2,2,0,10.8,observed,1.0,0.0,-10,true,monitor
2025-09-23 17:00:00+08,TAIPEI_MAIN,169,107,2,1,1,1,21.0,observed,0.5,0.5,-62,true,review_pickup_reliability
2025-09-23 17:00:00+08,TPE_AIRPORT,108,46,1,1,1,0,17.0,observed,1.0,0.0,-62,true,monitor
2025-09-23 17:00:00+08,XIMENDING,171,106,2,2,2,0,17.9,observed,1.0,0.0,-65,true,monitor
2025-09-23 18:00:00+08,TAIPEI_101,178,98,,,86,,,source_only_no_observed_trip,,,-80,true,monitor_source_only
2025-09-23 18:00:00+08,TAIPEI_MAIN,155,130,2,2,2,0,14.6,observed,1.0,0.0,-25,true,monitor
2025-09-23 18:00:00+08,TPE_AIRPORT,115,94,3,2,2,1,16.6,observed,0.6666666666666666,0.3333333333333333,-21,true,monitor
2025-09-23 18:00:00+08,XIMENDING,148,118,1,1,1,0,7.0,observed,1.0,0.0,-30,true,monitor
2025-09-23 19:00:00+08,TAIPEI_101,165,174,3,3,3,0,16.8,observed,1.0,0.0,9,true,monitor
2025-09-23 19:00:00+08,TAIPEI_MAIN,178,102,3,3,3,0,16.6,observed,1.0,0.0,-76,true,monitor
2025-09-23 19:00:00+08,TPE_AIRPORT,112,75,3,3,3,0,14.799999999999999,observed,1.0,0.0,-37,true,monitor
2025-09-23 19:00:00+08,XIMENDING,171,107,,,94,,,source_only_no_observed_trip,,,-64,true,monitor_source_only
2025-09-23 20:00:00+08,TAIPEI_101,128,170,1,1,1,0,13.0,observed,1.0,0.0,42,true,increase_supply_or_pause_send
2025-09-23 20:00:00+08,TAIPEI_MAIN,138,152,2,2,2,0,20.5,observed,1.0,0.0,14,true,review_pickup_reliability
2025-09-23 20:00:00+08,TPE_AIRPORT,83,134,,,113,,,source_only_no_observed_trip,,,51,true,monitor_source_only
2025-09-23 20:00:00+08,XIMENDING,161,178,2,1,1,1,24.0,observed,0.5,0.5,17,true,review_pickup_reliability
2025-09-23 21:00:00+08,TAIPEI_101,141,207,,,165,,,source_only_no_observed_trip,,,66,true,monitor_source_only
2025-09-23 21:00:00+08,TAIPEI_MAIN,120,165,1,1,1,0,10.0,observed,1.0,0.0,45,true,increase_supply_or_pause_send
2025-09-23 21:00:00+08,TPE_AIRPORT,101,152,5,5,3,2,16.0,observed,1.0,0.4,51,true,increase_supply_or_pause_send
2025-09-23 21:00:00+08,XIMENDING,155,181,1,1,1,0,17.0,observed,1.0,0.0,26,true,increase_supply_or_pause_send
2025-09-23 22:00:00+08,TAIPEI_101,167,196,1,1,1,0,7.0,observed,1.0,0.0,29,true,increase_supply_or_pause_send
2025-09-23 22:00:00+08,TAIPEI_MAIN,132,187,2,2,2,0,20.400000000000002,observed,1.0,0.0,55,true,increase_supply_or_pause_send
2025-09-23 22:00:00+08,TPE_AIRPORT,94,153,4,4,4,0,20.0,observed,1.0,0.0,59,true,increase_supply_or_pause_send
2025-09-23 22:00:00+08,XIMENDING,120,194,,,168,,,source_only_no_observed_trip,,,74,true,monitor_source_only
2025-09-23 23:00:00+08,TAIPEI_101,152,153,1,0,0,1,,observed,0.0,1.0,1,true,monitor
2025-09-23 23:00:00+08,TAIPEI_MAIN,127,199,1,1,1,0,13.0,observed,1.0,0.0,72,true,increase_supply_or_pause_send
2025-09-23 23:00:00+08,TPE_AIRPORT,88,118,12,10,8,4,17.2,observed,0.8333333333333334,0.3333333333333333,30,true,increase_supply_or_pause_send
2025-09-23 23:00:00+08,XIMENDING,150,163,3,3,3,0,17.6,observed,1.0,0.0,13,true,monitor
2025-09-24 00:00:00+08,TAIPEI_101,140,148,1,1,1,0,14.0,observed,1.0,0.0,8,true,monitor
2025-09-24 00:00:00+08,TAIPEI_MAIN,152,122,1,1,1,0,14.0,observed,1.0,0.0,-30,true,monitor
2025-09-24 00:00:00+08,TPE_AIRPORT,111,51,6,6,6,0,20.0,observed,1.0,0.0,-60,true,monitor
2025-09-24 00:00:00+08,XIMENDING,191,132,,,106,,,source_only_no_observed_trip,,,-59,true,monitor_source_only
2025-09-24 01:00:00+08,TAIPEI_101,121,126,1,1,1,0,18.0,observed,1.0,0.0,5,true,monitor
2025-09-24 01:00:00+08,TAIPEI_MAIN,156,151,1,0,0,1,,observed,0.0,1.0,-5,true,monitor
2025-09-24 01:00:00+08,TPE_AIRPORT,98,40,4,3,3,1,17.8,observed,0.75,0.25,-58,true,monitor
2025-09-24 01:00:00+08,XIMENDING,174,112,,,92,,,source_only_no_observed_trip,,,-62,true,monitor_source_only
2025-09-24 02:00:00+08,TAIPEI_101,117,94,,,80,,,source_only_no_observed_trip,,,-23,true,monitor_source_only
2025-09-24 02:00:00+08,TAIPEI_MAIN,161,139,2,2,2,0,20.400000000000002,observed,1.0,0.0,-22,true,review_pickup_reliability
2025-09-24 02:00:00+08,TPE_AIRPORT,104,81,1,1,1,0,11.0,observed,1.0,0.0,-23,true,monitor
2025-09-24 02:00:00+08,XIMENDING,177,112,,,90,,,source_only_no_observed_trip,,,-65,true,monitor_source_only
2025-09-24 03:00:00+08,TAIPEI_101,155,139,,,124,,,source_only_no_observed_trip,,,-16,true,monitor_source_only
2025-09-24 03:00:00+08,TAIPEI_MAIN,176,92,,,77,,,source_only_no_observed_trip,,,-84,true,monitor_source_only
2025-09-24 03:00:00+08,TPE_AIRPORT,138,79,1,1,1,0,16.0,observed,1.0,0.0,-59,true,monitor
2025-09-24 03:00:00+08,XIMENDING,180,153,,,115,,,source_only_no_observed_trip,,,-27,true,monitor_source_only
2025-09-24 04:00:00+08,TAIPEI_101,157,123,1,1,1,0,16.0,observed,1.0,0.0,-34,true,monitor
2025-09-24 04:00:00+08,TAIPEI_MAIN,167,139,1,1,1,0,9.0,observed,1.0,0.0,-28,true,monitor
2025-09-24 04:00:00+08,TPE_AIRPORT,127,73,4,4,4,0,15.7,observed,1.0,0.0,-54,true,monitor
2025-09-24 04:00:00+08,XIMENDING,114,158,2,2,2,0,21.9,observed,1.0,0.0,44,true,increase_supply_or_pause_send
2025-09-24 05:00:00+08,TAIPEI_101,138,214,,,187,,,source_only_no_observed_trip,,,76,true,monitor_source_only
2025-09-24 05:00:00+08,TAIPEI_MAIN,115,208,,,187,,,source_only_no_observed_trip,,,93,true,monitor_source_only
2025-09-24 05:00:00+08,TPE_AIRPORT,91,145,4,4,4,0,14.400000000000002,observed,1.0,0.0,54,true,increase_supply_or_pause_send
2025-09-24 05:00:00+08,XIMENDING,146,203,,,148,,,source_only_no_observed_trip,,,57,true,monitor_source_only
2025-09-24 06:00:00+08,TAIPEI_101,137,191,2,2,2,0,12.0,observed,1.0,0.0,54,true,increase_supply_or_pause_send
2025-09-24 06:00:00+08,TAIPEI_MAIN,142,172,1,0,0,1,,observed,0.0,1.0,30,true,increase_supply_or_pause_send
2025-09-24 06:00:00+08,TPE_AIRPORT,98,148,6,6,5,1,15.0,observed,1.0,0.16666666666666666,50,true,increase_supply_or_pause_send
2025-09-24 06:00:00+08,XIMENDING,167,199,,,168,,,source_only_no_observed_trip,,,32,true,monitor_source_only
2025-09-24 07:00:00+08,TAIPEI_101,145,185,,,147,,,source_only_no_observed_trip,,,40,true,monitor_source_only
2025-09-24 07:00:00+08,TAIPEI_MAIN,133,195,1,1,1,0,13.0,observed,1.0,0.0,62,true,increase_supply_or_pause_send
2025-09-24 07:00:00+08,TPE_AIRPORT,75,118,8,8,8,0,21.599999999999998,observed,1.0,0.0,43,true,increase_supply_or_pause_send
2025-09-24 07:00:00+08,XIMENDING,128,148,2,2,2,0,12.600000000000001,observed,1.0,0.0,20,true,monitor
2025-09-24 08:00:00+08,TAIPEI_101,139,186,3,3,3,0,14.399999999999999,observed,1.0,0.0,47,true,increase_supply_or_pause_send
2025-09-24 08:00:00+08,TAIPEI_MAIN,183,185,1,1,1,0,9.0,observed,1.0,0.0,2,true,monitor
2025-09-24 08:00:00+08,TPE_AIRPORT,81,122,6,6,4,2,18.700000000000003,observed,1.0,0.3333333333333333,41,true,increase_supply_or_pause_send
2025-09-24 08:00:00+08,XIMENDING,118,195,1,0,0,1,,observed,0.0,1.0,77,true,increase_supply_or_pause_send
2025-09-24 09:00:00+08,TAIPEI_101,144,157,,,115,,,source_only_no_observed_trip,,,13,true,monitor_source_only
2025-09-24 09:00:00+08,TAIPEI_MAIN,166,86,2,1,1,1,14.0,observed,0.5,0.5,-80,true,monitor
2025-09-24 09:00:00+08,TPE_AIRPORT,122,97,13,12,10,3,20.0,observed,0.9230769230769231,0.23076923076923078,-25,true,monitor
2025-09-24 09:00:00+08,XIMENDING,142,107,2,2,2,0,17.7,observed,1.0,0.0,-35,true,monitor
2025-09-24 10:00:00+08,TAIPEI_101,168,39,,,29,,,source_only_no_observed_trip,,,-129,true,monitor_source_only
2025-09-24 10:00:00+08,TAIPEI_MAIN,123,136,,,123,,,source_only_no_observed_trip,,,13,true,monitor_source_only
2025-09-24 10:00:00+08,TPE_AIRPORT,125,92,6,5,5,1,21.4,observed,0.8333333333333334,0.16666666666666666,-33,true,review_pickup_reliability
2025-09-24 10:00:00+08,XIMENDING,134,128,1,1,1,0,13.0,observed,1.0,0.0,-6,true,monitor
2025-09-24 11:00:00+08,TAIPEI_101,171,141,2,2,2,0,16.8,observed,1.0,0.0,-30,true,monitor
2025-09-24 11:00:00+08,TAIPEI_MAIN,157,102,2,2,1,1,15.0,observed,1.0,0.5,-55,true,monitor
2025-09-24 11:00:00+08,TPE_AIRPORT,89,74,4,3,3,1,17.6,observed,0.75,0.25,-15,true,monitor
2025-09-24 11:00:00+08,XIMENDING,156,119,,,103,,,source_only_no_observed_trip,,,-37,true,monitor_source_only
2025-09-24 12:00:00+08,TAIPEI_101,145,113,1,1,1,0,15.0,observed,1.0,0.0,-32,true,monitor
2025-09-24 12:00:00+08,TAIPEI_MAIN,134,135,1,1,1,0,12.0,observed,1.0,0.0,1,true,monitor
2025-09-24 12:00:00+08,TPE_AIRPORT,90,64,1,1,1,0,20.0,observed,1.0,0.0,-26,true,monitor
2025-09-24 12:00:00+08,XIMENDING,168,126,,,100,,,source_only_no_observed_trip,,,-42,true,monitor_source_only
2025-09-24 13:00:00+08,TAIPEI_101,156,112,1,1,1,0,12.0,observed,1.0,0.0,-44,true,monitor
2025-09-24 13:00:00+08,TAIPEI_MAIN,187,96,,,74,,,source_only_no_observed_trip,,,-91,true,monitor_source_only
2025-09-24 13:00:00+08,TPE_AIRPORT,119,30,2,1,1,1,14.0,observed,0.5,0.5,-89,true,monitor
2025-09-24 13:00:00+08,XIMENDING,144,95,,,77,,,source_only_no_observed_trip,,,-49,true,monitor_source_only
2025-09-24 14:00:00+08,TAIPEI_101,151,98,,,83,,,source_only_no_observed_trip,,,-53,true,monitor_source_only
2025-09-24 14:00:00+08,TAIPEI_MAIN,173,130,3,3,3,0,17.4,observed,1.0,0.0,-43,true,monitor
2025-09-24 14:00:00+08,TPE_AIRPORT,117,72,2,2,2,0,19.1,observed,1.0,0.0,-45,true,monitor
2025-09-24 14:00:00+08,XIMENDING,170,119,,,85,,,source_only_no_observed_trip,,,-51,true,monitor_source_only
2025-09-24 15:00:00+08,TAIPEI_101,134,128,3,3,2,1,18.8,observed,1.0,0.3333333333333333,-6,true,monitor
2025-09-24 15:00:00+08,TAIPEI_MAIN,159,84,1,1,1,0,20.0,observed,1.0,0.0,-75,true,monitor
2025-09-24 15:00:00+08,TPE_AIRPORT,99,106,2,2,2,0,16.0,observed,1.0,0.0,7,true,monitor
2025-09-24 15:00:00+08,XIMENDING,199,112,1,1,1,0,16.0,observed,1.0,0.0,-87,true,monitor
2025-09-24 16:00:00+08,TAIPEI_101,142,71,1,1,1,0,13.0,observed,1.0,0.0,-71,true,monitor
2025-09-24 16:00:00+08,TAIPEI_MAIN,170,127,1,1,0,1,,observed,1.0,1.0,-43,true,monitor
2025-09-24 16:00:00+08,TPE_AIRPORT,132,101,5,5,5,0,22.4,observed,1.0,0.0,-31,true,review_pickup_reliability
2025-09-24 16:00:00+08,XIMENDING,166,109,1,1,1,0,11.0,observed,1.0,0.0,-57,true,monitor
2025-09-24 17:00:00+08,TAIPEI_101,159,115,2,2,2,0,8.899999999999999,observed,1.0,0.0,-44,true,monitor
2025-09-24 17:00:00+08,TAIPEI_MAIN,177,124,1,1,1,0,6.0,observed,1.0,0.0,-53,true,monitor
2025-09-24 17:00:00+08,TPE_AIRPORT,116,88,1,1,1,0,14.0,observed,1.0,0.0,-28,true,monitor
2025-09-24 17:00:00+08,XIMENDING,159,131,2,2,2,0,17.599999999999998,observed,1.0,0.0,-28,true,monitor
2025-09-24 18:00:00+08,TAIPEI_101,152,112,1,1,1,0,23.0,observed,1.0,0.0,-40,true,review_pickup_reliability
2025-09-24 18:00:00+08,TAIPEI_MAIN,175,86,1,1,1,0,10.0,observed,1.0,0.0,-89,true,monitor
2025-09-24 18:00:00+08,TPE_AIRPORT,119,103,2,2,2,0,14.4,observed,1.0,0.0,-16,true,monitor
2025-09-24 18:00:00+08,XIMENDING,183,86,1,1,1,0,11.0,observed,1.0,0.0,-97,true,monitor
2025-09-24 19:00:00+08,TAIPEI_101,157,123,1,1,1,0,18.0,observed,1.0,0.0,-34,true,monitor
2025-09-24 19:00:00+08,TAIPEI_MAIN,166,126,,,91,,,source_only_no_observed_trip,,,-40,true,monitor_source_only
2025-09-24 19:00:00+08,TPE_AIRPORT,113,44,3,3,2,1,19.1,observed,1.0,0.3333333333333333,-69,true,monitor
2025-09-24 19:00:00+08,XIMENDING,154,140,2,2,1,1,19.0,observed,1.0,0.5,-14,true,monitor
2025-09-24 20:00:00+08,TAIPEI_101,106,181,1,1,1,0,15.0,observed,1.0,0.0,75,true,increase_supply_or_pause_send
2025-09-24 20:00:00+08,TAIPEI_MAIN,153,227,,,176,,,source_only_no_observed_trip,,,74,true,monitor_source_only
2025-09-24 20:00:00+08,TPE_AIRPORT,67,117,4,4,4,0,11.100000000000001,observed,1.0,0.0,50,true,increase_supply_or_pause_send
2025-09-24 20:00:00+08,XIMENDING,125,176,,,145,,,source_only_no_observed_trip,,,51,true,monitor_source_only
2025-09-24 21:00:00+08,TAIPEI_101,122,217,,,168,,,source_only_no_observed_trip,,,95,true,monitor_source_only
2025-09-24 21:00:00+08,TAIPEI_MAIN,163,165,,,147,,,source_only_no_observed_trip,,,2,true,monitor_source_only
2025-09-24 21:00:00+08,TPE_AIRPORT,68,115,7,4,4,3,18.8,observed,0.5714285714285714,0.42857142857142855,47,true,increase_supply_or_pause_send
2025-09-24 21:00:00+08,XIMENDING,147,154,,,115,,,source_only_no_observed_trip,,,7,true,monitor_source_only
2025-09-24 22:00:00+08,TAIPEI_101,141,182,1,1,1,0,11.0,observed,1.0,0.0,41,true,increase_supply_or_pause_send
2025-09-24 22:00:00+08,TAIPEI_MAIN,154,157,,,121,,,source_only_no_observed_trip,,,3,true,monitor_source_only
2025-09-24 22:00:00+08,TPE_AIRPORT,65,111,8,8,8,0,18.0,observed,1.0,0.0,46,true,increase_supply_or_pause_send
2025-09-24 22:00:00+08,XIMENDING,127,170,,,129,,,source_only_no_observed_trip,,,43,true,monitor_source_only
2025-09-24 23:00:00+08,TAIPEI_101,141,158,,,143,,,source_only_no_observed_trip,,,17,true,monitor_source_only
2025-09-24 23:00:00+08,TAIPEI_MAIN,94,185,1,1,1,0,16.0,observed,1.0,0.0,91,true,increase_supply_or_pause_send
2025-09-24 23:00:00+08,TPE_AIRPORT,66,150,7,7,7,0,19.8,observed,1.0,0.0,84,true,increase_supply_or_pause_send
2025-09-24 23:00:00+08,XIMENDING,149,186,1,1,1,0,17.0,observed,1.0,0.0,37,true,increase_supply_or_pause_send
2025-09-25 00:00:00+08,TAIPEI_101,176,77,1,1,1,0,16.0,observed,1.0,0.0,-99,true,monitor
2025-09-25 00:00:00+08,TAIPEI_MAIN,149,121,,,100,,,source_only_no_observed_trip,,,-28,true,monitor_source_only
2025-09-25 00:00:00+08,TPE_AIRPORT,92,99,5,4,4,1,19.2,observed,0.8,0.2,7,true,monitor
2025-09-25 00:00:00+08,XIMENDING,170,155,,,129,,,source_only_no_observed_trip,,,-15,true,monitor_source_only
2025-09-25 01:00:00+08,TAIPEI_101,178,134,2,2,1,1,21.0,observed,1.0,0.5,-44,true,review_pickup_reliability
2025-09-25 01:00:00+08,TAIPEI_MAIN,146,110,,,81,,,source_only_no_observed_trip,,,-36,true,monitor_source_only
2025-09-25 01:00:00+08,TPE_AIRPORT,118,71,2,2,2,0,14.1,observed,1.0,0.0,-47,true,monitor
2025-09-25 01:00:00+08,XIMENDING,164,143,2,2,2,0,15.8,observed,1.0,0.0,-21,true,monitor
2025-09-25 02:00:00+08,TAIPEI_101,175,99,,,86,,,source_only_no_observed_trip,,,-76,true,monitor_source_only
2025-09-25 02:00:00+08,TAIPEI_MAIN,149,92,3,3,3,0,19.8,observed,1.0,0.0,-57,true,monitor
2025-09-25 02:00:00+08,TPE_AIRPORT,139,64,5,5,5,0,21.6,observed,1.0,0.0,-75,true,review_pickup_reliability
2025-09-25 02:00:00+08,XIMENDING,152,104,,,76,,,source_only_no_observed_trip,,,-48,true,monitor_source_only
2025-09-25 03:00:00+08,TAIPEI_101,188,88,1,0,0,1,,observed,0.0,1.0,-100,true,monitor
2025-09-25 03:00:00+08,TAIPEI_MAIN,152,94,,,84,,,source_only_no_observed_trip,,,-58,true,monitor_source_only
2025-09-25 03:00:00+08,TPE_AIRPORT,80,101,1,1,1,0,22.0,observed,1.0,0.0,21,true,increase_supply_or_pause_send
2025-09-25 03:00:00+08,XIMENDING,130,151,,,118,,,source_only_no_observed_trip,,,21,true,monitor_source_only
2025-09-25 04:00:00+08,TAIPEI_101,168,125,1,1,1,0,12.0,observed,1.0,0.0,-43,true,monitor
2025-09-25 04:00:00+08,TAIPEI_MAIN,141,109,,,97,,,source_only_no_observed_trip,,,-32,true,monitor_source_only
2025-09-25 04:00:00+08,TPE_AIRPORT,118,79,4,4,4,0,14.400000000000002,observed,1.0,0.0,-39,true,monitor
2025-09-25 04:00:00+08,XIMENDING,188,71,1,1,1,0,17.0,observed,1.0,0.0,-117,true,monitor
2025-09-25 05:00:00+08,TAIPEI_101,149,192,,,164,,,source_only_no_observed_trip,,,43,true,monitor_source_only
2025-09-25 05:00:00+08,TAIPEI_MAIN,150,183,,,161,,,source_only_no_observed_trip,,,33,true,monitor_source_only
2025-09-25 05:00:00+08,TPE_AIRPORT,66,137,7,6,6,1,21.0,observed,0.8571428571428571,0.14285714285714285,71,true,increase_supply_or_pause_send
2025-09-25 05:00:00+08,XIMENDING,140,159,2,2,1,1,17.0,observed,1.0,0.5,19,true,monitor
2025-09-25 06:00:00+08,TAIPEI_101,134,135,1,1,1,0,18.0,observed,1.0,0.0,1,true,monitor
2025-09-25 06:00:00+08,TAIPEI_MAIN,137,187,,,143,,,source_only_no_observed_trip,,,50,true,monitor_source_only
2025-09-25 06:00:00+08,TPE_AIRPORT,75,127,3,3,3,0,11.0,observed,1.0,0.0,52,true,increase_supply_or_pause_send
2025-09-25 06:00:00+08,XIMENDING,166,177,,,141,,,source_only_no_observed_trip,,,11,true,monitor_source_only
2025-09-25 07:00:00+08,TAIPEI_101,129,193,,,155,,,source_only_no_observed_trip,,,64,true,monitor_source_only
2025-09-25 07:00:00+08,TAIPEI_MAIN,143,164,,,135,,,source_only_no_observed_trip,,,21,true,monitor_source_only
2025-09-25 07:00:00+08,TPE_AIRPORT,98,139,7,6,6,1,20.0,observed,0.8571428571428571,0.14285714285714285,41,true,increase_supply_or_pause_send
2025-09-25 07:00:00+08,XIMENDING,147,190,,,151,,,source_only_no_observed_trip,,,43,true,monitor_source_only
2025-09-25 08:00:00+08,TAIPEI_101,146,209,1,1,1,0,22.0,observed,1.0,0.0,63,true,increase_supply_or_pause_send
2025-09-25 08:00:00+08,TAIPEI_MAIN,161,210,1,1,0,1,,observed,1.0,1.0,49,true,increase_supply_or_pause_send
2025-09-25 08:00:00+08,TPE_AIRPORT,97,79,8,8,8,0,18.6,observed,1.0,0.0,-18,true,monitor
2025-09-25 08:00:00+08,XIMENDING,138,203,1,1,1,0,21.0,observed,1.0,0.0,65,true,increase_supply_or_pause_send
2025-09-25 09:00:00+08,TAIPEI_101,152,59,1,1,1,0,17.0,observed,1.0,0.0,-93,true,monitor
2025-09-25 09:00:00+08,TAIPEI_MAIN,164,139,1,0,0,1,,observed,0.0,1.0,-25,true,monitor
2025-09-25 09:00:00+08,TPE_AIRPORT,80,77,10,10,9,1,18.4,observed,1.0,0.1,-3,true,monitor
2025-09-25 09:00:00+08,XIMENDING,174,81,1,1,1,0,16.0,observed,1.0,0.0,-93,true,monitor
2025-09-25 10:00:00+08,TAIPEI_101,149,134,3,2,2,1,16.5,observed,0.6666666666666666,0.3333333333333333,-15,true,monitor
2025-09-25 10:00:00+08,TAIPEI_MAIN,145,135,3,3,2,1,12.8,observed,1.0,0.3333333333333333,-10,true,monitor
2025-09-25 10:00:00+08,TPE_AIRPORT,125,63,6,6,6,0,19.5,observed,1.0,0.0,-62,true,monitor
2025-09-25 10:00:00+08,XIMENDING,172,83,,,68,,,source_only_no_observed_trip,,,-89,true,monitor_source_only
2025-09-25 11:00:00+08,TAIPEI_101,164,104,,,76,,,source_only_no_observed_trip,,,-60,true,monitor_source_only
2025-09-25 11:00:00+08,TAIPEI_MAIN,137,150,3,2,2,1,12.5,observed,0.6666666666666666,0.3333333333333333,13,true,monitor
2025-09-25 11:00:00+08,TPE_AIRPORT,110,45,3,3,3,0,17.8,observed,1.0,0.0,-65,true,monitor
2025-09-25 11:00:00+08,XIMENDING,141,97,1,1,1,0,14.0,observed,1.0,0.0,-44,true,monitor
2025-09-25 12:00:00+08,TAIPEI_101,172,161,1,1,1,0,13.0,observed,1.0,0.0,-11,true,monitor
2025-09-25 12:00:00+08,TAIPEI_MAIN,136,107,1,1,1,0,11.0,observed,1.0,0.0,-29,true,monitor
2025-09-25 12:00:00+08,TPE_AIRPORT,121,84,2,1,1,1,10.0,observed,0.5,0.5,-37,true,monitor
2025-09-25 12:00:00+08,XIMENDING,153,112,3,3,3,0,15.8,observed,1.0,0.0,-41,true,monitor
2025-09-25 13:00:00+08,TAIPEI_101,109,98,1,1,1,0,18.0,observed,1.0,0.0,-11,true,monitor
2025-09-25 13:00:00+08,TAIPEI_MAIN,156,112,,,88,,,source_only_no_observed_trip,,,-44,true,monitor_source_only
2025-09-25 13:00:00+08,TPE_AIRPORT,161,81,3,2,2,1,17.7,observed,0.6666666666666666,0.3333333333333333,-80,true,monitor
2025-09-25 13:00:00+08,XIMENDING,126,144,,,130,,,source_only_no_observed_trip,,,18,true,monitor_source_only
2025-09-25 14:00:00+08,TAIPEI_101,163,100,1,1,1,0,10.0,observed,1.0,0.0,-63,true,monitor
2025-09-25 14:00:00+08,TAIPEI_MAIN,133,97,,,86,,,source_only_no_observed_trip,,,-36,true,monitor_source_only
2025-09-25 14:00:00+08,TPE_AIRPORT,103,104,3,2,2,1,16.5,observed,0.6666666666666666,0.3333333333333333,1,true,monitor
2025-09-25 14:00:00+08,XIMENDING,156,126,1,1,0,1,,observed,1.0,1.0,-30,true,monitor
2025-09-25 15:00:00+08,TAIPEI_101,152,83,1,1,1,0,17.0,observed,1.0,0.0,-69,true,monitor
2025-09-25 15:00:00+08,TAIPEI_MAIN,178,91,,,73,,,source_only_no_observed_trip,,,-87,true,monitor_source_only
2025-09-25 15:00:00+08,TPE_AIRPORT,120,83,5,3,3,2,16.6,observed,0.6,0.4,-37,true,monitor
2025-09-25 15:00:00+08,XIMENDING,145,120,,,99,,,source_only_no_observed_trip,,,-25,true,monitor_source_only
2025-09-25 16:00:00+08,TAIPEI_101,163,117,2,1,1,1,13.0,observed,0.5,0.5,-46,true,monitor
2025-09-25 16:00:00+08,TAIPEI_MAIN,138,120,,,99,,,source_only_no_observed_trip,,,-18,true,monitor_source_only
2025-09-25 16:00:00+08,TPE_AIRPORT,144,82,2,2,2,0,16.9,observed,1.0,0.0,-62,true,monitor
2025-09-25 16:00:00+08,XIMENDING,161,97,,,86,,,source_only_no_observed_trip,,,-64,true,monitor_source_only
2025-09-25 17:00:00+08,TAIPEI_101,160,112,2,2,2,0,14.9,observed,1.0,0.0,-48,true,monitor
2025-09-25 17:00:00+08,TAIPEI_MAIN,154,99,1,1,1,0,18.0,observed,1.0,0.0,-55,true,monitor
2025-09-25 17:00:00+08,TPE_AIRPORT,132,86,2,1,1,1,20.0,observed,0.5,0.5,-46,true,monitor
2025-09-25 17:00:00+08,XIMENDING,154,101,1,1,1,0,13.0,observed,1.0,0.0,-53,true,monitor
2025-09-25 18:00:00+08,TAIPEI_101,174,136,1,1,1,0,6.0,observed,1.0,0.0,-38,true,monitor
2025-09-25 18:00:00+08,TAIPEI_MAIN,193,135,2,2,1,1,11.0,observed,1.0,0.5,-58,true,monitor
2025-09-25 18:00:00+08,TPE_AIRPORT,94,105,5,4,4,1,22.1,observed,0.8,0.2,11,true,review_pickup_reliability
2025-09-25 18:00:00+08,XIMENDING,180,111,2,2,2,0,18.6,observed,1.0,0.0,-69,true,monitor
2025-09-25 19:00:00+08,TAIPEI_101,174,126,2,2,2,0,9.8,observed,1.0,0.0,-48,true,monitor
2025-09-25 19:00:00+08,TAIPEI_MAIN,125,127,3,3,3,0,16.400000000000002,observed,1.0,0.0,2,true,monitor
2025-09-25 19:00:00+08,TPE_AIRPORT,121,11,6,6,5,1,19.4,observed,1.0,0.16666666666666666,-110,true,monitor
2025-09-25 19:00:00+08,XIMENDING,168,143,3,3,3,0,17.8,observed,1.0,0.0,-25,true,monitor
2025-09-25 20:00:00+08,TAIPEI_101,126,228,1,1,1,0,22.0,observed,1.0,0.0,102,true,increase_supply_or_pause_send
2025-09-25 20:00:00+08,TAIPEI_MAIN,126,194,,,173,,,source_only_no_observed_trip,,,68,true,monitor_source_only
2025-09-25 20:00:00+08,TPE_AIRPORT,86,137,,,120,,,source_only_no_observed_trip,,,51,true,monitor_source_only
2025-09-25 20:00:00+08,XIMENDING,116,214,,,166,,,source_only_no_observed_trip,,,98,true,monitor_source_only
2025-09-25 21:00:00+08,TAIPEI_101,146,206,2,2,2,0,14.5,observed,1.0,0.0,60,true,increase_supply_or_pause_send
2025-09-25 21:00:00+08,TAIPEI_MAIN,138,237,,,192,,,source_only_no_observed_trip,,,99,true,monitor_source_only
2025-09-25 21:00:00+08,TPE_AIRPORT,80,108,5,5,5,0,20.6,observed,1.0,0.0,28,true,increase_supply_or_pause_send
2025-09-25 21:00:00+08,XIMENDING,153,222,1,1,1,0,9.0,observed,1.0,0.0,69,true,increase_supply_or_pause_send
2025-09-25 22:00:00+08,TAIPEI_101,124,191,2,2,2,0,16.3,observed,1.0,0.0,67,true,increase_supply_or_pause_send
2025-09-25 22:00:00+08,TAIPEI_MAIN,110,185,,,160,,,source_only_no_observed_trip,,,75,true,monitor_source_only
2025-09-25 22:00:00+08,TPE_AIRPORT,78,113,5,5,5,0,20.400000000000002,observed,1.0,0.0,35,true,increase_supply_or_pause_send
2025-09-25 22:00:00+08,XIMENDING,136,181,,,140,,,source_only_no_observed_trip,,,45,true,monitor_source_only
2025-09-25 23:00:00+08,TAIPEI_101,133,176,,,146,,,source_only_no_observed_trip,,,43,true,monitor_source_only
2025-09-25 23:00:00+08,TAIPEI_MAIN,149,203,,,182,,,source_only_no_observed_trip,,,54,true,monitor_source_only
2025-09-25 23:00:00+08,TPE_AIRPORT,81,122,3,3,2,1,16.7,observed,1.0,0.3333333333333333,41,true,increase_supply_or_pause_send
2025-09-25 23:00:00+08,XIMENDING,125,197,,,158,,,source_only_no_observed_trip,,,72,true,monitor_source_only
2025-09-26 00:00:00+08,TAIPEI_101,164,75,,,65,,,source_only_no_observed_trip,,,-89,true,monitor_source_only
2025-09-26 00:00:00+08,TAIPEI_MAIN,138,106,1,0,0,1,,observed,0.0,1.0,-32,true,monitor
2025-09-26 00:00:00+08,TPE_AIRPORT,136,73,8,7,6,2,19.5,observed,0.875,0.25,-63,true,monitor
2025-09-26 00:00:00+08,XIMENDING,181,144,1,1,1,0,12.0,observed,1.0,0.0,-37,true,monitor
2025-09-26 01:00:00+08,TAIPEI_101,161,127,,,94,,,source_only_no_observed_trip,,,-34,true,monitor_source_only
2025-09-26 01:00:00+08,TAIPEI_MAIN,154,119,,,104,,,source_only_no_observed_trip,,,-35,true,monitor_source_only
2025-09-26 01:00:00+08,TPE_AIRPORT,112,82,5,5,5,0,18.6,observed,1.0,0.0,-30,true,monitor
2025-09-26 01:00:00+08,XIMENDING,163,113,,,90,,,source_only_no_observed_trip,,,-50,true,monitor_source_only
2025-09-26 02:00:00+08,TAIPEI_101,151,98,1,1,1,0,13.0,observed,1.0,0.0,-53,true,monitor
2025-09-26 02:00:00+08,TAIPEI_MAIN,171,106,2,2,1,1,10.0,observed,1.0,0.5,-65,true,monitor
2025-09-26 02:00:00+08,TPE_AIRPORT,131,127,4,4,4,0,16.0,observed,1.0,0.0,-4,true,monitor
2025-09-26 02:00:00+08,XIMENDING,177,75,,,59,,,source_only_no_observed_trip,,,-102,true,monitor_source_only
2025-09-26 03:00:00+08,TAIPEI_101,142,114,1,1,1,0,10.0,observed,1.0,0.0,-28,true,monitor
2025-09-26 03:00:00+08,TAIPEI_MAIN,174,109,,,97,,,source_only_no_observed_trip,,,-65,true,monitor_source_only
2025-09-26 03:00:00+08,TPE_AIRPORT,136,75,4,3,2,2,18.6,observed,0.75,0.5,-61,true,monitor
2025-09-26 03:00:00+08,XIMENDING,154,120,1,1,0,1,,observed,1.0,1.0,-34,true,monitor
2025-09-26 04:00:00+08,TAIPEI_101,151,40,1,1,1,0,15.0,observed,1.0,0.0,-111,true,monitor
2025-09-26 04:00:00+08,TAIPEI_MAIN,138,108,2,2,2,0,13.6,observed,1.0,0.0,-30,true,monitor
2025-09-26 04:00:00+08,TPE_AIRPORT,102,40,2,2,2,0,19.8,observed,1.0,0.0,-62,true,monitor
2025-09-26 04:00:00+08,XIMENDING,144,116,1,1,1,0,8.0,observed,1.0,0.0,-28,true,monitor
2025-09-26 05:00:00+08,TAIPEI_101,107,152,,,134,,,source_only_no_observed_trip,,,45,true,monitor_source_only
2025-09-26 05:00:00+08,TAIPEI_MAIN,104,184,,,153,,,source_only_no_observed_trip,,,80,true,monitor_source_only
2025-09-26 05:00:00+08,TPE_AIRPORT,62,98,3,3,3,0,18.8,observed,1.0,0.0,36,true,increase_supply_or_pause_send
2025-09-26 05:00:00+08,XIMENDING,161,191,2,2,2,0,12.8,observed,1.0,0.0,30,true,increase_supply_or_pause_send
2025-09-26 06:00:00+08,TAIPEI_101,148,184,,,152,,,source_only_no_observed_trip,,,36,true,monitor_source_only
2025-09-26 06:00:00+08,TAIPEI_MAIN,99,191,,,150,,,source_only_no_observed_trip,,,92,true,monitor_source_only
2025-09-26 06:00:00+08,TPE_AIRPORT,101,128,9,9,9,0,17.200000000000003,observed,1.0,0.0,27,true,increase_supply_or_pause_send
2025-09-26 06:00:00+08,XIMENDING,180,162,,,130,,,source_only_no_observed_trip,,,-18,true,monitor_source_only
2025-09-26 07:00:00+08,TAIPEI_101,157,207,1,1,1,0,12.0,observed,1.0,0.0,50,true,increase_supply_or_pause_send
2025-09-26 07:00:00+08,TAIPEI_MAIN,98,146,1,1,1,0,19.0,observed,1.0,0.0,48,true,increase_supply_or_pause_send
2025-09-26 07:00:00+08,TPE_AIRPORT,78,148,9,9,7,2,20.4,observed,1.0,0.2222222222222222,70,true,increase_supply_or_pause_send
2025-09-26 07:00:00+08,XIMENDING,134,186,1,1,1,0,15.0,observed,1.0,0.0,52,true,increase_supply_or_pause_send
2025-09-26 08:00:00+08,TAIPEI_101,111,192,4,4,4,0,16.200000000000003,observed,1.0,0.0,81,true,increase_supply_or_pause_send
2025-09-26 08:00:00+08,TAIPEI_MAIN,118,187,1,1,1,0,14.0,observed,1.0,0.0,69,true,increase_supply_or_pause_send
2025-09-26 08:00:00+08,TPE_AIRPORT,70,147,5,4,4,1,18.700000000000003,observed,0.8,0.2,77,true,increase_supply_or_pause_send
2025-09-26 08:00:00+08,XIMENDING,111,166,,,143,,,source_only_no_observed_trip,,,55,true,monitor_source_only
2025-09-26 09:00:00+08,TAIPEI_101,178,117,1,1,1,0,17.0,observed,1.0,0.0,-61,true,monitor
2025-09-26 09:00:00+08,TAIPEI_MAIN,179,134,2,2,2,0,11.9,observed,1.0,0.0,-45,true,monitor
2025-09-26 09:00:00+08,TPE_AIRPORT,69,88,8,7,6,2,15.0,observed,0.875,0.25,19,true,monitor
2025-09-26 09:00:00+08,XIMENDING,152,114,1,1,1,0,10.0,observed,1.0,0.0,-38,true,monitor
2025-09-26 10:00:00+08,TAIPEI_101,142,158,1,1,1,0,16.0,observed,1.0,0.0,16,true,monitor
2025-09-26 10:00:00+08,TAIPEI_MAIN,160,146,,,122,,,source_only_no_observed_trip,,,-14,true,monitor_source_only
2025-09-26 10:00:00+08,TPE_AIRPORT,100,92,5,5,5,0,19.6,observed,1.0,0.0,-8,true,monitor
2025-09-26 10:00:00+08,XIMENDING,145,126,1,1,1,0,9.0,observed,1.0,0.0,-19,true,monitor
2025-09-26 11:00:00+08,TAIPEI_101,190,115,,,103,,,source_only_no_observed_trip,,,-75,true,monitor_source_only
2025-09-26 11:00:00+08,TAIPEI_MAIN,146,140,,,115,,,source_only_no_observed_trip,,,-6,true,monitor_source_only
2025-09-26 11:00:00+08,TPE_AIRPORT,118,90,3,3,3,0,22.0,observed,1.0,0.0,-28,true,review_pickup_reliability
2025-09-26 11:00:00+08,XIMENDING,169,110,1,1,0,1,,observed,1.0,1.0,-59,true,monitor
2025-09-26 12:00:00+08,TAIPEI_101,153,156,1,1,1,0,15.0,observed,1.0,0.0,3,true,monitor
2025-09-26 12:00:00+08,TAIPEI_MAIN,174,98,,,73,,,source_only_no_observed_trip,,,-76,true,monitor_source_only
2025-09-26 12:00:00+08,TPE_AIRPORT,106,64,3,2,1,2,14.0,observed,0.6666666666666666,0.6666666666666666,-42,true,monitor
2025-09-26 12:00:00+08,XIMENDING,162,91,1,1,1,0,16.0,observed,1.0,0.0,-71,true,monitor
2025-09-26 13:00:00+08,TAIPEI_101,196,111,,,79,,,source_only_no_observed_trip,,,-85,true,monitor_source_only
2025-09-26 13:00:00+08,TAIPEI_MAIN,169,113,,,85,,,source_only_no_observed_trip,,,-56,true,monitor_source_only
2025-09-26 13:00:00+08,TPE_AIRPORT,88,51,5,5,4,1,17.4,observed,1.0,0.2,-37,true,monitor
2025-09-26 13:00:00+08,XIMENDING,161,89,,,70,,,source_only_no_observed_trip,,,-72,true,monitor_source_only
2025-09-26 14:00:00+08,TAIPEI_101,173,109,,,92,,,source_only_no_observed_trip,,,-64,true,monitor_source_only
2025-09-26 14:00:00+08,TAIPEI_MAIN,189,91,,,80,,,source_only_no_observed_trip,,,-98,true,monitor_source_only
2025-09-26 14:00:00+08,TPE_AIRPORT,163,82,3,3,3,0,20.200000000000003,observed,1.0,0.0,-81,true,review_pickup_reliability
2025-09-26 14:00:00+08,XIMENDING,151,136,,,116,,,source_only_no_observed_trip,,,-15,true,monitor_source_only
2025-09-26 15:00:00+08,TAIPEI_101,161,108,2,2,2,0,17.0,observed,1.0,0.0,-53,true,monitor
2025-09-26 15:00:00+08,TAIPEI_MAIN,143,96,,,84,,,source_only_no_observed_trip,,,-47,true,monitor_source_only
2025-09-26 15:00:00+08,TPE_AIRPORT,104,64,1,1,1,0,20.0,observed,1.0,0.0,-40,true,monitor
2025-09-26 15:00:00+08,XIMENDING,183,138,,,105,,,source_only_no_observed_trip,,,-45,true,monitor_source_only
2025-09-26 16:00:00+08,TAIPEI_101,190,146,,,107,,,source_only_no_observed_trip,,,-44,true,monitor_source_only
2025-09-26 16:00:00+08,TAIPEI_MAIN,165,139,3,3,3,0,18.8,observed,1.0,0.0,-26,true,monitor
2025-09-26 16:00:00+08,TPE_AIRPORT,81,80,4,4,4,0,18.700000000000003,observed,1.0,0.0,-1,true,monitor
2025-09-26 16:00:00+08,XIMENDING,150,110,2,2,1,1,17.0,observed,1.0,0.5,-40,true,monitor
2025-09-26 17:00:00+08,TAIPEI_101,177,137,3,2,2,1,20.3,observed,0.6666666666666666,0.3333333333333333,-40,true,review_pickup_reliability
2025-09-26 17:00:00+08,TAIPEI_MAIN,150,70,,,54,,,source_only_no_observed_trip,,,-80,true,monitor_source_only
2025-09-26 17:00:00+08,TPE_AIRPORT,111,89,3,3,3,0,13.0,observed,1.0,0.0,-22,true,monitor
2025-09-26 17:00:00+08,XIMENDING,186,98,,,74,,,source_only_no_observed_trip,,,-88,true,monitor_source_only
2025-09-26 18:00:00+08,TAIPEI_101,146,130,,,94,,,source_only_no_observed_trip,,,-16,true,monitor_source_only
2025-09-26 18:00:00+08,TAIPEI_MAIN,187,82,2,2,2,0,20.6,observed,1.0,0.0,-105,true,review_pickup_reliability
2025-09-26 18:00:00+08,TPE_AIRPORT,119,111,1,1,0,1,,observed,1.0,1.0,-8,true,monitor
2025-09-26 18:00:00+08,XIMENDING,164,144,,,110,,,source_only_no_observed_trip,,,-20,true,monitor_source_only
2025-09-26 19:00:00+08,TAIPEI_101,191,138,2,2,2,0,11.9,observed,1.0,0.0,-53,true,monitor
2025-09-26 19:00:00+08,TAIPEI_MAIN,107,111,1,0,0,1,,observed,0.0,1.0,4,true,monitor
2025-09-26 19:00:00+08,TPE_AIRPORT,131,86,2,2,1,1,20.0,observed,1.0,0.5,-45,true,monitor
2025-09-26 19:00:00+08,XIMENDING,158,121,4,3,3,1,16.400000000000002,observed,0.75,0.25,-37,true,monitor
2025-09-26 20:00:00+08,TAIPEI_101,141,179,,,159,,,source_only_no_observed_trip,,,38,true,monitor_source_only
2025-09-26 20:00:00+08,TAIPEI_MAIN,156,180,3,3,3,0,18.4,observed,1.0,0.0,24,true,increase_supply_or_pause_send
2025-09-26 20:00:00+08,TPE_AIRPORT,79,124,3,3,3,0,18.4,observed,1.0,0.0,45,true,increase_supply_or_pause_send
2025-09-26 20:00:00+08,XIMENDING,137,186,1,1,1,0,15.0,observed,1.0,0.0,49,true,increase_supply_or_pause_send
2025-09-26 21:00:00+08,TAIPEI_101,123,190,,,156,,,source_only_no_observed_trip,,,67,true,monitor_source_only
2025-09-26 21:00:00+08,TAIPEI_MAIN,140,179,,,146,,,source_only_no_observed_trip,,,39,true,monitor_source_only
2025-09-26 21:00:00+08,TPE_AIRPORT,101,129,4,4,4,0,16.8,observed,1.0,0.0,28,true,increase_supply_or_pause_send
2025-09-26 21:00:00+08,XIMENDING,135,180,,,159,,,source_only_no_observed_trip,,,45,true,monitor_source_only
2025-09-26 22:00:00+08,TAIPEI_101,142,158,,,121,,,source_only_no_observed_trip,,,16,true,monitor_source_only
2025-09-26 22:00:00+08,TAIPEI_MAIN,166,157,,,130,,,source_only_no_observed_trip,,,-9,true,monitor_source_only
2025-09-26 22:00:00+08,TPE_AIRPORT,69,137,2,2,2,0,19.8,observed,1.0,0.0,68,true,increase_supply_or_pause_send
2025-09-26 22:00:00+08,XIMENDING,129,182,1,1,1,0,20.0,observed,1.0,0.0,53,true,increase_supply_or_pause_send
2025-09-26 23:00:00+08,TAIPEI_101,163,198,2,2,2,0,20.9,observed,1.0,0.0,35,true,increase_supply_or_pause_send
2025-09-26 23:00:00+08,TAIPEI_MAIN,132,171,1,1,1,0,9.0,observed,1.0,0.0,39,true,increase_supply_or_pause_send
2025-09-26 23:00:00+08,TPE_AIRPORT,80,107,8,7,7,1,20.8,observed,0.875,0.125,27,true,increase_supply_or_pause_send
2025-09-26 23:00:00+08,XIMENDING,147,203,,,180,,,source_only_no_observed_trip,,,56,true,monitor_source_only
2025-09-27 00:00:00+08,TAIPEI_101,131,133,1,1,1,0,14.0,observed,1.0,0.0,2,true,monitor
2025-09-27 00:00:00+08,TAIPEI_MAIN,152,111,1,1,1,0,22.0,observed,1.0,0.0,-41,true,review_pickup_reliability
2025-09-27 00:00:00+08,TPE_AIRPORT,84,65,5,5,4,1,18.200000000000003,observed,1.0,0.2,-19,true,monitor
2025-09-27 00:00:00+08,XIMENDING,172,151,,,115,,,source_only_no_observed_trip,,,-21,true,monitor_source_only
2025-09-27 01:00:00+08,TAIPEI_101,159,119,1,1,1,0,7.0,observed,1.0,0.0,-40,true,monitor
2025-09-27 01:00:00+08,TAIPEI_MAIN,129,92,,,79,,,source_only_no_observed_trip,,,-37,true,monitor_source_only
2025-09-27 01:00:00+08,TPE_AIRPORT,103,72,5,5,4,1,15.7,observed,1.0,0.2,-31,true,monitor
2025-09-27 01:00:00+08,XIMENDING,144,126,1,1,1,0,11.0,observed,1.0,0.0,-18,true,monitor
2025-09-27 02:00:00+08,TAIPEI_101,137,124,,,103,,,source_only_no_observed_trip,,,-13,true,monitor_source_only
2025-09-27 02:00:00+08,TAIPEI_MAIN,151,146,,,116,,,source_only_no_observed_trip,,,-5,true,monitor_source_only
2025-09-27 02:00:00+08,TPE_AIRPORT,92,51,2,2,2,0,21.7,observed,1.0,0.0,-41,true,review_pickup_reliability
2025-09-27 02:00:00+08,XIMENDING,136,129,1,1,1,0,12.0,observed,1.0,0.0,-7,true,monitor
2025-09-27 03:00:00+08,TAIPEI_101,175,132,,,117,,,source_only_no_observed_trip,,,-43,true,monitor_source_only
2025-09-27 03:00:00+08,TAIPEI_MAIN,176,97,,,83,,,source_only_no_observed_trip,,,-79,true,monitor_source_only
2025-09-27 03:00:00+08,TPE_AIRPORT,110,65,1,1,1,0,14.0,observed,1.0,0.0,-45,true,monitor
2025-09-27 03:00:00+08,XIMENDING,123,91,1,1,1,0,17.0,observed,1.0,0.0,-32,true,monitor
2025-09-27 04:00:00+08,TAIPEI_101,141,92,1,0,0,1,,observed,0.0,1.0,-49,true,monitor
2025-09-27 04:00:00+08,TAIPEI_MAIN,183,112,,,81,,,source_only_no_observed_trip,,,-71,true,monitor_source_only
2025-09-27 04:00:00+08,TPE_AIRPORT,104,38,2,2,2,0,18.0,observed,1.0,0.0,-66,true,monitor
2025-09-27 04:00:00+08,XIMENDING,190,117,,,92,,,source_only_no_observed_trip,,,-73,true,monitor_source_only
2025-09-27 05:00:00+08,TAIPEI_101,137,216,1,1,1,0,12.0,observed,1.0,0.0,79,true,increase_supply_or_pause_send
2025-09-27 05:00:00+08,TAIPEI_MAIN,140,167,,,128,,,source_only_no_observed_trip,,,27,true,monitor_source_only
2025-09-27 05:00:00+08,TPE_AIRPORT,114,117,1,1,1,0,15.0,observed,1.0,0.0,3,true,monitor
2025-09-27 05:00:00+08,XIMENDING,141,205,,,166,,,source_only_no_observed_trip,,,64,true,monitor_source_only
2025-09-27 06:00:00+08,TAIPEI_101,137,195,,,148,,,source_only_no_observed_trip,,,58,true,monitor_source_only
2025-09-27 06:00:00+08,TAIPEI_MAIN,137,142,1,1,1,0,11.0,observed,1.0,0.0,5,true,monitor
2025-09-27 06:00:00+08,TPE_AIRPORT,49,139,3,3,2,1,11.700000000000001,observed,1.0,0.3333333333333333,90,true,increase_supply_or_pause_send
2025-09-27 06:00:00+08,XIMENDING,125,194,,,161,,,source_only_no_observed_trip,,,69,true,monitor_source_only
2025-09-27 07:00:00+08,TAIPEI_101,113,218,1,1,1,0,9.0,observed,1.0,0.0,105,true,increase_supply_or_pause_send
2025-09-27 07:00:00+08,TAIPEI_MAIN,136,204,1,1,1,0,17.0,observed,1.0,0.0,68,true,increase_supply_or_pause_send
2025-09-27 07:00:00+08,TPE_AIRPORT,102,104,6,6,5,1,19.6,observed,1.0,0.16666666666666666,2,true,monitor
2025-09-27 07:00:00+08,XIMENDING,169,186,1,1,1,0,18.0,observed,1.0,0.0,17,true,monitor
2025-09-27 08:00:00+08,TAIPEI_101,135,169,2,2,2,0,9.7,observed,1.0,0.0,34,true,increase_supply_or_pause_send
2025-09-27 08:00:00+08,TAIPEI_MAIN,123,202,,,153,,,source_only_no_observed_trip,,,79,true,monitor_source_only
2025-09-27 08:00:00+08,TPE_AIRPORT,97,125,7,6,6,1,20.0,observed,0.8571428571428571,0.14285714285714285,28,true,increase_supply_or_pause_send
2025-09-27 08:00:00+08,XIMENDING,125,174,1,1,1,0,18.0,observed,1.0,0.0,49,true,increase_supply_or_pause_send
2025-09-27 09:00:00+08,TAIPEI_101,191,127,3,2,2,1,8.7,observed,0.6666666666666666,0.3333333333333333,-64,true,monitor
2025-09-27 09:00:00+08,TAIPEI_MAIN,143,144,,,110,,,source_only_no_observed_trip,,,1,true,monitor_source_only
2025-09-27 09:00:00+08,TPE_AIRPORT,100,109,11,10,10,1,22.1,observed,0.9090909090909091,0.09090909090909091,9,true,review_pickup_reliability
2025-09-27 09:00:00+08,XIMENDING,160,104,1,1,1,0,13.0,observed,1.0,0.0,-56,true,monitor
2025-09-27 10:00:00+08,TAIPEI_101,115,132,,,105,,,source_only_no_observed_trip,,,17,true,monitor_source_only
2025-09-27 10:00:00+08,TAIPEI_MAIN,143,113,1,1,1,0,19.0,observed,1.0,0.0,-30,true,monitor
2025-09-27 10:00:00+08,TPE_AIRPORT,111,106,5,5,5,0,18.200000000000003,observed,1.0,0.0,-5,true,monitor
2025-09-27 10:00:00+08,XIMENDING,186,120,3,3,2,1,13.799999999999999,observed,1.0,0.3333333333333333,-66,true,monitor
2025-09-27 11:00:00+08,TAIPEI_101,168,93,,,75,,,source_only_no_observed_trip,,,-75,true,monitor_source_only
2025-09-27 11:00:00+08,TAIPEI_MAIN,156,108,,,98,,,source_only_no_observed_trip,,,-48,true,monitor_source_only
2025-09-27 11:00:00+08,TPE_AIRPORT,84,63,7,7,7,0,21.0,observed,1.0,0.0,-21,true,review_pickup_reliability
2025-09-27 11:00:00+08,XIMENDING,169,105,,,90,,,source_only_no_observed_trip,,,-64,true,monitor_source_only
2025-09-27 12:00:00+08,TAIPEI_101,177,85,1,1,1,0,14.0,observed,1.0,0.0,-92,true,monitor
2025-09-27 12:00:00+08,TAIPEI_MAIN,183,107,,,88,,,source_only_no_observed_trip,,,-76,true,monitor_source_only
2025-09-27 12:00:00+08,TPE_AIRPORT,114,52,5,5,5,0,22.8,observed,1.0,0.0,-62,true,review_pickup_reliability
2025-09-27 12:00:00+08,XIMENDING,164,129,1,1,1,0,10.0,observed,1.0,0.0,-35,true,monitor
2025-09-27 13:00:00+08,TAIPEI_101,181,105,1,1,0,1,,observed,1.0,1.0,-76,true,monitor
2025-09-27 13:00:00+08,TAIPEI_MAIN,141,147,1,1,1,0,15.0,observed,1.0,0.0,6,true,monitor
2025-09-27 13:00:00+08,TPE_AIRPORT,117,84,4,4,4,0,19.0,observed,1.0,0.0,-33,true,monitor
2025-09-27 13:00:00+08,XIMENDING,158,144,,,130,,,source_only_no_observed_trip,,,-14,true,monitor_source_only
2025-09-27 14:00:00+08,TAIPEI_101,174,110,1,1,1,0,9.0,observed,1.0,0.0,-64,true,monitor
2025-09-27 14:00:00+08,TAIPEI_MAIN,151,118,,,94,,,source_only_no_observed_trip,,,-33,true,monitor_source_only
2025-09-27 14:00:00+08,TPE_AIRPORT,120,87,2,2,2,0,13.899999999999999,observed,1.0,0.0,-33,true,monitor
2025-09-27 14:00:00+08,XIMENDING,142,96,,,83,,,source_only_no_observed_trip,,,-46,true,monitor_source_only
2025-09-27 15:00:00+08,TAIPEI_101,143,71,2,2,2,0,17.5,observed,1.0,0.0,-72,true,monitor
2025-09-27 15:00:00+08,TAIPEI_MAIN,184,91,,,79,,,source_only_no_observed_trip,,,-93,true,monitor_source_only
2025-09-27 15:00:00+08,TPE_AIRPORT,74,105,3,3,3,0,15.0,observed,1.0,0.0,31,true,increase_supply_or_pause_send
2025-09-27 15:00:00+08,XIMENDING,171,121,2,2,2,0,11.8,observed,1.0,0.0,-50,true,monitor
2025-09-27 16:00:00+08,TAIPEI_101,164,98,,,74,,,source_only_no_observed_trip,,,-66,true,monitor_source_only
2025-09-27 16:00:00+08,TAIPEI_MAIN,132,101,1,1,1,0,9.0,observed,1.0,0.0,-31,true,monitor
2025-09-27 16:00:00+08,TPE_AIRPORT,116,42,4,4,3,1,15.0,observed,1.0,0.25,-74,true,monitor
2025-09-27 16:00:00+08,XIMENDING,158,117,,,92,,,source_only_no_observed_trip,,,-41,true,monitor_source_only
2025-09-27 17:00:00+08,TAIPEI_101,164,128,1,1,1,0,8.0,observed,1.0,0.0,-36,true,monitor
2025-09-27 17:00:00+08,TAIPEI_MAIN,130,95,,,72,,,source_only_no_observed_trip,,,-35,true,monitor_source_only
2025-09-27 17:00:00+08,TPE_AIRPORT,140,60,1,1,1,0,16.0,observed,1.0,0.0,-80,true,monitor
2025-09-27 17:00:00+08,XIMENDING,163,151,3,3,2,1,19.900000000000002,observed,1.0,0.3333333333333333,-12,true,monitor
2025-09-27 18:00:00+08,TAIPEI_101,177,86,2,1,1,1,13.0,observed,0.5,0.5,-91,true,monitor
2025-09-27 18:00:00+08,TAIPEI_MAIN,167,105,3,1,1,2,13.0,observed,0.3333333333333333,0.6666666666666666,-62,true,monitor
2025-09-27 18:00:00+08,TPE_AIRPORT,112,39,4,4,3,1,20.8,observed,1.0,0.25,-73,true,review_pickup_reliability
2025-09-27 18:00:00+08,XIMENDING,212,79,2,2,2,0,14.6,observed,1.0,0.0,-133,true,monitor
2025-09-27 19:00:00+08,TAIPEI_101,166,99,1,1,1,0,18.0,observed,1.0,0.0,-67,true,monitor
2025-09-27 19:00:00+08,TAIPEI_MAIN,186,128,2,2,2,0,19.8,observed,1.0,0.0,-58,true,monitor
2025-09-27 19:00:00+08,TPE_AIRPORT,68,86,2,2,2,0,7.0,observed,1.0,0.0,18,true,monitor
2025-09-27 19:00:00+08,XIMENDING,167,108,4,4,3,1,21.4,observed,1.0,0.25,-59,true,review_pickup_reliability
2025-09-27 20:00:00+08,TAIPEI_101,139,217,6,6,6,0,18.5,observed,1.0,0.0,78,true,increase_supply_or_pause_send
2025-09-27 20:00:00+08,TAIPEI_MAIN,140,148,1,1,1,0,10.0,observed,1.0,0.0,8,true,monitor
2025-09-27 20:00:00+08,TPE_AIRPORT,47,127,4,4,3,1,14.399999999999999,observed,1.0,0.25,80,true,increase_supply_or_pause_send
2025-09-27 20:00:00+08,XIMENDING,107,227,1,1,1,0,13.0,observed,1.0,0.0,120,true,increase_supply_or_pause_send
2025-09-27 21:00:00+08,TAIPEI_101,136,189,,,153,,,source_only_no_observed_trip,,,53,true,monitor_source_only
2025-09-27 21:00:00+08,TAIPEI_MAIN,172,201,,,158,,,source_only_no_observed_trip,,,29,true,monitor_source_only
2025-09-27 21:00:00+08,TPE_AIRPORT,81,114,7,6,5,2,20.6,observed,0.8571428571428571,0.2857142857142857,33,true,increase_supply_or_pause_send
2025-09-27 21:00:00+08,XIMENDING,115,168,,,129,,,source_only_no_observed_trip,,,53,true,monitor_source_only
2025-09-27 22:00:00+08,TAIPEI_101,149,190,,,168,,,source_only_no_observed_trip,,,41,true,monitor_source_only
2025-09-27 22:00:00+08,TAIPEI_MAIN,148,187,,,168,,,source_only_no_observed_trip,,,39,true,monitor_source_only
2025-09-27 22:00:00+08,TPE_AIRPORT,103,116,7,6,5,2,18.6,observed,0.8571428571428571,0.2857142857142857,13,true,monitor
2025-09-27 22:00:00+08,XIMENDING,136,183,,,143,,,source_only_no_observed_trip,,,47,true,monitor_source_only
2025-09-27 23:00:00+08,TAIPEI_101,142,199,,,169,,,source_only_no_observed_trip,,,57,true,monitor_source_only
2025-09-27 23:00:00+08,TAIPEI_MAIN,119,179,,,156,,,source_only_no_observed_trip,,,60,true,monitor_source_only
2025-09-27 23:00:00+08,TPE_AIRPORT,76,138,6,5,5,1,17.4,observed,0.8333333333333334,0.16666666666666666,62,true,increase_supply_or_pause_send
2025-09-27 23:00:00+08,XIMENDING,140,204,,,170,,,source_only_no_observed_trip,,,64,true,monitor_source_only
2025-09-28 00:00:00+08,TAIPEI_101,164,138,,,99,,,source_only_no_observed_trip,,,-26,true,monitor_source_only
2025-09-28 00:00:00+08,TAIPEI_MAIN,175,97,,,80,,,source_only_no_observed_trip,,,-78,true,monitor_source_only
2025-09-28 00:00:00+08,TPE_AIRPORT,99,80,9,7,6,3,17.0,observed,0.7777777777777778,0.3333333333333333,-19,true,monitor
2025-09-28 00:00:00+08,XIMENDING,131,138,1,1,1,0,9.0,observed,1.0,0.0,7,true,monitor
2025-09-28 01:00:00+08,TAIPEI_101,140,114,,,84,,,source_only_no_observed_trip,,,-26,true,monitor_source_only
2025-09-28 01:00:00+08,TAIPEI_MAIN,145,105,,,84,,,source_only_no_observed_trip,,,-40,true,monitor_source_only
2025-09-28 01:00:00+08,TPE_AIRPORT,67,54,3,3,3,0,16.200000000000003,observed,1.0,0.0,-13,true,monitor
2025-09-28 01:00:00+08,XIMENDING,150,134,,,100,,,source_only_no_observed_trip,,,-16,true,monitor_source_only
2025-09-28 02:00:00+08,TAIPEI_101,133,120,1,1,1,0,13.0,observed,1.0,0.0,-13,true,monitor
2025-09-28 02:00:00+08,TAIPEI_MAIN,180,107,,,84,,,source_only_no_observed_trip,,,-73,true,monitor_source_only
2025-09-28 02:00:00+08,TPE_AIRPORT,111,67,3,3,3,0,8.0,observed,1.0,0.0,-44,true,monitor
2025-09-28 02:00:00+08,XIMENDING,116,134,1,1,1,0,13.0,observed,1.0,0.0,18,true,monitor
2025-09-28 03:00:00+08,TAIPEI_101,159,121,1,1,1,0,10.0,observed,1.0,0.0,-38,true,monitor
2025-09-28 03:00:00+08,TAIPEI_MAIN,179,134,,,109,,,source_only_no_observed_trip,,,-45,true,monitor_source_only
2025-09-28 03:00:00+08,TPE_AIRPORT,127,95,4,3,3,1,14.799999999999999,observed,0.75,0.25,-32,true,monitor
2025-09-28 03:00:00+08,XIMENDING,173,134,1,1,1,0,24.0,observed,1.0,0.0,-39,true,review_pickup_reliability
2025-09-28 04:00:00+08,TAIPEI_101,151,133,,,112,,,source_only_no_observed_trip,,,-18,true,monitor_source_only
2025-09-28 04:00:00+08,TAIPEI_MAIN,154,109,1,1,1,0,11.0,observed,1.0,0.0,-45,true,monitor
2025-09-28 04:00:00+08,TPE_AIRPORT,115,27,4,4,3,1,20.8,observed,1.0,0.25,-88,true,review_pickup_reliability
2025-09-28 04:00:00+08,XIMENDING,173,120,1,1,1,0,15.0,observed,1.0,0.0,-53,true,monitor
2025-09-28 05:00:00+08,TAIPEI_101,152,139,,,118,,,source_only_no_observed_trip,,,-13,true,monitor_source_only
2025-09-28 05:00:00+08,TAIPEI_MAIN,125,231,1,1,0,1,,observed,1.0,1.0,106,true,increase_supply_or_pause_send
2025-09-28 05:00:00+08,TPE_AIRPORT,92,136,3,3,2,1,19.3,observed,1.0,0.3333333333333333,44,true,increase_supply_or_pause_send
2025-09-28 05:00:00+08,XIMENDING,165,163,1,1,1,0,12.0,observed,1.0,0.0,-2,true,monitor
2025-09-28 06:00:00+08,TAIPEI_101,137,122,2,2,2,0,18.8,observed,1.0,0.0,-15,true,monitor
2025-09-28 06:00:00+08,TAIPEI_MAIN,145,168,,,121,,,source_only_no_observed_trip,,,23,true,monitor_source_only
2025-09-28 06:00:00+08,TPE_AIRPORT,87,141,8,8,8,0,18.0,observed,1.0,0.0,54,true,increase_supply_or_pause_send
2025-09-28 06:00:00+08,XIMENDING,136,190,,,142,,,source_only_no_observed_trip,,,54,true,monitor_source_only
2025-09-28 07:00:00+08,TAIPEI_101,139,201,3,3,3,0,19.599999999999998,observed,1.0,0.0,62,true,increase_supply_or_pause_send
2025-09-28 07:00:00+08,TAIPEI_MAIN,96,194,1,1,1,0,9.0,observed,1.0,0.0,98,true,increase_supply_or_pause_send
2025-09-28 07:00:00+08,TPE_AIRPORT,91,95,10,10,8,2,21.299999999999997,observed,1.0,0.2,4,true,review_pickup_reliability
2025-09-28 07:00:00+08,XIMENDING,121,196,,,162,,,source_only_no_observed_trip,,,75,true,monitor_source_only
2025-09-28 08:00:00+08,TAIPEI_101,132,177,2,1,0,2,,observed,0.5,1.0,45,true,increase_supply_or_pause_send
2025-09-28 08:00:00+08,TAIPEI_MAIN,141,171,1,1,1,0,11.0,observed,1.0,0.0,30,true,increase_supply_or_pause_send
2025-09-28 08:00:00+08,TPE_AIRPORT,108,118,6,6,6,0,20.5,observed,1.0,0.0,10,true,review_pickup_reliability
2025-09-28 08:00:00+08,XIMENDING,171,213,3,3,3,0,20.400000000000002,observed,1.0,0.0,42,true,increase_supply_or_pause_send
2025-09-28 09:00:00+08,TAIPEI_101,153,98,2,2,2,0,13.6,observed,1.0,0.0,-55,true,monitor
2025-09-28 09:00:00+08,TAIPEI_MAIN,170,145,,,112,,,source_only_no_observed_trip,,,-25,true,monitor_source_only
2025-09-28 09:00:00+08,TPE_AIRPORT,117,86,4,4,4,0,21.200000000000003,observed,1.0,0.0,-31,true,review_pickup_reliability
2025-09-28 09:00:00+08,XIMENDING,182,130,,,109,,,source_only_no_observed_trip,,,-52,true,monitor_source_only
2025-09-28 10:00:00+08,TAIPEI_101,195,129,,,113,,,source_only_no_observed_trip,,,-66,true,monitor_source_only
2025-09-28 10:00:00+08,TAIPEI_MAIN,186,157,,,141,,,source_only_no_observed_trip,,,-29,true,monitor_source_only
2025-09-28 10:00:00+08,TPE_AIRPORT,104,59,7,7,6,1,17.0,observed,1.0,0.14285714285714285,-45,true,monitor
2025-09-28 10:00:00+08,XIMENDING,167,146,1,0,0,1,,observed,0.0,1.0,-21,true,monitor
2025-09-28 11:00:00+08,TAIPEI_101,163,123,1,1,1,0,8.0,observed,1.0,0.0,-40,true,monitor
2025-09-28 11:00:00+08,TAIPEI_MAIN,144,107,1,1,1,0,11.0,observed,1.0,0.0,-37,true,monitor
2025-09-28 11:00:00+08,TPE_AIRPORT,116,58,3,3,2,1,11.600000000000001,observed,1.0,0.3333333333333333,-58,true,monitor
2025-09-28 11:00:00+08,XIMENDING,171,108,1,1,1,0,22.0,observed,1.0,0.0,-63,true,review_pickup_reliability
2025-09-28 12:00:00+08,TAIPEI_101,170,120,,,94,,,source_only_no_observed_trip,,,-50,true,monitor_source_only
2025-09-28 12:00:00+08,TAIPEI_MAIN,166,101,2,2,1,1,11.0,observed,1.0,0.5,-65,true,monitor
2025-09-28 12:00:00+08,TPE_AIRPORT,100,60,,,44,,,source_only_no_observed_trip,,,-40,true,monitor_source_only
2025-09-28 12:00:00+08,XIMENDING,168,129,2,2,2,0,18.3,observed,1.0,0.0,-39,true,monitor
2025-09-28 13:00:00+08,TAIPEI_101,197,114,,,88,,,source_only_no_observed_trip,,,-83,true,monitor_source_only
2025-09-28 13:00:00+08,TAIPEI_MAIN,164,87,1,1,1,0,19.0,observed,1.0,0.0,-77,true,monitor
2025-09-28 13:00:00+08,TPE_AIRPORT,108,61,4,4,4,0,20.200000000000003,observed,1.0,0.0,-47,true,review_pickup_reliability
2025-09-28 13:00:00+08,XIMENDING,161,128,2,2,2,0,16.2,observed,1.0,0.0,-33,true,monitor
2025-09-28 14:00:00+08,TAIPEI_101,125,108,2,2,2,0,12.4,observed,1.0,0.0,-17,true,monitor
2025-09-28 14:00:00+08,TAIPEI_MAIN,185,83,1,1,1,0,20.0,observed,1.0,0.0,-102,true,monitor
2025-09-28 14:00:00+08,TPE_AIRPORT,105,106,4,4,4,0,17.7,observed,1.0,0.0,1,true,monitor
2025-09-28 14:00:00+08,XIMENDING,160,128,1,1,1,0,9.0,observed,1.0,0.0,-32,true,monitor
2025-09-28 15:00:00+08,TAIPEI_101,149,83,1,1,1,0,13.0,observed,1.0,0.0,-66,true,monitor
2025-09-28 15:00:00+08,TAIPEI_MAIN,172,120,,,86,,,source_only_no_observed_trip,,,-52,true,monitor_source_only
2025-09-28 15:00:00+08,TPE_AIRPORT,101,54,1,1,1,0,19.0,observed,1.0,0.0,-47,true,monitor
2025-09-28 15:00:00+08,XIMENDING,182,111,,,94,,,source_only_no_observed_trip,,,-71,true,monitor_source_only
2025-09-28 16:00:00+08,TAIPEI_101,144,114,,,84,,,source_only_no_observed_trip,,,-30,true,monitor_source_only
2025-09-28 16:00:00+08,TAIPEI_MAIN,162,115,,,89,,,source_only_no_observed_trip,,,-47,true,monitor_source_only
2025-09-28 16:00:00+08,TPE_AIRPORT,115,75,1,1,1,0,8.0,observed,1.0,0.0,-40,true,monitor
2025-09-28 16:00:00+08,XIMENDING,180,80,,,67,,,source_only_no_observed_trip,,,-100,true,monitor_source_only
2025-09-28 17:00:00+08,TAIPEI_101,157,129,2,2,2,0,18.1,observed,1.0,0.0,-28,true,monitor
2025-09-28 17:00:00+08,TAIPEI_MAIN,157,134,2,2,2,0,17.599999999999998,observed,1.0,0.0,-23,true,monitor
2025-09-28 17:00:00+08,TPE_AIRPORT,84,85,2,2,2,0,14.9,observed,1.0,0.0,1,true,monitor
2025-09-28 17:00:00+08,XIMENDING,127,123,2,2,2,0,15.1,observed,1.0,0.0,-4,true,monitor
2025-09-28 18:00:00+08,TAIPEI_101,170,102,3,2,2,1,12.9,observed,0.6666666666666666,0.3333333333333333,-68,true,monitor
2025-09-28 18:00:00+08,TAIPEI_MAIN,171,137,2,2,2,0,13.6,observed,1.0,0.0,-34,true,monitor
2025-09-28 18:00:00+08,TPE_AIRPORT,96,101,7,6,5,2,20.2,observed,0.8571428571428571,0.2857142857142857,5,true,review_pickup_reliability
2025-09-28 18:00:00+08,XIMENDING,201,105,,,76,,,source_only_no_observed_trip,,,-96,true,monitor_source_only
2025-09-28 19:00:00+08,TAIPEI_101,163,131,2,2,2,0,17.7,observed,1.0,0.0,-32,true,monitor
2025-09-28 19:00:00+08,TAIPEI_MAIN,162,112,,,98,,,source_only_no_observed_trip,,,-50,true,monitor_source_only
2025-09-28 19:00:00+08,TPE_AIRPORT,121,104,3,3,3,0,18.6,observed,1.0,0.0,-17,true,monitor
2025-09-28 19:00:00+08,XIMENDING,126,109,2,2,2,0,16.7,observed,1.0,0.0,-17,true,monitor
2025-09-28 20:00:00+08,TAIPEI_101,148,172,,,133,,,source_only_no_observed_trip,,,24,true,monitor_source_only
2025-09-28 20:00:00+08,TAIPEI_MAIN,141,184,1,1,1,0,19.0,observed,1.0,0.0,43,true,increase_supply_or_pause_send
2025-09-28 20:00:00+08,TPE_AIRPORT,83,157,4,4,4,0,17.6,observed,1.0,0.0,74,true,increase_supply_or_pause_send
2025-09-28 20:00:00+08,XIMENDING,141,129,1,1,1,0,12.0,observed,1.0,0.0,-12,true,monitor
2025-09-28 21:00:00+08,TAIPEI_101,138,193,,,169,,,source_only_no_observed_trip,,,55,true,monitor_source_only
2025-09-28 21:00:00+08,TAIPEI_MAIN,118,178,,,135,,,source_only_no_observed_trip,,,60,true,monitor_source_only
2025-09-28 21:00:00+08,TPE_AIRPORT,91,128,4,4,3,1,19.4,observed,1.0,0.25,37,true,increase_supply_or_pause_send
2025-09-28 21:00:00+08,XIMENDING,136,191,,,162,,,source_only_no_observed_trip,,,55,true,monitor_source_only
2025-09-28 22:00:00+08,TAIPEI_101,141,199,1,1,1,0,8.0,observed,1.0,0.0,58,true,increase_supply_or_pause_send
2025-09-28 22:00:00+08,TAIPEI_MAIN,131,160,,,143,,,source_only_no_observed_trip,,,29,true,monitor_source_only
2025-09-28 22:00:00+08,TPE_AIRPORT,70,96,2,1,1,1,15.0,observed,0.5,0.5,26,true,increase_supply_or_pause_send
2025-09-28 22:00:00+08,XIMENDING,138,167,,,128,,,source_only_no_observed_trip,,,29,true,monitor_source_only
2025-09-28 23:00:00+08,TAIPEI_101,134,154,,,134,,,source_only_no_observed_trip,,,20,true,monitor_source_only
2025-09-28 23:00:00+08,TAIPEI_MAIN,145,172,,,150,,,source_only_no_observed_trip,,,27,true,monitor_source_only
2025-09-28 23:00:00+08,TPE_AIRPORT,86,142,9,8,8,1,21.599999999999998,observed,0.8888888888888888,0.1111111111111111,56,true,increase_supply_or_pause_send
2025-09-28 23:00:00+08,XIMENDING,145,215,1,0,0,1,,observed,0.0,1.0,70,true,increase_supply_or_pause_send
2025-09-29 00:00:00+08,TAIPEI_101,180,98,4,4,4,0,14.8,observed,1.0,0.0,-82,true,monitor
2025-09-29 00:00:00+08,TAIPEI_MAIN,174,103,,,77,,,source_only_no_observed_trip,,,-71,true,monitor_source_only
2025-09-29 00:00:00+08,TPE_AIRPORT,119,112,7,7,6,1,19.0,observed,1.0,0.14285714285714285,-7,true,monitor
2025-09-29 00:00:00+08,XIMENDING,145,123,1,0,0,1,,observed,0.0,1.0,-22,true,monitor
2025-09-29 01:00:00+08,TAIPEI_101,185,90,1,1,1,0,19.0,observed,1.0,0.0,-95,true,monitor
2025-09-29 01:00:00+08,TAIPEI_MAIN,145,103,,,86,,,source_only_no_observed_trip,,,-42,true,monitor_source_only
2025-09-29 01:00:00+08,TPE_AIRPORT,110,79,7,7,7,0,22.0,observed,1.0,0.0,-31,true,review_pickup_reliability
2025-09-29 01:00:00+08,XIMENDING,143,114,1,1,1,0,20.0,observed,1.0,0.0,-29,true,monitor
2025-09-29 02:00:00+08,TAIPEI_101,160,113,,,100,,,source_only_no_observed_trip,,,-47,true,monitor_source_only
2025-09-29 02:00:00+08,TAIPEI_MAIN,163,126,1,1,1,0,22.0,observed,1.0,0.0,-37,true,review_pickup_reliability
2025-09-29 02:00:00+08,TPE_AIRPORT,122,113,2,2,2,0,13.2,observed,1.0,0.0,-9,true,monitor
2025-09-29 02:00:00+08,XIMENDING,147,131,,,114,,,source_only_no_observed_trip,,,-16,true,monitor_source_only
2025-09-29 03:00:00+08,TAIPEI_101,182,133,,,110,,,source_only_no_observed_trip,,,-49,true,monitor_source_only
2025-09-29 03:00:00+08,TAIPEI_MAIN,156,118,1,1,1,0,12.0,observed,1.0,0.0,-38,true,monitor
2025-09-29 03:00:00+08,TPE_AIRPORT,111,103,3,3,3,0,18.0,observed,1.0,0.0,-8,true,monitor
2025-09-29 03:00:00+08,XIMENDING,163,120,,,97,,,source_only_no_observed_trip,,,-43,true,monitor_source_only
2025-09-29 04:00:00+08,TAIPEI_101,193,92,,,77,,,source_only_no_observed_trip,,,-101,true,monitor_source_only
2025-09-29 04:00:00+08,TAIPEI_MAIN,177,143,2,2,2,0,17.4,observed,1.0,0.0,-34,true,monitor
2025-09-29 04:00:00+08,TPE_AIRPORT,107,133,1,1,1,0,15.0,observed,1.0,0.0,26,true,increase_supply_or_pause_send
2025-09-29 04:00:00+08,XIMENDING,151,130,1,1,1,0,17.0,observed,1.0,0.0,-21,true,monitor
2025-09-29 05:00:00+08,TAIPEI_101,153,222,,,201,,,source_only_no_observed_trip,,,69,true,monitor_source_only
2025-09-29 05:00:00+08,TAIPEI_MAIN,137,186,1,1,1,0,16.0,observed,1.0,0.0,49,true,increase_supply_or_pause_send
2025-09-29 05:00:00+08,TPE_AIRPORT,87,101,,,91,,,source_only_no_observed_trip,,,14,true,monitor_source_only
2025-09-29 05:00:00+08,XIMENDING,140,172,1,1,1,0,10.0,observed,1.0,0.0,32,true,increase_supply_or_pause_send
2025-09-29 06:00:00+08,TAIPEI_101,122,180,2,2,2,0,10.9,observed,1.0,0.0,58,true,increase_supply_or_pause_send
2025-09-29 06:00:00+08,TAIPEI_MAIN,120,232,,,201,,,source_only_no_observed_trip,,,112,true,monitor_source_only
2025-09-29 06:00:00+08,TPE_AIRPORT,102,86,5,5,5,0,19.0,observed,1.0,0.0,-16,true,monitor
2025-09-29 06:00:00+08,XIMENDING,158,156,2,2,2,0,20.6,observed,1.0,0.0,-2,true,review_pickup_reliability
2025-09-29 07:00:00+08,TAIPEI_101,127,223,3,3,3,0,17.6,observed,1.0,0.0,96,true,increase_supply_or_pause_send
2025-09-29 07:00:00+08,TAIPEI_MAIN,118,215,2,2,1,1,11.0,observed,1.0,0.5,97,true,increase_supply_or_pause_send
2025-09-29 07:00:00+08,TPE_AIRPORT,79,104,10,10,9,1,18.2,observed,1.0,0.1,25,true,increase_supply_or_pause_send
2025-09-29 07:00:00+08,XIMENDING,128,223,,,195,,,source_only_no_observed_trip,,,95,true,monitor_source_only
2025-09-29 08:00:00+08,TAIPEI_101,166,181,1,1,1,0,12.0,observed,1.0,0.0,15,true,monitor
2025-09-29 08:00:00+08,TAIPEI_MAIN,134,171,3,3,2,1,18.8,observed,1.0,0.3333333333333333,37,true,increase_supply_or_pause_send
2025-09-29 08:00:00+08,TPE_AIRPORT,96,130,8,7,6,2,18.5,observed,0.875,0.25,34,true,increase_supply_or_pause_send
2025-09-29 08:00:00+08,XIMENDING,157,161,,,142,,,source_only_no_observed_trip,,,4,true,monitor_source_only
2025-09-29 09:00:00+08,TAIPEI_101,164,111,,,100,,,source_only_no_observed_trip,,,-53,true,monitor_source_only
2025-09-29 09:00:00+08,TAIPEI_MAIN,153,116,,,105,,,source_only_no_observed_trip,,,-37,true,monitor_source_only
2025-09-29 09:00:00+08,TPE_AIRPORT,104,46,6,5,5,1,20.0,observed,0.8333333333333334,0.16666666666666666,-58,true,monitor
2025-09-29 09:00:00+08,XIMENDING,166,122,1,1,1,0,11.0,observed,1.0,0.0,-44,true,monitor
2025-09-29 10:00:00+08,TAIPEI_101,146,144,,,119,,,source_only_no_observed_trip,,,-2,true,monitor_source_only
2025-09-29 10:00:00+08,TAIPEI_MAIN,183,132,,,97,,,source_only_no_observed_trip,,,-51,true,monitor_source_only
2025-09-29 10:00:00+08,TPE_AIRPORT,112,98,9,9,9,0,22.2,observed,1.0,0.0,-14,true,review_pickup_reliability
2025-09-29 10:00:00+08,XIMENDING,185,104,,,77,,,source_only_no_observed_trip,,,-81,true,monitor_source_only
2025-09-29 11:00:00+08,TAIPEI_101,156,122,1,1,1,0,13.0,observed,1.0,0.0,-34,true,monitor
2025-09-29 11:00:00+08,TAIPEI_MAIN,176,92,1,1,1,0,17.0,observed,1.0,0.0,-84,true,monitor
2025-09-29 11:00:00+08,TPE_AIRPORT,120,70,7,7,7,0,17.4,observed,1.0,0.0,-50,true,monitor
2025-09-29 11:00:00+08,XIMENDING,135,102,,,77,,,source_only_no_observed_trip,,,-33,true,monitor_source_only
2025-09-29 12:00:00+08,TAIPEI_101,165,114,1,1,1,0,19.0,observed,1.0,0.0,-51,true,monitor
2025-09-29 12:00:00+08,TAIPEI_MAIN,169,147,1,1,1,0,20.0,observed,1.0,0.0,-22,true,monitor
2025-09-29 12:00:00+08,TPE_AIRPORT,95,91,2,2,2,0,15.2,observed,1.0,0.0,-4,true,monitor
2025-09-29 12:00:00+08,XIMENDING,177,57,,,43,,,source_only_no_observed_trip,,,-120,true,monitor_source_only
2025-09-29 13:00:00+08,TAIPEI_101,171,107,,,96,,,source_only_no_observed_trip,,,-64,true,monitor_source_only
2025-09-29 13:00:00+08,TAIPEI_MAIN,142,105,,,83,,,source_only_no_observed_trip,,,-37,true,monitor_source_only
2025-09-29 13:00:00+08,TPE_AIRPORT,97,125,4,2,1,3,5.0,observed,0.5,0.75,28,true,increase_supply_or_pause_send
2025-09-29 13:00:00+08,XIMENDING,122,112,,,89,,,source_only_no_observed_trip,,,-10,true,monitor_source_only
2025-09-29 14:00:00+08,TAIPEI_101,164,135,,,99,,,source_only_no_observed_trip,,,-29,true,monitor_source_only
2025-09-29 14:00:00+08,TAIPEI_MAIN,170,169,,,134,,,source_only_no_observed_trip,,,-1,true,monitor_source_only
2025-09-29 14:00:00+08,TPE_AIRPORT,124,64,1,1,1,0,15.0,observed,1.0,0.0,-60,true,monitor
2025-09-29 14:00:00+08,XIMENDING,172,87,,,74,,,source_only_no_observed_trip,,,-85,true,monitor_source_only
2025-09-29 15:00:00+08,TAIPEI_101,157,117,1,1,1,0,12.0,observed,1.0,0.0,-40,true,monitor
2025-09-29 15:00:00+08,TAIPEI_MAIN,175,94,2,2,2,0,17.7,observed,1.0,0.0,-81,true,monitor
2025-09-29 15:00:00+08,TPE_AIRPORT,113,71,4,4,4,0,20.1,observed,1.0,0.0,-42,true,review_pickup_reliability
2025-09-29 15:00:00+08,XIMENDING,173,86,,,70,,,source_only_no_observed_trip,,,-87,true,monitor_source_only
2025-09-29 16:00:00+08,TAIPEI_101,185,125,2,2,2,0,13.5,observed,1.0,0.0,-60,true,monitor
2025-09-29 16:00:00+08,TAIPEI_MAIN,137,122,1,1,1,0,20.0,observed,1.0,0.0,-15,true,monitor
2025-09-29 16:00:00+08,TPE_AIRPORT,91,89,1,1,1,0,19.0,observed,1.0,0.0,-2,true,monitor
2025-09-29 16:00:00+08,XIMENDING,197,150,,,120,,,source_only_no_observed_trip,,,-47,true,monitor_source_only
2025-09-29 17:00:00+08,TAIPEI_101,165,101,,,87,,,source_only_no_observed_trip,,,-64,true,monitor_source_only
2025-09-29 17:00:00+08,TAIPEI_MAIN,147,135,4,3,3,1,20.400000000000002,observed,0.75,0.25,-12,true,review_pickup_reliability
2025-09-29 17:00:00+08,TPE_AIRPORT,88,65,,,54,,,source_only_no_observed_trip,,,-23,true,monitor_source_only
2025-09-29 17:00:00+08,XIMENDING,176,91,,,71,,,source_only_no_observed_trip,,,-85,true,monitor_source_only
2025-09-29 18:00:00+08,TAIPEI_101,149,112,,,83,,,source_only_no_observed_trip,,,-37,true,monitor_source_only
2025-09-29 18:00:00+08,TAIPEI_MAIN,149,151,,,116,,,source_only_no_observed_trip,,,2,true,monitor_source_only
2025-09-29 18:00:00+08,TPE_AIRPORT,114,96,2,2,2,0,13.6,observed,1.0,0.0,-18,true,monitor
2025-09-29 18:00:00+08,XIMENDING,165,94,2,1,1,1,14.0,observed,0.5,0.5,-71,true,monitor
2025-09-29 19:00:00+08,TAIPEI_101,159,173,,,134,,,source_only_no_observed_trip,,,14,true,monitor_source_only
2025-09-29 19:00:00+08,TAIPEI_MAIN,171,95,3,3,2,1,16.7,observed,1.0,0.3333333333333333,-76,true,monitor
2025-09-29 19:00:00+08,TPE_AIRPORT,126,90,4,3,3,1,17.8,observed,0.75,0.25,-36,true,monitor
2025-09-29 19:00:00+08,XIMENDING,166,128,,,112,,,source_only_no_observed_trip,,,-38,true,monitor_source_only
2025-09-29 20:00:00+08,TAIPEI_101,156,223,1,1,1,0,13.0,observed,1.0,0.0,67,true,increase_supply_or_pause_send
2025-09-29 20:00:00+08,TAIPEI_MAIN,136,122,,,90,,,source_only_no_observed_trip,,,-14,true,monitor_source_only
2025-09-29 20:00:00+08,TPE_AIRPORT,58,103,5,5,4,1,18.700000000000003,observed,1.0,0.2,45,true,increase_supply_or_pause_send
2025-09-29 20:00:00+08,XIMENDING,141,180,3,2,2,1,22.2,observed,0.6666666666666666,0.3333333333333333,39,true,increase_supply_or_pause_send
2025-09-29 21:00:00+08,TAIPEI_101,110,186,,,138,,,source_only_no_observed_trip,,,76,true,monitor_source_only
2025-09-29 21:00:00+08,TAIPEI_MAIN,144,170,,,150,,,source_only_no_observed_trip,,,26,true,monitor_source_only
2025-09-29 21:00:00+08,TPE_AIRPORT,62,142,5,5,4,1,19.0,observed,1.0,0.2,80,true,increase_supply_or_pause_send
2025-09-29 21:00:00+08,XIMENDING,109,197,,,146,,,source_only_no_observed_trip,,,88,true,monitor_source_only
2025-09-29 22:00:00+08,TAIPEI_101,134,169,,,129,,,source_only_no_observed_trip,,,35,true,monitor_source_only
2025-09-29 22:00:00+08,TAIPEI_MAIN,125,191,,,149,,,source_only_no_observed_trip,,,66,true,monitor_source_only
2025-09-29 22:00:00+08,TPE_AIRPORT,90,147,5,5,4,1,12.8,observed,1.0,0.2,57,true,increase_supply_or_pause_send
2025-09-29 22:00:00+08,XIMENDING,134,191,,,159,,,source_only_no_observed_trip,,,57,true,monitor_source_only
2025-09-29 23:00:00+08,TAIPEI_101,148,162,,,122,,,source_only_no_observed_trip,,,14,true,monitor_source_only
2025-09-29 23:00:00+08,TAIPEI_MAIN,139,199,,,166,,,source_only_no_observed_trip,,,60,true,monitor_source_only
2025-09-29 23:00:00+08,TPE_AIRPORT,87,137,4,4,4,0,16.5,observed,1.0,0.0,50,true,increase_supply_or_pause_send
2025-09-29 23:00:00+08,XIMENDING,140,194,2,2,2,0,12.600000000000001,observed,1.0,0.0,54,true,increase_supply_or_pause_send
2025-09-30 00:00:00+08,TAIPEI_101,159,140,,,118,,,source_only_no_observed_trip,,,-19,true,monitor_source_only
2025-09-30 00:00:00+08,TAIPEI_MAIN,163,133,1,0,0,1,,observed,0.0,1.0,-30,true,monitor
2025-09-30 00:00:00+08,TPE_AIRPORT,80,100,9,8,8,1,19.9,observed,0.8888888888888888,0.1111111111111111,20,true,monitor
2025-09-30 00:00:00+08,XIMENDING,143,108,1,1,1,0,10.0,observed,1.0,0.0,-35,true,monitor
2025-09-30 01:00:00+08,TAIPEI_101,144,134,2,2,2,0,15.6,observed,1.0,0.0,-10,true,monitor
2025-09-30 01:00:00+08,TAIPEI_MAIN,150,143,,,125,,,source_only_no_observed_trip,,,-7,true,monitor_source_only
2025-09-30 01:00:00+08,TPE_AIRPORT,121,44,3,3,3,0,16.8,observed,1.0,0.0,-77,true,monitor
2025-09-30 01:00:00+08,XIMENDING,162,120,,,109,,,source_only_no_observed_trip,,,-42,true,monitor_source_only
2025-09-30 02:00:00+08,TAIPEI_101,174,80,1,1,1,0,18.0,observed,1.0,0.0,-94,true,monitor
2025-09-30 02:00:00+08,TAIPEI_MAIN,148,127,,,110,,,source_only_no_observed_trip,,,-21,true,monitor_source_only
2025-09-30 02:00:00+08,TPE_AIRPORT,77,67,4,3,3,1,11.8,observed,0.75,0.25,-10,true,monitor
2025-09-30 02:00:00+08,XIMENDING,116,149,,,123,,,source_only_no_observed_trip,,,33,true,monitor_source_only
2025-09-30 03:00:00+08,TAIPEI_101,154,107,,,94,,,source_only_no_observed_trip,,,-47,true,monitor_source_only
2025-09-30 03:00:00+08,TAIPEI_MAIN,165,125,,,94,,,source_only_no_observed_trip,,,-40,true,monitor_source_only
2025-09-30 03:00:00+08,TPE_AIRPORT,111,86,3,3,3,0,22.8,observed,1.0,0.0,-25,true,review_pickup_reliability
2025-09-30 03:00:00+08,XIMENDING,161,116,,,84,,,source_only_no_observed_trip,,,-45,true,monitor_source_only
2025-09-30 04:00:00+08,TAIPEI_101,156,166,1,1,1,0,15.0,observed,1.0,0.0,10,true,monitor
2025-09-30 04:00:00+08,TAIPEI_MAIN,162,127,,,94,,,source_only_no_observed_trip,,,-35,true,monitor_source_only
2025-09-30 04:00:00+08,TPE_AIRPORT,99,114,3,3,3,0,19.8,observed,1.0,0.0,15,true,monitor
2025-09-30 04:00:00+08,XIMENDING,145,107,1,1,1,0,14.0,observed,1.0,0.0,-38,true,monitor
2025-09-30 05:00:00+08,TAIPEI_101,154,182,2,2,2,0,18.0,observed,1.0,0.0,28,true,increase_supply_or_pause_send
2025-09-30 05:00:00+08,TAIPEI_MAIN,153,167,1,1,1,0,23.0,observed,1.0,0.0,14,true,review_pickup_reliability
2025-09-30 05:00:00+08,TPE_AIRPORT,63,80,3,3,2,1,16.6,observed,1.0,0.3333333333333333,17,true,monitor
2025-09-30 05:00:00+08,XIMENDING,101,175,,,126,,,source_only_no_observed_trip,,,74,true,monitor_source_only
2025-09-30 06:00:00+08,TAIPEI_101,149,197,,,165,,,source_only_no_observed_trip,,,48,true,monitor_source_only
2025-09-30 06:00:00+08,TAIPEI_MAIN,132,176,,,136,,,source_only_no_observed_trip,,,44,true,monitor_source_only
2025-09-30 06:00:00+08,TPE_AIRPORT,96,115,3,3,3,0,12.8,observed,1.0,0.0,19,true,monitor
2025-09-30 06:00:00+08,XIMENDING,156,182,1,1,1,0,17.0,observed,1.0,0.0,26,true,increase_supply_or_pause_send
2025-09-30 07:00:00+08,TAIPEI_101,119,202,2,2,1,1,18.0,observed,1.0,0.5,83,true,increase_supply_or_pause_send
2025-09-30 07:00:00+08,TAIPEI_MAIN,121,174,1,1,1,0,17.0,observed,1.0,0.0,53,true,increase_supply_or_pause_send
2025-09-30 07:00:00+08,TPE_AIRPORT,88,132,13,11,10,3,18.5,observed,0.8461538461538461,0.23076923076923078,44,true,increase_supply_or_pause_send
2025-09-30 07:00:00+08,XIMENDING,123,169,,,124,,,source_only_no_observed_trip,,,46,true,monitor_source_only
2025-09-30 08:00:00+08,TAIPEI_101,143,164,1,1,1,0,13.0,observed,1.0,0.0,21,true,increase_supply_or_pause_send
2025-09-30 08:00:00+08,TAIPEI_MAIN,175,208,1,1,1,0,20.0,observed,1.0,0.0,33,true,increase_supply_or_pause_send
2025-09-30 08:00:00+08,TPE_AIRPORT,34,108,6,6,6,0,20.0,observed,1.0,0.0,74,true,increase_supply_or_pause_send
2025-09-30 08:00:00+08,XIMENDING,129,193,,,168,,,source_only_no_observed_trip,,,64,true,monitor_source_only
2025-09-30 09:00:00+08,TAIPEI_101,151,103,,,74,,,source_only_no_observed_trip,,,-48,true,monitor_source_only
2025-09-30 09:00:00+08,TAIPEI_MAIN,149,125,4,3,3,1,18.8,observed,0.75,0.25,-24,true,monitor
2025-09-30 09:00:00+08,TPE_AIRPORT,113,36,6,6,6,0,21.0,observed,1.0,0.0,-77,true,review_pickup_reliability
2025-09-30 09:00:00+08,XIMENDING,159,122,1,1,1,0,15.0,observed,1.0,0.0,-37,true,monitor
2025-09-30 10:00:00+08,TAIPEI_101,165,79,2,2,2,0,17.2,observed,1.0,0.0,-86,true,monitor
2025-09-30 10:00:00+08,TAIPEI_MAIN,193,49,1,1,1,0,10.0,observed,1.0,0.0,-144,true,monitor
2025-09-30 10:00:00+08,TPE_AIRPORT,94,67,5,5,4,1,19.7,observed,1.0,0.2,-27,true,monitor
2025-09-30 10:00:00+08,XIMENDING,159,124,,,112,,,source_only_no_observed_trip,,,-35,true,monitor_source_only
2025-09-30 11:00:00+08,TAIPEI_101,132,102,1,1,1,0,16.0,observed,1.0,0.0,-30,true,monitor
2025-09-30 11:00:00+08,TAIPEI_MAIN,193,131,,,116,,,source_only_no_observed_trip,,,-62,true,monitor_source_only
2025-09-30 11:00:00+08,TPE_AIRPORT,120,102,7,6,6,1,15.5,observed,0.8571428571428571,0.14285714285714285,-18,true,monitor
2025-09-30 11:00:00+08,XIMENDING,175,111,1,1,1,0,18.0,observed,1.0,0.0,-64,true,monitor
2025-09-30 12:00:00+08,TAIPEI_101,155,89,,,77,,,source_only_no_observed_trip,,,-66,true,monitor_source_only
2025-09-30 12:00:00+08,TAIPEI_MAIN,190,158,1,1,1,0,16.0,observed,1.0,0.0,-32,true,monitor
2025-09-30 12:00:00+08,TPE_AIRPORT,96,112,3,3,3,0,16.0,observed,1.0,0.0,16,true,monitor
2025-09-30 12:00:00+08,XIMENDING,156,95,,,84,,,source_only_no_observed_trip,,,-61,true,monitor_source_only
2025-09-30 13:00:00+08,TAIPEI_101,188,105,,,78,,,source_only_no_observed_trip,,,-83,true,monitor_source_only
2025-09-30 13:00:00+08,TAIPEI_MAIN,135,120,,,87,,,source_only_no_observed_trip,,,-15,true,monitor_source_only
2025-09-30 13:00:00+08,TPE_AIRPORT,90,75,4,4,4,0,21.4,observed,1.0,0.0,-15,true,review_pickup_reliability
2025-09-30 13:00:00+08,XIMENDING,174,119,,,89,,,source_only_no_observed_trip,,,-55,true,monitor_source_only
2025-09-30 14:00:00+08,TAIPEI_101,164,119,1,0,0,1,,observed,0.0,1.0,-45,true,monitor
2025-09-30 14:00:00+08,TAIPEI_MAIN,176,112,1,1,1,0,18.0,observed,1.0,0.0,-64,true,monitor
2025-09-30 14:00:00+08,TPE_AIRPORT,131,109,3,3,3,0,21.0,observed,1.0,0.0,-22,true,review_pickup_reliability
2025-09-30 14:00:00+08,XIMENDING,143,113,1,1,1,0,14.0,observed,1.0,0.0,-30,true,monitor
2025-09-30 15:00:00+08,TAIPEI_101,134,89,,,70,,,source_only_no_observed_trip,,,-45,true,monitor_source_only
2025-09-30 15:00:00+08,TAIPEI_MAIN,161,115,1,1,1,0,18.0,observed,1.0,0.0,-46,true,monitor
2025-09-30 15:00:00+08,TPE_AIRPORT,131,63,2,2,2,0,8.7,observed,1.0,0.0,-68,true,monitor
2025-09-30 15:00:00+08,XIMENDING,138,79,,,56,,,source_only_no_observed_trip,,,-59,true,monitor_source_only
2025-09-30 16:00:00+08,TAIPEI_101,146,116,,,84,,,source_only_no_observed_trip,,,-30,true,monitor_source_only
2025-09-30 16:00:00+08,TAIPEI_MAIN,153,75,,,55,,,source_only_no_observed_trip,,,-78,true,monitor_source_only
2025-09-30 16:00:00+08,TPE_AIRPORT,137,91,,,79,,,source_only_no_observed_trip,,,-46,true,monitor_source_only
2025-09-30 16:00:00+08,XIMENDING,159,138,1,1,1,0,8.0,observed,1.0,0.0,-21,true,monitor
2025-09-30 17:00:00+08,TAIPEI_101,125,100,2,2,2,0,14.6,observed,1.0,0.0,-25,true,monitor
2025-09-30 17:00:00+08,TAIPEI_MAIN,169,141,,,112,,,source_only_no_observed_trip,,,-28,true,monitor_source_only
2025-09-30 17:00:00+08,TPE_AIRPORT,98,37,4,4,4,0,20.0,observed,1.0,0.0,-61,true,monitor
2025-09-30 17:00:00+08,XIMENDING,163,119,1,1,0,1,,observed,1.0,1.0,-44,true,monitor
2025-09-30 18:00:00+08,TAIPEI_101,148,97,4,4,4,0,15.0,observed,1.0,0.0,-51,true,monitor
2025-09-30 18:00:00+08,TAIPEI_MAIN,211,101,,,90,,,source_only_no_observed_trip,,,-110,true,monitor_source_only
2025-09-30 18:00:00+08,TPE_AIRPORT,105,83,5,5,5,0,20.6,observed,1.0,0.0,-22,true,review_pickup_reliability
2025-09-30 18:00:00+08,XIMENDING,125,145,3,3,3,0,15.4,observed,1.0,0.0,20,true,monitor
2025-09-30 19:00:00+08,TAIPEI_101,160,107,1,1,0,1,,observed,1.0,1.0,-53,true,monitor
2025-09-30 19:00:00+08,TAIPEI_MAIN,151,117,2,2,2,0,13.399999999999999,observed,1.0,0.0,-34,true,monitor
2025-09-30 19:00:00+08,TPE_AIRPORT,132,87,3,3,2,1,13.799999999999999,observed,1.0,0.3333333333333333,-45,true,monitor
2025-09-30 19:00:00+08,XIMENDING,147,84,3,2,2,1,16.0,observed,0.6666666666666666,0.3333333333333333,-63,true,monitor
2025-09-30 20:00:00+08,TAIPEI_101,136,229,2,2,2,0,18.8,observed,1.0,0.0,93,true,increase_supply_or_pause_send
2025-09-30 20:00:00+08,TAIPEI_MAIN,163,189,1,1,1,0,12.0,observed,1.0,0.0,26,true,increase_supply_or_pause_send
2025-09-30 20:00:00+08,TPE_AIRPORT,82,114,2,2,2,0,15.0,observed,1.0,0.0,32,true,increase_supply_or_pause_send
2025-09-30 20:00:00+08,XIMENDING,169,172,1,1,1,0,15.0,observed,1.0,0.0,3,true,monitor
2025-09-30 21:00:00+08,TAIPEI_101,149,168,,,137,,,source_only_no_observed_trip,,,19,true,monitor_source_only
2025-09-30 21:00:00+08,TAIPEI_MAIN,120,216,,,162,,,source_only_no_observed_trip,,,96,true,monitor_source_only
2025-09-30 21:00:00+08,TPE_AIRPORT,84,142,5,5,5,0,17.6,observed,1.0,0.0,58,true,increase_supply_or_pause_send
2025-09-30 21:00:00+08,XIMENDING,117,185,,,167,,,source_only_no_observed_trip,,,68,true,monitor_source_only
2025-09-30 22:00:00+08,TAIPEI_101,135,203,,,175,,,source_only_no_observed_trip,,,68,true,monitor_source_only
2025-09-30 22:00:00+08,TAIPEI_MAIN,119,154,1,1,1,0,11.0,observed,1.0,0.0,35,true,increase_supply_or_pause_send
2025-09-30 22:00:00+08,TPE_AIRPORT,70,146,6,6,6,0,22.0,observed,1.0,0.0,76,true,increase_supply_or_pause_send
2025-09-30 22:00:00+08,XIMENDING,128,173,2,2,2,0,14.1,observed,1.0,0.0,45,true,increase_supply_or_pause_send
2025-09-30 23:00:00+08,TAIPEI_101,137,205,1,1,1,0,16.0,observed,1.0,0.0,68,true,increase_supply_or_pause_send
2025-09-30 23:00:00+08,TAIPEI_MAIN,158,186,2,2,2,0,11.9,observed,1.0,0.0,28,true,increase_supply_or_pause_send
2025-09-30 23:00:00+08,TPE_AIRPORT,126,143,6,6,5,1,18.6,observed,1.0,0.16666666666666666,17,true,monitor
2025-09-30 23:00:00+08,XIMENDING,114,191,1,1,1,0,17.0,observed,1.0,0.0,77,true,increase_supply_or_pause_send
2025-10-01 00:00:00+08,TAIPEI_101,172,79,,,61,,,source_only_no_observed_trip,,,-93,true,monitor_source_only
2025-10-01 00:00:00+08,TAIPEI_MAIN,168,133,,,104,,,source_only_no_observed_trip,,,-35,true,monitor_source_only
2025-10-01 00:00:00+08,TPE_AIRPORT,70,56,7,7,6,1,19.5,observed,1.0,0.14285714285714285,-14,true,monitor
2025-10-01 00:00:00+08,XIMENDING,134,121,1,1,1,0,18.0,observed,1.0,0.0,-13,true,monitor
2025-10-01 01:00:00+08,TAIPEI_101,168,108,2,2,2,0,18.9,observed,1.0,0.0,-60,true,monitor
2025-10-01 01:00:00+08,TAIPEI_MAIN,173,124,,,94,,,source_only_no_observed_trip,,,-49,true,monitor_source_only
2025-10-01 01:00:00+08,TPE_AIRPORT,126,61,3,3,3,0,20.200000000000003,observed,1.0,0.0,-65,true,review_pickup_reliability
2025-10-01 01:00:00+08,XIMENDING,169,112,,,100,,,source_only_no_observed_trip,,,-57,true,monitor_source_only
2025-10-01 02:00:00+08,TAIPEI_101,148,134,1,1,1,0,18.0,observed,1.0,0.0,-14,true,monitor
2025-10-01 02:00:00+08,TAIPEI_MAIN,152,114,,,84,,,source_only_no_observed_trip,,,-38,true,monitor_source_only
2025-10-01 02:00:00+08,TPE_AIRPORT,119,71,4,4,3,1,18.4,observed,1.0,0.25,-48,true,monitor
2025-10-01 02:00:00+08,XIMENDING,153,127,2,2,2,0,17.8,observed,1.0,0.0,-26,true,monitor
2025-10-01 03:00:00+08,TAIPEI_101,135,140,1,1,1,0,13.0,observed,1.0,0.0,5,true,monitor
2025-10-01 03:00:00+08,TAIPEI_MAIN,161,85,,,74,,,source_only_no_observed_trip,,,-76,true,monitor_source_only
2025-10-01 03:00:00+08,TPE_AIRPORT,81,55,,,44,,,source_only_no_observed_trip,,,-26,true,monitor_source_only
2025-10-01 03:00:00+08,XIMENDING,165,113,,,95,,,source_only_no_observed_trip,,,-52,true,monitor_source_only
2025-10-01 04:00:00+08,TAIPEI_101,178,118,1,1,1,0,17.0,observed,1.0,0.0,-60,true,monitor
2025-10-01 04:00:00+08,TAIPEI_MAIN,168,141,,,122,,,source_only_no_observed_trip,,,-27,true,monitor_source_only
2025-10-01 04:00:00+08,TPE_AIRPORT,89,103,3,3,3,0,17.8,observed,1.0,0.0,14,true,monitor
2025-10-01 04:00:00+08,XIMENDING,162,118,2,2,2,0,14.7,observed,1.0,0.0,-44,true,monitor
2025-10-01 05:00:00+08,TAIPEI_101,125,147,1,1,1,0,15.0,observed,1.0,0.0,22,true,increase_supply_or_pause_send
2025-10-01 05:00:00+08,TAIPEI_MAIN,142,165,,,131,,,source_only_no_observed_trip,,,23,true,monitor_source_only
2025-10-01 05:00:00+08,TPE_AIRPORT,96,118,4,4,4,0,12.8,observed,1.0,0.0,22,true,increase_supply_or_pause_send
2025-10-01 05:00:00+08,XIMENDING,159,174,3,3,3,0,18.2,observed,1.0,0.0,15,true,monitor
2025-10-01 06:00:00+08,TAIPEI_101,106,164,2,2,2,0,18.400000000000002,observed,1.0,0.0,58,true,increase_supply_or_pause_send
2025-10-01 06:00:00+08,TAIPEI_MAIN,122,188,,,158,,,source_only_no_observed_trip,,,66,true,monitor_source_only
2025-10-01 06:00:00+08,TPE_AIRPORT,89,153,3,2,2,1,19.8,observed,0.6666666666666666,0.3333333333333333,64,true,increase_supply_or_pause_send
2025-10-01 06:00:00+08,XIMENDING,129,152,,,129,,,source_only_no_observed_trip,,,23,true,monitor_source_only
2025-10-01 07:00:00+08,TAIPEI_101,128,196,3,3,2,1,21.3,observed,1.0,0.3333333333333333,68,true,increase_supply_or_pause_send
2025-10-01 07:00:00+08,TAIPEI_MAIN,103,204,1,1,1,0,11.0,observed,1.0,0.0,101,true,increase_supply_or_pause_send
2025-10-01 07:00:00+08,TPE_AIRPORT,69,101,10,8,7,3,18.8,observed,0.8,0.3,32,true,increase_supply_or_pause_send
2025-10-01 07:00:00+08,XIMENDING,123,176,1,1,1,0,18.0,observed,1.0,0.0,53,true,increase_supply_or_pause_send
2025-10-01 08:00:00+08,TAIPEI_101,109,189,1,0,0,1,,observed,0.0,1.0,80,true,increase_supply_or_pause_send
2025-10-01 08:00:00+08,TAIPEI_MAIN,146,196,,,144,,,source_only_no_observed_trip,,,50,true,monitor_source_only
2025-10-01 08:00:00+08,TPE_AIRPORT,76,117,7,7,7,0,15.200000000000001,observed,1.0,0.0,41,true,increase_supply_or_pause_send
2025-10-01 08:00:00+08,XIMENDING,165,200,3,2,2,1,15.9,observed,0.6666666666666666,0.3333333333333333,35,true,increase_supply_or_pause_send
2025-10-01 09:00:00+08,TAIPEI_101,166,102,2,2,2,0,17.299999999999997,observed,1.0,0.0,-64,true,monitor
2025-10-01 09:00:00+08,TAIPEI_MAIN,167,115,2,2,1,1,20.0,observed,1.0,0.5,-52,true,monitor
2025-10-01 09:00:00+08,TPE_AIRPORT,90,75,5,4,4,1,16.5,observed,0.8,0.2,-15,true,monitor
2025-10-01 09:00:00+08,XIMENDING,152,121,1,1,1,0,13.0,observed,1.0,0.0,-31,true,monitor
2025-10-01 10:00:00+08,TAIPEI_101,180,80,,,66,,,source_only_no_observed_trip,,,-100,true,monitor_source_only
2025-10-01 10:00:00+08,TAIPEI_MAIN,139,136,,,121,,,source_only_no_observed_trip,,,-3,true,monitor_source_only
2025-10-01 10:00:00+08,TPE_AIRPORT,130,77,3,3,3,0,16.0,observed,1.0,0.0,-53,true,monitor
2025-10-01 10:00:00+08,XIMENDING,181,134,,,102,,,source_only_no_observed_trip,,,-47,true,monitor_source_only
2025-10-01 11:00:00+08,TAIPEI_101,170,111,,,100,,,source_only_no_observed_trip,,,-59,true,monitor_source_only
2025-10-01 11:00:00+08,TAIPEI_MAIN,139,95,,,76,,,source_only_no_observed_trip,,,-44,true,monitor_source_only
2025-10-01 11:00:00+08,TPE_AIRPORT,70,80,4,3,3,1,20.6,observed,0.75,0.25,10,true,review_pickup_reliability
2025-10-01 11:00:00+08,XIMENDING,136,87,,,71,,,source_only_no_observed_trip,,,-49,true,monitor_source_only
2025-10-01 12:00:00+08,TAIPEI_101,160,97,1,1,1,0,17.0,observed,1.0,0.0,-63,true,monitor
2025-10-01 12:00:00+08,TAIPEI_MAIN,152,126,3,3,3,0,16.0,observed,1.0,0.0,-26,true,monitor
2025-10-01 12:00:00+08,TPE_AIRPORT,96,71,1,1,1,0,11.0,observed,1.0,0.0,-25,true,monitor
2025-10-01 12:00:00+08,XIMENDING,159,113,2,2,2,0,8.899999999999999,observed,1.0,0.0,-46,true,monitor
2025-10-01 13:00:00+08,TAIPEI_101,131,133,2,2,2,0,14.0,observed,1.0,0.0,2,true,monitor
2025-10-01 13:00:00+08,TAIPEI_MAIN,150,131,,,117,,,source_only_no_observed_trip,,,-19,true,monitor_source_only
2025-10-01 13:00:00+08,TPE_AIRPORT,108,64,2,2,2,0,19.3,observed,1.0,0.0,-44,true,monitor
2025-10-01 13:00:00+08,XIMENDING,185,123,,,102,,,source_only_no_observed_trip,,,-62,true,monitor_source_only
2025-10-01 14:00:00+08,TAIPEI_101,169,105,,,79,,,source_only_no_observed_trip,,,-64,true,monitor_source_only
2025-10-01 14:00:00+08,TAIPEI_MAIN,157,139,2,2,1,1,14.0,observed,1.0,0.5,-18,true,monitor
2025-10-01 14:00:00+08,TPE_AIRPORT,101,93,1,1,1,0,14.0,observed,1.0,0.0,-8,true,monitor
2025-10-01 14:00:00+08,XIMENDING,147,85,,,71,,,source_only_no_observed_trip,,,-62,true,monitor_source_only
2025-10-01 15:00:00+08,TAIPEI_101,197,107,,,90,,,source_only_no_observed_trip,,,-90,true,monitor_source_only
2025-10-01 15:00:00+08,TAIPEI_MAIN,138,135,2,2,2,0,15.1,observed,1.0,0.0,-3,true,monitor
2025-10-01 15:00:00+08,TPE_AIRPORT,98,126,2,2,2,0,17.099999999999998,observed,1.0,0.0,28,true,increase_supply_or_pause_send
2025-10-01 15:00:00+08,XIMENDING,182,114,1,1,1,0,16.0,observed,1.0,0.0,-68,true,monitor
2025-10-01 16:00:00+08,TAIPEI_101,150,118,2,2,2,0,14.0,observed,1.0,0.0,-32,true,monitor
2025-10-01 16:00:00+08,TAIPEI_MAIN,145,115,,,86,,,source_only_no_observed_trip,,,-30,true,monitor_source_only
2025-10-01 16:00:00+08,TPE_AIRPORT,150,78,8,8,7,1,15.200000000000001,observed,1.0,0.125,-72,true,monitor
2025-10-01 16:00:00+08,XIMENDING,169,107,1,1,1,0,14.0,observed,1.0,0.0,-62,true,monitor
2025-10-01 17:00:00+08,TAIPEI_101,167,105,2,2,2,0,11.700000000000001,observed,1.0,0.0,-62,true,monitor
2025-10-01 17:00:00+08,TAIPEI_MAIN,157,144,2,2,1,1,8.0,observed,1.0,0.5,-13,true,monitor
2025-10-01 17:00:00+08,TPE_AIRPORT,130,64,6,6,6,0,16.5,observed,1.0,0.0,-66,true,monitor
2025-10-01 17:00:00+08,XIMENDING,181,117,2,2,2,0,12.700000000000001,observed,1.0,0.0,-64,true,monitor
2025-10-01 18:00:00+08,TAIPEI_101,129,102,2,2,1,1,19.0,observed,1.0,0.5,-27,true,monitor
2025-10-01 18:00:00+08,TAIPEI_MAIN,144,98,,,86,,,source_only_no_observed_trip,,,-46,true,monitor_source_only
2025-10-01 18:00:00+08,TPE_AIRPORT,98,70,6,6,6,0,19.5,observed,1.0,0.0,-28,true,monitor
2025-10-01 18:00:00+08,XIMENDING,159,117,2,2,1,1,13.0,observed,1.0,0.5,-42,true,monitor
2025-10-01 19:00:00+08,TAIPEI_101,132,118,3,3,3,0,23.6,observed,1.0,0.0,-14,true,review_pickup_reliability
2025-10-01 19:00:00+08,TAIPEI_MAIN,173,88,3,3,3,0,22.6,observed,1.0,0.0,-85,true,review_pickup_reliability
2025-10-01 19:00:00+08,TPE_AIRPORT,112,43,2,2,2,0,21.599999999999998,observed,1.0,0.0,-69,true,review_pickup_reliability
2025-10-01 19:00:00+08,XIMENDING,158,88,1,1,0,1,,observed,1.0,1.0,-70,true,monitor
2025-10-01 20:00:00+08,TAIPEI_101,140,162,,,132,,,source_only_no_observed_trip,,,22,true,monitor_source_only
2025-10-01 20:00:00+08,TAIPEI_MAIN,116,216,,,183,,,source_only_no_observed_trip,,,100,true,monitor_source_only
2025-10-01 20:00:00+08,TPE_AIRPORT,87,142,5,5,4,1,18.700000000000003,observed,1.0,0.2,55,true,increase_supply_or_pause_send
2025-10-01 20:00:00+08,XIMENDING,100,193,1,1,1,0,23.0,observed,1.0,0.0,93,true,increase_supply_or_pause_send
2025-10-01 21:00:00+08,TAIPEI_101,176,156,2,2,2,0,19.6,observed,1.0,0.0,-20,true,monitor
2025-10-01 21:00:00+08,TAIPEI_MAIN,137,217,,,162,,,source_only_no_observed_trip,,,80,true,monitor_source_only
2025-10-01 21:00:00+08,TPE_AIRPORT,63,149,8,8,8,0,20.2,observed,1.0,0.0,86,true,increase_supply_or_pause_send
2025-10-01 21:00:00+08,XIMENDING,129,264,,,226,,,source_only_no_observed_trip,,,135,true,monitor_source_only
2025-10-01 22:00:00+08,TAIPEI_101,140,212,,,167,,,source_only_no_observed_trip,,,72,true,monitor_source_only
2025-10-01 22:00:00+08,TAIPEI_MAIN,176,185,,,137,,,source_only_no_observed_trip,,,9,true,monitor_source_only
2025-10-01 22:00:00+08,TPE_AIRPORT,92,156,4,4,4,0,18.400000000000002,observed,1.0,0.0,64,true,increase_supply_or_pause_send
2025-10-01 22:00:00+08,XIMENDING,154,183,2,2,2,0,19.7,observed,1.0,0.0,29,true,increase_supply_or_pause_send
2025-10-01 23:00:00+08,TAIPEI_101,107,173,,,143,,,source_only_no_observed_trip,,,66,true,monitor_source_only
2025-10-01 23:00:00+08,TAIPEI_MAIN,134,199,,,153,,,source_only_no_observed_trip,,,65,true,monitor_source_only
2025-10-01 23:00:00+08,TPE_AIRPORT,78,160,12,11,11,1,20.0,observed,0.9166666666666666,0.08333333333333333,82,true,increase_supply_or_pause_send
2025-10-01 23:00:00+08,XIMENDING,145,193,1,1,1,0,21.0,observed,1.0,0.0,48,true,increase_supply_or_pause_send
2025-10-02 00:00:00+08,TAIPEI_101,179,107,,,94,,,source_only_no_observed_trip,,,-72,true,monitor_source_only
2025-10-02 00:00:00+08,TAIPEI_MAIN,140,91,2,2,2,0,13.0,observed,1.0,0.0,-49,true,monitor
2025-10-02 00:00:00+08,TPE_AIRPORT,109,76,6,6,6,0,20.5,observed,1.0,0.0,-33,true,review_pickup_reliability
2025-10-02 00:00:00+08,XIMENDING,178,105,1,1,1,0,9.0,observed,1.0,0.0,-73,true,monitor
2025-10-02 01:00:00+08,TAIPEI_101,119,149,1,1,1,0,7.0,observed,1.0,0.0,30,true,increase_supply_or_pause_send
2025-10-02 01:00:00+08,TAIPEI_MAIN,141,121,,,105,,,source_only_no_observed_trip,,,-20,true,monitor_source_only
2025-10-02 01:00:00+08,TPE_AIRPORT,105,75,3,3,2,1,19.4,observed,1.0,0.3333333333333333,-30,true,monitor
2025-10-02 01:00:00+08,XIMENDING,190,117,2,2,1,1,19.0,observed,1.0,0.5,-73,true,monitor
2025-10-02 02:00:00+08,TAIPEI_101,157,108,1,1,1,0,12.0,observed,1.0,0.0,-49,true,monitor
2025-10-02 02:00:00+08,TAIPEI_MAIN,154,110,4,3,3,1,17.8,observed,0.75,0.25,-44,true,monitor
2025-10-02 02:00:00+08,TPE_AIRPORT,87,81,1,1,1,0,10.0,observed,1.0,0.0,-6,true,monitor
2025-10-02 02:00:00+08,XIMENDING,192,116,,,83,,,source_only_no_observed_trip,,,-76,true,monitor_source_only
2025-10-02 03:00:00+08,TAIPEI_101,139,97,,,87,,,source_only_no_observed_trip,,,-42,true,monitor_source_only
2025-10-02 03:00:00+08,TAIPEI_MAIN,197,94,2,2,2,0,13.899999999999999,observed,1.0,0.0,-103,true,monitor
2025-10-02 03:00:00+08,TPE_AIRPORT,125,121,3,3,3,0,14.8,observed,1.0,0.0,-4,true,monitor
2025-10-02 03:00:00+08,XIMENDING,152,138,,,122,,,source_only_no_observed_trip,,,-14,true,monitor_source_only
2025-10-02 04:00:00+08,TAIPEI_101,137,139,1,1,1,0,19.0,observed,1.0,0.0,2,true,monitor
2025-10-02 04:00:00+08,TAIPEI_MAIN,162,135,1,0,0,1,,observed,0.0,1.0,-27,true,monitor
2025-10-02 04:00:00+08,TPE_AIRPORT,115,69,1,1,1,0,21.0,observed,1.0,0.0,-46,true,review_pickup_reliability
2025-10-02 04:00:00+08,XIMENDING,177,94,2,2,2,0,22.099999999999998,observed,1.0,0.0,-83,true,review_pickup_reliability
2025-10-02 05:00:00+08,TAIPEI_101,166,154,1,1,1,0,12.0,observed,1.0,0.0,-12,true,monitor
2025-10-02 05:00:00+08,TAIPEI_MAIN,107,163,1,1,1,0,15.0,observed,1.0,0.0,56,true,increase_supply_or_pause_send
2025-10-02 05:00:00+08,TPE_AIRPORT,88,104,2,2,2,0,14.7,observed,1.0,0.0,16,true,monitor
2025-10-02 05:00:00+08,XIMENDING,154,160,,,119,,,source_only_no_observed_trip,,,6,true,monitor_source_only
2025-10-02 06:00:00+08,TAIPEI_101,129,146,1,1,1,0,14.0,observed,1.0,0.0,17,true,monitor
2025-10-02 06:00:00+08,TAIPEI_MAIN,138,191,,,156,,,source_only_no_observed_trip,,,53,true,monitor_source_only
2025-10-02 06:00:00+08,TPE_AIRPORT,104,109,5,4,3,2,17.6,observed,0.8,0.4,5,true,monitor
2025-10-02 06:00:00+08,XIMENDING,134,200,,,150,,,source_only_no_observed_trip,,,66,true,monitor_source_only
2025-10-02 07:00:00+08,TAIPEI_101,130,188,1,1,1,0,11.0,observed,1.0,0.0,58,true,increase_supply_or_pause_send
2025-10-02 07:00:00+08,TAIPEI_MAIN,133,177,1,1,0,1,,observed,1.0,1.0,44,true,increase_supply_or_pause_send
2025-10-02 07:00:00+08,TPE_AIRPORT,108,157,10,10,9,1,18.0,observed,1.0,0.1,49,true,increase_supply_or_pause_send
2025-10-02 07:00:00+08,XIMENDING,151,250,2,2,1,1,11.0,observed,1.0,0.5,99,true,increase_supply_or_pause_send
2025-10-02 08:00:00+08,TAIPEI_101,136,193,1,1,1,0,18.0,observed,1.0,0.0,57,true,increase_supply_or_pause_send
2025-10-02 08:00:00+08,TAIPEI_MAIN,128,162,2,2,2,0,19.900000000000002,observed,1.0,0.0,34,true,increase_supply_or_pause_send
2025-10-02 08:00:00+08,TPE_AIRPORT,95,166,5,5,5,0,20.8,observed,1.0,0.0,71,true,increase_supply_or_pause_send
2025-10-02 08:00:00+08,XIMENDING,167,174,,,153,,,source_only_no_observed_trip,,,7,true,monitor_source_only
2025-10-02 09:00:00+08,TAIPEI_101,139,114,2,2,2,0,19.1,observed,1.0,0.0,-25,true,monitor
2025-10-02 09:00:00+08,TAIPEI_MAIN,148,118,2,2,2,0,13.7,observed,1.0,0.0,-30,true,monitor
2025-10-02 09:00:00+08,TPE_AIRPORT,90,115,9,8,8,1,21.0,observed,0.8888888888888888,0.1111111111111111,25,true,increase_supply_or_pause_send
2025-10-02 09:00:00+08,XIMENDING,148,58,7,6,6,1,21.5,observed,0.8571428571428571,0.14285714285714285,-90,true,review_pickup_reliability
2025-10-02 10:00:00+08,TAIPEI_101,135,117,1,1,1,0,16.0,observed,1.0,0.0,-18,true,monitor
2025-10-02 10:00:00+08,TAIPEI_MAIN,172,77,2,2,2,0,17.4,observed,1.0,0.0,-95,true,monitor
2025-10-02 10:00:00+08,TPE_AIRPORT,87,92,7,7,7,0,19.6,observed,1.0,0.0,5,true,monitor
2025-10-02 10:00:00+08,XIMENDING,177,143,,,117,,,source_only_no_observed_trip,,,-34,true,monitor_source_only
2025-10-02 11:00:00+08,TAIPEI_101,171,107,1,1,1,0,12.0,observed,1.0,0.0,-64,true,monitor
2025-10-02 11:00:00+08,TAIPEI_MAIN,163,121,,,99,,,source_only_no_observed_trip,,,-42,true,monitor_source_only
2025-10-02 11:00:00+08,TPE_AIRPORT,110,86,1,1,1,0,9.0,observed,1.0,0.0,-24,true,monitor
2025-10-02 11:00:00+08,XIMENDING,158,95,,,78,,,source_only_no_observed_trip,,,-63,true,monitor_source_only
2025-10-02 12:00:00+08,TAIPEI_101,141,96,,,82,,,source_only_no_observed_trip,,,-45,true,monitor_source_only
2025-10-02 12:00:00+08,TAIPEI_MAIN,183,116,1,1,1,0,17.0,observed,1.0,0.0,-67,true,monitor
2025-10-02 12:00:00+08,TPE_AIRPORT,108,87,1,1,1,0,17.0,observed,1.0,0.0,-21,true,monitor
2025-10-02 12:00:00+08,XIMENDING,137,127,2,2,2,0,17.4,observed,1.0,0.0,-10,true,monitor
2025-10-02 13:00:00+08,TAIPEI_101,169,82,,,65,,,source_only_no_observed_trip,,,-87,true,monitor_source_only
2025-10-02 13:00:00+08,TAIPEI_MAIN,157,112,,,100,,,source_only_no_observed_trip,,,-45,true,monitor_source_only
2025-10-02 13:00:00+08,TPE_AIRPORT,104,95,3,3,3,0,15.6,observed,1.0,0.0,-9,true,monitor
2025-10-02 13:00:00+08,XIMENDING,159,152,,,111,,,source_only_no_observed_trip,,,-7,true,monitor_source_only
2025-10-02 14:00:00+08,TAIPEI_101,147,85,,,66,,,source_only_no_observed_trip,,,-62,true,monitor_source_only
2025-10-02 14:00:00+08,TAIPEI_MAIN,168,101,,,72,,,source_only_no_observed_trip,,,-67,true,monitor_source_only
2025-10-02 14:00:00+08,TPE_AIRPORT,135,61,1,1,1,0,11.0,observed,1.0,0.0,-74,true,monitor
2025-10-02 14:00:00+08,XIMENDING,184,133,,,110,,,source_only_no_observed_trip,,,-51,true,monitor_source_only
2025-10-02 15:00:00+08,TAIPEI_101,166,121,,,103,,,source_only_no_observed_trip,,,-45,true,monitor_source_only
2025-10-02 15:00:00+08,TAIPEI_MAIN,159,108,,,83,,,source_only_no_observed_trip,,,-51,true,monitor_source_only
2025-10-02 15:00:00+08,TPE_AIRPORT,127,86,7,7,6,1,17.0,observed,1.0,0.14285714285714285,-41,true,monitor
2025-10-02 15:00:00+08,XIMENDING,147,135,,,105,,,source_only_no_observed_trip,,,-12,true,monitor_source_only
2025-10-02 16:00:00+08,TAIPEI_101,163,134,,,108,,,source_only_no_observed_trip,,,-29,true,monitor_source_only
2025-10-02 16:00:00+08,TAIPEI_MAIN,129,124,1,1,1,0,14.0,observed,1.0,0.0,-5,true,monitor
2025-10-02 16:00:00+08,TPE_AIRPORT,120,61,2,2,2,0,17.0,observed,1.0,0.0,-59,true,monitor
2025-10-02 16:00:00+08,XIMENDING,147,97,1,1,1,0,13.0,observed,1.0,0.0,-50,true,monitor
2025-10-02 17:00:00+08,TAIPEI_101,149,84,,,63,,,source_only_no_observed_trip,,,-65,true,monitor_source_only
2025-10-02 17:00:00+08,TAIPEI_MAIN,164,121,1,1,1,0,6.0,observed,1.0,0.0,-43,true,monitor
2025-10-02 17:00:00+08,TPE_AIRPORT,125,76,2,2,2,0,18.6,observed,1.0,0.0,-49,true,monitor
2025-10-02 17:00:00+08,XIMENDING,155,133,1,1,1,0,20.0,observed,1.0,0.0,-22,true,monitor
2025-10-02 18:00:00+08,TAIPEI_101,109,81,,,61,,,source_only_no_observed_trip,,,-28,true,monitor_source_only
2025-10-02 18:00:00+08,TAIPEI_MAIN,154,114,,,84,,,source_only_no_observed_trip,,,-40,true,monitor_source_only
2025-10-02 18:00:00+08,TPE_AIRPORT,99,70,3,3,2,1,18.9,observed,1.0,0.3333333333333333,-29,true,monitor
2025-10-02 18:00:00+08,XIMENDING,169,128,1,1,1,0,18.0,observed,1.0,0.0,-41,true,monitor
2025-10-02 19:00:00+08,TAIPEI_101,158,113,3,3,2,1,16.4,observed,1.0,0.3333333333333333,-45,true,monitor
2025-10-02 19:00:00+08,TAIPEI_MAIN,168,147,2,2,2,0,9.9,observed,1.0,0.0,-21,true,monitor
2025-10-02 19:00:00+08,TPE_AIRPORT,93,110,,,86,,,source_only_no_observed_trip,,,17,true,monitor_source_only
2025-10-02 19:00:00+08,XIMENDING,157,97,,,70,,,source_only_no_observed_trip,,,-60,true,monitor_source_only
2025-10-02 20:00:00+08,TAIPEI_101,133,201,1,0,0,1,,observed,0.0,1.0,68,true,increase_supply_or_pause_send
2025-10-02 20:00:00+08,TAIPEI_MAIN,105,180,,,159,,,source_only_no_observed_trip,,,75,true,monitor_source_only
2025-10-02 20:00:00+08,TPE_AIRPORT,115,137,1,1,1,0,17.0,observed,1.0,0.0,22,true,increase_supply_or_pause_send
2025-10-02 20:00:00+08,XIMENDING,126,195,1,1,1,0,19.0,observed,1.0,0.0,69,true,increase_supply_or_pause_send
2025-10-02 21:00:00+08,TAIPEI_101,131,204,,,150,,,source_only_no_observed_trip,,,73,true,monitor_source_only
2025-10-02 21:00:00+08,TAIPEI_MAIN,143,157,,,118,,,source_only_no_observed_trip,,,14,true,monitor_source_only
2025-10-02 21:00:00+08,TPE_AIRPORT,75,144,5,5,4,1,18.700000000000003,observed,1.0,0.2,69,true,increase_supply_or_pause_send
2025-10-02 21:00:00+08,XIMENDING,165,189,1,1,1,0,5.0,observed,1.0,0.0,24,true,increase_supply_or_pause_send
2025-10-02 22:00:00+08,TAIPEI_101,141,154,1,1,1,0,8.0,observed,1.0,0.0,13,true,monitor
2025-10-02 22:00:00+08,TAIPEI_MAIN,144,186,,,136,,,source_only_no_observed_trip,,,42,true,monitor_source_only
2025-10-02 22:00:00+08,TPE_AIRPORT,56,128,9,9,8,1,20.2,observed,1.0,0.1111111111111111,72,true,increase_supply_or_pause_send
2025-10-02 22:00:00+08,XIMENDING,163,157,2,2,2,0,14.0,observed,1.0,0.0,-6,true,monitor
2025-10-02 23:00:00+08,TAIPEI_101,133,180,,,151,,,source_only_no_observed_trip,,,47,true,monitor_source_only
2025-10-02 23:00:00+08,TAIPEI_MAIN,130,153,,,138,,,source_only_no_observed_trip,,,23,true,monitor_source_only
2025-10-02 23:00:00+08,TPE_AIRPORT,54,123,4,3,3,1,10.0,observed,0.75,0.25,69,true,increase_supply_or_pause_send
2025-10-02 23:00:00+08,XIMENDING,115,157,,,118,,,source_only_no_observed_trip,,,42,true,monitor_source_only
2025-10-03 00:00:00+08,TAIPEI_101,146,85,2,2,2,0,7.7,observed,1.0,0.0,-61,true,monitor
2025-10-03 00:00:00+08,TAIPEI_MAIN,133,128,1,1,0,1,,observed,1.0,1.0,-5,true,monitor
2025-10-03 00:00:00+08,TPE_AIRPORT,107,77,4,4,3,1,14.0,observed,1.0,0.25,-30,true,monitor
2025-10-03 00:00:00+08,XIMENDING,142,145,,,104,,,source_only_no_observed_trip,,,3,true,monitor_source_only
2025-10-03 01:00:00+08,TAIPEI_101,169,159,1,1,1,0,10.0,observed,1.0,0.0,-10,true,monitor
2025-10-03 01:00:00+08,TAIPEI_MAIN,161,81,,,66,,,source_only_no_observed_trip,,,-80,true,monitor_source_only
2025-10-03 01:00:00+08,TPE_AIRPORT,90,69,3,3,2,1,13.6,observed,1.0,0.3333333333333333,-21,true,monitor
2025-10-03 01:00:00+08,XIMENDING,147,109,,,92,,,source_only_no_observed_trip,,,-38,true,monitor_source_only
2025-10-03 02:00:00+08,TAIPEI_101,154,106,,,85,,,source_only_no_observed_trip,,,-48,true,monitor_source_only
2025-10-03 02:00:00+08,TAIPEI_MAIN,138,91,,,66,,,source_only_no_observed_trip,,,-47,true,monitor_source_only
2025-10-03 02:00:00+08,TPE_AIRPORT,113,54,,,45,,,source_only_no_observed_trip,,,-59,true,monitor_source_only
2025-10-03 02:00:00+08,XIMENDING,160,113,,,98,,,source_only_no_observed_trip,,,-47,true,monitor_source_only
2025-10-03 03:00:00+08,TAIPEI_101,172,114,,,92,,,source_only_no_observed_trip,,,-58,true,monitor_source_only
2025-10-03 03:00:00+08,TAIPEI_MAIN,144,120,1,1,1,0,8.0,observed,1.0,0.0,-24,true,monitor
2025-10-03 03:00:00+08,TPE_AIRPORT,74,105,1,1,1,0,12.0,observed,1.0,0.0,31,true,increase_supply_or_pause_send
2025-10-03 03:00:00+08,XIMENDING,177,110,,,93,,,source_only_no_observed_trip,,,-67,true,monitor_source_only
2025-10-03 04:00:00+08,TAIPEI_101,170,101,,,78,,,source_only_no_observed_trip,,,-69,true,monitor_source_only
2025-10-03 04:00:00+08,TAIPEI_MAIN,158,128,2,2,2,0,9.0,observed,1.0,0.0,-30,true,monitor
2025-10-03 04:00:00+08,TPE_AIRPORT,110,97,2,2,1,1,15.0,observed,1.0,0.5,-13,true,monitor
2025-10-03 04:00:00+08,XIMENDING,181,99,2,2,2,0,19.6,observed,1.0,0.0,-82,true,monitor
2025-10-03 05:00:00+08,TAIPEI_101,116,179,,,150,,,source_only_no_observed_trip,,,63,true,monitor_source_only
2025-10-03 05:00:00+08,TAIPEI_MAIN,104,193,,,170,,,source_only_no_observed_trip,,,89,true,monitor_source_only
2025-10-03 05:00:00+08,TPE_AIRPORT,42,143,5,5,5,0,20.2,observed,1.0,0.0,101,true,increase_supply_or_pause_send
2025-10-03 05:00:00+08,XIMENDING,153,169,,,128,,,source_only_no_observed_trip,,,16,true,monitor_source_only
2025-10-03 06:00:00+08,TAIPEI_101,113,159,1,1,1,0,20.0,observed,1.0,0.0,46,true,increase_supply_or_pause_send
2025-10-03 06:00:00+08,TAIPEI_MAIN,178,167,2,2,2,0,20.6,observed,1.0,0.0,-11,true,review_pickup_reliability
2025-10-03 06:00:00+08,TPE_AIRPORT,79,122,7,7,7,0,17.800000000000004,observed,1.0,0.0,43,true,increase_supply_or_pause_send
2025-10-03 06:00:00+08,XIMENDING,163,209,,,174,,,source_only_no_observed_trip,,,46,true,monitor_source_only
2025-10-03 07:00:00+08,TAIPEI_101,131,168,1,1,1,0,17.0,observed,1.0,0.0,37,true,increase_supply_or_pause_send
2025-10-03 07:00:00+08,TAIPEI_MAIN,125,192,2,2,2,0,22.4,observed,1.0,0.0,67,true,increase_supply_or_pause_send
2025-10-03 07:00:00+08,TPE_AIRPORT,69,132,9,8,6,3,19.5,observed,0.8888888888888888,0.3333333333333333,63,true,increase_supply_or_pause_send
2025-10-03 07:00:00+08,XIMENDING,102,174,2,2,1,1,19.0,observed,1.0,0.5,72,true,increase_supply_or_pause_send
2025-10-03 08:00:00+08,TAIPEI_101,130,179,4,4,3,1,16.8,observed,1.0,0.25,49,true,increase_supply_or_pause_send
2025-10-03 08:00:00+08,TAIPEI_MAIN,145,155,3,3,2,1,18.3,observed,1.0,0.3333333333333333,10,true,monitor
2025-10-03 08:00:00+08,TPE_AIRPORT,73,171,3,3,3,0,14.799999999999999,observed,1.0,0.0,98,true,increase_supply_or_pause_send
2025-10-03 08:00:00+08,XIMENDING,146,179,,,150,,,source_only_no_observed_trip,,,33,true,monitor_source_only
2025-10-03 09:00:00+08,TAIPEI_101,143,138,1,1,1,0,12.0,observed,1.0,0.0,-5,true,monitor
2025-10-03 09:00:00+08,TAIPEI_MAIN,163,151,,,125,,,source_only_no_observed_trip,,,-12,true,monitor_source_only
2025-10-03 09:00:00+08,TPE_AIRPORT,96,87,9,7,6,3,19.0,observed,0.7777777777777778,0.3333333333333333,-9,true,monitor
2025-10-03 09:00:00+08,XIMENDING,186,68,,,55,,,source_only_no_observed_trip,,,-118,true,monitor_source_only
2025-10-03 10:00:00+08,TAIPEI_101,155,100,,,88,,,source_only_no_observed_trip,,,-55,true,monitor_source_only
2025-10-03 10:00:00+08,TAIPEI_MAIN,154,87,,,69,,,source_only_no_observed_trip,,,-67,true,monitor_source_only
2025-10-03 10:00:00+08,TPE_AIRPORT,103,49,7,7,7,0,22.200000000000003,observed,1.0,0.0,-54,true,review_pickup_reliability
2025-10-03 10:00:00+08,XIMENDING,161,82,,,67,,,source_only_no_observed_trip,,,-79,true,monitor_source_only
2025-10-03 11:00:00+08,TAIPEI_101,160,104,,,84,,,source_only_no_observed_trip,,,-56,true,monitor_source_only
2025-10-03 11:00:00+08,TAIPEI_MAIN,160,69,,,61,,,source_only_no_observed_trip,,,-91,true,monitor_source_only
2025-10-03 11:00:00+08,TPE_AIRPORT,108,35,7,7,5,2,13.600000000000001,observed,1.0,0.2857142857142857,-73,true,monitor
2025-10-03 11:00:00+08,XIMENDING,199,110,,,81,,,source_only_no_observed_trip,,,-89,true,monitor_source_only
2025-10-03 12:00:00+08,TAIPEI_101,160,135,1,1,1,0,12.0,observed,1.0,0.0,-25,true,monitor
2025-10-03 12:00:00+08,TAIPEI_MAIN,192,113,,,95,,,source_only_no_observed_trip,,,-79,true,monitor_source_only
2025-10-03 12:00:00+08,TPE_AIRPORT,116,83,2,2,2,0,12.0,observed,1.0,0.0,-33,true,monitor
2025-10-03 12:00:00+08,XIMENDING,138,117,1,1,1,0,20.0,observed,1.0,0.0,-21,true,monitor
2025-10-03 13:00:00+08,TAIPEI_101,176,87,,,65,,,source_only_no_observed_trip,,,-89,true,monitor_source_only
2025-10-03 13:00:00+08,TAIPEI_MAIN,116,104,,,93,,,source_only_no_observed_trip,,,-12,true,monitor_source_only
2025-10-03 13:00:00+08,TPE_AIRPORT,86,108,2,2,2,0,17.599999999999998,observed,1.0,0.0,22,true,increase_supply_or_pause_send
2025-10-03 13:00:00+08,XIMENDING,173,123,,,101,,,source_only_no_observed_trip,,,-50,true,monitor_source_only
2025-10-03 14:00:00+08,TAIPEI_101,173,135,1,1,1,0,7.0,observed,1.0,0.0,-38,true,monitor
2025-10-03 14:00:00+08,TAIPEI_MAIN,136,104,,,94,,,source_only_no_observed_trip,,,-32,true,monitor_source_only
2025-10-03 14:00:00+08,TPE_AIRPORT,125,63,1,1,1,0,20.0,observed,1.0,0.0,-62,true,monitor
2025-10-03 14:00:00+08,XIMENDING,158,146,,,120,,,source_only_no_observed_trip,,,-12,true,monitor_source_only
2025-10-03 15:00:00+08,TAIPEI_101,131,114,,,93,,,source_only_no_observed_trip,,,-17,true,monitor_source_only
2025-10-03 15:00:00+08,TAIPEI_MAIN,126,119,,,102,,,source_only_no_observed_trip,,,-7,true,monitor_source_only
2025-10-03 15:00:00+08,TPE_AIRPORT,109,85,3,2,2,1,18.700000000000003,observed,0.6666666666666666,0.3333333333333333,-24,true,monitor
2025-10-03 15:00:00+08,XIMENDING,157,100,2,2,2,0,18.8,observed,1.0,0.0,-57,true,monitor
2025-10-03 16:00:00+08,TAIPEI_101,117,66,,,56,,,source_only_no_observed_trip,,,-51,true,monitor_source_only
2025-10-03 16:00:00+08,TAIPEI_MAIN,184,123,,,89,,,source_only_no_observed_trip,,,-61,true,monitor_source_only
2025-10-03 16:00:00+08,TPE_AIRPORT,117,54,1,1,1,0,17.0,observed,1.0,0.0,-63,true,monitor
2025-10-03 16:00:00+08,XIMENDING,148,140,,,124,,,source_only_no_observed_trip,,,-8,true,monitor_source_only
2025-10-03 17:00:00+08,TAIPEI_101,170,73,5,5,5,0,21.0,observed,1.0,0.0,-97,true,review_pickup_reliability
2025-10-03 17:00:00+08,TAIPEI_MAIN,154,142,1,1,1,0,14.0,observed,1.0,0.0,-12,true,monitor
2025-10-03 17:00:00+08,TPE_AIRPORT,95,47,4,4,2,2,19.3,observed,1.0,0.5,-48,true,monitor
2025-10-03 17:00:00+08,XIMENDING,129,163,3,3,3,0,13.600000000000001,observed,1.0,0.0,34,true,increase_supply_or_pause_send
2025-10-03 18:00:00+08,TAIPEI_101,151,109,1,1,1,0,17.0,observed,1.0,0.0,-42,true,monitor
2025-10-03 18:00:00+08,TAIPEI_MAIN,149,91,4,4,3,1,20.200000000000003,observed,1.0,0.25,-58,true,review_pickup_reliability
2025-10-03 18:00:00+08,TPE_AIRPORT,139,99,1,1,1,0,9.0,observed,1.0,0.0,-40,true,monitor
2025-10-03 18:00:00+08,XIMENDING,160,128,5,5,5,0,16.0,observed,1.0,0.0,-32,true,monitor
2025-10-03 19:00:00+08,TAIPEI_101,124,76,2,1,1,1,13.0,observed,0.5,0.5,-48,true,monitor
2025-10-03 19:00:00+08,TAIPEI_MAIN,162,115,3,3,3,0,13.8,observed,1.0,0.0,-47,true,monitor
2025-10-03 19:00:00+08,TPE_AIRPORT,103,76,5,4,4,1,20.7,observed,0.8,0.2,-27,true,review_pickup_reliability
2025-10-03 19:00:00+08,XIMENDING,134,87,,,76,,,source_only_no_observed_trip,,,-47,true,monitor_source_only
2025-10-03 20:00:00+08,TAIPEI_101,138,166,4,4,3,1,15.6,observed,1.0,0.25,28,true,increase_supply_or_pause_send
2025-10-03 20:00:00+08,TAIPEI_MAIN,156,146,4,4,3,1,16.4,observed,1.0,0.25,-10,true,monitor
2025-10-03 20:00:00+08,TPE_AIRPORT,76,108,3,2,2,1,12.9,observed,0.6666666666666666,0.3333333333333333,32,true,increase_supply_or_pause_send
2025-10-03 20:00:00+08,XIMENDING,96,212,2,2,2,0,18.5,observed,1.0,0.0,116,true,increase_supply_or_pause_send
2025-10-03 21:00:00+08,TAIPEI_101,131,216,,,166,,,source_only_no_observed_trip,,,85,true,monitor_source_only
2025-10-03 21:00:00+08,TAIPEI_MAIN,149,204,,,184,,,source_only_no_observed_trip,,,55,true,monitor_source_only
2025-10-03 21:00:00+08,TPE_AIRPORT,108,144,4,4,4,0,15.0,observed,1.0,0.0,36,true,increase_supply_or_pause_send
2025-10-03 21:00:00+08,XIMENDING,135,165,1,1,1,0,14.0,observed,1.0,0.0,30,true,increase_supply_or_pause_send
2025-10-03 22:00:00+08,TAIPEI_101,147,210,,,176,,,source_only_no_observed_trip,,,63,true,monitor_source_only
2025-10-03 22:00:00+08,TAIPEI_MAIN,140,159,,,118,,,source_only_no_observed_trip,,,19,true,monitor_source_only
2025-10-03 22:00:00+08,TPE_AIRPORT,93,147,7,7,7,0,18.6,observed,1.0,0.0,54,true,increase_supply_or_pause_send
2025-10-03 22:00:00+08,XIMENDING,136,193,1,1,1,0,15.0,observed,1.0,0.0,57,true,increase_supply_or_pause_send
2025-10-03 23:00:00+08,TAIPEI_101,146,169,,,122,,,source_only_no_observed_trip,,,23,true,monitor_source_only
2025-10-03 23:00:00+08,TAIPEI_MAIN,146,172,,,133,,,source_only_no_observed_trip,,,26,true,monitor_source_only
2025-10-03 23:00:00+08,TPE_AIRPORT,100,93,5,4,4,1,16.0,observed,0.8,0.2,-7,true,monitor
2025-10-03 23:00:00+08,XIMENDING,129,172,,,143,,,source_only_no_observed_trip,,,43,true,monitor_source_only
2025-10-04 00:00:00+08,TAIPEI_101,175,164,1,1,1,0,12.0,observed,1.0,0.0,-11,true,monitor
2025-10-04 00:00:00+08,TAIPEI_MAIN,169,96,,,82,,,source_only_no_observed_trip,,,-73,true,monitor_source_only
2025-10-04 00:00:00+08,TPE_AIRPORT,119,118,7,7,6,1,18.5,observed,1.0,0.14285714285714285,-1,true,monitor
2025-10-04 00:00:00+08,XIMENDING,142,108,2,2,2,0,8.0,observed,1.0,0.0,-34,true,monitor
2025-10-04 01:00:00+08,TAIPEI_101,217,106,1,1,0,1,,observed,1.0,1.0,-111,true,monitor
2025-10-04 01:00:00+08,TAIPEI_MAIN,141,110,1,1,1,0,9.0,observed,1.0,0.0,-31,true,monitor
2025-10-04 01:00:00+08,TPE_AIRPORT,118,62,5,5,5,0,14.8,observed,1.0,0.0,-56,true,monitor
2025-10-04 01:00:00+08,XIMENDING,163,103,1,1,1,0,22.0,observed,1.0,0.0,-60,true,review_pickup_reliability
2025-10-04 02:00:00+08,TAIPEI_101,148,62,,,48,,,source_only_no_observed_trip,,,-86,true,monitor_source_only
2025-10-04 02:00:00+08,TAIPEI_MAIN,153,70,1,1,1,0,15.0,observed,1.0,0.0,-83,true,monitor
2025-10-04 02:00:00+08,TPE_AIRPORT,115,75,2,2,2,0,6.0,observed,1.0,0.0,-40,true,monitor
2025-10-04 02:00:00+08,XIMENDING,136,135,2,2,2,0,10.4,observed,1.0,0.0,-1,true,monitor
2025-10-04 03:00:00+08,TAIPEI_101,160,145,1,1,1,0,18.0,observed,1.0,0.0,-15,true,monitor
2025-10-04 03:00:00+08,TAIPEI_MAIN,152,107,,,97,,,source_only_no_observed_trip,,,-45,true,monitor_source_only
2025-10-04 03:00:00+08,TPE_AIRPORT,108,108,3,3,2,1,20.700000000000003,observed,1.0,0.3333333333333333,0,true,review_pickup_reliability
2025-10-04 03:00:00+08,XIMENDING,157,166,,,124,,,source_only_no_observed_trip,,,9,true,monitor_source_only
2025-10-04 04:00:00+08,TAIPEI_101,158,115,2,1,1,1,16.0,observed,0.5,0.5,-43,true,monitor
2025-10-04 04:00:00+08,TAIPEI_MAIN,168,109,,,91,,,source_only_no_observed_trip,,,-59,true,monitor_source_only
2025-10-04 04:00:00+08,TPE_AIRPORT,112,114,3,3,3,0,16.8,observed,1.0,0.0,2,true,monitor
2025-10-04 04:00:00+08,XIMENDING,173,127,,,97,,,source_only_no_observed_trip,,,-46,true,monitor_source_only
2025-10-04 05:00:00+08,TAIPEI_101,146,140,1,1,1,0,23.0,observed,1.0,0.0,-6,true,review_pickup_reliability
2025-10-04 05:00:00+08,TAIPEI_MAIN,121,145,,,114,,,source_only_no_observed_trip,,,24,true,monitor_source_only
2025-10-04 05:00:00+08,TPE_AIRPORT,86,139,4,4,4,0,18.0,observed,1.0,0.0,53,true,increase_supply_or_pause_send
2025-10-04 05:00:00+08,XIMENDING,151,209,,,155,,,source_only_no_observed_trip,,,58,true,monitor_source_only
2025-10-04 06:00:00+08,TAIPEI_101,111,199,,,143,,,source_only_no_observed_trip,,,88,true,monitor_source_only
2025-10-04 06:00:00+08,TAIPEI_MAIN,134,218,2,1,1,1,15.0,observed,0.5,0.5,84,true,increase_supply_or_pause_send
2025-10-04 06:00:00+08,TPE_AIRPORT,77,142,10,10,10,0,23.1,observed,1.0,0.0,65,true,increase_supply_or_pause_send
2025-10-04 06:00:00+08,XIMENDING,160,198,,,145,,,source_only_no_observed_trip,,,38,true,monitor_source_only
2025-10-04 07:00:00+08,TAIPEI_101,145,184,1,1,1,0,17.0,observed,1.0,0.0,39,true,increase_supply_or_pause_send
2025-10-04 07:00:00+08,TAIPEI_MAIN,142,191,2,2,2,0,20.400000000000002,observed,1.0,0.0,49,true,increase_supply_or_pause_send
2025-10-04 07:00:00+08,TPE_AIRPORT,91,87,7,6,4,3,17.7,observed,0.8571428571428571,0.42857142857142855,-4,true,monitor
2025-10-04 07:00:00+08,XIMENDING,138,147,1,1,1,0,16.0,observed,1.0,0.0,9,true,monitor
2025-10-04 08:00:00+08,TAIPEI_101,139,146,1,1,1,0,18.0,observed,1.0,0.0,7,true,monitor
2025-10-04 08:00:00+08,TAIPEI_MAIN,100,204,1,1,1,0,5.0,observed,1.0,0.0,104,true,increase_supply_or_pause_send
2025-10-04 08:00:00+08,TPE_AIRPORT,67,104,11,10,10,1,19.200000000000003,observed,0.9090909090909091,0.09090909090909091,37,true,increase_supply_or_pause_send
2025-10-04 08:00:00+08,XIMENDING,164,175,2,2,2,0,15.6,observed,1.0,0.0,11,true,monitor
2025-10-04 09:00:00+08,TAIPEI_101,151,118,1,1,1,0,15.0,observed,1.0,0.0,-33,true,monitor
2025-10-04 09:00:00+08,TAIPEI_MAIN,144,84,,,66,,,source_only_no_observed_trip,,,-60,true,monitor_source_only
2025-10-04 09:00:00+08,TPE_AIRPORT,83,75,7,6,6,1,20.0,observed,0.8571428571428571,0.14285714285714285,-8,true,monitor
2025-10-04 09:00:00+08,XIMENDING,183,64,1,1,1,0,24.0,observed,1.0,0.0,-119,true,review_pickup_reliability
2025-10-04 10:00:00+08,TAIPEI_101,152,137,1,1,1,0,15.0,observed,1.0,0.0,-15,true,monitor
2025-10-04 10:00:00+08,TAIPEI_MAIN,181,127,2,2,1,1,12.0,observed,1.0,0.5,-54,true,monitor
2025-10-04 10:00:00+08,TPE_AIRPORT,97,63,2,2,2,0,17.2,observed,1.0,0.0,-34,true,monitor
2025-10-04 10:00:00+08,XIMENDING,144,115,1,1,1,0,20.0,observed,1.0,0.0,-29,true,monitor
2025-10-04 11:00:00+08,TAIPEI_101,175,71,,,62,,,source_only_no_observed_trip,,,-104,true,monitor_source_only
2025-10-04 11:00:00+08,TAIPEI_MAIN,151,127,1,1,1,0,13.0,observed,1.0,0.0,-24,true,monitor
2025-10-04 11:00:00+08,TPE_AIRPORT,108,83,8,8,8,0,20.0,observed,1.0,0.0,-25,true,monitor
2025-10-04 11:00:00+08,XIMENDING,134,112,1,1,1,0,11.0,observed,1.0,0.0,-22,true,monitor
2025-10-04 12:00:00+08,TAIPEI_101,149,108,,,81,,,source_only_no_observed_trip,,,-41,true,monitor_source_only
2025-10-04 12:00:00+08,TAIPEI_MAIN,150,94,1,1,1,0,22.0,observed,1.0,0.0,-56,true,review_pickup_reliability
2025-10-04 12:00:00+08,TPE_AIRPORT,125,100,1,1,1,0,12.0,observed,1.0,0.0,-25,true,monitor
2025-10-04 12:00:00+08,XIMENDING,200,120,1,1,1,0,15.0,observed,1.0,0.0,-80,true,monitor
2025-10-04 13:00:00+08,TAIPEI_101,176,135,2,2,2,0,18.200000000000003,observed,1.0,0.0,-41,true,monitor
2025-10-04 13:00:00+08,TAIPEI_MAIN,162,97,1,1,1,0,24.0,observed,1.0,0.0,-65,true,review_pickup_reliability
2025-10-04 13:00:00+08,TPE_AIRPORT,126,54,2,2,2,0,19.3,observed,1.0,0.0,-72,true,monitor
2025-10-04 13:00:00+08,XIMENDING,156,102,,,91,,,source_only_no_observed_trip,,,-54,true,monitor_source_only
2025-10-04 14:00:00+08,TAIPEI_101,175,117,,,89,,,source_only_no_observed_trip,,,-58,true,monitor_source_only
2025-10-04 14:00:00+08,TAIPEI_MAIN,147,107,,,90,,,source_only_no_observed_trip,,,-40,true,monitor_source_only
2025-10-04 14:00:00+08,TPE_AIRPORT,118,36,4,4,3,1,14.399999999999999,observed,1.0,0.25,-82,true,monitor
2025-10-04 14:00:00+08,XIMENDING,165,90,,,73,,,source_only_no_observed_trip,,,-75,true,monitor_source_only
2025-10-04 15:00:00+08,TAIPEI_101,157,113,,,82,,,source_only_no_observed_trip,,,-44,true,monitor_source_only
2025-10-04 15:00:00+08,TAIPEI_MAIN,156,110,2,1,1,1,21.0,observed,0.5,0.5,-46,true,review_pickup_reliability
2025-10-04 15:00:00+08,TPE_AIRPORT,131,66,,,57,,,source_only_no_observed_trip,,,-65,true,monitor_source_only
2025-10-04 15:00:00+08,XIMENDING,148,82,1,1,1,0,20.0,observed,1.0,0.0,-66,true,monitor
2025-10-04 16:00:00+08,TAIPEI_101,197,128,1,1,1,0,14.0,observed,1.0,0.0,-69,true,monitor
2025-10-04 16:00:00+08,TAIPEI_MAIN,170,118,,,90,,,source_only_no_observed_trip,,,-52,true,monitor_source_only
2025-10-04 16:00:00+08,TPE_AIRPORT,117,85,,,71,,,source_only_no_observed_trip,,,-32,true,monitor_source_only
2025-10-04 16:00:00+08,XIMENDING,167,111,,,91,,,source_only_no_observed_trip,,,-56,true,monitor_source_only
2025-10-04 17:00:00+08,TAIPEI_101,148,139,2,2,2,0,22.5,observed,1.0,0.0,-9,true,review_pickup_reliability
2025-10-04 17:00:00+08,TAIPEI_MAIN,150,74,1,1,1,0,14.0,observed,1.0,0.0,-76,true,monitor
2025-10-04 17:00:00+08,TPE_AIRPORT,135,20,1,1,1,0,17.0,observed,1.0,0.0,-115,true,monitor
2025-10-04 17:00:00+08,XIMENDING,185,129,,,105,,,source_only_no_observed_trip,,,-56,true,monitor_source_only
2025-10-04 18:00:00+08,TAIPEI_101,163,121,3,3,3,0,9.0,observed,1.0,0.0,-42,true,monitor
2025-10-04 18:00:00+08,TAIPEI_MAIN,160,84,2,2,2,0,15.8,observed,1.0,0.0,-76,true,monitor
2025-10-04 18:00:00+08,TPE_AIRPORT,96,55,3,3,3,0,20.8,observed,1.0,0.0,-41,true,review_pickup_reliability
2025-10-04 18:00:00+08,XIMENDING,152,104,,,77,,,source_only_no_observed_trip,,,-48,true,monitor_source_only
2025-10-04 19:00:00+08,TAIPEI_101,176,127,,,102,,,source_only_no_observed_trip,,,-49,true,monitor_source_only
2025-10-04 19:00:00+08,TAIPEI_MAIN,182,156,3,3,3,0,17.2,observed,1.0,0.0,-26,true,monitor
2025-10-04 19:00:00+08,TPE_AIRPORT,80,100,2,2,1,1,15.0,observed,1.0,0.5,20,true,monitor
2025-10-04 19:00:00+08,XIMENDING,199,121,,,109,,,source_only_no_observed_trip,,,-78,true,monitor_source_only
2025-10-04 20:00:00+08,TAIPEI_101,153,185,,,140,,,source_only_no_observed_trip,,,32,true,monitor_source_only
2025-10-04 20:00:00+08,TAIPEI_MAIN,151,210,4,4,4,0,21.8,observed,1.0,0.0,59,true,increase_supply_or_pause_send
2025-10-04 20:00:00+08,TPE_AIRPORT,31,144,3,3,2,1,9.0,observed,1.0,0.3333333333333333,113,true,increase_supply_or_pause_send
2025-10-04 20:00:00+08,XIMENDING,155,147,2,2,2,0,13.799999999999999,observed,1.0,0.0,-8,true,monitor
2025-10-04 21:00:00+08,TAIPEI_101,135,193,1,1,1,0,9.0,observed,1.0,0.0,58,true,increase_supply_or_pause_send
2025-10-04 21:00:00+08,TAIPEI_MAIN,121,217,,,159,,,source_only_no_observed_trip,,,96,true,monitor_source_only
2025-10-04 21:00:00+08,TPE_AIRPORT,114,111,7,7,7,0,19.200000000000003,observed,1.0,0.0,-3,true,monitor
2025-10-04 21:00:00+08,XIMENDING,146,185,,,142,,,source_only_no_observed_trip,,,39,true,monitor_source_only
2025-10-04 22:00:00+08,TAIPEI_101,171,188,,,165,,,source_only_no_observed_trip,,,17,true,monitor_source_only
2025-10-04 22:00:00+08,TAIPEI_MAIN,105,163,1,1,1,0,8.0,observed,1.0,0.0,58,true,increase_supply_or_pause_send
2025-10-04 22:00:00+08,TPE_AIRPORT,98,135,7,6,5,2,19.0,observed,0.8571428571428571,0.2857142857142857,37,true,increase_supply_or_pause_send
2025-10-04 22:00:00+08,XIMENDING,130,169,1,1,1,0,13.0,observed,1.0,0.0,39,true,increase_supply_or_pause_send
2025-10-04 23:00:00+08,TAIPEI_101,128,204,1,1,1,0,10.0,observed,1.0,0.0,76,true,increase_supply_or_pause_send
2025-10-04 23:00:00+08,TAIPEI_MAIN,94,139,,,117,,,source_only_no_observed_trip,,,45,true,monitor_source_only
2025-10-04 23:00:00+08,TPE_AIRPORT,65,99,4,4,3,1,14.799999999999999,observed,1.0,0.25,34,true,increase_supply_or_pause_send
2025-10-04 23:00:00+08,XIMENDING,133,172,3,3,2,1,14.2,observed,1.0,0.3333333333333333,39,true,increase_supply_or_pause_send
2025-10-05 00:00:00+08,TAIPEI_101,148,114,,,84,,,source_only_no_observed_trip,,,-34,true,monitor_source_only
2025-10-05 00:00:00+08,TAIPEI_MAIN,154,71,2,2,1,1,14.0,observed,1.0,0.5,-83,true,monitor
2025-10-05 00:00:00+08,TPE_AIRPORT,103,118,1,1,1,0,17.0,observed,1.0,0.0,15,true,monitor
2025-10-05 00:00:00+08,XIMENDING,143,100,1,1,1,0,15.0,observed,1.0,0.0,-43,true,monitor
2025-10-05 01:00:00+08,TAIPEI_101,157,119,,,99,,,source_only_no_observed_trip,,,-38,true,monitor_source_only
2025-10-05 01:00:00+08,TAIPEI_MAIN,137,98,,,70,,,source_only_no_observed_trip,,,-39,true,monitor_source_only
2025-10-05 01:00:00+08,TPE_AIRPORT,120,87,4,3,3,1,20.8,observed,0.75,0.25,-33,true,review_pickup_reliability
2025-10-05 01:00:00+08,XIMENDING,112,131,,,104,,,source_only_no_observed_trip,,,19,true,monitor_source_only
2025-10-05 02:00:00+08,TAIPEI_101,153,120,,,93,,,source_only_no_observed_trip,,,-33,true,monitor_source_only
2025-10-05 02:00:00+08,TAIPEI_MAIN,122,93,1,1,1,0,14.0,observed,1.0,0.0,-29,true,monitor
2025-10-05 02:00:00+08,TPE_AIRPORT,85,79,3,3,2,1,21.0,observed,1.0,0.3333333333333333,-6,true,review_pickup_reliability
2025-10-05 02:00:00+08,XIMENDING,153,126,2,2,2,0,18.900000000000002,observed,1.0,0.0,-27,true,monitor
2025-10-05 03:00:00+08,TAIPEI_101,159,92,1,1,1,0,13.0,observed,1.0,0.0,-67,true,monitor
2025-10-05 03:00:00+08,TAIPEI_MAIN,185,115,,,85,,,source_only_no_observed_trip,,,-70,true,monitor_source_only
2025-10-05 03:00:00+08,TPE_AIRPORT,73,43,3,3,3,0,21.6,observed,1.0,0.0,-30,true,review_pickup_reliability
2025-10-05 03:00:00+08,XIMENDING,191,149,,,128,,,source_only_no_observed_trip,,,-42,true,monitor_source_only
2025-10-05 04:00:00+08,TAIPEI_101,140,102,1,1,1,0,19.0,observed,1.0,0.0,-38,true,monitor
2025-10-05 04:00:00+08,TAIPEI_MAIN,170,122,1,1,1,0,17.0,observed,1.0,0.0,-48,true,monitor
2025-10-05 04:00:00+08,TPE_AIRPORT,111,117,4,4,4,0,14.0,observed,1.0,0.0,6,true,monitor
2025-10-05 04:00:00+08,XIMENDING,159,70,,,53,,,source_only_no_observed_trip,,,-89,true,monitor_source_only
2025-10-05 05:00:00+08,TAIPEI_101,140,165,1,0,0,1,,observed,0.0,1.0,25,true,increase_supply_or_pause_send
2025-10-05 05:00:00+08,TAIPEI_MAIN,122,193,1,1,1,0,15.0,observed,1.0,0.0,71,true,increase_supply_or_pause_send
2025-10-05 05:00:00+08,TPE_AIRPORT,88,99,,,89,,,source_only_no_observed_trip,,,11,true,monitor_source_only
2025-10-05 05:00:00+08,XIMENDING,135,157,1,1,1,0,13.0,observed,1.0,0.0,22,true,increase_supply_or_pause_send
2025-10-05 06:00:00+08,TAIPEI_101,176,131,2,2,2,0,20.400000000000002,observed,1.0,0.0,-45,true,review_pickup_reliability
2025-10-05 06:00:00+08,TAIPEI_MAIN,129,182,,,150,,,source_only_no_observed_trip,,,53,true,monitor_source_only
2025-10-05 06:00:00+08,TPE_AIRPORT,118,104,3,2,2,1,20.900000000000002,observed,0.6666666666666666,0.3333333333333333,-14,true,review_pickup_reliability
2025-10-05 06:00:00+08,XIMENDING,141,180,,,135,,,source_only_no_observed_trip,,,39,true,monitor_source_only
2025-10-05 07:00:00+08,TAIPEI_101,135,225,1,1,1,0,15.0,observed,1.0,0.0,90,true,increase_supply_or_pause_send
2025-10-05 07:00:00+08,TAIPEI_MAIN,140,188,,,150,,,source_only_no_observed_trip,,,48,true,monitor_source_only
2025-10-05 07:00:00+08,TPE_AIRPORT,112,134,3,3,3,0,18.0,observed,1.0,0.0,22,true,increase_supply_or_pause_send
2025-10-05 07:00:00+08,XIMENDING,147,202,2,2,2,0,22.700000000000003,observed,1.0,0.0,55,true,increase_supply_or_pause_send
2025-10-05 08:00:00+08,TAIPEI_101,99,173,2,0,0,2,,observed,0.0,1.0,74,true,increase_supply_or_pause_send
2025-10-05 08:00:00+08,TAIPEI_MAIN,114,196,2,2,2,0,18.0,observed,1.0,0.0,82,true,increase_supply_or_pause_send
2025-10-05 08:00:00+08,TPE_AIRPORT,86,138,10,10,9,1,18.2,observed,1.0,0.1,52,true,increase_supply_or_pause_send
2025-10-05 08:00:00+08,XIMENDING,152,181,1,1,1,0,18.0,observed,1.0,0.0,29,true,increase_supply_or_pause_send
2025-10-05 09:00:00+08,TAIPEI_101,157,116,1,1,1,0,10.0,observed,1.0,0.0,-41,true,monitor
2025-10-05 09:00:00+08,TAIPEI_MAIN,174,132,3,3,3,0,13.200000000000001,observed,1.0,0.0,-42,true,monitor
2025-10-05 09:00:00+08,TPE_AIRPORT,94,70,5,5,5,0,20.8,observed,1.0,0.0,-24,true,review_pickup_reliability
2025-10-05 09:00:00+08,XIMENDING,134,148,,,110,,,source_only_no_observed_trip,,,14,true,monitor_source_only
2025-10-05 10:00:00+08,TAIPEI_101,145,182,,,162,,,source_only_no_observed_trip,,,37,true,monitor_source_only
2025-10-05 10:00:00+08,TAIPEI_MAIN,142,94,,,72,,,source_only_no_observed_trip,,,-48,true,monitor_source_only
2025-10-05 10:00:00+08,TPE_AIRPORT,82,104,8,8,8,0,20.3,observed,1.0,0.0,22,true,increase_supply_or_pause_send
2025-10-05 10:00:00+08,XIMENDING,137,75,1,1,1,0,17.0,observed,1.0,0.0,-62,true,monitor
2025-10-05 11:00:00+08,TAIPEI_101,133,103,,,93,,,source_only_no_observed_trip,,,-30,true,monitor_source_only
2025-10-05 11:00:00+08,TAIPEI_MAIN,163,127,2,2,2,0,17.799999999999997,observed,1.0,0.0,-36,true,monitor
2025-10-05 11:00:00+08,TPE_AIRPORT,95,90,3,3,3,0,14.399999999999999,observed,1.0,0.0,-5,true,monitor
2025-10-05 11:00:00+08,XIMENDING,172,179,,,159,,,source_only_no_observed_trip,,,7,true,monitor_source_only
2025-10-05 12:00:00+08,TAIPEI_101,155,149,,,111,,,source_only_no_observed_trip,,,-6,true,monitor_source_only
2025-10-05 12:00:00+08,TAIPEI_MAIN,156,95,,,71,,,source_only_no_observed_trip,,,-61,true,monitor_source_only
2025-10-05 12:00:00+08,TPE_AIRPORT,94,113,3,2,2,1,8.899999999999999,observed,0.6666666666666666,0.3333333333333333,19,true,monitor
2025-10-05 12:00:00+08,XIMENDING,147,98,1,1,1,0,18.0,observed,1.0,0.0,-49,true,monitor
2025-10-05 13:00:00+08,TAIPEI_101,147,116,1,1,1,0,19.0,observed,1.0,0.0,-31,true,monitor
2025-10-05 13:00:00+08,TAIPEI_MAIN,199,112,2,2,2,0,11.600000000000001,observed,1.0,0.0,-87,true,monitor
2025-10-05 13:00:00+08,TPE_AIRPORT,97,88,4,4,2,2,19.2,observed,1.0,0.5,-9,true,monitor
2025-10-05 13:00:00+08,XIMENDING,157,129,1,1,1,0,12.0,observed,1.0,0.0,-28,true,monitor
2025-10-05 14:00:00+08,TAIPEI_101,115,101,,,91,,,source_only_no_observed_trip,,,-14,true,monitor_source_only
2025-10-05 14:00:00+08,TAIPEI_MAIN,170,124,,,95,,,source_only_no_observed_trip,,,-46,true,monitor_source_only
2025-10-05 14:00:00+08,TPE_AIRPORT,110,99,2,2,2,0,16.7,observed,1.0,0.0,-11,true,monitor
2025-10-05 14:00:00+08,XIMENDING,167,123,1,1,1,0,14.0,observed,1.0,0.0,-44,true,monitor
2025-10-05 15:00:00+08,TAIPEI_101,154,133,1,1,1,0,5.0,observed,1.0,0.0,-21,true,monitor
2025-10-05 15:00:00+08,TAIPEI_MAIN,149,132,,,106,,,source_only_no_observed_trip,,,-17,true,monitor_source_only
2025-10-05 15:00:00+08,TPE_AIRPORT,77,97,4,3,3,1,17.4,observed,0.75,0.25,20,true,monitor
2025-10-05 15:00:00+08,XIMENDING,175,150,,,109,,,source_only_no_observed_trip,,,-25,true,monitor_source_only
2025-10-05 16:00:00+08,TAIPEI_101,129,67,,,50,,,source_only_no_observed_trip,,,-62,true,monitor_source_only
2025-10-05 16:00:00+08,TAIPEI_MAIN,186,126,,,108,,,source_only_no_observed_trip,,,-60,true,monitor_source_only
2025-10-05 16:00:00+08,TPE_AIRPORT,111,83,3,3,3,0,21.4,observed,1.0,0.0,-28,true,review_pickup_reliability
2025-10-05 16:00:00+08,XIMENDING,147,166,1,1,1,0,18.0,observed,1.0,0.0,19,true,monitor
2025-10-05 17:00:00+08,TAIPEI_101,155,119,,,87,,,source_only_no_observed_trip,,,-36,true,monitor_source_only
2025-10-05 17:00:00+08,TAIPEI_MAIN,162,118,,,105,,,source_only_no_observed_trip,,,-44,true,monitor_source_only
2025-10-05 17:00:00+08,TPE_AIRPORT,97,84,2,2,2,0,22.599999999999998,observed,1.0,0.0,-13,true,review_pickup_reliability
2025-10-05 17:00:00+08,XIMENDING,146,127,2,2,1,1,8.0,observed,1.0,0.5,-19,true,monitor
2025-10-05 18:00:00+08,TAIPEI_101,151,70,2,2,2,0,19.9,observed,1.0,0.0,-81,true,monitor
2025-10-05 18:00:00+08,TAIPEI_MAIN,161,88,,,64,,,source_only_no_observed_trip,,,-73,true,monitor_source_only
2025-10-05 18:00:00+08,TPE_AIRPORT,111,88,3,3,3,0,20.0,observed,1.0,0.0,-23,true,monitor
2025-10-05 18:00:00+08,XIMENDING,135,117,2,2,1,1,16.0,observed,1.0,0.5,-18,true,monitor
2025-10-05 19:00:00+08,TAIPEI_101,170,100,,,90,,,source_only_no_observed_trip,,,-70,true,monitor_source_only
2025-10-05 19:00:00+08,TAIPEI_MAIN,139,148,,,108,,,source_only_no_observed_trip,,,9,true,monitor_source_only
2025-10-05 19:00:00+08,TPE_AIRPORT,119,54,1,1,1,0,16.0,observed,1.0,0.0,-65,true,monitor
2025-10-05 19:00:00+08,XIMENDING,144,138,,,102,,,source_only_no_observed_trip,,,-6,true,monitor_source_only
2025-10-05 20:00:00+08,TAIPEI_101,153,140,1,1,1,0,16.0,observed,1.0,0.0,-13,true,monitor
2025-10-05 20:00:00+08,TAIPEI_MAIN,127,173,1,1,1,0,14.0,observed,1.0,0.0,46,true,increase_supply_or_pause_send
2025-10-05 20:00:00+08,TPE_AIRPORT,90,113,2,2,1,1,14.0,observed,1.0,0.5,23,true,increase_supply_or_pause_send
2025-10-05 20:00:00+08,XIMENDING,146,147,2,2,2,0,11.4,observed,1.0,0.0,1,true,monitor
2025-10-05 21:00:00+08,TAIPEI_101,125,149,,,129,,,source_only_no_observed_trip,,,24,true,monitor_source_only
2025-10-05 21:00:00+08,TAIPEI_MAIN,159,180,,,141,,,source_only_no_observed_trip,,,21,true,monitor_source_only
2025-10-05 21:00:00+08,TPE_AIRPORT,88,123,5,5,5,0,18.0,observed,1.0,0.0,35,true,increase_supply_or_pause_send
2025-10-05 21:00:00+08,XIMENDING,145,184,,,164,,,source_only_no_observed_trip,,,39,true,monitor_source_only
2025-10-05 22:00:00+08,TAIPEI_101,112,219,,,196,,,source_only_no_observed_trip,,,107,true,monitor_source_only
2025-10-05 22:00:00+08,TAIPEI_MAIN,120,184,1,1,1,0,8.0,observed,1.0,0.0,64,true,increase_supply_or_pause_send
2025-10-05 22:00:00+08,TPE_AIRPORT,102,131,9,9,8,1,17.299999999999997,observed,1.0,0.1111111111111111,29,true,increase_supply_or_pause_send
2025-10-05 22:00:00+08,XIMENDING,143,180,1,1,1,0,8.0,observed,1.0,0.0,37,true,increase_supply_or_pause_send
2025-10-05 23:00:00+08,TAIPEI_101,151,189,,,141,,,source_only_no_observed_trip,,,38,true,monitor_source_only
2025-10-05 23:00:00+08,TAIPEI_MAIN,151,226,,,182,,,source_only_no_observed_trip,,,75,true,monitor_source_only
2025-10-05 23:00:00+08,TPE_AIRPORT,86,143,5,5,3,2,17.0,observed,1.0,0.4,57,true,increase_supply_or_pause_send
2025-10-05 23:00:00+08,XIMENDING,129,201,,,163,,,source_only_no_observed_trip,,,72,true,monitor_source_only
2025-10-06 00:00:00+08,TAIPEI_101,146,98,,,73,,,source_only_no_observed_trip,,,-48,true,monitor_source_only
2025-10-06 00:00:00+08,TAIPEI_MAIN,151,96,,,81,,,source_only_no_observed_trip,,,-55,true,monitor_source_only
2025-10-06 00:00:00+08,TPE_AIRPORT,88,50,8,7,7,1,20.8,observed,0.875,0.125,-38,true,review_pickup_reliability
2025-10-06 00:00:00+08,XIMENDING,184,133,,,99,,,source_only_no_observed_trip,,,-51,true,monitor_source_only
2025-10-06 01:00:00+08,TAIPEI_101,140,105,,,83,,,source_only_no_observed_trip,,,-35,true,monitor_source_only
2025-10-06 01:00:00+08,TAIPEI_MAIN,152,121,2,2,2,0,12.9,observed,1.0,0.0,-31,true,monitor
2025-10-06 01:00:00+08,TPE_AIRPORT,106,53,8,7,7,1,20.8,observed,0.875,0.125,-53,true,review_pickup_reliability
2025-10-06 01:00:00+08,XIMENDING,171,122,,,109,,,source_only_no_observed_trip,,,-49,true,monitor_source_only
2025-10-06 02:00:00+08,TAIPEI_101,161,119,1,1,1,0,9.0,observed,1.0,0.0,-42,true,monitor
2025-10-06 02:00:00+08,TAIPEI_MAIN,156,157,1,1,1,0,21.0,observed,1.0,0.0,1,true,review_pickup_reliability
2025-10-06 02:00:00+08,TPE_AIRPORT,107,94,2,2,2,0,18.3,observed,1.0,0.0,-13,true,monitor
2025-10-06 02:00:00+08,XIMENDING,145,99,,,85,,,source_only_no_observed_trip,,,-46,true,monitor_source_only
2025-10-06 03:00:00+08,TAIPEI_101,128,127,1,1,1,0,17.0,observed,1.0,0.0,-1,true,monitor
2025-10-06 03:00:00+08,TAIPEI_MAIN,143,97,,,74,,,source_only_no_observed_trip,,,-46,true,monitor_source_only
2025-10-06 03:00:00+08,TPE_AIRPORT,110,80,2,2,2,0,16.3,observed,1.0,0.0,-30,true,monitor
2025-10-06 03:00:00+08,XIMENDING,165,75,2,2,2,0,22.900000000000002,observed,1.0,0.0,-90,true,review_pickup_reliability
2025-10-06 04:00:00+08,TAIPEI_101,151,123,,,98,,,source_only_no_observed_trip,,,-28,true,monitor_source_only
2025-10-06 04:00:00+08,TAIPEI_MAIN,129,118,,,92,,,source_only_no_observed_trip,,,-11,true,monitor_source_only
2025-10-06 04:00:00+08,TPE_AIRPORT,103,58,5,4,4,1,18.0,observed,0.8,0.2,-45,true,monitor
2025-10-06 04:00:00+08,XIMENDING,187,167,2,2,2,0,17.0,observed,1.0,0.0,-20,true,monitor
2025-10-06 05:00:00+08,TAIPEI_101,151,166,,,129,,,source_only_no_observed_trip,,,15,true,monitor_source_only
2025-10-06 05:00:00+08,TAIPEI_MAIN,125,177,,,146,,,source_only_no_observed_trip,,,52,true,monitor_source_only
2025-10-06 05:00:00+08,TPE_AIRPORT,77,125,2,1,1,1,10.0,observed,0.5,0.5,48,true,increase_supply_or_pause_send
2025-10-06 05:00:00+08,XIMENDING,151,140,,,126,,,source_only_no_observed_trip,,,-11,true,monitor_source_only
2025-10-06 06:00:00+08,TAIPEI_101,124,225,,,196,,,source_only_no_observed_trip,,,101,true,monitor_source_only
2025-10-06 06:00:00+08,TAIPEI_MAIN,87,208,1,1,1,0,15.0,observed,1.0,0.0,121,true,increase_supply_or_pause_send
2025-10-06 06:00:00+08,TPE_AIRPORT,93,140,6,5,5,1,17.4,observed,0.8333333333333334,0.16666666666666666,47,true,increase_supply_or_pause_send
2025-10-06 06:00:00+08,XIMENDING,96,175,2,2,0,2,,observed,1.0,1.0,79,true,increase_supply_or_pause_send
2025-10-06 07:00:00+08,TAIPEI_101,120,179,1,1,1,0,11.0,observed,1.0,0.0,59,true,increase_supply_or_pause_send
2025-10-06 07:00:00+08,TAIPEI_MAIN,148,176,2,2,2,0,13.799999999999999,observed,1.0,0.0,28,true,increase_supply_or_pause_send
2025-10-06 07:00:00+08,TPE_AIRPORT,85,132,6,5,5,1,15.6,observed,0.8333333333333334,0.16666666666666666,47,true,increase_supply_or_pause_send
2025-10-06 07:00:00+08,XIMENDING,160,193,2,2,2,0,16.0,observed,1.0,0.0,33,true,increase_supply_or_pause_send
2025-10-06 08:00:00+08,TAIPEI_101,134,183,,,139,,,source_only_no_observed_trip,,,49,true,monitor_source_only
2025-10-06 08:00:00+08,TAIPEI_MAIN,147,204,,,150,,,source_only_no_observed_trip,,,57,true,monitor_source_only
2025-10-06 08:00:00+08,TPE_AIRPORT,89,134,3,2,2,1,15.0,observed,0.6666666666666666,0.3333333333333333,45,true,increase_supply_or_pause_send
2025-10-06 08:00:00+08,XIMENDING,140,179,1,1,1,0,13.0,observed,1.0,0.0,39,true,increase_supply_or_pause_send
2025-10-06 09:00:00+08,TAIPEI_101,170,112,1,0,0,1,,observed,0.0,1.0,-58,true,monitor
2025-10-06 09:00:00+08,TAIPEI_MAIN,157,138,2,2,2,0,17.9,observed,1.0,0.0,-19,true,monitor
2025-10-06 09:00:00+08,TPE_AIRPORT,139,65,4,4,4,0,19.4,observed,1.0,0.0,-74,true,monitor
2025-10-06 09:00:00+08,XIMENDING,181,136,,,100,,,source_only_no_observed_trip,,,-45,true,monitor_source_only
2025-10-06 10:00:00+08,TAIPEI_101,123,122,1,1,1,0,11.0,observed,1.0,0.0,-1,true,monitor
2025-10-06 10:00:00+08,TAIPEI_MAIN,169,107,3,3,2,1,17.299999999999997,observed,1.0,0.3333333333333333,-62,true,monitor
2025-10-06 10:00:00+08,TPE_AIRPORT,123,86,6,6,5,1,20.2,observed,1.0,0.16666666666666666,-37,true,review_pickup_reliability
2025-10-06 10:00:00+08,XIMENDING,156,106,2,1,1,1,10.0,observed,0.5,0.5,-50,true,monitor
2025-10-06 11:00:00+08,TAIPEI_101,165,108,2,2,2,0,19.8,observed,1.0,0.0,-57,true,monitor
2025-10-06 11:00:00+08,TAIPEI_MAIN,138,94,,,79,,,source_only_no_observed_trip,,,-44,true,monitor_source_only
2025-10-06 11:00:00+08,TPE_AIRPORT,98,84,3,3,3,0,20.400000000000002,observed,1.0,0.0,-14,true,review_pickup_reliability
2025-10-06 11:00:00+08,XIMENDING,149,88,,,69,,,source_only_no_observed_trip,,,-61,true,monitor_source_only
2025-10-06 12:00:00+08,TAIPEI_101,133,113,1,1,1,0,9.0,observed,1.0,0.0,-20,true,monitor
2025-10-06 12:00:00+08,TAIPEI_MAIN,149,135,1,1,1,0,11.0,observed,1.0,0.0,-14,true,monitor
2025-10-06 12:00:00+08,TPE_AIRPORT,135,84,4,3,3,1,13.600000000000001,observed,0.75,0.25,-51,true,monitor
2025-10-06 12:00:00+08,XIMENDING,147,117,1,1,1,0,22.0,observed,1.0,0.0,-30,true,review_pickup_reliability
2025-10-06 13:00:00+08,TAIPEI_101,122,142,,,125,,,source_only_no_observed_trip,,,20,true,monitor_source_only
2025-10-06 13:00:00+08,TAIPEI_MAIN,186,62,,,52,,,source_only_no_observed_trip,,,-124,true,monitor_source_only
2025-10-06 13:00:00+08,TPE_AIRPORT,119,68,1,1,1,0,15.0,observed,1.0,0.0,-51,true,monitor
2025-10-06 13:00:00+08,XIMENDING,141,131,,,117,,,source_only_no_observed_trip,,,-10,true,monitor_source_only
2025-10-06 14:00:00+08,TAIPEI_101,132,119,1,1,0,1,,observed,1.0,1.0,-13,true,monitor
2025-10-06 14:00:00+08,TAIPEI_MAIN,156,134,1,1,1,0,13.0,observed,1.0,0.0,-22,true,monitor
2025-10-06 14:00:00+08,TPE_AIRPORT,143,77,4,4,3,1,18.0,observed,1.0,0.25,-66,true,monitor
2025-10-06 14:00:00+08,XIMENDING,150,104,,,87,,,source_only_no_observed_trip,,,-46,true,monitor_source_only
2025-10-06 15:00:00+08,TAIPEI_101,171,94,1,1,1,0,20.0,observed,1.0,0.0,-77,true,monitor
2025-10-06 15:00:00+08,TAIPEI_MAIN,186,140,1,1,1,0,23.0,observed,1.0,0.0,-46,true,review_pickup_reliability
2025-10-06 15:00:00+08,TPE_AIRPORT,114,69,2,2,2,0,18.200000000000003,observed,1.0,0.0,-45,true,monitor
2025-10-06 15:00:00+08,XIMENDING,169,126,,,106,,,source_only_no_observed_trip,,,-43,true,monitor_source_only
2025-10-06 16:00:00+08,TAIPEI_101,176,97,1,1,1,0,17.0,observed,1.0,0.0,-79,true,monitor
2025-10-06 16:00:00+08,TAIPEI_MAIN,149,109,,,88,,,source_only_no_observed_trip,,,-40,true,monitor_source_only
2025-10-06 16:00:00+08,TPE_AIRPORT,89,60,5,5,5,0,18.6,observed,1.0,0.0,-29,true,monitor
2025-10-06 16:00:00+08,XIMENDING,161,106,,,86,,,source_only_no_observed_trip,,,-55,true,monitor_source_only
2025-10-06 17:00:00+08,TAIPEI_101,184,107,1,1,1,0,16.0,observed,1.0,0.0,-77,true,monitor
2025-10-06 17:00:00+08,TAIPEI_MAIN,173,140,1,1,1,0,17.0,observed,1.0,0.0,-33,true,monitor
2025-10-06 17:00:00+08,TPE_AIRPORT,65,113,3,2,2,1,9.9,observed,0.6666666666666666,0.3333333333333333,48,true,increase_supply_or_pause_send
2025-10-06 17:00:00+08,XIMENDING,135,134,,,100,,,source_only_no_observed_trip,,,-1,true,monitor_source_only
2025-10-06 18:00:00+08,TAIPEI_101,142,148,1,1,1,0,9.0,observed,1.0,0.0,6,true,monitor
2025-10-06 18:00:00+08,TAIPEI_MAIN,142,87,3,3,3,0,16.6,observed,1.0,0.0,-55,true,monitor
2025-10-06 18:00:00+08,TPE_AIRPORT,113,57,2,2,2,0,12.600000000000001,observed,1.0,0.0,-56,true,monitor
2025-10-06 18:00:00+08,XIMENDING,150,66,2,2,2,0,10.8,observed,1.0,0.0,-84,true,monitor
2025-10-06 19:00:00+08,TAIPEI_101,167,135,3,3,2,1,16.9,observed,1.0,0.3333333333333333,-32,true,monitor
2025-10-06 19:00:00+08,TAIPEI_MAIN,173,90,,,67,,,source_only_no_observed_trip,,,-83,true,monitor_source_only
2025-10-06 19:00:00+08,TPE_AIRPORT,103,47,6,4,4,2,22.400000000000002,observed,0.6666666666666666,0.3333333333333333,-56,true,review_pickup_reliability
2025-10-06 19:00:00+08,XIMENDING,153,137,,,101,,,source_only_no_observed_trip,,,-16,true,monitor_source_only
2025-10-06 20:00:00+08,TAIPEI_101,134,180,,,147,,,source_only_no_observed_trip,,,46,true,monitor_source_only
2025-10-06 20:00:00+08,TAIPEI_MAIN,123,182,2,2,2,0,17.2,observed,1.0,0.0,59,true,increase_supply_or_pause_send
2025-10-06 20:00:00+08,TPE_AIRPORT,53,126,7,6,6,1,19.0,observed,0.8571428571428571,0.14285714285714285,73,true,increase_supply_or_pause_send
2025-10-06 20:00:00+08,XIMENDING,102,194,2,2,2,0,21.6,observed,1.0,0.0,92,true,increase_supply_or_pause_send
2025-10-06 21:00:00+08,TAIPEI_101,114,195,,,165,,,source_only_no_observed_trip,,,81,true,monitor_source_only
2025-10-06 21:00:00+08,TAIPEI_MAIN,126,183,,,154,,,source_only_no_observed_trip,,,57,true,monitor_source_only
2025-10-06 21:00:00+08,TPE_AIRPORT,76,130,5,5,5,0,19.8,observed,1.0,0.0,54,true,increase_supply_or_pause_send
2025-10-06 21:00:00+08,XIMENDING,117,181,,,146,,,source_only_no_observed_trip,,,64,true,monitor_source_only
2025-10-06 22:00:00+08,TAIPEI_101,163,202,1,1,0,1,,observed,1.0,1.0,39,true,increase_supply_or_pause_send
2025-10-06 22:00:00+08,TAIPEI_MAIN,126,180,,,131,,,source_only_no_observed_trip,,,54,true,monitor_source_only
2025-10-06 22:00:00+08,TPE_AIRPORT,103,104,10,10,8,2,19.3,observed,1.0,0.2,1,true,monitor
2025-10-06 22:00:00+08,XIMENDING,132,179,,,143,,,source_only_no_observed_trip,,,47,true,monitor_source_only
2025-10-06 23:00:00+08,TAIPEI_101,160,179,,,156,,,source_only_no_observed_trip,,,19,true,monitor_source_only
2025-10-06 23:00:00+08,TAIPEI_MAIN,145,175,,,126,,,source_only_no_observed_trip,,,30,true,monitor_source_only
2025-10-06 23:00:00+08,TPE_AIRPORT,76,123,8,8,8,0,19.0,observed,1.0,0.0,47,true,increase_supply_or_pause_send
2025-10-06 23:00:00+08,XIMENDING,154,154,,,119,,,source_only_no_observed_trip,,,0,true,monitor_source_only
2025-10-07 00:00:00+08,TAIPEI_101,185,99,1,1,0,1,,observed,1.0,1.0,-86,true,monitor
2025-10-07 00:00:00+08,TAIPEI_MAIN,177,105,1,1,1,0,14.0,observed,1.0,0.0,-72,true,monitor
2025-10-07 00:00:00+08,TPE_AIRPORT,129,68,4,3,2,2,13.5,observed,0.75,0.5,-61,true,monitor
2025-10-07 00:00:00+08,XIMENDING,148,86,,,66,,,source_only_no_observed_trip,,,-62,true,monitor_source_only
2025-10-07 01:00:00+08,TAIPEI_101,156,118,,,103,,,source_only_no_observed_trip,,,-38,true,monitor_source_only
2025-10-07 01:00:00+08,TAIPEI_MAIN,172,123,1,1,0,1,,observed,1.0,1.0,-49,true,monitor
2025-10-07 01:00:00+08,TPE_AIRPORT,105,62,1,1,1,0,22.0,observed,1.0,0.0,-43,true,review_pickup_reliability
2025-10-07 01:00:00+08,XIMENDING,143,135,,,115,,,source_only_no_observed_trip,,,-8,true,monitor_source_only
2025-10-07 02:00:00+08,TAIPEI_101,150,112,,,95,,,source_only_no_observed_trip,,,-38,true,monitor_source_only
2025-10-07 02:00:00+08,TAIPEI_MAIN,167,128,,,93,,,source_only_no_observed_trip,,,-39,true,monitor_source_only
2025-10-07 02:00:00+08,TPE_AIRPORT,93,78,2,2,2,0,15.9,observed,1.0,0.0,-15,true,monitor
2025-10-07 02:00:00+08,XIMENDING,176,157,,,122,,,source_only_no_observed_trip,,,-19,true,monitor_source_only
2025-10-07 03:00:00+08,TAIPEI_101,176,128,,,115,,,source_only_no_observed_trip,,,-48,true,monitor_source_only
2025-10-07 03:00:00+08,TAIPEI_MAIN,131,149,1,1,0,1,,observed,1.0,1.0,18,true,monitor
2025-10-07 03:00:00+08,TPE_AIRPORT,107,73,3,3,3,0,18.0,observed,1.0,0.0,-34,true,monitor
2025-10-07 03:00:00+08,XIMENDING,134,78,,,68,,,source_only_no_observed_trip,,,-56,true,monitor_source_only
2025-10-07 04:00:00+08,TAIPEI_101,189,78,,,69,,,source_only_no_observed_trip,,,-111,true,monitor_source_only
2025-10-07 04:00:00+08,TAIPEI_MAIN,145,121,1,1,1,0,7.0,observed,1.0,0.0,-24,true,monitor
2025-10-07 04:00:00+08,TPE_AIRPORT,103,79,3,3,2,1,16.8,observed,1.0,0.3333333333333333,-24,true,monitor
2025-10-07 04:00:00+08,XIMENDING,132,103,2,2,1,1,12.0,observed,1.0,0.5,-29,true,monitor
2025-10-07 05:00:00+08,TAIPEI_101,162,142,2,1,1,1,19.0,observed,0.5,0.5,-20,true,monitor
2025-10-07 05:00:00+08,TAIPEI_MAIN,124,199,,,152,,,source_only_no_observed_trip,,,75,true,monitor_source_only
2025-10-07 05:00:00+08,TPE_AIRPORT,108,129,4,4,4,0,17.0,observed,1.0,0.0,21,true,increase_supply_or_pause_send
2025-10-07 05:00:00+08,XIMENDING,165,153,3,3,3,0,17.6,observed,1.0,0.0,-12,true,monitor
2025-10-07 06:00:00+08,TAIPEI_101,148,158,,,130,,,source_only_no_observed_trip,,,10,true,monitor_source_only
2025-10-07 06:00:00+08,TAIPEI_MAIN,152,176,,,140,,,source_only_no_observed_trip,,,24,true,monitor_source_only
2025-10-07 06:00:00+08,TPE_AIRPORT,102,97,1,1,1,0,16.0,observed,1.0,0.0,-5,true,monitor
2025-10-07 06:00:00+08,XIMENDING,135,183,,,140,,,source_only_no_observed_trip,,,48,true,monitor_source_only
2025-10-07 07:00:00+08,TAIPEI_101,116,191,2,2,2,0,17.599999999999998,observed,1.0,0.0,75,true,increase_supply_or_pause_send
2025-10-07 07:00:00+08,TAIPEI_MAIN,141,177,2,2,2,0,18.200000000000003,observed,1.0,0.0,36,true,increase_supply_or_pause_send
2025-10-07 07:00:00+08,TPE_AIRPORT,94,146,6,6,6,0,19.0,observed,1.0,0.0,52,true,increase_supply_or_pause_send
2025-10-07 07:00:00+08,XIMENDING,152,190,1,1,1,0,20.0,observed,1.0,0.0,38,true,increase_supply_or_pause_send
2025-10-07 08:00:00+08,TAIPEI_101,155,197,3,3,3,0,20.8,observed,1.0,0.0,42,true,increase_supply_or_pause_send
2025-10-07 08:00:00+08,TAIPEI_MAIN,138,199,,,146,,,source_only_no_observed_trip,,,61,true,monitor_source_only
2025-10-07 08:00:00+08,TPE_AIRPORT,66,119,6,6,6,0,19.5,observed,1.0,0.0,53,true,increase_supply_or_pause_send
2025-10-07 08:00:00+08,XIMENDING,144,136,2,2,2,0,20.900000000000002,observed,1.0,0.0,-8,true,review_pickup_reliability
2025-10-07 09:00:00+08,TAIPEI_101,174,93,2,2,2,0,21.6,observed,1.0,0.0,-81,true,review_pickup_reliability
2025-10-07 09:00:00+08,TAIPEI_MAIN,156,92,1,0,0,1,,observed,0.0,1.0,-64,true,monitor
2025-10-07 09:00:00+08,TPE_AIRPORT,101,55,5,5,5,0,17.0,observed,1.0,0.0,-46,true,monitor
2025-10-07 09:00:00+08,XIMENDING,168,153,4,4,3,1,16.0,observed,1.0,0.25,-15,true,monitor
2025-10-07 10:00:00+08,TAIPEI_101,139,152,1,1,1,0,7.0,observed,1.0,0.0,13,true,monitor
2025-10-07 10:00:00+08,TAIPEI_MAIN,162,115,1,1,1,0,20.0,observed,1.0,0.0,-47,true,monitor
2025-10-07 10:00:00+08,TPE_AIRPORT,95,42,7,7,7,0,18.8,observed,1.0,0.0,-53,true,monitor
2025-10-07 10:00:00+08,XIMENDING,132,105,,,89,,,source_only_no_observed_trip,,,-27,true,monitor_source_only
2025-10-07 11:00:00+08,TAIPEI_101,152,99,,,74,,,source_only_no_observed_trip,,,-53,true,monitor_source_only
2025-10-07 11:00:00+08,TAIPEI_MAIN,131,114,1,1,1,0,19.0,observed,1.0,0.0,-17,true,monitor
2025-10-07 11:00:00+08,TPE_AIRPORT,129,95,5,4,4,1,18.400000000000002,observed,0.8,0.2,-34,true,monitor
2025-10-07 11:00:00+08,XIMENDING,155,118,1,0,0,1,,observed,0.0,1.0,-37,true,monitor
2025-10-07 12:00:00+08,TAIPEI_101,170,145,,,109,,,source_only_no_observed_trip,,,-25,true,monitor_source_only
2025-10-07 12:00:00+08,TAIPEI_MAIN,135,112,,,97,,,source_only_no_observed_trip,,,-23,true,monitor_source_only
2025-10-07 12:00:00+08,TPE_AIRPORT,112,81,2,2,2,0,13.1,observed,1.0,0.0,-31,true,monitor
2025-10-07 12:00:00+08,XIMENDING,175,134,1,1,1,0,15.0,observed,1.0,0.0,-41,true,monitor
2025-10-07 13:00:00+08,TAIPEI_101,179,104,2,2,2,0,10.7,observed,1.0,0.0,-75,true,monitor
2025-10-07 13:00:00+08,TAIPEI_MAIN,170,120,1,1,1,0,11.0,observed,1.0,0.0,-50,true,monitor
2025-10-07 13:00:00+08,TPE_AIRPORT,114,82,2,2,2,0,15.9,observed,1.0,0.0,-32,true,monitor
2025-10-07 13:00:00+08,XIMENDING,154,106,,,80,,,source_only_no_observed_trip,,,-48,true,monitor_source_only
2025-10-07 14:00:00+08,TAIPEI_101,162,159,,,143,,,source_only_no_observed_trip,,,-3,true,monitor_source_only
2025-10-07 14:00:00+08,TAIPEI_MAIN,148,100,,,78,,,source_only_no_observed_trip,,,-48,true,monitor_source_only
2025-10-07 14:00:00+08,TPE_AIRPORT,124,28,2,2,2,0,16.7,observed,1.0,0.0,-96,true,monitor
2025-10-07 14:00:00+08,XIMENDING,158,156,1,1,1,0,21.0,observed,1.0,0.0,-2,true,review_pickup_reliability
2025-10-07 15:00:00+08,TAIPEI_101,175,105,1,1,1,0,23.0,observed,1.0,0.0,-70,true,review_pickup_reliability
2025-10-07 15:00:00+08,TAIPEI_MAIN,137,139,,,115,,,source_only_no_observed_trip,,,2,true,monitor_source_only
2025-10-07 15:00:00+08,TPE_AIRPORT,130,82,5,5,4,1,17.8,observed,1.0,0.2,-48,true,monitor
2025-10-07 15:00:00+08,XIMENDING,152,107,,,80,,,source_only_no_observed_trip,,,-45,true,monitor_source_only
2025-10-07 16:00:00+08,TAIPEI_101,191,121,1,1,1,0,19.0,observed,1.0,0.0,-70,true,monitor
2025-10-07 16:00:00+08,TAIPEI_MAIN,157,125,,,113,,,source_only_no_observed_trip,,,-32,true,monitor_source_only
2025-10-07 16:00:00+08,TPE_AIRPORT,101,97,1,1,1,0,13.0,observed,1.0,0.0,-4,true,monitor
2025-10-07 16:00:00+08,XIMENDING,153,111,1,1,1,0,18.0,observed,1.0,0.0,-42,true,monitor
2025-10-07 17:00:00+08,TAIPEI_101,126,136,1,1,1,0,15.0,observed,1.0,0.0,10,true,monitor
2025-10-07 17:00:00+08,TAIPEI_MAIN,154,100,,,75,,,source_only_no_observed_trip,,,-54,true,monitor_source_only
2025-10-07 17:00:00+08,TPE_AIRPORT,88,98,5,5,5,0,17.6,observed,1.0,0.0,10,true,monitor
2025-10-07 17:00:00+08,XIMENDING,189,102,,,74,,,source_only_no_observed_trip,,,-87,true,monitor_source_only
2025-10-07 18:00:00+08,TAIPEI_101,148,108,2,2,1,1,22.0,observed,1.0,0.5,-40,true,review_pickup_reliability
2025-10-07 18:00:00+08,TAIPEI_MAIN,176,103,,,82,,,source_only_no_observed_trip,,,-73,true,monitor_source_only
2025-10-07 18:00:00+08,TPE_AIRPORT,97,70,2,2,2,0,19.4,observed,1.0,0.0,-27,true,monitor
2025-10-07 18:00:00+08,XIMENDING,153,112,5,5,4,1,15.900000000000002,observed,1.0,0.2,-41,true,monitor
2025-10-07 19:00:00+08,TAIPEI_101,155,144,2,2,2,0,18.8,observed,1.0,0.0,-11,true,monitor
2025-10-07 19:00:00+08,TAIPEI_MAIN,187,111,1,1,1,0,10.0,observed,1.0,0.0,-76,true,monitor
2025-10-07 19:00:00+08,TPE_AIRPORT,95,68,2,2,2,0,13.7,observed,1.0,0.0,-27,true,monitor
2025-10-07 19:00:00+08,XIMENDING,155,114,3,3,3,0,12.8,observed,1.0,0.0,-41,true,monitor
2025-10-07 20:00:00+08,TAIPEI_101,140,160,1,1,1,0,18.0,observed,1.0,0.0,20,true,monitor
2025-10-07 20:00:00+08,TAIPEI_MAIN,109,156,,,123,,,source_only_no_observed_trip,,,47,true,monitor_source_only
2025-10-07 20:00:00+08,TPE_AIRPORT,99,161,3,3,3,0,19.0,observed,1.0,0.0,62,true,increase_supply_or_pause_send
2025-10-07 20:00:00+08,XIMENDING,129,177,1,1,1,0,13.0,observed,1.0,0.0,48,true,increase_supply_or_pause_send
2025-10-07 21:00:00+08,TAIPEI_101,119,180,,,160,,,source_only_no_observed_trip,,,61,true,monitor_source_only
2025-10-07 21:00:00+08,TAIPEI_MAIN,134,154,3,2,2,1,17.9,observed,0.6666666666666666,0.3333333333333333,20,true,monitor
2025-10-07 21:00:00+08,TPE_AIRPORT,106,136,7,7,6,1,19.5,observed,1.0,0.14285714285714285,30,true,increase_supply_or_pause_send
2025-10-07 21:00:00+08,XIMENDING,134,179,,,133,,,source_only_no_observed_trip,,,45,true,monitor_source_only
2025-10-07 22:00:00+08,TAIPEI_101,163,165,,,147,,,source_only_no_observed_trip,,,2,true,monitor_source_only
2025-10-07 22:00:00+08,TAIPEI_MAIN,156,234,,,193,,,source_only_no_observed_trip,,,78,true,monitor_source_only
2025-10-07 22:00:00+08,TPE_AIRPORT,44,117,6,5,5,1,17.0,observed,0.8333333333333334,0.16666666666666666,73,true,increase_supply_or_pause_send
2025-10-07 22:00:00+08,XIMENDING,102,169,1,1,1,0,10.0,observed,1.0,0.0,67,true,increase_supply_or_pause_send
2025-10-07 23:00:00+08,TAIPEI_101,146,155,,,123,,,source_only_no_observed_trip,,,9,true,monitor_source_only
2025-10-07 23:00:00+08,TAIPEI_MAIN,139,217,,,173,,,source_only_no_observed_trip,,,78,true,monitor_source_only
2025-10-07 23:00:00+08,TPE_AIRPORT,88,143,6,6,5,1,18.8,observed,1.0,0.16666666666666666,55,true,increase_supply_or_pause_send
2025-10-07 23:00:00+08,XIMENDING,102,189,,,170,,,source_only_no_observed_trip,,,87,true,monitor_source_only
2025-10-08 00:00:00+08,TAIPEI_101,135,136,1,1,1,0,21.0,observed,1.0,0.0,1,true,review_pickup_reliability
2025-10-08 00:00:00+08,TAIPEI_MAIN,139,84,,,75,,,source_only_no_observed_trip,,,-55,true,monitor_source_only
2025-10-08 00:00:00+08,TPE_AIRPORT,121,61,5,4,4,1,14.400000000000002,observed,0.8,0.2,-60,true,monitor
2025-10-08 00:00:00+08,XIMENDING,156,137,1,1,1,0,14.0,observed,1.0,0.0,-19,true,monitor
2025-10-08 01:00:00+08,TAIPEI_101,141,102,2,2,2,0,21.9,observed,1.0,0.0,-39,true,review_pickup_reliability
2025-10-08 01:00:00+08,TAIPEI_MAIN,152,110,,,88,,,source_only_no_observed_trip,,,-42,true,monitor_source_only
2025-10-08 01:00:00+08,TPE_AIRPORT,91,68,5,5,5,0,20.6,observed,1.0,0.0,-23,true,review_pickup_reliability
2025-10-08 01:00:00+08,XIMENDING,157,96,1,1,1,0,11.0,observed,1.0,0.0,-61,true,monitor
2025-10-08 02:00:00+08,TAIPEI_101,159,111,1,1,1,0,18.0,observed,1.0,0.0,-48,true,monitor
2025-10-08 02:00:00+08,TAIPEI_MAIN,151,147,1,1,1,0,9.0,observed,1.0,0.0,-4,true,monitor
2025-10-08 02:00:00+08,TPE_AIRPORT,89,64,1,1,1,0,10.0,observed,1.0,0.0,-25,true,monitor
2025-10-08 02:00:00+08,XIMENDING,167,133,1,1,1,0,15.0,observed,1.0,0.0,-34,true,monitor
2025-10-08 03:00:00+08,TAIPEI_101,164,147,1,1,1,0,17.0,observed,1.0,0.0,-17,true,monitor
2025-10-08 03:00:00+08,TAIPEI_MAIN,145,106,,,92,,,source_only_no_observed_trip,,,-39,true,monitor_source_only
2025-10-08 03:00:00+08,TPE_AIRPORT,93,80,,,71,,,source_only_no_observed_trip,,,-13,true,monitor_source_only
2025-10-08 03:00:00+08,XIMENDING,177,112,,,87,,,source_only_no_observed_trip,,,-65,true,monitor_source_only
2025-10-08 04:00:00+08,TAIPEI_101,148,100,,,75,,,source_only_no_observed_trip,,,-48,true,monitor_source_only
2025-10-08 04:00:00+08,TAIPEI_MAIN,159,148,,,128,,,source_only_no_observed_trip,,,-11,true,monitor_source_only
2025-10-08 04:00:00+08,TPE_AIRPORT,118,107,1,1,1,0,13.0,observed,1.0,0.0,-11,true,monitor
2025-10-08 04:00:00+08,XIMENDING,193,104,,,80,,,source_only_no_observed_trip,,,-89,true,monitor_source_only
2025-10-08 05:00:00+08,TAIPEI_101,151,159,1,1,1,0,7.0,observed,1.0,0.0,8,true,monitor
2025-10-08 05:00:00+08,TAIPEI_MAIN,144,166,,,144,,,source_only_no_observed_trip,,,22,true,monitor_source_only
2025-10-08 05:00:00+08,TPE_AIRPORT,72,107,5,5,5,0,20.6,observed,1.0,0.0,35,true,increase_supply_or_pause_send
2025-10-08 05:00:00+08,XIMENDING,119,146,,,106,,,source_only_no_observed_trip,,,27,true,monitor_source_only
2025-10-08 06:00:00+08,TAIPEI_101,143,199,,,150,,,source_only_no_observed_trip,,,56,true,monitor_source_only
2025-10-08 06:00:00+08,TAIPEI_MAIN,140,210,1,1,0,1,,observed,1.0,1.0,70,true,increase_supply_or_pause_send
2025-10-08 06:00:00+08,TPE_AIRPORT,67,113,6,6,6,0,19.0,observed,1.0,0.0,46,true,increase_supply_or_pause_send
2025-10-08 06:00:00+08,XIMENDING,136,206,,,155,,,source_only_no_observed_trip,,,70,true,monitor_source_only
2025-10-08 07:00:00+08,TAIPEI_101,166,170,6,5,5,1,19.2,observed,0.8333333333333334,0.16666666666666666,4,true,monitor
2025-10-08 07:00:00+08,TAIPEI_MAIN,165,168,,,128,,,source_only_no_observed_trip,,,3,true,monitor_source_only
2025-10-08 07:00:00+08,TPE_AIRPORT,81,116,11,10,9,2,22.2,observed,0.9090909090909091,0.18181818181818182,35,true,increase_supply_or_pause_send
2025-10-08 07:00:00+08,XIMENDING,146,208,1,1,1,0,15.0,observed,1.0,0.0,62,true,increase_supply_or_pause_send
2025-10-08 08:00:00+08,TAIPEI_101,127,228,2,2,1,1,13.0,observed,1.0,0.5,101,true,increase_supply_or_pause_send
2025-10-08 08:00:00+08,TAIPEI_MAIN,143,172,1,1,1,0,9.0,observed,1.0,0.0,29,true,increase_supply_or_pause_send
2025-10-08 08:00:00+08,TPE_AIRPORT,90,101,4,4,4,0,20.7,observed,1.0,0.0,11,true,review_pickup_reliability
2025-10-08 08:00:00+08,XIMENDING,128,177,2,2,2,0,15.9,observed,1.0,0.0,49,true,increase_supply_or_pause_send
2025-10-08 09:00:00+08,TAIPEI_101,161,134,,,100,,,source_only_no_observed_trip,,,-27,true,monitor_source_only
2025-10-08 09:00:00+08,TAIPEI_MAIN,139,111,2,2,2,0,18.700000000000003,observed,1.0,0.0,-28,true,monitor
2025-10-08 09:00:00+08,TPE_AIRPORT,109,82,7,7,7,0,11.4,observed,1.0,0.0,-27,true,monitor
2025-10-08 09:00:00+08,XIMENDING,138,143,3,3,3,0,16.6,observed,1.0,0.0,5,true,monitor
2025-10-08 10:00:00+08,TAIPEI_101,153,122,,,97,,,source_only_no_observed_trip,,,-31,true,monitor_source_only
2025-10-08 10:00:00+08,TAIPEI_MAIN,171,124,1,1,1,0,15.0,observed,1.0,0.0,-47,true,monitor
2025-10-08 10:00:00+08,TPE_AIRPORT,119,40,7,7,7,0,17.6,observed,1.0,0.0,-79,true,monitor
2025-10-08 10:00:00+08,XIMENDING,170,132,1,1,1,0,16.0,observed,1.0,0.0,-38,true,monitor
2025-10-08 11:00:00+08,TAIPEI_101,179,122,,,101,,,source_only_no_observed_trip,,,-57,true,monitor_source_only
2025-10-08 11:00:00+08,TAIPEI_MAIN,146,85,1,1,1,0,17.0,observed,1.0,0.0,-61,true,monitor
2025-10-08 11:00:00+08,TPE_AIRPORT,124,53,5,5,4,1,16.0,observed,1.0,0.2,-71,true,monitor
2025-10-08 11:00:00+08,XIMENDING,207,101,,,87,,,source_only_no_observed_trip,,,-106,true,monitor_source_only
2025-10-08 12:00:00+08,TAIPEI_101,192,99,,,78,,,source_only_no_observed_trip,,,-93,true,monitor_source_only
2025-10-08 12:00:00+08,TAIPEI_MAIN,148,97,1,1,1,0,15.0,observed,1.0,0.0,-51,true,monitor
2025-10-08 12:00:00+08,TPE_AIRPORT,132,53,1,1,0,1,,observed,1.0,1.0,-79,true,monitor
2025-10-08 12:00:00+08,XIMENDING,136,95,,,82,,,source_only_no_observed_trip,,,-41,true,monitor_source_only
2025-10-08 13:00:00+08,TAIPEI_101,179,116,2,2,2,0,18.0,observed,1.0,0.0,-63,true,monitor
2025-10-08 13:00:00+08,TAIPEI_MAIN,165,119,,,88,,,source_only_no_observed_trip,,,-46,true,monitor_source_only
2025-10-08 13:00:00+08,TPE_AIRPORT,113,39,,,30,,,source_only_no_observed_trip,,,-74,true,monitor_source_only
2025-10-08 13:00:00+08,XIMENDING,200,83,1,1,1,0,15.0,observed,1.0,0.0,-117,true,monitor
2025-10-08 14:00:00+08,TAIPEI_101,153,116,,,99,,,source_only_no_observed_trip,,,-37,true,monitor_source_only
2025-10-08 14:00:00+08,TAIPEI_MAIN,181,131,,,107,,,source_only_no_observed_trip,,,-50,true,monitor_source_only
2025-10-08 14:00:00+08,TPE_AIRPORT,119,37,2,1,1,1,17.0,observed,0.5,0.5,-82,true,monitor
2025-10-08 14:00:00+08,XIMENDING,158,64,,,53,,,source_only_no_observed_trip,,,-94,true,monitor_source_only
2025-10-08 15:00:00+08,TAIPEI_101,143,116,2,2,2,0,13.899999999999999,observed,1.0,0.0,-27,true,monitor
2025-10-08 15:00:00+08,TAIPEI_MAIN,155,102,1,0,0,1,,observed,0.0,1.0,-53,true,monitor
2025-10-08 15:00:00+08,TPE_AIRPORT,100,104,1,1,1,0,22.0,observed,1.0,0.0,4,true,review_pickup_reliability
2025-10-08 15:00:00+08,XIMENDING,176,158,,,128,,,source_only_no_observed_trip,,,-18,true,monitor_source_only
2025-10-08 16:00:00+08,TAIPEI_101,174,96,,,81,,,source_only_no_observed_trip,,,-78,true,monitor_source_only
2025-10-08 16:00:00+08,TAIPEI_MAIN,195,142,1,1,1,0,18.0,observed,1.0,0.0,-53,true,monitor
2025-10-08 16:00:00+08,TPE_AIRPORT,119,66,2,2,2,0,19.1,observed,1.0,0.0,-53,true,monitor
2025-10-08 16:00:00+08,XIMENDING,127,128,,,110,,,source_only_no_observed_trip,,,1,true,monitor_source_only
2025-10-08 17:00:00+08,TAIPEI_101,210,130,1,1,1,0,14.0,observed,1.0,0.0,-80,true,monitor
2025-10-08 17:00:00+08,TAIPEI_MAIN,143,79,,,66,,,source_only_no_observed_trip,,,-64,true,monitor_source_only
2025-10-08 17:00:00+08,TPE_AIRPORT,74,75,3,3,3,0,14.6,observed,1.0,0.0,1,true,monitor
2025-10-08 17:00:00+08,XIMENDING,149,104,2,2,2,0,15.7,observed,1.0,0.0,-45,true,monitor
2025-10-08 18:00:00+08,TAIPEI_101,136,127,2,2,2,0,17.7,observed,1.0,0.0,-9,true,monitor
2025-10-08 18:00:00+08,TAIPEI_MAIN,121,110,1,1,1,0,11.0,observed,1.0,0.0,-11,true,monitor
2025-10-08 18:00:00+08,TPE_AIRPORT,103,71,4,4,4,0,22.400000000000002,observed,1.0,0.0,-32,true,review_pickup_reliability
2025-10-08 18:00:00+08,XIMENDING,137,100,3,3,3,0,14.0,observed,1.0,0.0,-37,true,monitor
2025-10-08 19:00:00+08,TAIPEI_101,163,83,1,1,1,0,23.0,observed,1.0,0.0,-80,true,review_pickup_reliability
2025-10-08 19:00:00+08,TAIPEI_MAIN,154,112,2,2,2,0,21.4,observed,1.0,0.0,-42,true,review_pickup_reliability
2025-10-08 19:00:00+08,TPE_AIRPORT,110,103,3,3,2,1,20.5,observed,1.0,0.3333333333333333,-7,true,review_pickup_reliability
2025-10-08 19:00:00+08,XIMENDING,169,122,3,3,3,0,13.8,observed,1.0,0.0,-47,true,monitor
2025-10-08 20:00:00+08,TAIPEI_101,105,181,1,1,1,0,14.0,observed,1.0,0.0,76,true,increase_supply_or_pause_send
2025-10-08 20:00:00+08,TAIPEI_MAIN,125,187,1,1,1,0,9.0,observed,1.0,0.0,62,true,increase_supply_or_pause_send
2025-10-08 20:00:00+08,TPE_AIRPORT,86,132,3,3,3,0,18.6,observed,1.0,0.0,46,true,increase_supply_or_pause_send
2025-10-08 20:00:00+08,XIMENDING,145,184,1,1,1,0,15.0,observed,1.0,0.0,39,true,increase_supply_or_pause_send
2025-10-08 21:00:00+08,TAIPEI_101,124,172,1,1,1,0,15.0,observed,1.0,0.0,48,true,increase_supply_or_pause_send
2025-10-08 21:00:00+08,TAIPEI_MAIN,137,213,1,1,1,0,17.0,observed,1.0,0.0,76,true,increase_supply_or_pause_send
2025-10-08 21:00:00+08,TPE_AIRPORT,78,136,2,2,2,0,19.1,observed,1.0,0.0,58,true,increase_supply_or_pause_send
2025-10-08 21:00:00+08,XIMENDING,144,187,,,168,,,source_only_no_observed_trip,,,43,true,monitor_source_only
2025-10-08 22:00:00+08,TAIPEI_101,150,171,,,154,,,source_only_no_observed_trip,,,21,true,monitor_source_only
2025-10-08 22:00:00+08,TAIPEI_MAIN,97,203,1,1,1,0,7.0,observed,1.0,0.0,106,true,increase_supply_or_pause_send
2025-10-08 22:00:00+08,TPE_AIRPORT,96,130,6,3,3,3,13.4,observed,0.5,0.5,34,true,increase_supply_or_pause_send
2025-10-08 22:00:00+08,XIMENDING,104,171,,,142,,,source_only_no_observed_trip,,,67,true,monitor_source_only
2025-10-08 23:00:00+08,TAIPEI_101,106,214,1,0,0,1,,observed,0.0,1.0,108,true,increase_supply_or_pause_send
2025-10-08 23:00:00+08,TAIPEI_MAIN,151,223,1,1,1,0,14.0,observed,1.0,0.0,72,true,increase_supply_or_pause_send
2025-10-08 23:00:00+08,TPE_AIRPORT,108,126,10,7,6,4,17.0,observed,0.7,0.4,18,true,monitor
2025-10-08 23:00:00+08,XIMENDING,161,200,2,2,1,1,7.0,observed,1.0,0.5,39,true,increase_supply_or_pause_send
2025-10-09 00:00:00+08,TAIPEI_101,142,158,1,1,1,0,21.0,observed,1.0,0.0,16,true,review_pickup_reliability
2025-10-09 00:00:00+08,TAIPEI_MAIN,159,102,,,80,,,source_only_no_observed_trip,,,-57,true,monitor_source_only
2025-10-09 00:00:00+08,TPE_AIRPORT,112,79,6,5,5,1,18.2,observed,0.8333333333333334,0.16666666666666666,-33,true,monitor
2025-10-09 00:00:00+08,XIMENDING,151,72,,,62,,,source_only_no_observed_trip,,,-79,true,monitor_source_only
2025-10-09 01:00:00+08,TAIPEI_101,164,110,1,1,1,0,22.0,observed,1.0,0.0,-54,true,review_pickup_reliability
2025-10-09 01:00:00+08,TAIPEI_MAIN,147,65,1,1,1,0,14.0,observed,1.0,0.0,-82,true,monitor
2025-10-09 01:00:00+08,TPE_AIRPORT,106,66,2,2,2,0,10.5,observed,1.0,0.0,-40,true,monitor
2025-10-09 01:00:00+08,XIMENDING,169,123,,,101,,,source_only_no_observed_trip,,,-46,true,monitor_source_only
2025-10-09 02:00:00+08,TAIPEI_101,142,150,,,111,,,source_only_no_observed_trip,,,8,true,monitor_source_only
2025-10-09 02:00:00+08,TAIPEI_MAIN,129,154,,,135,,,source_only_no_observed_trip,,,25,true,monitor_source_only
2025-10-09 02:00:00+08,TPE_AIRPORT,89,59,4,4,4,0,20.1,observed,1.0,0.0,-30,true,review_pickup_reliability
2025-10-09 02:00:00+08,XIMENDING,149,94,1,0,0,1,,observed,0.0,1.0,-55,true,monitor
2025-10-09 03:00:00+08,TAIPEI_101,194,105,,,93,,,source_only_no_observed_trip,,,-89,true,monitor_source_only
2025-10-09 03:00:00+08,TAIPEI_MAIN,146,141,,,116,,,source_only_no_observed_trip,,,-5,true,monitor_source_only
2025-10-09 03:00:00+08,TPE_AIRPORT,115,78,1,1,1,0,10.0,observed,1.0,0.0,-37,true,monitor
2025-10-09 03:00:00+08,XIMENDING,173,119,,,102,,,source_only_no_observed_trip,,,-54,true,monitor_source_only
2025-10-09 04:00:00+08,TAIPEI_101,154,96,,,85,,,source_only_no_observed_trip,,,-58,true,monitor_source_only
2025-10-09 04:00:00+08,TAIPEI_MAIN,149,106,,,88,,,source_only_no_observed_trip,,,-43,true,monitor_source_only
2025-10-09 04:00:00+08,TPE_AIRPORT,138,123,2,2,2,0,15.8,observed,1.0,0.0,-15,true,monitor
2025-10-09 04:00:00+08,XIMENDING,170,113,1,1,1,0,20.0,observed,1.0,0.0,-57,true,monitor
2025-10-09 05:00:00+08,TAIPEI_101,130,231,1,1,1,0,13.0,observed,1.0,0.0,101,true,increase_supply_or_pause_send
2025-10-09 05:00:00+08,TAIPEI_MAIN,108,175,,,147,,,source_only_no_observed_trip,,,67,true,monitor_source_only
2025-10-09 05:00:00+08,TPE_AIRPORT,126,115,3,3,3,0,20.0,observed,1.0,0.0,-11,true,monitor
2025-10-09 05:00:00+08,XIMENDING,97,181,,,148,,,source_only_no_observed_trip,,,84,true,monitor_source_only
2025-10-09 06:00:00+08,TAIPEI_101,120,188,,,145,,,source_only_no_observed_trip,,,68,true,monitor_source_only
2025-10-09 06:00:00+08,TAIPEI_MAIN,115,144,,,126,,,source_only_no_observed_trip,,,29,true,monitor_source_only
2025-10-09 06:00:00+08,TPE_AIRPORT,84,162,3,3,3,0,14.6,observed,1.0,0.0,78,true,increase_supply_or_pause_send
2025-10-09 06:00:00+08,XIMENDING,143,171,1,1,1,0,12.0,observed,1.0,0.0,28,true,increase_supply_or_pause_send
2025-10-09 07:00:00+08,TAIPEI_101,109,169,,,133,,,source_only_no_observed_trip,,,60,true,monitor_source_only
2025-10-09 07:00:00+08,TAIPEI_MAIN,156,164,,,146,,,source_only_no_observed_trip,,,8,true,monitor_source_only
2025-10-09 07:00:00+08,TPE_AIRPORT,73,112,5,5,5,0,15.4,observed,1.0,0.0,39,true,increase_supply_or_pause_send
2025-10-09 07:00:00+08,XIMENDING,175,214,2,2,1,1,22.0,observed,1.0,0.5,39,true,increase_supply_or_pause_send
2025-10-09 08:00:00+08,TAIPEI_101,136,191,,,155,,,source_only_no_observed_trip,,,55,true,monitor_source_only
2025-10-09 08:00:00+08,TAIPEI_MAIN,158,188,4,4,4,0,16.8,observed,1.0,0.0,30,true,increase_supply_or_pause_send
2025-10-09 08:00:00+08,TPE_AIRPORT,78,110,4,3,2,2,14.8,observed,0.75,0.5,32,true,increase_supply_or_pause_send
2025-10-09 08:00:00+08,XIMENDING,147,148,1,1,1,0,13.0,observed,1.0,0.0,1,true,monitor
2025-10-09 09:00:00+08,TAIPEI_101,156,128,1,1,1,0,7.0,observed,1.0,0.0,-28,true,monitor
2025-10-09 09:00:00+08,TAIPEI_MAIN,108,100,,,73,,,source_only_no_observed_trip,,,-8,true,monitor_source_only
2025-10-09 09:00:00+08,TPE_AIRPORT,101,33,10,8,6,4,18.0,observed,0.8,0.4,-68,true,monitor
2025-10-09 09:00:00+08,XIMENDING,142,137,1,1,1,0,20.0,observed,1.0,0.0,-5,true,monitor
2025-10-09 10:00:00+08,TAIPEI_101,151,138,,,122,,,source_only_no_observed_trip,,,-13,true,monitor_source_only
2025-10-09 10:00:00+08,TAIPEI_MAIN,146,126,,,113,,,source_only_no_observed_trip,,,-20,true,monitor_source_only
2025-10-09 10:00:00+08,TPE_AIRPORT,122,136,6,6,6,0,15.5,observed,1.0,0.0,14,true,monitor
2025-10-09 10:00:00+08,XIMENDING,178,102,,,78,,,source_only_no_observed_trip,,,-76,true,monitor_source_only
2025-10-09 11:00:00+08,TAIPEI_101,178,127,,,103,,,source_only_no_observed_trip,,,-51,true,monitor_source_only
2025-10-09 11:00:00+08,TAIPEI_MAIN,184,93,1,1,1,0,11.0,observed,1.0,0.0,-91,true,monitor
2025-10-09 11:00:00+08,TPE_AIRPORT,104,87,3,3,2,1,13.6,observed,1.0,0.3333333333333333,-17,true,monitor
2025-10-09 11:00:00+08,XIMENDING,164,109,,,86,,,source_only_no_observed_trip,,,-55,true,monitor_source_only
2025-10-09 12:00:00+08,TAIPEI_101,141,125,,,103,,,source_only_no_observed_trip,,,-16,true,monitor_source_only
2025-10-09 12:00:00+08,TAIPEI_MAIN,133,52,,,39,,,source_only_no_observed_trip,,,-81,true,monitor_source_only
2025-10-09 12:00:00+08,TPE_AIRPORT,102,66,1,1,1,0,17.0,observed,1.0,0.0,-36,true,monitor
2025-10-09 12:00:00+08,XIMENDING,162,121,1,1,1,0,16.0,observed,1.0,0.0,-41,true,monitor
2025-10-09 13:00:00+08,TAIPEI_101,174,108,3,3,3,0,18.8,observed,1.0,0.0,-66,true,monitor
2025-10-09 13:00:00+08,TAIPEI_MAIN,137,112,,,93,,,source_only_no_observed_trip,,,-25,true,monitor_source_only
2025-10-09 13:00:00+08,TPE_AIRPORT,136,87,1,1,1,0,11.0,observed,1.0,0.0,-49,true,monitor
2025-10-09 13:00:00+08,XIMENDING,180,104,2,2,2,0,15.7,observed,1.0,0.0,-76,true,monitor
2025-10-09 14:00:00+08,TAIPEI_101,170,103,1,1,1,0,19.0,observed,1.0,0.0,-67,true,monitor
2025-10-09 14:00:00+08,TAIPEI_MAIN,153,99,,,75,,,source_only_no_observed_trip,,,-54,true,monitor_source_only
2025-10-09 14:00:00+08,TPE_AIRPORT,98,95,,,80,,,source_only_no_observed_trip,,,-3,true,monitor_source_only
2025-10-09 14:00:00+08,XIMENDING,148,98,2,2,2,0,23.200000000000003,observed,1.0,0.0,-50,true,review_pickup_reliability
2025-10-09 15:00:00+08,TAIPEI_101,132,138,,,121,,,source_only_no_observed_trip,,,6,true,monitor_source_only
2025-10-09 15:00:00+08,TAIPEI_MAIN,126,109,1,1,1,0,13.0,observed,1.0,0.0,-17,true,monitor
2025-10-09 15:00:00+08,TPE_AIRPORT,112,69,3,3,2,1,20.400000000000002,observed,1.0,0.3333333333333333,-43,true,review_pickup_reliability
2025-10-09 15:00:00+08,XIMENDING,139,132,,,105,,,source_only_no_observed_trip,,,-7,true,monitor_source_only
2025-10-09 16:00:00+08,TAIPEI_101,200,131,,,108,,,source_only_no_observed_trip,,,-69,true,monitor_source_only
2025-10-09 16:00:00+08,TAIPEI_MAIN,183,83,1,1,1,0,18.0,observed,1.0,0.0,-100,true,monitor
2025-10-09 16:00:00+08,TPE_AIRPORT,111,75,3,3,2,1,18.8,observed,1.0,0.3333333333333333,-36,true,monitor
2025-10-09 16:00:00+08,XIMENDING,149,120,,,94,,,source_only_no_observed_trip,,,-29,true,monitor_source_only
2025-10-09 17:00:00+08,TAIPEI_101,176,108,2,2,2,0,17.900000000000002,observed,1.0,0.0,-68,true,monitor
2025-10-09 17:00:00+08,TAIPEI_MAIN,175,136,,,112,,,source_only_no_observed_trip,,,-39,true,monitor_source_only
2025-10-09 17:00:00+08,TPE_AIRPORT,110,79,2,2,2,0,18.0,observed,1.0,0.0,-31,true,monitor
2025-10-09 17:00:00+08,XIMENDING,151,128,2,2,2,0,14.9,observed,1.0,0.0,-23,true,monitor
2025-10-09 18:00:00+08,TAIPEI_101,153,95,2,2,2,0,9.0,observed,1.0,0.0,-58,true,monitor
2025-10-09 18:00:00+08,TAIPEI_MAIN,138,164,,,138,,,source_only_no_observed_trip,,,26,true,monitor_source_only
2025-10-09 18:00:00+08,TPE_AIRPORT,122,81,5,4,4,1,20.1,observed,0.8,0.2,-41,true,review_pickup_reliability
2025-10-09 18:00:00+08,XIMENDING,155,101,1,1,1,0,19.0,observed,1.0,0.0,-54,true,monitor
2025-10-09 19:00:00+08,TAIPEI_101,130,87,2,1,1,1,20.0,observed,0.5,0.5,-43,true,monitor
2025-10-09 19:00:00+08,TAIPEI_MAIN,129,108,4,4,3,1,19.4,observed,1.0,0.25,-21,true,monitor
2025-10-09 19:00:00+08,TPE_AIRPORT,114,102,2,1,1,1,19.0,observed,0.5,0.5,-12,true,monitor
2025-10-09 19:00:00+08,XIMENDING,188,121,2,2,2,0,15.6,observed,1.0,0.0,-67,true,monitor
2025-10-09 20:00:00+08,TAIPEI_101,108,170,,,145,,,source_only_no_observed_trip,,,62,true,monitor_source_only
2025-10-09 20:00:00+08,TAIPEI_MAIN,137,236,,,187,,,source_only_no_observed_trip,,,99,true,monitor_source_only
2025-10-09 20:00:00+08,TPE_AIRPORT,58,117,3,3,3,0,15.8,observed,1.0,0.0,59,true,increase_supply_or_pause_send
2025-10-09 20:00:00+08,XIMENDING,116,175,,,147,,,source_only_no_observed_trip,,,59,true,monitor_source_only
2025-10-09 21:00:00+08,TAIPEI_101,149,204,,,174,,,source_only_no_observed_trip,,,55,true,monitor_source_only
2025-10-09 21:00:00+08,TAIPEI_MAIN,136,196,,,175,,,source_only_no_observed_trip,,,60,true,monitor_source_only
2025-10-09 21:00:00+08,TPE_AIRPORT,75,128,7,7,7,0,18.4,observed,1.0,0.0,53,true,increase_supply_or_pause_send
2025-10-09 21:00:00+08,XIMENDING,111,186,1,1,1,0,19.0,observed,1.0,0.0,75,true,increase_supply_or_pause_send
2025-10-09 22:00:00+08,TAIPEI_101,105,180,,,138,,,source_only_no_observed_trip,,,75,true,monitor_source_only
2025-10-09 22:00:00+08,TAIPEI_MAIN,173,203,1,1,1,0,20.0,observed,1.0,0.0,30,true,increase_supply_or_pause_send
2025-10-09 22:00:00+08,TPE_AIRPORT,88,116,4,4,4,0,19.4,observed,1.0,0.0,28,true,increase_supply_or_pause_send
2025-10-09 22:00:00+08,XIMENDING,134,222,2,2,2,0,10.9,observed,1.0,0.0,88,true,increase_supply_or_pause_send
2025-10-09 23:00:00+08,TAIPEI_101,118,196,1,1,1,0,19.0,observed,1.0,0.0,78,true,increase_supply_or_pause_send
2025-10-09 23:00:00+08,TAIPEI_MAIN,127,216,,,171,,,source_only_no_observed_trip,,,89,true,monitor_source_only
2025-10-09 23:00:00+08,TPE_AIRPORT,97,175,7,7,7,0,20.200000000000003,observed,1.0,0.0,78,true,increase_supply_or_pause_send
2025-10-09 23:00:00+08,XIMENDING,130,183,1,1,1,0,19.0,observed,1.0,0.0,53,true,increase_supply_or_pause_send
2025-10-10 00:00:00+08,TAIPEI_101,137,109,,,90,,,source_only_no_observed_trip,,,-28,true,monitor_source_only
2025-10-10 00:00:00+08,TAIPEI_MAIN,147,111,,,80,,,source_only_no_observed_trip,,,-36,true,monitor_source_only
2025-10-10 00:00:00+08,TPE_AIRPORT,96,20,11,11,11,0,20.0,observed,1.0,0.0,-76,true,monitor
2025-10-10 00:00:00+08,XIMENDING,170,71,1,1,1,0,9.0,observed,1.0,0.0,-99,true,monitor
2025-10-10 01:00:00+08,TAIPEI_101,121,126,1,1,1,0,18.0,observed,1.0,0.0,5,true,monitor
2025-10-10 01:00:00+08,TAIPEI_MAIN,136,88,1,1,1,0,15.0,observed,1.0,0.0,-48,true,monitor
2025-10-10 01:00:00+08,TPE_AIRPORT,101,73,2,2,1,1,9.0,observed,1.0,0.5,-28,true,monitor
2025-10-10 01:00:00+08,XIMENDING,167,120,,,99,,,source_only_no_observed_trip,,,-47,true,monitor_source_only
2025-10-10 02:00:00+08,TAIPEI_101,159,103,,,80,,,source_only_no_observed_trip,,,-56,true,monitor_source_only
2025-10-10 02:00:00+08,TAIPEI_MAIN,186,149,,,108,,,source_only_no_observed_trip,,,-37,true,monitor_source_only
2025-10-10 02:00:00+08,TPE_AIRPORT,97,85,,,62,,,source_only_no_observed_trip,,,-12,true,monitor_source_only
2025-10-10 02:00:00+08,XIMENDING,136,84,,,61,,,source_only_no_observed_trip,,,-52,true,monitor_source_only
2025-10-10 03:00:00+08,TAIPEI_101,200,113,1,1,1,0,19.0,observed,1.0,0.0,-87,true,monitor
2025-10-10 03:00:00+08,TAIPEI_MAIN,143,133,,,108,,,source_only_no_observed_trip,,,-10,true,monitor_source_only
2025-10-10 03:00:00+08,TPE_AIRPORT,103,25,4,4,4,0,21.900000000000002,observed,1.0,0.0,-78,true,review_pickup_reliability
2025-10-10 03:00:00+08,XIMENDING,151,54,,,40,,,source_only_no_observed_trip,,,-97,true,monitor_source_only
2025-10-10 04:00:00+08,TAIPEI_101,188,87,1,1,1,0,18.0,observed,1.0,0.0,-101,true,monitor
2025-10-10 04:00:00+08,TAIPEI_MAIN,180,139,1,1,1,0,20.0,observed,1.0,0.0,-41,true,monitor
2025-10-10 04:00:00+08,TPE_AIRPORT,113,73,2,2,2,0,12.9,observed,1.0,0.0,-40,true,monitor
2025-10-10 04:00:00+08,XIMENDING,175,96,2,2,2,0,23.0,observed,1.0,0.0,-79,true,review_pickup_reliability
2025-10-10 05:00:00+08,TAIPEI_101,158,209,2,2,2,0,19.1,observed,1.0,0.0,51,true,increase_supply_or_pause_send
2025-10-10 05:00:00+08,TAIPEI_MAIN,143,189,,,164,,,source_only_no_observed_trip,,,46,true,monitor_source_only
2025-10-10 05:00:00+08,TPE_AIRPORT,75,130,4,4,3,1,16.0,observed,1.0,0.25,55,true,increase_supply_or_pause_send
2025-10-10 05:00:00+08,XIMENDING,130,122,1,1,1,0,12.0,observed,1.0,0.0,-8,true,monitor
2025-10-10 06:00:00+08,TAIPEI_101,129,183,,,133,,,source_only_no_observed_trip,,,54,true,monitor_source_only
2025-10-10 06:00:00+08,TAIPEI_MAIN,153,232,,,189,,,source_only_no_observed_trip,,,79,true,monitor_source_only
2025-10-10 06:00:00+08,TPE_AIRPORT,81,101,6,6,6,0,17.0,observed,1.0,0.0,20,true,monitor
2025-10-10 06:00:00+08,XIMENDING,142,180,2,1,1,1,22.0,observed,0.5,0.5,38,true,increase_supply_or_pause_send
2025-10-10 07:00:00+08,TAIPEI_101,146,200,1,0,0,1,,observed,0.0,1.0,54,true,increase_supply_or_pause_send
2025-10-10 07:00:00+08,TAIPEI_MAIN,103,206,2,2,2,0,15.0,observed,1.0,0.0,103,true,increase_supply_or_pause_send
2025-10-10 07:00:00+08,TPE_AIRPORT,82,145,6,6,6,0,20.5,observed,1.0,0.0,63,true,increase_supply_or_pause_send
2025-10-10 07:00:00+08,XIMENDING,121,181,,,160,,,source_only_no_observed_trip,,,60,true,monitor_source_only
2025-10-10 08:00:00+08,TAIPEI_101,124,186,5,5,4,1,14.9,observed,1.0,0.2,62,true,increase_supply_or_pause_send
2025-10-10 08:00:00+08,TAIPEI_MAIN,118,204,1,1,1,0,9.0,observed,1.0,0.0,86,true,increase_supply_or_pause_send
2025-10-10 08:00:00+08,TPE_AIRPORT,75,103,5,5,5,0,21.6,observed,1.0,0.0,28,true,increase_supply_or_pause_send
2025-10-10 08:00:00+08,XIMENDING,148,160,,,123,,,source_only_no_observed_trip,,,12,true,monitor_source_only
2025-10-10 09:00:00+08,TAIPEI_101,174,99,1,1,1,0,16.0,observed,1.0,0.0,-75,true,monitor
2025-10-10 09:00:00+08,TAIPEI_MAIN,159,132,2,1,1,1,21.0,observed,0.5,0.5,-27,true,review_pickup_reliability
2025-10-10 09:00:00+08,TPE_AIRPORT,101,82,6,6,5,1,21.0,observed,1.0,0.16666666666666666,-19,true,review_pickup_reliability
2025-10-10 09:00:00+08,XIMENDING,188,105,1,1,1,0,16.0,observed,1.0,0.0,-83,true,monitor
2025-10-10 10:00:00+08,TAIPEI_101,161,64,,,49,,,source_only_no_observed_trip,,,-97,true,monitor_source_only
2025-10-10 10:00:00+08,TAIPEI_MAIN,125,132,1,1,1,0,22.0,observed,1.0,0.0,7,true,review_pickup_reliability
2025-10-10 10:00:00+08,TPE_AIRPORT,106,98,8,8,8,0,15.099999999999998,observed,1.0,0.0,-8,true,monitor
2025-10-10 10:00:00+08,XIMENDING,154,137,,,104,,,source_only_no_observed_trip,,,-17,true,monitor_source_only
2025-10-10 11:00:00+08,TAIPEI_101,155,127,,,99,,,source_only_no_observed_trip,,,-28,true,monitor_source_only
2025-10-10 11:00:00+08,TAIPEI_MAIN,187,97,,,85,,,source_only_no_observed_trip,,,-90,true,monitor_source_only
2025-10-10 11:00:00+08,TPE_AIRPORT,93,57,5,5,5,0,17.4,observed,1.0,0.0,-36,true,monitor
2025-10-10 11:00:00+08,XIMENDING,165,126,1,1,1,0,5.0,observed,1.0,0.0,-39,true,monitor
2025-10-10 12:00:00+08,TAIPEI_101,165,118,3,2,2,1,14.8,observed,0.6666666666666666,0.3333333333333333,-47,true,monitor
2025-10-10 12:00:00+08,TAIPEI_MAIN,162,131,,,113,,,source_only_no_observed_trip,,,-31,true,monitor_source_only
2025-10-10 12:00:00+08,TPE_AIRPORT,92,65,5,5,5,0,18.200000000000003,observed,1.0,0.0,-27,true,monitor
2025-10-10 12:00:00+08,XIMENDING,184,136,,,117,,,source_only_no_observed_trip,,,-48,true,monitor_source_only
2025-10-10 13:00:00+08,TAIPEI_101,154,114,,,93,,,source_only_no_observed_trip,,,-40,true,monitor_source_only
2025-10-10 13:00:00+08,TAIPEI_MAIN,145,91,,,80,,,source_only_no_observed_trip,,,-54,true,monitor_source_only
2025-10-10 13:00:00+08,TPE_AIRPORT,93,72,4,4,4,0,14.8,observed,1.0,0.0,-21,true,monitor
2025-10-10 13:00:00+08,XIMENDING,142,81,,,71,,,source_only_no_observed_trip,,,-61,true,monitor_source_only
2025-10-10 14:00:00+08,TAIPEI_101,143,121,1,1,1,0,8.0,observed,1.0,0.0,-22,true,monitor
2025-10-10 14:00:00+08,TAIPEI_MAIN,156,127,,,113,,,source_only_no_observed_trip,,,-29,true,monitor_source_only
2025-10-10 14:00:00+08,TPE_AIRPORT,107,60,,,52,,,source_only_no_observed_trip,,,-47,true,monitor_source_only
2025-10-10 14:00:00+08,XIMENDING,162,142,,,114,,,source_only_no_observed_trip,,,-20,true,monitor_source_only
2025-10-10 15:00:00+08,TAIPEI_101,129,94,,,77,,,source_only_no_observed_trip,,,-35,true,monitor_source_only
2025-10-10 15:00:00+08,TAIPEI_MAIN,176,106,1,1,1,0,11.0,observed,1.0,0.0,-70,true,monitor
2025-10-10 15:00:00+08,TPE_AIRPORT,135,89,,,71,,,source_only_no_observed_trip,,,-46,true,monitor_source_only
2025-10-10 15:00:00+08,XIMENDING,123,113,1,1,1,0,14.0,observed,1.0,0.0,-10,true,monitor
2025-10-10 16:00:00+08,TAIPEI_101,167,129,,,108,,,source_only_no_observed_trip,,,-38,true,monitor_source_only
2025-10-10 16:00:00+08,TAIPEI_MAIN,198,118,,,90,,,source_only_no_observed_trip,,,-80,true,monitor_source_only
2025-10-10 16:00:00+08,TPE_AIRPORT,94,82,6,6,6,0,20.5,observed,1.0,0.0,-12,true,review_pickup_reliability
2025-10-10 16:00:00+08,XIMENDING,170,114,1,1,1,0,11.0,observed,1.0,0.0,-56,true,monitor
2025-10-10 17:00:00+08,TAIPEI_101,148,135,2,2,2,0,15.6,observed,1.0,0.0,-13,true,monitor
2025-10-10 17:00:00+08,TAIPEI_MAIN,162,80,,,67,,,source_only_no_observed_trip,,,-82,true,monitor_source_only
2025-10-10 17:00:00+08,TPE_AIRPORT,106,73,1,1,1,0,14.0,observed,1.0,0.0,-33,true,monitor
2025-10-10 17:00:00+08,XIMENDING,186,139,,,112,,,source_only_no_observed_trip,,,-47,true,monitor_source_only
2025-10-10 18:00:00+08,TAIPEI_101,168,117,1,1,1,0,9.0,observed,1.0,0.0,-51,true,monitor
2025-10-10 18:00:00+08,TAIPEI_MAIN,161,105,,,92,,,source_only_no_observed_trip,,,-56,true,monitor_source_only
2025-10-10 18:00:00+08,TPE_AIRPORT,129,94,3,3,3,0,23.200000000000003,observed,1.0,0.0,-35,true,review_pickup_reliability
2025-10-10 18:00:00+08,XIMENDING,155,89,2,2,2,0,13.799999999999999,observed,1.0,0.0,-66,true,monitor
2025-10-10 19:00:00+08,TAIPEI_101,162,127,2,2,1,1,12.0,observed,1.0,0.5,-35,true,monitor
2025-10-10 19:00:00+08,TAIPEI_MAIN,157,134,,,104,,,source_only_no_observed_trip,,,-23,true,monitor_source_only
2025-10-10 19:00:00+08,TPE_AIRPORT,103,86,3,3,3,0,19.8,observed,1.0,0.0,-17,true,monitor
2025-10-10 19:00:00+08,XIMENDING,138,98,,,81,,,source_only_no_observed_trip,,,-40,true,monitor_source_only
2025-10-10 20:00:00+08,TAIPEI_101,111,207,2,2,2,0,15.4,observed,1.0,0.0,96,true,increase_supply_or_pause_send
2025-10-10 20:00:00+08,TAIPEI_MAIN,150,192,1,1,1,0,12.0,observed,1.0,0.0,42,true,increase_supply_or_pause_send
2025-10-10 20:00:00+08,TPE_AIRPORT,87,98,2,2,2,0,17.0,observed,1.0,0.0,11,true,monitor
2025-10-10 20:00:00+08,XIMENDING,105,160,3,3,2,1,22.9,observed,1.0,0.3333333333333333,55,true,increase_supply_or_pause_send
2025-10-10 21:00:00+08,TAIPEI_101,132,166,1,1,1,0,15.0,observed,1.0,0.0,34,true,increase_supply_or_pause_send
2025-10-10 21:00:00+08,TAIPEI_MAIN,148,207,1,1,1,0,14.0,observed,1.0,0.0,59,true,increase_supply_or_pause_send
2025-10-10 21:00:00+08,TPE_AIRPORT,59,111,8,7,5,3,18.0,observed,0.875,0.375,52,true,increase_supply_or_pause_send
2025-10-10 21:00:00+08,XIMENDING,159,182,1,1,1,0,11.0,observed,1.0,0.0,23,true,increase_supply_or_pause_send
2025-10-10 22:00:00+08,TAIPEI_101,92,181,1,1,1,0,21.0,observed,1.0,0.0,89,true,increase_supply_or_pause_send
2025-10-10 22:00:00+08,TAIPEI_MAIN,132,185,,,161,,,source_only_no_observed_trip,,,53,true,monitor_source_only
2025-10-10 22:00:00+08,TPE_AIRPORT,102,76,8,8,8,0,19.6,observed,1.0,0.0,-26,true,monitor
2025-10-10 22:00:00+08,XIMENDING,140,195,1,1,1,0,17.0,observed,1.0,0.0,55,true,increase_supply_or_pause_send
2025-10-10 23:00:00+08,TAIPEI_101,127,151,2,2,2,0,14.0,observed,1.0,0.0,24,true,increase_supply_or_pause_send
2025-10-10 23:00:00+08,TAIPEI_MAIN,174,188,,,161,,,source_only_no_observed_trip,,,14,true,monitor_source_only
2025-10-10 23:00:00+08,TPE_AIRPORT,75,117,4,4,4,0,19.900000000000002,observed,1.0,0.0,42,true,increase_supply_or_pause_send
2025-10-10 23:00:00+08,XIMENDING,116,202,3,2,1,2,5.0,observed,0.6666666666666666,0.6666666666666666,86,true,increase_supply_or_pause_send
2025-10-11 00:00:00+08,TAIPEI_101,141,104,1,1,1,0,13.0,observed,1.0,0.0,-37,true,monitor
2025-10-11 00:00:00+08,TAIPEI_MAIN,169,154,,,136,,,source_only_no_observed_trip,,,-15,true,monitor_source_only
2025-10-11 00:00:00+08,TPE_AIRPORT,114,48,4,4,3,1,12.6,observed,1.0,0.25,-66,true,monitor
2025-10-11 00:00:00+08,XIMENDING,182,89,,,66,,,source_only_no_observed_trip,,,-93,true,monitor_source_only
2025-10-11 01:00:00+08,TAIPEI_101,161,121,,,92,,,source_only_no_observed_trip,,,-40,true,monitor_source_only
2025-10-11 01:00:00+08,TAIPEI_MAIN,160,139,,,116,,,source_only_no_observed_trip,,,-21,true,monitor_source_only
2025-10-11 01:00:00+08,TPE_AIRPORT,90,84,5,5,5,0,19.6,observed,1.0,0.0,-6,true,monitor
2025-10-11 01:00:00+08,XIMENDING,158,115,1,1,1,0,16.0,observed,1.0,0.0,-43,true,monitor
2025-10-11 02:00:00+08,TAIPEI_101,178,105,,,87,,,source_only_no_observed_trip,,,-73,true,monitor_source_only
2025-10-11 02:00:00+08,TAIPEI_MAIN,192,117,2,2,2,0,14.3,observed,1.0,0.0,-75,true,monitor
2025-10-11 02:00:00+08,TPE_AIRPORT,103,67,4,4,4,0,20.0,observed,1.0,0.0,-36,true,monitor
2025-10-11 02:00:00+08,XIMENDING,196,97,,,85,,,source_only_no_observed_trip,,,-99,true,monitor_source_only
2025-10-11 03:00:00+08,TAIPEI_101,197,148,,,111,,,source_only_no_observed_trip,,,-49,true,monitor_source_only
2025-10-11 03:00:00+08,TAIPEI_MAIN,160,91,3,3,3,0,16.0,observed,1.0,0.0,-69,true,monitor
2025-10-11 03:00:00+08,TPE_AIRPORT,118,68,10,10,9,1,20.2,observed,1.0,0.1,-50,true,review_pickup_reliability
2025-10-11 03:00:00+08,XIMENDING,183,142,1,1,1,0,24.0,observed,1.0,0.0,-41,true,review_pickup_reliability
2025-10-11 04:00:00+08,TAIPEI_101,133,111,,,95,,,source_only_no_observed_trip,,,-22,true,monitor_source_only
2025-10-11 04:00:00+08,TAIPEI_MAIN,148,119,,,105,,,source_only_no_observed_trip,,,-29,true,monitor_source_only
2025-10-11 04:00:00+08,TPE_AIRPORT,116,107,1,1,1,0,9.0,observed,1.0,0.0,-9,true,monitor
2025-10-11 04:00:00+08,XIMENDING,167,124,1,1,1,0,14.0,observed,1.0,0.0,-43,true,monitor
2025-10-11 05:00:00+08,TAIPEI_101,147,164,,,130,,,source_only_no_observed_trip,,,17,true,monitor_source_only
2025-10-11 05:00:00+08,TAIPEI_MAIN,100,149,1,0,0,1,,observed,0.0,1.0,49,true,increase_supply_or_pause_send
2025-10-11 05:00:00+08,TPE_AIRPORT,87,140,3,2,2,1,13.799999999999999,observed,0.6666666666666666,0.3333333333333333,53,true,increase_supply_or_pause_send
2025-10-11 05:00:00+08,XIMENDING,138,164,,,136,,,source_only_no_observed_trip,,,26,true,monitor_source_only
2025-10-11 06:00:00+08,TAIPEI_101,137,155,,,122,,,source_only_no_observed_trip,,,18,true,monitor_source_only
2025-10-11 06:00:00+08,TAIPEI_MAIN,142,183,,,148,,,source_only_no_observed_trip,,,41,true,monitor_source_only
2025-10-11 06:00:00+08,TPE_AIRPORT,109,103,6,6,4,2,13.500000000000002,observed,1.0,0.3333333333333333,-6,true,monitor
2025-10-11 06:00:00+08,XIMENDING,135,162,1,1,1,0,16.0,observed,1.0,0.0,27,true,increase_supply_or_pause_send
2025-10-11 07:00:00+08,TAIPEI_101,127,132,,,97,,,source_only_no_observed_trip,,,5,true,monitor_source_only
2025-10-11 07:00:00+08,TAIPEI_MAIN,128,201,,,162,,,source_only_no_observed_trip,,,73,true,monitor_source_only
2025-10-11 07:00:00+08,TPE_AIRPORT,43,126,6,5,5,1,18.2,observed,0.8333333333333334,0.16666666666666666,83,true,increase_supply_or_pause_send
2025-10-11 07:00:00+08,XIMENDING,137,210,4,4,4,0,11.7,observed,1.0,0.0,73,true,increase_supply_or_pause_send
2025-10-11 08:00:00+08,TAIPEI_101,146,227,1,1,1,0,12.0,observed,1.0,0.0,81,true,increase_supply_or_pause_send
2025-10-11 08:00:00+08,TAIPEI_MAIN,109,186,2,2,1,1,11.0,observed,1.0,0.5,77,true,increase_supply_or_pause_send
2025-10-11 08:00:00+08,TPE_AIRPORT,97,156,4,3,3,1,17.6,observed,0.75,0.25,59,true,increase_supply_or_pause_send
2025-10-11 08:00:00+08,XIMENDING,144,182,,,135,,,source_only_no_observed_trip,,,38,true,monitor_source_only
2025-10-11 09:00:00+08,TAIPEI_101,159,119,2,2,2,0,13.7,observed,1.0,0.0,-40,true,monitor
2025-10-11 09:00:00+08,TAIPEI_MAIN,162,166,1,1,0,1,,observed,1.0,1.0,4,true,monitor
2025-10-11 09:00:00+08,TPE_AIRPORT,106,69,6,6,6,0,17.0,observed,1.0,0.0,-37,true,monitor
2025-10-11 09:00:00+08,XIMENDING,159,108,1,1,1,0,17.0,observed,1.0,0.0,-51,true,monitor
2025-10-11 10:00:00+08,TAIPEI_101,182,105,,,84,,,source_only_no_observed_trip,,,-77,true,monitor_source_only
2025-10-11 10:00:00+08,TAIPEI_MAIN,159,74,,,60,,,source_only_no_observed_trip,,,-85,true,monitor_source_only
2025-10-11 10:00:00+08,TPE_AIRPORT,111,133,7,6,6,1,17.5,observed,0.8571428571428571,0.14285714285714285,22,true,increase_supply_or_pause_send
2025-10-11 10:00:00+08,XIMENDING,153,74,,,61,,,source_only_no_observed_trip,,,-79,true,monitor_source_only
2025-10-11 11:00:00+08,TAIPEI_101,161,110,2,2,1,1,18.0,observed,1.0,0.5,-51,true,monitor
2025-10-11 11:00:00+08,TAIPEI_MAIN,168,95,4,4,3,1,16.8,observed,1.0,0.25,-73,true,monitor
2025-10-11 11:00:00+08,TPE_AIRPORT,105,80,5,5,5,0,17.0,observed,1.0,0.0,-25,true,monitor
2025-10-11 11:00:00+08,XIMENDING,188,150,1,1,1,0,15.0,observed,1.0,0.0,-38,true,monitor
2025-10-11 12:00:00+08,TAIPEI_101,155,99,1,1,1,0,17.0,observed,1.0,0.0,-56,true,monitor
2025-10-11 12:00:00+08,TAIPEI_MAIN,183,137,,,100,,,source_only_no_observed_trip,,,-46,true,monitor_source_only
2025-10-11 12:00:00+08,TPE_AIRPORT,95,47,5,5,5,0,16.799999999999997,observed,1.0,0.0,-48,true,monitor
2025-10-11 12:00:00+08,XIMENDING,139,98,1,1,0,1,,observed,1.0,1.0,-41,true,monitor
2025-10-11 13:00:00+08,TAIPEI_101,110,111,,,81,,,source_only_no_observed_trip,,,1,true,monitor_source_only
2025-10-11 13:00:00+08,TAIPEI_MAIN,158,142,,,127,,,source_only_no_observed_trip,,,-16,true,monitor_source_only
2025-10-11 13:00:00+08,TPE_AIRPORT,122,82,,,70,,,source_only_no_observed_trip,,,-40,true,monitor_source_only
2025-10-11 13:00:00+08,XIMENDING,179,109,1,1,1,0,12.0,observed,1.0,0.0,-70,true,monitor
2025-10-11 14:00:00+08,TAIPEI_101,183,135,,,103,,,source_only_no_observed_trip,,,-48,true,monitor_source_only
2025-10-11 14:00:00+08,TAIPEI_MAIN,156,111,,,91,,,source_only_no_observed_trip,,,-45,true,monitor_source_only
2025-10-11 14:00:00+08,TPE_AIRPORT,106,77,5,5,4,1,20.4,observed,1.0,0.2,-29,true,review_pickup_reliability
2025-10-11 14:00:00+08,XIMENDING,195,129,1,1,1,0,13.0,observed,1.0,0.0,-66,true,monitor
2025-10-11 15:00:00+08,TAIPEI_101,174,84,,,61,,,source_only_no_observed_trip,,,-90,true,monitor_source_only
2025-10-11 15:00:00+08,TAIPEI_MAIN,160,123,1,1,1,0,20.0,observed,1.0,0.0,-37,true,monitor
2025-10-11 15:00:00+08,TPE_AIRPORT,128,86,1,1,1,0,12.0,observed,1.0,0.0,-42,true,monitor
2025-10-11 15:00:00+08,XIMENDING,154,109,,,90,,,source_only_no_observed_trip,,,-45,true,monitor_source_only
2025-10-11 16:00:00+08,TAIPEI_101,156,118,,,87,,,source_only_no_observed_trip,,,-38,true,monitor_source_only
2025-10-11 16:00:00+08,TAIPEI_MAIN,146,82,,,74,,,source_only_no_observed_trip,,,-64,true,monitor_source_only
2025-10-11 16:00:00+08,TPE_AIRPORT,139,82,1,1,1,0,6.0,observed,1.0,0.0,-57,true,monitor
2025-10-11 16:00:00+08,XIMENDING,167,158,1,1,0,1,,observed,1.0,1.0,-9,true,monitor
2025-10-11 17:00:00+08,TAIPEI_101,163,135,1,0,0,1,,observed,0.0,1.0,-28,true,monitor
2025-10-11 17:00:00+08,TAIPEI_MAIN,135,102,,,83,,,source_only_no_observed_trip,,,-33,true,monitor_source_only
2025-10-11 17:00:00+08,TPE_AIRPORT,116,53,6,6,6,0,18.5,observed,1.0,0.0,-63,true,monitor
2025-10-11 17:00:00+08,XIMENDING,183,103,1,0,0,1,,observed,0.0,1.0,-80,true,monitor
2025-10-11 18:00:00+08,TAIPEI_101,190,109,1,1,1,0,6.0,observed,1.0,0.0,-81,true,monitor
2025-10-11 18:00:00+08,TAIPEI_MAIN,161,111,2,1,1,1,14.0,observed,0.5,0.5,-50,true,monitor
2025-10-11 18:00:00+08,TPE_AIRPORT,146,109,3,3,3,0,18.2,observed,1.0,0.0,-37,true,monitor
2025-10-11 18:00:00+08,XIMENDING,179,105,1,1,1,0,12.0,observed,1.0,0.0,-74,true,monitor
2025-10-11 19:00:00+08,TAIPEI_101,156,162,,,144,,,source_only_no_observed_trip,,,6,true,monitor_source_only
2025-10-11 19:00:00+08,TAIPEI_MAIN,178,101,2,2,2,0,17.599999999999998,observed,1.0,0.0,-77,true,monitor
2025-10-11 19:00:00+08,TPE_AIRPORT,95,87,1,1,1,0,17.0,observed,1.0,0.0,-8,true,monitor
2025-10-11 19:00:00+08,XIMENDING,166,99,1,1,1,0,21.0,observed,1.0,0.0,-67,true,review_pickup_reliability
2025-10-11 20:00:00+08,TAIPEI_101,160,175,,,144,,,source_only_no_observed_trip,,,15,true,monitor_source_only
2025-10-11 20:00:00+08,TAIPEI_MAIN,175,174,2,2,2,0,16.6,observed,1.0,0.0,-1,true,monitor
2025-10-11 20:00:00+08,TPE_AIRPORT,82,124,5,4,4,1,14.400000000000002,observed,0.8,0.2,42,true,increase_supply_or_pause_send
2025-10-11 20:00:00+08,XIMENDING,153,181,1,1,1,0,15.0,observed,1.0,0.0,28,true,increase_supply_or_pause_send
2025-10-11 21:00:00+08,TAIPEI_101,148,186,1,1,1,0,11.0,observed,1.0,0.0,38,true,increase_supply_or_pause_send
2025-10-11 21:00:00+08,TAIPEI_MAIN,125,190,,,139,,,source_only_no_observed_trip,,,65,true,monitor_source_only
2025-10-11 21:00:00+08,TPE_AIRPORT,81,166,4,4,3,1,21.6,observed,1.0,0.25,85,true,increase_supply_or_pause_send
2025-10-11 21:00:00+08,XIMENDING,123,157,1,1,1,0,17.0,observed,1.0,0.0,34,true,increase_supply_or_pause_send
2025-10-11 22:00:00+08,TAIPEI_101,133,200,,,152,,,source_only_no_observed_trip,,,67,true,monitor_source_only
2025-10-11 22:00:00+08,TAIPEI_MAIN,119,133,,,119,,,source_only_no_observed_trip,,,14,true,monitor_source_only
2025-10-11 22:00:00+08,TPE_AIRPORT,93,150,7,7,7,0,19.8,observed,1.0,0.0,57,true,increase_supply_or_pause_send
2025-10-11 22:00:00+08,XIMENDING,126,189,2,2,2,0,19.900000000000002,observed,1.0,0.0,63,true,increase_supply_or_pause_send
2025-10-11 23:00:00+08,TAIPEI_101,126,172,,,140,,,source_only_no_observed_trip,,,46,true,monitor_source_only
2025-10-11 23:00:00+08,TAIPEI_MAIN,113,179,,,148,,,source_only_no_observed_trip,,,66,true,monitor_source_only
2025-10-11 23:00:00+08,TPE_AIRPORT,116,94,7,7,7,0,21.0,observed,1.0,0.0,-22,true,review_pickup_reliability
2025-10-11 23:00:00+08,XIMENDING,181,219,1,1,1,0,15.0,observed,1.0,0.0,38,true,increase_supply_or_pause_send
2025-10-12 00:00:00+08,TAIPEI_101,166,96,2,2,2,0,16.7,observed,1.0,0.0,-70,true,monitor
2025-10-12 00:00:00+08,TAIPEI_MAIN,154,148,,,124,,,source_only_no_observed_trip,,,-6,true,monitor_source_only
2025-10-12 00:00:00+08,TPE_AIRPORT,96,119,5,5,4,1,22.1,observed,1.0,0.2,23,true,increase_supply_or_pause_send
2025-10-12 00:00:00+08,XIMENDING,151,101,1,1,1,0,16.0,observed,1.0,0.0,-50,true,monitor
2025-10-12 01:00:00+08,TAIPEI_101,169,136,,,111,,,source_only_no_observed_trip,,,-33,true,monitor_source_only
2025-10-12 01:00:00+08,TAIPEI_MAIN,147,147,1,1,0,1,,observed,1.0,1.0,0,true,monitor
2025-10-12 01:00:00+08,TPE_AIRPORT,104,31,,,24,,,source_only_no_observed_trip,,,-73,true,monitor_source_only
2025-10-12 01:00:00+08,XIMENDING,139,155,,,118,,,source_only_no_observed_trip,,,16,true,monitor_source_only
2025-10-12 02:00:00+08,TAIPEI_101,148,128,1,1,0,1,,observed,1.0,1.0,-20,true,monitor
2025-10-12 02:00:00+08,TAIPEI_MAIN,152,138,,,112,,,source_only_no_observed_trip,,,-14,true,monitor_source_only
2025-10-12 02:00:00+08,TPE_AIRPORT,123,79,,,65,,,source_only_no_observed_trip,,,-44,true,monitor_source_only
2025-10-12 02:00:00+08,XIMENDING,159,105,,,82,,,source_only_no_observed_trip,,,-54,true,monitor_source_only
2025-10-12 03:00:00+08,TAIPEI_101,148,129,,,114,,,source_only_no_observed_trip,,,-19,true,monitor_source_only
2025-10-12 03:00:00+08,TAIPEI_MAIN,158,112,,,85,,,source_only_no_observed_trip,,,-46,true,monitor_source_only
2025-10-12 03:00:00+08,TPE_AIRPORT,115,97,1,1,0,1,,observed,1.0,1.0,-18,true,monitor
2025-10-12 03:00:00+08,XIMENDING,176,112,,,90,,,source_only_no_observed_trip,,,-64,true,monitor_source_only
2025-10-12 04:00:00+08,TAIPEI_101,139,112,2,2,2,0,17.4,observed,1.0,0.0,-27,true,monitor
2025-10-12 04:00:00+08,TAIPEI_MAIN,180,116,,,85,,,source_only_no_observed_trip,,,-64,true,monitor_source_only
2025-10-12 04:00:00+08,TPE_AIRPORT,83,74,4,3,1,3,17.0,observed,0.75,0.75,-9,true,monitor
2025-10-12 04:00:00+08,XIMENDING,185,67,1,1,1,0,21.0,observed,1.0,0.0,-118,true,review_pickup_reliability
2025-10-12 05:00:00+08,TAIPEI_101,107,181,,,163,,,source_only_no_observed_trip,,,74,true,monitor_source_only
2025-10-12 05:00:00+08,TAIPEI_MAIN,118,192,2,2,2,0,16.9,observed,1.0,0.0,74,true,increase_supply_or_pause_send
2025-10-12 05:00:00+08,TPE_AIRPORT,96,110,3,1,1,2,16.0,observed,0.3333333333333333,0.6666666666666666,14,true,monitor
2025-10-12 05:00:00+08,XIMENDING,142,159,,,114,,,source_only_no_observed_trip,,,17,true,monitor_source_only
2025-10-12 06:00:00+08,TAIPEI_101,146,165,,,144,,,source_only_no_observed_trip,,,19,true,monitor_source_only
2025-10-12 06:00:00+08,TAIPEI_MAIN,120,184,,,156,,,source_only_no_observed_trip,,,64,true,monitor_source_only
2025-10-12 06:00:00+08,TPE_AIRPORT,66,129,8,8,7,1,18.8,observed,1.0,0.125,63,true,increase_supply_or_pause_send
2025-10-12 06:00:00+08,XIMENDING,138,196,1,1,1,0,16.0,observed,1.0,0.0,58,true,increase_supply_or_pause_send
2025-10-12 07:00:00+08,TAIPEI_101,144,194,,,152,,,source_only_no_observed_trip,,,50,true,monitor_source_only
2025-10-12 07:00:00+08,TAIPEI_MAIN,126,181,1,1,1,0,21.0,observed,1.0,0.0,55,true,increase_supply_or_pause_send
2025-10-12 07:00:00+08,TPE_AIRPORT,87,116,7,7,7,0,19.6,observed,1.0,0.0,29,true,increase_supply_or_pause_send
2025-10-12 07:00:00+08,XIMENDING,162,184,2,2,1,1,18.0,observed,1.0,0.5,22,true,increase_supply_or_pause_send
2025-10-12 08:00:00+08,TAIPEI_101,102,184,1,1,1,0,11.0,observed,1.0,0.0,82,true,increase_supply_or_pause_send
2025-10-12 08:00:00+08,TAIPEI_MAIN,133,184,1,0,0,1,,observed,0.0,1.0,51,true,increase_supply_or_pause_send
2025-10-12 08:00:00+08,TPE_AIRPORT,91,123,10,10,10,0,20.1,observed,1.0,0.0,32,true,increase_supply_or_pause_send
2025-10-12 08:00:00+08,XIMENDING,154,202,1,1,1,0,6.0,observed,1.0,0.0,48,true,increase_supply_or_pause_send
2025-10-12 09:00:00+08,TAIPEI_101,137,96,,,76,,,source_only_no_observed_trip,,,-41,true,monitor_source_only
2025-10-12 09:00:00+08,TAIPEI_MAIN,161,123,2,2,2,0,18.3,observed,1.0,0.0,-38,true,monitor
2025-10-12 09:00:00+08,TPE_AIRPORT,127,91,4,4,3,1,14.2,observed,1.0,0.25,-36,true,monitor
2025-10-12 09:00:00+08,XIMENDING,166,119,,,87,,,source_only_no_observed_trip,,,-47,true,monitor_source_only
2025-10-12 10:00:00+08,TAIPEI_101,145,151,,,115,,,source_only_no_observed_trip,,,6,true,monitor_source_only
2025-10-12 10:00:00+08,TAIPEI_MAIN,147,128,,,107,,,source_only_no_observed_trip,,,-19,true,monitor_source_only
2025-10-12 10:00:00+08,TPE_AIRPORT,146,83,9,8,6,3,17.0,observed,0.8888888888888888,0.3333333333333333,-63,true,monitor
2025-10-12 10:00:00+08,XIMENDING,151,68,1,1,1,0,15.0,observed,1.0,0.0,-83,true,monitor
2025-10-12 11:00:00+08,TAIPEI_101,170,101,2,2,2,0,14.3,observed,1.0,0.0,-69,true,monitor
2025-10-12 11:00:00+08,TAIPEI_MAIN,154,146,,,121,,,source_only_no_observed_trip,,,-8,true,monitor_source_only
2025-10-12 11:00:00+08,TPE_AIRPORT,118,62,4,4,4,0,20.7,observed,1.0,0.0,-56,true,review_pickup_reliability
2025-10-12 11:00:00+08,XIMENDING,172,127,,,109,,,source_only_no_observed_trip,,,-45,true,monitor_source_only
2025-10-12 12:00:00+08,TAIPEI_101,164,150,,,110,,,source_only_no_observed_trip,,,-14,true,monitor_source_only
2025-10-12 12:00:00+08,TAIPEI_MAIN,158,106,1,1,1,0,20.0,observed,1.0,0.0,-52,true,monitor
2025-10-12 12:00:00+08,TPE_AIRPORT,79,88,1,1,1,0,19.0,observed,1.0,0.0,9,true,monitor
2025-10-12 12:00:00+08,XIMENDING,173,136,,,100,,,source_only_no_observed_trip,,,-37,true,monitor_source_only
2025-10-12 13:00:00+08,TAIPEI_101,137,98,1,1,1,0,21.0,observed,1.0,0.0,-39,true,review_pickup_reliability
2025-10-12 13:00:00+08,TAIPEI_MAIN,146,118,,,98,,,source_only_no_observed_trip,,,-28,true,monitor_source_only
2025-10-12 13:00:00+08,TPE_AIRPORT,103,99,1,1,1,0,11.0,observed,1.0,0.0,-4,true,monitor
2025-10-12 13:00:00+08,XIMENDING,160,137,,,105,,,source_only_no_observed_trip,,,-23,true,monitor_source_only
2025-10-12 14:00:00+08,TAIPEI_101,148,99,,,88,,,source_only_no_observed_trip,,,-49,true,monitor_source_only
2025-10-12 14:00:00+08,TAIPEI_MAIN,172,99,,,90,,,source_only_no_observed_trip,,,-73,true,monitor_source_only
2025-10-12 14:00:00+08,TPE_AIRPORT,112,54,3,3,2,1,14.7,observed,1.0,0.3333333333333333,-58,true,monitor
2025-10-12 14:00:00+08,XIMENDING,134,107,,,85,,,source_only_no_observed_trip,,,-27,true,monitor_source_only
2025-10-12 15:00:00+08,TAIPEI_101,164,161,,,146,,,source_only_no_observed_trip,,,-3,true,monitor_source_only
2025-10-12 15:00:00+08,TAIPEI_MAIN,143,94,,,74,,,source_only_no_observed_trip,,,-49,true,monitor_source_only
2025-10-12 15:00:00+08,TPE_AIRPORT,145,91,2,2,2,0,19.7,observed,1.0,0.0,-54,true,monitor
2025-10-12 15:00:00+08,XIMENDING,160,146,1,1,1,0,18.0,observed,1.0,0.0,-14,true,monitor
2025-10-12 16:00:00+08,TAIPEI_101,140,134,1,1,1,0,20.0,observed,1.0,0.0,-6,true,monitor
2025-10-12 16:00:00+08,TAIPEI_MAIN,156,126,,,100,,,source_only_no_observed_trip,,,-30,true,monitor_source_only
2025-10-12 16:00:00+08,TPE_AIRPORT,125,72,,,60,,,source_only_no_observed_trip,,,-53,true,monitor_source_only
2025-10-12 16:00:00+08,XIMENDING,171,119,,,89,,,source_only_no_observed_trip,,,-52,true,monitor_source_only
2025-10-12 17:00:00+08,TAIPEI_101,162,95,2,2,2,0,20.0,observed,1.0,0.0,-67,true,monitor
2025-10-12 17:00:00+08,TAIPEI_MAIN,133,135,1,1,1,0,9.0,observed,1.0,0.0,2,true,monitor
2025-10-12 17:00:00+08,TPE_AIRPORT,98,47,4,3,3,1,18.6,observed,0.75,0.25,-51,true,monitor
2025-10-12 17:00:00+08,XIMENDING,148,122,,,89,,,source_only_no_observed_trip,,,-26,true,monitor_source_only
2025-10-12 18:00:00+08,TAIPEI_101,191,121,3,3,2,1,12.700000000000001,observed,1.0,0.3333333333333333,-70,true,monitor
2025-10-12 18:00:00+08,TAIPEI_MAIN,165,126,2,2,2,0,17.799999999999997,observed,1.0,0.0,-39,true,monitor
2025-10-12 18:00:00+08,TPE_AIRPORT,144,90,4,4,4,0,20.1,observed,1.0,0.0,-54,true,review_pickup_reliability
2025-10-12 18:00:00+08,XIMENDING,131,117,1,1,1,0,17.0,observed,1.0,0.0,-14,true,monitor
2025-10-12 19:00:00+08,TAIPEI_101,150,95,2,2,2,0,15.8,observed,1.0,0.0,-55,true,monitor
2025-10-12 19:00:00+08,TAIPEI_MAIN,165,131,1,1,1,0,5.0,observed,1.0,0.0,-34,true,monitor
2025-10-12 19:00:00+08,TPE_AIRPORT,110,75,3,3,1,2,15.0,observed,1.0,0.6666666666666666,-35,true,monitor
2025-10-12 19:00:00+08,XIMENDING,181,121,5,5,3,2,16.0,observed,1.0,0.4,-60,true,monitor
2025-10-12 20:00:00+08,TAIPEI_101,101,152,,,129,,,source_only_no_observed_trip,,,51,true,monitor_source_only
2025-10-12 20:00:00+08,TAIPEI_MAIN,143,172,2,2,0,2,,observed,1.0,1.0,29,true,increase_supply_or_pause_send
2025-10-12 20:00:00+08,TPE_AIRPORT,77,151,2,2,2,0,22.7,observed,1.0,0.0,74,true,increase_supply_or_pause_send
2025-10-12 20:00:00+08,XIMENDING,130,188,3,3,3,0,17.6,observed,1.0,0.0,58,true,increase_supply_or_pause_send
2025-10-12 21:00:00+08,TAIPEI_101,128,172,1,1,1,0,23.0,observed,1.0,0.0,44,true,increase_supply_or_pause_send
2025-10-12 21:00:00+08,TAIPEI_MAIN,140,195,,,147,,,source_only_no_observed_trip,,,55,true,monitor_source_only
2025-10-12 21:00:00+08,TPE_AIRPORT,82,141,3,3,3,0,16.6,observed,1.0,0.0,59,true,increase_supply_or_pause_send
2025-10-12 21:00:00+08,XIMENDING,111,158,1,1,1,0,16.0,observed,1.0,0.0,47,true,increase_supply_or_pause_send
2025-10-12 22:00:00+08,TAIPEI_101,135,182,,,151,,,source_only_no_observed_trip,,,47,true,monitor_source_only
2025-10-12 22:00:00+08,TAIPEI_MAIN,110,172,1,1,1,0,6.0,observed,1.0,0.0,62,true,increase_supply_or_pause_send
2025-10-12 22:00:00+08,TPE_AIRPORT,120,117,5,4,4,1,15.600000000000001,observed,0.8,0.2,-3,true,monitor
2025-10-12 22:00:00+08,XIMENDING,133,200,1,1,0,1,,observed,1.0,1.0,67,true,increase_supply_or_pause_send
2025-10-12 23:00:00+08,TAIPEI_101,178,192,,,149,,,source_only_no_observed_trip,,,14,true,monitor_source_only
2025-10-12 23:00:00+08,TAIPEI_MAIN,138,221,1,1,0,1,,observed,1.0,1.0,83,true,increase_supply_or_pause_send
2025-10-12 23:00:00+08,TPE_AIRPORT,103,138,4,3,3,1,14.0,observed,0.75,0.25,35,true,increase_supply_or_pause_send
2025-10-12 23:00:00+08,XIMENDING,139,186,,,153,,,source_only_no_observed_trip,,,47,true,monitor_source_only
2025-10-13 00:00:00+08,TAIPEI_101,134,74,,,57,,,source_only_no_observed_trip,,,-60,true,monitor_source_only
2025-10-13 00:00:00+08,TAIPEI_MAIN,158,111,1,1,1,0,5.0,observed,1.0,0.0,-47,true,monitor
2025-10-13 00:00:00+08,TPE_AIRPORT,107,60,9,9,9,0,20.2,observed,1.0,0.0,-47,true,review_pickup_reliability
2025-10-13 00:00:00+08,XIMENDING,166,128,,,92,,,source_only_no_observed_trip,,,-38,true,monitor_source_only
2025-10-13 01:00:00+08,TAIPEI_101,156,76,,,55,,,source_only_no_observed_trip,,,-80,true,monitor_source_only
2025-10-13 01:00:00+08,TAIPEI_MAIN,138,111,,,83,,,source_only_no_observed_trip,,,-27,true,monitor_source_only
2025-10-13 01:00:00+08,TPE_AIRPORT,153,90,6,6,5,1,17.8,observed,1.0,0.16666666666666666,-63,true,monitor
2025-10-13 01:00:00+08,XIMENDING,149,87,1,1,1,0,13.0,observed,1.0,0.0,-62,true,monitor
2025-10-13 02:00:00+08,TAIPEI_101,160,123,,,109,,,source_only_no_observed_trip,,,-37,true,monitor_source_only
2025-10-13 02:00:00+08,TAIPEI_MAIN,160,109,1,1,1,0,8.0,observed,1.0,0.0,-51,true,monitor
2025-10-13 02:00:00+08,TPE_AIRPORT,87,81,6,5,5,1,17.4,observed,0.8333333333333334,0.16666666666666666,-6,true,monitor
2025-10-13 02:00:00+08,XIMENDING,138,91,2,2,2,0,20.900000000000002,observed,1.0,0.0,-47,true,review_pickup_reliability
2025-10-13 03:00:00+08,TAIPEI_101,172,114,,,102,,,source_only_no_observed_trip,,,-58,true,monitor_source_only
2025-10-13 03:00:00+08,TAIPEI_MAIN,155,122,,,100,,,source_only_no_observed_trip,,,-33,true,monitor_source_only
2025-10-13 03:00:00+08,TPE_AIRPORT,94,34,3,3,3,0,17.6,observed,1.0,0.0,-60,true,monitor
2025-10-13 03:00:00+08,XIMENDING,167,102,1,1,1,0,15.0,observed,1.0,0.0,-65,true,monitor
2025-10-13 04:00:00+08,TAIPEI_101,165,121,2,2,2,0,20.6,observed,1.0,0.0,-44,true,review_pickup_reliability
2025-10-13 04:00:00+08,TAIPEI_MAIN,147,114,1,1,0,1,,observed,1.0,1.0,-33,true,monitor
2025-10-13 04:00:00+08,TPE_AIRPORT,87,76,2,2,2,0,12.200000000000001,observed,1.0,0.0,-11,true,monitor
2025-10-13 04:00:00+08,XIMENDING,171,110,,,88,,,source_only_no_observed_trip,,,-61,true,monitor_source_only
2025-10-13 05:00:00+08,TAIPEI_101,156,165,1,1,0,1,,observed,1.0,1.0,9,true,monitor
2025-10-13 05:00:00+08,TAIPEI_MAIN,130,181,,,151,,,source_only_no_observed_trip,,,51,true,monitor_source_only
2025-10-13 05:00:00+08,TPE_AIRPORT,137,180,8,8,8,0,17.299999999999997,observed,1.0,0.0,43,true,increase_supply_or_pause_send
2025-10-13 05:00:00+08,XIMENDING,114,184,,,153,,,source_only_no_observed_trip,,,70,true,monitor_source_only
2025-10-13 06:00:00+08,TAIPEI_101,181,211,1,1,1,0,19.0,observed,1.0,0.0,30,true,increase_supply_or_pause_send
2025-10-13 06:00:00+08,TAIPEI_MAIN,154,155,,,132,,,source_only_no_observed_trip,,,1,true,monitor_source_only
2025-10-13 06:00:00+08,TPE_AIRPORT,64,137,7,7,7,0,20.200000000000003,observed,1.0,0.0,73,true,increase_supply_or_pause_send
2025-10-13 06:00:00+08,XIMENDING,111,229,1,1,1,0,15.0,observed,1.0,0.0,118,true,increase_supply_or_pause_send
2025-10-13 07:00:00+08,TAIPEI_101,110,189,,,162,,,source_only_no_observed_trip,,,79,true,monitor_source_only
2025-10-13 07:00:00+08,TAIPEI_MAIN,129,161,1,1,1,0,11.0,observed,1.0,0.0,32,true,increase_supply_or_pause_send
2025-10-13 07:00:00+08,TPE_AIRPORT,111,131,9,8,7,2,18.6,observed,0.8888888888888888,0.2222222222222222,20,true,monitor
2025-10-13 07:00:00+08,XIMENDING,126,186,,,138,,,source_only_no_observed_trip,,,60,true,monitor_source_only
2025-10-13 08:00:00+08,TAIPEI_101,121,192,2,2,2,0,14.3,observed,1.0,0.0,71,true,increase_supply_or_pause_send
2025-10-13 08:00:00+08,TAIPEI_MAIN,128,206,3,2,2,1,19.0,observed,0.6666666666666666,0.3333333333333333,78,true,increase_supply_or_pause_send
2025-10-13 08:00:00+08,TPE_AIRPORT,86,137,9,7,7,2,14.8,observed,0.7777777777777778,0.2222222222222222,51,true,increase_supply_or_pause_send
2025-10-13 08:00:00+08,XIMENDING,113,203,1,1,1,0,10.0,observed,1.0,0.0,90,true,increase_supply_or_pause_send
2025-10-13 09:00:00+08,TAIPEI_101,144,95,2,2,2,0,15.8,observed,1.0,0.0,-49,true,monitor
2025-10-13 09:00:00+08,TAIPEI_MAIN,176,102,1,1,1,0,16.0,observed,1.0,0.0,-74,true,monitor
2025-10-13 09:00:00+08,TPE_AIRPORT,124,54,7,6,6,1,18.0,observed,0.8571428571428571,0.14285714285714285,-70,true,monitor
2025-10-13 09:00:00+08,XIMENDING,138,121,,,95,,,source_only_no_observed_trip,,,-17,true,monitor_source_only
2025-10-13 10:00:00+08,TAIPEI_101,135,73,,,61,,,source_only_no_observed_trip,,,-62,true,monitor_source_only
2025-10-13 10:00:00+08,TAIPEI_MAIN,155,122,,,93,,,source_only_no_observed_trip,,,-33,true,monitor_source_only
2025-10-13 10:00:00+08,TPE_AIRPORT,129,142,7,6,6,1,17.5,observed,0.8571428571428571,0.14285714285714285,13,true,monitor
2025-10-13 10:00:00+08,XIMENDING,144,96,,,78,,,source_only_no_observed_trip,,,-48,true,monitor_source_only
2025-10-13 11:00:00+08,TAIPEI_101,156,79,1,1,1,0,13.0,observed,1.0,0.0,-77,true,monitor
2025-10-13 11:00:00+08,TAIPEI_MAIN,171,130,,,99,,,source_only_no_observed_trip,,,-41,true,monitor_source_only
2025-10-13 11:00:00+08,TPE_AIRPORT,83,81,4,4,4,0,18.400000000000002,observed,1.0,0.0,-2,true,monitor
2025-10-13 11:00:00+08,XIMENDING,139,107,,,94,,,source_only_no_observed_trip,,,-32,true,monitor_source_only
2025-10-13 12:00:00+08,TAIPEI_101,171,85,1,1,1,0,21.0,observed,1.0,0.0,-86,true,review_pickup_reliability
2025-10-13 12:00:00+08,TAIPEI_MAIN,135,83,,,65,,,source_only_no_observed_trip,,,-52,true,monitor_source_only
2025-10-13 12:00:00+08,TPE_AIRPORT,134,99,1,1,1,0,13.0,observed,1.0,0.0,-35,true,monitor
2025-10-13 12:00:00+08,XIMENDING,169,85,1,1,0,1,,observed,1.0,1.0,-84,true,monitor
2025-10-13 13:00:00+08,TAIPEI_101,159,107,2,2,2,0,17.099999999999998,observed,1.0,0.0,-52,true,monitor
2025-10-13 13:00:00+08,TAIPEI_MAIN,122,135,,,122,,,source_only_no_observed_trip,,,13,true,monitor_source_only
2025-10-13 13:00:00+08,TPE_AIRPORT,95,72,3,2,2,1,13.6,observed,0.6666666666666666,0.3333333333333333,-23,true,monitor
2025-10-13 13:00:00+08,XIMENDING,122,83,1,1,1,0,14.0,observed,1.0,0.0,-39,true,monitor
2025-10-13 14:00:00+08,TAIPEI_101,173,84,1,1,1,0,8.0,observed,1.0,0.0,-89,true,monitor
2025-10-13 14:00:00+08,TAIPEI_MAIN,181,163,1,1,1,0,12.0,observed,1.0,0.0,-18,true,monitor
2025-10-13 14:00:00+08,TPE_AIRPORT,110,58,3,3,3,0,17.2,observed,1.0,0.0,-52,true,monitor
2025-10-13 14:00:00+08,XIMENDING,194,115,2,2,2,0,16.7,observed,1.0,0.0,-79,true,monitor
2025-10-13 15:00:00+08,TAIPEI_101,146,109,,,95,,,source_only_no_observed_trip,,,-37,true,monitor_source_only
2025-10-13 15:00:00+08,TAIPEI_MAIN,173,116,2,2,1,1,15.0,observed,1.0,0.5,-57,true,monitor
2025-10-13 15:00:00+08,TPE_AIRPORT,132,101,1,1,1,0,9.0,observed,1.0,0.0,-31,true,monitor
2025-10-13 15:00:00+08,XIMENDING,158,125,,,92,,,source_only_no_observed_trip,,,-33,true,monitor_source_only
2025-10-13 16:00:00+08,TAIPEI_101,127,135,,,104,,,source_only_no_observed_trip,,,8,true,monitor_source_only
2025-10-13 16:00:00+08,TAIPEI_MAIN,134,78,,,68,,,source_only_no_observed_trip,,,-56,true,monitor_source_only
2025-10-13 16:00:00+08,TPE_AIRPORT,113,79,1,1,0,1,,observed,1.0,1.0,-34,true,monitor
2025-10-13 16:00:00+08,XIMENDING,158,129,1,1,1,0,9.0,observed,1.0,0.0,-29,true,monitor
2025-10-13 17:00:00+08,TAIPEI_101,175,102,1,1,1,0,10.0,observed,1.0,0.0,-73,true,monitor
2025-10-13 17:00:00+08,TAIPEI_MAIN,152,116,1,1,1,0,21.0,observed,1.0,0.0,-36,true,review_pickup_reliability
2025-10-13 17:00:00+08,TPE_AIRPORT,123,75,2,2,2,0,16.4,observed,1.0,0.0,-48,true,monitor
2025-10-13 17:00:00+08,XIMENDING,153,144,,,126,,,source_only_no_observed_trip,,,-9,true,monitor_source_only
2025-10-13 18:00:00+08,TAIPEI_101,160,139,1,1,1,0,14.0,observed,1.0,0.0,-21,true,monitor
2025-10-13 18:00:00+08,TAIPEI_MAIN,173,102,,,80,,,source_only_no_observed_trip,,,-71,true,monitor_source_only
2025-10-13 18:00:00+08,TPE_AIRPORT,93,52,4,4,3,1,16.200000000000003,observed,1.0,0.25,-41,true,monitor
2025-10-13 18:00:00+08,XIMENDING,172,91,,,74,,,source_only_no_observed_trip,,,-81,true,monitor_source_only
2025-10-13 19:00:00+08,TAIPEI_101,160,144,2,2,2,0,16.5,observed,1.0,0.0,-16,true,monitor
2025-10-13 19:00:00+08,TAIPEI_MAIN,170,118,,,92,,,source_only_no_observed_trip,,,-52,true,monitor_source_only
2025-10-13 19:00:00+08,TPE_AIRPORT,125,89,3,3,2,1,13.899999999999999,observed,1.0,0.3333333333333333,-36,true,monitor
2025-10-13 19:00:00+08,XIMENDING,148,146,,,119,,,source_only_no_observed_trip,,,-2,true,monitor_source_only
2025-10-13 20:00:00+08,TAIPEI_101,138,155,,,113,,,source_only_no_observed_trip,,,17,true,monitor_source_only
2025-10-13 20:00:00+08,TAIPEI_MAIN,137,178,1,0,0,1,,observed,0.0,1.0,41,true,increase_supply_or_pause_send
2025-10-13 20:00:00+08,TPE_AIRPORT,105,128,4,4,4,0,22.700000000000003,observed,1.0,0.0,23,true,increase_supply_or_pause_send
2025-10-13 20:00:00+08,XIMENDING,160,180,1,1,1,0,17.0,observed,1.0,0.0,20,true,monitor
2025-10-13 21:00:00+08,TAIPEI_101,133,208,,,149,,,source_only_no_observed_trip,,,75,true,monitor_source_only
2025-10-13 21:00:00+08,TAIPEI_MAIN,127,167,1,1,1,0,18.0,observed,1.0,0.0,40,true,increase_supply_or_pause_send
2025-10-13 21:00:00+08,TPE_AIRPORT,67,125,8,8,7,1,16.4,observed,1.0,0.125,58,true,increase_supply_or_pause_send
2025-10-13 21:00:00+08,XIMENDING,134,170,,,147,,,source_only_no_observed_trip,,,36,true,monitor_source_only
2025-10-13 22:00:00+08,TAIPEI_101,127,184,,,157,,,source_only_no_observed_trip,,,57,true,monitor_source_only
2025-10-13 22:00:00+08,TAIPEI_MAIN,133,200,1,1,1,0,19.0,observed,1.0,0.0,67,true,increase_supply_or_pause_send
2025-10-13 22:00:00+08,TPE_AIRPORT,86,107,7,6,6,1,16.5,observed,0.8571428571428571,0.14285714285714285,21,true,increase_supply_or_pause_send
2025-10-13 22:00:00+08,XIMENDING,141,181,1,1,1,0,21.0,observed,1.0,0.0,40,true,increase_supply_or_pause_send
2025-10-13 23:00:00+08,TAIPEI_101,140,180,1,1,1,0,18.0,observed,1.0,0.0,40,true,increase_supply_or_pause_send
2025-10-13 23:00:00+08,TAIPEI_MAIN,110,173,,,128,,,source_only_no_observed_trip,,,63,true,monitor_source_only
2025-10-13 23:00:00+08,TPE_AIRPORT,49,95,7,7,7,0,17.0,observed,1.0,0.0,46,true,increase_supply_or_pause_send
2025-10-13 23:00:00+08,XIMENDING,86,217,1,1,1,0,18.0,observed,1.0,0.0,131,true,increase_supply_or_pause_send
2025-10-14 00:00:00+08,TAIPEI_101,165,84,,,73,,,source_only_no_observed_trip,,,-81,true,monitor_source_only
2025-10-14 00:00:00+08,TAIPEI_MAIN,134,136,,,120,,,source_only_no_observed_trip,,,2,true,monitor_source_only
2025-10-14 00:00:00+08,TPE_AIRPORT,103,100,8,8,7,1,18.8,observed,1.0,0.125,-3,true,monitor
2025-10-14 00:00:00+08,XIMENDING,124,93,,,78,,,source_only_no_observed_trip,,,-31,true,monitor_source_only
2025-10-14 01:00:00+08,TAIPEI_101,188,111,,,89,,,source_only_no_observed_trip,,,-77,true,monitor_source_only
2025-10-14 01:00:00+08,TAIPEI_MAIN,152,160,,,143,,,source_only_no_observed_trip,,,8,true,monitor_source_only
2025-10-14 01:00:00+08,TPE_AIRPORT,91,90,3,1,1,2,16.0,observed,0.3333333333333333,0.6666666666666666,-1,true,monitor
2025-10-14 01:00:00+08,XIMENDING,153,95,1,1,1,0,21.0,observed,1.0,0.0,-58,true,review_pickup_reliability
2025-10-14 02:00:00+08,TAIPEI_101,163,109,1,0,0,1,,observed,0.0,1.0,-54,true,monitor
2025-10-14 02:00:00+08,TAIPEI_MAIN,183,145,,,112,,,source_only_no_observed_trip,,,-38,true,monitor_source_only
2025-10-14 02:00:00+08,TPE_AIRPORT,104,85,2,2,2,0,11.9,observed,1.0,0.0,-19,true,monitor
2025-10-14 02:00:00+08,XIMENDING,165,145,1,1,1,0,20.0,observed,1.0,0.0,-20,true,monitor
2025-10-14 03:00:00+08,TAIPEI_101,176,121,2,2,2,0,16.4,observed,1.0,0.0,-55,true,monitor
2025-10-14 03:00:00+08,TAIPEI_MAIN,147,144,1,1,1,0,11.0,observed,1.0,0.0,-3,true,monitor
2025-10-14 03:00:00+08,TPE_AIRPORT,93,87,2,1,1,1,12.0,observed,0.5,0.5,-6,true,monitor
2025-10-14 03:00:00+08,XIMENDING,172,125,,,110,,,source_only_no_observed_trip,,,-47,true,monitor_source_only
2025-10-14 04:00:00+08,TAIPEI_101,162,120,1,1,1,0,9.0,observed,1.0,0.0,-42,true,monitor
2025-10-14 04:00:00+08,TAIPEI_MAIN,157,106,1,1,1,0,17.0,observed,1.0,0.0,-51,true,monitor
2025-10-14 04:00:00+08,TPE_AIRPORT,130,51,3,3,3,0,23.400000000000002,observed,1.0,0.0,-79,true,review_pickup_reliability
2025-10-14 04:00:00+08,XIMENDING,176,95,,,80,,,source_only_no_observed_trip,,,-81,true,monitor_source_only
2025-10-14 05:00:00+08,TAIPEI_101,113,200,1,1,1,0,5.0,observed,1.0,0.0,87,true,increase_supply_or_pause_send
2025-10-14 05:00:00+08,TAIPEI_MAIN,107,177,1,1,1,0,11.0,observed,1.0,0.0,70,true,increase_supply_or_pause_send
2025-10-14 05:00:00+08,TPE_AIRPORT,95,124,5,5,5,0,21.200000000000003,observed,1.0,0.0,29,true,increase_supply_or_pause_send
2025-10-14 05:00:00+08,XIMENDING,168,194,,,175,,,source_only_no_observed_trip,,,26,true,monitor_source_only
2025-10-14 06:00:00+08,TAIPEI_101,157,203,,,155,,,source_only_no_observed_trip,,,46,true,monitor_source_only
2025-10-14 06:00:00+08,TAIPEI_MAIN,119,198,,,145,,,source_only_no_observed_trip,,,79,true,monitor_source_only
2025-10-14 06:00:00+08,TPE_AIRPORT,88,132,3,3,3,0,18.8,observed,1.0,0.0,44,true,increase_supply_or_pause_send
2025-10-14 06:00:00+08,XIMENDING,113,188,1,1,1,0,14.0,observed,1.0,0.0,75,true,increase_supply_or_pause_send
2025-10-14 07:00:00+08,TAIPEI_101,163,129,3,2,2,1,17.4,observed,0.6666666666666666,0.3333333333333333,-34,true,monitor
2025-10-14 07:00:00+08,TAIPEI_MAIN,145,153,1,1,1,0,7.0,observed,1.0,0.0,8,true,monitor
2025-10-14 07:00:00+08,TPE_AIRPORT,82,144,4,4,4,0,14.200000000000001,observed,1.0,0.0,62,true,increase_supply_or_pause_send
2025-10-14 07:00:00+08,XIMENDING,129,156,,,119,,,source_only_no_observed_trip,,,27,true,monitor_source_only
2025-10-14 08:00:00+08,TAIPEI_101,142,171,,,132,,,source_only_no_observed_trip,,,29,true,monitor_source_only
2025-10-14 08:00:00+08,TAIPEI_MAIN,131,192,,,147,,,source_only_no_observed_trip,,,61,true,monitor_source_only
2025-10-14 08:00:00+08,TPE_AIRPORT,97,98,8,7,7,1,15.8,observed,0.875,0.125,1,true,monitor
2025-10-14 08:00:00+08,XIMENDING,120,199,3,3,3,0,16.4,observed,1.0,0.0,79,true,increase_supply_or_pause_send
2025-10-14 09:00:00+08,TAIPEI_101,138,97,3,2,2,1,21.4,observed,0.6666666666666666,0.3333333333333333,-41,true,review_pickup_reliability
2025-10-14 09:00:00+08,TAIPEI_MAIN,164,118,,,93,,,source_only_no_observed_trip,,,-46,true,monitor_source_only
2025-10-14 09:00:00+08,TPE_AIRPORT,82,79,4,4,4,0,16.1,observed,1.0,0.0,-3,true,monitor
2025-10-14 09:00:00+08,XIMENDING,192,121,1,1,1,0,9.0,observed,1.0,0.0,-71,true,monitor
2025-10-14 10:00:00+08,TAIPEI_101,144,94,,,71,,,source_only_no_observed_trip,,,-50,true,monitor_source_only
2025-10-14 10:00:00+08,TAIPEI_MAIN,150,112,1,1,1,0,16.0,observed,1.0,0.0,-38,true,monitor
2025-10-14 10:00:00+08,TPE_AIRPORT,113,91,5,5,5,0,17.4,observed,1.0,0.0,-22,true,monitor
2025-10-14 10:00:00+08,XIMENDING,174,70,,,53,,,source_only_no_observed_trip,,,-104,true,monitor_source_only
2025-10-14 11:00:00+08,TAIPEI_101,185,130,1,1,1,0,14.0,observed,1.0,0.0,-55,true,monitor
2025-10-14 11:00:00+08,TAIPEI_MAIN,158,105,,,79,,,source_only_no_observed_trip,,,-53,true,monitor_source_only
2025-10-14 11:00:00+08,TPE_AIRPORT,96,58,4,4,4,0,15.7,observed,1.0,0.0,-38,true,monitor
2025-10-14 11:00:00+08,XIMENDING,161,80,,,64,,,source_only_no_observed_trip,,,-81,true,monitor_source_only
2025-10-14 12:00:00+08,TAIPEI_101,175,133,,,103,,,source_only_no_observed_trip,,,-42,true,monitor_source_only
2025-10-14 12:00:00+08,TAIPEI_MAIN,137,107,,,93,,,source_only_no_observed_trip,,,-30,true,monitor_source_only
2025-10-14 12:00:00+08,TPE_AIRPORT,106,96,2,1,1,1,20.0,observed,0.5,0.5,-10,true,monitor
2025-10-14 12:00:00+08,XIMENDING,184,121,,,91,,,source_only_no_observed_trip,,,-63,true,monitor_source_only
2025-10-14 13:00:00+08,TAIPEI_101,151,143,,,128,,,source_only_no_observed_trip,,,-8,true,monitor_source_only
2025-10-14 13:00:00+08,TAIPEI_MAIN,160,107,,,83,,,source_only_no_observed_trip,,,-53,true,monitor_source_only
2025-10-14 13:00:00+08,TPE_AIRPORT,121,21,2,2,2,0,7.0,observed,1.0,0.0,-100,true,monitor
2025-10-14 13:00:00+08,XIMENDING,193,134,2,2,2,0,18.1,observed,1.0,0.0,-59,true,monitor
2025-10-14 14:00:00+08,TAIPEI_101,150,151,1,1,1,0,16.0,observed,1.0,0.0,1,true,monitor
2025-10-14 14:00:00+08,TAIPEI_MAIN,208,96,1,1,1,0,15.0,observed,1.0,0.0,-112,true,monitor
2025-10-14 14:00:00+08,TPE_AIRPORT,120,65,2,2,1,1,14.0,observed,1.0,0.5,-55,true,monitor
2025-10-14 14:00:00+08,XIMENDING,152,136,,,105,,,source_only_no_observed_trip,,,-16,true,monitor_source_only
2025-10-14 15:00:00+08,TAIPEI_101,180,119,1,1,1,0,11.0,observed,1.0,0.0,-61,true,monitor
2025-10-14 15:00:00+08,TAIPEI_MAIN,179,97,,,79,,,source_only_no_observed_trip,,,-82,true,monitor_source_only
2025-10-14 15:00:00+08,TPE_AIRPORT,106,58,4,4,4,0,14.0,observed,1.0,0.0,-48,true,monitor
2025-10-14 15:00:00+08,XIMENDING,169,73,,,57,,,source_only_no_observed_trip,,,-96,true,monitor_source_only
2025-10-14 16:00:00+08,TAIPEI_101,157,150,1,1,1,0,18.0,observed,1.0,0.0,-7,true,monitor
2025-10-14 16:00:00+08,TAIPEI_MAIN,153,103,,,84,,,source_only_no_observed_trip,,,-50,true,monitor_source_only
2025-10-14 16:00:00+08,TPE_AIRPORT,91,83,2,2,2,0,11.9,observed,1.0,0.0,-8,true,monitor
2025-10-14 16:00:00+08,XIMENDING,168,84,1,0,0,1,,observed,0.0,1.0,-84,true,monitor
2025-10-14 17:00:00+08,TAIPEI_101,170,136,,,100,,,source_only_no_observed_trip,,,-34,true,monitor_source_only
2025-10-14 17:00:00+08,TAIPEI_MAIN,148,137,2,1,1,1,12.0,observed,0.5,0.5,-11,true,monitor
2025-10-14 17:00:00+08,TPE_AIRPORT,113,40,,,29,,,source_only_no_observed_trip,,,-73,true,monitor_source_only
2025-10-14 17:00:00+08,XIMENDING,158,141,1,1,1,0,22.0,observed,1.0,0.0,-17,true,review_pickup_reliability
2025-10-14 18:00:00+08,TAIPEI_101,149,116,,,88,,,source_only_no_observed_trip,,,-33,true,monitor_source_only
2025-10-14 18:00:00+08,TAIPEI_MAIN,176,123,5,5,5,0,15.0,observed,1.0,0.0,-53,true,monitor
2025-10-14 18:00:00+08,TPE_AIRPORT,122,113,2,2,1,1,8.0,observed,1.0,0.5,-9,true,monitor
2025-10-14 18:00:00+08,XIMENDING,166,127,2,2,2,0,18.5,observed,1.0,0.0,-39,true,monitor
2025-10-14 19:00:00+08,TAIPEI_101,176,114,,,91,,,source_only_no_observed_trip,,,-62,true,monitor_source_only
2025-10-14 19:00:00+08,TAIPEI_MAIN,161,110,4,4,4,0,20.7,observed,1.0,0.0,-51,true,review_pickup_reliability
2025-10-14 19:00:00+08,TPE_AIRPORT,108,65,1,1,1,0,21.0,observed,1.0,0.0,-43,true,review_pickup_reliability
2025-10-14 19:00:00+08,XIMENDING,200,126,3,3,3,0,15.8,observed,1.0,0.0,-74,true,monitor
2025-10-14 20:00:00+08,TAIPEI_101,160,149,1,1,1,0,19.0,observed,1.0,0.0,-11,true,monitor
2025-10-14 20:00:00+08,TAIPEI_MAIN,118,212,2,1,1,1,7.0,observed,0.5,0.5,94,true,increase_supply_or_pause_send
2025-10-14 20:00:00+08,TPE_AIRPORT,102,144,1,1,1,0,12.0,observed,1.0,0.0,42,true,increase_supply_or_pause_send
2025-10-14 20:00:00+08,XIMENDING,138,145,4,4,4,0,15.0,observed,1.0,0.0,7,true,monitor
2025-10-14 21:00:00+08,TAIPEI_101,127,211,1,1,1,0,5.0,observed,1.0,0.0,84,true,increase_supply_or_pause_send
2025-10-14 21:00:00+08,TAIPEI_MAIN,145,161,1,1,1,0,8.0,observed,1.0,0.0,16,true,monitor
2025-10-14 21:00:00+08,TPE_AIRPORT,52,117,3,3,3,0,14.6,observed,1.0,0.0,65,true,increase_supply_or_pause_send
2025-10-14 21:00:00+08,XIMENDING,132,174,,,126,,,source_only_no_observed_trip,,,42,true,monitor_source_only
2025-10-14 22:00:00+08,TAIPEI_101,146,194,,,158,,,source_only_no_observed_trip,,,48,true,monitor_source_only
2025-10-14 22:00:00+08,TAIPEI_MAIN,156,177,3,3,3,0,17.4,observed,1.0,0.0,21,true,increase_supply_or_pause_send
2025-10-14 22:00:00+08,TPE_AIRPORT,61,125,7,7,7,0,18.8,observed,1.0,0.0,64,true,increase_supply_or_pause_send
2025-10-14 22:00:00+08,XIMENDING,124,221,2,2,1,1,15.0,observed,1.0,0.5,97,true,increase_supply_or_pause_send
2025-10-14 23:00:00+08,TAIPEI_101,178,184,2,2,1,1,15.0,observed,1.0,0.5,6,true,monitor
2025-10-14 23:00:00+08,TAIPEI_MAIN,159,224,1,1,1,0,24.0,observed,1.0,0.0,65,true,increase_supply_or_pause_send
2025-10-14 23:00:00+08,TPE_AIRPORT,96,88,7,7,7,0,21.0,observed,1.0,0.0,-8,true,review_pickup_reliability
2025-10-14 23:00:00+08,XIMENDING,128,174,1,1,1,0,20.0,observed,1.0,0.0,46,true,increase_supply_or_pause_send
2025-10-15 00:00:00+08,TAIPEI_101,154,111,,,100,,,source_only_no_observed_trip,,,-43,true,monitor_source_only
2025-10-15 00:00:00+08,TAIPEI_MAIN,164,113,,,96,,,source_only_no_observed_trip,,,-51,true,monitor_source_only
2025-10-15 00:00:00+08,TPE_AIRPORT,126,10,11,9,9,2,14.600000000000001,observed,0.8181818181818182,0.18181818181818182,-116,true,monitor
2025-10-15 00:00:00+08,XIMENDING,122,122,,,101,,,source_only_no_observed_trip,,,0,true,monitor_source_only
2025-10-15 01:00:00+08,TAIPEI_101,145,95,,,78,,,source_only_no_observed_trip,,,-50,true,monitor_source_only
2025-10-15 01:00:00+08,TAIPEI_MAIN,196,70,1,1,1,0,19.0,observed,1.0,0.0,-126,true,monitor
2025-10-15 01:00:00+08,TPE_AIRPORT,120,79,2,2,2,0,19.6,observed,1.0,0.0,-41,true,monitor
2025-10-15 01:00:00+08,XIMENDING,171,106,1,1,1,0,16.0,observed,1.0,0.0,-65,true,monitor
2025-10-15 02:00:00+08,TAIPEI_101,170,123,,,108,,,source_only_no_observed_trip,,,-47,true,monitor_source_only
2025-10-15 02:00:00+08,TAIPEI_MAIN,159,84,3,2,2,1,18.400000000000002,observed,0.6666666666666666,0.3333333333333333,-75,true,monitor
2025-10-15 02:00:00+08,TPE_AIRPORT,89,81,8,7,6,2,18.5,observed,0.875,0.25,-8,true,monitor
2025-10-15 02:00:00+08,XIMENDING,141,125,3,3,2,1,16.1,observed,1.0,0.3333333333333333,-16,true,monitor
2025-10-15 03:00:00+08,TAIPEI_101,180,95,,,69,,,source_only_no_observed_trip,,,-85,true,monitor_source_only
2025-10-15 03:00:00+08,TAIPEI_MAIN,146,94,1,1,1,0,18.0,observed,1.0,0.0,-52,true,monitor
2025-10-15 03:00:00+08,TPE_AIRPORT,117,89,4,2,2,2,19.900000000000002,observed,0.5,0.5,-28,true,monitor
2025-10-15 03:00:00+08,XIMENDING,176,132,1,1,1,0,12.0,observed,1.0,0.0,-44,true,monitor
2025-10-15 04:00:00+08,TAIPEI_101,135,80,,,62,,,source_only_no_observed_trip,,,-55,true,monitor_source_only
2025-10-15 04:00:00+08,TAIPEI_MAIN,158,136,1,1,1,0,17.0,observed,1.0,0.0,-22,true,monitor
2025-10-15 04:00:00+08,TPE_AIRPORT,141,82,1,1,1,0,22.0,observed,1.0,0.0,-59,true,review_pickup_reliability
2025-10-15 04:00:00+08,XIMENDING,191,106,,,93,,,source_only_no_observed_trip,,,-85,true,monitor_source_only
2025-10-15 05:00:00+08,TAIPEI_101,113,214,,,178,,,source_only_no_observed_trip,,,101,true,monitor_source_only
2025-10-15 05:00:00+08,TAIPEI_MAIN,119,205,1,1,1,0,11.0,observed,1.0,0.0,86,true,increase_supply_or_pause_send
2025-10-15 05:00:00+08,TPE_AIRPORT,77,118,4,4,3,1,16.200000000000003,observed,1.0,0.25,41,true,increase_supply_or_pause_send
2025-10-15 05:00:00+08,XIMENDING,113,191,,,173,,,source_only_no_observed_trip,,,78,true,monitor_source_only
2025-10-15 06:00:00+08,TAIPEI_101,138,204,2,2,2,0,13.7,observed,1.0,0.0,66,true,increase_supply_or_pause_send
2025-10-15 06:00:00+08,TAIPEI_MAIN,129,182,,,163,,,source_only_no_observed_trip,,,53,true,monitor_source_only
2025-10-15 06:00:00+08,TPE_AIRPORT,109,129,9,9,9,0,18.4,observed,1.0,0.0,20,true,monitor
2025-10-15 06:00:00+08,XIMENDING,134,173,,,154,,,source_only_no_observed_trip,,,39,true,monitor_source_only
2025-10-15 07:00:00+08,TAIPEI_101,160,191,,,171,,,source_only_no_observed_trip,,,31,true,monitor_source_only
2025-10-15 07:00:00+08,TAIPEI_MAIN,143,193,1,1,1,0,11.0,observed,1.0,0.0,50,true,increase_supply_or_pause_send
2025-10-15 07:00:00+08,TPE_AIRPORT,92,129,9,9,9,0,20.2,observed,1.0,0.0,37,true,increase_supply_or_pause_send
2025-10-15 07:00:00+08,XIMENDING,125,154,,,132,,,source_only_no_observed_trip,,,29,true,monitor_source_only
2025-10-15 08:00:00+08,TAIPEI_101,125,212,2,2,2,0,17.0,observed,1.0,0.0,87,true,increase_supply_or_pause_send
2025-10-15 08:00:00+08,TAIPEI_MAIN,143,198,1,1,1,0,12.0,observed,1.0,0.0,55,true,increase_supply_or_pause_send
2025-10-15 08:00:00+08,TPE_AIRPORT,66,120,7,6,6,1,20.5,observed,0.8571428571428571,0.14285714285714285,54,true,increase_supply_or_pause_send
2025-10-15 08:00:00+08,XIMENDING,116,195,,,153,,,source_only_no_observed_trip,,,79,true,monitor_source_only
2025-10-15 09:00:00+08,TAIPEI_101,176,93,2,2,2,0,20.8,observed,1.0,0.0,-83,true,review_pickup_reliability
2025-10-15 09:00:00+08,TAIPEI_MAIN,185,98,2,1,1,1,7.0,observed,0.5,0.5,-87,true,monitor
2025-10-15 09:00:00+08,TPE_AIRPORT,103,75,9,8,8,1,20.6,observed,0.8888888888888888,0.1111111111111111,-28,true,review_pickup_reliability
2025-10-15 09:00:00+08,XIMENDING,144,126,,,106,,,source_only_no_observed_trip,,,-18,true,monitor_source_only
2025-10-15 10:00:00+08,TAIPEI_101,143,149,1,1,0,1,,observed,1.0,1.0,6,true,monitor
2025-10-15 10:00:00+08,TAIPEI_MAIN,190,200,1,1,1,0,12.0,observed,1.0,0.0,10,true,monitor
2025-10-15 10:00:00+08,TPE_AIRPORT,121,61,5,5,4,1,16.4,observed,1.0,0.2,-60,true,monitor
2025-10-15 10:00:00+08,XIMENDING,130,102,,,92,,,source_only_no_observed_trip,,,-28,true,monitor_source_only
2025-10-15 11:00:00+08,TAIPEI_101,150,127,,,95,,,source_only_no_observed_trip,,,-23,true,monitor_source_only
2025-10-15 11:00:00+08,TAIPEI_MAIN,150,110,,,99,,,source_only_no_observed_trip,,,-40,true,monitor_source_only
2025-10-15 11:00:00+08,TPE_AIRPORT,97,93,4,4,3,1,22.0,observed,1.0,0.25,-4,true,review_pickup_reliability
2025-10-15 11:00:00+08,XIMENDING,135,104,1,1,1,0,22.0,observed,1.0,0.0,-31,true,review_pickup_reliability
2025-10-15 12:00:00+08,TAIPEI_101,133,151,,,135,,,source_only_no_observed_trip,,,18,true,monitor_source_only
2025-10-15 12:00:00+08,TAIPEI_MAIN,155,110,1,1,1,0,21.0,observed,1.0,0.0,-45,true,review_pickup_reliability
2025-10-15 12:00:00+08,TPE_AIRPORT,132,88,2,2,2,0,19.6,observed,1.0,0.0,-44,true,monitor
2025-10-15 12:00:00+08,XIMENDING,153,91,1,0,0,1,,observed,0.0,1.0,-62,true,monitor
2025-10-15 13:00:00+08,TAIPEI_101,163,121,,,96,,,source_only_no_observed_trip,,,-42,true,monitor_source_only
2025-10-15 13:00:00+08,TAIPEI_MAIN,149,98,1,1,1,0,15.0,observed,1.0,0.0,-51,true,monitor
2025-10-15 13:00:00+08,TPE_AIRPORT,113,86,2,2,2,0,18.5,observed,1.0,0.0,-27,true,monitor
2025-10-15 13:00:00+08,XIMENDING,183,122,1,1,0,1,,observed,1.0,1.0,-61,true,monitor
2025-10-15 14:00:00+08,TAIPEI_101,183,89,,,72,,,source_only_no_observed_trip,,,-94,true,monitor_source_only
2025-10-15 14:00:00+08,TAIPEI_MAIN,156,115,2,1,1,1,14.0,observed,0.5,0.5,-41,true,monitor
2025-10-15 14:00:00+08,TPE_AIRPORT,116,70,3,3,3,0,20.2,observed,1.0,0.0,-46,true,review_pickup_reliability
2025-10-15 14:00:00+08,XIMENDING,152,92,,,81,,,source_only_no_observed_trip,,,-60,true,monitor_source_only
2025-10-15 15:00:00+08,TAIPEI_101,154,104,1,0,0,1,,observed,0.0,1.0,-50,true,monitor
2025-10-15 15:00:00+08,TAIPEI_MAIN,183,134,,,109,,,source_only_no_observed_trip,,,-49,true,monitor_source_only
2025-10-15 15:00:00+08,TPE_AIRPORT,105,74,2,2,2,0,15.7,observed,1.0,0.0,-31,true,monitor
2025-10-15 15:00:00+08,XIMENDING,144,125,1,1,1,0,18.0,observed,1.0,0.0,-19,true,monitor
2025-10-15 16:00:00+08,TAIPEI_101,159,118,1,1,1,0,21.0,observed,1.0,0.0,-41,true,review_pickup_reliability
2025-10-15 16:00:00+08,TAIPEI_MAIN,171,115,1,1,1,0,21.0,observed,1.0,0.0,-56,true,review_pickup_reliability
2025-10-15 16:00:00+08,TPE_AIRPORT,101,118,6,6,5,1,17.200000000000003,observed,1.0,0.16666666666666666,17,true,monitor
2025-10-15 16:00:00+08,XIMENDING,132,145,1,1,1,0,11.0,observed,1.0,0.0,13,true,monitor
2025-10-15 17:00:00+08,TAIPEI_101,143,150,3,3,3,0,21.6,observed,1.0,0.0,7,true,review_pickup_reliability
2025-10-15 17:00:00+08,TAIPEI_MAIN,167,102,1,1,1,0,15.0,observed,1.0,0.0,-65,true,monitor
2025-10-15 17:00:00+08,TPE_AIRPORT,116,120,,,97,,,source_only_no_observed_trip,,,4,true,monitor_source_only
2025-10-15 17:00:00+08,XIMENDING,164,132,3,3,3,0,16.6,observed,1.0,0.0,-32,true,monitor
2025-10-15 18:00:00+08,TAIPEI_101,177,152,1,0,0,1,,observed,0.0,1.0,-25,true,monitor
2025-10-15 18:00:00+08,TAIPEI_MAIN,143,88,1,1,1,0,6.0,observed,1.0,0.0,-55,true,monitor
2025-10-15 18:00:00+08,TPE_AIRPORT,106,42,5,4,3,2,11.8,observed,0.8,0.4,-64,true,monitor
2025-10-15 18:00:00+08,XIMENDING,170,129,1,0,0,1,,observed,0.0,1.0,-41,true,monitor
2025-10-15 19:00:00+08,TAIPEI_101,130,117,,,105,,,source_only_no_observed_trip,,,-13,true,monitor_source_only
2025-10-15 19:00:00+08,TAIPEI_MAIN,176,142,,,109,,,source_only_no_observed_trip,,,-34,true,monitor_source_only
2025-10-15 19:00:00+08,TPE_AIRPORT,114,53,4,3,3,1,18.6,observed,0.75,0.25,-61,true,monitor
2025-10-15 19:00:00+08,XIMENDING,154,89,1,1,1,0,9.0,observed,1.0,0.0,-65,true,monitor
2025-10-15 20:00:00+08,TAIPEI_101,129,179,2,2,2,0,20.1,observed,1.0,0.0,50,true,increase_supply_or_pause_send
2025-10-15 20:00:00+08,TAIPEI_MAIN,120,219,,,195,,,source_only_no_observed_trip,,,99,true,monitor_source_only
2025-10-15 20:00:00+08,TPE_AIRPORT,85,123,1,1,1,0,19.0,observed,1.0,0.0,38,true,increase_supply_or_pause_send
2025-10-15 20:00:00+08,XIMENDING,167,145,2,2,2,0,17.9,observed,1.0,0.0,-22,true,monitor
2025-10-15 21:00:00+08,TAIPEI_101,140,195,,,158,,,source_only_no_observed_trip,,,55,true,monitor_source_only
2025-10-15 21:00:00+08,TAIPEI_MAIN,125,171,1,0,0,1,,observed,0.0,1.0,46,true,increase_supply_or_pause_send
2025-10-15 21:00:00+08,TPE_AIRPORT,74,147,2,2,2,0,19.4,observed,1.0,0.0,73,true,increase_supply_or_pause_send
2025-10-15 21:00:00+08,XIMENDING,139,194,1,1,1,0,16.0,observed,1.0,0.0,55,true,increase_supply_or_pause_send
2025-10-15 22:00:00+08,TAIPEI_101,128,212,,,159,,,source_only_no_observed_trip,,,84,true,monitor_source_only
2025-10-15 22:00:00+08,TAIPEI_MAIN,150,159,,,140,,,source_only_no_observed_trip,,,9,true,monitor_source_only
2025-10-15 22:00:00+08,TPE_AIRPORT,80,110,6,6,6,0,19.5,observed,1.0,0.0,30,true,increase_supply_or_pause_send
2025-10-15 22:00:00+08,XIMENDING,106,194,,,141,,,source_only_no_observed_trip,,,88,true,monitor_source_only
2025-10-15 23:00:00+08,TAIPEI_101,129,225,,,182,,,source_only_no_observed_trip,,,96,true,monitor_source_only
2025-10-15 23:00:00+08,TAIPEI_MAIN,123,194,,,145,,,source_only_no_observed_trip,,,71,true,monitor_source_only
2025-10-15 23:00:00+08,TPE_AIRPORT,82,119,8,8,8,0,17.299999999999997,observed,1.0,0.0,37,true,increase_supply_or_pause_send
2025-10-15 23:00:00+08,XIMENDING,105,197,1,1,1,0,9.0,observed,1.0,0.0,92,true,increase_supply_or_pause_send
2025-10-16 00:00:00+08,TAIPEI_101,150,92,,,82,,,source_only_no_observed_trip,,,-58,true,monitor_source_only
2025-10-16 00:00:00+08,TAIPEI_MAIN,138,72,,,57,,,source_only_no_observed_trip,,,-66,true,monitor_source_only
2025-10-16 00:00:00+08,TPE_AIRPORT,132,58,4,4,3,1,19.0,observed,1.0,0.25,-74,true,monitor
2025-10-16 00:00:00+08,XIMENDING,157,111,,,97,,,source_only_no_observed_trip,,,-46,true,monitor_source_only
2025-10-16 01:00:00+08,TAIPEI_101,174,129,1,1,1,0,19.0,observed,1.0,0.0,-45,true,monitor
2025-10-16 01:00:00+08,TAIPEI_MAIN,145,124,,,105,,,source_only_no_observed_trip,,,-21,true,monitor_source_only
2025-10-16 01:00:00+08,TPE_AIRPORT,105,56,,,41,,,source_only_no_observed_trip,,,-49,true,monitor_source_only
2025-10-16 01:00:00+08,XIMENDING,134,107,,,92,,,source_only_no_observed_trip,,,-27,true,monitor_source_only
2025-10-16 02:00:00+08,TAIPEI_101,150,105,1,1,1,0,8.0,observed,1.0,0.0,-45,true,monitor
2025-10-16 02:00:00+08,TAIPEI_MAIN,142,88,2,2,2,0,16.3,observed,1.0,0.0,-54,true,monitor
2025-10-16 02:00:00+08,TPE_AIRPORT,118,83,,,71,,,source_only_no_observed_trip,,,-35,true,monitor_source_only
2025-10-16 02:00:00+08,XIMENDING,183,129,,,110,,,source_only_no_observed_trip,,,-54,true,monitor_source_only
2025-10-16 03:00:00+08,TAIPEI_101,169,110,1,1,1,0,9.0,observed,1.0,0.0,-59,true,monitor
2025-10-16 03:00:00+08,TAIPEI_MAIN,173,101,,,77,,,source_only_no_observed_trip,,,-72,true,monitor_source_only
2025-10-16 03:00:00+08,TPE_AIRPORT,120,80,2,2,2,0,22.2,observed,1.0,0.0,-40,true,review_pickup_reliability
2025-10-16 03:00:00+08,XIMENDING,156,87,1,1,1,0,22.0,observed,1.0,0.0,-69,true,review_pickup_reliability
2025-10-16 04:00:00+08,TAIPEI_101,158,117,,,105,,,source_only_no_observed_trip,,,-41,true,monitor_source_only
2025-10-16 04:00:00+08,TAIPEI_MAIN,174,101,,,85,,,source_only_no_observed_trip,,,-73,true,monitor_source_only
2025-10-16 04:00:00+08,TPE_AIRPORT,109,109,6,6,6,0,18.5,observed,1.0,0.0,0,true,monitor
2025-10-16 04:00:00+08,XIMENDING,155,102,1,1,1,0,14.0,observed,1.0,0.0,-53,true,monitor
2025-10-16 05:00:00+08,TAIPEI_101,151,161,,,119,,,source_only_no_observed_trip,,,10,true,monitor_source_only
2025-10-16 05:00:00+08,TAIPEI_MAIN,104,220,,,165,,,source_only_no_observed_trip,,,116,true,monitor_source_only
2025-10-16 05:00:00+08,TPE_AIRPORT,65,102,6,6,5,1,22.4,observed,1.0,0.16666666666666666,37,true,increase_supply_or_pause_send
2025-10-16 05:00:00+08,XIMENDING,147,202,,,165,,,source_only_no_observed_trip,,,55,true,monitor_source_only
2025-10-16 06:00:00+08,TAIPEI_101,155,196,3,3,2,1,11.700000000000001,observed,1.0,0.3333333333333333,41,true,increase_supply_or_pause_send
2025-10-16 06:00:00+08,TAIPEI_MAIN,150,184,1,1,1,0,5.0,observed,1.0,0.0,34,true,increase_supply_or_pause_send
2025-10-16 06:00:00+08,TPE_AIRPORT,78,105,7,7,6,1,17.0,observed,1.0,0.14285714285714285,27,true,increase_supply_or_pause_send
2025-10-16 06:00:00+08,XIMENDING,143,192,2,2,2,0,11.700000000000001,observed,1.0,0.0,49,true,increase_supply_or_pause_send
2025-10-16 07:00:00+08,TAIPEI_101,125,189,2,2,2,0,19.2,observed,1.0,0.0,64,true,increase_supply_or_pause_send
2025-10-16 07:00:00+08,TAIPEI_MAIN,141,145,3,3,2,1,16.9,observed,1.0,0.3333333333333333,4,true,monitor
2025-10-16 07:00:00+08,TPE_AIRPORT,105,132,8,8,7,1,20.8,observed,1.0,0.125,27,true,increase_supply_or_pause_send
2025-10-16 07:00:00+08,XIMENDING,134,161,1,1,1,0,11.0,observed,1.0,0.0,27,true,increase_supply_or_pause_send
2025-10-16 08:00:00+08,TAIPEI_101,107,155,,,135,,,source_only_no_observed_trip,,,48,true,monitor_source_only
2025-10-16 08:00:00+08,TAIPEI_MAIN,131,205,,,166,,,source_only_no_observed_trip,,,74,true,monitor_source_only
2025-10-16 08:00:00+08,TPE_AIRPORT,81,85,7,6,5,2,16.799999999999997,observed,0.8571428571428571,0.2857142857142857,4,true,monitor
2025-10-16 08:00:00+08,XIMENDING,119,210,,,154,,,source_only_no_observed_trip,,,91,true,monitor_source_only
2025-10-16 09:00:00+08,TAIPEI_101,188,125,3,3,3,0,18.8,observed,1.0,0.0,-63,true,monitor
2025-10-16 09:00:00+08,TAIPEI_MAIN,168,77,1,1,1,0,19.0,observed,1.0,0.0,-91,true,monitor
2025-10-16 09:00:00+08,TPE_AIRPORT,118,101,5,5,5,0,22.200000000000003,observed,1.0,0.0,-17,true,review_pickup_reliability
2025-10-16 09:00:00+08,XIMENDING,162,135,,,104,,,source_only_no_observed_trip,,,-27,true,monitor_source_only
2025-10-16 10:00:00+08,TAIPEI_101,163,109,,,96,,,source_only_no_observed_trip,,,-54,true,monitor_source_only
2025-10-16 10:00:00+08,TAIPEI_MAIN,153,75,1,1,1,0,11.0,observed,1.0,0.0,-78,true,monitor
2025-10-16 10:00:00+08,TPE_AIRPORT,159,91,6,6,6,0,15.5,observed,1.0,0.0,-68,true,monitor
2025-10-16 10:00:00+08,XIMENDING,154,118,1,1,1,0,8.0,observed,1.0,0.0,-36,true,monitor
2025-10-16 11:00:00+08,TAIPEI_101,178,103,1,1,1,0,9.0,observed,1.0,0.0,-75,true,monitor
2025-10-16 11:00:00+08,TAIPEI_MAIN,169,91,,,76,,,source_only_no_observed_trip,,,-78,true,monitor_source_only
2025-10-16 11:00:00+08,TPE_AIRPORT,115,42,2,2,2,0,16.5,observed,1.0,0.0,-73,true,monitor
2025-10-16 11:00:00+08,XIMENDING,151,121,,,102,,,source_only_no_observed_trip,,,-30,true,monitor_source_only
2025-10-16 12:00:00+08,TAIPEI_101,202,94,,,85,,,source_only_no_observed_trip,,,-108,true,monitor_source_only
2025-10-16 12:00:00+08,TAIPEI_MAIN,175,84,1,1,1,0,17.0,observed,1.0,0.0,-91,true,monitor
2025-10-16 12:00:00+08,TPE_AIRPORT,126,78,1,1,1,0,19.0,observed,1.0,0.0,-48,true,monitor
2025-10-16 12:00:00+08,XIMENDING,174,139,,,109,,,source_only_no_observed_trip,,,-35,true,monitor_source_only
2025-10-16 13:00:00+08,TAIPEI_101,135,108,1,1,1,0,19.0,observed,1.0,0.0,-27,true,monitor
2025-10-16 13:00:00+08,TAIPEI_MAIN,168,116,1,1,1,0,9.0,observed,1.0,0.0,-52,true,monitor
2025-10-16 13:00:00+08,TPE_AIRPORT,89,22,,,17,,,source_only_no_observed_trip,,,-67,true,monitor_source_only
2025-10-16 13:00:00+08,XIMENDING,157,117,,,97,,,source_only_no_observed_trip,,,-40,true,monitor_source_only
2025-10-16 14:00:00+08,TAIPEI_101,195,70,4,4,4,0,20.5,observed,1.0,0.0,-125,true,review_pickup_reliability
2025-10-16 14:00:00+08,TAIPEI_MAIN,161,127,,,94,,,source_only_no_observed_trip,,,-34,true,monitor_source_only
2025-10-16 14:00:00+08,TPE_AIRPORT,95,75,2,2,2,0,14.4,observed,1.0,0.0,-20,true,monitor
2025-10-16 14:00:00+08,XIMENDING,128,104,1,1,1,0,12.0,observed,1.0,0.0,-24,true,monitor
2025-10-16 15:00:00+08,TAIPEI_101,180,81,1,1,1,0,22.0,observed,1.0,0.0,-99,true,review_pickup_reliability
2025-10-16 15:00:00+08,TAIPEI_MAIN,150,89,1,1,1,0,12.0,observed,1.0,0.0,-61,true,monitor
2025-10-16 15:00:00+08,TPE_AIRPORT,101,78,6,6,5,1,20.0,observed,1.0,0.16666666666666666,-23,true,monitor
2025-10-16 15:00:00+08,XIMENDING,138,99,4,4,3,1,23.6,observed,1.0,0.25,-39,true,review_pickup_reliability
2025-10-16 16:00:00+08,TAIPEI_101,159,80,,,72,,,source_only_no_observed_trip,,,-79,true,monitor_source_only
2025-10-16 16:00:00+08,TAIPEI_MAIN,160,127,,,99,,,source_only_no_observed_trip,,,-33,true,monitor_source_only
2025-10-16 16:00:00+08,TPE_AIRPORT,111,90,4,3,3,1,20.4,observed,0.75,0.25,-21,true,review_pickup_reliability
2025-10-16 16:00:00+08,XIMENDING,142,124,1,1,1,0,15.0,observed,1.0,0.0,-18,true,monitor
2025-10-16 17:00:00+08,TAIPEI_101,152,99,1,1,1,0,14.0,observed,1.0,0.0,-53,true,monitor
2025-10-16 17:00:00+08,TAIPEI_MAIN,157,148,2,2,1,1,15.0,observed,1.0,0.5,-9,true,monitor
2025-10-16 17:00:00+08,TPE_AIRPORT,119,108,2,2,2,0,17.5,observed,1.0,0.0,-11,true,monitor
2025-10-16 17:00:00+08,XIMENDING,127,162,3,2,2,1,13.799999999999999,observed,0.6666666666666666,0.3333333333333333,35,true,increase_supply_or_pause_send
2025-10-16 18:00:00+08,TAIPEI_101,140,100,2,2,2,0,16.8,observed,1.0,0.0,-40,true,monitor
2025-10-16 18:00:00+08,TAIPEI_MAIN,157,138,1,1,1,0,20.0,observed,1.0,0.0,-19,true,monitor
2025-10-16 18:00:00+08,TPE_AIRPORT,82,74,2,1,1,1,15.0,observed,0.5,0.5,-8,true,monitor
2025-10-16 18:00:00+08,XIMENDING,161,143,,,111,,,source_only_no_observed_trip,,,-18,true,monitor_source_only
2025-10-16 19:00:00+08,TAIPEI_101,145,146,2,2,2,0,18.200000000000003,observed,1.0,0.0,1,true,monitor
2025-10-16 19:00:00+08,TAIPEI_MAIN,169,128,1,1,1,0,11.0,observed,1.0,0.0,-41,true,monitor
2025-10-16 19:00:00+08,TPE_AIRPORT,109,97,1,1,1,0,6.0,observed,1.0,0.0,-12,true,monitor
2025-10-16 19:00:00+08,XIMENDING,191,123,2,2,2,0,19.0,observed,1.0,0.0,-68,true,monitor
2025-10-16 20:00:00+08,TAIPEI_101,148,168,2,2,2,0,16.7,observed,1.0,0.0,20,true,monitor
2025-10-16 20:00:00+08,TAIPEI_MAIN,100,206,2,2,2,0,20.6,observed,1.0,0.0,106,true,increase_supply_or_pause_send
2025-10-16 20:00:00+08,TPE_AIRPORT,90,80,2,1,1,1,10.0,observed,0.5,0.5,-10,true,monitor
2025-10-16 20:00:00+08,XIMENDING,126,177,,,155,,,source_only_no_observed_trip,,,51,true,monitor_source_only
2025-10-16 21:00:00+08,TAIPEI_101,104,168,,,124,,,source_only_no_observed_trip,,,64,true,monitor_source_only
2025-10-16 21:00:00+08,TAIPEI_MAIN,155,147,,,120,,,source_only_no_observed_trip,,,-8,true,monitor_source_only
2025-10-16 21:00:00+08,TPE_AIRPORT,106,128,6,5,5,1,19.2,observed,0.8333333333333334,0.16666666666666666,22,true,increase_supply_or_pause_send
2025-10-16 21:00:00+08,XIMENDING,124,178,,,143,,,source_only_no_observed_trip,,,54,true,monitor_source_only
2025-10-16 22:00:00+08,TAIPEI_101,122,185,,,166,,,source_only_no_observed_trip,,,63,true,monitor_source_only
2025-10-16 22:00:00+08,TAIPEI_MAIN,122,116,2,2,2,0,17.5,observed,1.0,0.0,-6,true,monitor
2025-10-16 22:00:00+08,TPE_AIRPORT,86,140,3,3,3,0,17.6,observed,1.0,0.0,54,true,increase_supply_or_pause_send
2025-10-16 22:00:00+08,XIMENDING,108,175,,,134,,,source_only_no_observed_trip,,,67,true,monitor_source_only
2025-10-16 23:00:00+08,TAIPEI_101,131,154,2,2,2,0,9.6,observed,1.0,0.0,23,true,increase_supply_or_pause_send
2025-10-16 23:00:00+08,TAIPEI_MAIN,147,189,,,156,,,source_only_no_observed_trip,,,42,true,monitor_source_only
2025-10-16 23:00:00+08,TPE_AIRPORT,89,116,4,4,4,0,21.0,observed,1.0,0.0,27,true,increase_supply_or_pause_send
2025-10-16 23:00:00+08,XIMENDING,130,196,,,146,,,source_only_no_observed_trip,,,66,true,monitor_source_only
2025-10-17 00:00:00+08,TAIPEI_101,172,169,,,141,,,source_only_no_observed_trip,,,-3,true,monitor_source_only
2025-10-17 00:00:00+08,TAIPEI_MAIN,187,103,1,1,1,0,13.0,observed,1.0,0.0,-84,true,monitor
2025-10-17 00:00:00+08,TPE_AIRPORT,100,105,8,8,8,0,13.299999999999999,observed,1.0,0.0,5,true,monitor
2025-10-17 00:00:00+08,XIMENDING,175,149,,,135,,,source_only_no_observed_trip,,,-26,true,monitor_source_only
2025-10-17 01:00:00+08,TAIPEI_101,188,143,1,1,1,0,14.0,observed,1.0,0.0,-45,true,monitor
2025-10-17 01:00:00+08,TAIPEI_MAIN,182,111,2,2,2,0,16.2,observed,1.0,0.0,-71,true,monitor
2025-10-17 01:00:00+08,TPE_AIRPORT,105,63,6,6,5,1,17.6,observed,1.0,0.16666666666666666,-42,true,monitor
2025-10-17 01:00:00+08,XIMENDING,174,111,,,90,,,source_only_no_observed_trip,,,-63,true,monitor_source_only
2025-10-17 02:00:00+08,TAIPEI_101,147,107,,,91,,,source_only_no_observed_trip,,,-40,true,monitor_source_only
2025-10-17 02:00:00+08,TAIPEI_MAIN,132,134,,,102,,,source_only_no_observed_trip,,,2,true,monitor_source_only
2025-10-17 02:00:00+08,TPE_AIRPORT,111,98,1,1,1,0,21.0,observed,1.0,0.0,-13,true,review_pickup_reliability
2025-10-17 02:00:00+08,XIMENDING,171,123,,,109,,,source_only_no_observed_trip,,,-48,true,monitor_source_only
2025-10-17 03:00:00+08,TAIPEI_101,185,119,1,1,1,0,15.0,observed,1.0,0.0,-66,true,monitor
2025-10-17 03:00:00+08,TAIPEI_MAIN,162,134,,,99,,,source_only_no_observed_trip,,,-28,true,monitor_source_only
2025-10-17 03:00:00+08,TPE_AIRPORT,114,65,2,2,2,0,23.400000000000002,observed,1.0,0.0,-49,true,review_pickup_reliability
2025-10-17 03:00:00+08,XIMENDING,168,130,,,100,,,source_only_no_observed_trip,,,-38,true,monitor_source_only
2025-10-17 04:00:00+08,TAIPEI_101,143,115,,,82,,,source_only_no_observed_trip,,,-28,true,monitor_source_only
2025-10-17 04:00:00+08,TAIPEI_MAIN,163,71,,,55,,,source_only_no_observed_trip,,,-92,true,monitor_source_only
2025-10-17 04:00:00+08,TPE_AIRPORT,109,82,2,2,2,0,20.5,observed,1.0,0.0,-27,true,review_pickup_reliability
2025-10-17 04:00:00+08,XIMENDING,168,117,1,0,0,1,,observed,0.0,1.0,-51,true,monitor
2025-10-17 05:00:00+08,TAIPEI_101,105,149,,,117,,,source_only_no_observed_trip,,,44,true,monitor_source_only
2025-10-17 05:00:00+08,TAIPEI_MAIN,155,214,1,1,1,0,16.0,observed,1.0,0.0,59,true,increase_supply_or_pause_send
2025-10-17 05:00:00+08,TPE_AIRPORT,104,82,2,2,2,0,16.8,observed,1.0,0.0,-22,true,monitor
2025-10-17 05:00:00+08,XIMENDING,142,146,,,120,,,source_only_no_observed_trip,,,4,true,monitor_source_only
2025-10-17 06:00:00+08,TAIPEI_101,164,218,,,171,,,source_only_no_observed_trip,,,54,true,monitor_source_only
2025-10-17 06:00:00+08,TAIPEI_MAIN,159,166,,,147,,,source_only_no_observed_trip,,,7,true,monitor_source_only
2025-10-17 06:00:00+08,TPE_AIRPORT,121,142,5,5,5,0,21.200000000000003,observed,1.0,0.0,21,true,increase_supply_or_pause_send
2025-10-17 06:00:00+08,XIMENDING,143,208,1,1,1,0,9.0,observed,1.0,0.0,65,true,increase_supply_or_pause_send
2025-10-17 07:00:00+08,TAIPEI_101,154,170,1,1,1,0,8.0,observed,1.0,0.0,16,true,monitor
2025-10-17 07:00:00+08,TAIPEI_MAIN,133,204,,,170,,,source_only_no_observed_trip,,,71,true,monitor_source_only
2025-10-17 07:00:00+08,TPE_AIRPORT,73,111,8,8,8,0,21.599999999999998,observed,1.0,0.0,38,true,increase_supply_or_pause_send
2025-10-17 07:00:00+08,XIMENDING,160,156,1,1,1,0,15.0,observed,1.0,0.0,-4,true,monitor
2025-10-17 08:00:00+08,TAIPEI_101,143,148,3,3,2,1,14.9,observed,1.0,0.3333333333333333,5,true,monitor
2025-10-17 08:00:00+08,TAIPEI_MAIN,135,190,2,2,2,0,5.9,observed,1.0,0.0,55,true,increase_supply_or_pause_send
2025-10-17 08:00:00+08,TPE_AIRPORT,91,152,7,7,7,0,20.200000000000003,observed,1.0,0.0,61,true,increase_supply_or_pause_send
2025-10-17 08:00:00+08,XIMENDING,164,190,2,2,2,0,13.5,observed,1.0,0.0,26,true,increase_supply_or_pause_send
2025-10-17 09:00:00+08,TAIPEI_101,153,109,,,90,,,source_only_no_observed_trip,,,-44,true,monitor_source_only
2025-10-17 09:00:00+08,TAIPEI_MAIN,184,116,1,1,1,0,18.0,observed,1.0,0.0,-68,true,monitor
2025-10-17 09:00:00+08,TPE_AIRPORT,102,119,9,9,8,1,21.299999999999997,observed,1.0,0.1111111111111111,17,true,review_pickup_reliability
2025-10-17 09:00:00+08,XIMENDING,156,106,1,1,1,0,14.0,observed,1.0,0.0,-50,true,monitor
2025-10-17 10:00:00+08,TAIPEI_101,129,102,,,82,,,source_only_no_observed_trip,,,-27,true,monitor_source_only
2025-10-17 10:00:00+08,TAIPEI_MAIN,177,143,,,122,,,source_only_no_observed_trip,,,-34,true,monitor_source_only
2025-10-17 10:00:00+08,TPE_AIRPORT,140,93,6,6,5,1,18.6,observed,1.0,0.16666666666666666,-47,true,monitor
2025-10-17 10:00:00+08,XIMENDING,161,126,1,1,1,0,16.0,observed,1.0,0.0,-35,true,monitor
2025-10-17 11:00:00+08,TAIPEI_101,172,136,1,1,1,0,13.0,observed,1.0,0.0,-36,true,monitor
2025-10-17 11:00:00+08,TAIPEI_MAIN,137,147,,,115,,,source_only_no_observed_trip,,,10,true,monitor_source_only
2025-10-17 11:00:00+08,TPE_AIRPORT,141,75,3,3,2,1,16.9,observed,1.0,0.3333333333333333,-66,true,monitor
2025-10-17 11:00:00+08,XIMENDING,140,116,,,99,,,source_only_no_observed_trip,,,-24,true,monitor_source_only
2025-10-17 12:00:00+08,TAIPEI_101,181,142,,,119,,,source_only_no_observed_trip,,,-39,true,monitor_source_only
2025-10-17 12:00:00+08,TAIPEI_MAIN,153,121,,,105,,,source_only_no_observed_trip,,,-32,true,monitor_source_only
2025-10-17 12:00:00+08,TPE_AIRPORT,130,83,2,2,2,0,10.4,observed,1.0,0.0,-47,true,monitor
2025-10-17 12:00:00+08,XIMENDING,154,116,1,1,1,0,11.0,observed,1.0,0.0,-38,true,monitor
2025-10-17 13:00:00+08,TAIPEI_101,143,133,2,2,2,0,17.099999999999998,observed,1.0,0.0,-10,true,monitor
2025-10-17 13:00:00+08,TAIPEI_MAIN,141,145,,,116,,,source_only_no_observed_trip,,,4,true,monitor_source_only
2025-10-17 13:00:00+08,TPE_AIRPORT,105,86,1,0,0,1,,observed,0.0,1.0,-19,true,monitor
2025-10-17 13:00:00+08,XIMENDING,179,112,1,1,1,0,8.0,observed,1.0,0.0,-67,true,monitor
2025-10-17 14:00:00+08,TAIPEI_101,164,139,,,115,,,source_only_no_observed_trip,,,-25,true,monitor_source_only
2025-10-17 14:00:00+08,TAIPEI_MAIN,182,117,1,1,1,0,14.0,observed,1.0,0.0,-65,true,monitor
2025-10-17 14:00:00+08,TPE_AIRPORT,113,66,4,2,2,2,14.7,observed,0.5,0.5,-47,true,monitor
2025-10-17 14:00:00+08,XIMENDING,176,102,,,75,,,source_only_no_observed_trip,,,-74,true,monitor_source_only
2025-10-17 15:00:00+08,TAIPEI_101,160,114,1,1,1,0,11.0,observed,1.0,0.0,-46,true,monitor
2025-10-17 15:00:00+08,TAIPEI_MAIN,174,145,,,110,,,source_only_no_observed_trip,,,-29,true,monitor_source_only
2025-10-17 15:00:00+08,TPE_AIRPORT,104,72,,,65,,,source_only_no_observed_trip,,,-32,true,monitor_source_only
2025-10-17 15:00:00+08,XIMENDING,152,124,,,95,,,source_only_no_observed_trip,,,-28,true,monitor_source_only
2025-10-17 16:00:00+08,TAIPEI_101,169,142,,,114,,,source_only_no_observed_trip,,,-27,true,monitor_source_only
2025-10-17 16:00:00+08,TAIPEI_MAIN,142,118,1,1,1,0,15.0,observed,1.0,0.0,-24,true,monitor
2025-10-17 16:00:00+08,TPE_AIRPORT,95,53,4,4,4,0,13.0,observed,1.0,0.0,-42,true,monitor
2025-10-17 16:00:00+08,XIMENDING,168,134,,,104,,,source_only_no_observed_trip,,,-34,true,monitor_source_only
2025-10-17 17:00:00+08,TAIPEI_101,124,117,1,1,1,0,9.0,observed,1.0,0.0,-7,true,monitor
2025-10-17 17:00:00+08,TAIPEI_MAIN,175,130,1,1,1,0,16.0,observed,1.0,0.0,-45,true,monitor
2025-10-17 17:00:00+08,TPE_AIRPORT,122,104,3,3,3,0,12.0,observed,1.0,0.0,-18,true,monitor
2025-10-17 17:00:00+08,XIMENDING,134,119,,,92,,,source_only_no_observed_trip,,,-15,true,monitor_source_only
2025-10-17 18:00:00+08,TAIPEI_101,141,90,,,67,,,source_only_no_observed_trip,,,-51,true,monitor_source_only
2025-10-17 18:00:00+08,TAIPEI_MAIN,165,154,1,1,0,1,,observed,1.0,1.0,-11,true,monitor
2025-10-17 18:00:00+08,TPE_AIRPORT,124,89,5,4,4,1,19.1,observed,0.8,0.2,-35,true,monitor
2025-10-17 18:00:00+08,XIMENDING,174,130,,,108,,,source_only_no_observed_trip,,,-44,true,monitor_source_only
2025-10-17 19:00:00+08,TAIPEI_101,159,122,2,2,2,0,18.3,observed,1.0,0.0,-37,true,monitor
2025-10-17 19:00:00+08,TAIPEI_MAIN,166,98,2,2,2,0,22.7,observed,1.0,0.0,-68,true,review_pickup_reliability
2025-10-17 19:00:00+08,TPE_AIRPORT,91,66,2,2,2,0,17.900000000000002,observed,1.0,0.0,-25,true,monitor
2025-10-17 19:00:00+08,XIMENDING,154,61,1,1,1,0,17.0,observed,1.0,0.0,-93,true,monitor
2025-10-17 20:00:00+08,TAIPEI_101,108,200,1,1,1,0,10.0,observed,1.0,0.0,92,true,increase_supply_or_pause_send
2025-10-17 20:00:00+08,TAIPEI_MAIN,136,190,1,1,1,0,10.0,observed,1.0,0.0,54,true,increase_supply_or_pause_send
2025-10-17 20:00:00+08,TPE_AIRPORT,59,154,2,2,2,0,19.0,observed,1.0,0.0,95,true,increase_supply_or_pause_send
2025-10-17 20:00:00+08,XIMENDING,144,210,1,1,1,0,19.0,observed,1.0,0.0,66,true,increase_supply_or_pause_send
2025-10-17 21:00:00+08,TAIPEI_101,150,170,1,1,1,0,19.0,observed,1.0,0.0,20,true,monitor
2025-10-17 21:00:00+08,TAIPEI_MAIN,139,186,,,140,,,source_only_no_observed_trip,,,47,true,monitor_source_only
2025-10-17 21:00:00+08,TPE_AIRPORT,121,110,6,6,6,0,21.0,observed,1.0,0.0,-11,true,review_pickup_reliability
2025-10-17 21:00:00+08,XIMENDING,140,175,,,153,,,source_only_no_observed_trip,,,35,true,monitor_source_only
2025-10-17 22:00:00+08,TAIPEI_101,130,220,1,1,1,0,10.0,observed,1.0,0.0,90,true,increase_supply_or_pause_send
2025-10-17 22:00:00+08,TAIPEI_MAIN,125,103,1,1,1,0,14.0,observed,1.0,0.0,-22,true,monitor
2025-10-17 22:00:00+08,TPE_AIRPORT,74,154,9,8,8,1,22.0,observed,0.8888888888888888,0.1111111111111111,80,true,increase_supply_or_pause_send
2025-10-17 22:00:00+08,XIMENDING,133,205,1,1,1,0,18.0,observed,1.0,0.0,72,true,increase_supply_or_pause_send
2025-10-17 23:00:00+08,TAIPEI_101,135,210,1,1,1,0,6.0,observed,1.0,0.0,75,true,increase_supply_or_pause_send
2025-10-17 23:00:00+08,TAIPEI_MAIN,130,159,,,116,,,source_only_no_observed_trip,,,29,true,monitor_source_only
2025-10-17 23:00:00+08,TPE_AIRPORT,129,123,6,6,6,0,16.5,observed,1.0,0.0,-6,true,monitor
2025-10-17 23:00:00+08,XIMENDING,117,162,1,1,1,0,11.0,observed,1.0,0.0,45,true,increase_supply_or_pause_send
2025-10-18 00:00:00+08,TAIPEI_101,154,64,1,1,1,0,16.0,observed,1.0,0.0,-90,true,monitor
2025-10-18 00:00:00+08,TAIPEI_MAIN,128,150,2,2,2,0,9.0,observed,1.0,0.0,22,true,increase_supply_or_pause_send
2025-10-18 00:00:00+08,TPE_AIRPORT,113,72,8,8,8,0,19.0,observed,1.0,0.0,-41,true,monitor
2025-10-18 00:00:00+08,XIMENDING,171,167,,,127,,,source_only_no_observed_trip,,,-4,true,monitor_source_only
2025-10-18 01:00:00+08,TAIPEI_101,177,114,2,2,2,0,20.6,observed,1.0,0.0,-63,true,review_pickup_reliability
2025-10-18 01:00:00+08,TAIPEI_MAIN,181,86,1,1,0,1,,observed,1.0,1.0,-95,true,monitor
2025-10-18 01:00:00+08,TPE_AIRPORT,116,96,5,5,5,0,14.200000000000001,observed,1.0,0.0,-20,true,monitor
2025-10-18 01:00:00+08,XIMENDING,159,143,1,1,1,0,16.0,observed,1.0,0.0,-16,true,monitor
2025-10-18 02:00:00+08,TAIPEI_101,152,100,,,89,,,source_only_no_observed_trip,,,-52,true,monitor_source_only
2025-10-18 02:00:00+08,TAIPEI_MAIN,160,128,,,102,,,source_only_no_observed_trip,,,-32,true,monitor_source_only
2025-10-18 02:00:00+08,TPE_AIRPORT,108,55,,,44,,,source_only_no_observed_trip,,,-53,true,monitor_source_only
2025-10-18 02:00:00+08,XIMENDING,135,120,,,86,,,source_only_no_observed_trip,,,-15,true,monitor_source_only
2025-10-18 03:00:00+08,TAIPEI_101,156,110,1,1,1,0,22.0,observed,1.0,0.0,-46,true,review_pickup_reliability
2025-10-18 03:00:00+08,TAIPEI_MAIN,122,142,,,105,,,source_only_no_observed_trip,,,20,true,monitor_source_only
2025-10-18 03:00:00+08,TPE_AIRPORT,139,78,2,2,2,0,14.7,observed,1.0,0.0,-61,true,monitor
2025-10-18 03:00:00+08,XIMENDING,123,104,1,1,1,0,7.0,observed,1.0,0.0,-19,true,monitor
2025-10-18 04:00:00+08,TAIPEI_101,155,117,,,98,,,source_only_no_observed_trip,,,-38,true,monitor_source_only
2025-10-18 04:00:00+08,TAIPEI_MAIN,179,114,,,101,,,source_only_no_observed_trip,,,-65,true,monitor_source_only
2025-10-18 04:00:00+08,TPE_AIRPORT,103,113,3,3,3,0,17.2,observed,1.0,0.0,10,true,monitor
2025-10-18 04:00:00+08,XIMENDING,123,138,,,111,,,source_only_no_observed_trip,,,15,true,monitor_source_only
2025-10-18 05:00:00+08,TAIPEI_101,129,195,2,2,2,0,10.9,observed,1.0,0.0,66,true,increase_supply_or_pause_send
2025-10-18 05:00:00+08,TAIPEI_MAIN,120,201,1,1,1,0,17.0,observed,1.0,0.0,81,true,increase_supply_or_pause_send
2025-10-18 05:00:00+08,TPE_AIRPORT,74,108,5,4,4,1,16.1,observed,0.8,0.2,34,true,increase_supply_or_pause_send
2025-10-18 05:00:00+08,XIMENDING,144,170,,,146,,,source_only_no_observed_trip,,,26,true,monitor_source_only
2025-10-18 06:00:00+08,TAIPEI_101,156,130,,,104,,,source_only_no_observed_trip,,,-26,true,monitor_source_only
2025-10-18 06:00:00+08,TAIPEI_MAIN,152,180,1,1,0,1,,observed,1.0,1.0,28,true,increase_supply_or_pause_send
2025-10-18 06:00:00+08,TPE_AIRPORT,82,128,5,5,5,0,19.6,observed,1.0,0.0,46,true,increase_supply_or_pause_send
2025-10-18 06:00:00+08,XIMENDING,128,200,,,179,,,source_only_no_observed_trip,,,72,true,monitor_source_only
2025-10-18 07:00:00+08,TAIPEI_101,154,166,1,1,1,0,12.0,observed,1.0,0.0,12,true,monitor
2025-10-18 07:00:00+08,TAIPEI_MAIN,114,173,2,2,2,0,18.1,observed,1.0,0.0,59,true,increase_supply_or_pause_send
2025-10-18 07:00:00+08,TPE_AIRPORT,60,146,5,5,4,1,20.4,observed,1.0,0.2,86,true,increase_supply_or_pause_send
2025-10-18 07:00:00+08,XIMENDING,141,211,,,157,,,source_only_no_observed_trip,,,70,true,monitor_source_only
2025-10-18 08:00:00+08,TAIPEI_101,110,172,1,1,1,0,11.0,observed,1.0,0.0,62,true,increase_supply_or_pause_send
2025-10-18 08:00:00+08,TAIPEI_MAIN,109,201,,,153,,,source_only_no_observed_trip,,,92,true,monitor_source_only
2025-10-18 08:00:00+08,TPE_AIRPORT,111,125,6,6,6,0,16.0,observed,1.0,0.0,14,true,monitor
2025-10-18 08:00:00+08,XIMENDING,141,172,1,1,1,0,8.0,observed,1.0,0.0,31,true,increase_supply_or_pause_send
2025-10-18 09:00:00+08,TAIPEI_101,147,126,1,1,1,0,15.0,observed,1.0,0.0,-21,true,monitor
2025-10-18 09:00:00+08,TAIPEI_MAIN,143,121,,,102,,,source_only_no_observed_trip,,,-22,true,monitor_source_only
2025-10-18 09:00:00+08,TPE_AIRPORT,107,72,4,4,4,0,19.5,observed,1.0,0.0,-35,true,monitor
2025-10-18 09:00:00+08,XIMENDING,152,101,1,1,1,0,7.0,observed,1.0,0.0,-51,true,monitor
2025-10-18 10:00:00+08,TAIPEI_101,155,147,,,120,,,source_only_no_observed_trip,,,-8,true,monitor_source_only
2025-10-18 10:00:00+08,TAIPEI_MAIN,126,97,1,1,1,0,11.0,observed,1.0,0.0,-29,true,monitor
2025-10-18 10:00:00+08,TPE_AIRPORT,109,72,5,5,4,1,13.4,observed,1.0,0.2,-37,true,monitor
2025-10-18 10:00:00+08,XIMENDING,156,118,,,92,,,source_only_no_observed_trip,,,-38,true,monitor_source_only
2025-10-18 11:00:00+08,TAIPEI_101,145,112,1,1,1,0,20.0,observed,1.0,0.0,-33,true,monitor
2025-10-18 11:00:00+08,TAIPEI_MAIN,178,85,3,3,3,0,17.4,observed,1.0,0.0,-93,true,monitor
2025-10-18 11:00:00+08,TPE_AIRPORT,97,113,2,2,1,1,11.0,observed,1.0,0.5,16,true,monitor
2025-10-18 11:00:00+08,XIMENDING,163,121,1,1,1,0,18.0,observed,1.0,0.0,-42,true,monitor
2025-10-18 12:00:00+08,TAIPEI_101,183,134,1,1,1,0,17.0,observed,1.0,0.0,-49,true,monitor
2025-10-18 12:00:00+08,TAIPEI_MAIN,160,108,,,98,,,source_only_no_observed_trip,,,-52,true,monitor_source_only
2025-10-18 12:00:00+08,TPE_AIRPORT,62,96,4,4,3,1,18.4,observed,1.0,0.25,34,true,increase_supply_or_pause_send
2025-10-18 12:00:00+08,XIMENDING,157,108,2,2,2,0,16.4,observed,1.0,0.0,-49,true,monitor
2025-10-18 13:00:00+08,TAIPEI_101,164,111,,,100,,,source_only_no_observed_trip,,,-53,true,monitor_source_only
2025-10-18 13:00:00+08,TAIPEI_MAIN,145,106,,,85,,,source_only_no_observed_trip,,,-39,true,monitor_source_only
2025-10-18 13:00:00+08,TPE_AIRPORT,117,88,3,2,2,1,18.400000000000002,observed,0.6666666666666666,0.3333333333333333,-29,true,monitor
2025-10-18 13:00:00+08,XIMENDING,161,90,,,70,,,source_only_no_observed_trip,,,-71,true,monitor_source_only
2025-10-18 14:00:00+08,TAIPEI_101,186,92,1,0,0,1,,observed,0.0,1.0,-94,true,monitor
2025-10-18 14:00:00+08,TAIPEI_MAIN,162,113,,,90,,,source_only_no_observed_trip,,,-49,true,monitor_source_only
2025-10-18 14:00:00+08,TPE_AIRPORT,102,29,2,2,2,0,17.799999999999997,observed,1.0,0.0,-73,true,monitor
2025-10-18 14:00:00+08,XIMENDING,185,102,,,78,,,source_only_no_observed_trip,,,-83,true,monitor_source_only
2025-10-18 15:00:00+08,TAIPEI_101,165,145,,,105,,,source_only_no_observed_trip,,,-20,true,monitor_source_only
2025-10-18 15:00:00+08,TAIPEI_MAIN,155,145,,,125,,,source_only_no_observed_trip,,,-10,true,monitor_source_only
2025-10-18 15:00:00+08,TPE_AIRPORT,136,81,2,2,1,1,18.0,observed,1.0,0.5,-55,true,monitor
2025-10-18 15:00:00+08,XIMENDING,147,119,1,1,1,0,10.0,observed,1.0,0.0,-28,true,monitor
2025-10-18 16:00:00+08,TAIPEI_101,176,113,,,86,,,source_only_no_observed_trip,,,-63,true,monitor_source_only
2025-10-18 16:00:00+08,TAIPEI_MAIN,143,132,,,109,,,source_only_no_observed_trip,,,-11,true,monitor_source_only
2025-10-18 16:00:00+08,TPE_AIRPORT,123,80,,,67,,,source_only_no_observed_trip,,,-43,true,monitor_source_only
2025-10-18 16:00:00+08,XIMENDING,201,125,,,105,,,source_only_no_observed_trip,,,-76,true,monitor_source_only
2025-10-18 17:00:00+08,TAIPEI_101,144,103,2,2,2,0,18.0,observed,1.0,0.0,-41,true,monitor
2025-10-18 17:00:00+08,TAIPEI_MAIN,156,116,,,88,,,source_only_no_observed_trip,,,-40,true,monitor_source_only
2025-10-18 17:00:00+08,TPE_AIRPORT,111,77,3,3,3,0,17.6,observed,1.0,0.0,-34,true,monitor
2025-10-18 17:00:00+08,XIMENDING,137,101,2,2,2,0,15.7,observed,1.0,0.0,-36,true,monitor
2025-10-18 18:00:00+08,TAIPEI_101,143,127,2,1,1,1,18.0,observed,0.5,0.5,-16,true,monitor
2025-10-18 18:00:00+08,TAIPEI_MAIN,137,100,2,2,2,0,11.5,observed,1.0,0.0,-37,true,monitor
2025-10-18 18:00:00+08,TPE_AIRPORT,115,80,4,4,3,1,22.000000000000004,observed,1.0,0.25,-35,true,review_pickup_reliability
2025-10-18 18:00:00+08,XIMENDING,147,97,2,2,2,0,16.5,observed,1.0,0.0,-50,true,monitor
2025-10-18 19:00:00+08,TAIPEI_101,157,126,4,4,3,1,16.8,observed,1.0,0.25,-31,true,monitor
2025-10-18 19:00:00+08,TAIPEI_MAIN,147,109,1,1,0,1,,observed,1.0,1.0,-38,true,monitor
2025-10-18 19:00:00+08,TPE_AIRPORT,102,82,4,4,4,0,17.0,observed,1.0,0.0,-20,true,monitor
2025-10-18 19:00:00+08,XIMENDING,162,105,,,83,,,source_only_no_observed_trip,,,-57,true,monitor_source_only
2025-10-18 20:00:00+08,TAIPEI_101,132,187,1,1,1,0,10.0,observed,1.0,0.0,55,true,increase_supply_or_pause_send
2025-10-18 20:00:00+08,TAIPEI_MAIN,115,196,3,3,2,1,12.9,observed,1.0,0.3333333333333333,81,true,increase_supply_or_pause_send
2025-10-18 20:00:00+08,TPE_AIRPORT,63,136,4,4,4,0,21.8,observed,1.0,0.0,73,true,increase_supply_or_pause_send
2025-10-18 20:00:00+08,XIMENDING,115,172,1,1,1,0,14.0,observed,1.0,0.0,57,true,increase_supply_or_pause_send
2025-10-18 21:00:00+08,TAIPEI_101,131,127,2,2,2,0,14.5,observed,1.0,0.0,-4,true,monitor
2025-10-18 21:00:00+08,TAIPEI_MAIN,143,165,1,1,1,0,17.0,observed,1.0,0.0,22,true,increase_supply_or_pause_send
2025-10-18 21:00:00+08,TPE_AIRPORT,77,129,4,4,4,0,18.700000000000003,observed,1.0,0.0,52,true,increase_supply_or_pause_send
2025-10-18 21:00:00+08,XIMENDING,132,177,,,131,,,source_only_no_observed_trip,,,45,true,monitor_source_only
2025-10-18 22:00:00+08,TAIPEI_101,131,193,4,4,4,0,16.4,observed,1.0,0.0,62,true,increase_supply_or_pause_send
2025-10-18 22:00:00+08,TAIPEI_MAIN,142,149,,,114,,,source_only_no_observed_trip,,,7,true,monitor_source_only
2025-10-18 22:00:00+08,TPE_AIRPORT,57,160,4,3,3,1,23.0,observed,0.75,0.25,103,true,increase_supply_or_pause_send
2025-10-18 22:00:00+08,XIMENDING,113,173,,,154,,,source_only_no_observed_trip,,,60,true,monitor_source_only
2025-10-18 23:00:00+08,TAIPEI_101,112,153,2,1,0,2,,observed,0.5,1.0,41,true,increase_supply_or_pause_send
2025-10-18 23:00:00+08,TAIPEI_MAIN,159,185,,,140,,,source_only_no_observed_trip,,,26,true,monitor_source_only
2025-10-18 23:00:00+08,TPE_AIRPORT,109,159,5,5,4,1,15.0,observed,1.0,0.2,50,true,increase_supply_or_pause_send
2025-10-18 23:00:00+08,XIMENDING,134,164,,,120,,,source_only_no_observed_trip,,,30,true,monitor_source_only
2025-10-19 00:00:00+08,TAIPEI_101,163,88,,,71,,,source_only_no_observed_trip,,,-75,true,monitor_source_only
2025-10-19 00:00:00+08,TAIPEI_MAIN,165,90,,,74,,,source_only_no_observed_trip,,,-75,true,monitor_source_only
2025-10-19 00:00:00+08,TPE_AIRPORT,122,79,3,3,3,0,17.8,observed,1.0,0.0,-43,true,monitor
2025-10-19 00:00:00+08,XIMENDING,171,153,,,110,,,source_only_no_observed_trip,,,-18,true,monitor_source_only
2025-10-19 01:00:00+08,TAIPEI_101,149,130,1,1,1,0,12.0,observed,1.0,0.0,-19,true,monitor
2025-10-19 01:00:00+08,TAIPEI_MAIN,134,139,1,1,1,0,10.0,observed,1.0,0.0,5,true,monitor
2025-10-19 01:00:00+08,TPE_AIRPORT,104,111,5,4,4,1,19.8,observed,0.8,0.2,7,true,monitor
2025-10-19 01:00:00+08,XIMENDING,147,144,,,104,,,source_only_no_observed_trip,,,-3,true,monitor_source_only
2025-10-19 02:00:00+08,TAIPEI_101,155,154,,,116,,,source_only_no_observed_trip,,,-1,true,monitor_source_only
2025-10-19 02:00:00+08,TAIPEI_MAIN,158,114,,,100,,,source_only_no_observed_trip,,,-44,true,monitor_source_only
2025-10-19 02:00:00+08,TPE_AIRPORT,79,81,4,3,3,1,21.6,observed,0.75,0.25,2,true,review_pickup_reliability
2025-10-19 02:00:00+08,XIMENDING,169,123,,,106,,,source_only_no_observed_trip,,,-46,true,monitor_source_only
2025-10-19 03:00:00+08,TAIPEI_101,170,143,,,115,,,source_only_no_observed_trip,,,-27,true,monitor_source_only
2025-10-19 03:00:00+08,TAIPEI_MAIN,143,86,1,1,1,0,20.0,observed,1.0,0.0,-57,true,monitor
2025-10-19 03:00:00+08,TPE_AIRPORT,119,69,2,2,2,0,21.0,observed,1.0,0.0,-50,true,review_pickup_reliability
2025-10-19 03:00:00+08,XIMENDING,168,110,1,1,0,1,,observed,1.0,1.0,-58,true,monitor
2025-10-19 04:00:00+08,TAIPEI_101,145,116,1,1,0,1,,observed,1.0,1.0,-29,true,monitor
2025-10-19 04:00:00+08,TAIPEI_MAIN,176,110,,,83,,,source_only_no_observed_trip,,,-66,true,monitor_source_only
2025-10-19 04:00:00+08,TPE_AIRPORT,103,115,1,1,1,0,11.0,observed,1.0,0.0,12,true,monitor
2025-10-19 04:00:00+08,XIMENDING,125,127,1,1,1,0,15.0,observed,1.0,0.0,2,true,monitor
2025-10-19 05:00:00+08,TAIPEI_101,158,175,1,1,1,0,14.0,observed,1.0,0.0,17,true,monitor
2025-10-19 05:00:00+08,TAIPEI_MAIN,116,177,,,128,,,source_only_no_observed_trip,,,61,true,monitor_source_only
2025-10-19 05:00:00+08,TPE_AIRPORT,104,96,1,1,1,0,6.0,observed,1.0,0.0,-8,true,monitor
2025-10-19 05:00:00+08,XIMENDING,130,171,,,154,,,source_only_no_observed_trip,,,41,true,monitor_source_only
2025-10-19 06:00:00+08,TAIPEI_101,116,196,1,1,1,0,21.0,observed,1.0,0.0,80,true,increase_supply_or_pause_send
2025-10-19 06:00:00+08,TAIPEI_MAIN,142,202,1,1,1,0,10.0,observed,1.0,0.0,60,true,increase_supply_or_pause_send
2025-10-19 06:00:00+08,TPE_AIRPORT,106,135,4,4,4,0,19.900000000000002,observed,1.0,0.0,29,true,increase_supply_or_pause_send
2025-10-19 06:00:00+08,XIMENDING,142,210,,,188,,,source_only_no_observed_trip,,,68,true,monitor_source_only
2025-10-19 07:00:00+08,TAIPEI_101,133,214,2,2,2,0,17.8,observed,1.0,0.0,81,true,increase_supply_or_pause_send
2025-10-19 07:00:00+08,TAIPEI_MAIN,128,150,,,130,,,source_only_no_observed_trip,,,22,true,monitor_source_only
2025-10-19 07:00:00+08,TPE_AIRPORT,102,106,8,8,8,0,20.6,observed,1.0,0.0,4,true,review_pickup_reliability
2025-10-19 07:00:00+08,XIMENDING,145,174,2,2,0,2,,observed,1.0,1.0,29,true,increase_supply_or_pause_send
2025-10-19 08:00:00+08,TAIPEI_101,103,178,1,1,1,0,20.0,observed,1.0,0.0,75,true,increase_supply_or_pause_send
2025-10-19 08:00:00+08,TAIPEI_MAIN,155,172,2,1,1,1,6.0,observed,0.5,0.5,17,true,monitor
2025-10-19 08:00:00+08,TPE_AIRPORT,95,102,5,5,5,0,20.6,observed,1.0,0.0,7,true,review_pickup_reliability
2025-10-19 08:00:00+08,XIMENDING,140,206,2,2,2,0,18.1,observed,1.0,0.0,66,true,increase_supply_or_pause_send
2025-10-19 09:00:00+08,TAIPEI_101,144,120,2,2,2,0,9.7,observed,1.0,0.0,-24,true,monitor
2025-10-19 09:00:00+08,TAIPEI_MAIN,167,120,2,2,2,0,20.3,observed,1.0,0.0,-47,true,review_pickup_reliability
2025-10-19 09:00:00+08,TPE_AIRPORT,107,105,9,9,9,0,19.0,observed,1.0,0.0,-2,true,monitor
2025-10-19 09:00:00+08,XIMENDING,135,136,,,106,,,source_only_no_observed_trip,,,1,true,monitor_source_only
2025-10-19 10:00:00+08,TAIPEI_101,158,181,1,1,1,0,10.0,observed,1.0,0.0,23,true,increase_supply_or_pause_send
2025-10-19 10:00:00+08,TAIPEI_MAIN,164,140,1,1,1,0,16.0,observed,1.0,0.0,-24,true,monitor
2025-10-19 10:00:00+08,TPE_AIRPORT,98,105,5,5,4,1,20.000000000000004,observed,1.0,0.2,7,true,review_pickup_reliability
2025-10-19 10:00:00+08,XIMENDING,159,128,,,105,,,source_only_no_observed_trip,,,-31,true,monitor_source_only
2025-10-19 11:00:00+08,TAIPEI_101,150,150,,,130,,,source_only_no_observed_trip,,,0,true,monitor_source_only
2025-10-19 11:00:00+08,TAIPEI_MAIN,174,115,1,1,1,0,19.0,observed,1.0,0.0,-59,true,monitor
2025-10-19 11:00:00+08,TPE_AIRPORT,157,80,6,5,5,1,18.0,observed,0.8333333333333334,0.16666666666666666,-77,true,monitor
2025-10-19 11:00:00+08,XIMENDING,183,101,1,1,1,0,15.0,observed,1.0,0.0,-82,true,monitor
2025-10-19 12:00:00+08,TAIPEI_101,164,151,,,137,,,source_only_no_observed_trip,,,-13,true,monitor_source_only
2025-10-19 12:00:00+08,TAIPEI_MAIN,146,99,,,77,,,source_only_no_observed_trip,,,-47,true,monitor_source_only
2025-10-19 12:00:00+08,TPE_AIRPORT,100,92,2,2,2,0,20.8,observed,1.0,0.0,-8,true,review_pickup_reliability
2025-10-19 12:00:00+08,XIMENDING,192,149,1,1,1,0,23.0,observed,1.0,0.0,-43,true,review_pickup_reliability
2025-10-19 13:00:00+08,TAIPEI_101,177,114,1,1,1,0,18.0,observed,1.0,0.0,-63,true,monitor
2025-10-19 13:00:00+08,TAIPEI_MAIN,157,117,1,1,0,1,,observed,1.0,1.0,-40,true,monitor
2025-10-19 13:00:00+08,TPE_AIRPORT,93,94,4,3,3,1,18.0,observed,0.75,0.25,1,true,monitor
2025-10-19 13:00:00+08,XIMENDING,121,98,,,86,,,source_only_no_observed_trip,,,-23,true,monitor_source_only
2025-10-19 14:00:00+08,TAIPEI_101,169,109,,,91,,,source_only_no_observed_trip,,,-60,true,monitor_source_only
2025-10-19 14:00:00+08,TAIPEI_MAIN,130,139,,,103,,,source_only_no_observed_trip,,,9,true,monitor_source_only
2025-10-19 14:00:00+08,TPE_AIRPORT,142,79,,,64,,,source_only_no_observed_trip,,,-63,true,monitor_source_only
2025-10-19 14:00:00+08,XIMENDING,183,98,,,77,,,source_only_no_observed_trip,,,-85,true,monitor_source_only
2025-10-19 15:00:00+08,TAIPEI_101,148,128,1,1,1,0,8.0,observed,1.0,0.0,-20,true,monitor
2025-10-19 15:00:00+08,TAIPEI_MAIN,171,162,,,123,,,source_only_no_observed_trip,,,-9,true,monitor_source_only
2025-10-19 15:00:00+08,TPE_AIRPORT,90,86,2,2,2,0,10.9,observed,1.0,0.0,-4,true,monitor
2025-10-19 15:00:00+08,XIMENDING,162,104,1,1,1,0,19.0,observed,1.0,0.0,-58,true,monitor
2025-10-19 16:00:00+08,TAIPEI_101,140,95,,,73,,,source_only_no_observed_trip,,,-45,true,monitor_source_only
2025-10-19 16:00:00+08,TAIPEI_MAIN,151,108,2,2,2,0,16.0,observed,1.0,0.0,-43,true,monitor
2025-10-19 16:00:00+08,TPE_AIRPORT,111,70,2,1,1,1,19.0,observed,0.5,0.5,-41,true,monitor
2025-10-19 16:00:00+08,XIMENDING,132,138,,,111,,,source_only_no_observed_trip,,,6,true,monitor_source_only
2025-10-19 17:00:00+08,TAIPEI_101,180,94,2,2,2,0,18.1,observed,1.0,0.0,-86,true,monitor
2025-10-19 17:00:00+08,TAIPEI_MAIN,152,114,,,88,,,source_only_no_observed_trip,,,-38,true,monitor_source_only
2025-10-19 17:00:00+08,TPE_AIRPORT,131,86,2,2,2,0,15.9,observed,1.0,0.0,-45,true,monitor
2025-10-19 17:00:00+08,XIMENDING,150,144,2,1,1,1,9.0,observed,0.5,0.5,-6,true,monitor
2025-10-19 18:00:00+08,TAIPEI_101,164,128,1,1,1,0,23.0,observed,1.0,0.0,-36,true,review_pickup_reliability
2025-10-19 18:00:00+08,TAIPEI_MAIN,126,126,,,97,,,source_only_no_observed_trip,,,0,true,monitor_source_only
2025-10-19 18:00:00+08,TPE_AIRPORT,78,57,1,1,1,0,12.0,observed,1.0,0.0,-21,true,monitor
2025-10-19 18:00:00+08,XIMENDING,132,123,3,3,3,0,20.8,observed,1.0,0.0,-9,true,review_pickup_reliability
2025-10-19 19:00:00+08,TAIPEI_101,158,126,1,0,0,1,,observed,0.0,1.0,-32,true,monitor
2025-10-19 19:00:00+08,TAIPEI_MAIN,134,108,2,2,1,1,12.0,observed,1.0,0.5,-26,true,monitor
2025-10-19 19:00:00+08,TPE_AIRPORT,111,55,3,3,3,0,19.0,observed,1.0,0.0,-56,true,monitor
2025-10-19 19:00:00+08,XIMENDING,147,95,,,84,,,source_only_no_observed_trip,,,-52,true,monitor_source_only
2025-10-19 20:00:00+08,TAIPEI_101,140,199,4,4,3,1,14.799999999999999,observed,1.0,0.25,59,true,increase_supply_or_pause_send
2025-10-19 20:00:00+08,TAIPEI_MAIN,138,208,2,2,1,1,16.0,observed,1.0,0.5,70,true,increase_supply_or_pause_send
2025-10-19 20:00:00+08,TPE_AIRPORT,99,96,5,5,5,0,19.8,observed,1.0,0.0,-3,true,monitor
2025-10-19 20:00:00+08,XIMENDING,145,197,,,142,,,source_only_no_observed_trip,,,52,true,monitor_source_only
2025-10-19 21:00:00+08,TAIPEI_101,135,199,,,163,,,source_only_no_observed_trip,,,64,true,monitor_source_only
2025-10-19 21:00:00+08,TAIPEI_MAIN,113,184,,,165,,,source_only_no_observed_trip,,,71,true,monitor_source_only
2025-10-19 21:00:00+08,TPE_AIRPORT,71,153,5,5,5,0,21.8,observed,1.0,0.0,82,true,increase_supply_or_pause_send
2025-10-19 21:00:00+08,XIMENDING,131,190,2,2,1,1,14.0,observed,1.0,0.5,59,true,increase_supply_or_pause_send
2025-10-19 22:00:00+08,TAIPEI_101,139,190,,,154,,,source_only_no_observed_trip,,,51,true,monitor_source_only
2025-10-19 22:00:00+08,TAIPEI_MAIN,101,167,2,2,2,0,15.4,observed,1.0,0.0,66,true,increase_supply_or_pause_send
2025-10-19 22:00:00+08,TPE_AIRPORT,65,93,3,3,3,0,20.0,observed,1.0,0.0,28,true,increase_supply_or_pause_send
2025-10-19 22:00:00+08,XIMENDING,150,193,,,142,,,source_only_no_observed_trip,,,43,true,monitor_source_only
2025-10-19 23:00:00+08,TAIPEI_101,122,180,1,1,1,0,11.0,observed,1.0,0.0,58,true,increase_supply_or_pause_send
2025-10-19 23:00:00+08,TAIPEI_MAIN,131,150,,,133,,,source_only_no_observed_trip,,,19,true,monitor_source_only
2025-10-19 23:00:00+08,TPE_AIRPORT,64,138,4,4,3,1,14.799999999999999,observed,1.0,0.25,74,true,increase_supply_or_pause_send
2025-10-19 23:00:00+08,XIMENDING,127,165,,,144,,,source_only_no_observed_trip,,,38,true,monitor_source_only
2025-10-20 00:00:00+08,TAIPEI_101,174,115,,,95,,,source_only_no_observed_trip,,,-59,true,monitor_source_only
2025-10-20 00:00:00+08,TAIPEI_MAIN,166,105,,,78,,,source_only_no_observed_trip,,,-61,true,monitor_source_only
2025-10-20 00:00:00+08,TPE_AIRPORT,109,24,7,7,7,0,20.200000000000003,observed,1.0,0.0,-85,true,review_pickup_reliability
2025-10-20 00:00:00+08,XIMENDING,191,124,,,110,,,source_only_no_observed_trip,,,-67,true,monitor_source_only
2025-10-20 01:00:00+08,TAIPEI_101,163,125,1,1,1,0,17.0,observed,1.0,0.0,-38,true,monitor
2025-10-20 01:00:00+08,TAIPEI_MAIN,136,72,1,1,1,0,13.0,observed,1.0,0.0,-64,true,monitor
2025-10-20 01:00:00+08,TPE_AIRPORT,118,88,4,3,3,1,12.8,observed,0.75,0.25,-30,true,monitor
2025-10-20 01:00:00+08,XIMENDING,124,151,,,129,,,source_only_no_observed_trip,,,27,true,monitor_source_only
2025-10-20 02:00:00+08,TAIPEI_101,154,127,,,95,,,source_only_no_observed_trip,,,-27,true,monitor_source_only
2025-10-20 02:00:00+08,TAIPEI_MAIN,154,119,1,1,1,0,19.0,observed,1.0,0.0,-35,true,monitor
2025-10-20 02:00:00+08,TPE_AIRPORT,122,71,2,2,2,0,9.8,observed,1.0,0.0,-51,true,monitor
2025-10-20 02:00:00+08,XIMENDING,179,155,1,1,1,0,13.0,observed,1.0,0.0,-24,true,monitor
2025-10-20 03:00:00+08,TAIPEI_101,143,109,,,99,,,source_only_no_observed_trip,,,-34,true,monitor_source_only
2025-10-20 03:00:00+08,TAIPEI_MAIN,168,122,1,1,0,1,,observed,1.0,1.0,-46,true,monitor
2025-10-20 03:00:00+08,TPE_AIRPORT,119,82,3,3,3,0,18.2,observed,1.0,0.0,-37,true,monitor
2025-10-20 03:00:00+08,XIMENDING,129,119,,,89,,,source_only_no_observed_trip,,,-10,true,monitor_source_only
2025-10-20 04:00:00+08,TAIPEI_101,132,128,,,113,,,source_only_no_observed_trip,,,-4,true,monitor_source_only
2025-10-20 04:00:00+08,TAIPEI_MAIN,165,141,,,112,,,source_only_no_observed_trip,,,-24,true,monitor_source_only
2025-10-20 04:00:00+08,TPE_AIRPORT,87,89,2,2,2,0,16.7,observed,1.0,0.0,2,true,monitor
2025-10-20 04:00:00+08,XIMENDING,125,118,1,0,0,1,,observed,0.0,1.0,-7,true,monitor
2025-10-20 05:00:00+08,TAIPEI_101,121,205,,,158,,,source_only_no_observed_trip,,,84,true,monitor_source_only
2025-10-20 05:00:00+08,TAIPEI_MAIN,138,186,1,1,1,0,21.0,observed,1.0,0.0,48,true,increase_supply_or_pause_send
2025-10-20 05:00:00+08,TPE_AIRPORT,98,105,6,6,6,0,17.0,observed,1.0,0.0,7,true,monitor
2025-10-20 05:00:00+08,XIMENDING,159,188,1,1,1,0,18.0,observed,1.0,0.0,29,true,increase_supply_or_pause_send
2025-10-20 06:00:00+08,TAIPEI_101,162,183,1,1,1,0,13.0,observed,1.0,0.0,21,true,increase_supply_or_pause_send
2025-10-20 06:00:00+08,TAIPEI_MAIN,103,141,,,112,,,source_only_no_observed_trip,,,38,true,monitor_source_only
2025-10-20 06:00:00+08,TPE_AIRPORT,94,132,6,6,6,0,21.0,observed,1.0,0.0,38,true,increase_supply_or_pause_send
2025-10-20 06:00:00+08,XIMENDING,123,193,1,1,0,1,,observed,1.0,1.0,70,true,increase_supply_or_pause_send
2025-10-20 07:00:00+08,TAIPEI_101,139,165,2,2,2,0,12.600000000000001,observed,1.0,0.0,26,true,increase_supply_or_pause_send
2025-10-20 07:00:00+08,TAIPEI_MAIN,146,218,2,2,2,0,13.7,observed,1.0,0.0,72,true,increase_supply_or_pause_send
2025-10-20 07:00:00+08,TPE_AIRPORT,77,134,8,8,7,1,20.0,observed,1.0,0.125,57,true,increase_supply_or_pause_send
2025-10-20 07:00:00+08,XIMENDING,121,161,1,1,1,0,13.0,observed,1.0,0.0,40,true,increase_supply_or_pause_send
2025-10-20 08:00:00+08,TAIPEI_101,139,155,1,1,1,0,11.0,observed,1.0,0.0,16,true,monitor
2025-10-20 08:00:00+08,TAIPEI_MAIN,128,181,1,0,0,1,,observed,0.0,1.0,53,true,increase_supply_or_pause_send
2025-10-20 08:00:00+08,TPE_AIRPORT,69,129,11,11,9,2,16.6,observed,1.0,0.18181818181818182,60,true,increase_supply_or_pause_send
2025-10-20 08:00:00+08,XIMENDING,145,201,2,2,2,0,17.9,observed,1.0,0.0,56,true,increase_supply_or_pause_send
2025-10-20 09:00:00+08,TAIPEI_101,117,88,1,1,1,0,10.0,observed,1.0,0.0,-29,true,monitor
2025-10-20 09:00:00+08,TAIPEI_MAIN,183,107,2,2,2,0,18.8,observed,1.0,0.0,-76,true,monitor
2025-10-20 09:00:00+08,TPE_AIRPORT,131,58,8,7,7,1,21.0,observed,0.875,0.125,-73,true,review_pickup_reliability
2025-10-20 09:00:00+08,XIMENDING,149,128,,,114,,,source_only_no_observed_trip,,,-21,true,monitor_source_only
2025-10-20 10:00:00+08,TAIPEI_101,164,75,1,1,1,0,19.0,observed,1.0,0.0,-89,true,monitor
2025-10-20 10:00:00+08,TAIPEI_MAIN,164,100,1,1,1,0,13.0,observed,1.0,0.0,-64,true,monitor
2025-10-20 10:00:00+08,TPE_AIRPORT,110,64,8,7,7,1,16.8,observed,0.875,0.125,-46,true,monitor
2025-10-20 10:00:00+08,XIMENDING,153,134,1,1,1,0,17.0,observed,1.0,0.0,-19,true,monitor
2025-10-20 11:00:00+08,TAIPEI_101,178,136,,,105,,,source_only_no_observed_trip,,,-42,true,monitor_source_only
2025-10-20 11:00:00+08,TAIPEI_MAIN,146,103,,,86,,,source_only_no_observed_trip,,,-43,true,monitor_source_only
2025-10-20 11:00:00+08,TPE_AIRPORT,95,90,6,6,6,0,20.0,observed,1.0,0.0,-5,true,monitor
2025-10-20 11:00:00+08,XIMENDING,148,144,1,1,1,0,17.0,observed,1.0,0.0,-4,true,monitor
2025-10-20 12:00:00+08,TAIPEI_101,113,95,,,83,,,source_only_no_observed_trip,,,-18,true,monitor_source_only
2025-10-20 12:00:00+08,TAIPEI_MAIN,150,126,,,103,,,source_only_no_observed_trip,,,-24,true,monitor_source_only
2025-10-20 12:00:00+08,TPE_AIRPORT,133,110,2,2,2,0,18.9,observed,1.0,0.0,-23,true,monitor
2025-10-20 12:00:00+08,XIMENDING,161,126,,,113,,,source_only_no_observed_trip,,,-35,true,monitor_source_only
2025-10-20 13:00:00+08,TAIPEI_101,182,138,,,104,,,source_only_no_observed_trip,,,-44,true,monitor_source_only
2025-10-20 13:00:00+08,TAIPEI_MAIN,169,130,1,1,1,0,8.0,observed,1.0,0.0,-39,true,monitor
2025-10-20 13:00:00+08,TPE_AIRPORT,82,76,,,57,,,source_only_no_observed_trip,,,-6,true,monitor_source_only
2025-10-20 13:00:00+08,XIMENDING,137,64,3,3,3,0,15.000000000000002,observed,1.0,0.0,-73,true,monitor
2025-10-20 14:00:00+08,TAIPEI_101,161,133,,,102,,,source_only_no_observed_trip,,,-28,true,monitor_source_only
2025-10-20 14:00:00+08,TAIPEI_MAIN,146,122,1,1,1,0,15.0,observed,1.0,0.0,-24,true,monitor
2025-10-20 14:00:00+08,TPE_AIRPORT,117,49,4,4,3,1,20.4,observed,1.0,0.25,-68,true,review_pickup_reliability
2025-10-20 14:00:00+08,XIMENDING,172,102,2,2,2,0,16.0,observed,1.0,0.0,-70,true,monitor
2025-10-20 15:00:00+08,TAIPEI_101,156,137,,,115,,,source_only_no_observed_trip,,,-19,true,monitor_source_only
2025-10-20 15:00:00+08,TAIPEI_MAIN,138,79,1,1,1,0,11.0,observed,1.0,0.0,-59,true,monitor
2025-10-20 15:00:00+08,TPE_AIRPORT,112,79,3,3,3,0,14.799999999999999,observed,1.0,0.0,-33,true,monitor
2025-10-20 15:00:00+08,XIMENDING,123,92,1,1,1,0,8.0,observed,1.0,0.0,-31,true,monitor
2025-10-20 16:00:00+08,TAIPEI_101,159,123,,,107,,,source_only_no_observed_trip,,,-36,true,monitor_source_only
2025-10-20 16:00:00+08,TAIPEI_MAIN,172,119,1,1,1,0,10.0,observed,1.0,0.0,-53,true,monitor
2025-10-20 16:00:00+08,TPE_AIRPORT,106,88,2,2,1,1,11.0,observed,1.0,0.5,-18,true,monitor
2025-10-20 16:00:00+08,XIMENDING,130,148,,,118,,,source_only_no_observed_trip,,,18,true,monitor_source_only
2025-10-20 17:00:00+08,TAIPEI_101,144,116,1,1,1,0,21.0,observed,1.0,0.0,-28,true,review_pickup_reliability
2025-10-20 17:00:00+08,TAIPEI_MAIN,163,115,2,2,2,0,20.6,observed,1.0,0.0,-48,true,review_pickup_reliability
2025-10-20 17:00:00+08,TPE_AIRPORT,147,87,3,3,3,0,8.6,observed,1.0,0.0,-60,true,monitor
2025-10-20 17:00:00+08,XIMENDING,151,93,3,3,3,0,18.8,observed,1.0,0.0,-58,true,monitor
2025-10-20 18:00:00+08,TAIPEI_101,176,124,1,1,1,0,12.0,observed,1.0,0.0,-52,true,monitor
2025-10-20 18:00:00+08,TAIPEI_MAIN,157,92,1,1,1,0,12.0,observed,1.0,0.0,-65,true,monitor
2025-10-20 18:00:00+08,TPE_AIRPORT,127,86,4,4,3,1,18.6,observed,1.0,0.25,-41,true,monitor
2025-10-20 18:00:00+08,XIMENDING,152,91,1,1,1,0,15.0,observed,1.0,0.0,-61,true,monitor
2025-10-20 19:00:00+08,TAIPEI_101,156,135,1,1,0,1,,observed,1.0,1.0,-21,true,monitor
2025-10-20 19:00:00+08,TAIPEI_MAIN,169,144,1,1,1,0,18.0,observed,1.0,0.0,-25,true,monitor
2025-10-20 19:00:00+08,TPE_AIRPORT,119,66,2,2,2,0,10.9,observed,1.0,0.0,-53,true,monitor
2025-10-20 19:00:00+08,XIMENDING,133,108,,,88,,,source_only_no_observed_trip,,,-25,true,monitor_source_only
2025-10-20 20:00:00+08,TAIPEI_101,183,174,,,154,,,source_only_no_observed_trip,,,-9,true,monitor_source_only
2025-10-20 20:00:00+08,TAIPEI_MAIN,132,205,,,179,,,source_only_no_observed_trip,,,73,true,monitor_source_only
2025-10-20 20:00:00+08,TPE_AIRPORT,103,143,8,7,7,1,19.8,observed,0.875,0.125,40,true,increase_supply_or_pause_send
2025-10-20 20:00:00+08,XIMENDING,154,192,2,2,2,0,9.5,observed,1.0,0.0,38,true,increase_supply_or_pause_send
2025-10-20 21:00:00+08,TAIPEI_101,135,185,,,137,,,source_only_no_observed_trip,,,50,true,monitor_source_only
2025-10-20 21:00:00+08,TAIPEI_MAIN,162,187,1,1,1,0,20.0,observed,1.0,0.0,25,true,increase_supply_or_pause_send
2025-10-20 21:00:00+08,TPE_AIRPORT,101,163,6,5,5,1,17.0,observed,0.8333333333333334,0.16666666666666666,62,true,increase_supply_or_pause_send
2025-10-20 21:00:00+08,XIMENDING,139,192,,,148,,,source_only_no_observed_trip,,,53,true,monitor_source_only
2025-10-20 22:00:00+08,TAIPEI_101,120,168,,,126,,,source_only_no_observed_trip,,,48,true,monitor_source_only
2025-10-20 22:00:00+08,TAIPEI_MAIN,111,213,,,165,,,source_only_no_observed_trip,,,102,true,monitor_source_only
2025-10-20 22:00:00+08,TPE_AIRPORT,72,92,10,8,7,3,17.400000000000002,observed,0.8,0.3,20,true,monitor
2025-10-20 22:00:00+08,XIMENDING,160,178,,,149,,,source_only_no_observed_trip,,,18,true,monitor_source_only
2025-10-20 23:00:00+08,TAIPEI_101,156,173,1,1,1,0,12.0,observed,1.0,0.0,17,true,monitor
2025-10-20 23:00:00+08,TAIPEI_MAIN,142,168,,,136,,,source_only_no_observed_trip,,,26,true,monitor_source_only
2025-10-20 23:00:00+08,TPE_AIRPORT,102,139,5,3,1,4,22.0,observed,0.6,0.8,37,true,increase_supply_or_pause_send
2025-10-20 23:00:00+08,XIMENDING,153,161,,,119,,,source_only_no_observed_trip,,,8,true,monitor_source_only
2025-10-21 00:00:00+08,TAIPEI_101,170,113,1,1,1,0,12.0,observed,1.0,0.0,-57,true,monitor
2025-10-21 00:00:00+08,TAIPEI_MAIN,130,133,,,109,,,source_only_no_observed_trip,,,3,true,monitor_source_only
2025-10-21 00:00:00+08,TPE_AIRPORT,133,116,3,3,2,1,17.7,observed,1.0,0.3333333333333333,-17,true,monitor
2025-10-21 00:00:00+08,XIMENDING,162,117,,,95,,,source_only_no_observed_trip,,,-45,true,monitor_source_only
2025-10-21 01:00:00+08,TAIPEI_101,168,124,,,91,,,source_only_no_observed_trip,,,-44,true,monitor_source_only
2025-10-21 01:00:00+08,TAIPEI_MAIN,127,131,,,110,,,source_only_no_observed_trip,,,4,true,monitor_source_only
2025-10-21 01:00:00+08,TPE_AIRPORT,138,103,5,5,4,1,17.900000000000002,observed,1.0,0.2,-35,true,monitor
2025-10-21 01:00:00+08,XIMENDING,150,92,,,73,,,source_only_no_observed_trip,,,-58,true,monitor_source_only
2025-10-21 02:00:00+08,TAIPEI_101,179,127,,,95,,,source_only_no_observed_trip,,,-52,true,monitor_source_only
2025-10-21 02:00:00+08,TAIPEI_MAIN,154,118,,,93,,,source_only_no_observed_trip,,,-36,true,monitor_source_only
2025-10-21 02:00:00+08,TPE_AIRPORT,121,60,4,3,3,1,14.0,observed,0.75,0.25,-61,true,monitor
2025-10-21 02:00:00+08,XIMENDING,145,88,1,1,1,0,14.0,observed,1.0,0.0,-57,true,monitor
2025-10-21 03:00:00+08,TAIPEI_101,136,121,,,103,,,source_only_no_observed_trip,,,-15,true,monitor_source_only
2025-10-21 03:00:00+08,TAIPEI_MAIN,137,94,1,1,1,0,15.0,observed,1.0,0.0,-43,true,monitor
2025-10-21 03:00:00+08,TPE_AIRPORT,109,84,,,61,,,source_only_no_observed_trip,,,-25,true,monitor_source_only
2025-10-21 03:00:00+08,XIMENDING,119,113,1,1,1,0,15.0,observed,1.0,0.0,-6,true,monitor
2025-10-21 04:00:00+08,TAIPEI_101,174,144,1,1,1,0,15.0,observed,1.0,0.0,-30,true,monitor
2025-10-21 04:00:00+08,TAIPEI_MAIN,155,118,,,95,,,source_only_no_observed_trip,,,-37,true,monitor_source_only
2025-10-21 04:00:00+08,TPE_AIRPORT,110,85,2,2,2,0,13.799999999999999,observed,1.0,0.0,-25,true,monitor
2025-10-21 04:00:00+08,XIMENDING,190,135,,,111,,,source_only_no_observed_trip,,,-55,true,monitor_source_only
2025-10-21 05:00:00+08,TAIPEI_101,152,180,1,1,1,0,9.0,observed,1.0,0.0,28,true,increase_supply_or_pause_send
2025-10-21 05:00:00+08,TAIPEI_MAIN,115,222,1,1,1,0,12.0,observed,1.0,0.0,107,true,increase_supply_or_pause_send
2025-10-21 05:00:00+08,TPE_AIRPORT,77,131,3,3,3,0,16.400000000000002,observed,1.0,0.0,54,true,increase_supply_or_pause_send
2025-10-21 05:00:00+08,XIMENDING,153,211,,,177,,,source_only_no_observed_trip,,,58,true,monitor_source_only
2025-10-21 06:00:00+08,TAIPEI_101,128,168,1,1,0,1,,observed,1.0,1.0,40,true,increase_supply_or_pause_send
2025-10-21 06:00:00+08,TAIPEI_MAIN,165,178,,,139,,,source_only_no_observed_trip,,,13,true,monitor_source_only
2025-10-21 06:00:00+08,TPE_AIRPORT,66,130,4,4,4,0,20.4,observed,1.0,0.0,64,true,increase_supply_or_pause_send
2025-10-21 06:00:00+08,XIMENDING,147,232,,,181,,,source_only_no_observed_trip,,,85,true,monitor_source_only
2025-10-21 07:00:00+08,TAIPEI_101,147,151,1,1,0,1,,observed,1.0,1.0,4,true,monitor
2025-10-21 07:00:00+08,TAIPEI_MAIN,88,209,1,1,1,0,16.0,observed,1.0,0.0,121,true,increase_supply_or_pause_send
2025-10-21 07:00:00+08,TPE_AIRPORT,54,125,4,4,3,1,18.6,observed,1.0,0.25,71,true,increase_supply_or_pause_send
2025-10-21 07:00:00+08,XIMENDING,128,190,,,150,,,source_only_no_observed_trip,,,62,true,monitor_source_only
2025-10-21 08:00:00+08,TAIPEI_101,155,192,1,1,1,0,13.0,observed,1.0,0.0,37,true,increase_supply_or_pause_send
2025-10-21 08:00:00+08,TAIPEI_MAIN,123,199,1,1,1,0,13.0,observed,1.0,0.0,76,true,increase_supply_or_pause_send
2025-10-21 08:00:00+08,TPE_AIRPORT,61,148,6,6,5,1,20.6,observed,1.0,0.16666666666666666,87,true,increase_supply_or_pause_send
2025-10-21 08:00:00+08,XIMENDING,142,145,2,2,1,1,10.0,observed,1.0,0.5,3,true,monitor
2025-10-21 09:00:00+08,TAIPEI_101,155,139,1,1,1,0,14.0,observed,1.0,0.0,-16,true,monitor
2025-10-21 09:00:00+08,TAIPEI_MAIN,147,97,2,2,1,1,16.0,observed,1.0,0.5,-50,true,monitor
2025-10-21 09:00:00+08,TPE_AIRPORT,80,80,4,4,4,0,19.4,observed,1.0,0.0,0,true,monitor
2025-10-21 09:00:00+08,XIMENDING,157,135,,,103,,,source_only_no_observed_trip,,,-22,true,monitor_source_only
2025-10-21 10:00:00+08,TAIPEI_101,154,142,,,114,,,source_only_no_observed_trip,,,-12,true,monitor_source_only
2025-10-21 10:00:00+08,TAIPEI_MAIN,147,124,,,102,,,source_only_no_observed_trip,,,-23,true,monitor_source_only
2025-10-21 10:00:00+08,TPE_AIRPORT,95,104,6,6,6,0,15.5,observed,1.0,0.0,9,true,monitor
2025-10-21 10:00:00+08,XIMENDING,160,107,2,1,1,1,7.0,observed,0.5,0.5,-53,true,monitor
2025-10-21 11:00:00+08,TAIPEI_101,164,94,,,74,,,source_only_no_observed_trip,,,-70,true,monitor_source_only
2025-10-21 11:00:00+08,TAIPEI_MAIN,161,98,,,85,,,source_only_no_observed_trip,,,-63,true,monitor_source_only
2025-10-21 11:00:00+08,TPE_AIRPORT,117,81,4,4,3,1,18.6,observed,1.0,0.25,-36,true,monitor
2025-10-21 11:00:00+08,XIMENDING,179,144,2,2,2,0,16.7,observed,1.0,0.0,-35,true,monitor
2025-10-21 12:00:00+08,TAIPEI_101,163,122,1,0,0,1,,observed,0.0,1.0,-41,true,monitor
2025-10-21 12:00:00+08,TAIPEI_MAIN,123,75,,,64,,,source_only_no_observed_trip,,,-48,true,monitor_source_only
2025-10-21 12:00:00+08,TPE_AIRPORT,134,62,3,3,3,0,14.399999999999999,observed,1.0,0.0,-72,true,monitor
2025-10-21 12:00:00+08,XIMENDING,149,122,,,108,,,source_only_no_observed_trip,,,-27,true,monitor_source_only
2025-10-21 13:00:00+08,TAIPEI_101,142,84,,,73,,,source_only_no_observed_trip,,,-58,true,monitor_source_only
2025-10-21 13:00:00+08,TAIPEI_MAIN,179,83,1,1,1,0,10.0,observed,1.0,0.0,-96,true,monitor
2025-10-21 13:00:00+08,TPE_AIRPORT,105,78,2,2,2,0,19.5,observed,1.0,0.0,-27,true,monitor
2025-10-21 13:00:00+08,XIMENDING,121,104,1,1,1,0,10.0,observed,1.0,0.0,-17,true,monitor
2025-10-21 14:00:00+08,TAIPEI_101,169,104,,,92,,,source_only_no_observed_trip,,,-65,true,monitor_source_only
2025-10-21 14:00:00+08,TAIPEI_MAIN,174,131,1,1,1,0,17.0,observed,1.0,0.0,-43,true,monitor
2025-10-21 14:00:00+08,TPE_AIRPORT,117,60,5,4,3,2,10.8,observed,0.8,0.4,-57,true,monitor
2025-10-21 14:00:00+08,XIMENDING,155,110,,,82,,,source_only_no_observed_trip,,,-45,true,monitor_source_only
2025-10-21 15:00:00+08,TAIPEI_101,167,95,,,73,,,source_only_no_observed_trip,,,-72,true,monitor_source_only
2025-10-21 15:00:00+08,TAIPEI_MAIN,144,101,,,77,,,source_only_no_observed_trip,,,-43,true,monitor_source_only
2025-10-21 15:00:00+08,TPE_AIRPORT,148,92,3,3,3,0,17.6,observed,1.0,0.0,-56,true,monitor
2025-10-21 15:00:00+08,XIMENDING,131,118,1,1,1,0,23.0,observed,1.0,0.0,-13,true,review_pickup_reliability
2025-10-21 16:00:00+08,TAIPEI_101,175,92,1,1,1,0,18.0,observed,1.0,0.0,-83,true,monitor
2025-10-21 16:00:00+08,TAIPEI_MAIN,161,118,,,85,,,source_only_no_observed_trip,,,-43,true,monitor_source_only
2025-10-21 16:00:00+08,TPE_AIRPORT,115,73,,,64,,,source_only_no_observed_trip,,,-42,true,monitor_source_only
2025-10-21 16:00:00+08,XIMENDING,133,125,,,104,,,source_only_no_observed_trip,,,-8,true,monitor_source_only
2025-10-21 17:00:00+08,TAIPEI_101,159,160,,,130,,,source_only_no_observed_trip,,,1,true,monitor_source_only
2025-10-21 17:00:00+08,TAIPEI_MAIN,145,125,1,1,1,0,13.0,observed,1.0,0.0,-20,true,monitor
2025-10-21 17:00:00+08,TPE_AIRPORT,122,117,3,3,3,0,17.6,observed,1.0,0.0,-5,true,monitor
2025-10-21 17:00:00+08,XIMENDING,145,134,,,107,,,source_only_no_observed_trip,,,-11,true,monitor_source_only
2025-10-21 18:00:00+08,TAIPEI_101,147,96,,,79,,,source_only_no_observed_trip,,,-51,true,monitor_source_only
2025-10-21 18:00:00+08,TAIPEI_MAIN,130,141,1,1,1,0,15.0,observed,1.0,0.0,11,true,monitor
2025-10-21 18:00:00+08,TPE_AIRPORT,122,74,1,1,1,0,16.0,observed,1.0,0.0,-48,true,monitor
2025-10-21 18:00:00+08,XIMENDING,157,170,1,1,1,0,16.0,observed,1.0,0.0,13,true,monitor
2025-10-21 19:00:00+08,TAIPEI_101,142,143,2,2,2,0,17.7,observed,1.0,0.0,1,true,monitor
2025-10-21 19:00:00+08,TAIPEI_MAIN,170,160,,,124,,,source_only_no_observed_trip,,,-10,true,monitor_source_only
2025-10-21 19:00:00+08,TPE_AIRPORT,127,52,2,2,2,0,20.3,observed,1.0,0.0,-75,true,review_pickup_reliability
2025-10-21 19:00:00+08,XIMENDING,155,115,,,85,,,source_only_no_observed_trip,,,-40,true,monitor_source_only
2025-10-21 20:00:00+08,TAIPEI_101,160,152,,,121,,,source_only_no_observed_trip,,,-8,true,monitor_source_only
2025-10-21 20:00:00+08,TAIPEI_MAIN,150,156,,,113,,,source_only_no_observed_trip,,,6,true,monitor_source_only
2025-10-21 20:00:00+08,TPE_AIRPORT,75,130,3,3,3,0,14.6,observed,1.0,0.0,55,true,increase_supply_or_pause_send
2025-10-21 20:00:00+08,XIMENDING,163,197,,,157,,,source_only_no_observed_trip,,,34,true,monitor_source_only
2025-10-21 21:00:00+08,TAIPEI_101,123,189,,,161,,,source_only_no_observed_trip,,,66,true,monitor_source_only
2025-10-21 21:00:00+08,TAIPEI_MAIN,155,190,,,147,,,source_only_no_observed_trip,,,35,true,monitor_source_only
2025-10-21 21:00:00+08,TPE_AIRPORT,95,140,7,7,7,0,20.6,observed,1.0,0.0,45,true,increase_supply_or_pause_send
2025-10-21 21:00:00+08,XIMENDING,134,183,1,1,1,0,20.0,observed,1.0,0.0,49,true,increase_supply_or_pause_send
2025-10-21 22:00:00+08,TAIPEI_101,135,196,2,2,2,0,17.799999999999997,observed,1.0,0.0,61,true,increase_supply_or_pause_send
2025-10-21 22:00:00+08,TAIPEI_MAIN,133,207,,,181,,,source_only_no_observed_trip,,,74,true,monitor_source_only
2025-10-21 22:00:00+08,TPE_AIRPORT,81,128,4,4,4,0,18.5,observed,1.0,0.0,47,true,increase_supply_or_pause_send
2025-10-21 22:00:00+08,XIMENDING,162,193,1,1,1,0,17.0,observed,1.0,0.0,31,true,increase_supply_or_pause_send
2025-10-21 23:00:00+08,TAIPEI_101,161,203,,,152,,,source_only_no_observed_trip,,,42,true,monitor_source_only
2025-10-21 23:00:00+08,TAIPEI_MAIN,132,170,,,123,,,source_only_no_observed_trip,,,38,true,monitor_source_only
2025-10-21 23:00:00+08,TPE_AIRPORT,71,144,8,8,8,0,18.2,observed,1.0,0.0,73,true,increase_supply_or_pause_send
2025-10-21 23:00:00+08,XIMENDING,114,186,,,149,,,source_only_no_observed_trip,,,72,true,monitor_source_only
2025-10-22 00:00:00+08,TAIPEI_101,160,90,,,81,,,source_only_no_observed_trip,,,-70,true,monitor_source_only
2025-10-22 00:00:00+08,TAIPEI_MAIN,156,112,,,92,,,source_only_no_observed_trip,,,-44,true,monitor_source_only
2025-10-22 00:00:00+08,TPE_AIRPORT,87,83,1,1,1,0,23.0,observed,1.0,0.0,-4,true,review_pickup_reliability
2025-10-22 00:00:00+08,XIMENDING,147,109,,,92,,,source_only_no_observed_trip,,,-38,true,monitor_source_only
2025-10-22 01:00:00+08,TAIPEI_101,165,94,1,1,1,0,15.0,observed,1.0,0.0,-71,true,monitor
2025-10-22 01:00:00+08,TAIPEI_MAIN,152,95,,,71,,,source_only_no_observed_trip,,,-57,true,monitor_source_only
2025-10-22 01:00:00+08,TPE_AIRPORT,91,53,4,4,3,1,23.0,observed,1.0,0.25,-38,true,review_pickup_reliability
2025-10-22 01:00:00+08,XIMENDING,172,90,,,72,,,source_only_no_observed_trip,,,-82,true,monitor_source_only
2025-10-22 02:00:00+08,TAIPEI_101,174,149,,,108,,,source_only_no_observed_trip,,,-25,true,monitor_source_only
2025-10-22 02:00:00+08,TAIPEI_MAIN,182,119,,,91,,,source_only_no_observed_trip,,,-63,true,monitor_source_only
2025-10-22 02:00:00+08,TPE_AIRPORT,92,70,,,60,,,source_only_no_observed_trip,,,-22,true,monitor_source_only
2025-10-22 02:00:00+08,XIMENDING,183,166,1,1,1,0,11.0,observed,1.0,0.0,-17,true,monitor
2025-10-22 03:00:00+08,TAIPEI_101,155,117,,,102,,,source_only_no_observed_trip,,,-38,true,monitor_source_only
2025-10-22 03:00:00+08,TAIPEI_MAIN,159,121,,,106,,,source_only_no_observed_trip,,,-38,true,monitor_source_only
2025-10-22 03:00:00+08,TPE_AIRPORT,97,96,1,1,0,1,,observed,1.0,1.0,-1,true,monitor
2025-10-22 03:00:00+08,XIMENDING,158,111,1,1,1,0,16.0,observed,1.0,0.0,-47,true,monitor
2025-10-22 04:00:00+08,TAIPEI_101,136,124,1,0,0,1,,observed,0.0,1.0,-12,true,monitor
2025-10-22 04:00:00+08,TAIPEI_MAIN,153,105,1,1,1,0,8.0,observed,1.0,0.0,-48,true,monitor
2025-10-22 04:00:00+08,TPE_AIRPORT,111,87,1,1,1,0,11.0,observed,1.0,0.0,-24,true,monitor
2025-10-22 04:00:00+08,XIMENDING,162,91,,,76,,,source_only_no_observed_trip,,,-71,true,monitor_source_only
2025-10-22 05:00:00+08,TAIPEI_101,146,200,1,1,1,0,14.0,observed,1.0,0.0,54,true,increase_supply_or_pause_send
2025-10-22 05:00:00+08,TAIPEI_MAIN,165,179,,,156,,,source_only_no_observed_trip,,,14,true,monitor_source_only
2025-10-22 05:00:00+08,TPE_AIRPORT,103,122,3,3,3,0,16.0,observed,1.0,0.0,19,true,monitor
2025-10-22 05:00:00+08,XIMENDING,131,169,1,0,0,1,,observed,0.0,1.0,38,true,increase_supply_or_pause_send
2025-10-22 06:00:00+08,TAIPEI_101,147,165,,,145,,,source_only_no_observed_trip,,,18,true,monitor_source_only
2025-10-22 06:00:00+08,TAIPEI_MAIN,140,131,,,98,,,source_only_no_observed_trip,,,-9,true,monitor_source_only
2025-10-22 06:00:00+08,TPE_AIRPORT,112,162,4,4,4,0,16.900000000000002,observed,1.0,0.0,50,true,increase_supply_or_pause_send
2025-10-22 06:00:00+08,XIMENDING,160,166,1,1,0,1,,observed,1.0,1.0,6,true,monitor
2025-10-22 07:00:00+08,TAIPEI_101,129,164,3,3,3,0,9.0,observed,1.0,0.0,35,true,increase_supply_or_pause_send
2025-10-22 07:00:00+08,TAIPEI_MAIN,132,172,1,1,1,0,16.0,observed,1.0,0.0,40,true,increase_supply_or_pause_send
2025-10-22 07:00:00+08,TPE_AIRPORT,99,100,15,13,13,2,21.400000000000002,observed,0.8666666666666667,0.13333333333333333,1,true,review_pickup_reliability
2025-10-22 07:00:00+08,XIMENDING,133,154,1,1,1,0,19.0,observed,1.0,0.0,21,true,increase_supply_or_pause_send
2025-10-22 08:00:00+08,TAIPEI_101,156,157,1,1,1,0,7.0,observed,1.0,0.0,1,true,monitor
2025-10-22 08:00:00+08,TAIPEI_MAIN,105,171,,,142,,,source_only_no_observed_trip,,,66,true,monitor_source_only
2025-10-22 08:00:00+08,TPE_AIRPORT,54,136,9,8,7,2,19.6,observed,0.8888888888888888,0.2222222222222222,82,true,increase_supply_or_pause_send
2025-10-22 08:00:00+08,XIMENDING,151,179,1,1,1,0,14.0,observed,1.0,0.0,28,true,increase_supply_or_pause_send
2025-10-22 09:00:00+08,TAIPEI_101,178,140,,,112,,,source_only_no_observed_trip,,,-38,true,monitor_source_only
2025-10-22 09:00:00+08,TAIPEI_MAIN,158,128,3,3,3,0,20.6,observed,1.0,0.0,-30,true,review_pickup_reliability
2025-10-22 09:00:00+08,TPE_AIRPORT,106,84,10,9,9,1,19.0,observed,0.9,0.1,-22,true,monitor
2025-10-22 09:00:00+08,XIMENDING,142,127,4,4,4,0,19.3,observed,1.0,0.0,-15,true,monitor
2025-10-22 10:00:00+08,TAIPEI_101,146,95,,,83,,,source_only_no_observed_trip,,,-51,true,monitor_source_only
2025-10-22 10:00:00+08,TAIPEI_MAIN,193,157,,,135,,,source_only_no_observed_trip,,,-36,true,monitor_source_only
2025-10-22 10:00:00+08,TPE_AIRPORT,94,57,8,8,7,1,18.0,observed,1.0,0.125,-37,true,monitor
2025-10-22 10:00:00+08,XIMENDING,128,123,1,1,1,0,22.0,observed,1.0,0.0,-5,true,review_pickup_reliability
2025-10-22 11:00:00+08,TAIPEI_101,177,150,,,133,,,source_only_no_observed_trip,,,-27,true,monitor_source_only
2025-10-22 11:00:00+08,TAIPEI_MAIN,138,87,,,66,,,source_only_no_observed_trip,,,-51,true,monitor_source_only
2025-10-22 11:00:00+08,TPE_AIRPORT,90,64,3,3,3,0,20.8,observed,1.0,0.0,-26,true,review_pickup_reliability
2025-10-22 11:00:00+08,XIMENDING,163,128,,,102,,,source_only_no_observed_trip,,,-35,true,monitor_source_only
2025-10-22 12:00:00+08,TAIPEI_101,137,115,,,100,,,source_only_no_observed_trip,,,-22,true,monitor_source_only
2025-10-22 12:00:00+08,TAIPEI_MAIN,178,94,,,68,,,source_only_no_observed_trip,,,-84,true,monitor_source_only
2025-10-22 12:00:00+08,TPE_AIRPORT,94,53,1,1,1,0,8.0,observed,1.0,0.0,-41,true,monitor
2025-10-22 12:00:00+08,XIMENDING,206,119,2,2,2,0,19.3,observed,1.0,0.0,-87,true,monitor
2025-10-22 13:00:00+08,TAIPEI_101,153,157,,,118,,,source_only_no_observed_trip,,,4,true,monitor_source_only
2025-10-22 13:00:00+08,TAIPEI_MAIN,143,137,1,1,1,0,16.0,observed,1.0,0.0,-6,true,monitor
2025-10-22 13:00:00+08,TPE_AIRPORT,112,83,2,2,2,0,15.6,observed,1.0,0.0,-29,true,monitor
2025-10-22 13:00:00+08,XIMENDING,135,119,,,98,,,source_only_no_observed_trip,,,-16,true,monitor_source_only
2025-10-22 14:00:00+08,TAIPEI_101,156,98,1,1,1,0,15.0,observed,1.0,0.0,-58,true,monitor
2025-10-22 14:00:00+08,TAIPEI_MAIN,179,87,,,64,,,source_only_no_observed_trip,,,-92,true,monitor_source_only
2025-10-22 14:00:00+08,TPE_AIRPORT,114,91,2,2,2,0,18.1,observed,1.0,0.0,-23,true,monitor
2025-10-22 14:00:00+08,XIMENDING,153,95,,,70,,,source_only_no_observed_trip,,,-58,true,monitor_source_only
2025-10-22 15:00:00+08,TAIPEI_101,171,113,,,94,,,source_only_no_observed_trip,,,-58,true,monitor_source_only
2025-10-22 15:00:00+08,TAIPEI_MAIN,166,101,1,1,1,0,14.0,observed,1.0,0.0,-65,true,monitor
2025-10-22 15:00:00+08,TPE_AIRPORT,115,79,3,3,3,0,14.0,observed,1.0,0.0,-36,true,monitor
2025-10-22 15:00:00+08,XIMENDING,156,145,,,115,,,source_only_no_observed_trip,,,-11,true,monitor_source_only
2025-10-22 16:00:00+08,TAIPEI_101,171,76,1,0,0,1,,observed,0.0,1.0,-95,true,monitor
2025-10-22 16:00:00+08,TAIPEI_MAIN,155,138,1,1,1,0,16.0,observed,1.0,0.0,-17,true,monitor
2025-10-22 16:00:00+08,TPE_AIRPORT,127,72,4,4,4,0,16.200000000000003,observed,1.0,0.0,-55,true,monitor
2025-10-22 16:00:00+08,XIMENDING,174,121,1,1,1,0,17.0,observed,1.0,0.0,-53,true,monitor
2025-10-22 17:00:00+08,TAIPEI_101,172,114,2,2,2,0,9.9,observed,1.0,0.0,-58,true,monitor
2025-10-22 17:00:00+08,TAIPEI_MAIN,141,134,,,103,,,source_only_no_observed_trip,,,-7,true,monitor_source_only
2025-10-22 17:00:00+08,TPE_AIRPORT,119,69,2,2,2,0,9.5,observed,1.0,0.0,-50,true,monitor
2025-10-22 17:00:00+08,XIMENDING,157,86,1,1,1,0,16.0,observed,1.0,0.0,-71,true,monitor
2025-10-22 18:00:00+08,TAIPEI_101,172,120,2,2,2,0,18.8,observed,1.0,0.0,-52,true,monitor
2025-10-22 18:00:00+08,TAIPEI_MAIN,180,97,,,73,,,source_only_no_observed_trip,,,-83,true,monitor_source_only
2025-10-22 18:00:00+08,TPE_AIRPORT,137,48,1,1,1,0,20.0,observed,1.0,0.0,-89,true,monitor
2025-10-22 18:00:00+08,XIMENDING,141,94,2,2,2,0,18.5,observed,1.0,0.0,-47,true,monitor
2025-10-22 19:00:00+08,TAIPEI_101,152,103,3,3,3,0,17.4,observed,1.0,0.0,-49,true,monitor
2025-10-22 19:00:00+08,TAIPEI_MAIN,178,113,3,3,3,0,19.2,observed,1.0,0.0,-65,true,monitor
2025-10-22 19:00:00+08,TPE_AIRPORT,108,30,2,2,1,1,14.0,observed,1.0,0.5,-78,true,monitor
2025-10-22 19:00:00+08,XIMENDING,155,98,,,83,,,source_only_no_observed_trip,,,-57,true,monitor_source_only
2025-10-22 20:00:00+08,TAIPEI_101,129,196,5,5,5,0,20.0,observed,1.0,0.0,67,true,increase_supply_or_pause_send
2025-10-22 20:00:00+08,TAIPEI_MAIN,168,186,1,1,1,0,12.0,observed,1.0,0.0,18,true,monitor
2025-10-22 20:00:00+08,TPE_AIRPORT,101,142,6,6,6,0,18.0,observed,1.0,0.0,41,true,increase_supply_or_pause_send
2025-10-22 20:00:00+08,XIMENDING,135,157,3,3,3,0,22.200000000000003,observed,1.0,0.0,22,true,increase_supply_or_pause_send
2025-10-22 21:00:00+08,TAIPEI_101,122,195,,,177,,,source_only_no_observed_trip,,,73,true,monitor_source_only
2025-10-22 21:00:00+08,TAIPEI_MAIN,153,199,2,2,2,0,14.0,observed,1.0,0.0,46,true,increase_supply_or_pause_send
2025-10-22 21:00:00+08,TPE_AIRPORT,95,138,4,4,4,0,17.4,observed,1.0,0.0,43,true,increase_supply_or_pause_send
2025-10-22 21:00:00+08,XIMENDING,134,177,,,151,,,source_only_no_observed_trip,,,43,true,monitor_source_only
2025-10-22 22:00:00+08,TAIPEI_101,157,174,1,1,1,0,17.0,observed,1.0,0.0,17,true,monitor
2025-10-22 22:00:00+08,TAIPEI_MAIN,118,192,,,171,,,source_only_no_observed_trip,,,74,true,monitor_source_only
2025-10-22 22:00:00+08,TPE_AIRPORT,114,124,7,7,6,1,19.5,observed,1.0,0.14285714285714285,10,true,monitor
2025-10-22 22:00:00+08,XIMENDING,136,220,,,164,,,source_only_no_observed_trip,,,84,true,monitor_source_only
2025-10-22 23:00:00+08,TAIPEI_101,146,187,,,161,,,source_only_no_observed_trip,,,41,true,monitor_source_only
2025-10-22 23:00:00+08,TAIPEI_MAIN,132,190,2,2,2,0,16.7,observed,1.0,0.0,58,true,increase_supply_or_pause_send
2025-10-22 23:00:00+08,TPE_AIRPORT,47,163,10,10,10,0,19.0,observed,1.0,0.0,116,true,increase_supply_or_pause_send
2025-10-22 23:00:00+08,XIMENDING,157,184,,,152,,,source_only_no_observed_trip,,,27,true,monitor_source_only
2025-10-23 00:00:00+08,TAIPEI_101,149,171,1,1,1,0,23.0,observed,1.0,0.0,22,true,increase_supply_or_pause_send
2025-10-23 00:00:00+08,TAIPEI_MAIN,170,167,1,0,0,1,,observed,0.0,1.0,-3,true,monitor
2025-10-23 00:00:00+08,TPE_AIRPORT,97,44,8,8,7,1,18.4,observed,1.0,0.125,-53,true,monitor
2025-10-23 00:00:00+08,XIMENDING,171,120,2,2,2,0,20.400000000000002,observed,1.0,0.0,-51,true,review_pickup_reliability
2025-10-23 01:00:00+08,TAIPEI_101,191,152,,,111,,,source_only_no_observed_trip,,,-39,true,monitor_source_only
2025-10-23 01:00:00+08,TAIPEI_MAIN,141,147,,,124,,,source_only_no_observed_trip,,,6,true,monitor_source_only
2025-10-23 01:00:00+08,TPE_AIRPORT,81,99,5,4,3,2,20.0,observed,0.8,0.4,18,true,monitor
2025-10-23 01:00:00+08,XIMENDING,174,130,,,106,,,source_only_no_observed_trip,,,-44,true,monitor_source_only
2025-10-23 02:00:00+08,TAIPEI_101,161,123,,,110,,,source_only_no_observed_trip,,,-38,true,monitor_source_only
2025-10-23 02:00:00+08,TAIPEI_MAIN,159,88,1,1,1,0,17.0,observed,1.0,0.0,-71,true,monitor
2025-10-23 02:00:00+08,TPE_AIRPORT,97,87,1,1,1,0,23.0,observed,1.0,0.0,-10,true,review_pickup_reliability
2025-10-23 02:00:00+08,XIMENDING,133,124,,,96,,,source_only_no_observed_trip,,,-9,true,monitor_source_only
2025-10-23 03:00:00+08,TAIPEI_101,161,118,,,106,,,source_only_no_observed_trip,,,-43,true,monitor_source_only
2025-10-23 03:00:00+08,TAIPEI_MAIN,168,102,1,1,1,0,6.0,observed,1.0,0.0,-66,true,monitor
2025-10-23 03:00:00+08,TPE_AIRPORT,101,78,7,6,6,1,22.0,observed,0.8571428571428571,0.14285714285714285,-23,true,review_pickup_reliability
2025-10-23 03:00:00+08,XIMENDING,117,115,1,1,0,1,,observed,1.0,1.0,-2,true,monitor
2025-10-23 04:00:00+08,TAIPEI_101,154,93,,,79,,,source_only_no_observed_trip,,,-61,true,monitor_source_only
2025-10-23 04:00:00+08,TAIPEI_MAIN,154,110,,,83,,,source_only_no_observed_trip,,,-44,true,monitor_source_only
2025-10-23 04:00:00+08,TPE_AIRPORT,134,87,1,1,1,0,17.0,observed,1.0,0.0,-47,true,monitor
2025-10-23 04:00:00+08,XIMENDING,156,113,,,86,,,source_only_no_observed_trip,,,-43,true,monitor_source_only
2025-10-23 05:00:00+08,TAIPEI_101,118,225,,,181,,,source_only_no_observed_trip,,,107,true,monitor_source_only
2025-10-23 05:00:00+08,TAIPEI_MAIN,100,201,1,0,0,1,,observed,0.0,1.0,101,true,increase_supply_or_pause_send
2025-10-23 05:00:00+08,TPE_AIRPORT,80,82,2,2,2,0,15.8,observed,1.0,0.0,2,true,monitor
2025-10-23 05:00:00+08,XIMENDING,126,148,2,2,2,0,20.3,observed,1.0,0.0,22,true,increase_supply_or_pause_send
2025-10-23 06:00:00+08,TAIPEI_101,152,199,2,2,2,0,17.0,observed,1.0,0.0,47,true,increase_supply_or_pause_send
2025-10-23 06:00:00+08,TAIPEI_MAIN,112,200,,,154,,,source_only_no_observed_trip,,,88,true,monitor_source_only
2025-10-23 06:00:00+08,TPE_AIRPORT,99,140,9,9,8,1,20.2,observed,1.0,0.1111111111111111,41,true,increase_supply_or_pause_send
2025-10-23 06:00:00+08,XIMENDING,119,183,2,1,1,1,16.0,observed,0.5,0.5,64,true,increase_supply_or_pause_send
2025-10-23 07:00:00+08,TAIPEI_101,161,179,,,153,,,source_only_no_observed_trip,,,18,true,monitor_source_only
2025-10-23 07:00:00+08,TAIPEI_MAIN,111,175,1,1,1,0,12.0,observed,1.0,0.0,64,true,increase_supply_or_pause_send
2025-10-23 07:00:00+08,TPE_AIRPORT,102,145,13,12,11,2,18.0,observed,0.9230769230769231,0.15384615384615385,43,true,increase_supply_or_pause_send
2025-10-23 07:00:00+08,XIMENDING,88,164,,,120,,,source_only_no_observed_trip,,,76,true,monitor_source_only
2025-10-23 08:00:00+08,TAIPEI_101,183,190,1,1,1,0,14.0,observed,1.0,0.0,7,true,monitor
2025-10-23 08:00:00+08,TAIPEI_MAIN,119,202,,,172,,,source_only_no_observed_trip,,,83,true,monitor_source_only
2025-10-23 08:00:00+08,TPE_AIRPORT,59,216,11,11,11,0,20.0,observed,1.0,0.0,157,true,increase_supply_or_pause_send
2025-10-23 08:00:00+08,XIMENDING,156,177,3,3,3,0,18.8,observed,1.0,0.0,21,true,increase_supply_or_pause_send
2025-10-23 09:00:00+08,TAIPEI_101,154,115,2,2,2,0,16.5,observed,1.0,0.0,-39,true,monitor
2025-10-23 09:00:00+08,TAIPEI_MAIN,183,146,2,2,2,0,23.900000000000002,observed,1.0,0.0,-37,true,review_pickup_reliability
2025-10-23 09:00:00+08,TPE_AIRPORT,97,35,5,4,3,2,23.200000000000003,observed,0.8,0.4,-62,true,review_pickup_reliability
2025-10-23 09:00:00+08,XIMENDING,147,92,,,82,,,source_only_no_observed_trip,,,-55,true,monitor_source_only
2025-10-23 10:00:00+08,TAIPEI_101,168,133,,,105,,,source_only_no_observed_trip,,,-35,true,monitor_source_only
2025-10-23 10:00:00+08,TAIPEI_MAIN,173,108,,,91,,,source_only_no_observed_trip,,,-65,true,monitor_source_only
2025-10-23 10:00:00+08,TPE_AIRPORT,99,87,7,6,5,2,19.8,observed,0.8571428571428571,0.2857142857142857,-12,true,monitor
2025-10-23 10:00:00+08,XIMENDING,145,131,2,2,2,0,17.599999999999998,observed,1.0,0.0,-14,true,monitor
2025-10-23 11:00:00+08,TAIPEI_101,176,126,,,107,,,source_only_no_observed_trip,,,-50,true,monitor_source_only
2025-10-23 11:00:00+08,TAIPEI_MAIN,154,51,,,46,,,source_only_no_observed_trip,,,-103,true,monitor_source_only
2025-10-23 11:00:00+08,TPE_AIRPORT,104,110,7,5,5,2,20.0,observed,0.7142857142857143,0.2857142857142857,6,true,monitor
2025-10-23 11:00:00+08,XIMENDING,160,101,,,90,,,source_only_no_observed_trip,,,-59,true,monitor_source_only
2025-10-23 12:00:00+08,TAIPEI_101,161,141,,,112,,,source_only_no_observed_trip,,,-20,true,monitor_source_only
2025-10-23 12:00:00+08,TAIPEI_MAIN,157,108,1,1,1,0,17.0,observed,1.0,0.0,-49,true,monitor
2025-10-23 12:00:00+08,TPE_AIRPORT,123,68,4,4,4,0,21.200000000000003,observed,1.0,0.0,-55,true,review_pickup_reliability
2025-10-23 12:00:00+08,XIMENDING,183,141,,,103,,,source_only_no_observed_trip,,,-42,true,monitor_source_only
2025-10-23 13:00:00+08,TAIPEI_101,134,101,,,87,,,source_only_no_observed_trip,,,-33,true,monitor_source_only
2025-10-23 13:00:00+08,TAIPEI_MAIN,159,93,,,84,,,source_only_no_observed_trip,,,-66,true,monitor_source_only
2025-10-23 13:00:00+08,TPE_AIRPORT,142,85,3,3,3,0,23.6,observed,1.0,0.0,-57,true,review_pickup_reliability
2025-10-23 13:00:00+08,XIMENDING,184,101,1,1,1,0,16.0,observed,1.0,0.0,-83,true,monitor
2025-10-23 14:00:00+08,TAIPEI_101,162,117,,,91,,,source_only_no_observed_trip,,,-45,true,monitor_source_only
2025-10-23 14:00:00+08,TAIPEI_MAIN,159,142,,,119,,,source_only_no_observed_trip,,,-17,true,monitor_source_only
2025-10-23 14:00:00+08,TPE_AIRPORT,96,54,4,3,2,2,13.6,observed,0.75,0.5,-42,true,monitor
2025-10-23 14:00:00+08,XIMENDING,154,80,,,65,,,source_only_no_observed_trip,,,-74,true,monitor_source_only
2025-10-23 15:00:00+08,TAIPEI_101,163,96,1,1,1,0,16.0,observed,1.0,0.0,-67,true,monitor
2025-10-23 15:00:00+08,TAIPEI_MAIN,156,140,,,114,,,source_only_no_observed_trip,,,-16,true,monitor_source_only
2025-10-23 15:00:00+08,TPE_AIRPORT,106,49,5,5,4,1,15.100000000000001,observed,1.0,0.2,-57,true,monitor
2025-10-23 15:00:00+08,XIMENDING,143,123,2,2,2,0,16.5,observed,1.0,0.0,-20,true,monitor
2025-10-23 16:00:00+08,TAIPEI_101,166,134,1,1,1,0,20.0,observed,1.0,0.0,-32,true,monitor
2025-10-23 16:00:00+08,TAIPEI_MAIN,160,101,,,77,,,source_only_no_observed_trip,,,-59,true,monitor_source_only
2025-10-23 16:00:00+08,TPE_AIRPORT,86,93,3,3,3,0,15.600000000000001,observed,1.0,0.0,7,true,monitor
2025-10-23 16:00:00+08,XIMENDING,150,126,,,102,,,source_only_no_observed_trip,,,-24,true,monitor_source_only
2025-10-23 17:00:00+08,TAIPEI_101,181,158,,,117,,,source_only_no_observed_trip,,,-23,true,monitor_source_only
2025-10-23 17:00:00+08,TAIPEI_MAIN,157,105,2,2,2,0,13.399999999999999,observed,1.0,0.0,-52,true,monitor
2025-10-23 17:00:00+08,TPE_AIRPORT,138,75,8,8,8,0,17.5,observed,1.0,0.0,-63,true,monitor
2025-10-23 17:00:00+08,XIMENDING,183,146,,,106,,,source_only_no_observed_trip,,,-37,true,monitor_source_only
2025-10-23 18:00:00+08,TAIPEI_101,150,101,,,74,,,source_only_no_observed_trip,,,-49,true,monitor_source_only
2025-10-23 18:00:00+08,TAIPEI_MAIN,146,109,1,1,1,0,10.0,observed,1.0,0.0,-37,true,monitor
2025-10-23 18:00:00+08,TPE_AIRPORT,85,96,3,3,3,0,19.2,observed,1.0,0.0,11,true,monitor
2025-10-23 18:00:00+08,XIMENDING,183,139,1,1,1,0,15.0,observed,1.0,0.0,-44,true,monitor
2025-10-23 19:00:00+08,TAIPEI_101,161,109,2,2,2,0,10.9,observed,1.0,0.0,-52,true,monitor
2025-10-23 19:00:00+08,TAIPEI_MAIN,156,125,1,1,1,0,16.0,observed,1.0,0.0,-31,true,monitor
2025-10-23 19:00:00+08,TPE_AIRPORT,99,104,3,3,3,0,19.8,observed,1.0,0.0,5,true,monitor
2025-10-23 19:00:00+08,XIMENDING,174,137,1,1,1,0,7.0,observed,1.0,0.0,-37,true,monitor
2025-10-23 20:00:00+08,TAIPEI_101,156,166,3,3,3,0,19.8,observed,1.0,0.0,10,true,monitor
2025-10-23 20:00:00+08,TAIPEI_MAIN,156,174,,,130,,,source_only_no_observed_trip,,,18,true,monitor_source_only
2025-10-23 20:00:00+08,TPE_AIRPORT,41,130,2,2,2,0,15.6,observed,1.0,0.0,89,true,increase_supply_or_pause_send
2025-10-23 20:00:00+08,XIMENDING,143,173,,,130,,,source_only_no_observed_trip,,,30,true,monitor_source_only
2025-10-23 21:00:00+08,TAIPEI_101,131,175,,,135,,,source_only_no_observed_trip,,,44,true,monitor_source_only
2025-10-23 21:00:00+08,TAIPEI_MAIN,126,210,,,178,,,source_only_no_observed_trip,,,84,true,monitor_source_only
2025-10-23 21:00:00+08,TPE_AIRPORT,77,130,6,4,4,2,18.8,observed,0.6666666666666666,0.3333333333333333,53,true,increase_supply_or_pause_send
2025-10-23 21:00:00+08,XIMENDING,164,186,2,2,2,0,13.0,observed,1.0,0.0,22,true,increase_supply_or_pause_send
2025-10-23 22:00:00+08,TAIPEI_101,158,217,1,1,1,0,11.0,observed,1.0,0.0,59,true,increase_supply_or_pause_send
2025-10-23 22:00:00+08,TAIPEI_MAIN,140,186,1,1,1,0,21.0,observed,1.0,0.0,46,true,increase_supply_or_pause_send
2025-10-23 22:00:00+08,TPE_AIRPORT,108,116,4,4,3,1,19.4,observed,1.0,0.25,8,true,monitor
2025-10-23 22:00:00+08,XIMENDING,116,196,1,1,1,0,21.0,observed,1.0,0.0,80,true,increase_supply_or_pause_send
2025-10-23 23:00:00+08,TAIPEI_101,123,180,2,2,1,1,6.0,observed,1.0,0.5,57,true,increase_supply_or_pause_send
2025-10-23 23:00:00+08,TAIPEI_MAIN,119,200,1,1,1,0,14.0,observed,1.0,0.0,81,true,increase_supply_or_pause_send
2025-10-23 23:00:00+08,TPE_AIRPORT,71,145,3,3,3,0,15.000000000000002,observed,1.0,0.0,74,true,increase_supply_or_pause_send
2025-10-23 23:00:00+08,XIMENDING,143,200,,,165,,,source_only_no_observed_trip,,,57,true,monitor_source_only
2025-10-24 00:00:00+08,TAIPEI_101,164,131,1,1,1,0,18.0,observed,1.0,0.0,-33,true,monitor
2025-10-24 00:00:00+08,TAIPEI_MAIN,177,95,1,1,1,0,17.0,observed,1.0,0.0,-82,true,monitor
2025-10-24 00:00:00+08,TPE_AIRPORT,81,81,4,4,3,1,17.2,observed,1.0,0.25,0,true,monitor
2025-10-24 00:00:00+08,XIMENDING,142,111,1,1,1,0,22.0,observed,1.0,0.0,-31,true,review_pickup_reliability
2025-10-24 01:00:00+08,TAIPEI_101,147,158,,,128,,,source_only_no_observed_trip,,,11,true,monitor_source_only
2025-10-24 01:00:00+08,TAIPEI_MAIN,164,120,2,2,2,0,11.600000000000001,observed,1.0,0.0,-44,true,monitor
2025-10-24 01:00:00+08,TPE_AIRPORT,114,64,4,3,3,1,17.0,observed,0.75,0.25,-50,true,monitor
2025-10-24 01:00:00+08,XIMENDING,203,142,,,111,,,source_only_no_observed_trip,,,-61,true,monitor_source_only
2025-10-24 02:00:00+08,TAIPEI_101,158,154,,,123,,,source_only_no_observed_trip,,,-4,true,monitor_source_only
2025-10-24 02:00:00+08,TAIPEI_MAIN,184,78,1,1,1,0,14.0,observed,1.0,0.0,-106,true,monitor
2025-10-24 02:00:00+08,TPE_AIRPORT,94,93,,,75,,,source_only_no_observed_trip,,,-1,true,monitor_source_only
2025-10-24 02:00:00+08,XIMENDING,179,102,2,2,2,0,18.0,observed,1.0,0.0,-77,true,monitor
2025-10-24 03:00:00+08,TAIPEI_101,168,119,1,0,0,1,,observed,0.0,1.0,-49,true,monitor
2025-10-24 03:00:00+08,TAIPEI_MAIN,181,135,,,113,,,source_only_no_observed_trip,,,-46,true,monitor_source_only
2025-10-24 03:00:00+08,TPE_AIRPORT,118,98,3,2,2,1,19.0,observed,0.6666666666666666,0.3333333333333333,-20,true,monitor
2025-10-24 03:00:00+08,XIMENDING,141,148,,,122,,,source_only_no_observed_trip,,,7,true,monitor_source_only
2025-10-24 04:00:00+08,TAIPEI_101,165,96,,,82,,,source_only_no_observed_trip,,,-69,true,monitor_source_only
2025-10-24 04:00:00+08,TAIPEI_MAIN,141,92,,,70,,,source_only_no_observed_trip,,,-49,true,monitor_source_only
2025-10-24 04:00:00+08,TPE_AIRPORT,140,81,4,4,4,0,15.7,observed,1.0,0.0,-59,true,monitor
2025-10-24 04:00:00+08,XIMENDING,172,123,,,107,,,source_only_no_observed_trip,,,-49,true,monitor_source_only
2025-10-24 05:00:00+08,TAIPEI_101,147,172,1,1,1,0,17.0,observed,1.0,0.0,25,true,increase_supply_or_pause_send
2025-10-24 05:00:00+08,TAIPEI_MAIN,145,176,,,144,,,source_only_no_observed_trip,,,31,true,monitor_source_only
2025-10-24 05:00:00+08,TPE_AIRPORT,140,114,3,3,3,0,18.2,observed,1.0,0.0,-26,true,monitor
2025-10-24 05:00:00+08,XIMENDING,119,181,,,131,,,source_only_no_observed_trip,,,62,true,monitor_source_only
2025-10-24 06:00:00+08,TAIPEI_101,130,155,,,128,,,source_only_no_observed_trip,,,25,true,monitor_source_only
2025-10-24 06:00:00+08,TAIPEI_MAIN,128,154,1,1,1,0,16.0,observed,1.0,0.0,26,true,increase_supply_or_pause_send
2025-10-24 06:00:00+08,TPE_AIRPORT,102,104,7,7,7,0,17.8,observed,1.0,0.0,2,true,monitor
2025-10-24 06:00:00+08,XIMENDING,136,174,,,149,,,source_only_no_observed_trip,,,38,true,monitor_source_only
2025-10-24 07:00:00+08,TAIPEI_101,120,190,2,2,1,1,16.0,observed,1.0,0.5,70,true,increase_supply_or_pause_send
2025-10-24 07:00:00+08,TAIPEI_MAIN,113,178,1,1,1,0,18.0,observed,1.0,0.0,65,true,increase_supply_or_pause_send
2025-10-24 07:00:00+08,TPE_AIRPORT,105,143,5,5,5,0,18.0,observed,1.0,0.0,38,true,increase_supply_or_pause_send
2025-10-24 07:00:00+08,XIMENDING,126,192,,,160,,,source_only_no_observed_trip,,,66,true,monitor_source_only
2025-10-24 08:00:00+08,TAIPEI_101,116,176,,,144,,,source_only_no_observed_trip,,,60,true,monitor_source_only
2025-10-24 08:00:00+08,TAIPEI_MAIN,141,186,1,1,1,0,14.0,observed,1.0,0.0,45,true,increase_supply_or_pause_send
2025-10-24 08:00:00+08,TPE_AIRPORT,69,124,6,6,6,0,19.5,observed,1.0,0.0,55,true,increase_supply_or_pause_send
2025-10-24 08:00:00+08,XIMENDING,143,188,3,2,2,1,7.0,observed,0.6666666666666666,0.3333333333333333,45,true,increase_supply_or_pause_send
2025-10-24 09:00:00+08,TAIPEI_101,162,130,5,5,5,0,15.6,observed,1.0,0.0,-32,true,monitor
2025-10-24 09:00:00+08,TAIPEI_MAIN,182,69,1,1,1,0,21.0,observed,1.0,0.0,-113,true,review_pickup_reliability
2025-10-24 09:00:00+08,TPE_AIRPORT,86,94,4,4,3,1,20.4,observed,1.0,0.25,8,true,review_pickup_reliability
2025-10-24 09:00:00+08,XIMENDING,111,105,1,1,1,0,14.0,observed,1.0,0.0,-6,true,monitor
2025-10-24 10:00:00+08,TAIPEI_101,182,119,,,104,,,source_only_no_observed_trip,,,-63,true,monitor_source_only
2025-10-24 10:00:00+08,TAIPEI_MAIN,145,98,1,1,1,0,8.0,observed,1.0,0.0,-47,true,monitor
2025-10-24 10:00:00+08,TPE_AIRPORT,88,57,13,13,13,0,21.0,observed,1.0,0.0,-31,true,review_pickup_reliability
2025-10-24 10:00:00+08,XIMENDING,131,125,,,113,,,source_only_no_observed_trip,,,-6,true,monitor_source_only
2025-10-24 11:00:00+08,TAIPEI_101,155,119,1,1,1,0,8.0,observed,1.0,0.0,-36,true,monitor
2025-10-24 11:00:00+08,TAIPEI_MAIN,142,138,,,104,,,source_only_no_observed_trip,,,-4,true,monitor_source_only
2025-10-24 11:00:00+08,TPE_AIRPORT,135,66,6,6,6,0,14.0,observed,1.0,0.0,-69,true,monitor
2025-10-24 11:00:00+08,XIMENDING,177,102,2,2,2,0,14.0,observed,1.0,0.0,-75,true,monitor
2025-10-24 12:00:00+08,TAIPEI_101,188,86,1,1,1,0,6.0,observed,1.0,0.0,-102,true,monitor
2025-10-24 12:00:00+08,TAIPEI_MAIN,146,111,,,83,,,source_only_no_observed_trip,,,-35,true,monitor_source_only
2025-10-24 12:00:00+08,TPE_AIRPORT,98,72,5,5,5,0,20.6,observed,1.0,0.0,-26,true,review_pickup_reliability
2025-10-24 12:00:00+08,XIMENDING,158,133,,,105,,,source_only_no_observed_trip,,,-25,true,monitor_source_only
2025-10-24 13:00:00+08,TAIPEI_101,173,110,,,86,,,source_only_no_observed_trip,,,-63,true,monitor_source_only
2025-10-24 13:00:00+08,TAIPEI_MAIN,147,108,1,1,1,0,18.0,observed,1.0,0.0,-39,true,monitor
2025-10-24 13:00:00+08,TPE_AIRPORT,117,56,3,2,1,2,19.0,observed,0.6666666666666666,0.6666666666666666,-61,true,monitor
2025-10-24 13:00:00+08,XIMENDING,148,84,,,76,,,source_only_no_observed_trip,,,-64,true,monitor_source_only
2025-10-24 14:00:00+08,TAIPEI_101,167,129,1,1,1,0,15.0,observed,1.0,0.0,-38,true,monitor
2025-10-24 14:00:00+08,TAIPEI_MAIN,179,123,2,2,1,1,22.0,observed,1.0,0.5,-56,true,review_pickup_reliability
2025-10-24 14:00:00+08,TPE_AIRPORT,102,77,1,1,1,0,19.0,observed,1.0,0.0,-25,true,monitor
2025-10-24 14:00:00+08,XIMENDING,168,162,1,1,1,0,20.0,observed,1.0,0.0,-6,true,monitor
2025-10-24 15:00:00+08,TAIPEI_101,139,111,,,82,,,source_only_no_observed_trip,,,-28,true,monitor_source_only
2025-10-24 15:00:00+08,TAIPEI_MAIN,194,108,,,94,,,source_only_no_observed_trip,,,-86,true,monitor_source_only
2025-10-24 15:00:00+08,TPE_AIRPORT,125,52,5,3,3,2,17.8,observed,0.6,0.4,-73,true,monitor
2025-10-24 15:00:00+08,XIMENDING,173,144,,,121,,,source_only_no_observed_trip,,,-29,true,monitor_source_only
2025-10-24 16:00:00+08,TAIPEI_101,177,101,,,78,,,source_only_no_observed_trip,,,-76,true,monitor_source_only
2025-10-24 16:00:00+08,TAIPEI_MAIN,165,81,1,1,1,0,21.0,observed,1.0,0.0,-84,true,review_pickup_reliability
2025-10-24 16:00:00+08,TPE_AIRPORT,113,72,3,3,3,0,18.8,observed,1.0,0.0,-41,true,monitor
2025-10-24 16:00:00+08,XIMENDING,144,108,2,2,2,0,16.6,observed,1.0,0.0,-36,true,monitor
2025-10-24 17:00:00+08,TAIPEI_101,164,100,1,1,1,0,13.0,observed,1.0,0.0,-64,true,monitor
2025-10-24 17:00:00+08,TAIPEI_MAIN,166,137,1,1,1,0,5.0,observed,1.0,0.0,-29,true,monitor
2025-10-24 17:00:00+08,TPE_AIRPORT,120,66,1,1,1,0,19.0,observed,1.0,0.0,-54,true,monitor
2025-10-24 17:00:00+08,XIMENDING,155,122,2,2,1,1,17.0,observed,1.0,0.5,-33,true,monitor
2025-10-24 18:00:00+08,TAIPEI_101,126,138,1,1,1,0,20.0,observed,1.0,0.0,12,true,monitor
2025-10-24 18:00:00+08,TAIPEI_MAIN,168,141,1,1,0,1,,observed,1.0,1.0,-27,true,monitor
2025-10-24 18:00:00+08,TPE_AIRPORT,117,76,1,1,1,0,8.0,observed,1.0,0.0,-41,true,monitor
2025-10-24 18:00:00+08,XIMENDING,152,87,,,69,,,source_only_no_observed_trip,,,-65,true,monitor_source_only
2025-10-24 19:00:00+08,TAIPEI_101,180,119,,,98,,,source_only_no_observed_trip,,,-61,true,monitor_source_only
2025-10-24 19:00:00+08,TAIPEI_MAIN,162,161,1,1,1,0,14.0,observed,1.0,0.0,-1,true,monitor
2025-10-24 19:00:00+08,TPE_AIRPORT,113,82,6,6,6,0,17.0,observed,1.0,0.0,-31,true,monitor
2025-10-24 19:00:00+08,XIMENDING,192,124,1,1,1,0,16.0,observed,1.0,0.0,-68,true,monitor
2025-10-24 20:00:00+08,TAIPEI_101,144,178,2,2,2,0,20.8,observed,1.0,0.0,34,true,increase_supply_or_pause_send
2025-10-24 20:00:00+08,TAIPEI_MAIN,134,218,2,2,2,0,17.599999999999998,observed,1.0,0.0,84,true,increase_supply_or_pause_send
2025-10-24 20:00:00+08,TPE_AIRPORT,86,102,2,2,0,2,,observed,1.0,1.0,16,true,monitor
2025-10-24 20:00:00+08,XIMENDING,166,162,1,1,1,0,18.0,observed,1.0,0.0,-4,true,monitor
2025-10-24 21:00:00+08,TAIPEI_101,111,229,1,1,1,0,20.0,observed,1.0,0.0,118,true,increase_supply_or_pause_send
2025-10-24 21:00:00+08,TAIPEI_MAIN,141,182,,,146,,,source_only_no_observed_trip,,,41,true,monitor_source_only
2025-10-24 21:00:00+08,TPE_AIRPORT,93,115,5,5,3,2,17.8,observed,1.0,0.4,22,true,increase_supply_or_pause_send
2025-10-24 21:00:00+08,XIMENDING,151,205,,,174,,,source_only_no_observed_trip,,,54,true,monitor_source_only
2025-10-24 22:00:00+08,TAIPEI_101,128,188,1,1,1,0,15.0,observed,1.0,0.0,60,true,increase_supply_or_pause_send
2025-10-24 22:00:00+08,TAIPEI_MAIN,118,176,,,145,,,source_only_no_observed_trip,,,58,true,monitor_source_only
2025-10-24 22:00:00+08,TPE_AIRPORT,88,192,2,2,2,0,15.4,observed,1.0,0.0,104,true,increase_supply_or_pause_send
2025-10-24 22:00:00+08,XIMENDING,110,185,,,139,,,source_only_no_observed_trip,,,75,true,monitor_source_only
2025-10-24 23:00:00+08,TAIPEI_101,127,197,,,164,,,source_only_no_observed_trip,,,70,true,monitor_source_only
2025-10-24 23:00:00+08,TAIPEI_MAIN,128,195,2,2,2,0,15.6,observed,1.0,0.0,67,true,increase_supply_or_pause_send
2025-10-24 23:00:00+08,TPE_AIRPORT,98,109,8,8,8,0,15.399999999999999,observed,1.0,0.0,11,true,monitor
2025-10-24 23:00:00+08,XIMENDING,142,187,1,1,1,0,16.0,observed,1.0,0.0,45,true,increase_supply_or_pause_send
2025-10-25 00:00:00+08,TAIPEI_101,166,148,,,129,,,source_only_no_observed_trip,,,-18,true,monitor_source_only
2025-10-25 00:00:00+08,TAIPEI_MAIN,183,100,,,80,,,source_only_no_observed_trip,,,-83,true,monitor_source_only
2025-10-25 00:00:00+08,TPE_AIRPORT,118,75,6,6,6,0,17.5,observed,1.0,0.0,-43,true,monitor
2025-10-25 00:00:00+08,XIMENDING,158,129,1,1,1,0,21.0,observed,1.0,0.0,-29,true,review_pickup_reliability
2025-10-25 01:00:00+08,TAIPEI_101,191,123,1,1,1,0,14.0,observed,1.0,0.0,-68,true,monitor
2025-10-25 01:00:00+08,TAIPEI_MAIN,175,137,1,1,1,0,17.0,observed,1.0,0.0,-38,true,monitor
2025-10-25 01:00:00+08,TPE_AIRPORT,109,64,5,5,5,0,20.6,observed,1.0,0.0,-45,true,review_pickup_reliability
2025-10-25 01:00:00+08,XIMENDING,176,60,,,43,,,source_only_no_observed_trip,,,-116,true,monitor_source_only
2025-10-25 02:00:00+08,TAIPEI_101,171,111,1,1,1,0,8.0,observed,1.0,0.0,-60,true,monitor
2025-10-25 02:00:00+08,TAIPEI_MAIN,174,111,,,100,,,source_only_no_observed_trip,,,-63,true,monitor_source_only
2025-10-25 02:00:00+08,TPE_AIRPORT,100,62,1,1,1,0,19.0,observed,1.0,0.0,-38,true,monitor
2025-10-25 02:00:00+08,XIMENDING,130,112,,,95,,,source_only_no_observed_trip,,,-18,true,monitor_source_only
2025-10-25 03:00:00+08,TAIPEI_101,148,122,,,110,,,source_only_no_observed_trip,,,-26,true,monitor_source_only
2025-10-25 03:00:00+08,TAIPEI_MAIN,153,129,,,106,,,source_only_no_observed_trip,,,-24,true,monitor_source_only
2025-10-25 03:00:00+08,TPE_AIRPORT,82,84,3,3,3,0,17.4,observed,1.0,0.0,2,true,monitor
2025-10-25 03:00:00+08,XIMENDING,154,77,,,56,,,source_only_no_observed_trip,,,-77,true,monitor_source_only
2025-10-25 04:00:00+08,TAIPEI_101,137,103,1,1,1,0,15.0,observed,1.0,0.0,-34,true,monitor
2025-10-25 04:00:00+08,TAIPEI_MAIN,170,126,,,112,,,source_only_no_observed_trip,,,-44,true,monitor_source_only
2025-10-25 04:00:00+08,TPE_AIRPORT,115,108,1,1,1,0,11.0,observed,1.0,0.0,-7,true,monitor
2025-10-25 04:00:00+08,XIMENDING,174,126,2,2,2,0,17.099999999999998,observed,1.0,0.0,-48,true,monitor
2025-10-25 05:00:00+08,TAIPEI_101,137,186,,,139,,,source_only_no_observed_trip,,,49,true,monitor_source_only
2025-10-25 05:00:00+08,TAIPEI_MAIN,124,166,1,1,1,0,19.0,observed,1.0,0.0,42,true,increase_supply_or_pause_send
2025-10-25 05:00:00+08,TPE_AIRPORT,86,111,2,2,2,0,15.6,observed,1.0,0.0,25,true,increase_supply_or_pause_send
2025-10-25 05:00:00+08,XIMENDING,129,186,1,1,1,0,20.0,observed,1.0,0.0,57,true,increase_supply_or_pause_send
2025-10-25 06:00:00+08,TAIPEI_101,151,154,2,1,1,1,15.0,observed,0.5,0.5,3,true,monitor
2025-10-25 06:00:00+08,TAIPEI_MAIN,147,175,,,132,,,source_only_no_observed_trip,,,28,true,monitor_source_only
2025-10-25 06:00:00+08,TPE_AIRPORT,85,125,4,4,4,0,21.4,observed,1.0,0.0,40,true,increase_supply_or_pause_send
2025-10-25 06:00:00+08,XIMENDING,126,145,1,1,1,0,24.0,observed,1.0,0.0,19,true,review_pickup_reliability
2025-10-25 07:00:00+08,TAIPEI_101,100,144,,,116,,,source_only_no_observed_trip,,,44,true,monitor_source_only
2025-10-25 07:00:00+08,TAIPEI_MAIN,139,198,2,2,2,0,14.8,observed,1.0,0.0,59,true,increase_supply_or_pause_send
2025-10-25 07:00:00+08,TPE_AIRPORT,81,103,10,9,8,2,16.5,observed,0.9,0.2,22,true,increase_supply_or_pause_send
2025-10-25 07:00:00+08,XIMENDING,126,175,,,156,,,source_only_no_observed_trip,,,49,true,monitor_source_only
2025-10-25 08:00:00+08,TAIPEI_101,122,184,2,2,2,0,22.9,observed,1.0,0.0,62,true,increase_supply_or_pause_send
2025-10-25 08:00:00+08,TAIPEI_MAIN,126,199,1,1,1,0,12.0,observed,1.0,0.0,73,true,increase_supply_or_pause_send
2025-10-25 08:00:00+08,TPE_AIRPORT,95,139,8,8,8,0,18.9,observed,1.0,0.0,44,true,increase_supply_or_pause_send
2025-10-25 08:00:00+08,XIMENDING,141,191,2,1,1,1,15.0,observed,0.5,0.5,50,true,increase_supply_or_pause_send
2025-10-25 09:00:00+08,TAIPEI_101,184,138,1,1,1,0,9.0,observed,1.0,0.0,-46,true,monitor
2025-10-25 09:00:00+08,TAIPEI_MAIN,161,127,1,1,1,0,15.0,observed,1.0,0.0,-34,true,monitor
2025-10-25 09:00:00+08,TPE_AIRPORT,112,82,7,7,7,0,22.4,observed,1.0,0.0,-30,true,review_pickup_reliability
2025-10-25 09:00:00+08,XIMENDING,170,94,,,74,,,source_only_no_observed_trip,,,-76,true,monitor_source_only
2025-10-25 10:00:00+08,TAIPEI_101,174,149,,,112,,,source_only_no_observed_trip,,,-25,true,monitor_source_only
2025-10-25 10:00:00+08,TAIPEI_MAIN,117,83,1,1,1,0,20.0,observed,1.0,0.0,-34,true,monitor
2025-10-25 10:00:00+08,TPE_AIRPORT,80,63,5,4,4,1,16.200000000000003,observed,0.8,0.2,-17,true,monitor
2025-10-25 10:00:00+08,XIMENDING,190,160,2,2,2,0,13.6,observed,1.0,0.0,-30,true,monitor
2025-10-25 11:00:00+08,TAIPEI_101,163,130,,,109,,,source_only_no_observed_trip,,,-33,true,monitor_source_only
2025-10-25 11:00:00+08,TAIPEI_MAIN,145,137,,,118,,,source_only_no_observed_trip,,,-8,true,monitor_source_only
2025-10-25 11:00:00+08,TPE_AIRPORT,112,73,4,4,4,0,17.7,observed,1.0,0.0,-39,true,monitor
2025-10-25 11:00:00+08,XIMENDING,137,136,1,1,1,0,16.0,observed,1.0,0.0,-1,true,monitor
2025-10-25 12:00:00+08,TAIPEI_101,147,98,,,75,,,source_only_no_observed_trip,,,-49,true,monitor_source_only
2025-10-25 12:00:00+08,TAIPEI_MAIN,159,79,1,1,1,0,7.0,observed,1.0,0.0,-80,true,monitor
2025-10-25 12:00:00+08,TPE_AIRPORT,110,67,4,3,3,1,18.8,observed,0.75,0.25,-43,true,monitor
2025-10-25 12:00:00+08,XIMENDING,175,123,1,1,1,0,12.0,observed,1.0,0.0,-52,true,monitor
2025-10-25 13:00:00+08,TAIPEI_101,163,123,,,107,,,source_only_no_observed_trip,,,-40,true,monitor_source_only
2025-10-25 13:00:00+08,TAIPEI_MAIN,105,135,1,1,1,0,14.0,observed,1.0,0.0,30,true,increase_supply_or_pause_send
2025-10-25 13:00:00+08,TPE_AIRPORT,132,64,1,1,1,0,18.0,observed,1.0,0.0,-68,true,monitor
2025-10-25 13:00:00+08,XIMENDING,163,134,,,99,,,source_only_no_observed_trip,,,-29,true,monitor_source_only
2025-10-25 14:00:00+08,TAIPEI_101,174,107,,,97,,,source_only_no_observed_trip,,,-67,true,monitor_source_only
2025-10-25 14:00:00+08,TAIPEI_MAIN,141,111,1,1,1,0,11.0,observed,1.0,0.0,-30,true,monitor
2025-10-25 14:00:00+08,TPE_AIRPORT,102,50,4,4,4,0,19.1,observed,1.0,0.0,-52,true,monitor
2025-10-25 14:00:00+08,XIMENDING,182,107,1,1,1,0,16.0,observed,1.0,0.0,-75,true,monitor
2025-10-25 15:00:00+08,TAIPEI_101,148,66,,,47,,,source_only_no_observed_trip,,,-82,true,monitor_source_only
2025-10-25 15:00:00+08,TAIPEI_MAIN,139,102,1,1,1,0,8.0,observed,1.0,0.0,-37,true,monitor
2025-10-25 15:00:00+08,TPE_AIRPORT,131,87,2,2,2,0,17.799999999999997,observed,1.0,0.0,-44,true,monitor
2025-10-25 15:00:00+08,XIMENDING,149,98,,,76,,,source_only_no_observed_trip,,,-51,true,monitor_source_only
2025-10-25 16:00:00+08,TAIPEI_101,138,146,,,115,,,source_only_no_observed_trip,,,8,true,monitor_source_only
2025-10-25 16:00:00+08,TAIPEI_MAIN,172,147,1,1,1,0,12.0,observed,1.0,0.0,-25,true,monitor
2025-10-25 16:00:00+08,TPE_AIRPORT,145,70,1,1,1,0,10.0,observed,1.0,0.0,-75,true,monitor
2025-10-25 16:00:00+08,XIMENDING,169,89,1,1,1,0,11.0,observed,1.0,0.0,-80,true,monitor
2025-10-25 17:00:00+08,TAIPEI_101,133,88,,,72,,,source_only_no_observed_trip,,,-45,true,monitor_source_only
2025-10-25 17:00:00+08,TAIPEI_MAIN,166,106,,,95,,,source_only_no_observed_trip,,,-60,true,monitor_source_only
2025-10-25 17:00:00+08,TPE_AIRPORT,111,92,2,2,2,0,12.0,observed,1.0,0.0,-19,true,monitor
2025-10-25 17:00:00+08,XIMENDING,134,115,1,1,1,0,19.0,observed,1.0,0.0,-19,true,monitor
2025-10-25 18:00:00+08,TAIPEI_101,136,108,,,81,,,source_only_no_observed_trip,,,-28,true,monitor_source_only
2025-10-25 18:00:00+08,TAIPEI_MAIN,151,73,,,65,,,source_only_no_observed_trip,,,-78,true,monitor_source_only
2025-10-25 18:00:00+08,TPE_AIRPORT,99,55,6,5,5,1,20.200000000000003,observed,0.8333333333333334,0.16666666666666666,-44,true,review_pickup_reliability
2025-10-25 18:00:00+08,XIMENDING,153,125,1,1,1,0,20.0,observed,1.0,0.0,-28,true,monitor
2025-10-25 19:00:00+08,TAIPEI_101,175,97,3,3,3,0,17.6,observed,1.0,0.0,-78,true,monitor
2025-10-25 19:00:00+08,TAIPEI_MAIN,164,131,1,1,1,0,15.0,observed,1.0,0.0,-33,true,monitor
2025-10-25 19:00:00+08,TPE_AIRPORT,103,84,1,1,0,1,,observed,1.0,1.0,-19,true,monitor
2025-10-25 19:00:00+08,XIMENDING,145,136,1,1,1,0,10.0,observed,1.0,0.0,-9,true,monitor
2025-10-25 20:00:00+08,TAIPEI_101,121,129,2,2,2,0,14.9,observed,1.0,0.0,8,true,monitor
2025-10-25 20:00:00+08,TAIPEI_MAIN,134,139,1,1,1,0,7.0,observed,1.0,0.0,5,true,monitor
2025-10-25 20:00:00+08,TPE_AIRPORT,58,158,4,4,4,0,20.200000000000003,observed,1.0,0.0,100,true,increase_supply_or_pause_send
2025-10-25 20:00:00+08,XIMENDING,130,192,1,1,1,0,18.0,observed,1.0,0.0,62,true,increase_supply_or_pause_send
2025-10-25 21:00:00+08,TAIPEI_101,145,189,,,142,,,source_only_no_observed_trip,,,44,true,monitor_source_only
2025-10-25 21:00:00+08,TAIPEI_MAIN,122,200,,,151,,,source_only_no_observed_trip,,,78,true,monitor_source_only
2025-10-25 21:00:00+08,TPE_AIRPORT,62,132,7,6,6,1,20.5,observed,0.8571428571428571,0.14285714285714285,70,true,increase_supply_or_pause_send
2025-10-25 21:00:00+08,XIMENDING,142,159,1,1,1,0,13.0,observed,1.0,0.0,17,true,monitor
2025-10-25 22:00:00+08,TAIPEI_101,154,194,1,1,1,0,10.0,observed,1.0,0.0,40,true,increase_supply_or_pause_send
2025-10-25 22:00:00+08,TAIPEI_MAIN,160,156,1,1,1,0,18.0,observed,1.0,0.0,-4,true,monitor
2025-10-25 22:00:00+08,TPE_AIRPORT,96,53,12,12,10,2,21.0,observed,1.0,0.16666666666666666,-43,true,review_pickup_reliability
2025-10-25 22:00:00+08,XIMENDING,133,189,,,167,,,source_only_no_observed_trip,,,56,true,monitor_source_only
2025-10-25 23:00:00+08,TAIPEI_101,157,184,,,166,,,source_only_no_observed_trip,,,27,true,monitor_source_only
2025-10-25 23:00:00+08,TAIPEI_MAIN,136,181,,,136,,,source_only_no_observed_trip,,,45,true,monitor_source_only
2025-10-25 23:00:00+08,TPE_AIRPORT,73,126,8,8,8,0,19.9,observed,1.0,0.0,53,true,increase_supply_or_pause_send
2025-10-25 23:00:00+08,XIMENDING,160,154,,,122,,,source_only_no_observed_trip,,,-6,true,monitor_source_only
2025-10-26 00:00:00+08,TAIPEI_101,144,96,1,1,0,1,,observed,1.0,1.0,-48,true,monitor
2025-10-26 00:00:00+08,TAIPEI_MAIN,159,121,2,2,2,0,15.3,observed,1.0,0.0,-38,true,monitor
2025-10-26 00:00:00+08,TPE_AIRPORT,94,100,7,7,7,0,18.8,observed,1.0,0.0,6,true,monitor
2025-10-26 00:00:00+08,XIMENDING,140,99,1,1,1,0,19.0,observed,1.0,0.0,-41,true,monitor
2025-10-26 01:00:00+08,TAIPEI_101,140,160,,,138,,,source_only_no_observed_trip,,,20,true,monitor_source_only
2025-10-26 01:00:00+08,TAIPEI_MAIN,146,108,,,97,,,source_only_no_observed_trip,,,-38,true,monitor_source_only
2025-10-26 01:00:00+08,TPE_AIRPORT,118,86,2,2,2,0,18.6,observed,1.0,0.0,-32,true,monitor
2025-10-26 01:00:00+08,XIMENDING,157,126,1,1,1,0,19.0,observed,1.0,0.0,-31,true,monitor
2025-10-26 02:00:00+08,TAIPEI_101,187,160,,,136,,,source_only_no_observed_trip,,,-27,true,monitor_source_only
2025-10-26 02:00:00+08,TAIPEI_MAIN,166,134,1,1,1,0,8.0,observed,1.0,0.0,-32,true,monitor
2025-10-26 02:00:00+08,TPE_AIRPORT,96,76,2,2,2,0,17.799999999999997,observed,1.0,0.0,-20,true,monitor
2025-10-26 02:00:00+08,XIMENDING,144,104,3,3,2,1,13.5,observed,1.0,0.3333333333333333,-40,true,monitor
2025-10-26 03:00:00+08,TAIPEI_101,157,138,1,1,1,0,14.0,observed,1.0,0.0,-19,true,monitor
2025-10-26 03:00:00+08,TAIPEI_MAIN,158,123,,,97,,,source_only_no_observed_trip,,,-35,true,monitor_source_only
2025-10-26 03:00:00+08,TPE_AIRPORT,101,83,1,0,0,1,,observed,0.0,1.0,-18,true,monitor
2025-10-26 03:00:00+08,XIMENDING,152,89,,,73,,,source_only_no_observed_trip,,,-63,true,monitor_source_only
2025-10-26 04:00:00+08,TAIPEI_101,153,90,,,74,,,source_only_no_observed_trip,,,-63,true,monitor_source_only
2025-10-26 04:00:00+08,TAIPEI_MAIN,133,86,,,71,,,source_only_no_observed_trip,,,-47,true,monitor_source_only
2025-10-26 04:00:00+08,TPE_AIRPORT,92,68,3,3,3,0,18.4,observed,1.0,0.0,-24,true,monitor
2025-10-26 04:00:00+08,XIMENDING,153,125,2,2,2,0,16.5,observed,1.0,0.0,-28,true,monitor
2025-10-26 05:00:00+08,TAIPEI_101,115,170,1,1,1,0,14.0,observed,1.0,0.0,55,true,increase_supply_or_pause_send
2025-10-26 05:00:00+08,TAIPEI_MAIN,113,209,1,1,1,0,16.0,observed,1.0,0.0,96,true,increase_supply_or_pause_send
2025-10-26 05:00:00+08,TPE_AIRPORT,82,146,7,7,6,1,15.0,observed,1.0,0.14285714285714285,64,true,increase_supply_or_pause_send
2025-10-26 05:00:00+08,XIMENDING,115,224,2,2,2,0,17.599999999999998,observed,1.0,0.0,109,true,increase_supply_or_pause_send
2025-10-26 06:00:00+08,TAIPEI_101,175,203,2,2,2,0,13.899999999999999,observed,1.0,0.0,28,true,increase_supply_or_pause_send
2025-10-26 06:00:00+08,TAIPEI_MAIN,113,192,,,138,,,source_only_no_observed_trip,,,79,true,monitor_source_only
2025-10-26 06:00:00+08,TPE_AIRPORT,85,132,9,7,7,2,16.200000000000003,observed,0.7777777777777778,0.2222222222222222,47,true,increase_supply_or_pause_send
2025-10-26 06:00:00+08,XIMENDING,135,223,,,199,,,source_only_no_observed_trip,,,88,true,monitor_source_only
2025-10-26 07:00:00+08,TAIPEI_101,147,143,,,111,,,source_only_no_observed_trip,,,-4,true,monitor_source_only
2025-10-26 07:00:00+08,TAIPEI_MAIN,120,194,,,171,,,source_only_no_observed_trip,,,74,true,monitor_source_only
2025-10-26 07:00:00+08,TPE_AIRPORT,81,148,3,3,3,0,18.6,observed,1.0,0.0,67,true,increase_supply_or_pause_send
2025-10-26 07:00:00+08,XIMENDING,113,179,,,138,,,source_only_no_observed_trip,,,66,true,monitor_source_only
2025-10-26 08:00:00+08,TAIPEI_101,127,203,1,1,1,0,22.0,observed,1.0,0.0,76,true,increase_supply_or_pause_send
2025-10-26 08:00:00+08,TAIPEI_MAIN,123,185,,,146,,,source_only_no_observed_trip,,,62,true,monitor_source_only
2025-10-26 08:00:00+08,TPE_AIRPORT,82,121,7,6,6,1,18.5,observed,0.8571428571428571,0.14285714285714285,39,true,increase_supply_or_pause_send
2025-10-26 08:00:00+08,XIMENDING,156,208,1,1,1,0,22.0,observed,1.0,0.0,52,true,increase_supply_or_pause_send
2025-10-26 09:00:00+08,TAIPEI_101,150,92,3,3,3,0,19.0,observed,1.0,0.0,-58,true,monitor
2025-10-26 09:00:00+08,TAIPEI_MAIN,167,102,2,2,2,0,18.3,observed,1.0,0.0,-65,true,monitor
2025-10-26 09:00:00+08,TPE_AIRPORT,81,62,5,5,5,0,19.2,observed,1.0,0.0,-19,true,monitor
2025-10-26 09:00:00+08,XIMENDING,199,136,,,120,,,source_only_no_observed_trip,,,-63,true,monitor_source_only
2025-10-26 10:00:00+08,TAIPEI_101,140,128,,,113,,,source_only_no_observed_trip,,,-12,true,monitor_source_only
2025-10-26 10:00:00+08,TAIPEI_MAIN,179,152,1,1,1,0,17.0,observed,1.0,0.0,-27,true,monitor
2025-10-26 10:00:00+08,TPE_AIRPORT,102,94,8,8,8,0,19.6,observed,1.0,0.0,-8,true,monitor
2025-10-26 10:00:00+08,XIMENDING,156,148,1,1,1,0,11.0,observed,1.0,0.0,-8,true,monitor
2025-10-26 11:00:00+08,TAIPEI_101,162,85,,,71,,,source_only_no_observed_trip,,,-77,true,monitor_source_only
2025-10-26 11:00:00+08,TAIPEI_MAIN,193,91,,,73,,,source_only_no_observed_trip,,,-102,true,monitor_source_only
2025-10-26 11:00:00+08,TPE_AIRPORT,105,60,8,8,7,1,19.4,observed,1.0,0.125,-45,true,monitor
2025-10-26 11:00:00+08,XIMENDING,194,167,,,129,,,source_only_no_observed_trip,,,-27,true,monitor_source_only
2025-10-26 12:00:00+08,TAIPEI_101,162,97,1,1,1,0,21.0,observed,1.0,0.0,-65,true,review_pickup_reliability
2025-10-26 12:00:00+08,TAIPEI_MAIN,142,90,,,74,,,source_only_no_observed_trip,,,-52,true,monitor_source_only
2025-10-26 12:00:00+08,TPE_AIRPORT,120,104,1,1,1,0,15.0,observed,1.0,0.0,-16,true,monitor
2025-10-26 12:00:00+08,XIMENDING,174,108,,,96,,,source_only_no_observed_trip,,,-66,true,monitor_source_only
2025-10-26 13:00:00+08,TAIPEI_101,180,112,,,91,,,source_only_no_observed_trip,,,-68,true,monitor_source_only
2025-10-26 13:00:00+08,TAIPEI_MAIN,152,120,1,1,1,0,10.0,observed,1.0,0.0,-32,true,monitor
2025-10-26 13:00:00+08,TPE_AIRPORT,98,78,3,3,3,0,15.2,observed,1.0,0.0,-20,true,monitor
2025-10-26 13:00:00+08,XIMENDING,152,142,,,117,,,source_only_no_observed_trip,,,-10,true,monitor_source_only
2025-10-26 14:00:00+08,TAIPEI_101,166,79,,,67,,,source_only_no_observed_trip,,,-87,true,monitor_source_only
2025-10-26 14:00:00+08,TAIPEI_MAIN,171,114,,,85,,,source_only_no_observed_trip,,,-57,true,monitor_source_only
2025-10-26 14:00:00+08,TPE_AIRPORT,102,75,2,2,2,0,15.5,observed,1.0,0.0,-27,true,monitor
2025-10-26 14:00:00+08,XIMENDING,188,114,,,84,,,source_only_no_observed_trip,,,-74,true,monitor_source_only
2025-10-26 15:00:00+08,TAIPEI_101,152,142,1,1,1,0,12.0,observed,1.0,0.0,-10,true,monitor
2025-10-26 15:00:00+08,TAIPEI_MAIN,156,94,,,75,,,source_only_no_observed_trip,,,-62,true,monitor_source_only
2025-10-26 15:00:00+08,TPE_AIRPORT,118,113,7,7,7,0,21.4,observed,1.0,0.0,-5,true,review_pickup_reliability
2025-10-26 15:00:00+08,XIMENDING,173,103,1,1,1,0,17.0,observed,1.0,0.0,-70,true,monitor
2025-10-26 16:00:00+08,TAIPEI_101,151,78,,,58,,,source_only_no_observed_trip,,,-73,true,monitor_source_only
2025-10-26 16:00:00+08,TAIPEI_MAIN,115,101,2,2,2,0,22.7,observed,1.0,0.0,-14,true,review_pickup_reliability
2025-10-26 16:00:00+08,TPE_AIRPORT,132,111,3,2,2,1,11.0,observed,0.6666666666666666,0.3333333333333333,-21,true,monitor
2025-10-26 16:00:00+08,XIMENDING,142,90,,,71,,,source_only_no_observed_trip,,,-52,true,monitor_source_only
2025-10-26 17:00:00+08,TAIPEI_101,142,105,4,4,4,0,16.5,observed,1.0,0.0,-37,true,monitor
2025-10-26 17:00:00+08,TAIPEI_MAIN,176,125,,,95,,,source_only_no_observed_trip,,,-51,true,monitor_source_only
2025-10-26 17:00:00+08,TPE_AIRPORT,91,73,2,2,2,0,12.4,observed,1.0,0.0,-18,true,monitor
2025-10-26 17:00:00+08,XIMENDING,160,137,2,2,2,0,16.7,observed,1.0,0.0,-23,true,monitor
2025-10-26 18:00:00+08,TAIPEI_101,135,122,1,1,0,1,,observed,1.0,1.0,-13,true,monitor
2025-10-26 18:00:00+08,TAIPEI_MAIN,163,88,2,2,1,1,17.0,observed,1.0,0.5,-75,true,monitor
2025-10-26 18:00:00+08,TPE_AIRPORT,130,73,2,2,2,0,13.5,observed,1.0,0.0,-57,true,monitor
2025-10-26 18:00:00+08,XIMENDING,126,105,,,76,,,source_only_no_observed_trip,,,-21,true,monitor_source_only
2025-10-26 19:00:00+08,TAIPEI_101,168,90,4,3,3,1,18.8,observed,0.75,0.25,-78,true,monitor
2025-10-26 19:00:00+08,TAIPEI_MAIN,126,114,,,88,,,source_only_no_observed_trip,,,-12,true,monitor_source_only
2025-10-26 19:00:00+08,TPE_AIRPORT,121,121,4,4,4,0,21.4,observed,1.0,0.0,0,true,review_pickup_reliability
2025-10-26 19:00:00+08,XIMENDING,187,131,3,2,2,1,17.7,observed,0.6666666666666666,0.3333333333333333,-56,true,monitor
2025-10-26 20:00:00+08,TAIPEI_101,135,190,,,139,,,source_only_no_observed_trip,,,55,true,monitor_source_only
2025-10-26 20:00:00+08,TAIPEI_MAIN,127,199,4,2,2,2,19.0,observed,0.5,0.5,72,true,increase_supply_or_pause_send
2025-10-26 20:00:00+08,TPE_AIRPORT,64,143,3,3,3,0,18.0,observed,1.0,0.0,79,true,increase_supply_or_pause_send
2025-10-26 20:00:00+08,XIMENDING,177,203,,,154,,,source_only_no_observed_trip,,,26,true,monitor_source_only
2025-10-26 21:00:00+08,TAIPEI_101,135,174,,,155,,,source_only_no_observed_trip,,,39,true,monitor_source_only
2025-10-26 21:00:00+08,TAIPEI_MAIN,114,196,1,1,1,0,12.0,observed,1.0,0.0,82,true,increase_supply_or_pause_send
2025-10-26 21:00:00+08,TPE_AIRPORT,72,85,4,3,3,1,12.8,observed,0.75,0.25,13,true,monitor
2025-10-26 21:00:00+08,XIMENDING,128,152,,,116,,,source_only_no_observed_trip,,,24,true,monitor_source_only
2025-10-26 22:00:00+08,TAIPEI_101,137,141,2,2,2,0,17.9,observed,1.0,0.0,4,true,monitor
2025-10-26 22:00:00+08,TAIPEI_MAIN,142,194,1,1,1,0,16.0,observed,1.0,0.0,52,true,increase_supply_or_pause_send
2025-10-26 22:00:00+08,TPE_AIRPORT,61,155,7,6,5,2,19.2,observed,0.8571428571428571,0.2857142857142857,94,true,increase_supply_or_pause_send
2025-10-26 22:00:00+08,XIMENDING,131,195,,,149,,,source_only_no_observed_trip,,,64,true,monitor_source_only
2025-10-26 23:00:00+08,TAIPEI_101,116,153,2,2,2,0,15.4,observed,1.0,0.0,37,true,increase_supply_or_pause_send
2025-10-26 23:00:00+08,TAIPEI_MAIN,146,184,1,1,1,0,9.0,observed,1.0,0.0,38,true,increase_supply_or_pause_send
2025-10-26 23:00:00+08,TPE_AIRPORT,99,72,3,3,3,0,19.599999999999998,observed,1.0,0.0,-27,true,monitor
2025-10-26 23:00:00+08,XIMENDING,131,161,1,1,1,0,6.0,observed,1.0,0.0,30,true,increase_supply_or_pause_send
